geo_code,geo_name,birthplace_uk_per1000,birthplace_poland_per1000,birthplace_india_per1000,birthplace_other_eu27_per1000,birthplace_rest_of_world_per1000,catholic_per1000,no_religion_per1000,white_irish_traveller_per1000,asian_or_asian_irish_per1000,black_or_black_irish_per1000,other_white_per1000,irish_speaker_per1000
06698531-f7f7-4058-a15f-7d455ef0dd94,KILLINAGH/TEEBANE,153.84615384615387,0.0,0.0,20.97902097902098,27.972027972027973,791.6666666666666,145.83333333333334,0.0,0.0,0.0,76.92307692307693,394.16058394160586
2ae19629-16a3-13a3-e055-000000000001,BALLYBROPHY,45.04504504504504,0.0,0.0,31.531531531531527,9.00900900900901,843.0493273542601,62.780269058295964,4.504504504504505,0.0,0.0,58.55855855855856,404.6511627906977
2ae19629-16a6-13a3-e055-000000000001,BALLYLEHANE,49.504950495049506,19.801980198019802,0.0,14.85148514851485,14.85148514851485,822.6600985221675,73.89162561576356,0.0,4.9504950495049505,0.0,59.4059405940594,398.989898989899
2ae19629-16b6-13a3-e055-000000000001,DANGANS,32.36459709379128,25.09907529722589,2.642007926023778,19.815059445178335,66.05019815059445,734.9081364829397,103.01837270341207,28.401585204755616,9.247027741083224,60.10568031704095,75.29722589167767,351.663272233537
2ae19629-16cb-13a3-e055-000000000001,KILLABBAN,42.0353982300885,13.274336283185841,0.0,11.061946902654867,6.6371681415929205,820.1754385964912,85.52631578947368,0.0,2.2123893805309733,2.2123893805309733,37.61061946902655,405.0343249427917
2ae19629-16d1-13a3-e055-000000000001,DUNMORE,52.816901408450704,7.042253521126761,0.0,10.56338028169014,21.12676056338028,806.3380281690141,59.859154929577464,0.0,0.0,0.0,49.29577464788732,431.65467625899277
2ae19629-16d5-13a3-e055-000000000001,ERRILL,39.81264637002342,2.34192037470726,0.0,14.05152224824356,11.7096018735363,902.0979020979021,55.94405594405595,7.02576112412178,0.0,0.0,30.44496487119438,406.69856459330146
2ae19629-16d6-13a3-e055-000000000001,FARNANS,38.46153846153847,19.230769230769234,0.0,4.807692307692308,19.230769230769234,826.9230769230769,38.46153846153847,0.0,0.0,4.807692307692308,43.26923076923077,422.8855721393035
23519126-bd85-4c40-a1e2-26c5d2b7e51c,ARIGNA/DRUMKEERAN/KILLARGA,139.11620294599018,8.183306055646481,0.0,19.639934533551553,18.00327332242226,833.3333333333334,110.03236245954692,0.0,4.909983633387888,1.6366612111292964,93.28968903436989,341.6252072968491
2ae19629-16a2-13a3-e055-000000000001,BALLYBRITTAS,57.21889554224884,3.32667997338656,5.322687957418497,11.976047904191617,29.940119760479043,778.9473684210526,117.10526315789474,3.32667997338656,12.641383898868929,3.992015968063872,41.91616766467065,487.0572207084469
2ae19629-16a7-13a3-e055-000000000001,BALLYLYNAN,52.700922266139656,9.22266139657444,0.0,19.76284584980237,21.73913043478261,820.5631958087754,91.68303863785201,0.6587615283267457,3.952569169960474,11.857707509881422,45.45454545454545,405.1665533650578
2ae19629-16af-13a3-e055-000000000001,BALLYROAN,43.77104377104377,8.417508417508417,1.6835016835016834,10.101010101010102,13.468013468013467,829.002514668902,77.95473595976529,0.8417508417508417,1.6835016835016834,3.3670033670033668,40.40404040404041,448.15465729349734
2ae19629-16b0-13a3-e055-000000000001,BARROWHOUSE,64.07766990291262,1.941747572815534,0.0,1.941747572815534,13.592233009708737,864.8648648648649,81.08108108108108,0.0,0.0,0.0,36.89320388349515,499.009900990099
2ae19629-16b1-13a3-e055-000000000001,BLANDSFORT,42.42424242424243,0.0,0.0,12.121212121212121,6.0606060606060606,813.6094674556214,68.04733727810651,0.0,3.0303030303030303,0.0,15.151515151515152,422.0183486238532
2ae19629-16ba-13a3-e055-000000000001,BORRIS-in-OSSORY,39.80099502487562,17.910447761194032,1.990049751243781,35.820895522388064,29.850746268656717,806.3241106719368,63.241106719367586,18.90547263681592,7.960199004975124,15.920398009950247,90.54726368159204,343.4873949579832
2ae19629-16c2-13a3-e055-000000000001,CLASH,41.0958904109589,0.0,0.0,10.95890410958904,19.178082191780824,846.7741935483871,51.075268817204304,5.47945205479452,2.73972602739726,13.698630136986301,35.61643835616438,374.6556473829201
21a09083-a130-47d2-8690-23338d5ecf18,CASTLETOWN (NORTH),81.70411438576014,7.003209804493727,2.6262036766851473,38.225853516194924,71.19929967901956,703.2201914708443,89.93327531186539,13.131018383425737,14.881820834549169,64.19608987452582,63.02888824044353,265.3305414298534
2ae19629-16a1-13a3-e055-000000000001,BALLYADAMS,59.770114942528735,0.0,2.2988505747126435,9.195402298850574,25.28735632183908,826.0869565217391,102.97482837528604,0.0,0.0,0.0,36.7816091954023,411.7647058823529
2ae19629-16a9-13a3-e055-000000000001,AGHMACART,40.106951871657756,8.02139037433155,0.0,13.368983957219251,16.0427807486631,835.5437665782493,53.05039787798409,0.0,5.347593582887701,2.6737967914438503,34.75935828877005,476.58402203856747
2ae19629-16aa-13a3-e055-000000000001,ARDERIN,37.93103448275862,0.0,0.0,34.48275862068965,6.896551724137931,845.8904109589041,61.64383561643835,0.0,0.0,0.0,48.275862068965516,442.0289855072464
2ae19629-16b3-13a3-e055-000000000001,CULLAHILL,16.666666666666668,0.0,0.0,11.11111111111111,19.444444444444446,878.4530386740331,55.248618784530386,0.0,5.555555555555555,2.7777777777777777,25.0,522.8571428571429
2ae19629-16bc-13a3-e055-000000000001,CAHER,83.33333333333333,0.0,0.0,0.0,9.25925925925926,879.6296296296297,37.03703703703704,0.0,0.0,0.0,18.51851851851852,490.74074074074076
2ae19629-16c3-13a3-e055-000000000001,CLONASLEE,55.67226890756303,1.050420168067227,0.0,3.1512605042016806,10.504201680672269,866.8763102725367,60.79664570230608,8.403361344537815,0.0,0.0,19.95798319327731,359.3073593073593
2ae19629-16c5-13a3-e055-000000000001,CLONIN,41.84100418410041,4.184100418410042,0.0,20.920502092050206,20.920502092050206,835.3909465020575,20.5761316872428,4.184100418410042,0.0,0.0,54.39330543933055,415.2542372881356
2ae19629-16a5-13a3-e055-000000000001,BALLYFIN,37.142857142857146,2.857142857142857,0.0,17.142857142857142,11.428571428571429,805.9071729957807,68.91701828410689,0.0,0.0,0.0,20.0,470.6744868035191
2ae19629-16a8-13a3-e055-000000000001,ABBEYLEIX,62.83783783783783,8.108108108108109,2.027027027027027,18.91891891891892,34.45945945945946,740.8526351124538,122.1886539107083,3.040540540540541,11.14864864864865,13.175675675675677,58.445945945945944,396.2526023594726
2ae19629-16b4-13a3-e055-000000000001,CULLENAGH,33.333333333333336,0.0,0.0,20.0,13.333333333333334,728.476821192053,92.71523178807948,0.0,0.0,6.666666666666667,33.333333333333336,409.3959731543624
2ae19629-16b7-13a3-e055-000000000001,DONAGHMORE,55.14705882352941,0.0,0.0,29.41176470588235,14.705882352941176,816.8498168498169,87.91208791208791,0.0,0.0,3.676470588235294,62.5,356.87732342007433
2ae19629-16b9-13a3-e055-000000000001,DOONANE,56.87203791469194,14.218009478672984,0.0,22.511848341232227,14.218009478672984,864.9289099526067,75.82938388625593,7.109004739336492,2.3696682464454977,4.739336492890995,61.611374407582936,366.42156862745094
2ae19629-16be-13a3-e055-000000000001,CAPPALOUGH,30.555555555555554,2.7777777777777777,0.0,8.333333333333334,5.555555555555555,831.0249307479224,83.10249307479224,0.0,0.0,0.0,36.11111111111111,464.7887323943662
2ae19629-16bf-13a3-e055-000000000001,CARDTOWN,23.668639053254438,5.9171597633136095,0.0,11.834319526627219,23.668639053254438,810.6508875739645,35.50295857988166,0.0,0.0,29.585798816568047,17.75147928994083,466.6666666666667
2ae19629-16c0-13a3-e055-000000000001,CASTLECUFFE,50.35971223021583,0.0,0.0,9.592326139088728,7.194244604316547,914.8936170212766,44.917257683215134,0.0,0.0,2.398081534772182,21.58273381294964,370.7317073170732
268c20e2-7574-4e64-ac7a-9383e368fcb7,DERRYLEA/DERRYCUNLAGH,133.7579617834395,19.108280254777068,0.0,22.292993630573246,63.69426751592356,723.2704402515723,160.37735849056602,0.0,3.1847133757961785,0.0,101.91082802547771,402.555910543131
2ae19629-16ae-13a3-e055-000000000001,BALLINAKILL,56.2874251497006,5.9880239520958085,0.0,9.580838323353293,15.568862275449103,856.8019093078759,76.37231503579953,0.0,2.395209580838323,3.592814371257485,23.952095808383234,395.26184538653365
2ae19629-16b2-13a3-e055-000000000001,BORRIS,26.860660324566314,83.3799664241746,4.476776720761053,109.12143256855065,92.89311695579184,604.3405676126879,102.94936004451864,21.264689423614996,38.05260212646895,49.24454392837158,212.08729714605485,309.7857556456283
2ae19629-16b8-13a3-e055-000000000001,DONORE,37.42203742203743,6.237006237006238,0.0,6.237006237006238,12.474012474012476,882.716049382716,65.84362139917695,0.0,0.0,0.0,24.94802494802495,484.07643312101914
2ae19629-16c6-13a3-e055-000000000001,CLONKEEN,26.124818577648767,0.0,0.0,5.805515239477503,8.708272859216255,839.8268398268398,80.80808080808082,24.673439767779392,7.256894049346879,0.0,13.062409288824384,483.72781065088753
2ae19629-16c9-13a3-e055-000000000001,COOLRAIN,82.31707317073172,3.048780487804878,0.0,21.34146341463415,15.24390243902439,801.829268292683,57.926829268292686,0.0,3.048780487804878,0.0,54.8780487804878,410.2564102564102
2ae19629-16d4-13a3-e055-000000000001,EMO,27.00675168792198,5.251312828207052,0.7501875468867217,10.502625656414104,120.03000750187546,767.5635276532138,73.99103139013454,0.0,11.252813203300825,59.26481620405101,54.01350337584396,370.0543056633049
2ae19629-16d7-13a3-e055-000000000001,FOSSY,65.57377049180329,0.0,0.0,49.18032786885246,5.46448087431694,797.8142076502733,98.36065573770492,0.0,0.0,5.46448087431694,71.03825136612022,505.68181818181824
2ae19629-16a4-13a3-e055-000000000001,BALLYCARROLL,22.670025188916874,0.0,0.0,12.594458438287154,22.670025188916874,884.4221105527639,67.8391959798995,30.226700251889167,2.5188916876574305,0.0,17.632241813602015,454.06824146981626
2ae19629-16ab-13a3-e055-000000000001,ARDOUGH,48.78048780487805,2.710027100271003,0.0,8.130081300813009,5.420054200542006,869.9186991869918,65.04065040650407,0.0,0.0,0.0,13.550135501355014,452.5139664804469
2ae19629-16ac-13a3-e055-000000000001,ARLESS,64.35643564356435,7.425742574257425,0.0,9.900990099009901,19.801980198019802,767.1568627450981,112.74509803921569,0.0,2.4752475247524752,0.0,22.277227722772277,432.9113924050633
2ae19629-16ad-13a3-e055-000000000001,BALLICKMOYLER,31.914893617021274,5.91016548463357,0.0,8.274231678486997,15.36643026004728,832.5471698113207,83.72641509433961,0.0,2.3640661938534278,1.1820330969267139,30.73286052009456,407.4074074074074
2ae19629-16b5-13a3-e055-000000000001,CURRACLONE,29.850746268656717,0.0,3.7313432835820897,3.7313432835820897,22.388059701492537,795.539033457249,63.197026022304826,0.0,11.194029850746269,0.0,18.656716417910445,414.72868217054264
2ae19629-16c1-13a3-e055-000000000001,CASTLETOWN,56.96969696969697,4.848484848484849,3.6363636363636362,21.81818181818182,30.303030303030305,844.311377245509,59.880239520958085,3.6363636363636362,9.696969696969697,7.2727272727272725,63.03030303030303,447.2049689440994
2ae19629-16ca-13a3-e055-000000000001,CUFFSBOROUGH,50.27932960893855,0.0,0.0,22.3463687150838,22.3463687150838,813.8888888888889,66.66666666666667,0.0,2.793296089385475,0.0,67.0391061452514,433.1395348837209
2ae19629-16cd-13a3-e055-000000000001,KILMULLEN,62.18487394957983,6.722689075630252,0.0,16.80672268907563,20.16806722689076,803.0050083472454,86.81135225375625,1.680672268907563,1.680672268907563,0.0,60.50420168067227,433.9622641509434
2ae19629-16da-13a3-e055-000000000001,GRAIGUE RURAL,44.4022770398482,43.64326375711575,4.933586337760911,45.54079696394687,44.59203036053131,703.1894934333959,99.62476547842401,13.66223908918406,16.888045540796963,29.98102466793169,114.80075901328274,361.1650485436893
2ae19629-16e2-13a3-e055-000000000001,LUGGACURREN,37.03703703703704,0.0,0.0,9.25925925925926,15.432098765432098,689.9696048632219,121.58054711246201,9.25925925925926,9.25925925925926,0.0,15.432098765432098,484.472049689441
2ae19629-16e3-13a3-e055-000000000001,RATHSARAN,49.668874172185426,11.589403973509935,0.0,24.834437086092713,18.211920529801326,804.635761589404,86.09271523178808,1.6556291390728477,0.0,9.933774834437086,64.56953642384106,398.6135181975737
2ae19629-16e5-13a3-e055-000000000001,ROSENALLIS,36.19909502262444,6.787330316742081,4.524886877828055,9.04977375565611,13.574660633484163,837.10407239819,61.08597285067873,0.0,4.524886877828055,0.0,15.837104072398189,416.0919540229885
2ae19629-16ed-13a3-e055-000000000001,MOUNTMELLICK RURAL,33.11867525298988,2.7598896044158234,2.7598896044158234,17.47930082796688,11.959521619135234,863.302752293578,71.55963302752293,7.359705611775529,4.599816007359705,0.0,42.318307267709294,395.28301886792457
2ae19629-16f5-13a3-e055-000000000001,PORTLAOIGHISE RURAL,35.23665542504943,48.61030352366554,12.152575880916386,63.32131643214327,94.37143853936504,646.4960811433841,113.58921161825727,12.152575880916386,55.23898127689266,49.83137574136527,143.56320502384,337.6592309072424
2ae19629-1719-13a3-e055-000000000001,CARRIGALLEN EAST,73.57859531772576,43.47826086956522,0.0,70.23411371237458,23.41137123745819,685.4304635761589,96.02649006622516,0.0,6.688963210702341,3.3444816053511706,160.5351170568562,326.46048109965636
2ae19629-1733-13a3-e055-000000000001,GLENBOY,152.54237288135593,0.0,0.0,21.1864406779661,38.13559322033898,713.0801687763712,105.48523206751055,0.0,0.0,4.237288135593221,63.559322033898304,508.7719298245614
2ae19629-16c4-13a3-e055-000000000001,CLONDARRIG,28.55051244509517,107.61346998535872,10.980966325036604,95.90043923865301,96.99853587115666,635.6701779876498,144.93280058118415,6.954612005856515,45.02196193265007,28.916544655929723,265.3733528550513,348.22451317296674
2ae19629-16c7-13a3-e055-000000000001,CLONMORE,84.11214953271028,0.0,0.0,4.672897196261682,18.69158878504673,590.6976744186046,102.32558139534883,0.0,4.672897196261682,14.018691588785046,70.09345794392523,363.6363636363636
2ae19629-16ce-13a3-e055-000000000001,KILMURRY,32.786885245901644,6.557377049180328,0.0,9.836065573770492,9.836065573770492,904.9180327868852,39.34426229508197,0.0,9.836065573770492,0.0,19.672131147540984,400.6734006734007
2ae19629-16d3-13a3-e055-000000000001,DYSARTGALLEN,25.454545454545457,0.0,0.0,7.2727272727272725,14.545454545454545,829.0909090909091,43.63636363636364,3.6363636363636362,0.0,3.6363636363636362,32.72727272727273,380.7692307692308
2ae19629-16db-13a3-e055-000000000001,GRANTSTOWN,44.15584415584416,10.38961038961039,0.0,5.194805194805195,31.16883116883117,793.8144329896907,72.16494845360825,0.0,5.194805194805195,0.0,44.15584415584416,414.8936170212766
2ae19629-16e0-13a3-e055-000000000001,KYLE SOUTH,47.2972972972973,10.135135135135135,0.0,3.3783783783783785,3.3783783783783785,827.7027027027027,74.32432432432432,0.0,0.0,0.0,40.54054054054054,465.03496503496507
2ae19629-16e6-13a3-e055-000000000001,ROSSMORE,56.27705627705628,0.0,0.0,12.987012987012989,8.658008658008658,793.1034482758621,96.98275862068965,0.0,4.329004329004329,0.0,21.645021645021643,485.5233853006681
2ae19629-16ef-13a3-e055-000000000001,MOUNTRATH,52.45410266017235,33.345822405395275,0.37467216185837393,34.4698388909704,39.34057699512926,719.1346512495338,89.14584110406565,31.47246159610341,13.48819782690146,15.361558636193331,88.42263019857624,346.8908877590927
2ae19629-16d2-13a3-e055-000000000001,DURROW,47.82608695652174,0.7246376811594203,0.7246376811594203,43.47826086956522,42.7536231884058,736.0809833694866,98.33694866232827,0.0,16.666666666666668,1.4492753623188406,61.594202898550726,384.1509433962264
2ae19629-16d9-13a3-e055-000000000001,GRAIGUE,31.007751937984494,3.875968992248062,0.0,7.751937984496124,15.503875968992247,859.8484848484849,71.96969696969697,0.0,0.0,0.0,15.503875968992247,349.01960784313724
2ae19629-16dd-13a3-e055-000000000001,KILCOKE,42.857142857142854,0.0,0.0,7.142857142857142,14.285714285714285,773.049645390071,63.82978723404255,0.0,0.0,0.0,14.285714285714285,325.925925925926
2ae19629-16df-13a3-e055-000000000001,KILDELLIG,23.64864864864865,3.3783783783783785,0.0,33.78378378378378,10.135135135135135,885.5218855218855,47.13804713804714,0.0,0.0,0.0,43.91891891891892,419.5804195804196
2ae19629-16e4-13a3-e055-000000000001,REARYMORE,39.86710963455149,3.3222591362126246,0.0,3.3222591362126246,23.25581395348837,866.4495114006515,61.88925081433225,0.0,0.0,0.0,43.18936877076412,323.3333333333333
2ae19629-16e7-13a3-e055-000000000001,SALLYFORD,29.801324503311257,0.0,0.0,4.966887417218543,31.456953642384107,837.7483443708609,84.43708609271523,1.6556291390728477,1.6556291390728477,1.6556291390728477,18.211920529801326,485.6175972927242
2ae19629-16ec-13a3-e055-000000000001,MONEYMORE,35.97122302158273,0.0,0.0,14.388489208633095,7.194244604316547,865.2482269503546,78.01418439716312,0.0,7.194244604316547,0.0,14.388489208633095,496.2962962962963
2ae19629-16f2-13a3-e055-000000000001,NEWTOWN,39.51367781155015,9.11854103343465,0.0,3.0395136778115504,15.197568389057752,745.4545454545455,60.60606060606061,0.0,0.0,6.079027355623101,15.197568389057752,320.75471698113205
2ae19629-16c8-13a3-e055-000000000001,COLT,5.555555555555555,0.0,0.0,5.555555555555555,0.0,822.2222222222222,72.22222222222221,0.0,0.0,0.0,5.555555555555555,460.2272727272727
2ae19629-16cc-13a3-e055-000000000001,KILLERMOGH,48.29545454545455,8.522727272727272,0.0,22.727272727272727,11.363636363636363,779.3296089385475,111.73184357541899,0.0,2.840909090909091,0.0,53.97727272727273,371.0144927536232
2ae19629-16d0-13a3-e055-000000000001,KYLE,81.08108108108108,0.0,0.0,4.504504504504505,9.00900900900901,848.2142857142857,66.96428571428571,0.0,0.0,0.0,49.54954954954955,422.72727272727275
2ae19629-16de-13a3-e055-000000000001,KILCOLMANBANE,41.46730462519936,1.594896331738437,0.0,3.189792663476874,7.974481658692184,848.4848484848485,43.0622009569378,0.0,1.594896331738437,1.594896331738437,7.974481658692184,505.7471264367817
2ae19629-16e1-13a3-e055-000000000001,LACKA,59.21052631578947,0.0,0.0,9.868421052631579,32.89473684210526,757.2815533980582,126.2135922330097,3.289473684210526,0.0,0.0,42.76315789473684,369.1275167785235
2ae19629-16e9-13a3-e055-000000000001,MARYMOUNT,54.794520547945204,0.0,0.0,47.94520547945205,27.397260273972602,729.7297297297297,108.10810810810811,0.0,0.0,0.0,68.4931506849315,479.1666666666667
2ae19629-16ea-13a3-e055-000000000001,MEELICK,52.38095238095238,7.142857142857142,0.0,16.666666666666668,4.761904761904763,802.3809523809524,76.1904761904762,0.0,0.0,0.0,33.333333333333336,433.41404358353515
2ae19629-16fd-13a3-e055-000000000001,BARNAMEENAGH,118.42105263157895,0.0,0.0,26.31578947368421,72.36842105263158,796.0526315789474,151.31578947368422,0.0,0.0,46.05263157894736,92.10526315789473,328.8590604026846
2ae19629-16e8-13a3-e055-000000000001,SHAEN,47.04704704704705,2.002002002002002,0.0,15.015015015015015,25.025025025025027,867.1328671328671,81.91808191808192,0.0,16.016016016016017,1.001001001001001,42.04204204204205,446.96189495365604
2ae19629-16f1-13a3-e055-000000000001,NEALSTOWN,21.978021978021978,0.0,0.0,0.0,10.989010989010989,912.0879120879121,43.956043956043956,0.0,0.0,0.0,10.989010989010989,477.2727272727273
2ae19629-16f3-13a3-e055-000000000001,O'MORESFOREST,33.13840155945419,1.949317738791423,0.0,0.0,1.949317738791423,869.3957115009746,54.58089668615984,9.746588693957115,0.0,0.0,17.543859649122805,442.6559356136821
2ae19629-16f4-13a3-e055-000000000001,PORTARLINGTON SOUTH,43.956043956043956,46.76718630207002,7.155635062611807,44.594939943777156,60.69511883465372,700.5980404631632,131.82338719938923,15.333503705596728,29.64477383082034,21.978021978021978,125.22361359570661,340.95414298929563
2ae19629-16f8-13a3-e055-000000000001,RATHASPICK,52.26480836236934,0.0,0.0,20.905923344947738,20.905923344947738,871.0801393728223,80.13937282229965,0.0,0.0,3.484320557491289,41.811846689895475,390.3345724907063
2ae19629-1704-13a3-e055-000000000001,TINNAHINCH,40.229885057471265,11.494252873563218,0.0,0.0,57.47126436781609,805.7142857142857,74.28571428571429,0.0,5.747126436781609,11.494252873563218,22.988505747126435,388.2352941176471
2ae19629-1707-13a3-e055-000000000001,VICARSTOWN,41.666666666666664,0.0,0.0,0.0,41.666666666666664,885.4166666666666,36.458333333333336,0.0,0.0,10.416666666666666,15.625,468.0851063829787
2ae19629-1708-13a3-e055-000000000001,AGHACASHEL,121.95121951219512,0.0,0.0,24.390243902439025,0.0,878.0487804878048,97.5609756097561,0.0,0.0,0.0,60.97560975609756,375.0
2ae19629-16cf-13a3-e055-000000000001,KILNASEER,9.230769230769232,12.307692307692308,0.0,0.0,9.230769230769232,920.0,46.15384615384615,0.0,0.0,0.0,18.461538461538463,496.8553459119497
2ae19629-16d8-13a3-e055-000000000001,GARRYMORE,41.666666666666664,3.787878787878788,0.0,15.151515151515152,26.515151515151516,901.5151515151515,49.24242424242424,3.787878787878788,0.0,7.575757575757576,34.090909090909086,540.5405405405405
2ae19629-16dc-13a3-e055-000000000001,JAMESTOWN,35.916824196597354,5.671077504725898,1.890359168241966,9.45179584120983,37.80718336483932,810.1503759398496,86.46616541353383,0.0,3.780718336483932,1.890359168241966,28.35538752362949,463.6542239685658
2ae19629-16eb-13a3-e055-000000000001,MONEENALASSA,46.97986577181208,6.7114093959731544,0.0,0.0,6.7114093959731544,892.6174496644296,40.26845637583892,0.0,0.0,0.0,26.845637583892618,489.36170212765956
2ae19629-16ee-13a3-e055-000000000001,MOUNTMELLICK URBAN,33.1858407079646,18.963337547408344,3.7926675094816686,24.02022756005057,49.62073324905184,785.62421185372,95.5233291298865,18.01517067003793,22.123893805309734,17.699115044247787,68.90012642225031,340.20956123117224
2ae19629-16f0-13a3-e055-000000000001,MOYANNA,36.674816625916876,2.444987775061125,0.0,4.88997555012225,29.339853300733495,821.951219512195,85.3658536585366,0.0,0.0,2.444987775061125,39.119804400978,511.3924050632911
2ae19629-16fc-13a3-e055-000000000001,BALLINAMORE,80.56872037914692,22.11690363349131,6.3191153238546605,21.32701421800948,104.26540284360189,763.0979498861047,88.07896735003797,3.1595576619273302,16.587677725118485,63.1911532385466,94.78672985781989,425.03987240829343
2ae19629-1700-13a3-e055-000000000001,STRADBALLY,48.446550816219066,10.531858873091101,3.686150605581885,5.265929436545551,15.271195365982097,841.0041841004185,78.97489539748955,0.526592943654555,9.47867298578199,5.792522380200105,42.127435492364405,374.86573576799145
2ae19629-174a-13a3-e055-000000000001,MOHER,98.59154929577464,0.0,0.0,37.55868544600939,4.694835680751174,820.2764976958525,115.2073732718894,0.0,0.0,0.0,93.89671361502347,469.1943127962085
2ae19629-1757-13a3-e055-000000000001,ABBEYFEALE,70.25582283314243,24.818633066055746,4.96372661321115,25.20045819014891,33.600610920198555,847.0901483453785,74.55306200076075,88.96525391370751,17.563955708285608,12.98205421916762,63.001145475372276,366.60117878192534
2ae19629-175c-13a3-e055-000000000001,ANGLESBOROUGH,46.9208211143695,2.932551319648094,0.0,5.865102639296188,20.527859237536656,832.8445747800587,96.77419354838709,0.0,0.0,0.0,41.05571847507331,395.20958083832335
2ae19629-175f-13a3-e055-000000000001,BALLYAGRAN,39.52569169960474,5.928853754940711,0.0,7.905138339920948,3.952569169960474,901.1857707509881,61.26482213438735,0.0,1.976284584980237,0.0,23.715415019762844,406.95296523517385
2ae19629-1765-13a3-e055-000000000001,CAHERCONLISH EAST,24.604569420035148,0.0,0.0,3.51493848857645,22.847100175746927,864.5833333333334,50.34722222222222,17.574692442882252,1.757469244288225,0.0,10.54481546572935,479.9270072992701
2ae19629-1768-13a3-e055-000000000001,BALLYCUMMIN,35.2848928384736,47.6215368531103,38.68269733403032,38.00313643491898,109.35703084161004,653.037021759307,137.25894606579357,1.150026136957658,102.03868269733402,30.475692629377942,116.67537898588606,405.30869472334973
2ae19629-1769-13a3-e055-000000000001,BALLYGRENNAN,27.210884353741495,3.401360544217687,6.802721088435374,6.802721088435374,23.809523809523807,875.0,64.18918918918918,0.0,6.802721088435374,0.0,40.816326530612244,393.6170212765958
2ae19629-1771-13a3-e055-000000000001,BALLYVARRA,43.11699977543229,14.821468672804851,10.105546822366943,26.274421738154054,50.75230181899843,711.9432749833813,150.67582539330823,3.143947900291938,26.49898944531776,11.677520772512914,61.75611947002021,472.98837474356054
2ae19629-16f6-13a3-e055-000000000001,PORTLAOIGHISE URBAN,37.44549884585791,72.06976147730188,5.129520389843549,102.07745575788664,100.02564760194922,627.5756804884254,126.68532180106843,10.002564760194922,46.16568350859195,33.59835855347525,206.2067196717107,299.9472851871376
2ae19629-16f7-13a3-e055-000000000001,RAHEEN,30.303030303030305,0.0,4.040404040404041,4.040404040404041,30.303030303030305,860.6060606060606,60.60606060606061,0.0,10.101010101010102,4.040404040404041,32.323232323232325,516.6666666666667
2ae19629-16f9-13a3-e055-000000000001,RATHDOWNEY,46.60045836516425,22.15431627196333,0.7639419404125286,38.19709702062643,79.44996180290298,789.6735003796507,103.26499620349279,3.8197097020626436,14.514896867838043,16.80672268907563,102.36822001527884,296.52996845425866
2ae19629-16fb-13a3-e055-000000000001,BALLAGHAMEEHAN,139.78494623655914,0.0,0.0,21.505376344086024,21.505376344086024,770.4081632653061,112.24489795918367,0.0,0.0,0.0,37.634408602150536,363.15789473684214
2ae19629-16fe-13a3-e055-000000000001,BEIHY,137.7245508982036,0.0,0.0,11.976047904191617,14.970059880239521,892.8571428571429,44.642857142857146,0.0,2.9940119760479043,0.0,71.8562874251497,413.37386018237083
2ae19629-1717-13a3-e055-000000000001,BUNNYBEG,84.41558441558442,0.0,0.0,0.0,6.493506493506494,876.6233766233767,97.40259740259741,0.0,0.0,0.0,51.948051948051955,439.1891891891892
2ae19629-171e-13a3-e055-000000000001,CLOONCLARE,105.96026490066225,0.0,0.0,0.0,6.622516556291391,810.4575163398692,124.18300653594771,0.0,0.0,0.0,33.11258278145696,240.0
2ae19629-171f-13a3-e055-000000000001,CLOONE,80.51948051948052,12.987012987012989,0.0,7.792207792207792,31.16883116883117,896.3730569948186,49.222797927461144,0.0,2.5974025974025974,0.0,54.54545454545454,409.2140921409214
2ae19629-1703-13a3-e055-000000000001,TIMOGUE,21.91780821917808,2.73972602739726,0.0,5.47945205479452,16.43835616438356,816.9398907103825,79.23497267759564,0.0,2.73972602739726,0.0,27.397260273972602,447.5920679886686
2ae19629-170b-13a3-e055-000000000001,AGHAVAS,88.60759493670886,0.0,0.0,6.329113924050633,12.658227848101266,869.1588785046729,74.76635514018692,0.0,0.0,0.0,37.9746835443038,431.8181818181818
2ae19629-170f-13a3-e055-000000000001,BREANDRUM,149.63503649635038,21.897810218978105,0.0,18.24817518248175,10.948905109489052,832.1167883211679,116.78832116788321,0.0,0.0,0.0,124.08759124087591,324.4274809160305
2ae19629-1714-13a3-e055-000000000001,DRUMREILLY NORTH,73.86363636363637,17.045454545454543,0.0,28.409090909090907,28.409090909090907,808.9887640449438,146.06741573033707,0.0,0.0,0.0,113.63636363636363,408.284023668639
2ae19629-171c-13a3-e055-000000000001,CASTLEFORE,105.48523206751055,8.438818565400844,0.0,46.413502109704645,21.09704641350211,856.5400843881856,101.26582278481013,0.0,8.438818565400844,0.0,126.58227848101266,442.0600858369099
2ae19629-1734-13a3-e055-000000000001,GLENCAR,104.31654676258994,3.5971223021582737,0.0,3.5971223021582737,32.37410071942446,766.7844522968198,98.9399293286219,0.0,0.0,3.5971223021582737,61.15107913669065,431.1594202898551
2ae19629-174c-13a3-e055-000000000001,MUNAKILL,92.89617486338798,0.0,0.0,5.46448087431694,5.46448087431694,849.4623655913979,64.51612903225806,0.0,0.0,0.0,49.18032786885246,434.7826086956522
2ae19629-174f-13a3-e055-000000000001,ASKEATON WEST,56.372549019607845,8.986928104575163,17.973856209150327,17.973856209150327,30.22875816993464,768.6688311688313,101.46103896103897,38.39869281045752,26.96078431372549,6.5359477124183005,58.8235294117647,359.8993288590604
2ae19629-16ff-13a3-e055-000000000001,SHRULE,53.96825396825397,0.0,0.0,0.0,6.349206349206349,772.1518987341772,85.44303797468355,0.0,3.1746031746031744,0.0,12.698412698412698,408.4967320261438
2ae19629-1705-13a3-e055-000000000001,TRUMRA,38.73239436619718,3.5211267605633805,0.0,17.605633802816904,31.69014084507042,827.4647887323944,66.90140845070422,0.0,7.042253521126761,14.084507042253522,49.29577464788732,505.53505535055353
2ae19629-1706-13a3-e055-000000000001,TURRA,51.15089514066496,10.230179028132993,0.0,5.115089514066496,7.672634271099745,823.9795918367347,107.14285714285714,0.0,0.0,0.0,33.24808184143223,385.8267716535433
2ae19629-170e-13a3-e055-000000000001,BELHAVEL,109.21501706484642,17.064846416382252,0.0,23.890784982935156,10.238907849829351,774.4107744107745,148.14814814814815,6.825938566552901,0.0,0.0,112.62798634812286,379.4326241134752
2ae19629-1712-13a3-e055-000000000001,DRUMOD,81.65322580645162,16.129032258064516,6.048387096774193,15.120967741935484,25.201612903225804,798.019801980198,95.04950495049505,1.0080645161290323,11.088709677419356,4.032258064516129,64.51612903225806,386.92946058091286
2ae19629-1716-13a3-e055-000000000001,DRUMREILLY WEST/DRUMREILLY EAST,197.60479041916167,0.0,0.0,23.952095808383234,23.952095808383234,736.5269461077845,161.67664670658684,0.0,0.0,0.0,155.68862275449104,265.4320987654321
2ae19629-1718-13a3-e055-000000000001,CARRICK-on-SHANNON,65.69674926119573,63.42350534212321,8.411002500568312,73.19845419413504,68.42464196408275,700.3374578177728,110.68616422947132,29.324846556035464,35.462605137531256,3.864514662423278,176.8583769038418,371.3484458985744
2ae19629-172d-13a3-e055-000000000001,DRUMDOO,88.06818181818183,2.840909090909091,0.0,17.045454545454543,11.363636363636363,845.5056179775281,87.07865168539327,2.840909090909091,2.840909090909091,5.681818181818182,71.02272727272728,382.60869565217394
2ae19629-1701-13a3-e055-000000000001,TANKARDSTOWN,37.5,0.0,0.0,5.0,5.0,824.6913580246915,71.60493827160494,25.0,0.0,0.0,20.0,494.949494949495
2ae19629-1702-13a3-e055-000000000001,TIMAHOE,28.9193302891933,3.0441400304414,0.0,6.0882800608828,18.2648401826484,900.6024096385541,52.71084337349398,3.0441400304414,12.1765601217656,0.0,21.3089802130898,425.6651017214397
2ae19629-1710-13a3-e055-000000000001,DRUMARD,45.04504504504504,4.504504504504505,0.0,0.0,13.513513513513514,892.3766816143498,49.327354260089685,0.0,9.00900900900901,0.0,4.504504504504505,474.6543778801843
2ae19629-171a-13a3-e055-000000000001,CARRIGALLEN WEST,96.61835748792271,69.24315619967794,0.0,82.1256038647343,38.64734299516908,775.8346581875993,87.44038155802862,1.6103059581320451,6.4412238325281805,0.0,219.00161030595814,327.33224222585926
2ae19629-1720-13a3-e055-000000000001,CLOONLOGHER,160.13071895424835,9.803921568627452,0.0,19.607843137254903,35.947712418300654,690.3225806451612,216.1290322580645,0.0,0.0,0.0,137.25490196078434,458.1939799331103
2ae19629-1724-13a3-e055-000000000001,DRUMAHAIRE,94.31751611013473,8.201523140011716,22.847100175746927,30.462800234329233,19.917984768599883,738.0396732788797,151.10851808634774,0.0,26.947861745752782,1.757469244288225,80.25776215582894,431.3487241798299
2ae19629-1729-13a3-e055-000000000001,KESHCARRIGAN,129.7208538587849,22.988505747126435,0.0,14.778325123152708,45.97701149425287,679.6116504854369,150.48543689320388,1.6420361247947455,3.284072249589491,1.6420361247947455,108.37438423645321,383.58458961474037
2ae19629-172b-13a3-e055-000000000001,DRUMSHANBO,89.24050632911393,44.30379746835443,0.0,24.050632911392405,60.75949367088607,737.7450980392157,90.68627450980392,0.0,10.759493670886076,3.7974683544303796,112.65822784810128,355.64053537284894
2ae19629-170d-13a3-e055-000000000001,ANNADUFF,97.16599190283401,16.194331983805668,0.0,8.097165991902834,20.242914979757085,847.3895582329317,120.48192771084338,0.0,0.0,4.048582995951417,64.77732793522267,438.8185654008439
2ae19629-1715-13a3-e055-000000000001,DRUMREILLY SOUTH,167.78523489932886,13.422818791946309,0.0,20.13422818791946,6.7114093959731544,803.921568627451,98.0392156862745,0.0,0.0,0.0,100.67114093959731,389.26174496644296
2ae19629-171b-13a3-e055-000000000001,CASHEL,60.773480662983424,11.049723756906078,0.0,33.14917127071823,11.049723756906078,836.9565217391305,48.913043478260875,0.0,0.0,0.0,71.8232044198895,415.7303370786517
2ae19629-171d-13a3-e055-000000000001,CATTAN,92.93680297397769,0.0,0.0,26.022304832713754,7.434944237918216,855.0185873605948,107.80669144981412,0.0,3.717472118959108,0.0,111.52416356877323,446.1538461538462
2ae19629-1728-13a3-e055-000000000001,KEELDRA,92.3076923076923,15.384615384615385,0.0,10.256410256410257,46.15384615384615,859.2964824120603,95.47738693467336,0.0,0.0,0.0,102.56410256410255,466.6666666666667
2ae19629-172a-13a3-e055-000000000001,KILLANUMMERY,108.33333333333334,2.7777777777777777,0.0,19.444444444444446,19.444444444444446,795.0819672131147,136.6120218579235,0.0,2.7777777777777777,0.0,88.88888888888889,358.7570621468927
2ae19629-1737-13a3-e055-000000000001,GORTNAGULLION,150.81967213114754,6.557377049180328,0.0,22.950819672131146,9.836065573770492,717.5324675324675,162.33766233766232,0.0,0.0,0.0,104.91803278688525,340.0
2ae19629-1739-13a3-e055-000000000001,KILLYGAR,86.61417322834646,0.0,0.0,0.0,15.748031496062993,609.375,78.125,0.0,0.0,0.0,70.86614173228347,341.26984126984127
2ae19629-177b-13a3-e055-000000000001,DARRAGH,72.38605898123325,0.0,0.0,5.361930294906166,13.404825737265416,848.0,112.0,2.680965147453083,2.680965147453083,0.0,40.21447721179624,409.0909090909091
2ae19629-1785-13a3-e055-000000000001,CLONCAGH,42.73504273504273,11.396011396011396,2.849002849002849,17.094017094017097,8.547008547008549,895.1841359773372,82.1529745042493,0.0,2.849002849002849,0.0,59.82905982905983,505.88235294117646
2ae19629-17a2-13a3-e055-000000000001,KILGLASS,63.49206349206349,6.349206349206349,0.0,12.698412698412698,15.873015873015872,879.3650793650794,44.44444444444444,0.0,0.0,3.1746031746031744,41.26984126984127,347.682119205298
2ae19629-17a7-13a3-e055-000000000001,GLIN,73.57859531772576,31.77257525083612,0.8361204013377926,7.525083612040134,45.1505016722408,827.671913835957,80.36454018227009,1.6722408026755853,26.755852842809364,6.688963210702341,81.10367892976589,459.5744680851064
2ae19629-17ac-13a3-e055-000000000001,IVERUSS,45.714285714285715,0.0,0.0,20.0,17.142857142857142,897.1428571428571,71.42857142857143,0.0,0.0,5.714285714285714,34.285714285714285,448.1707317073171
2ae19629-17b4-13a3-e055-000000000001,NANTINAN,53.37078651685393,2.8089887640449436,0.0,4.213483146067416,14.044943820224718,788.515406162465,79.83193277310924,0.0,2.8089887640449436,0.0,16.853932584269664,410.1449275362319
2ae19629-17c1-13a3-e055-000000000001,LIMERICK SOUTH RURAL,27.149321266968325,30.76923076923077,16.289592760180998,24.886877828054295,53.393665158371036,629.7968397291196,107.90067720090293,15.837104072398189,48.86877828054298,11.312217194570135,73.30316742081449,276.4955252001884
2ae19629-17c3-13a3-e055-000000000001,LOGHILL,71.65605095541402,17.515923566878982,0.0,12.738853503184714,20.700636942675157,795.1807228915662,96.3855421686747,0.0,1.5923566878980893,7.961783439490445,49.36305732484077,437.59630200308163
2ae19629-1721-13a3-e055-000000000001,CLOVERHILL,134.375,6.25,0.0,18.75,28.125,813.0841121495326,140.18691588785046,0.0,3.125,0.0,109.375,313.0990415335463
2ae19629-1722-13a3-e055-000000000001,CORRALA,106.12244897959184,12.244897959183673,0.0,12.244897959183673,12.244897959183673,688.2591093117409,97.16599190283401,0.0,0.0,8.16326530612245,57.14285714285714,314.0495867768595
2ae19629-1723-13a3-e055-000000000001,CORRIGA,85.3658536585366,0.0,0.0,6.097560975609756,36.58536585365854,802.3952095808384,155.68862275449104,0.0,0.0,18.29268292682927,54.8780487804878,466.25766871165644
2ae19629-1725-13a3-e055-000000000001,GOWEL,103.93258426966293,11.235955056179774,0.0,16.853932584269664,28.089887640449437,855.5555555555555,66.66666666666667,0.0,11.235955056179774,0.0,56.17977528089887,451.1494252873563
2ae19629-1727-13a3-e055-000000000001,GUBACREENY,164.55696202531644,5.063291139240507,1.2658227848101267,31.645569620253166,18.9873417721519,773.3499377334994,151.9302615193026,20.253164556962027,6.329113924050633,1.2658227848101267,82.27848101265822,392.48704663212436
2ae19629-172c-13a3-e055-000000000001,DRUMSNA,97.39368998628258,5.486968449931412,0.0,20.5761316872428,23.319615912208505,809.4594594594594,113.51351351351352,0.0,4.11522633744856,2.743484224965706,71.33058984910836,423.18435754189943
2ae19629-172e-13a3-e055-000000000001,FENAGH,86.95652173913044,5.434782608695652,0.0,13.58695652173913,27.17391304347826,880.7588075880759,86.72086720867209,0.0,0.0,0.0,65.21739130434783,403.899721448468
2ae19629-1732-13a3-e055-000000000001,GLENANIFF,138.12154696132598,0.0,0.0,22.099447513812155,16.574585635359114,801.1049723756905,110.49723756906077,0.0,5.524861878453039,0.0,66.29834254143645,375.0
2ae19629-1752-13a3-e055-000000000001,BALLINGARRY,65.21739130434783,6.211180124223602,0.0,11.387163561076605,34.161490683229815,829.8969072164949,101.03092783505154,0.0,8.281573498964804,0.0,63.14699792960663,446.23655913978496
2ae19629-1758-13a3-e055-000000000001,ABBEYVILLE,34.0632603406326,2.4330900243309004,0.0,12.165450121654501,21.897810218978105,703.1630170316301,53.5279805352798,2.4330900243309004,2.4330900243309004,2.4330900243309004,19.464720194647203,334.1584158415842
2ae19629-1770-13a3-e055-000000000001,BALLYSIMON,39.51087624431609,30.6624062922453,27.15988693621728,39.019294580312156,89.28351972471427,569.8911729141474,165.4776299879081,3.072385400024579,58.129531768465036,17.45114907213961,80.06636352464052,423.8369184592296
2ae19629-1776-13a3-e055-000000000001,CRECORA,48.458149779735685,13.215859030837004,0.0,6.607929515418502,19.823788546255507,841.648590021692,80.26030368763558,0.0,15.418502202643172,0.0,41.85022026431718,493.27354260089686
2ae19629-1779-13a3-e055-000000000001,CULLANE,41.76904176904177,4.914004914004914,0.0,4.914004914004914,7.371007371007371,884.8039215686274,49.01960784313725,0.0,0.0,0.0,34.3980343980344,456.8527918781726
2ae19629-178b-13a3-e055-000000000001,DOON WEST,15.32567049808429,15.32567049808429,0.0,7.662835249042145,7.662835249042145,894.7368421052631,86.46616541353383,0.0,3.8314176245210727,0.0,38.314176245210724,533.596837944664
2ae19629-178f-13a3-e055-000000000001,GLENBROHANE,61.440677966101696,10.59322033898305,0.0,8.474576271186441,8.474576271186441,862.8691983122363,80.16877637130803,0.0,0.0,6.355932203389831,55.08474576271186,448.80174291938994
2ae19629-1798-13a3-e055-000000000001,DUNNAMAN,35.97122302158273,0.0,2.8776978417266186,7.194244604316547,25.899280575539567,822.3495702005731,94.55587392550144,0.0,20.14388489208633,0.0,24.46043165467626,505.13950073421444
2ae19629-172f-13a3-e055-000000000001,GARADICE,96.71848013816927,17.271157167530223,0.0,25.906735751295336,18.998272884283246,836.1774744027304,105.80204778156997,0.0,0.0,0.0,94.99136442141624,360.5683836589698
2ae19629-173d-13a3-e055-000000000001,RIVERSTOWN,128.75536480686694,0.0,0.0,8.583690987124463,30.042918454935624,781.8930041152263,86.41975308641975,0.0,0.0,4.291845493562231,90.12875536480686,371.900826446281
2ae19629-173e-13a3-e055-000000000001,ROOSKY,92.77108433734941,34.93975903614458,0.0,16.867469879518072,34.93975903614458,719.9519230769231,122.59615384615384,1.2048192771084338,16.867469879518072,8.433734939759036,107.2289156626506,366.751269035533
2ae19629-1740-13a3-e055-000000000001,SRAMORE,74.25742574257426,0.0,0.0,17.32673267326733,42.07920792079208,724.1379310344828,184.72906403940885,0.0,4.9504950495049505,0.0,74.25742574257426,419.68911917098444
2ae19629-1744-13a3-e055-000000000001,LEITRIM,83.765752409192,22.979985174203115,0.0,24.462564862861377,34.840622683469235,777.536231884058,106.52173913043478,0.0,6.671608598962194,2.965159377316531,100.81541882876205,490.95022624434387
2ae19629-1745-13a3-e055-000000000001,LISGILLOCK,147.78325123152712,0.0,0.0,4.926108374384237,4.926108374384237,854.3689320388349,116.50485436893204,0.0,4.926108374384237,0.0,93.59605911330048,371.28712871287127
2ae19629-1746-13a3-e055-000000000001,LURGANBOY,99.54751131221718,0.0,0.0,15.837104072398189,29.41176470588235,813.063063063063,90.09009009009009,0.0,0.0,0.0,61.08597285067873,443.15545243619493
2ae19629-1747-13a3-e055-000000000001,MAHANAGH,153.3923303834808,11.799410029498524,0.0,17.699115044247787,23.59882005899705,693.6416184971098,184.97109826589593,0.0,2.949852507374631,2.949852507374631,132.7433628318584,354.1666666666667
2ae19629-1730-13a3-e055-000000000001,GARVAGH,196.72131147540983,0.0,0.0,24.59016393442623,24.59016393442623,658.5365853658537,292.6829268292683,0.0,8.196721311475411,0.0,163.93442622950818,327.86885245901635
2ae19629-1731-13a3-e055-000000000001,GLENADE,141.93548387096774,0.0,0.0,12.903225806451612,19.35483870967742,858.9743589743589,64.1025641025641,0.0,0.0,0.0,58.06451612903226,437.0860927152318
2ae19629-1735-13a3-e055-000000000001,GLENFARN,162.33766233766232,0.0,0.0,0.0,6.493506493506494,826.0869565217391,111.80124223602485,0.0,0.0,6.493506493506494,38.96103896103896,408.8050314465409
2ae19629-1736-13a3-e055-000000000001,GORTERMONE,38.73239436619718,0.0,0.0,3.5211267605633805,31.69014084507042,930.795847750865,38.062283737024224,0.0,7.042253521126761,0.0,17.605633802816904,438.84892086330933
2ae19629-173f-13a3-e055-000000000001,ROWAN,102.18978102189782,0.0,0.0,18.24817518248175,40.14598540145985,785.4545454545454,123.63636363636364,0.0,7.299270072992701,3.6496350364963503,80.2919708029197,445.73643410852713
2ae19629-1742-13a3-e055-000000000001,KILTYCLOGHER,132.0,4.0,0.0,28.0,128.0,654.9019607843137,129.41176470588238,4.0,0.0,0.0,164.0,295.54655870445345
2ae19629-1743-13a3-e055-000000000001,KINLOUGH,160.19417475728156,10.679611650485437,1.941747572815534,23.300970873786408,26.21359223300971,776.0617760617761,126.44787644787644,0.970873786407767,9.70873786407767,3.883495145631068,81.55339805825243,382.82828282828285
2ae19629-1748-13a3-e055-000000000001,MANORHAMILTON,93.811394891945,37.32809430255403,7.858546168958742,38.80157170923379,61.39489194499018,736.4341085271318,115.79457364341086,4.4204322200392925,44.69548133595285,4.4204322200392925,121.8074656188605,340.7035175879397
2ae19629-173b-13a3-e055-000000000001,OUGHTERAGH,177.08333333333334,0.0,0.0,0.0,20.833333333333332,795.9183673469388,122.44897959183673,0.0,0.0,0.0,83.33333333333333,302.0833333333333
2ae19629-1741-13a3-e055-000000000001,St. PATRICK'S,140.625,0.0,0.0,7.8125,15.625,854.9618320610687,114.50381679389312,0.0,0.0,0.0,70.3125,349.20634920634916
2ae19629-1750-13a3-e055-000000000001,ATHLACCA,39.80099502487562,0.0,0.0,2.487562189054726,9.950248756218905,885.5721393034826,49.75124378109453,0.0,0.0,0.0,7.462686567164179,431.4720812182741
2ae19629-1756-13a3-e055-000000000001,YUGAN,102.12765957446808,4.25531914893617,0.0,25.53191489361702,4.25531914893617,810.9243697478992,96.63865546218487,0.0,8.51063829787234,0.0,80.85106382978724,200.87336244541484
2ae19629-1764-13a3-e055-000000000001,CAHER,122.13740458015266,0.0,0.0,15.267175572519083,25.44529262086514,812.5,70.0,2.544529262086514,5.089058524173028,2.544529262086514,99.23664122137404,402.0618556701031
2ae19629-176b-13a3-e055-000000000001,BALLYMACSHANEBOY,34.11513859275053,2.1321961620469083,0.0,2.1321961620469083,31.982942430703627,911.2050739957716,61.3107822410148,0.0,0.0,2.1321961620469083,19.189765458422176,529.0322580645161
2ae19629-1782-13a3-e055-000000000001,CASTLETOWN,74.8898678414097,6.607929515418502,2.2026431718061676,6.607929515418502,33.03964757709251,804.3478260869565,117.3913043478261,2.2026431718061676,6.607929515418502,0.0,48.458149779735685,511.1111111111111
2ae19629-1786-13a3-e055-000000000001,CLONKEEN,29.46768060836502,33.26996197718631,2.8517110266159698,41.82509505703422,40.8745247148289,724.1706161137441,128.90995260663507,3.802281368821293,6.653992395437262,17.11026615969582,113.11787072243345,410.38197845249755
2ae19629-17c4-13a3-e055-000000000001,MAHOONAGH,49.63235294117647,1.838235294117647,1.838235294117647,7.352941176470588,31.25,876.3636363636364,61.81818181818182,25.735294117647058,3.676470588235294,0.0,20.22058823529412,444.6529080675422
2ae19629-17cf-13a3-e055-000000000001,ABBEY D,35.326086956521735,18.342391304347828,6.114130434782609,27.853260869565215,39.40217391304348,645.2268111035884,95.4637779282329,6.114130434782609,32.608695652173914,0.6793478260869565,57.065217391304344,204.41988950276243
2ae19629-17d5-13a3-e055-000000000001,RATHRONAN,91.3978494623656,5.376344086021506,0.0,5.376344086021506,33.333333333333336,872.9989327641408,54.42902881536819,0.0,4.301075268817204,0.0,44.086021505376344,319.3370165745856
2ae19629-17da-13a3-e055-000000000001,ROXBOROUGH,35.09891512444161,7.019783024888321,2.5526483726866624,4.4671346522016595,27.44097000638162,844.3037974683543,89.24050632911393,0.6381620931716656,9.572431397574984,2.5526483726866624,19.14486279514997,551.5230071289695
2ae19629-17dc-13a3-e055-000000000001,SHANID,57.30129390018484,1.8484288354898337,0.0,3.6968576709796674,18.48428835489834,883.7638376383765,71.95571955719556,0.0,9.24214417744917,0.0,14.78743068391867,441.06463878326997
2ae19629-17dd-13a3-e055-000000000001,BALLINACURRA A,43.88581167447806,35.364294844482316,23.86024712398807,42.18150830847891,101.83212611844908,566.356720202874,202.87404902789518,14.486578610992757,48.57264593097571,11.930123561994035,111.20579463144439,450.2202643171806
2ae19629-17df-13a3-e055-000000000001,BALLYNANTY,37.33069045259332,0.9910802775024776,0.9910802775024776,2.973240832507433,15.526924347538818,777.2277227722773,81.84818481848184,3.633961017509085,6.276841757515692,4.955401387512389,11.562603237528906,229.90463215258856
2ae19629-17f4-13a3-e055-000000000001,GLENTWORTH B,26.29416598192276,7.395234182415777,0.8216926869350862,5.7518488085456045,18.898931799506986,770.1149425287356,110.83743842364532,0.8216926869350862,7.395234182415777,4.108463434675432,23.8290879211175,277.96610169491527
2ae19629-173a-13a3-e055-000000000001,KILTUBBRID,102.27272727272728,22.727272727272727,0.0,39.77272727272727,79.54545454545455,747.2527472527472,98.90109890109889,0.0,0.0,0.0,193.1818181818182,467.8362573099415
2ae19629-173c-13a3-e055-000000000001,RINN,108.16777041942605,17.660044150110377,0.0,37.52759381898454,46.35761589403974,673.8197424892703,156.65236051502146,0.0,11.037527593818986,0.0,83.88520971302428,372.1973094170404
2ae19629-1749-13a3-e055-000000000001,MELVIN/AGHAVOGHIL,190.47619047619045,4.329004329004329,0.0,34.63203463203463,21.645021645021643,690.9871244635193,206.00858369098714,0.0,0.0,0.0,134.19913419913422,361.23348017621146
2ae19629-1759-13a3-e055-000000000001,ABINGTON,37.362637362637365,6.593406593406593,0.7326007326007326,24.175824175824175,24.175824175824175,740.3072421360644,120.7022677395757,1.465201465201465,9.523809523809526,0.0,38.0952380952381,429.76461655277143
2ae19629-1760-13a3-e055-000000000001,BALLYALLINAN,38.27751196172249,2.3923444976076556,0.0,4.784688995215311,9.569377990430622,878.8598574821854,54.63182897862233,16.74641148325359,0.0,0.0,26.31578947368421,526.829268292683
2ae19629-1761-13a3-e055-000000000001,BRUFF,50.3448275862069,19.310344827586206,4.137931034482759,6.896551724137931,18.620689655172413,865.7534246575342,80.13698630136987,1.379310344827586,8.275862068965518,5.517241379310344,43.44827586206897,409.38166311300637
2ae19629-1767-13a3-e055-000000000001,BALLYBRICKEN,41.55844155844156,4.1558441558441555,0.0,5.714285714285714,28.051948051948052,706.5217391304349,115.94202898550725,0.0,11.428571428571429,0.5194805194805194,29.09090909090909,456.809750927398
2ae19629-1773-13a3-e055-000000000001,BOOLA,21.428571428571427,0.0,0.0,0.0,14.285714285714285,880.2816901408452,77.46478873239435,0.0,0.0,0.0,7.142857142857142,510.7913669064749
2ae19629-17ab-13a3-e055-000000000001,HOSPITAL,64.24148606811146,12.38390092879257,0.7739938080495357,16.25386996904025,20.123839009287927,861.8827160493827,79.47530864197532,0.7739938080495357,4.643962848297213,0.7739938080495357,61.919504643962846,395.40412044374006
2ae19629-17b1-13a3-e055-000000000001,KILMURRY,55.37098560354374,8.859357696566999,0.0,5.537098560354375,16.611295681063122,832.0526893523601,92.20636663007683,0.0,1.1074197120708749,0.0,42.08194905869325,510.158013544018
2ae19629-17b2-13a3-e055-000000000001,KILPEACON,41.44144144144144,0.0,0.0,1.8018018018018018,21.62162162162162,823.5294117647059,81.99643493761141,0.0,3.6036036036036037,0.0,19.81981981981982,577.8985507246377
2ae19629-17b3-13a3-e055-000000000001,MOUNTPLUMMER,49.86876640419948,2.6246719160104988,0.0,5.2493438320209975,20.99737532808399,877.2845953002611,67.88511749347259,0.0,0.0,0.0,41.99475065616798,460.0550964187328
2ae19629-17b5-13a3-e055-000000000001,NEWCASTLE RURAL,34.48275862068965,50.30425963488844,14.60446247464503,42.190669371196755,72.21095334685599,749.4981934965878,91.93095142513047,12.57606490872211,26.774847870182555,9.330628803245435,141.98782961460446,412.4056999161777
2ae19629-17b7-13a3-e055-000000000001,OOLA,53.85996409335727,2.6929982046678638,0.8976660682226212,9.874326750448832,22.44165170556553,853.4405719392315,93.8337801608579,0.8976660682226212,3.5906642728904847,2.6929982046678638,46.6786355475763,461.4678899082569
2ae19629-17be-13a3-e055-000000000001,KNOCKLONG,64.62212486308871,8.762322015334064,0.0,9.857612267250822,13.143483023001094,887.7995642701525,65.35947712418302,1.095290251916758,1.095290251916758,0.0,43.81161007667032,413.677130044843
2ae19629-17c2-13a3-e055-000000000001,LISMAKEERY,48.21802935010482,8.385744234800839,0.0,0.0,6.289308176100629,864.3006263048017,98.12108559498957,27.253668763102723,0.0,0.0,39.83228511530398,495.63318777292574
2ae19629-174b-13a3-e055-000000000001,MOHILL,81.4927646610815,34.27265803503427,20.563594821020565,24.371667936024373,14.47067783701447,779.0432801822324,91.11617312072893,9.900990099009901,26.656511805026657,4.56968773800457,88.34729626808834,368.5446009389671
2ae19629-1763-13a3-e055-000000000001,BULGADEN,87.61329305135952,15.105740181268883,0.0,6.042296072507553,18.12688821752266,897.5903614457831,54.21686746987952,0.0,0.0,3.0211480362537766,69.48640483383686,369.5652173913043
2ae19629-1766-13a3-e055-000000000001,CAHERCONLISH WEST,46.360485268630846,25.5632582322357,15.164644714038129,17.76429809358752,32.92894280762565,752.8041415012942,108.71440897325282,9.532062391681109,29.02946273830156,16.897746967071058,77.12305025996534,356.727760393384
2ae19629-176a-13a3-e055-000000000001,BALLYLANDERS,51.7503805175038,19.7869101978691,0.0,3.0441400304414,31.963470319634702,869.4992412746586,62.2154779969651,0.0,9.1324200913242,3.0441400304414,47.1841704718417,371.2948517940718
2ae19629-176d-13a3-e055-000000000001,BALLYNACARRIGA,45.84221748400853,7.462686567164179,1.0660980810234542,11.727078891257996,21.321961620469082,844.7729672650474,98.20485744456177,4.264392324093817,6.3965884861407245,1.0660980810234542,41.57782515991471,503.35570469798665
2ae19629-1772-13a3-e055-000000000001,BILBOA,50.35971223021583,7.194244604316547,0.0,7.194244604316547,9.592326139088728,896.8824940047962,71.94244604316546,0.0,2.398081534772182,0.0,43.16546762589928,452.5
2ae19629-1774-13a3-e055-000000000001,BROADFORD,30.364372469635626,0.0,0.0,6.0728744939271255,17.206477732793523,888.2175226586103,53.37361530715005,0.0,3.0364372469635628,1.0121457489878543,20.242914979757085,481.25
2ae19629-1775-13a3-e055-000000000001,CREAN,26.030368763557483,2.1691973969631237,0.0,4.3383947939262475,21.691973969631235,652.267818574514,75.5939524838013,0.0,2.1691973969631237,4.3383947939262475,15.184381778741864,385.30066815144767
2ae19629-174d-13a3-e055-000000000001,NEWTOWNGORE,111.48648648648648,47.2972972972973,0.0,54.054054054054056,16.89189189189189,608.6956521739131,90.3010033444816,0.0,0.0,3.3783783783783785,162.16216216216216,381.9444444444444
2ae19629-174e-13a3-e055-000000000001,ASKEATON EAST,38.46153846153847,6.41025641025641,1.6025641025641024,12.82051282051282,24.03846153846154,795.5271565495208,92.6517571884984,142.6282051282051,6.41025641025641,0.0,32.05128205128205,412.64559068219637
2ae19629-1751-13a3-e055-000000000001,AUGHINISH,47.61904761904761,0.0,0.0,0.0,31.746031746031743,761.9047619047618,67.46031746031746,3.968253968253968,0.0,3.968253968253968,7.936507936507936,417.00404858299595
2ae19629-1753-13a3-e055-000000000001,BALLINTOBER,41.666666666666664,0.0,5.208333333333333,2.6041666666666665,15.625,883.419689119171,85.49222797927462,0.0,2.6041666666666665,0.0,28.645833333333332,464.8648648648649
2ae19629-1755-13a3-e055-000000000001,TULLAGHAN,138.6271870794078,10.767160161507402,1.3458950201884252,37.68506056527591,28.26379542395693,688.7417218543046,184.10596026490066,0.0,4.037685060565276,0.0,80.75370121130551,411.12618724559024
2ae19629-175a-13a3-e055-000000000001,ADARE NORTH,57.56578947368421,11.51315789473684,0.0,14.802631578947368,23.02631578947368,779.578606158833,103.72771474878444,0.0,9.868421052631579,0.0,55.921052631578945,542.087542087542
2ae19629-175b-13a3-e055-000000000001,ADARE SOUTH,55.28375733855186,14.187866927592955,0.9784735812133072,45.49902152641879,56.262230919765166,709.6629213483146,112.35955056179775,0.0,19.08023483365949,6.360078277886497,81.70254403131115,447.2710453283996
2ae19629-175d-13a3-e055-000000000001,ARDAGH,57.915057915057915,6.756756756756757,0.0,11.583011583011583,12.548262548262548,902.6036644165863,55.930568948891036,1.9305019305019306,7.722007722007723,0.0,30.88803088803089,471.23015873015873
2ae19629-1789-13a3-e055-000000000001,CRAGGS,19.45525291828794,0.0,0.0,3.8910505836575875,3.8910505836575875,860.4651162790698,73.64341085271319,3.8910505836575875,3.8910505836575875,0.0,3.8910505836575875,511.81102362204723
2ae19629-178e-13a3-e055-000000000001,GLENAGOWER,81.93668528864059,5.58659217877095,0.0,7.4487895716946,16.75977653631285,892.5925925925926,48.148148148148145,0.0,0.0,0.0,54.00372439478585,358.6337760910816
2ae19629-1794-13a3-e055-000000000001,DROMIN,57.19237435008666,3.4662045060658575,0.0,5.199306759098787,15.59792027729636,849.2201039861352,69.32409012131716,0.0,0.0,0.0,25.996533795493935,427.04626334519577
2ae19629-179b-13a3-e055-000000000001,FEDAMORE,40.38893044128646,14.958863126402393,5.983545250560957,11.219147344801796,18.698578908002993,745.5223880597015,83.58208955223881,0.7479431563201197,13.462976813762154,1.4958863126402393,46.37247569184742,349.03474903474904
2ae19629-179c-13a3-e055-000000000001,FEENAGH,29.585798816568047,2.9585798816568047,0.0,0.0,23.668639053254438,938.2352941176471,52.94117647058823,8.875739644970414,0.0,2.9585798816568047,23.668639053254438,435.18518518518516
2ae19629-17b8-13a3-e055-000000000001,PALLASKENRY,43.596730245231605,4.541326067211626,1.8165304268846503,6.357856494096277,22.70663033605813,815.2173913043478,128.6231884057971,3.6330608537693005,17.257039055404178,0.0,24.52316076294278,437.09226467847157
2ae19629-17c0-13a3-e055-000000000001,LIMERICK NORTH RURAL,41.64376030786146,23.227047828477186,10.720175920835624,22.539857064321055,83.01264431006048,676.6702878870179,145.16567083107006,11.269928532160527,32.847718526663,29.82407916437603,75.31610775151182,383.88360380526024
2ae19629-17e6-13a3-e055-000000000001,DOCK A,32.82493368700265,74.60212201591513,33.48806366047746,99.46949602122015,309.0185676392573,250.97402597402595,154.54545454545453,2.9840848806366047,159.81432360742707,77.58620689655173,169.09814323607426,159.42028985507244
2ae19629-17f6-13a3-e055-000000000001,JOHN'S A,18.766756032171582,0.0,0.0,4.021447721179625,2.680965147453083,832.6639892904954,26.77376171352075,2.680965147453083,0.0,1.3404825737265416,4.021447721179625,146.4788732394366
2ae19629-17f8-13a3-e055-000000000001,JOHN'S C,36.809815950920246,65.439672801636,28.629856850715747,89.97955010224949,114.51942740286299,326.04373757455267,129.22465208747516,4.08997955010225,28.629856850715747,12.269938650306749,116.56441717791411,162.60162601626016
2ae19629-1802-13a3-e055-000000000001,SINGLAND B,35.89470885402819,21.802712044668972,4.254187716032971,21.27093858016485,30.31108747673491,740.5348159915277,106.43367752184272,10.635469290082424,17.548524328636,6.115394841797395,52.113799521403884,303.7218147242597
2ae19629-1803-13a3-e055-000000000001,St. LAURENCE,44.1025641025641,25.64102564102564,3.076923076923077,14.35897435897436,12.307692307692308,785.4251012145749,96.15384615384616,23.58974358974359,5.128205128205129,7.17948717948718,23.58974358974359,327.14138286893706
2ae19629-1805-13a3-e055-000000000001,AGHABOY,67.05539358600583,13.119533527696793,0.0,26.239067055393587,14.577259475218659,851.528384279476,87.33624454148472,0.0,2.9154518950437316,1.4577259475218658,68.51311953352769,383.45864661654133
2ae19629-180b-13a3-e055-000000000001,BALLINAMUCK WEST,104.96183206106869,3.8167938931297707,0.0,3.8167938931297707,15.267175572519083,779.245283018868,58.49056603773585,3.8167938931297707,7.633587786259541,0.0,43.89312977099236,380.3921568627451
2ae19629-180c-13a3-e055-000000000001,BALLYMAHON,51.507963402236534,88.44459505252456,6.099627245001694,67.43476787529652,107.76008132836326,655.2188552188553,88.88888888888889,19.993222636394442,11.860386309725516,17.62114537444934,196.88241274144357,254.78593804385656
2ae19629-1814-13a3-e055-000000000001,RATOATH,44.37695098287353,12.148823082763858,5.821311060491015,40.83354425040074,48.004724542309965,724.3147805616277,146.37632419707415,1.0967687505272925,27.75668607103687,9.195984139036531,74.91774234371046,440.35742170556085
2ae19629-1790-13a3-e055-000000000001,GLENGORT,59.07172995780591,14.064697609001406,0.0,1.4064697609001406,8.438818565400844,885.952712100139,65.36856745479832,0.0,0.0,2.8129395218002813,37.9746835443038,481.80494905385734
2ae19629-1791-13a3-e055-000000000001,GLENSHARROLD,66.36155606407323,2.288329519450801,0.0,4.576659038901602,16.018306636155607,838.5650224215246,80.71748878923766,2.288329519450801,0.0,0.0,45.76659038901602,391.304347826087
2ae19629-1796-13a3-e055-000000000001,DUNMOYLAN EAST,56.75146771037182,15.655577299412915,1.9569471624266144,13.698630136986301,9.784735812133071,864.244741873805,51.625239005736134,3.9138943248532287,3.9138943248532287,0.0,39.138943248532286,427.7227722772277
2ae19629-17a1-13a3-e055-000000000001,KILFLYN,35.55555555555556,0.0,0.0,8.88888888888889,31.11111111111111,835.4978354978355,112.55411255411256,0.0,4.444444444444445,4.444444444444445,26.666666666666668,455.75221238938053
2ae19629-17a6-13a3-e055-000000000001,GLENSTAL,54.48449287510478,4.191114836546522,0.0,21.79379715004191,42.749371332774516,781.4516129032259,123.38709677419354,0.0,7.5440067057837386,5.029337803855825,57.837384744341996,436.8770764119601
2ae19629-17b0-13a3-e055-000000000001,KILFERGUS,48.165137614678905,9.174311926605505,0.0,4.587155963302752,11.46788990825688,918.552036199095,31.674208144796378,2.293577981651376,0.0,0.0,32.11009174311927,432.30403800475057
2ae19629-17b9-13a3-e055-000000000001,PARTICLES,68.18181818181817,4.545454545454545,0.0,4.545454545454545,18.18181818181818,864.8648648648649,103.6036036036036,4.545454545454545,0.0,0.0,63.63636363636363,419.35483870967744
2ae19629-17bc-13a3-e055-000000000001,KNOCKADERRY,42.67161410018553,25.974025974025977,0.0,14.84230055658627,35.25046382189239,881.7005545286506,66.54343807763401,1.8552875695732838,3.7105751391465676,3.7105751391465676,63.07977736549165,485.7142857142857
2ae19629-17c6-13a3-e055-000000000001,MONAGAY,51.036682615629985,11.164274322169058,2.3923444976076556,14.354066985645934,14.354066985645934,861.9047619047619,65.87301587301587,0.0,4.784688995215311,3.189792663476874,53.42902711323764,458.3676834295136
2ae19629-17d3-13a3-e055-000000000001,RATHKEALE URBAN,71.06963388370424,10.050251256281408,0.0,24.40775305096913,33.74012921751615,820.3125,54.6875,265.6137832017229,10.050251256281408,8.614501076812635,36.611629576453694,199.11176905995558
2ae19629-17d9-13a3-e055-000000000001,ROOSKAGH,91.2280701754386,21.052631578947366,0.0,0.0,10.526315789473683,868.5121107266435,79.58477508650519,3.5087719298245617,0.0,10.526315789473683,59.64912280701754,485.9154929577465
2ae19629-17db-13a3-e055-000000000001,SHANAGOLDEN,60.53811659192825,20.179372197309416,0.0,3.36322869955157,21.300448430493272,860.0867678958786,83.51409978308025,0.0,2.242152466367713,3.36322869955157,39.23766816143498,397.1238938053097
2ae19629-17de-13a3-e055-000000000001,BALLINACURRA B,31.922791388270227,6.6815144766147,7.423904974016332,12.620638455827766,28.210838901262065,800.4434589800443,127.1249076127125,0.0,19.302152932442464,2.969561989606533,28.210838901262065,395.92760180995475
2ae19629-17e1-13a3-e055-000000000001,CASTLE B,48.059149722735675,16.635859519408502,25.87800369685767,60.99815157116451,112.75415896487985,449.90892531876136,225.86520947176686,0.0,81.33086876155268,16.635859519408502,121.99630314232903,347.58364312267656
2ae19629-17ec-13a3-e055-000000000001,GALVONE B,37.88903924221922,0.0,0.0,1.3531799729364007,1.3531799729364007,767.2530446549391,33.82949932341001,41.94857916102842,0.0,0.0,6.7658998646820026,195.74468085106383
2ae19629-17ed-13a3-e055-000000000001,GLENTWORTH A,45.38341158059468,26.604068857589983,23.474178403755868,35.99374021909233,115.8059467918623,514.8205928237129,123.24492979719189,3.1298904538341157,39.12363067292645,32.863849765258216,75.11737089201878,209.1917591125198
2ae19629-177a-13a3-e055-000000000001,DANGANBEG,41.666666666666664,6.944444444444444,0.0,11.574074074074073,9.25925925925926,889.1454965357967,62.35565819861432,4.62962962962963,0.0,11.574074074074073,27.777777777777775,391.8269230769231
2ae19629-177c-13a3-e055-000000000001,CAHERCORNEY,44.73684210526316,1.3157894736842104,0.0,13.157894736842104,14.473684210526315,863.3377135348226,78.84362680683311,2.631578947368421,3.947368421052632,0.0,40.78947368421053,512.2282608695651
2ae19629-177f-13a3-e055-000000000001,CARRIG,29.096477794793262,3.0627871362940278,7.656967840735069,7.656967840735069,15.313935681470138,919.4528875379939,51.671732522796354,0.0,13.782542113323123,0.0,19.90811638591118,479.62382445141066
2ae19629-1788-13a3-e055-000000000001,COOLRUS,29.97858672376874,6.423982869379015,0.0,4.282655246252677,25.69593147751606,929.637526652452,51.172707889125796,0.0,2.1413276231263385,6.423982869379015,29.97858672376874,396.9298245614035
2ae19629-178c-13a3-e055-000000000001,GARRANE,31.746031746031743,0.0,0.0,6.349206349206349,19.04761904761905,873.8170347003155,72.55520504731862,0.0,12.698412698412698,0.0,12.698412698412698,429.5081967213115
2ae19629-1792-13a3-e055-000000000001,DROMARD,23.153252480705625,3.3076074972436604,16.538037486218304,4.410143329658214,24.255788313120178,850.4366812227074,76.41921397379913,0.0,28.665931642778393,1.1025358324145536,17.640573318632857,497.16231555051075
2ae19629-1793-13a3-e055-000000000001,DROMCOLLIHER,33.58613217768147,4.333694474539545,1.0834236186348862,14.084507042253522,11.91765980498375,880.3879310344828,38.793103448275865,1.0834236186348862,5.417118093174431,0.0,27.085590465872155,416.29464285714283
2ae19629-17a0-13a3-e055-000000000001,KILFINNY,48.07692307692308,0.0,9.615384615384617,16.025641025641026,35.256410256410255,878.9808917197453,66.87898089171975,0.0,19.230769230769234,0.0,32.05128205128205,466.21621621621625
2ae19629-175e-13a3-e055-000000000001,ARDPATRICK,32.432432432432435,0.0,0.0,5.405405405405405,8.108108108108109,889.1891891891892,54.054054054054056,0.0,2.7027027027027026,0.0,13.513513513513514,466.8508287292817
2ae19629-1762-13a3-e055-000000000001,BRUREE,48.5133020344288,8.607198748043817,14.866979655712049,25.039123630672925,37.55868544600939,799.8454404945904,63.369397217928906,15.64945226917058,29.733959311424098,14.866979655712049,55.55555555555555,342.00157604412925
2ae19629-176c-13a3-e055-000000000001,BALLYNABANOGE,24.615384615384617,6.153846153846154,0.0,3.076923076923077,15.384615384615385,878.7878787878788,69.6969696969697,27.692307692307693,0.0,6.153846153846154,33.84615384615385,455.1083591331269
2ae19629-176e-13a3-e055-000000000001,BALLYNOE,28.397565922920894,0.0,0.0,18.255578093306287,30.425963488843813,917.3387096774194,44.35483870967742,0.0,0.0,0.0,24.34077079107505,493.6708860759494
2ae19629-176f-13a3-e055-000000000001,BALLYNOE WEST,59.701492537313435,8.955223880597016,0.0,2.985074626865672,20.895522388059703,877.9761904761905,65.47619047619048,0.0,0.0,0.0,29.850746268656717,446.4831804281346
2ae19629-1777-13a3-e055-000000000001,CROAGH,55.55555555555555,4.830917874396135,8.454106280193237,10.869565217391305,38.64734299516908,853.5414165666266,68.42737094837935,0.0,21.73913043478261,0.0,33.81642512077295,487.59305210918114
2ae19629-1778-13a3-e055-000000000001,CROOM,42.86461055933089,6.2728698379508625,17.773131207527445,15.159435441714583,26.13695765812859,665.458311755567,49.715173485240804,0.0,21.432305279665446,4.704652378463147,39.72817564035546,285.48473486877344
2ae19629-177d-13a3-e055-000000000001,CAHERELLY,54.123711340206185,0.0,0.0,5.154639175257732,18.04123711340206,827.319587628866,85.05154639175258,2.577319587628866,0.0,0.0,20.61855670103093,507.97872340425533
2ae19629-17eb-13a3-e055-000000000001,GALVONE A,45.45454545454545,3.4965034965034967,0.0,13.286713286713287,10.48951048951049,784.217877094972,76.81564245810056,16.083916083916083,2.097902097902098,6.293706293706294,25.174825174825177,263.98852223816357
2ae19629-17ef-13a3-e055-000000000001,CASHEL WEST,77.39938080495357,7.739938080495356,0.0,21.671826625387,26.31578947368421,804.915514592934,90.62980030721967,1.5479876160990713,7.739938080495356,0.0,77.39938080495357,444.9685534591195
2ae19629-17f7-13a3-e055-000000000001,JOHN'S B,32.818532818532816,10.617760617760617,5.7915057915057915,22.200772200772203,36.67953667953668,441.233140655106,74.18111753371869,5.7915057915057915,8.687258687258687,1.9305019305019306,32.818532818532816,163.38582677165354
2ae19629-1804-13a3-e055-000000000001,ABBEYLARA,66.28242074927954,0.0,2.881844380403458,40.345821325648416,34.5821325648415,760.6837606837606,74.07407407407408,17.29106628242075,5.763688760806916,0.0,40.345821325648416,362.01780415430267
2ae19629-180e-13a3-e055-000000000001,BREANRISK,77.18120805369128,13.422818791946309,1.1185682326621924,20.13422818791946,22.371364653243848,855.715871254162,53.27413984461709,0.0,2.237136465324385,13.422818791946309,70.46979865771812,363.7400228050171
2ae19629-181c-13a3-e055-000000000001,SLANE,48.589341692789965,18.286311389759664,1.567398119122257,25.600835945663533,31.87042842215256,771.694214876033,136.8801652892562,0.5224660397074191,9.926854754440962,9.926854754440962,66.87565308254965,386.9588455371459
2ae19629-181d-13a3-e055-000000000001,STONEFIELD,53.941908713692946,4.149377593360996,0.0,8.298755186721992,41.49377593360996,858.9211618257261,120.33195020746888,0.0,0.0,0.0,24.896265560165972,398.3050847457627
2ae19629-1832-13a3-e055-000000000001,KILCOOLY,66.33906633906633,0.0,0.0,17.1990171990172,14.742014742014742,772.0588235294118,137.25490196078434,0.0,0.0,0.0,49.140049140049136,423.8578680203046
2ae19629-182f-13a3-e055-000000000001,ARDNAMULLAN,43.628013777267505,6.8886337543053955,0.0,18.369690011481058,42.47990815154994,790.193842645382,112.884834663626,0.0,12.629161882893225,1.1481056257175661,44.776119402985074,355.0295857988165
2ae19629-1834-13a3-e055-000000000001,KILLACONNIGAN,45.93175853018373,18.37270341207349,0.8748906386701663,36.3079615048119,29.30883639545057,771.8763604701785,118.85067479320853,0.4374453193350831,10.498687664041995,8.748906386701663,83.98950131233596,334.08679927667265
2ae19629-1838-13a3-e055-000000000001,MAYO,87.55760368663594,0.0,0.0,13.82488479262673,23.041474654377883,842.1052631578947,93.82151029748285,0.0,2.304147465437788,0.0,52.995391705069125,426.22950819672127
2ae19629-1839-13a3-e055-000000000001,MEELICK,142.5891181988743,5.628517823639775,0.0,5.628517823639775,15.0093808630394,883.5489833641404,92.42144177449168,0.0,5.628517823639775,0.0,60.0375234521576,444.8669201520912
2ae19629-183f-13a3-e055-000000000001,KILLARY,44.22032583397983,3.1031807602792862,0.0,19.39487975174554,19.39487975174554,850.5034856700232,83.65608055770721,0.0,2.3273855702094646,3.1031807602792862,36.46237393328161,308.6124401913876
2ae19629-1841-13a3-e055-000000000001,BALLON,39.44020356234097,20.356234096692113,21.62849872773537,27.989821882951656,27.989821882951656,739.8477157360405,91.37055837563452,1.272264631043257,25.44529262086514,7.633587786259541,47.07379134860051,353.78590078328983
2ae19629-1843-13a3-e055-000000000001,BALLYMOON,31.70028818443804,0.0,0.0,2.881844380403458,11.527377521613833,735.0427350427351,82.62108262108262,0.0,0.0,0.0,14.40922190201729,442.81524926686217
2ae19629-1844-13a3-e055-000000000001,MOUNT FALCON,77.82101167315176,0.7782101167315175,0.0,5.447470817120622,14.785992217898832,870.0,82.3076923076923,1.556420233463035,6.22568093385214,0.0,43.579766536964975,445.93528018942385
2ae19629-17bd-13a3-e055-000000000001,KNOCKAINY,62.57982120051085,6.385696040868455,0.0,10.217113665389528,8.939974457215836,876.2755102040817,86.73469387755102,6.385696040868455,1.277139208173691,1.277139208173691,29.374201787994892,477.5132275132275
2ae19629-17bf-13a3-e055-000000000001,KNOCKNASCROW,45.64315352697095,0.0,0.0,0.0,16.597510373443985,908.7136929460581,53.941908713692946,0.0,0.0,0.0,24.896265560165972,446.9026548672566
2ae19629-17c8-13a3-e055-000000000001,TEMPLEBREDON,56.12244897959184,1.7006802721088434,3.401360544217687,3.401360544217687,22.108843537414966,857.1428571428571,85.03401360544217,1.7006802721088434,6.802721088435374,1.7006802721088434,37.414965986394556,492.9328621908127
2ae19629-17cc-13a3-e055-000000000001,ABBEY A,42.83539899978256,30.006523157208086,5.435964340073928,30.876277451619917,46.74929332463579,670.5577172503242,149.37310851707738,0.21743857360295715,15.220700152207002,5.653402913676886,71.5372907153729,380.11565836298934
2ae19629-17cd-13a3-e055-000000000001,ABBEY B,33.60743653914909,61.136932427601,20.736503396496246,42.90311047550947,99.03468001430103,609.9038118988244,144.99465621660136,10.010725777618877,54.34393993564533,36.467643904183056,124.41902037897748,310.8407079646018
2ae19629-17d0-13a3-e055-000000000001,PATRICKSWELL,47.13804713804714,12.794612794612794,2.0202020202020203,16.161616161616163,35.01683501683502,854.3624161073825,70.46979865771812,10.101010101010102,10.101010101010102,2.0202020202020203,40.40404040404041,404.84429065743944
2ae19629-17d8-13a3-e055-000000000001,ROCKHILL,29.673590504451038,0.0,2.967359050445104,5.934718100890208,29.673590504451038,836.7952522255193,106.82492581602374,5.934718100890208,20.771513353115726,0.0,17.804154302670625,486.4864864864865
2ae19629-17e2-13a3-e055-000000000001,CASTLE C,41.91176470588235,18.38235294117647,21.323529411764707,55.14705882352941,129.41176470588238,541.6375087473758,181.9454163750875,0.0,33.8235294117647,14.705882352941176,72.05882352941175,411.8070554355652
2ae19629-17aa-13a3-e055-000000000001,GRISTON,64.72491909385113,0.0,0.0,12.944983818770227,22.653721682847898,886.7313915857605,67.96116504854369,0.0,3.236245954692557,0.0,48.543689320388346,418.9189189189189
2ae19629-17ae-13a3-e055-000000000001,KILCORNAN,53.89221556886228,1.1976047904191616,0.0,15.568862275449103,31.137724550898206,847.4374255065554,77.47318235995232,7.18562874251497,8.383233532934131,0.0,38.32335329341317,492.4812030075188
2ae19629-17b6-13a3-e055-000000000001,NEWCASTLE URBAN,46.77100197877316,69.61683756071236,21.766504767044434,70.15650296815974,88.864903759669,723.8486254908961,95.14459121742235,40.29501708940457,36.877136175571145,15.110631408526714,199.13653534808418,341.30841121495325
2ae19629-17ba-13a3-e055-000000000001,KILSCANNELL,44.169611307420496,7.067137809187279,0.0,17.6678445229682,84.80565371024736,794.1176470588235,94.77124183006535,21.20141342756184,10.60070671378092,7.067137809187279,93.63957597173145,463.21070234113716
2ae19629-17c9-13a3-e055-000000000001,TEMPLEGLENTAN,67.72908366533864,8.964143426294822,0.0,29.880478087649404,23.904382470119522,840.0770712909441,79.96146435452795,0.0,6.972111553784861,0.0,76.69322709163347,403.5964035964036
2ae19629-17cb-13a3-e055-000000000001,UREGARE,45.87155963302752,0.0,0.0,10.703363914373089,7.6452599388379205,902.1406727828746,68.80733944954129,4.587155963302752,4.587155963302752,1.529051987767584,27.522935779816514,437.69470404984423
2ae19629-17ce-13a3-e055-000000000001,ABBEY C,42.36006051437216,33.28290468986384,1.5128593040847202,65.05295007564297,216.33888048411498,316.4179104477612,110.44776119402985,3.0257186081694405,83.2072617246596,72.61724659606656,98.33585476550681,170.99236641221376
2ae19629-17d6-13a3-e055-000000000001,RIDDLESTOWN,53.78151260504202,1.680672268907563,0.0,6.722689075630252,28.57142857142857,856.9051580698836,64.891846921797,0.0,5.04201680672269,0.0,48.739495798319325,494.8453608247423
2ae19629-17f3-13a3-e055-000000000001,COOLAMBER,47.97979797979798,0.0,0.0,7.575757575757576,27.777777777777775,906.801007556675,50.377833753148614,0.0,2.5252525252525255,5.050505050505051,37.87878787878788,436.8421052631579
2ae19629-17f5-13a3-e055-000000000001,GLENTWORTH C,23.423423423423422,7.207207207207207,0.0,18.01801801801802,18.01801801801802,700.9009009009009,77.47747747747748,3.6036036036036037,12.612612612612612,3.6036036036036037,25.225225225225223,172.93233082706766
2ae19629-17fc-13a3-e055-000000000001,PROSPECT A,35.33906399235912,16.236867239732568,0.0,27.6981852913085,33.42884431709647,591.8944392082941,89.53817153628653,6.685768863419294,7.640878701050621,6.685768863419294,62.082139446036294,265.8959537572254
2ae19629-17fe-13a3-e055-000000000001,RATHBANE,23.59550561797753,4.49438202247191,2.247191011235955,5.617977528089887,30.89887640449438,734.8484848484849,86.58008658008657,15.730337078651687,17.41573033707865,14.606741573033709,18.53932584269663,226.80995475113122
2ae19629-1806-13a3-e055-000000000001,AGHARRA,60.79664570230608,6.289308176100629,0.0,23.060796645702304,31.446540880503143,650.0,83.33333333333333,0.0,10.482180293501049,2.0964360587002098,54.50733752620545,362.2881355932203
2ae19629-1809-13a3-e055-000000000001,BALLINALEE,54.179566563467496,20.123839009287927,0.0,6.191950464396285,29.41176470588235,817.9012345679012,75.61728395061729,0.0,3.0959752321981426,7.739938080495356,52.63157894736842,344.4976076555024
2ae19629-1810-13a3-e055-000000000001,CALDRAGH,62.8977910894796,46.79895170348184,5.615874204417821,64.02096593036316,62.8977910894796,733.8289962825279,98.88475836431226,13.47809809060277,28.828154249344813,45.30138524897042,136.65293897416697,392.99461123941495
2ae19629-1811-13a3-e055-000000000001,KENTSTOWN,37.567084078711986,12.9695885509839,0.4472271914132379,28.622540250447226,33.98926654740608,774.6354396818382,123.2876712328767,2.6833631484794274,4.472271914132379,8.050089445438283,65.29516994633273,383.6678832116788
2ae19629-177e-13a3-e055-000000000001,CAPPAMORE,40.787623066104075,6.329113924050633,0.0,9.845288326300984,20.393811533052038,855.3370786516854,70.2247191011236,7.7355836849507735,2.109704641350211,2.8129395218002813,33.755274261603375,417.9970972423803
2ae19629-1780-13a3-e055-000000000001,CASTLECONNELL,57.76780706674145,31.127313516545147,4.2063937184520475,24.67750981491868,40.661805945036456,717.771000831716,158.02606043803715,1.962983735277622,16.545148625911384,12.33875490745934,82.44531688166012,435.26721920548727
2ae19629-1781-13a3-e055-000000000001,CASTLETOWN,33.24808184143223,2.557544757033248,7.672634271099745,2.557544757033248,23.017902813299234,863.6363636363636,83.33333333333333,0.0,17.902813299232736,0.0,23.017902813299234,463.1578947368421
2ae19629-1783-13a3-e055-000000000001,CLARINA,35.750251762336354,8.559919436052366,12.58811681772407,10.070493454179255,29.20443101711984,890.115403913698,65.73005519317611,0.5035246727089627,24.169184290030213,0.5035246727089627,36.25377643504532,477.6970954356847
2ae19629-1784-13a3-e055-000000000001,CLEANGLASS,79.54545454545455,0.0,0.0,3.787878787878788,0.0,875.0,60.60606060606061,0.0,0.0,0.0,41.666666666666664,444.4444444444444
2ae19629-1787-13a3-e055-000000000001,COLMANSWELL,46.81647940074907,0.0,0.0,5.617977528089887,9.363295880149813,878.5046728971962,76.6355140186916,0.0,0.0,3.745318352059925,24.344569288389515,452.6112185686654
2ae19629-178a-13a3-e055-000000000001,DOON SOUTH,59.568131049888315,4.467609828741623,0.0,9.67982129560685,23.08265078183172,868.3431952662722,72.48520710059171,2.9784065524944157,5.956813104988831,8.935219657483247,27.550260610573343,465.53059643687067
2ae19629-178d-13a3-e055-000000000001,GARRYDUFF,83.65019011406844,0.0,0.0,26.61596958174905,3.802281368821293,874.5247148288973,45.627376425855516,3.802281368821293,3.802281368821293,0.0,57.034220532319395,496.1832061068702
2ae19629-183b-13a3-e055-000000000001,BALLYCONNELL,39.702233250620345,3.7220843672456576,1.2406947890818858,6.20347394540943,12.40694789081886,797.5308641975308,104.93827160493827,0.0,1.2406947890818858,0.0,33.49875930521092,380.64516129032256
2ae19629-183d-13a3-e055-000000000001,BECTIVE,49.361702127659576,5.106382978723404,0.0,28.085106382978722,33.191489361702125,770.6032285471538,124.89379779099404,0.0,9.361702127659575,0.851063829787234,60.42553191489362,445.414847161572
2ae19629-1851-13a3-e055-000000000001,NEALE,78.94736842105263,3.432494279176201,1.1441647597254005,11.441647597254004,33.18077803203661,861.2059158134243,81.91126279863481,0.0,3.432494279176201,4.576659038901602,50.34324942791762,450.47169811320754
2ae19629-1854-13a3-e055-000000000001,CASTLETOWN,38.01169590643275,8.771929824561402,0.9746588693957114,9.746588693957115,19.49317738791423,850.0967117988395,90.9090909090909,0.0,2.923976608187134,3.898635477582846,42.8849902534113,340.97706879361914
2ae19629-1858-13a3-e055-000000000001,CARLOW URBAN,38.85690789473684,46.875,17.064144736842106,72.16282894736842,102.17927631578948,584.2741136858783,150.12873836403247,9.868421052631579,52.63157894736842,29.605263157894736,144.12006578947367,264.81971888368304
2ae19629-185f-13a3-e055-000000000001,CLOGHBRACK,42.59259259259259,1.8518518518518519,0.0,1.8518518518518519,22.22222222222222,829.7101449275362,103.26086956521739,7.407407407407407,1.8518518518518519,0.0,24.074074074074073,300.0
2ae19629-1863-13a3-e055-000000000001,KILMORE,36.84210526315789,8.94736842105263,0.5263157894736842,22.105263157894736,24.210526315789473,811.2218143681175,111.69375983219716,0.0,6.315789473684211,0.5263157894736842,48.94736842105263,451.29334067143645
2ae19629-186a-13a3-e055-000000000001,RATHHILL,141.39941690962098,2.9154518950437316,0.0,7.288629737609329,13.119533527696793,889.2086330935251,46.0431654676259,0.0,4.373177842565598,0.0,53.93586005830904,498.52071005917156
2ae19629-1845-13a3-e055-000000000001,MUINGNABO,88.70967741935485,8.064516129032258,0.0,16.129032258064516,20.161290322580644,883.5341365461848,60.24096385542169,0.0,0.0,0.0,48.387096774193544,613.4453781512606
2ae19629-1846-13a3-e055-000000000001,MUINGS,117.11711711711712,0.0,0.0,18.01801801801802,18.01801801801802,887.8923766816143,31.390134529147982,0.0,0.0,0.0,49.54954954954955,500.0
2ae19629-1848-13a3-e055-000000000001,BURRY,53.38078291814947,0.0,0.0,17.793594306049823,24.91103202846975,896.797153024911,67.61565836298932,0.0,0.0,0.0,42.704626334519574,446.0431654676259
2ae19629-184e-13a3-e055-000000000001,BORRIS,72.69338303821063,34.48275862068965,13.979496738117428,9.319664492078285,23.29916123019571,836.7158671586716,81.18081180811808,0.0,20.50326188257223,0.0,76.42124883504194,356.11164581328205
2ae19629-185d-13a3-e055-000000000001,NEWPORT WEST,138.96103896103895,10.38961038961039,6.493506493506494,27.27272727272727,33.76623376623376,804.755944931164,96.37046307884856,0.0,9.09090909090909,0.0,89.61038961038962,458.3866837387964
2ae19629-1864-13a3-e055-000000000001,CLONMORE,44.19889502762431,0.0,0.0,11.049723756906078,18.41620626151013,751.8248175182481,104.01459854014598,0.0,0.0,0.0,38.67403314917127,403.4090909090909
2ae19629-1868-13a3-e055-000000000001,PONTOON,97.60956175298804,0.0,0.0,15.936254980079681,25.896414342629484,812.5,105.46875,0.0,7.968127490039841,0.0,67.72908366533864,448.9795918367347
2ae19629-186b-13a3-e055-000000000001,CROSSKEYS,37.234042553191486,10.638297872340425,0.0,18.617021276595743,45.21276595744681,787.7984084880637,127.3209549071618,0.0,2.6595744680851063,0.0,47.87234042553192,400.0
2ae19629-17e4-13a3-e055-000000000001,COOLRAINE,40.095751047277076,9.57510472770796,5.3859964093357275,20.94554159186116,35.3081986834231,768.452380952381,170.23809523809524,0.0,12.567324955116698,3.5906642728904847,46.6786355475763,510.2167182662539
2ae19629-17e7-13a3-e055-000000000001,DOCK B,39.968025579536366,123.10151878497203,9.592326139088728,56.75459632294165,178.2573940847322,354.5816733067729,164.1434262948207,0.0,54.35651478816946,32.77378097521982,163.0695443645084,200.32706459525755
2ae19629-17f0-13a3-e055-000000000001,CLOONDARA,92.56661991584852,21.037868162692845,0.0,28.050490883590463,25.245441795231415,763.2311977715877,80.77994428969359,4.207573632538569,7.012622720897616,5.610098176718092,84.15147265077138,425.89928057553954
2ae19629-17f1-13a3-e055-000000000001,CLOONEE,68.42105263157895,22.36842105263158,3.947368421052632,10.526315789473683,19.736842105263158,837.0273794002608,71.70795306388526,2.631578947368421,10.526315789473683,0.0,69.73684210526315,479.0823211875844
2ae19629-17f9-13a3-e055-000000000001,KILLEELY A,24.475524475524477,0.6993006993006993,0.0,1.3986013986013985,12.587412587412588,854.2955326460481,68.72852233676977,34.26573426573427,3.4965034965034967,4.195804195804196,10.48951048951049,198.8555078683834
2ae19629-17fb-13a3-e055-000000000001,MARKET,29.477445288075035,106.74408217954444,50.022331397945514,92.00535953550693,240.28584189370255,311.5845539280959,131.8242343541944,3.1263957123715946,108.08396605627513,63.867798124162576,157.21304153640017,161.63003663003664
2ae19629-17fd-13a3-e055-000000000001,PROSPECT B,27.820710973724886,10.819165378670787,0.0,35.54868624420402,40.1854714064915,692.4265842349304,106.64605873261206,0.0,9.27357032457496,26.27511591962906,61.82380216383308,210.52631578947367
2ae19629-1801-13a3-e055-000000000001,SINGLAND A,28.57142857142857,8.51063829787234,0.0,13.98176291793313,26.747720364741642,712.9012719563901,106.60205935796486,5.47112462006079,9.726443768996962,9.726443768996962,24.316109422492403,239.8753894080997
2ae19629-17d7-13a3-e055-000000000001,RIVERSDALE,44.11764705882353,14.705882352941176,0.0,7.352941176470588,40.44117647058824,882.3529411764706,29.41176470588235,0.0,3.676470588235294,0.0,58.8235294117647,462.1212121212121
2ae19629-17e3-13a3-e055-000000000001,CASTLE D,38.786673296867235,12.928891098955743,4.475385380407758,23.371456986573843,58.180009945300846,737.275811924382,154.14444983034417,0.49726504226752855,20.8851317752362,9.448035803083043,54.201889607160616,576.9805680119582
2ae19629-17e5-13a3-e055-000000000001,CUSTOM HOUSE,20.29312288613303,160.0901916572717,30.439684329199547,99.2108229988726,210.82299887260427,256.4389697648376,92.9451287793953,0.0,66.5163472378805,23.67531003382187,170.23675310033823,70.29478458049887
2ae19629-17ea-13a3-e055-000000000001,FARRANSHONE,45.186640471512774,14.734774066797643,14.734774066797643,27.5049115913556,48.1335952848723,685.7976653696498,183.85214007782102,0.0,35.36345776031434,2.9469548133595285,65.81532416502947,490.9456740442656
2ae19629-17ee-13a3-e055-000000000001,CASHEL EAST,29.09090909090909,0.0,0.0,10.90909090909091,10.90909090909091,877.6978417266187,39.568345323741006,0.0,0.0,0.0,29.09090909090909,358.97435897435895
2ae19629-17ff-13a3-e055-000000000001,SHANNON A,38.99268887083672,67.42485783915515,98.2940698619009,108.85458976441917,291.6328188464663,161.66281755196306,170.90069284064666,0.0,122.66450040617384,24.37043054427295,162.46953696181964,111.02299762093575
2ae19629-1800-13a3-e055-000000000001,SHANNON B,34.03565640194489,59.967585089141004,43.76012965964344,77.79578606158833,307.1312803889789,231.07890499194846,180.35426731078906,0.0,123.98703403565641,63.209076175040515,151.53970826580226,97.27947238252267
2ae19629-1808-13a3-e055-000000000001,ARDAGH WEST,73.12252964426877,11.857707509881422,0.0,19.76284584980237,19.76284584980237,772.1021611001964,90.37328094302555,0.0,0.0,0.0,41.501976284584984,412.95546558704456
2ae19629-1812-13a3-e055-000000000001,KILBREW,32.44983898934853,40.128808521179096,11.64230864503344,76.29427792915531,61.67946494921972,673.9665354330708,156.49606299212599,0.7431260837255388,27.991082486995296,13.376269507059698,170.67129056229874,395.9455991788555
2ae19629-1815-13a3-e055-000000000001,RODANSTOWN,44.816414686825055,11.339092872570195,11.879049676025918,37.79697624190065,55.0755939524838,736.7292225201072,136.19302949061662,0.0,43.19654427645788,7.019438444924406,77.21382289416846,449.00284900284896
2ae19629-181e-13a3-e055-000000000001,SUMMERHILL,51.17565698478561,31.12033195020747,2.074688796680498,38.035961272475795,44.95159059474412,745.3544390915348,140.39917412250517,5.532503457814661,7.607192254495159,8.990318118948824,100.27662517289073,354.03283369022125
2ae19629-1820-13a3-e055-000000000001,TANKARDSTOWN,64.0495867768595,6.198347107438017,0.0,18.59504132231405,45.45454545454545,726.8993839835729,114.98973305954826,12.396694214876034,20.66115702479339,0.0,57.85123966942149,398.7206823027719
2ae19629-1821-13a3-e055-000000000001,TEMPLEPETER,32.188841201716734,4.291845493562231,0.0,10.729613733905579,21.459227467811157,782.9787234042553,80.85106382978724,4.291845493562231,4.291845493562231,0.0,25.751072961373392,377.4403470715835
2ae19629-1823-13a3-e055-000000000001,TINNAHINCH,67.48466257668711,3.067484662576687,0.0,19.938650306748464,9.202453987730062,828.7461773700305,87.1559633027523,0.0,1.5337423312883436,0.0,44.47852760736196,386.7924528301887
2ae19629-1824-13a3-e055-000000000001,ARDCATH,46.01518026565465,4.743833017077798,0.9487666034155597,15.180265654648956,29.41176470588235,789.5233600755073,106.65408211420481,2.371916508538899,5.692599620493358,6.1669829222011385,32.73244781783681,348.780487804878
2ae19629-1827-13a3-e055-000000000001,STACKALLAN,65.12890094979647,0.0,0.0,18.99592944369064,25.780189959294436,796.271637816245,119.84021304926765,0.0,4.07055630936228,0.0,50.203527815468114,364.3835616438356
2ae19629-1795-13a3-e055-000000000001,DROMTRASNA,70.04310344827586,12.931034482758621,1.0775862068965516,15.086206896551724,11.853448275862068,872.0430107526882,69.89247311827957,1.0775862068965516,1.0775862068965516,0.0,66.8103448275862,467.70601336302894
2ae19629-1799-13a3-e055-000000000001,DUNTRYLEAGUE,89.50617283950616,0.0,0.0,3.0864197530864197,9.25925925925926,855.8282208588957,82.82208588957054,0.0,3.0864197530864197,0.0,55.55555555555555,425.86750788643536
2ae19629-179a-13a3-e055-000000000001,EMLYGRENNAN,87.88598574821853,4.750593824228028,0.0,17.81472684085511,14.251781472684087,884.7058823529412,85.88235294117646,1.187648456057007,0.0,1.187648456057007,60.57007125890736,431.2039312039312
2ae19629-179d-13a3-e055-000000000001,FLEANMORE,26.08695652173913,0.0,0.0,0.0,0.0,943.4782608695652,47.82608695652174,0.0,0.0,0.0,8.695652173913043,532.1100917431193
2ae19629-179e-13a3-e055-000000000001,GALBALLY,71.55025553662692,6.814310051107325,0.0,5.110732538330494,15.332197614991482,880.952380952381,85.03401360544217,0.0,5.110732538330494,0.0,40.88586030664395,407.07964601769913
2ae19629-179f-13a3-e055-000000000001,KILFINNANE,73.12775330396477,12.334801762114537,0.0,12.334801762114537,22.90748898678414,799.4768962510898,112.46730601569311,1.762114537444934,4.405286343612335,1.762114537444934,47.57709251101322,396.92585895117537
2ae19629-17a3-13a3-e055-000000000001,KILMALLOCK,45.10961214165261,28.24620573355818,12.647554806070826,16.863406408094434,26.138279932546375,779.40560904144,67.39221431561322,42.580101180438454,24.873524451939293,2.1079258010118043,69.9831365935919,321.96806214933105
2ae19629-17a4-13a3-e055-000000000001,KILMEEDY,30.054644808743166,5.46448087431694,0.0,5.46448087431694,13.66120218579235,855.9782608695651,108.69565217391305,0.0,2.73224043715847,0.0,19.12568306010929,495.77464788732397
2ae19629-1872-13a3-e055-000000000001,CRANEMORE,45.37953795379538,60.23102310231023,3.3003300330033003,22.277227722772277,27.22772277227723,596.88013136289,103.44827586206897,33.82838283828383,5.775577557755775,0.8250825082508251,94.88448844884488,362.6373626373626
2ae19629-1878-13a3-e055-000000000001,DONAGHPATRICK,46.710195881466596,1.0045203415369162,0.0,8.03616273229533,32.64691109994977,851.2974051896207,82.83433133732535,0.0,7.5339025615268715,4.520341536916122,31.64239075841286,487.4035989717224
2ae19629-1882-13a3-e055-000000000001,DULEEK,42.8341384863124,14.170692431561996,1.4492753623188406,36.070853462157814,67.14975845410629,745.12,100.0,0.644122383252818,9.98389694041868,21.256038647342997,88.88888888888889,307.36216573126444
2ae19629-1883-13a3-e055-000000000001,DUNBOYNE,44.84093269139998,16.52034362314736,8.873784574719153,59.75644293401302,73.35032568677428,670.8730603851187,141.7087306038512,0.6608137449258944,32.7574813556122,14.537902388369679,121.58972906636457,422.0954958438044
2ae19629-1888-13a3-e055-000000000001,JOHNSTOWN,36.24382207578253,9.884678747940692,0.0,3.2948929159802307,8.237232289950576,860.655737704918,67.21311475409836,47.77594728171334,0.0,1.6474464579901154,23.064250411861615,465.3130287648054
2ae19629-1890-13a3-e055-000000000001,GALLOW,37.55868544600939,12.206572769953052,3.755868544600939,14.084507042253522,35.68075117370892,794.3661971830986,109.85915492957747,0.0,7.511737089201878,1.8779342723004695,53.52112676056338,398.838334946757
2ae19629-1895-13a3-e055-000000000001,KILLEDMOND,48.67256637168141,0.0,0.0,28.761061946902654,17.699115044247787,781.6593886462882,113.53711790393014,0.0,2.2123893805309733,0.0,53.097345132743364,352.2727272727273
2ae19629-1899-13a3-e055-000000000001,STRADE,119.68503937007874,0.0,0.0,7.874015748031496,15.748031496062993,816.0741885625966,111.28284389489954,0.0,1.574803149606299,0.0,34.645669291338585,422.22222222222223
2ae19629-1870-13a3-e055-000000000001,KNOCKLOUGH,66.98564593301435,23.923444976076556,0.0,23.923444976076556,23.923444976076556,791.4691943127962,170.61611374407585,0.0,4.784688995215311,0.0,81.33971291866028,357.843137254902
2ae19629-1873-13a3-e055-000000000001,FENNAGH,43.32552693208431,11.7096018735363,2.34192037470726,17.564402810304447,18.73536299765808,771.2952158693116,96.8494749124854,0.0,3.51288056206089,1.17096018735363,60.88992974238876,341.4634146341464
2ae19629-187b-13a3-e055-000000000001,MAPERATH,42.944785276073624,4.08997955010225,0.0,22.494887525562373,20.449897750511248,832.3232323232323,92.92929292929293,0.0,0.0,2.044989775051125,61.34969325153374,397.89473684210526
2ae19629-1889-13a3-e055-000000000001,KELLISTOWN,49.18032786885246,1.0245901639344264,0.0,12.295081967213115,20.491803278688522,811.6089613034623,93.68635437881873,0.0,3.0737704918032787,1.0245901639344264,37.90983606557377,397.5026014568158
2ae19629-188c-13a3-e055-000000000001,SLIEVEMORE,203.68364030335863,1.0834236186348862,0.0,10.834236186348862,27.085590465872155,836.7768595041323,110.53719008264463,0.0,3.2502708559046587,0.0,67.17226435536294,453.40314136125653
2ae19629-1892-13a3-e055-000000000001,NAVAN RURAL,43.82181646466236,37.399653706910115,8.783252006925862,80.37147804186998,84.24366441051471,684.5021916092674,123.79461490294302,19.23500708326775,37.02187942704234,38.65890130646939,163.95403746261607,349.0357049778473
2ae19629-189c-13a3-e055-000000000001,GALTRIM,42.30769230769231,2.5641025641025643,0.0,42.30769230769231,29.487179487179485,830.5941845764855,98.60935524652339,0.0,3.8461538461538463,6.41025641025641,66.66666666666667,454.3046357615894
2ae19629-18a0-13a3-e055-000000000001,KYLE,30.726256983240223,11.1731843575419,0.0,0.0,19.553072625698324,861.1111111111112,63.888888888888886,0.0,2.793296089385475,0.0,22.3463687150838,401.70940170940173
2ae19629-1807-13a3-e055-000000000001,ARDAGH EAST,63.36088154269973,4.132231404958678,0.0,19.28374655647383,15.151515151515152,772.6027397260275,91.78082191780821,1.3774104683195594,0.0,1.3774104683195594,46.83195592286501,382.97872340425533
2ae19629-180d-13a3-e055-000000000001,BALLYMUIGH,38.13559322033898,46.610169491525426,0.0,16.949152542372882,8.474576271186441,852.3206751054853,71.72995780590718,0.0,4.237288135593221,0.0,76.27118644067797,359.3073593073593
2ae19629-1816-13a3-e055-000000000001,RIDGE,40.67796610169491,0.0,0.0,16.949152542372882,30.508474576271187,647.6510067114094,93.95973154362416,3.389830508474576,3.389830508474576,0.0,40.67796610169491,378.839590443686
2ae19629-1818-13a3-e055-000000000001,SLIGUFF,53.66726296958855,12.522361359570663,0.0,3.5778175313059033,8.944543828264758,771.0196779964223,112.70125223613596,3.5778175313059033,8.944543828264758,1.7889087656529516,35.77817531305903,393.7728937728938
2ae19629-182a-13a3-e055-000000000001,TELTOWN,48.97959183673469,7.142857142857142,0.0,6.122448979591836,24.489795918367346,847.2505091649695,83.50305498981669,0.0,4.081632653061225,0.0,23.46938775510204,458.64661654135335
2ae19629-182b-13a3-e055-000000000001,TRIM RURAL,56.13305613305614,25.604551920341393,6.237006237006238,43.7684648210964,41.79888390414706,741.9845668949027,151.07053581132485,9.519641098588467,22.650180544917387,7.987744829850093,101.43341722289091,389.3516434038721
2ae19629-182c-13a3-e055-000000000001,TRIM URBAN,51.132213294375454,40.17531044558072,7.304601899196494,85.46384222059898,59.1672753834916,679.6818510484453,144.61315979754158,2.191380569758948,27.757487216946675,13.878743608473338,155.5880204528853,275.187969924812
2ae19629-182e-13a3-e055-000000000001,MANULLA,84.4354018311292,7.121057985757885,0.0,8.138351983723295,19.328585961342828,858.728557013118,71.64480322906155,0.0,4.0691759918616475,2.0345879959308237,52.89928789420142,424.55775234131113
2ae19629-180f-13a3-e055-000000000001,BUNLAHY,66.66666666666667,8.88888888888889,0.0,0.0,35.55555555555556,853.3333333333334,62.22222222222222,0.0,4.444444444444445,0.0,48.88888888888889,385.32110091743124
2ae19629-1819-13a3-e055-000000000001,ARDAGH,51.395007342143906,0.0,0.0,10.279001468428781,13.215859030837004,848.9736070381232,46.9208211143695,0.0,0.0,1.4684287812041115,23.494860499265783,364.4578313253012
2ae19629-181a-13a3-e055-000000000001,ARDBRACCAN,50.5307855626327,2.1231422505307855,0.8492569002123143,19.532908704883226,30.148619957537154,840.4570461278036,93.94837071519255,0.42462845010615713,3.821656050955414,2.5477707006369426,48.83227176220807,423.1107205623902
2ae19629-181f-13a3-e055-000000000001,TARA,48.52320675105485,0.7032348804500703,0.0,14.767932489451477,33.05203938115331,764.6657571623465,107.09413369713506,0.7032348804500703,2.109704641350211,5.625879043600563,36.56821378340366,419.44641589779985
2ae19629-1822-13a3-e055-000000000001,TIKNOCK,25.936599423631126,0.0,11.527377521613833,5.763688760806916,34.5821325648415,758.6206896551723,155.17241379310346,0.0,25.936599423631126,0.0,25.936599423631126,390.02932551319645
2ae19629-1825-13a3-e055-000000000001,ARDMULCHAN,42.666666666666664,3.555555555555556,0.0,34.666666666666664,30.222222222222225,837.2911169744943,75.63764291996482,0.0,5.333333333333333,3.555555555555556,63.111111111111114,413.4790528233151
2ae19629-1826-13a3-e055-000000000001,St. MARY'S,48.24292886004653,26.93767601322395,20.142035018978817,64.46675645892005,84.60879147789886,658.1722855575199,170.4566237883314,0.3061099546957267,62.630096730745684,27.121341986041386,137.320925676503,369.59012219959266
2ae19629-1829-13a3-e055-000000000001,STAMULLIN,43.42178511783262,20.96863982185934,7.793653739098163,40.45277416960475,38.22601595843385,736.428440870042,146.04277097422775,0.3711263685284839,20.7830766375951,12.803859714232697,94.08053442197068,373.6513344690517
2ae19629-182d-13a3-e055-000000000001,LOUISBURGH,126.72176308539946,5.5096418732782375,0.0,27.548209366391184,33.976124885215796,741.2712623097583,147.7170993733214,0.0,1.8365472910927456,0.0,92.74563820018365,445.0600184672207
2ae19629-1831-13a3-e055-000000000001,BALLINLOUGH,27.27272727272727,13.636363636363635,4.545454545454545,36.36363636363636,9.09090909090909,836.3636363636363,118.18181818181817,0.0,0.0,0.0,72.72727272727272,462.61682242990656
2ae19629-1837-13a3-e055-000000000001,BALLINACARRIG,43.82826475849732,3.5778175313059033,9.838998211091235,17.889087656529515,13.416815742397137,770.9447415329769,129.23351158645278,12.522361359570663,16.100178890876567,2.6833631484794274,34.883720930232556,464.94464944649445
2ae19629-183a-13a3-e055-000000000001,BALLYBOGGAN,38.93805309734513,21.238938053097346,0.0,7.079646017699115,19.469026548672566,724.8677248677249,84.65608465608466,0.0,0.0,0.0,56.63716814159292,318.91891891891896
2ae19629-183e-13a3-e055-000000000001,KILLALLON,58.63192182410423,0.0,0.0,26.058631921824105,32.57328990228013,780.952380952381,111.1111111111111,0.0,0.0,0.0,58.63192182410423,346.4052287581699
2ae19629-1849-13a3-e055-000000000001,CARRICKLECK,51.111111111111114,0.0,0.0,11.11111111111111,17.77777777777778,833.6980306345732,72.21006564551423,0.0,2.2222222222222223,2.2222222222222223,22.22222222222222,317.46031746031747
2ae19629-1853-13a3-e055-000000000001,CASTLERICKARD,35.28360875390799,22.778025904421618,2.2331397945511386,26.79767753461367,35.73023671281822,768.5803293279929,110.81441922563417,0.4466279589102278,22.778025904421618,11.612326931665923,72.3537293434569,369.2449355432781
2ae19629-1856-13a3-e055-000000000001,KILMAINHAM,65.49707602339181,7.017543859649123,4.678362573099415,9.35672514619883,14.035087719298247,856.4760793465578,78.17969661610269,0.0,4.678362573099415,1.1695906432748537,44.44444444444444,302.2974607013301
2ae19629-17a5-13a3-e055-000000000001,KILMOYLAN,60.60606060606061,2.5252525252525255,0.0,0.0,22.727272727272727,907.035175879397,50.25125628140704,0.0,0.0,0.0,47.97979797979798,346.45669291338584
2ae19629-17a8-13a3-e055-000000000001,GRANGE,34.7985347985348,3.663003663003663,0.0,0.0,18.315018315018317,840.867992766727,83.18264014466546,0.0,1.8315018315018314,0.0,18.315018315018317,482.24299065420564
2ae19629-17a9-13a3-e055-000000000001,GREAN,49.28664072632944,5.836575875486381,0.0,3.8910505836575875,14.915693904020753,872.0930232558139,71.70542635658914,1.297016861219196,7.782101167315175,1.9455252918287937,31.776913099870296,425.23364485981307
2ae19629-17ad-13a3-e055-000000000001,KILBEHENY,41.04477611940298,3.7313432835820897,0.0,11.194029850746269,11.194029850746269,822.2222222222222,151.85185185185185,0.0,3.7313432835820897,0.0,37.31343283582089,400.0
2ae19629-17af-13a3-e055-000000000001,KILDIMO,48.31625183016106,10.248901903367496,2.9282576866764276,2.9282576866764276,16.105417276720353,837.2093023255815,114.82558139534883,0.0,5.856515373352855,0.0,32.210834553440705,537.202380952381
2ae19629-17bb-13a3-e055-000000000001,KILTEELY,45.97701149425287,8.210180623973727,0.0,4.926108374384237,13.136288998357964,903.4369885433715,45.826513911620296,1.6420361247947455,0.0,0.0,27.914614121510674,452.26130653266335
2ae19629-17c7-13a3-e055-000000000001,MOUNTCOLLINS,97.5103734439834,22.821576763485474,0.0,4.149377593360996,14.522821576763485,847.560975609756,97.5609756097561,0.0,0.0,2.074688796680498,74.68879668049793,423.7995824634655
2ae19629-17ca-13a3-e055-000000000001,TOBERNEA,46.30969609261939,1.447178002894356,0.0,7.23589001447178,13.024602026049203,877.521613832853,72.04610951008645,5.788712011577424,4.341534008683069,2.894356005788712,10.130246020260492,507.4850299401198
2ae19629-189b-13a3-e055-000000000001,TAGHEEN,16.0427807486631,0.0,0.0,21.390374331550802,48.1283422459893,834.2245989304813,37.4331550802139,0.0,0.0,0.0,21.390374331550802,435.48387096774195
2ae19629-189d-13a3-e055-000000000001,GIRLEY,78.29977628635346,2.237136465324385,0.0,31.319910514541387,20.13422818791946,786.0262008733624,104.80349344978166,2.237136465324385,2.237136465324385,6.7114093959731544,67.11409395973155,373.8532110091743
2ae19629-189f-13a3-e055-000000000001,NOBBER,55.07955936352509,2.4479804161566707,4.8959608323133414,34.27172582619339,33.047735618115055,748.1751824817519,98.54014598540147,2.4479804161566707,9.791921664626683,4.8959608323133414,79.5593635250918,357.5909661229611
2ae19629-18a9-13a3-e055-000000000001,PAINESTOWN,28.77697841726619,4.796163069544364,3.1974420463629096,27.97761790567546,33.57314148681055,843.6507936507936,84.92063492063492,5.595523581135092,7.194244604316547,12.789768185451639,51.159072741806554,380.9135399673736
2ae19629-18aa-13a3-e055-000000000001,POSSECKSTOWN,57.291666666666664,26.041666666666668,0.0,15.625,31.25,813.4715025906736,67.35751295336787,0.0,0.0,10.416666666666666,36.458333333333336,403.1413612565445
2ae19629-18ab-13a3-e055-000000000001,MUINEBEAG RURAL,36.312849162011176,25.139664804469277,0.0,2.793296089385475,30.726256983240223,803.8942976356051,115.43810848400557,4.189944134078212,5.58659217877095,0.0,55.865921787709496,440.75144508670525
2ae19629-18af-13a3-e055-000000000001,TUMGESH,157.14285714285714,0.0,0.0,2.857142857142857,8.571428571428571,848.5714285714286,77.14285714285714,0.0,2.857142857142857,0.0,51.42857142857143,368.4210526315789
2ae19629-18b0-13a3-e055-000000000001,TURLOUGH,65.06180871828236,0.6506180871828238,2.602472348731295,9.759271307742356,14.31359791802212,839.1025641025641,68.58974358974359,12.36174365647365,5.20494469746259,0.0,27.97657774886142,488.0636604774536
2ae19629-18b4-13a3-e055-000000000001,RAHINSTOWN,44.747081712062254,5.836575875486381,0.0,3.8910505836575875,23.346303501945524,804.642166344294,106.38297872340425,0.0,1.9455252918287937,9.72762645914397,35.01945525291829,457.0858283433133
2ae19629-18ba-13a3-e055-000000000001,WESTPORT RURAL,93.87755102040816,11.661807580174926,2.3323615160349855,18.658892128279884,32.06997084548105,796.4347326049453,128.2346175963197,0.5830903790087464,12.244897959183673,0.5830903790087464,57.72594752186589,522.7138643067847
2ae19629-18bc-13a3-e055-000000000001,ARDNAREE SOUTH URBAN,90.22869022869024,30.76923076923077,7.0686070686070686,15.384615384615385,27.027027027027028,823.2615894039735,86.09271523178808,51.143451143451145,10.81081081081081,3.7422037422037424,83.16008316008316,304.6075085324232
2ae19629-18c1-13a3-e055-000000000001,RATHMOLYON,33.1925165962583,14.48400724200362,4.224502112251057,12.673506336753167,25.950512975256487,787.3493975903615,124.09638554216868,0.6035003017501509,16.294508147254074,3.017501508750754,43.45202172601086,410.5131414267835
2ae19629-18cd-13a3-e055-000000000001,BALLYCROY NORTH,116.10486891385769,0.0,0.0,7.49063670411985,33.70786516853933,835.0877192982457,80.70175438596492,0.0,0.0,0.0,63.67041198501873,348.9208633093525
2ae19629-18d1-13a3-e055-000000000001,DEEL,63.265306122448976,2.0408163265306123,0.0,14.285714285714285,12.244897959183673,885.9470468431772,40.73319755600815,0.0,2.0408163265306123,0.0,20.408163265306122,389.4736842105263
2ae19629-18d5-13a3-e055-000000000001,LOUGHANBOY,128.9308176100629,0.0,0.0,40.880503144654085,6.289308176100629,817.3374613003095,74.30340557275541,0.0,0.0,0.0,97.48427672955975,353.5031847133758
2ae19629-18e1-13a3-e055-000000000001,DRUMMULLAGH,330.3994583615437,8.801624915368992,0.0,31.14421123899797,43.331076506431955,713.6212624584718,95.01661129568106,4.739336492890995,7.447528774542993,8.124576844955993,79.89167230873393,326.9493844049248
2ae19629-1847-13a3-e055-000000000001,BOHERBOY,77.1604938271605,0.0,0.0,18.51851851851852,15.432098765432098,854.9382716049383,98.76543209876543,0.0,3.0864197530864197,0.0,18.51851851851852,360.12861736334406
2ae19629-184a-13a3-e055-000000000001,CASTLEJORDAN,27.459954233409608,13.729977116704804,0.0,18.30663615560641,13.729977116704804,838.6363636363636,70.45454545454545,2.288329519450801,0.0,0.0,43.47826086956522,323.11320754716985
2ae19629-184c-13a3-e055-000000000001,KILLEEN,50.19607843137255,8.627450980392156,0.0,14.11764705882353,21.96078431372549,783.3203429462197,117.69290724863602,0.0,6.2745098039215685,0.7843137254901961,37.647058823529406,463.90916463909167
2ae19629-184d-13a3-e055-000000000001,BALLYMURPHY,42.5531914893617,0.0,0.0,3.5460992907801416,3.5460992907801416,897.1631205673759,78.01418439716312,0.0,0.0,0.0,35.46099290780142,362.6373626373626
2ae19629-1850-13a3-e055-000000000001,MURNEEN,103.54223433242507,2.7247956403269753,0.0,40.87193460490463,10.899182561307901,857.5268817204301,99.46236559139784,2.7247956403269753,2.7247956403269753,0.0,98.09264305177112,444.74393530997304
2ae19629-1855-13a3-e055-000000000001,KILLYON,38.72053872053872,3.3670033670033668,0.0,3.3670033670033668,26.936026936026934,800.0,119.32773109243698,0.0,1.6835016835016834,0.0,25.252525252525253,362.69430051813475
2ae19629-185a-13a3-e055-000000000001,CLONEGALL,49.090909090909086,7.2727272727272725,0.0,8.181818181818182,15.454545454545455,779.1855203619909,90.49773755656108,4.545454545454545,1.8181818181818181,0.0,45.45454545454545,385.19212746016865
2ae19629-1875-13a3-e055-000000000001,RATHOMA,85.3658536585366,0.0,0.0,0.0,12.195121951219512,790.3225806451612,120.96774193548387,0.0,0.0,0.0,36.58536585365854,382.71604938271605
2ae19629-1835-13a3-e055-000000000001,TROHANNY,58.47953216374269,2.923976608187134,2.923976608187134,11.695906432748536,8.771929824561402,851.7441860465116,58.13953488372093,5.847953216374268,5.847953216374268,0.0,38.01169590643275,375.7396449704142
2ae19629-1836-13a3-e055-000000000001,AGHA,21.58273381294964,0.0,0.0,7.194244604316547,19.184652278177456,847.255369928401,57.279236276849645,0.0,4.796163069544364,0.0,11.990407673860911,453.20197044334975
2ae19629-183c-13a3-e055-000000000001,BALRATHBOYNE,46.80187207488299,3.1201248049921997,0.0,32.7613104524181,35.881435257410295,822.7060653188181,93.31259720062208,0.0,1.5600624024960998,0.0,65.5226209048362,395.8333333333333
2ae19629-1842-13a3-e055-000000000001,BALLYELLIN,60.53811659192825,6.72645739910314,0.0,8.968609865470851,13.45291479820628,771.6186252771619,95.34368070953437,8.968609865470851,2.242152466367713,0.0,51.569506726457405,393.1818181818182
2ae19629-1859-13a3-e055-000000000001,CLOGRENAN,50.487156775907884,12.400354295837024,0.0,19.486271036315323,17.71479185119575,794.3760984182777,109.84182776801406,0.8857395925597874,4.428697962798937,6.200177147918512,56.687333923826394,381.73515981735164
2ae19629-185e-13a3-e055-000000000001,OWENBRIN,104.76190476190476,4.761904761904763,0.0,47.61904761904761,23.809523809523807,849.7652582159625,126.76056338028168,0.0,0.0,0.0,90.47619047619047,741.4634146341464
2ae19629-1861-13a3-e055-000000000001,CROSSAKEEL,62.06896551724138,6.896551724137931,0.0,46.55172413793104,6.896551724137931,784.7457627118644,101.6949152542373,3.4482758620689653,0.0,6.896551724137931,74.13793103448275,363.95759717314485
2ae19629-1876-13a3-e055-000000000001,ROSLEE,73.0593607305936,0.0,0.0,9.1324200913242,6.8493150684931505,916.4785553047404,45.146726862302486,0.0,0.0,0.0,43.37899543378995,407.9254079254079
2ae19629-1860-13a3-e055-000000000001,CLONMACDUFF,41.1764705882353,3.9215686274509802,0.0,1.9607843137254901,15.686274509803921,868.2170542635658,98.83720930232558,0.0,1.9607843137254901,0.0,17.647058823529413,445.7831325301205
2ae19629-1862-13a3-e055-000000000001,KILMESSAN,46.28632938643703,15.069967707212056,6.458557588805167,31.754574811625407,36.06027987082885,748.8025545502926,126.13092070250134,0.0,19.3756727664155,12.378902045209902,76.42626480086113,378.1512605042017
2ae19629-1866-13a3-e055-000000000001,CORRIES,57.24508050089445,3.5778175313059033,1.7889087656529516,7.155635062611807,12.522361359570663,842.8571428571429,96.42857142857143,0.0,1.7889087656529516,0.0,33.98926654740608,290.2033271719039
2ae19629-1869-13a3-e055-000000000001,PORTROYAL,97.43589743589743,3.4188034188034186,1.7094017094017093,29.05982905982906,47.863247863247864,815.9203980099502,117.74461028192373,0.0,3.4188034188034186,3.4188034188034186,83.76068376068376,534.923339011925
2ae19629-186c-13a3-e055-000000000001,CRUICETOWN,47.961630695443645,7.194244604316547,0.0,16.786570743405274,43.16546762589928,810.5515587529976,115.10791366906476,0.0,2.398081534772182,4.796163069544364,59.95203836930456,407.4074074074074
2ae19629-186d-13a3-e055-000000000001,CULMULLIN,51.02040816326531,2.3547880690737832,0.7849293563579278,18.838304552590266,23.547880690737834,819.1738113795791,115.35463756819954,0.0,3.1397174254317113,0.0,38.46153846153847,484.5528455284553
2ae19629-186e-13a3-e055-000000000001,DONAGHMORE,35.476089115935864,33.134667234284095,9.93330495246204,85.71023130410103,79.46643961969632,645.4244918055848,167.05352746711682,0.9223783170143324,36.18561089825457,20.64708386547467,170.99474953881082,380.6123951126159
2ae19629-186f-13a3-e055-000000000001,KILSKEER,58.8235294117647,11.312217194570135,0.0,6.787330316742081,29.41176470588235,781.5315315315315,99.0990990990991,0.0,0.0,0.0,42.98642533936651,376.44341801385684
2ae19629-17d1-13a3-e055-000000000001,PORT,94.75806451612902,2.0161290322580645,0.0,4.032258064516129,16.129032258064516,867.4698795180723,88.35341365461848,0.0,8.064516129032258,8.064516129032258,34.274193548387096,477.2727272727273
2ae19629-17d2-13a3-e055-000000000001,RATHKEALE RURAL,53.96825396825397,3.1746031746031744,0.0,22.22222222222222,9.523809523809526,869.8412698412699,50.79365079365079,0.0,0.0,0.0,28.57142857142857,447.7124183006536
2ae19629-17d4-13a3-e055-000000000001,RATHMORE,55.921052631578945,0.0,0.0,6.578947368421052,9.868421052631579,837.1335504885994,97.7198697068404,0.0,3.289473684210526,0.0,29.605263157894736,500.0
2ae19629-17e0-13a3-e055-000000000001,CASTLE A,29.72972972972973,10.81081081081081,19.81981981981982,25.225225225225223,93.69369369369369,636.4444444444445,224.88888888888889,0.9009009009009009,31.531531531531527,9.00900900900901,94.5945945945946,406.7796610169492
2ae19629-17e8-13a3-e055-000000000001,DOCK C,30.52064631956912,24.23698384201077,13.464991023339318,35.00897666068223,104.12926391382406,579.8394290811775,197.14540588760036,0.8976660682226212,43.98563734290844,15.26032315978456,80.7899461400359,386.4468864468865
2ae19629-17e9-13a3-e055-000000000001,DOCK D,49.00662251655629,29.139072847682122,41.05960264900662,45.033112582781456,165.56291390728478,625.9351620947631,194.51371571072318,0.0,83.44370860927152,59.602649006622514,140.3973509933775,467.4329501915709
2ae19629-17f2-13a3-e055-000000000001,COLUMBKILLE,63.35616438356165,8.561643835616438,0.0,6.8493150684931505,6.8493150684931505,854.7008547008546,52.99145299145299,0.0,3.4246575342465753,0.0,32.534246575342465,397.54816112084063
2ae19629-17fa-13a3-e055-000000000001,KILLEELY B,32.62092238470191,29.24634420697413,1.124859392575928,21.372328458942633,34.87064116985377,616.8539325842697,98.87640449438203,13.498312710911136,1.124859392575928,1.124859392575928,23.62204724409449,173.963133640553
2ae19629-18b2-13a3-e055-000000000001,HILL of DOWN,37.73584905660377,6.861063464837049,0.0,8.576329331046313,37.73584905660377,806.1749571183533,89.19382504288164,1.7152658662092624,0.0,1.7152658662092624,36.02058319039451,380.9523809523809
2ae19629-18b3-13a3-e055-000000000001,INNFIELD,39.0899689762151,24.40537745604964,8.686659772492245,47.98345398138573,52.94725956566701,707.9044874433923,144.70975710168793,0.827300930713547,31.43743536711479,21.302998965873837,103.41261633919338,384.99358700299274
2ae19629-18b5-13a3-e055-000000000001,RATHFEIGH,63.81039197812215,3.6463081130355515,1.8231540565177757,20.96627164995442,19.143117593436646,796.5641952983725,117.54068716094032,0.9115770282588879,8.204193254329992,0.9115770282588879,59.25250683682771,422.78719397363466
2ae19629-18c2-13a3-e055-000000000001,RATHORNAN,43.57798165137615,2.293577981651376,0.0,4.587155963302752,11.46788990825688,847.0319634703196,52.51141552511415,0.0,9.174311926605505,0.0,25.22935779816514,453.7037037037037
2ae19629-18c5-13a3-e055-000000000001,LACKAN NORTH,139.53488372093022,0.0,0.0,6.644518272425249,13.289036544850498,862.7450980392157,78.43137254901961,0.0,0.0,3.3222591362126246,69.76744186046511,380.79470198675494
2ae19629-18cb-13a3-e055-000000000001,BALLINROBE,61.59863114153019,69.90955756538744,7.822048398924468,74.55389880224884,54.998777804937674,699.3686255463817,110.24769305488101,33.73258372036177,43.510144219017356,2.9332681495966755,175.50721095086777,344.3324937027708
2ae19629-18cc-13a3-e055-000000000001,BALLYCASTLE,104.81099656357388,1.7182130584192439,0.0,12.027491408934708,27.491408934707902,830.7692307692308,58.11965811965812,0.0,0.0,1.7182130584192439,67.01030927835052,412.17391304347825
2ae19629-18db-13a3-e055-000000000001,DOOEGA,166.08996539792386,3.4602076124567476,19.031141868512112,13.84083044982699,13.84083044982699,797.2972972972973,106.41891891891892,0.0,22.49134948096886,0.0,64.01384083044982,622.4137931034483
2ae19629-18e5-13a3-e055-000000000001,BALLYHOWLY,81.02345415778252,6.3965884861407245,10.660980810234541,40.51172707889126,19.189765458422176,835.0730688935282,85.59498956158663,0.0,21.321961620469082,0.0,81.02345415778252,542.1166306695465
2ae19629-18e7-13a3-e055-000000000001,EMLAGH,161.58536585365854,0.0,0.0,9.146341463414634,45.73170731707317,734.1389728096676,166.1631419939577,0.0,3.048780487804878,6.097560975609756,106.70731707317073,339.5638629283489
2ae19629-18e8-13a3-e055-000000000001,ERRIFF,26.785714285714285,0.0,0.0,8.928571428571429,62.5,821.4285714285714,35.714285714285715,0.0,0.0,8.928571428571429,26.785714285714285,285.7142857142857
2ae19629-18eb-13a3-e055-000000000001,DOORY,65.21739130434783,0.0,0.0,14.492753623188406,12.077294685990339,889.4230769230769,52.88461538461539,0.0,0.0,0.0,33.81642512077295,391.0891089108911
2ae19629-18f5-13a3-e055-000000000001,DRUMLISH,79.95226730310262,20.883054892601432,0.5966587112171838,40.572792362768496,76.37231503579953,799.6432818073722,83.82877526753863,7.159904534606206,10.739856801909307,11.336515513126491,122.91169451073985,343.7110834371108
2ae19629-18f7-13a3-e055-000000000001,MEATHAS TRUIM,43.05442729488221,52.80259951259139,6.498781478472786,166.93744922826968,108.44841592201462,573.6778360920468,75.09083568833266,9.74817221770918,57.270511779041435,62.956945572705116,189.2770105605199,233.40292275574112
2ae19629-18f9-13a3-e055-000000000001,HAGGARDSTOWN,129.68174929638448,9.742368478025547,7.793894782420438,37.99523706429963,54.99025763152198,734.7597032577142,134.71669712934093,4.979432777657501,19.484736956051094,39.510716605325825,70.90279281229702,405.33273582791844
2ae19629-18fb-13a3-e055-000000000001,BANGOR,95.61752988047809,3.9840637450199203,3.9840637450199203,3.9840637450199203,5.9760956175298805,919.2913385826772,27.559055118110237,3.9840637450199203,5.9760956175298805,0.0,29.880478087649404,334.7107438016529
2ae19629-1879-13a3-e055-000000000001,DRUMCONDRA,58.045554739162384,11.756061719324025,0.0,17.63409257898604,23.51212343864805,843.0232558139536,64.68023255813954,0.7347538574577516,0.0,2.9390154298310063,58.78030859662013,364.72346786248136
2ae19629-1885-13a3-e055-000000000001,MOYBOLGUE,50.909090909090914,3.6363636363636362,0.0,3.6363636363636362,29.09090909090909,876.8115942028985,50.72463768115942,0.0,3.6363636363636362,0.0,25.454545454545457,359.5505617977528
2ae19629-1887-13a3-e055-000000000001,HAROLDSTOWN,44.72843450479233,0.0,0.0,15.974440894568689,38.33865814696485,748.4076433121019,70.06369426751593,6.3897763578274756,0.0,0.0,47.92332268370607,346.53465346534654
2ae19629-188a-13a3-e055-000000000001,KILBRIDE,39.647577092511014,8.81057268722467,0.0,22.026431718061676,11.013215859030838,689.9563318777293,91.70305676855895,0.0,4.405286343612335,2.2026431718061676,41.85022026431718,360.8017817371937
2ae19629-188d-13a3-e055-000000000001,SONNAGH,124.8986212489862,20.2757502027575,5.6772100567721,9.732360097323602,24.330900243309003,835.7487922705315,87.76167471819646,8.110300081103,7.299270072992701,2.4330900243309004,78.6699107866991,394.8675496688742
2ae19629-1891-13a3-e055-000000000001,MOYNALTY,38.88024883359253,0.0,3.1104199066874028,18.66251944012442,6.2208398133748055,856.9230769230769,70.76923076923076,1.5552099533437014,3.1104199066874028,0.0,32.65940902021773,377.1790808240887
2ae19629-1894-13a3-e055-000000000001,NEWCASTLE,47.511312217194565,4.524886877828055,0.0,6.787330316742081,22.62443438914027,865.7718120805368,44.742729306487696,9.04977375565611,2.2624434389140275,0.0,29.41176470588235,334.10138248847926
2ae19629-189a-13a3-e055-000000000001,SWINEFORD,119.62833914053427,9.291521486643438,5.420054200542006,15.098722415795587,31.358885017421603,836.8200836820083,84.44275389882084,10.840108401084011,11.227255129694155,3.097173828881146,71.23499806426636,389.76377952755905
2ae19629-1877-13a3-e055-000000000001,SALLYMOUNT,133.20079522862824,0.0,0.0,9.940357852882704,5.964214711729622,907.6620825147348,45.186640471512774,0.0,1.9880715705765406,0.0,55.666003976143145,440.5737704918033
2ae19629-1893-13a3-e055-000000000001,NAVAN URBAN,41.864139020537124,40.28436018957346,15.534491837809373,161.92733017377566,125.06582411795684,546.1457787100156,157.8395385422129,14.218009478672984,59.768299104792,24.48657187993681,228.2780410742496,245.61883899233297
2ae19629-18a2-13a3-e055-000000000001,MARLEY,58.13953488372093,0.0,0.0,2.3255813953488373,6.976744186046512,819.8614318706698,92.37875288683603,2.3255813953488373,0.0,0.0,18.6046511627907,402.4096385542168
2ae19629-18a6-13a3-e055-000000000001,GRANGEGEETH,31.746031746031743,14.43001443001443,0.0,15.873015873015872,30.303030303030305,830.2158273381294,99.28057553956835,0.0,1.443001443001443,0.0,49.06204906204906,366.61698956780924
2ae19629-18ac-13a3-e055-000000000001,MUINEBEAG URBAN,45.423497267759565,57.37704918032787,4.439890710382514,22.19945355191257,34.83606557377049,819.3548387096774,89.30390492359932,1.7076502732240437,17.759562841530055,3.0737704918032787,114.07103825136612,302.90311297656524
2ae19629-18ae-13a3-e055-000000000001,NURNEY,31.782065834279226,5.675368898978434,0.0,11.350737797956867,3.40522133938706,827.5475923852183,73.90817469204927,0.0,0.0,0.0,30.64699205448354,430.0578034682081
2ae19629-18bd-13a3-e055-000000000001,JULIANSTOWN,57.48639634895559,17.81639459364578,5.178163945936458,47.65666140073723,113.83184131999298,653.8561864185724,160.420832971046,1.9308407934000351,42.56626294540986,47.217833947691766,112.77865543268386,371.60883280757093
2ae19629-18c3-13a3-e055-000000000001,RATHRUSH,45.25288376220053,9.760425909494232,2.6619343389529724,5.323868677905945,10.64773735581189,797.190517998244,93.06409130816505,6.211180124223602,3.5492457852706303,0.8873114463176576,38.15439219165928,413.5135135135135
2ae19629-1874-13a3-e055-000000000001,GARRYHILL,51.401869158878505,6.230529595015576,0.0,1.557632398753894,9.345794392523365,845.679012345679,58.641975308641975,0.0,0.0,0.0,26.4797507788162,451.7684887459807
2ae19629-187a-13a3-e055-000000000001,LOUGHAN,42.5531914893617,12.76595744680851,0.0,17.02127659574468,19.148936170212767,825.9023354564756,114.64968152866243,0.0,6.382978723404255,8.51063829787234,42.5531914893617,361.8421052631579
2ae19629-187d-13a3-e055-000000000001,GLYNN,45.91836734693878,7.653061224489796,0.0,7.653061224489796,10.204081632653061,886.0759493670886,81.0126582278481,0.0,5.1020408163265305,0.0,33.163265306122454,456.0
2ae19629-187f-13a3-e055-000000000001,HACKETSTOWN,27.160493827160494,9.05349794238683,3.292181069958848,34.5679012345679,23.045267489711936,773.2463295269168,78.30342577487764,2.4691358024691357,6.584362139917696,1.646090534979424,59.25925925925926,331.0696095076401
2ae19629-1884-13a3-e055-000000000001,MELLIFONT,36.77758318739054,10.507880910683012,1.7513134851138354,31.523642732049037,31.523642732049037,785.3403141361257,125.6544502617801,1.7513134851138354,1.7513134851138354,0.0,64.79859894921191,431.89964157706095
2ae19629-1886-13a3-e055-000000000001,MOYLAGH,48.19277108433735,2.4096385542168677,0.0,24.096385542168676,53.01204819277108,867.612293144208,73.28605200945626,0.0,0.0,0.0,62.65060240963856,348.0392156862745
2ae19629-188e-13a3-e055-000000000001,SRAHEEN,111.49228130360206,11.149228130360205,2.5728987993138936,14.579759862778731,15.437392795883362,814.2493638676845,111.1111111111111,1.7152658662092624,9.433962264150942,0.0,71.1835334476844,405.0522648083624
2ae19629-188f-13a3-e055-000000000001,DUNSHAUGHLIN,45.63726649326082,20.454008039725704,9.694963348309294,53.32229841570111,56.041617403641524,698.1331454737584,156.74533286368438,2.8375502482856465,30.976590210451644,17.26176401040435,107.47221565381886,431.9313091090095
2ae19629-180a-13a3-e055-000000000001,BALLINAMUCK EAST,51.529790660225444,11.272141706924316,0.0,12.882447665056361,33.81642512077295,815.112540192926,59.4855305466238,0.0,11.272141706924316,1.6103059581320451,49.9194847020934,347.75374376039935
2ae19629-1813-13a3-e055-000000000001,KILBRIDE,56.042031523642734,7.005253940455342,0.0,8.756567425569177,21.015761821366024,914.9305555555555,50.34722222222222,0.0,1.7513134851138354,0.0,31.523642732049037,550.6445672191529
2ae19629-1817-13a3-e055-000000000001,SHANGARRY,45.774647887323944,3.5211267605633805,0.0,0.0,33.45070422535211,778.169014084507,73.94366197183099,1.7605633802816902,10.56338028169014,0.0,19.36619718309859,319.85294117647055
2ae19629-181b-13a3-e055-000000000001,SKREEN,51.68269230769231,7.8125,0.0,12.620192307692308,22.235576923076923,812.3132098027496,118.94799760908548,0.0,1.201923076923077,1.201923076923077,43.26923076923077,454.31945307644503
2ae19629-1828-13a3-e055-000000000001,STAHOLMOG,47.05882352941176,4.705882352941176,0.0,18.823529411764703,16.47058823529412,840.7494145199064,91.33489461358315,0.0,0.0,0.0,49.41176470588235,407.14285714285717
2ae19629-1830-13a3-e055-000000000001,ATHBOY,60.529177238129755,23.921710764769845,7.249003262051468,64.15367886915548,50.743022834360275,751.3533020570192,124.86466979429808,12.685755708590069,25.009061254077565,13.048205871692641,129.75715839072126,358.2647718773373
2ae19629-1833-13a3-e055-000000000001,KILDALKEY,58.00293685756241,4.405286343612335,0.7342143906020557,15.418502202643172,27.165932452276063,745.4145267791637,143.06676449009535,2.2026431718061676,2.2026431718061676,11.747430249632892,52.12922173274596,380.66465256797585
2ae19629-1840-13a3-e055-000000000001,BALLINTEMPLE,58.43071786310518,0.0,0.0,0.0,21.702838063439064,749.5826377295492,61.76961602671119,0.0,0.0,3.33889816360601,31.719532554257093,388.9845094664372
2ae19629-18e3-13a3-e055-000000000001,DUNDALK No. 3 URBAN,96.00477042337508,10.137149672033392,20.274299344066783,97.79367918902803,118.0679785330948,532.126168224299,235.98130841121494,6.55933214072749,53.07096004770424,48.30053667262969,121.0494931425164,263.855421686747
2ae19629-18ec-13a3-e055-000000000001,DRUMGORT,61.855670103092784,4.123711340206186,0.0,10.309278350515465,20.61855670103093,860.655737704918,81.96721311475409,12.371134020618555,0.0,12.371134020618555,41.23711340206186,365.38461538461536
2ae19629-190a-13a3-e055-000000000001,BELLAVARY,138.0908248378128,10.194624652455978,0.0,13.901760889712696,18.535681186283593,864.3911439114391,83.94833948339483,7.414272474513439,2.7803521779425395,0.9267840593141798,70.43558850787767,442.10526315789474
2ae19629-1912-13a3-e055-000000000001,MONASTERBOICE,57.960893854748605,2.793296089385475,0.6983240223463687,15.363128491620111,22.3463687150838,780.6228373702422,146.02076124567472,2.094972067039106,5.58659217877095,2.094972067039106,37.709497206703915,434.1917024320458
2ae19629-1919-13a3-e055-000000000001,KNOCKANBAUN,43.24324324324324,0.0,0.0,21.62162162162162,5.405405405405405,898.936170212766,15.957446808510637,0.0,0.0,0.0,32.432432432432435,508.47457627118644
2ae19629-1922-13a3-e055-000000000001,KILCOMMON,81.4814814814815,5.925925925925926,0.0,2.962962962962963,11.851851851851851,866.8639053254437,72.48520710059171,0.0,5.925925925925926,0.0,41.48148148148148,379.9392097264438
2ae19629-1923-13a3-e055-000000000001,KILFIAN EAST,50.2092050209205,0.0,0.0,0.0,0.0,859.504132231405,78.51239669421487,4.184100418410042,0.0,0.0,33.47280334728033,442.55319148936167
2ae19629-1929-13a3-e055-000000000001,MOATFARRELL,76.92307692307693,0.0,0.0,0.0,43.26923076923077,800.0,71.42857142857143,0.0,0.0,0.0,52.88461538461539,398.05825242718447
2ae19629-1905-13a3-e055-000000000001,KILLANNY,79.60741548527808,1.0905125408942202,2.1810250817884405,9.814612868047982,13.086150490730644,842.7331887201735,67.24511930585683,2.1810250817884405,8.724100327153762,1.0905125408942202,16.357688113413307,359.6392333709132
2ae19629-1909-13a3-e055-000000000001,BELDERGMORE,48.611111111111114,0.0,0.0,13.888888888888888,0.0,913.3333333333334,46.66666666666667,20.833333333333332,0.0,0.0,20.833333333333332,439.1891891891892
2ae19629-190c-13a3-e055-000000000001,BOHOLA,115.26479750778816,9.345794392523365,0.0,21.806853582554517,21.806853582554517,830.7692307692308,116.92307692307692,0.0,0.0,0.0,84.11214953271028,444.08945686900955
2ae19629-190e-13a3-e055-000000000001,HOUNDSWOOD,79.87711213517665,3.0721966205837172,0.0,10.752688172043012,30.721966205837173,799.6965098634295,139.6054628224583,0.0,1.5360983102918586,0.0,75.26881720430107,412.2257053291536
2ae19629-190f-13a3-e055-000000000001,KILCOMMOCK,81.96721311475409,18.98188093183779,0.0,21.570319240724764,25.884383088869715,786.3910422049956,77.51937984496124,14.667817083692839,8.628127696289905,18.1190681622088,89.73252804141502,401.7857142857143
2ae19629-1915-13a3-e055-000000000001,BREAGHWY,77.35946364105209,9.28313563692625,1.0314595152140278,13.924703455389375,87.67405879319237,788.1873727087576,85.03054989816701,0.0,3.094378545642084,2.57864878803507,56.21454357916452,462.21990620114644
2ae19629-1918-13a3-e055-000000000001,KILLOE,74.57627118644068,6.779661016949152,0.0,33.898305084745765,13.559322033898304,848.993288590604,40.26845637583892,0.0,0.0,0.0,74.57627118644068,356.6433566433567
2ae19629-1927-13a3-e055-000000000001,LONGFORD RURAL,41.04741684359519,76.61004953998585,6.015569709837226,83.5102618542109,91.64897381457891,643.7994722955145,84.43271767810026,74.48690728945506,33.08563340410474,63.87119603680114,180.46709129511677,301.038062283737
2ae19629-18a4-13a3-e055-000000000001,TOOCANANAGH,122.5382932166302,4.3763676148796495,0.0,19.693654266958426,48.140043763676154,806.0344827586207,101.29310344827586,0.0,0.0,24.070021881838077,56.89277899343545,396.8957871396896
2ae19629-18ad-13a3-e055-000000000001,MYSHALL,49.91680532445923,16.638935108153078,0.0,41.597337770382694,14.975041597337771,830.8457711442786,82.91873963515754,3.327787021630616,0.0,1.663893510815308,83.19467554076539,369.2307692307692
2ae19629-18c4-13a3-e055-000000000001,RATHVILLY,44.32432432432432,22.7027027027027,0.0,17.2972972972973,27.027027027027028,800.2148227712137,112.78195488721803,0.0,7.5675675675675675,3.243243243243243,62.7027027027027,357.8595317725752
2ae19629-18c6-13a3-e055-000000000001,LACKAN SOUTH,83.51648351648352,4.395604395604396,0.0,24.175824175824175,21.978021978021978,860.8695652173914,89.13043478260869,0.0,6.593406593406593,0.0,63.73626373626373,472.6027397260274
2ae19629-18c7-13a3-e055-000000000001,DARVER,96.21451104100946,4.73186119873817,0.0,6.309148264984227,31.545741324921135,821.1508553654744,96.42301710730948,0.0,9.46372239747634,3.1545741324921135,31.545741324921135,426.517571884984
2ae19629-18ca-13a3-e055-000000000001,BALLINDINE,77.51937984496124,9.966777408637872,2.2148394241417497,17.718715393133998,16.611295681063122,871.319520174482,56.706652126499456,24.36323366555925,3.3222591362126246,3.3222591362126246,48.7264673311185,451.1363636363636
2ae19629-18cf-13a3-e055-000000000001,CULNACLEHA,104.60251046025104,0.0,0.0,10.460251046025103,6.2761506276150625,871.6356107660456,76.60455486542443,0.0,0.0,0.0,58.57740585774059,408.51063829787233
2ae19629-18d2-13a3-e055-000000000001,DERRY,82.47422680412372,0.0,0.0,25.773195876288657,10.309278350515465,841.5841584158416,89.10891089108911,0.0,0.0,0.0,56.70103092783505,323.0769230769231
2ae19629-18ce-13a3-e055-000000000001,BALLYCROY SOUTH,90.06211180124224,0.0,0.0,6.211180124223602,12.422360248447204,879.5180722891565,60.24096385542169,0.0,6.211180124223602,0.0,49.689440993788814,468.55345911949684
2ae19629-18d6-13a3-e055-000000000001,DROMISKIN,101.23878684322939,6.407518154634771,2.5630072618539086,23.067065356685177,26.91157624946604,806.2605752961083,124.36548223350253,1.7086715079026058,8.116189662537376,7.689021785561726,43.998291328492094,384.78452066842567
2ae19629-18d7-13a3-e055-000000000001,DRUMCAR,75.2840909090909,5.681818181818182,2.840909090909091,18.465909090909093,24.857954545454543,780.9187279151944,122.96819787985866,3.5511363636363633,4.971590909090909,2.130681818181818,49.00568181818181,380.01458789204963
2ae19629-18da-13a3-e055-000000000001,DOOCASTLE,125.0,0.0,0.0,10.638297872340425,34.57446808510638,817.2323759791122,67.88511749347259,0.0,2.6595744680851063,0.0,103.72340425531915,386.48648648648646
2ae19629-18df-13a3-e055-000000000001,CROSAGSTOWN,92.3076923076923,0.0,0.0,34.61538461538462,23.076923076923077,823.0769230769231,61.53846153846154,0.0,3.8461538461538463,0.0,65.38461538461539,377.431906614786
2ae19629-18e4-13a3-e055-000000000001,DUNLEER,57.41479889468836,17.807798587657352,4.298434141848327,29.47497697267424,30.089038992938285,792.9663608562691,95.71865443425077,5.52655818237642,7.675775253300584,22.413263739637703,63.24838808719681,325.1592356687898
2ae19629-18f4-13a3-e055-000000000001,GLENCASTLE,144.0162271805274,8.113590263691684,0.0,20.28397565922921,6.085192697768763,839.6793587174349,78.1563126252505,0.0,0.0,0.0,75.05070993914808,474.2268041237113
2ae19629-18fa-13a3-e055-000000000001,JENKINSTOWN,181.61094224924014,0.0,0.0,12.158054711246201,20.51671732522796,827.4034822104467,91.59727479182438,1.5197568389057752,6.079027355623101,1.5197568389057752,25.835866261398177,451.63806552262093
2ae19629-18a8-13a3-e055-000000000001,OLDCASTLE,49.11676001723395,8.186126669538993,0.4308487720809996,110.2972856527359,23.696682464454973,782.6832404629232,113.5876553793399,5.170185264971995,8.186126669538993,10.771219302024988,140.45669969840586,348.3047115808014
2ae19629-18b1-13a3-e055-000000000001,URLAUR,170.63492063492063,11.904761904761903,1.984126984126984,41.666666666666664,17.857142857142858,779.7270955165692,134.50292397660817,0.0,1.984126984126984,0.0,126.98412698412697,400.40241448692154
2ae19629-18b8-13a3-e055-000000000001,RAHILL,40.40404040404041,10.101010101010102,0.0,30.303030303030305,37.87878787878788,756.3131313131313,113.63636363636363,0.0,5.050505050505051,1.2626262626262628,77.02020202020202,375.3315649867374
2ae19629-18bb-13a3-e055-000000000001,WESTPORT URBAN,93.04669129996641,42.156533422908964,6.550218340611353,52.40174672489083,55.59287873698354,680.42226487524,173.8643634037108,1.8474974806852535,14.779979845482028,2.855223379240847,141.92139737991266,382.54810882548105
2ae19629-18c8-13a3-e055-000000000001,FAIR GATE,36.33707660001826,19.72062448644207,18.62503423719529,84.08655162969049,110.56331598648772,625.6018897065504,129.28136640319795,2.3737788733680274,79.97808819501506,27.389756231169542,115.85866885784716,232.63009845288326
2ae19629-18d9-13a3-e055-000000000001,BALLYHEAN,94.48818897637796,4.724409448818897,0.0,14.173228346456693,18.89763779527559,882.8125,68.75,0.0,0.0,0.0,37.79527559055118,461.4147909967846
2ae19629-18dc-13a3-e055-000000000001,DRUMMIN,95.50561797752809,0.0,0.0,28.089887640449437,39.32584269662921,785.7142857142857,115.38461538461539,0.0,0.0,0.0,101.12359550561797,247.1264367816092
2ae19629-18dd-13a3-e055-000000000001,CORBOY,71.59904534606206,0.0,0.0,9.546539379474941,19.093078758949883,711.9047619047619,69.04761904761905,26.252983293556085,7.159904534606206,0.0,26.252983293556085,366.50485436893206
2ae19629-184b-13a3-e055-000000000001,KILLEAGH,46.116504854368934,2.4271844660194173,0.0,31.553398058252426,16.990291262135923,809.5238095238095,78.57142857142857,0.0,0.0,0.0,53.398058252427184,401.9607843137255
2ae19629-184f-13a3-e055-000000000001,BURTON HALL,28.46299810246679,0.0,1.8975332068311195,7.590132827324478,15.180265654648956,788.2797731568998,132.3251417769376,0.0,5.692599620493358,0.0,22.770398481973434,475.34516765285997
2ae19629-1852-13a3-e055-000000000001,CASTLEKEERAN,43.56435643564356,9.900990099009901,0.0,7.920792079207921,11.881188118811881,877.1929824561403,85.7699805068226,13.861386138613861,0.0,1.9801980198019802,29.7029702970297,376.75350701402806
2ae19629-1857-13a3-e055-000000000001,CARLOW RURAL,41.6925562321362,56.9156207282217,8.388219212128744,63.68833105505158,76.30172735180813,664.9385916188361,131.14855273714744,18.019137566795077,38.46153846153847,28.892755063999008,151.73356530383995,369.3538067818298
2ae19629-185b-13a3-e055-000000000001,NEWBROOK,76.64233576642336,1.8248175182481752,0.0,21.897810218978105,14.598540145985401,871.841155234657,68.59205776173286,1.8248175182481752,0.0,7.299270072992701,60.21897810218979,382.4626865671642
2ae19629-185c-13a3-e055-000000000001,NEWPORT EAST,96.92307692307692,7.6923076923076925,1.5384615384615385,35.38461538461538,36.15384615384615,796.6616084977238,100.91047040971168,3.076923076923077,4.615384615384616,0.7692307692307693,83.07692307692308,419.4312796208531
2ae19629-1865-13a3-e055-000000000001,COONOGUE,90.04739336492891,9.47867298578199,0.0,28.43601895734597,14.218009478672984,867.2985781990521,71.09004739336493,0.0,4.739336492890995,0.0,71.09004739336493,330.04926108374383
2ae19629-1871-13a3-e055-000000000001,LARACOR,43.54136429608128,10.159651669085632,0.0,18.867924528301884,14.513788098693759,827.5862068965517,119.25287356321839,0.0,0.0,0.0,47.8955007256894,441.3075780089153
2ae19629-192c-13a3-e055-000000000001,TALLANSTOWN,73.51555136663525,8.482563619227143,0.0,13.195098963242224,14.137606032045241,859.6819457436857,68.28811973807298,0.0,7.540056550424128,0.0,44.29783223374175,298.05825242718447
2ae19629-192d-13a3-e055-000000000001,BURREN,96.15384615384616,5.4945054945054945,0.0,13.736263736263735,16.483516483516485,871.5846994535519,54.6448087431694,0.0,10.989010989010989,0.0,65.93406593406594,433.42776203966
2ae19629-192e-13a3-e055-000000000001,BURRISCARRA,105.38116591928251,4.484304932735426,0.0,8.968609865470851,26.90582959641256,867.5496688741722,50.77262693156733,0.0,0.0,2.242152466367713,67.26457399103138,460.13667425968106
2ae19629-192f-13a3-e055-000000000001,KILFIAN WEST,65.42056074766354,0.0,0.0,0.0,28.037383177570092,834.8623853211009,64.22018348623854,0.0,0.0,0.0,46.72897196261682,358.49056603773585
2ae19629-1934-13a3-e055-000000000001,TERMONFECKIN,57.18585402558315,10.283421118635566,0.5016302984700275,27.338851266616505,36.368196639077,792.1558830876843,123.9070696977267,1.7557060446450965,6.270378730875344,16.55379984951091,61.951341861048405,415.1774151774152
2ae19629-1935-13a3-e055-000000000001,St. LAWRENCE GATE,41.844983357108894,29.006181645268665,7.608178792201617,83.68996671421779,70.61340941512125,675.6564939673527,145.96640643482377,4.279600570613409,33.99904897765098,20.684736091298145,135.99619591060392,320.86084617265834
2ae19629-1947-13a3-e055-000000000001,CARROWMORE,77.44107744107744,11.223344556677889,0.0,4.489337822671156,17.957351290684624,912.9464285714286,36.830357142857146,5.611672278338944,3.3670033670033668,1.122334455667789,38.15937149270483,420.20665901262913
2ae19629-194b-13a3-e055-000000000001,KILLAVALLY,102.31660231660231,5.7915057915057915,0.0,3.8610038610038613,17.374517374517374,895.7528957528957,79.15057915057915,0.0,0.0,0.0,50.19305019305019,478.8732394366197
2ae19629-192a-13a3-e055-000000000001,St. PETER'S,37.865590904923444,21.820848996057578,12.010635371779593,66.28770514348584,81.59897313651783,702.2189754360332,121.5414117432198,6.784633721463281,41.257907765655084,59.77812414046026,115.06372054643806,340.9520211560257
2ae19629-1930-13a3-e055-000000000001,KILGARVAN,95.51886792452831,0.0,0.0,4.716981132075471,12.971698113207548,897.3162193698951,47.841306884480744,0.0,0.0,1.1792452830188678,37.73584905660377,449.7549019607843
2ae19629-1939-13a3-e055-000000000001,St. MARY'S (PART),47.49143963078755,21.88476998660116,3.573023671281822,63.42117016525234,67.88744975435462,695.1436185963873,139.62096535386436,1.6376358493375018,30.817329164805717,38.856632425189815,115.23001339883878,336.4471669218989
2ae19629-193b-13a3-e055-000000000001,CALLOW,137.29977116704805,0.0,0.0,16.018306636155607,22.88329519450801,787.3303167420814,140.2714932126697,0.0,0.0,0.0,75.51487414187643,416.8618266978923
2ae19629-193c-13a3-e055-000000000001,CAPPAGHDUFF,116.02209944751381,13.812154696132596,0.0,8.287292817679557,55.248618784530386,879.7814207650273,73.77049180327869,0.0,0.0,0.0,69.06077348066299,693.3701657458563
2ae19629-193e-13a3-e055-000000000001,KILKELLY,154.41176470588235,3.1512605042016806,5.2521008403361344,29.41176470588235,23.10924369747899,784.5993756503642,123.82934443288242,27.310924369747898,14.705882352941176,3.1512605042016806,103.99159663865547,354.2116630669546
2ae19629-1942-13a3-e055-000000000001,NEWTOWN FORBES,83.58817533129461,22.426095820591232,2.0387359836901124,32.6197757390418,38.73598369011213,702.5380710659898,101.5228426395939,5.096839959225281,11.213047910295616,20.387359836901123,86.64627930682977,339.93743482794576
2ae19629-1949-13a3-e055-000000000001,CASTLEBAR URBAN,66.9218989280245,48.85145482388974,26.186830015313934,58.192955589586525,102.14395099540583,608.2893745290128,140.16578749058024,22.052067381317,60.94946401225115,26.79938744257274,139.35681470137825,335.83255232739765
2ae19629-18d4-13a3-e055-000000000001,LETTERBRICK,61.40350877192982,0.0,0.0,0.0,8.771929824561402,912.2807017543859,35.08771929824561,0.0,0.0,0.0,35.08771929824561,345.13274336283183
2ae19629-18de-13a3-e055-000000000001,CREEVY,33.74233128834356,6.134969325153374,0.0,0.0,18.404907975460123,938.6503067484663,33.74233128834356,0.0,0.0,6.134969325153374,15.337423312883436,450.7936507936508
2ae19629-18e6-13a3-e055-000000000001,BALLYNAGORAHER,107.2463768115942,0.0,0.0,14.492753623188406,23.18840579710145,858.7896253602305,77.80979827089338,0.0,2.898550724637681,0.0,52.17391304347826,420.1183431952663
2ae19629-18ea-13a3-e055-000000000001,DALYSTOWN,16.129032258064516,16.129032258064516,0.0,10.752688172043012,16.129032258064516,904.2553191489362,37.234042553191486,0.0,0.0,0.0,26.881720430107528,318.68131868131866
2ae19629-18ed-13a3-e055-000000000001,DYSART,73.92996108949417,5.836575875486381,0.0,22.373540856031127,10.700389105058365,779.4970986460348,129.5938104448743,0.0,1.9455252918287937,1.9455252918287937,46.69260700389105,378.0848963474827
2ae19629-18ee-13a3-e055-000000000001,FAUGHART,182.3308270676692,3.7593984962406015,0.9398496240601504,7.518796992481203,7.518796992481203,784.9765258215963,76.99530516431925,1.8796992481203008,3.7593984962406015,0.9398496240601504,14.097744360902254,334.2995169082126
2ae19629-18ef-13a3-e055-000000000001,GREENORE,155.82329317269074,0.8032128514056225,0.8032128514056225,16.064257028112447,20.883534136546185,833.6,84.0,0.8032128514056225,7.228915662650603,0.8032128514056225,24.899598393574298,471.65160230073957
2ae19629-18f0-13a3-e055-000000000001,BALLYOVEY,100.84033613445378,0.0,0.0,4.201680672268908,54.621848739495796,806.7226890756302,92.43697478991596,0.0,0.0,0.0,54.621848739495796,606.9868995633187
2ae19629-18fc-13a3-e055-000000000001,BARROOSKY,40.816326530612244,0.0,0.0,30.612244897959183,40.816326530612244,848.4848484848485,40.40404040404041,0.0,0.0,0.0,30.612244897959183,571.4285714285714
2ae19629-1902-13a3-e055-000000000001,GELSHAGH,68.68131868131869,0.0,2.7472527472527473,19.230769230769234,13.736263736263735,855.191256830601,60.10928961748633,0.0,2.7472527472527473,0.0,38.46153846153847,441.92634560906515
2ae19629-1904-13a3-e055-000000000001,GRANARD URBAN,22.961203483768806,121.93190815518606,1.5835312747426762,83.1353919239905,56.215360253365,623.8170347003155,84.38485804416403,12.66825019794141,12.66825019794141,11.876484560570072,208.2343626286619,245.67188788128607
2ae19629-1907-13a3-e055-000000000001,MANSFIELDSTOWN,71.8358038768529,11.402508551881414,0.0,12.542759407069555,20.524515393386547,856.8181818181818,96.5909090909091,0.0,3.4207525655644244,3.4207525655644244,39.908779931584945,378.0630105017503
2ae19629-190b-13a3-e055-000000000001,BELMULLET,110.95100864553315,24.495677233429394,8.165225744476464,26.416906820365032,27.857829010566764,855.3429771348576,70.92860475968268,1.9212295869356388,16.810758885686838,2.4015369836695486,89.81748318924112,496.13899613899616
2ae19629-191d-13a3-e055-000000000001,RAVENSDALE,243.5282837967402,2.876318312559923,0.0,22.051773729626078,26.845637583892618,760.377358490566,127.35849056603773,0.9587727708533077,0.9587727708533077,0.0,44.103547459252155,383.9458413926499
2ae19629-1921-13a3-e055-000000000001,KILCOLMAN,84.0909090909091,6.8181818181818175,0.0,25.0,18.18181818181818,861.5384615384615,87.91208791208791,0.0,4.545454545454545,0.0,52.272727272727266,452.914798206278
2ae19629-193d-13a3-e055-000000000001,KILGEEVER,137.25490196078434,0.0,0.0,9.803921568627452,19.607843137254903,921.5686274509803,49.01960784313725,0.0,0.0,0.0,78.43137254901961,386.13861386138615
2ae19629-18e9-13a3-e055-000000000001,FORTLAND,70.9090909090909,0.0,0.0,1.8181818181818181,5.454545454545455,879.4964028776978,41.36690647482014,0.0,0.0,0.0,20.0,469.6132596685083
2ae19629-18f2-13a3-e055-000000000001,GARRYMORE,63.82978723404255,8.51063829787234,2.127659574468085,6.382978723404255,19.148936170212767,830.8668076109936,71.88160676532769,2.127659574468085,4.25531914893617,2.127659574468085,40.42553191489362,432.258064516129
2ae19629-18fe-13a3-e055-000000000001,GLENHEST,154.76190476190476,7.936507936507936,0.0,23.809523809523807,19.841269841269842,824.9027237354085,108.94941634241245,0.0,0.0,0.0,107.14285714285714,373.49397590361446
2ae19629-1903-13a3-e055-000000000001,GRANARD RURAL,52.11726384364821,6.514657980456026,3.257328990228013,19.543973941368076,6.514657980456026,859.9348534201955,58.63192182410423,0.0,3.257328990228013,0.0,19.543973941368076,434.2105263157895
2ae19629-1906-13a3-e055-000000000001,LOUTH,96.75443968156766,4.898958971218616,0.0,17.14635639926516,24.49479485609308,814.6788990825688,102.14067278287462,1.224739742804654,4.28658909981629,3.674219228413962,44.70300061236987,354.8181238034461
2ae19629-1908-13a3-e055-000000000001,BEKAN,95.42483660130718,14.37908496732026,1.3071895424836601,27.45098039215686,19.607843137254903,876.2886597938144,72.16494845360825,9.150326797385622,2.6143790849673203,1.3071895424836601,98.0392156862745,407.75401069518716
2ae19629-190d-13a3-e055-000000000001,HOLLYMOUNT,53.24074074074074,10.416666666666666,10.416666666666666,5.787037037037036,18.51851851851852,868.5121107266435,79.58477508650519,0.0,10.416666666666666,0.0,39.351851851851855,398.8023952095808
2ae19629-191c-13a3-e055-000000000001,RATHCOR,163.38983050847457,1.3559322033898307,0.0,13.559322033898304,23.05084745762712,861.8598382749326,75.47169811320754,0.0,6.101694915254237,2.0338983050847457,37.96610169491525,396.38386648122395
2ae19629-187c-13a3-e055-000000000001,MARTRY,51.89873417721519,0.0,0.0,2.5316455696202533,18.9873417721519,876.2626262626263,79.54545454545455,0.0,3.7974683544303796,0.0,24.050632911392405,407.35873850197106
2ae19629-187e-13a3-e055-000000000001,GRANGEFORD,41.30808950086059,17.21170395869191,6.884681583476764,34.42340791738382,18.9328743545611,691.0016977928692,105.26315789473684,1.721170395869191,13.769363166953529,1.721170395869191,82.61617900172118,323.321554770318
2ae19629-1881-13a3-e055-000000000001,SHRULE,74.50331125827815,13.245033112582782,4.13907284768212,19.039735099337747,35.59602649006623,790.2559867877786,136.25103220478942,0.8278145695364238,6.622516556291391,3.3112582781456954,74.50331125827815,432.8743545611016
2ae19629-188b-13a3-e055-000000000001,SLIEVEMAHANAGH,110.68702290076337,3.8167938931297707,0.0,9.541984732824428,17.17557251908397,870.4761904761905,78.09523809523809,1.9083969465648853,1.9083969465648853,0.0,51.526717557251914,459.56607495069034
2ae19629-1896-13a3-e055-000000000001,KILLERRIG,25.380710659898476,0.0,0.0,15.228426395939087,35.53299492385787,802.5316455696202,75.9493670886076,0.0,2.5380710659898473,0.0,27.918781725888326,507.77202072538864
2ae19629-1897-13a3-e055-000000000001,KINEAGH,57.22070844686648,5.449591280653951,0.0,0.0,24.52316076294278,800.5390835579515,64.6900269541779,0.0,0.0,0.0,21.798365122615802,356.7415730337078
2ae19629-1898-13a3-e055-000000000001,SRAHMORE,92.10526315789473,0.0,0.0,13.157894736842104,26.31578947368421,726.1146496815286,133.7579617834395,0.0,6.578947368421052,0.0,59.21052631578947,414.4736842105263
2ae19629-189e-13a3-e055-000000000001,NEWTOWN,55.44747081712062,23.346303501945524,0.0,22.373540856031127,40.85603112840467,835.2713178294574,104.65116279069768,0.0,3.8910505836575875,32.1011673151751,75.87548638132296,400.80563947633436
2ae19629-194d-13a3-e055-000000000001,SONNAGH,71.69811320754717,0.0,0.0,7.547169811320755,0.0,819.5488721804511,67.66917293233082,0.0,0.0,0.0,30.18867924528302,446.56488549618325
2ae19629-194e-13a3-e055-000000000001,ARDEE RURAL,71.11853088480802,2.671118530884808,0.0,15.692821368948247,21.368948247078464,838.152210036557,92.38949817215021,1.335559265442404,5.0083472454090145,2.003338898163606,41.068447412353926,377.9822767552829
2ae19629-1951-13a3-e055-000000000001,AGHAGOWER SOUTH,64.22018348623854,0.0,0.0,27.522935779816514,18.34862385321101,772.7272727272727,154.54545454545453,0.0,0.0,0.0,91.74311926605505,288.46153846153845
2ae19629-1953-13a3-e055-000000000001,AILLEMORE,110.80332409972299,0.0,0.0,30.470914127423825,19.39058171745152,776.566757493188,179.83651226158037,0.0,0.0,0.0,94.18282548476455,431.37254901960785
2ae19629-195e-13a3-e055-000000000001,CASTLEBELLINGHAM,68.44919786096257,10.695187165775401,8.556149732620321,29.41176470588235,35.82887700534759,733.2624867162592,120.6163655685441,2.1390374331550803,16.577540106951872,5.347593582887701,71.12299465240642,303.0803080308031
2ae19629-1962-13a3-e055-000000000001,CLOGHERMORE,91.46341463414635,24.390243902439025,0.0,30.48780487804878,0.0,842.4242424242424,48.484848484848484,0.0,0.0,0.0,73.17073170731707,568.75
2ae19629-1963-13a3-e055-000000000001,CLOONKEEN,70.03891050583658,0.0,1.297016861219196,10.376134889753567,15.56420233463035,858.793324775353,94.99358151476252,0.0,3.8910505836575875,0.0,25.940337224383917,516.6444740346205
2ae19629-197a-13a3-e055-000000000001,CROSSMOLINA NORTH,85.84474885844749,2.73972602739726,0.0,8.21917808219178,26.484018264840184,877.8280542986425,63.348416289592755,2.73972602739726,10.045662100456621,0.0,41.0958904109589,383.07984790874525
2ae19629-194a-13a3-e055-000000000001,CLARE ISLAND,41.88481675392671,10.471204188481677,0.0,99.47643979057591,36.64921465968586,809.2783505154639,123.71134020618557,0.0,0.0,0.0,141.36125654450262,303.6649214659686
2ae19629-1957-13a3-e055-000000000001,CLOGHER,78.55973813420621,0.0,0.0,1.6366612111292964,18.00327332242226,886.7313915857605,79.28802588996764,0.0,0.0,0.0,31.096563011456627,463.4974533106961
2ae19629-195d-13a3-e055-000000000001,CARLINGFORD,190.829087540528,12.505789717461788,0.0,32.88559518295507,44.92820750347383,731.5315315315315,137.83783783783784,5.094951366373321,2.7790643816581753,7.410838351088467,85.6878184344604,333.0219523587109
2ae19629-1961-13a3-e055-000000000001,ARDNAREE SOUTH RURAL,93.6378466557912,32.62642740619902,2.936378466557912,14.35562805872757,32.62642740619902,848.8372093023255,86.56330749354005,3.9151712887438825,14.35562805872757,4.567699836867863,89.39641109298532,440.536013400335
2ae19629-1968-13a3-e055-000000000001,CASTLERING,131.55473781048758,0.0,0.0,11.039558417663294,20.239190432382703,866.3003663003664,77.83882783882784,0.9199632014719411,1.8399264029438822,1.8399264029438822,26.67893284268629,404.5368620037807
2ae19629-196e-13a3-e055-000000000001,CORRAUN,153.1791907514451,4.335260115606936,1.445086705202312,11.560693641618496,20.23121387283237,846.9101123595506,106.74157303370787,2.890173410404624,4.335260115606936,0.0,76.58959537572255,655.9297218155198
2ae19629-1970-13a3-e055-000000000001,KILTAMAGH,129.39698492462313,27.638190954773872,10.678391959798994,20.728643216080403,35.175879396984925,796.4329643296433,112.54612546125462,8.793969849246231,13.819095477386936,0.628140703517588,111.80904522613065,431.03448275862064
2ae19629-1977-13a3-e055-000000000001,CROAGHMOYLE,140.35087719298244,0.0,0.0,35.08771929824561,11.695906432748536,750.0,127.77777777777777,0.0,0.0,0.0,116.95906432748538,360.0
2ae19629-18f1-13a3-e055-000000000001,BALLYSAKEERY,87.52025931928688,1.6207455429497568,0.0,11.345218800648299,17.828200972447327,741.9354838709678,91.93548387096774,17.828200972447327,3.2414910858995136,0.0,42.13938411669368,480.86522462562397
2ae19629-18ff-13a3-e055-000000000001,GOOLAMORE,147.28682170542638,0.0,0.0,15.503875968992247,0.0,884.6153846153845,30.76923076923077,0.0,0.0,0.0,46.51162790697674,547.6190476190477
2ae19629-1900-13a3-e055-000000000001,FORGNEY,31.698365031698366,3.003003003003003,0.0,10.01001001001001,13.013013013013014,416.17742987606,59.034572733202864,0.0,2.3356690023356688,0.33366700033366703,24.357691024357692,245.5492106147128
2ae19629-1913-13a3-e055-000000000001,MULLARY,61.69527896995708,4.291845493562231,2.6824034334763946,7.510729613733906,17.167381974248926,817.1122994652407,114.97326203208556,0.5364806866952789,4.828326180257511,3.218884120171674,28.969957081545065,477.1852666300165
2ae19629-1924-13a3-e055-000000000001,KILFIAN SOUTH,28.34008097165992,0.0,0.0,8.097165991902834,24.291497975708502,904.0,12.0,0.0,0.0,0.0,12.145748987854251,462.5
2ae19629-192b-13a3-e055-000000000001,STABANNAN,87.667161961367,1.4858841010401187,0.0,7.429420505200594,5.943536404160475,861.152141802068,79.76366322008863,1.4858841010401187,1.4858841010401187,0.0,16.34472511144131,396.02446483180427
2ae19629-1933-13a3-e055-000000000001,MOYNE,78.1758957654723,3.257328990228013,0.0,9.771986970684038,22.80130293159609,895.7654723127035,61.88925081433225,0.0,3.257328990228013,0.0,39.08794788273615,388.1578947368421
2ae19629-1936-13a3-e055-000000000001,DUNDALK No. 1 URBAN,69.8856416772554,13.553578991952563,3.8119440914866582,81.7450232952139,105.46378653113088,606.3025210084033,153.36134453781514,10.588733587462938,28.801355357899194,45.7433290978399,98.6869970351546,212.54355400696863
2ae19629-1944-13a3-e055-000000000001,ADDERGOOLE,101.23734533183352,1.124859392575928,0.0,11.248593925759279,19.122609673790777,865.5555555555555,68.88888888888889,0.0,0.0,6.749156355455568,50.61867266591676,410.40462427745666
2ae19629-1948-13a3-e055-000000000001,CASTLEBAR RURAL,75.29202640934484,36.312849162011176,14.093448450990351,40.502793296089386,58.78618588115795,737.9962192816635,113.92564587271582,17.521584560690705,39.994921279837484,23.61604875571356,115.79481970543424,447.7436232831916
2ae19629-194c-13a3-e055-000000000001,KILLEDAN,160.7669616519174,4.424778761061947,0.0,23.59882005899705,28.023598820058996,809.3158660844251,135.37117903930132,1.4749262536873156,1.4749262536873156,2.949852507374631,132.7433628318584,363.6363636363636
2ae19629-1950-13a3-e055-000000000001,BALLYMASCANLAN,204.1274113952445,5.383580080753701,0.44863167339614174,20.63705697622252,18.842530282637956,819.9823943661971,106.07394366197182,1.3458950201884252,2.2431583669807087,0.0,39.92821893225662,403.0054644808743
2ae19629-1952-13a3-e055-000000000001,AGHAMORE,100.0,12.5,1.5625,25.0,32.8125,858.4615384615385,89.23076923076923,0.0,4.6875,3.125,95.3125,396.22641509433964
2ae19629-1964-13a3-e055-000000000001,CLOONMORE,165.88785046728972,4.672897196261682,0.0,16.355140186915886,16.355140186915886,822.5806451612904,122.11981566820276,0.0,0.0,2.336448598130841,88.78504672897196,325.41567695961993
2ae19629-1965-13a3-e055-000000000001,CONG,79.91360691144708,17.278617710583156,2.1598272138228944,17.278617710583156,37.79697624190065,784.7082494969819,114.68812877263582,0.0,6.479481641468682,2.1598272138228944,78.83369330453564,404.1666666666667
2ae19629-1966-13a3-e055-000000000001,KILMOVEE,168.97081413210446,4.608294930875576,0.0,7.680491551459293,9.216589861751151,809.0909090909091,134.84848484848484,0.0,1.5360983102918586,0.0,119.81566820276497,486.0248447204969
2ae19629-191e-13a3-e055-000000000001,WEST GATE,38.857318384272766,20.42696974351098,8.44724312701582,69.57456611887575,72.49270465366303,666.2085814628188,124.29378531073446,3.686069728152358,35.17124865612041,28.8742128705268,101.82767624020887,239.48524795982422
2ae19629-1925-13a3-e055-000000000001,LONGFORD No. 1 URBAN,46.78806272129489,66.76783004552351,6.322711178553364,166.9195751138088,88.26504805260497,626.7623052188968,88.05342567400446,58.168942842690946,37.68335862417805,41.7298937784522,184.37025796661607,205.2133912599029
2ae19629-1931-13a3-e055-000000000001,MOUNTDAVIS,79.83193277310924,0.0,0.0,12.605042016806722,0.0,785.7142857142857,92.43697478991596,0.0,0.0,0.0,42.016806722689076,443.96551724137936
2ae19629-1932-13a3-e055-000000000001,MOYDOW,42.5531914893617,20.02503128911139,7.509386733416771,15.018773466833542,27.53441802252816,821.6957605985037,72.31920199501248,27.53441802252816,8.760951188986233,8.760951188986233,57.571964956195245,436.69250645994833
2ae19629-1938-13a3-e055-000000000001,DUNDALK No. 4 URBAN,92.12503757138563,17.733694018635408,3.456567478208596,68.22963630898708,66.27592425608657,680.2447030737093,145.32975231274247,10.670273519687408,25.54854223023745,41.17823865344154,99.78960024045686,309.25925925925924
2ae19629-193f-13a3-e055-000000000001,KILLALA,107.30593607305936,5.32724505327245,0.76103500761035,3.8051750380517504,20.54794520547945,842.2641509433962,89.81132075471699,1.5220700152207,1.5220700152207,0.0,43.37899543378995,400.6259780907668
2ae19629-1940-13a3-e055-000000000001,MULLANALAGHTA,40.75235109717868,0.0,0.0,6.269592476489028,18.808777429467085,903.125,53.125,3.134796238244514,0.0,0.0,37.61755485893417,453.94736842105266
2ae19629-1945-13a3-e055-000000000001,AGHAGOWER NORTH,81.10687022900763,6.679389312977099,0.9541984732824427,10.49618320610687,25.763358778625957,826.1682242990654,120.56074766355141,0.0,5.7251908396946565,0.9541984732824427,51.526717557251914,439.5711500974659
2ae19629-18a1-13a3-e055-000000000001,LEIGHLINBRIDGE,48.59028194361128,16.196760647870423,7.198560287942412,21.595680863827234,32.99340131973606,824.3001786777844,95.8904109589041,1.799640071985603,24.59508098380324,1.799640071985603,65.98680263947212,406.95546064673584
2ae19629-18a3-13a3-e055-000000000001,TAWNYNAGRY,33.2409972299169,5.54016620498615,0.0,2.770083102493075,27.700831024930746,873.015873015873,82.01058201058201,0.0,2.770083102493075,0.0,2.770083102493075,412.56830601092895
2ae19629-18a5-13a3-e055-000000000001,TOOMORE,130.30660377358492,24.764150943396228,8.84433962264151,15.330188679245284,22.995283018867923,794.0835266821346,104.40835266821345,3.5377358490566038,13.56132075471698,1.7688679245283019,99.05660377358491,397.9591836734694
2ae19629-18a7-13a3-e055-000000000001,GRENNANSTOWN,42.33226837060703,13.578274760383387,9.584664536741213,27.955271565495206,31.948881789137378,788.0952380952381,133.33333333333334,11.980830670926517,9.584664536741213,13.578274760383387,61.501597444089455,376.64473684210526
2ae19629-18b6-13a3-e055-000000000001,RATHKENNY,54.99276410998553,8.683068017366137,0.0,11.577424023154848,7.23589001447178,822.6037195994278,124.46351931330473,0.0,5.788712011577424,1.447178002894356,37.62662807525326,407.68094534711963
2ae19629-18b7-13a3-e055-000000000001,OLDLEIGHLIN,56.29139072847683,8.27814569536424,1.6556291390728477,11.589403973509935,13.245033112582782,859.7359735973598,75.90759075907592,0.0,3.3112582781456954,0.0,57.94701986754966,422.94520547945206
2ae19629-18b9-13a3-e055-000000000001,RATHANNA,91.6030534351145,0.0,0.0,15.267175572519083,22.900763358778626,795.6204379562045,116.78832116788321,0.0,0.0,0.0,83.96946564885496,328.35820895522386
2ae19629-18be-13a3-e055-000000000001,CEANANNAS MÓR RURAL,55.173807599029914,35.16572352465643,2.021018593371059,56.386418755052546,41.2287793047696,742.1686746987953,116.86746987951807,1.8189167340339532,11.115602263540826,14.147130153597413,113.78334680679063,340.7623411789211
2ae19629-197b-13a3-e055-000000000001,KNAPPAGH,101.10974106041924,2.466091245376079,0.0,18.495684340320594,40.6905055487053,725.8261933904529,165.23867809057526,0.0,1.2330456226880395,1.2330456226880395,69.0505548705302,445.87628865979383
2ae19629-197d-13a3-e055-000000000001,COLLON,62.7027027027027,14.054054054054054,1.0810810810810811,19.45945945945946,33.51351351351351,815.0537634408603,109.13978494623656,0.0,8.108108108108109,18.91891891891892,53.513513513513516,376.0399334442596
2ae19629-1987-13a3-e055-000000000001,BANADA,118.53088480801335,1.669449081803005,0.0,13.35559265442404,50.08347245409015,827.8688524590165,81.96721311475409,0.0,8.347245409015025,1.669449081803005,70.11686143572621,409.8639455782313
2ae19629-1989-13a3-e055-000000000001,BREENCORRAGH,59.82905982905983,0.0,0.0,0.0,51.28205128205128,777.7777777777778,94.01709401709401,0.0,0.0,0.0,34.188034188034194,396.55172413793105
2ae19629-198d-13a3-e055-000000000001,BALLYGIBBON,53.89221556886228,11.976047904191617,4.491017964071856,19.46107784431138,19.46107784431138,817.2362555720654,68.35066864784547,1.4970059880239521,8.982035928143713,5.9880239520958085,55.38922155688623,477.92998477929984
2ae19629-1990-13a3-e055-000000000001,KILMACUMSY/KILCOLAGH,145.61027837259098,4.282655246252677,0.0,8.565310492505354,42.82655246252676,714.5877378435517,192.38900634249472,0.0,8.565310492505354,2.1413276231263385,141.32762312633835,383.1168831168831
2ae19629-1991-13a3-e055-000000000001,KILMORE,122.22222222222221,0.0,0.0,16.666666666666668,33.333333333333336,842.391304347826,97.82608695652175,0.0,0.0,0.0,105.55555555555556,407.8212290502793
2ae19629-1996-13a3-e055-000000000001,LISCONNY,67.01030927835052,5.154639175257732,0.0,15.463917525773196,7.731958762886598,784.263959390863,63.451776649746186,54.123711340206185,0.0,0.0,61.855670103092784,440.1041666666667
2ae19629-1979-13a3-e055-000000000001,CROSSBOYNE,79.25801011804384,11.804384485666104,0.0,33.72681281618887,26.981450252951095,848.3333333333334,65.0,0.0,6.745362563237774,0.0,69.13996627318718,459.8290598290598
2ae19629-1980-13a3-e055-000000000001,BALLINAMORE,124.2603550295858,0.0,2.9585798816568047,5.9171597633136095,20.710059171597635,862.5730994152046,102.3391812865497,0.0,2.9585798816568047,0.0,56.21301775147929,502.9585798816568
2ae19629-1981-13a3-e055-000000000001,BALLINCHALLA,142.24137931034483,0.0,0.0,25.862068965517242,51.724137931034484,782.9787234042553,127.6595744680851,4.310344827586206,0.0,0.0,112.06896551724138,762.114537444934
2ae19629-1983-13a3-e055-000000000001,CUILDOO,152.97450424929178,8.4985835694051,0.0,11.3314447592068,19.8300283286119,885.1540616246498,64.42577030812325,0.0,0.0,0.0,93.48441926345609,388.10198300283287
2ae19629-198f-13a3-e055-000000000001,BALLYKISTEEN,63.708759954493736,4.550625711035267,0.0,14.78953356086462,32.99203640500569,832.9596412556054,82.95964125560539,1.1376564277588168,4.550625711035267,2.2753128555176336,38.68031854379977,387.85046728971963
2ae19629-1994-13a3-e055-000000000001,KILTURRA,112.61261261261261,0.0,0.0,13.513513513513514,0.0,836.2831858407079,101.76991150442478,0.0,0.0,0.0,76.57657657657657,427.27272727272725
2ae19629-19a7-13a3-e055-000000000001,LISSONUFFY,65.08875739644971,29.585798816568047,0.0,0.0,5.9171597633136095,883.0409356725146,76.0233918128655,0.0,0.0,0.0,76.92307692307693,407.4074074074074
2ae19629-19a9-13a3-e055-000000000001,CALRY,61.224489795918366,5.1020408163265305,2.834467120181406,5.668934240362812,22.675736961451246,794.6428571428571,102.12053571428571,1.1337868480725624,4.535147392290249,5.668934240362812,36.281179138321995,524.1657077100115
2ae19629-1955-13a3-e055-000000000001,AN GEATA MÓR THUAIDH,111.55378486055777,6.972111553784861,0.0,12.948207171314742,16.93227091633466,894.4773175542407,46.35108481262328,0.9960159362549801,1.9920318725099602,0.0,56.77290836653386,566.4621676891616
2ae19629-1958-13a3-e055-000000000001,CLOGHER,101.29310344827586,4.310344827586206,3.2327586206896552,17.241379310344826,11.853448275862068,819.620253164557,110.75949367088607,0.0,7.543103448275862,1.0775862068965516,68.9655172413793,438.177874186551
2ae19629-1959-13a3-e055-000000000001,KILMACLASSER,113.0690161527166,5.873715124816446,0.0,10.279001468428781,17.62114537444934,797.3760932944607,129.73760932944606,0.0,8.81057268722467,0.0,60.205580029368576,421.05263157894734
2ae19629-195a-13a3-e055-000000000001,KILMAINE,69.51340615690168,3.972194637537239,0.9930486593843098,17.874875868917577,17.874875868917577,878.698224852071,63.116370808678504,0.9930486593843098,5.958291956305859,0.0,35.749751737835155,386.89866939611056
2ae19629-195c-13a3-e055-000000000001,BARRONSTOWN,217.74193548387098,1.3440860215053765,0.0,2.688172043010753,10.752688172043012,851.063829787234,95.74468085106383,0.0,1.3440860215053765,0.0,9.408602150537634,434.24657534246575
2ae19629-196b-13a3-e055-000000000001,ATTYMASS WEST,206.6420664206642,44.28044280442804,0.0,7.380073800738007,25.830258302583026,765.5677655677655,106.22710622710622,0.0,0.0,0.0,132.84132841328415,342.20532319391634
2ae19629-196c-13a3-e055-000000000001,COOLNAHA,106.2992125984252,0.0,0.0,25.590551181102363,23.62204724409449,904.1095890410959,70.45009784735812,0.0,9.84251968503937,0.0,80.70866141732283,492.0318725099602
2ae19629-1971-13a3-e055-000000000001,KILVINE,81.44796380090499,4.524886877828055,0.0,13.574660633484163,22.62443438914027,848.5757121439281,77.96101949025487,0.0,4.524886877828055,0.0,63.348416289592755,466.0493827160494
2ae19629-1967-13a3-e055-000000000001,KILSALLAGH,116.40211640211639,3.527336860670194,0.0,21.164021164021165,24.691358024691358,760.0,194.78260869565216,0.0,1.763668430335097,0.0,84.65608465608466,465.8273381294964
2ae19629-197c-13a3-e055-000000000001,KNOCK NORTH,110.43566362715299,22.289766970618032,24.316109422492403,70.92198581560284,44.579533941236065,788.8446215139442,74.7011952191235,17.223910840932117,30.395136778115504,8.105369807497468,163.12056737588654,395.46858908341915
2ae19629-1984-13a3-e055-000000000001,KNOCK SOUTH,80.05082592121983,5.082592121982211,16.518424396442185,19.05972045743329,26.683608640406607,891.1138923654568,48.81101376720901,0.0,19.05972045743329,1.2706480304955527,69.8856416772554,477.47747747747746
2ae19629-1986-13a3-e055-000000000001,KNOCKNALOWER,126.14980289093297,0.0,0.0,9.198423127463863,10.512483574244415,928.3854166666666,36.458333333333336,0.0,0.0,0.0,27.59526938239159,491.9137466307278
2ae19629-198a-13a3-e055-000000000001,BRICKLIEVE,70.75471698113208,0.0,0.0,4.716981132075471,9.433962264150942,737.0892018779342,51.64319248826291,4.716981132075471,0.0,0.0,28.30188679245283,446.6019417475728
2ae19629-199f-13a3-e055-000000000001,LISSADILL NORTH,71.42857142857143,11.795543905635649,1.3106159895150722,24.90170380078637,30.79947575360419,751.4525500322789,125.88766946417043,2.6212319790301444,11.795543905635649,0.6553079947575361,69.46264744429882,435.2469959946595
2ae19629-19ad-13a3-e055-000000000001,OWENMORE,122.44897959183673,0.0,0.0,51.02040816326531,20.408163265306122,794.1176470588235,156.86274509803923,61.224489795918366,0.0,0.0,142.85714285714286,320.0
2ae19629-19af-13a3-e055-000000000001,CLOONYGORMICAN,87.1559633027523,0.0,0.0,4.587155963302752,22.93577981651376,852.6077097505669,83.90022675736962,2.293577981651376,0.0,0.0,34.403669724770644,429.9065420560748
2ae19629-1946-13a3-e055-000000000001,CARAUN,63.21839080459771,0.0,0.0,8.620689655172413,11.494252873563218,873.9255014326648,71.63323782234957,0.0,0.0,0.0,31.609195402298855,500.0
2ae19629-194f-13a3-e055-000000000001,ARDEE URBAN,57.579102281089035,19.315673289183223,9.74981604120677,46.173657100809415,49.11699779249448,748.630887185104,111.17196056955093,2.023546725533481,23.914643119941132,22.62693156732892,89.22001471670346,260.5553442373526
2ae19629-1954-13a3-e055-000000000001,AN GEATA MÓR THEAS,110.59907834101384,0.0,0.0,10.368663594470046,13.82488479262673,894.438138479001,62.42905788876277,0.0,1.152073732718894,0.0,24.193548387096772,719.7149643705462
2ae19629-195b-13a3-e055-000000000001,KILMEENA,118.27956989247312,6.957621758380772,0.0,13.282732447817837,24.035420619860847,793.9356435643564,131.1881188118812,0.0,3.1625553447185326,0.6325110689437066,71.47375079063883,458.3068109484405
2ae19629-195f-13a3-e055-000000000001,ARDAGH,60.60606060606061,0.0,0.0,5.5096418732782375,16.528925619834713,901.3698630136986,49.31506849315068,0.0,0.0,2.7548209366391188,22.03856749311295,423.728813559322
2ae19629-196d-13a3-e055-000000000001,COONARD,79.20792079207921,16.5016501650165,0.0,16.5016501650165,23.1023102310231,807.1895424836601,104.57516339869281,0.0,0.0,9.900990099009901,79.20792079207921,459.7315436241611
2ae19629-1972-13a3-e055-000000000001,CLOGHER,58.874963567473046,12.824249489944622,0.0,26.522879626930923,38.47274846983387,783.517121300058,133.77829367382472,0.0,6.120664529291751,18.653453803555816,71.69921305741767,366.96696696696694
2ae19629-1973-13a3-e055-000000000001,CLONKEEN,66.38418079096046,12.711864406779663,0.0,14.124293785310734,18.361581920903955,867.7918424753867,75.9493670886076,2.824858757062147,7.062146892655367,4.237288135593221,57.909604519774014,394.5086705202312
2ae19629-18bf-13a3-e055-000000000001,CEANANNAS MÓR URBAN,49.060064190738196,19.257221458046768,1.375515818431912,73.36084364970196,47.22604309949564,718.792248760703,115.81793600721045,1.375515818431912,9.628610729023384,25.21779000458505,100.41265474552958,262.7158189454036
2ae19629-18c0-13a3-e055-000000000001,RATHMORE,62.27106227106227,2.7472527472527473,0.9157509157509157,18.315018315018317,32.96703296703297,812.7853881278538,106.84931506849315,0.0,1.8315018315018314,0.9157509157509157,44.87179487179487,556.6127497621312
2ae19629-18c9-13a3-e055-000000000001,DROMIN,87.14918759231905,1.4771048744460857,0.0,11.816838995568686,8.862629246676514,846.8335787923417,91.31075110456553,0.0,1.4771048744460857,0.0,23.633677991137372,406.34441087613294
2ae19629-18d0-13a3-e055-000000000001,DALGAN,77.38607050730869,9.458297506448838,0.0,14.617368873602752,40.41272570937232,800.6843455945253,97.51924721984602,0.0,0.0,14.617368873602752,70.50730868443681,414.0070921985816
2ae19629-18d3-13a3-e055-000000000001,DERRYLOUGHAN,108.46560846560845,1.3227513227513228,0.0,13.227513227513226,33.06878306878307,815.8236057068742,106.35538261997405,0.0,1.3227513227513228,0.0,62.169312169312164,442.0772303595206
2ae19629-18d8-13a3-e055-000000000001,BALLYHAUNIS,52.586696986924395,32.97328027288232,4.263786242183059,140.70494599204093,204.6617396247868,542.6224865477202,74.76635514018692,31.552018192154634,111.99545196134167,46.90164866401365,204.09323479249574,275.9952465834819
2ae19629-18e0-13a3-e055-000000000001,CURRYGRANE,82.75862068965517,0.0,0.0,20.689655172413794,13.793103448275861,731.0344827586207,131.0344827586207,6.896551724137931,0.0,0.0,68.9655172413793,424.4604316546763
2ae19629-18f3-13a3-e055-000000000001,GLENAMOY,111.6504854368932,0.0,0.0,9.70873786407767,14.563106796116505,880.3827751196172,19.138755980861244,0.0,0.0,0.0,33.980582524271846,482.9268292682927
2ae19629-1998-13a3-e055-000000000001,BALLYLUSKY,82.64462809917356,0.0,0.0,8.264462809917356,13.774104683195592,843.8356164383562,32.87671232876712,0.0,8.264462809917356,2.7548209366391188,30.303030303030305,471.42857142857144
2ae19629-19a6-13a3-e055-000000000001,LISMAHA,57.534246575342465,21.91780821917808,0.0,13.698630136986301,24.65753424657534,868.4931506849315,79.45205479452055,0.0,5.47945205479452,8.21917808219178,54.794520547945204,553.072625698324
2ae19629-19b4-13a3-e055-000000000001,CARRICKBANAGHER,75.93123209169055,8.595988538681949,0.0,20.05730659025788,15.759312320916905,783.5926449787836,111.73974540311174,0.0,0.0,0.0,70.20057306590257,388.72832369942194
2ae19629-19c8-13a3-e055-000000000001,CREEVE,149.35064935064935,0.0,0.0,25.974025974025977,25.974025974025977,788.4615384615385,76.92307692307693,0.0,0.0,0.0,90.9090909090909,392.156862745098
2ae19629-19d4-13a3-e055-000000000001,ROSCOMMON RURAL,58.330295297119946,38.82610280714546,18.22821728034998,43.56543930003646,82.20925993437841,769.4540177761654,80.35552330854344,12.759752096244988,45.388261028071454,15.676266861100983,128.14436748086035,425.49981139192755
2ae19629-19e3-13a3-e055-000000000001,COOLANEY,81.41025641025641,43.589743589743584,0.0,19.871794871794872,38.46153846153847,746.641074856046,111.32437619961611,0.0,10.897435897435896,15.384615384615385,110.8974358974359,405.87449933244324
2ae19629-19e4-13a3-e055-000000000001,COOLAVIN,155.02183406113537,0.0,2.1834061135371177,8.73362445414847,10.91703056768559,754.880694143167,134.49023861171366,0.0,4.366812227074235,0.0,111.353711790393,363.8392857142857
2ae19629-19ea-13a3-e055-000000000001,TAGHMACONNELL,45.01607717041801,25.723472668810288,9.64630225080386,6.430868167202572,16.07717041800643,914.2857142857142,38.0952380952381,0.0,12.861736334405144,0.0,48.23151125401929,514.8514851485148
2ae19629-19b6-13a3-e055-000000000001,CARTRON,57.69230769230769,0.0,0.0,6.41025641025641,12.82051282051282,808.9171974522293,89.17197452229298,0.0,0.0,0.0,32.05128205128205,490.3225806451613
2ae19629-19be-13a3-e055-000000000001,OAKPORT,86.87258687258688,30.88803088803089,5.7915057915057915,25.096525096525095,32.818532818532816,766.7304015296367,162.52390057361376,0.0,19.305019305019304,17.374517374517374,83.01158301158301,495.86776859504135
2ae19629-19c6-13a3-e055-000000000001,CREAGH,57.34406438631791,5.030181086519114,0.0,11.066398390342052,15.090543259557345,893.5323383084577,67.66169154228855,6.036217303822937,1.006036217303823,1.006036217303823,25.150905432595575,441.11570247933884
2ae19629-19eb-13a3-e055-000000000001,TERMONBARRY,79.74816369359917,22.035676810073454,5.246589716684155,44.07135362014691,74.50157397691501,740.7407407407406,140.94650205761317,7.345225603357817,28.331584470094437,16.7890870933893,105.98111227701993,374.2004264392324
2ae19629-19ec-13a3-e055-000000000001,THOMASTOWN,41.343669250645995,2.5839793281653747,0.0,6.459948320413436,15.503875968992247,891.8918918918919,68.21106821106821,0.0,2.5839793281653747,1.2919896640826873,21.963824289405682,487.51642575558475
2ae19629-19ff-13a3-e055-000000000001,AGLISHCLOGHANE,34.090909090909086,0.0,0.0,3.787878787878788,15.151515151515152,794.0074906367041,82.39700374531834,0.0,0.0,0.0,34.090909090909086,385.4961832061068
2ae19629-1a10-13a3-e055-000000000001,ACLARE,116.88311688311688,0.0,0.0,8.658008658008658,38.96103896103896,832.6180257510729,90.12875536480686,0.0,0.0,0.0,56.27705627705628,394.7368421052632
2ae19629-1a21-13a3-e055-000000000001,BALLINA,77.08210277613703,30.71470761961016,2.362669816893089,22.150029533372713,39.87005316007088,704.7451669595782,168.4241359109549,3.544004725339634,14.176018901358535,1.4766686355581806,89.7814530419374,469.1470054446461
2ae19629-1978-13a3-e055-000000000001,CROAGHPATRICK,107.09117221418235,1.447178002894356,2.894356005788712,23.154848046309695,28.94356005788712,791.1301859799714,117.310443490701,0.0,8.683068017366137,2.894356005788712,82.4891461649783,504.42477876106193
2ae19629-197e-13a3-e055-000000000001,CREGGAN UPPER,293.57798165137615,1.146788990825688,0.0,10.321100917431194,11.46788990825688,888.0,69.71428571428571,0.0,0.0,0.0,30.96330275229358,350.2958579881657
2ae19629-198b-13a3-e055-000000000001,KILMACTEIGE,89.28571428571429,0.0,0.0,26.785714285714285,31.25,898.2300884955752,79.64601769911505,0.0,0.0,0.0,53.57142857142857,420.81447963800906
2ae19629-198c-13a3-e055-000000000001,KILMACTRANNY,92.43697478991596,8.403361344537815,0.0,5.602240896358543,28.011204481792717,800.0,105.55555555555556,2.8011204481792715,5.602240896358543,14.005602240896359,53.22128851540616,509.97150997151
2ae19629-1999-13a3-e055-000000000001,BALLYMACKEY,44.67353951890034,5.154639175257732,0.0,17.182130584192443,10.309278350515465,876.2886597938144,53.26460481099656,0.0,1.7182130584192439,0.0,36.08247422680412,534.0501792114695
2ae19629-199a-13a3-e055-000000000001,KILTOOM,60.99815157116451,4.313000616142944,0.6161429451632779,13.555144793592113,36.352433764633396,819.9300699300699,90.32634032634031,1.2322858903265559,6.161429451632778,1.8484288354898337,42.513863216266174,451.65165165165166
2ae19629-19a2-13a3-e055-000000000001,CLOONOWN,26.119402985074625,3.7313432835820897,0.0,0.0,7.462686567164179,874.5387453874539,92.25092250922509,0.0,0.0,0.0,18.656716417910445,490.4942965779467
2ae19629-19a3-13a3-e055-000000000001,CLOONTEEN,97.40259740259741,12.987012987012989,0.0,22.727272727272727,25.974025974025977,820.5128205128204,112.17948717948718,0.0,3.246753246753247,0.0,97.40259740259741,504.98338870431894
2ae19629-19bb-13a3-e055-000000000001,CRANNAGH,58.7262200165426,4.1356492969396195,0.0,8.271298593879239,14.88833746898263,890.7014681892332,80.75040783034258,4.962779156327543,3.3085194375516958,0.8271298593879239,33.91232423490488,477.46243739565944
2ae19629-19c0-13a3-e055-000000000001,CASTLECONOR EAST,25.862068965517242,0.0,0.0,0.0,8.620689655172413,945.6066945606694,33.47280334728033,4.310344827586206,0.0,0.0,12.931034482758621,427.9475982532751
2ae19629-19c2-13a3-e055-000000000001,ROSSINVER WEST,74.3801652892562,4.132231404958678,0.0,4.132231404958678,0.0,798.3539094650206,94.65020576131687,0.0,0.0,0.0,20.66115702479339,436.4406779661017
2ae19629-19c4-13a3-e055-000000000001,SKREEN,70.58823529411765,0.0,0.0,11.76470588235294,70.58823529411765,691.4285714285714,154.28571428571428,0.0,0.0,0.0,58.8235294117647,464.7058823529412
2ae19629-19c7-13a3-e055-000000000001,CREEVE,51.09489051094891,0.0,0.0,29.197080291970803,21.897810218978105,919.7080291970802,58.394160583941606,0.0,0.0,0.0,51.09489051094891,457.3643410852713
2ae19629-19c9-13a3-e055-000000000001,ROCKHILL,27.71362586605081,0.0,0.0,32.33256351039261,11.547344110854503,864.6788990825688,55.04587155963303,0.0,0.0,9.237875288683602,30.023094688221708,476.41509433962267
2ae19629-19cb-13a3-e055-000000000001,ROOSKY,68.88068880688806,77.49077490774908,7.380073800738007,66.42066420664207,35.67035670356704,783.6185819070904,107.57946210268948,1.2300123001230012,11.07011070110701,7.380073800738007,201.72201722017218,391.85750636132315
2ae19629-19ce-13a3-e055-000000000001,CLOONACOOL,89.40397350993378,0.0,0.0,36.42384105960265,36.42384105960265,764.7058823529411,71.89542483660131,13.245033112582782,0.0,0.0,105.96026490066225,364.5484949832776
2ae19629-1974-13a3-e055-000000000001,BALLA,92.23300970873787,8.495145631067961,1.2135922330097086,15.16990291262136,17.597087378640776,845.8759783263095,72.8476821192053,1.2135922330097086,4.854368932038835,2.4271844660194173,66.14077669902912,443.10998735777497
2ae19629-1975-13a3-e055-000000000001,BALLINA RURAL,65.68407561678949,33.963473245754564,0.6408202499198975,10.573534123678307,41.01249599487344,833.072835261019,72.83526101906845,28.19609099647549,13.777635373277796,1.9224607497596924,77.21884011534765,407.1056062581486
2ae19629-1976-13a3-e055-000000000001,BALLINA URBAN,65.46915622784212,50.815410068541716,8.981328291184116,17.2536043488537,42.30678326636729,797.2209138012247,100.32972209138012,64.52375324982273,25.762231151028125,1.181753722524226,92.17679035688963,304.12371134020617
2ae19629-197f-13a3-e055-000000000001,BALLINAFAD,130.50570962479608,3.2626427406199023,3.2626427406199023,1.6313213703099512,27.73246329526917,842.1900161030595,103.05958132045089,0.0,9.787928221859705,0.0,66.88417618270799,468.8524590163934
2ae19629-1982-13a3-e055-000000000001,CROSSMOLINA SOUTH,85.1808634772462,2.333722287047841,0.0,14.002333722287048,22.170361726954493,851.7241379310345,74.71264367816093,1.1668611435239205,4.667444574095682,1.1668611435239205,52.50875145857643,460.0715137067938
2ae19629-1992-13a3-e055-000000000001,KILTEEVAN,91.74311926605505,11.009174311926607,3.669724770642202,18.34862385321101,22.018348623853214,815.5515370705244,128.39059674502712,0.0,9.174311926605505,0.0,69.72477064220183,467.2897196261682
2ae19629-1993-13a3-e055-000000000001,KILSHALVY,91.83673469387756,6.802721088435374,0.0,6.802721088435374,17.006802721088437,859.0604026845638,100.67114093959731,0.0,3.401360544217687,0.0,71.42857142857143,439.86254295532643
2ae19629-1995-13a3-e055-000000000001,LEITRIM,80.64516129032258,0.0,0.0,34.946236559139784,21.505376344086024,868.766404199475,97.11286089238845,5.376344086021506,5.376344086021506,0.0,69.89247311827957,365.5913978494624
2ae19629-18f6-13a3-e055-000000000001,DRUMMEEL,46.875,0.0,0.0,0.0,0.0,883.7209302325582,46.51162790697674,0.0,0.0,0.0,15.625,409.4488188976378
2ae19629-1901-13a3-e055-000000000001,FOXHALL,78.81773399014779,14.778325123152708,0.0,19.704433497536947,8.210180623973727,851.063829787234,86.7430441898527,13.136288998357964,0.0,0.0,60.75533661740558,286.4406779661017
2ae19629-1910-13a3-e055-000000000001,KILGLASS,68.7757909215956,19.257221458046768,0.0,17.881705639614854,17.881705639614854,771.2328767123288,73.97260273972603,6.87757909215956,0.0,2.751031636863824,66.02475928473177,366.33663366336634
2ae19629-1911-13a3-e055-000000000001,KILLASHEE,57.85123966942149,28.925619834710744,6.198347107438017,51.65289256198347,47.5206611570248,706.3655030800821,53.38809034907597,0.0,2.066115702479339,22.727272727272727,92.97520661157024,316.01731601731603
2ae19629-1914-13a3-e055-000000000001,BRACKLOON,145.06172839506172,1.5432098765432098,0.0,9.25925925925926,15.432098765432098,885.4961832061069,53.43511450381679,0.0,0.0,3.0864197530864197,63.27160493827161,477.23704866562014
2ae19629-1916-13a3-e055-000000000001,ISLANDEADY,80.82706766917293,3.7593984962406015,1.8796992481203008,6.578947368421052,10.338345864661653,876.7377201112141,76.92307692307693,0.0,4.6992481203007515,0.0,32.89473684210526,400.0
2ae19629-1917-13a3-e055-000000000001,KILBEAGH,136.49289099526067,15.165876777251185,14.218009478672984,23.696682464454973,38.86255924170616,814.6067415730337,114.23220973782772,0.9478672985781991,19.90521327014218,0.9478672985781991,109.95260663507109,404.0895813047712
2ae19629-191a-13a3-e055-000000000001,LEDWITHSTOWN,82.22811671087534,23.872679045092838,0.0,15.915119363395226,18.56763925729443,844.3271767810027,81.79419525065963,0.0,0.0,0.0,74.27055702917772,423.4972677595629
2ae19629-19f0-13a3-e055-000000000001,TOBERPATRICK EAST,92.10526315789473,4.385964912280701,0.0,4.385964912280701,52.63157894736842,836.2068965517241,86.20689655172414,0.0,4.385964912280701,0.0,52.63157894736842,439.1304347826087
2ae19629-19f4-13a3-e055-000000000001,ELIA,94.8905109489051,0.0,0.0,29.197080291970803,14.598540145985401,832.1167883211679,102.18978102189782,7.299270072992701,0.0,0.0,116.78832116788321,436.09022556390977
2ae19629-19f5-13a3-e055-000000000001,ELPHIN,109.72850678733032,24.886877828054295,3.3936651583710407,20.361990950226247,49.77375565610859,741.3213885778276,105.26315789473684,11.312217194570135,13.574660633484163,4.524886877828055,114.25339366515837,342.5287356321839
2ae19629-19f6-13a3-e055-000000000001,TIVANNAGH,107.27969348659005,0.0,0.0,15.32567049808429,38.314176245210724,846.441947565543,86.14232209737828,3.8314176245210727,3.8314176245210727,0.0,84.29118773946361,453.84615384615387
2ae19629-19f7-13a3-e055-000000000001,TULSK,88.95705521472392,9.202453987730062,3.067484662576687,24.539877300613497,15.337423312883436,861.9631901840492,92.02453987730061,6.134969325153374,3.067484662576687,0.0,88.95705521472392,393.75
2ae19629-1a08-13a3-e055-000000000001,DRUMCLIFF WEST,89.28571428571429,5.184331797235023,2.8801843317972353,14.400921658986174,28.80184331797235,721.7962760131435,144.57831325301206,0.0,12.672811059907835,1.7281105990783412,48.963133640552996,507.07413695529146
2ae19629-1a09-13a3-e055-000000000001,DRUMCOLUMB,117.6470588235294,0.0,0.0,29.41176470588235,7.352941176470588,831.5018315018316,87.91208791208791,0.0,0.0,0.0,99.26470588235294,351.85185185185185
2ae19629-1a0d-13a3-e055-000000000001,KEADEW,93.20388349514563,23.300970873786408,1.941747572815534,71.84466019417475,23.300970873786408,788.6029411764706,112.13235294117648,0.0,5.825242718446602,1.941747572815534,116.50485436893204,325.2336448598131
2ae19629-19aa-13a3-e055-000000000001,CARNEY,71.83908045977012,1.4367816091954022,8.620689655172413,8.620689655172413,18.678160919540232,759.1036414565826,99.43977591036413,1.4367816091954022,12.931034482758621,0.0,22.988505747126435,492.83667621776505
2ae19629-19b0-13a3-e055-000000000001,CLOONYQUIN,149.01960784313727,0.0,0.0,15.686274509803921,7.8431372549019605,850.9803921568628,78.43137254901961,0.0,0.0,0.0,105.88235294117646,435.48387096774195
2ae19629-19b7-13a3-e055-000000000001,RATHMACURKEY,87.24832214765101,5.033557046979865,0.0,5.033557046979865,10.06711409395973,887.9598662207358,75.25083612040135,1.6778523489932886,0.0,3.3557046979865772,53.691275167785236,348.35355285961873
2ae19629-19ba-13a3-e055-000000000001,COOLOUGHER,119.28429423459244,3.976143141153081,0.0,19.880715705765407,7.952286282306162,889.9803536345776,47.151277013752456,0.0,0.0,1.9880715705765406,65.60636182902584,324.48979591836735
2ae19629-19bf-13a3-e055-000000000001,OGULLA,103.01507537688443,35.175879396984925,5.025125628140704,32.663316582914575,57.788944723618094,701.7543859649122,155.38847117794487,0.0,25.12562814070352,20.100502512562816,145.7286432160804,376.657824933687
2ae19629-19ca-13a3-e055-000000000001,ROCKINGHAM,82.31707317073172,3.048780487804878,15.24390243902439,15.24390243902439,24.390243902439025,781.7109144542774,109.14454277286136,0.0,15.24390243902439,3.048780487804878,60.97560975609756,515.1515151515151
2ae19629-19cc-13a3-e055-000000000001,CLIFFONY NORTH,123.97540983606557,1.0245901639344264,3.0737704918032787,22.54098360655738,25.614754098360656,735.0,164.0,0.0,4.0983606557377055,1.0245901639344264,65.57377049180329,415.4488517745303
2ae19629-19d5-13a3-e055-000000000001,ROSCOMMON URBAN,45.77114427860696,53.73134328358209,9.950248756218905,132.8358208955224,195.02487562189054,585.5457227138643,95.87020648967552,4.477611940298508,35.32338308457712,42.78606965174129,201.9900497512438,315.54643406875323
2ae19629-19d1-13a3-e055-000000000001,CREGGA,72.28915662650603,12.048192771084338,0.0,0.0,18.072289156626507,903.6144578313254,84.33734939759036,0.0,6.024096385542169,0.0,48.19277108433735,478.26086956521743
2ae19629-19d8-13a3-e055-000000000001,CLOONOGHILL,69.07894736842105,9.868421052631579,0.0,3.289473684210526,0.0,866.4495114006515,45.60260586319218,0.0,0.0,0.0,42.76315789473684,379.66101694915255
2ae19629-19df-13a3-e055-000000000001,DRUMLOSH,36.61971830985915,19.71830985915493,0.0,0.0,8.450704225352112,857.5418994413408,81.00558659217877,0.0,0.0,0.0,30.985915492957748,436.95014662756597
2ae19629-19e1-13a3-e055-000000000001,SCREGG,50.35971223021583,8.992805755395683,0.0,8.992805755395683,26.978417266187048,852.5179856115108,68.3453237410072,0.0,10.79136690647482,1.7985611510791368,43.16546762589928,479.4007490636704
2ae19629-19e5-13a3-e055-000000000001,TEMPLEVANNY,58.333333333333336,0.0,0.0,16.666666666666668,37.5,709.5435684647304,120.33195020746888,0.0,0.0,0.0,54.16666666666667,421.27659574468083
2ae19629-19e7-13a3-e055-000000000001,DUNAMON,109.7560975609756,0.0,0.0,15.24390243902439,12.195121951219512,890.2439024390244,70.1219512195122,0.0,0.0,0.0,51.829268292682926,451.1041009463723
2ae19629-19e9-13a3-e055-000000000001,TAGHBOY,71.16104868913857,5.617977528089887,0.0,18.726591760299627,18.726591760299627,829.9065420560747,67.28971962616822,101.12359550561797,0.0,1.8726591760299625,43.07116104868914,321.6374269005848
2ae19629-19ef-13a3-e055-000000000001,DROMARD WEST,67.6328502415459,0.0,0.0,4.830917874396135,28.985507246376812,806.7632850241546,77.29468599033817,0.0,14.492753623188406,0.0,33.81642512077295,525.2525252525253
2ae19629-1a14-13a3-e055-000000000001,ARDFINNAN,50.341296928327644,10.238907849829351,5.1194539249146755,8.532423208191126,12.79863481228669,856.5365025466893,73.00509337860781,0.0,6.825938566552901,0.0,44.36860068259386,366.1347517730497
2ae19629-1a22-13a3-e055-000000000001,BALLINGARRY,67.97385620915033,5.228758169934641,0.0,5.228758169934641,10.457516339869281,868.3181225554107,59.97392438070404,3.9215686274509802,0.0,1.3071895424836601,41.830065359477125,373.65591397849465
2ae19629-1a25-13a3-e055-000000000001,KILGLASS SOUTH,90.9090909090909,11.363636363636363,0.0,2.840909090909091,19.886363636363637,850.2824858757062,112.99435028248587,0.0,0.0,2.840909090909091,71.02272727272728,376.0932944606414
2ae19629-1a26-13a3-e055-000000000001,BALLINTOGHER WEST,49.21700223713647,0.0,0.0,15.659955257270694,17.89709172259508,822.7571115973742,61.2691466083151,2.237136465324385,2.237136465324385,0.0,31.319910514541387,353.8812785388128
2ae19629-1a28-13a3-e055-000000000001,BALLYNAKILL,82.25108225108225,4.329004329004329,4.329004329004329,10.822510822510822,17.316017316017316,744.5887445887446,123.37662337662337,0.0,6.493506493506494,2.1645021645021645,45.45454545454545,417.21854304635764
2ae19629-1a2e-13a3-e055-000000000001,KILLAVACKAN,105.72687224669603,0.0,0.0,0.0,4.405286343612335,860.2620087336245,69.86899563318777,0.0,0.0,0.0,66.07929515418502,486.3636363636364
2ae19629-1a30-13a3-e055-000000000001,KILLUKIN,75.26881720430107,0.0,0.0,0.0,26.881720430107528,910.5263157894738,47.36842105263158,0.0,0.0,0.0,26.881720430107528,370.9677419354839
2ae19629-1a39-13a3-e055-000000000001,CARROWREAGH,34.48275862068965,0.0,0.0,5.44464609800363,16.33393829401089,944.0433212996389,39.711191335740075,0.0,0.0,0.0,12.704174228675136,485.92870544090056
2ae19629-19d6-13a3-e055-000000000001,ROSMOYLAN,93.75,5.208333333333333,0.0,0.0,109.375,697.6744186046512,116.27906976744185,5.208333333333333,5.208333333333333,31.25,130.20833333333334,342.99516908212564
2ae19629-19db-13a3-e055-000000000001,TEMPLEBOY SOUTH/MULLAGHERUSE,77.22007722007721,3.8610038610038613,0.0,7.722007722007723,3.8610038610038613,803.8461538461539,57.69230769230769,0.0,0.0,0.0,50.19305019305019,414.34262948207174
2ae19629-19dc-13a3-e055-000000000001,CULLIAGH,34.146341463414636,0.0,0.0,4.878048780487805,9.75609756097561,889.4230769230769,62.5,0.0,4.878048780487805,0.0,24.390243902439025,482.7586206896552
2ae19629-19e6-13a3-e055-000000000001,TOBERCURRY,83.54922279792747,36.59326424870466,4.209844559585492,34.002590673575135,54.7279792746114,737.010904425914,94.6119307248236,17.810880829015545,16.83937823834197,31.088082901554404,113.01813471502591,361.56678942082357
2ae19629-19e8-13a3-e055-000000000001,DYSART,61.67400881057269,0.0,0.0,8.81057268722467,4.405286343612335,864.6288209606987,104.80349344978166,0.0,0.0,0.0,26.431718061674008,575.3424657534247
2ae19629-19ed-13a3-e055-000000000001,CUILMORE,142.07650273224044,5.46448087431694,0.0,16.393442622950822,20.036429872495447,819.8198198198198,108.10810810810811,0.0,9.107468123861567,0.0,98.36065573770492,354.24354243542433
2ae19629-19fb-13a3-e055-000000000001,SLIGO NORTH,66.12685560053981,31.0391363022942,27.327935222672068,36.26855600539811,83.33333333333333,583.3197323322996,156.68353190794843,21.25506072874494,61.40350877192982,26.821862348178136,95.31039136302294,304.3697478991597
2ae19629-19fe-13a3-e055-000000000001,AGHNAMEADLE,40.11461318051576,2.865329512893983,2.865329512893983,2.865329512893983,5.730659025787966,911.4285714285714,17.142857142857142,0.0,2.865329512893983,0.0,25.787965616045845,525.8358662613982
2ae19629-19fa-13a3-e055-000000000001,DRUMCLIFF EAST,50.331125827814574,6.622516556291391,0.0,6.622516556291391,26.490066225165563,773.5602094240837,121.72774869109948,0.0,6.622516556291391,1.3245033112582782,25.165562913907287,525.4010695187166
2ae19629-1a0c-13a3-e055-000000000001,ARDCRONY,71.65605095541402,1.5923566878980893,0.0,17.515923566878982,14.331210191082803,726.4150943396226,95.9119496855346,0.0,6.369426751592357,0.0,54.140127388535035,446.2540716612378
2ae19629-1a11-13a3-e055-000000000001,AGHANAGH,54.263565891472865,0.0,0.0,10.335917312661499,15.503875968992247,780.0511508951406,102.30179028132991,0.0,0.0,0.0,51.67958656330749,440.86021505376345
2ae19629-1a12-13a3-e055-000000000001,DRUMRAT,132.21601489757913,1.86219739292365,0.0,11.1731843575419,16.75977653631285,781.4814814814814,133.33333333333334,1.86219739292365,9.31098696461825,0.0,61.452513966480446,437.61996161228404
2ae19629-1a17-13a3-e055-000000000001,KILCAR,41.666666666666664,2.6041666666666665,0.0,5.208333333333333,7.8125,817.7083333333334,122.39583333333333,2.6041666666666665,0.0,0.0,26.041666666666668,416.6666666666667
2ae19629-1a19-13a3-e055-000000000001,ANNAGH,111.6751269035533,0.0,0.0,20.30456852791878,0.0,660.0,170.0,0.0,0.0,0.0,81.21827411167511,456.8527918781726
2ae19629-1a1c-13a3-e055-000000000001,EASKY WEST,92.02453987730061,3.067484662576687,0.0,3.067484662576687,32.20858895705521,795.1807228915662,118.97590361445782,0.0,6.134969325153374,0.0,46.012269938650306,365.4743390357698
2ae19629-1a1e-13a3-e055-000000000001,GLENDARRAGH,128.75536480686694,0.0,0.0,0.0,34.33476394849785,756.4102564102564,128.2051282051282,4.291845493562231,0.0,12.875536480686696,72.96137339055794,301.80180180180184
2ae19629-1a3b-13a3-e055-000000000001,CASTLEREAGH,78.44961240310077,33.178294573643406,10.542635658914728,39.689922480620154,53.333333333333336,671.9706242350061,85.67931456548347,20.155038759689923,21.395348837209305,12.093023255813954,89.30232558139535,293.45088161209065
2ae19629-1a54-13a3-e055-000000000001,SCREGGAN,41.860465116279066,3.3222591362126246,1.9933554817275745,7.308970099667774,16.611295681063122,849.3060145406477,56.17977528089887,0.0,5.980066445182724,5.3156146179401995,23.920265780730897,438.3094751192911
2ae19629-1a58-13a3-e055-000000000001,WILLIAMSTOWN,40.0,0.0,0.0,9.230769230769232,36.92307692307693,663.6085626911315,79.51070336391437,0.0,15.384615384615385,0.0,43.07692307692307,361.90476190476187
2ae19629-1a59-13a3-e055-000000000001,GRAIGUE URBAN,38.83495145631068,44.29611650485437,10.315533980582526,54.61165048543689,70.3883495145631,613.2930513595167,114.19939577039274,7.281553398058253,44.29611650485437,19.41747572815534,100.12135922330097,237.85803237858033
2ae19629-1a5a-13a3-e055-000000000001,ENAGH,47.735618115055075,2.4479804161566707,0.0,8.567931456548347,166.4626682986536,750.9157509157509,72.03907203907204,1.2239902080783354,26.92778457772338,110.15911872705018,37.9436964504284,335.8490566037736
2ae19629-1a5c-13a3-e055-000000000001,CLONBULLOGE,42.6829268292683,8.536585365853659,0.0,3.658536585365854,12.195121951219512,716.3636363636363,80.0,0.0,1.2195121951219512,0.0,35.36585365853658,298.3770287141074
2ae19629-1a61-13a3-e055-000000000001,SHANNONBRIDGE,48.148148148148145,0.0,3.7037037037037037,11.11111111111111,11.11111111111111,867.6470588235294,44.11764705882353,0.0,14.814814814814815,0.0,14.814814814814815,362.59541984732823
2ae19629-1a89-13a3-e055-000000000001,BRAGAN,164.55696202531644,9.49367088607595,0.0,37.9746835443038,18.9873417721519,911.9496855345913,34.59119496855346,0.0,0.0,0.0,47.46835443037975,385.3820598006645
2ae19629-1a05-13a3-e055-000000000001,TURROCK,56.426332288401255,0.0,0.0,12.539184952978056,6.269592476489028,922.360248447205,37.267080745341616,0.0,0.0,0.0,6.269592476489028,393.08176100628936
2ae19629-1a0a-13a3-e055-000000000001,DRUMFIN,70.90464547677261,0.0,0.0,19.559902200489,9.7799511002445,830.0970873786407,65.53398058252426,0.0,0.0,2.444987775061125,34.229828850855746,412.3456790123457
2ae19629-1a13-13a3-e055-000000000001,EASKY EAST,106.28019323671498,0.0,0.0,16.103059581320448,24.154589371980677,746.0063897763578,130.99041533546327,3.2206119162640903,1.6103059581320451,1.6103059581320451,66.02254428341385,333.3333333333333
2ae19629-1a16-13a3-e055-000000000001,KILBRYAN,122.44897959183673,7.653061224489796,7.653061224489796,56.12244897959184,33.163265306122454,660.0,202.5,0.0,17.857142857142858,5.1020408163265305,153.06122448979593,357.51295336787564
2ae19629-1a1a-13a3-e055-000000000001,AUGHRIS,58.47953216374269,0.0,5.847953216374268,11.695906432748536,0.0,877.1929824561403,58.47953216374269,0.0,0.0,0.0,35.08771929824561,421.68674698795184
2ae19629-1a1d-13a3-e055-000000000001,GLENCAR,78.74015748031496,0.0,11.811023622047244,31.496062992125985,15.748031496062993,756.7567567567568,123.55212355212356,0.0,15.748031496062993,7.874015748031496,66.92913385826772,531.7460317460317
2ae19629-1a29-13a3-e055-000000000001,KILGLASS,96.47602541883305,15.020219526285384,4.62160600808781,16.175621028307337,23.108030040439054,839.6600566572238,90.6515580736544,0.0,15.020219526285384,4.043905257076834,64.12478336221837,358.5237258347979
2ae19629-1a32-13a3-e055-000000000001,BALLYNASHEE,111.97916666666667,2.6041666666666665,0.0,33.854166666666664,18.229166666666668,836.7875647668394,64.76683937823833,0.0,0.0,0.0,80.72916666666667,452.31607629427793
2ae19629-1a31-13a3-e055-000000000001,KILLUMMOD,62.99212598425197,0.0,0.0,7.874015748031496,0.0,782.9457364341084,124.03100775193798,0.0,0.0,0.0,55.118110236220474,459.67741935483866
2ae19629-1a35-13a3-e055-000000000001,KILLARAGHT,85.71428571428571,2.197802197802198,0.0,19.78021978021978,13.186813186813186,826.7543859649122,103.0701754385965,0.0,0.0,0.0,61.53846153846154,416.85649202733487
2ae19629-1a37-13a3-e055-000000000001,BALLYCARRON,153.1791907514451,11.560693641618496,0.0,26.01156069364162,17.341040462427745,817.9190751445087,92.48554913294797,0.0,0.0,0.0,80.92485549132948,443.7869822485207
2ae19629-1a38-13a3-e055-000000000001,BALLYCLERAHAN,59.27342256214149,2.868068833652008,0.0,15.296367112810707,24.8565965583174,842.7073403241181,113.44137273593898,0.0,2.868068833652008,0.9560229445506692,47.80114722753346,481.2992125984252
2ae19629-1a3a-13a3-e055-000000000001,CASTLEPLUNKET,133.6898395721925,0.0,0.0,10.695187165775401,26.737967914438503,840.1420959147424,103.01953818827708,1.7825311942959001,3.5650623885918002,0.0,90.9090909090909,360.95764272559853
2ae19629-1a3c-13a3-e055-000000000001,DRUMGURRA,108.40108401084011,1.3550135501355014,0.0,16.260162601626018,18.970189701897016,869.2722371967654,56.60377358490566,0.0,4.065040650406504,2.710027100271003,33.87533875338753,409.6728307254623
2ae19629-1a42-13a3-e055-000000000001,BROUGHAL,49.586776859504134,16.528925619834713,0.0,0.0,8.264462809917356,900.8264462809917,57.85123966942149,0.0,0.0,0.0,57.85123966942149,322.03389830508473
2ae19629-1a45-13a3-e055-000000000001,RAHEENAKEERAN,56.33802816901409,16.431924882629108,0.0,11.737089201877934,14.084507042253522,759.3457943925233,88.78504672897196,0.0,0.0,2.347417840375587,53.990610328638496,251.1961722488038
2ae19629-1a94-13a3-e055-000000000001,CADDAGH,95.9409594095941,3.6900369003690034,0.0,18.45018450184502,18.45018450184502,705.8823529411765,25.735294117647058,1.8450184501845017,1.8450184501845017,1.8450184501845017,38.74538745387454,423.95437262357416
2ae19629-1a9e-13a3-e055-000000000001,CARRICKMACROSS RURAL,64.30415395447078,19.71368223421732,4.92842055855433,108.89462567472424,57.26355315653602,730.3658820787695,84.12957352598461,3.9896737854963624,25.346162872565127,11.499647969960103,154.42384416803569,407.6848719188014
2ae19629-1aaa-13a3-e055-000000000001,CASTLEBLAYNEY RURAL,126.0825267447784,15.53744268976057,7.386653082017321,84.05501782985226,30.565461029037188,805.4711246200608,71.68186423505573,5.348955680081509,25.47121752419766,7.131940906775344,125.57310239429445,347.56258234519106
2ae19629-1aae-13a3-e055-000000000001,GORTEEN,46.57534246575343,2.73972602739726,0.0,5.47945205479452,27.397260273972602,849.7267759562842,62.84153005464481,21.91780821917808,5.47945205479452,0.0,41.0958904109589,435.3932584269663
2ae19629-1aaf-13a3-e055-000000000001,HAMMERLANE,39.04923599320883,0.0,0.0,20.37351443123939,8.488964346349746,857.6271186440679,74.57627118644068,1.697792869269949,0.0,5.093378607809847,22.07130730050934,370.24221453287197
2ae19629-1ab1-13a3-e055-000000000001,HUNTSTON,33.24808184143223,0.0,0.0,15.34526854219949,15.34526854219949,908.3969465648854,38.16793893129771,0.0,0.0,7.672634271099745,40.92071611253197,347.3684210526316
2ae19629-1ac9-13a3-e055-000000000001,BALLYDANGAN,53.639846743295024,8.939974457215836,0.0,3.8314176245210727,24.265644955300125,889.030612244898,53.57142857142857,17.879948914431672,1.277139208173691,5.108556832694764,29.374201787994892,442.838370565046
2ae19629-1acd-13a3-e055-000000000001,CREMARTIN,95.9349593495935,5.691056910569106,2.4390243902439024,31.70731707317073,14.634146341463415,880.8373590982287,57.165861513687595,3.252032520325203,4.065040650406504,4.065040650406504,55.28455284552845,385.8333333333333
2ae19629-1a3d-13a3-e055-000000000001,DRUMHILLAGH,110.95505617977527,0.0,0.0,8.426966292134832,11.235955056179774,754.1899441340782,54.46927374301676,7.022471910112359,0.0,0.0,23.876404494382022,385.5072463768116
2ae19629-1a46-13a3-e055-000000000001,RATHFESTON,26.258205689277897,21.88183807439825,0.0,17.505470459518598,26.258205689277897,858.6956521739131,67.3913043478261,0.0,2.1881838074398248,0.0,72.21006564551423,351.89309576837417
2ae19629-1a4d-13a3-e055-000000000001,ENAGH,150.83798882681566,11.1731843575419,0.0,48.41713221601489,40.968342644320295,771.8978102189781,63.868613138686136,1.86219739292365,18.6219739292365,0.0,67.0391061452514,383.8771593090211
2ae19629-1a50-13a3-e055-000000000001,CLARA,40.8648134948919,11.641720123544784,4.276550249465432,16.63102874792112,23.045854122119266,842.752423740837,74.95861905887917,10.691375623663578,10.216203373722974,3.3262057495842243,45.616535994297934,303.8160469667319
2ae19629-1a57-13a3-e055-000000000001,TULLOWBEG,29.22077922077922,43.83116883116883,3.246753246753247,29.22077922077922,8.116883116883116,800.9708737864078,48.543689320388346,47.07792207792208,3.246753246753247,0.0,90.9090909090909,313.43283582089555
2ae19629-1a63-13a3-e055-000000000001,AGHABOG,69.18238993710692,0.0,0.0,9.433962264150942,9.433962264150942,594.3396226415094,81.76100628930817,0.0,0.0,0.0,15.723270440251572,364.51612903225805
2ae19629-1a6d-13a3-e055-000000000001,SRAH,40.502793296089386,1.3966480446927374,0.0,5.58659217877095,2.793296089385475,880.7212205270458,54.091539528432726,5.58659217877095,0.0,0.0,22.3463687150838,213.56421356421356
2ae19629-1a71-13a3-e055-000000000001,INISHKEEN,119.2504258943782,2.555366269165247,0.0,33.21976149914821,13.62862010221465,907.7834179357021,59.22165820642978,0.0,0.8517887563884157,1.7035775127768313,50.25553662691652,359.50044603033007
2ae19629-1a48-13a3-e055-000000000001,CASTLETEHEEN,105.9190031152648,0.0,0.0,15.576323987538942,3.115264797507788,848.7654320987655,83.33333333333333,6.230529595015576,0.0,0.0,84.11214953271028,344.82758620689657
2ae19629-1a5b-13a3-e055-000000000001,FIGULLAR,181.8181818181818,9.09090909090909,0.0,29.09090909090909,29.09090909090909,884.8920863309353,59.35251798561151,0.0,3.6363636363636362,0.0,70.9090909090909,413.5338345864661
2ae19629-1a5f-13a3-e055-000000000001,CLONYGOWAN,36.011080332409975,19.39058171745152,1.3850415512465375,19.39058171745152,11.0803324099723,808.8033012379643,86.65749656121045,0.0,11.0803324099723,1.3850415512465375,52.63157894736842,397.1223021582734
2ae19629-1a6a-13a3-e055-000000000001,DAINGEAN,34.05572755417956,7.430340557275541,0.6191950464396285,17.956656346749224,18.575851393188852,835.0833848054355,70.41383570105003,1.238390092879257,4.953560371517028,1.8575851393188854,40.247678018575854,344.33656957928804
2ae19629-1a6b-13a3-e055-000000000001,SHINRONE,53.94990366088632,8.670520231213873,5.780346820809248,12.524084778420038,18.304431599229286,801.1527377521613,73.00672430355428,23.12138728323699,9.633911368015413,4.816955684007707,41.42581888246628,290.38652130822595
2ae19629-1a6c-13a3-e055-000000000001,SILVERBROOK,29.304029304029303,3.663003663003663,0.0,13.431013431013431,28.083028083028083,860.0973236009733,66.90997566909977,0.0,2.442002442002442,9.768009768009769,30.525030525030523,440.80604534005033
2ae19629-1a6e-13a3-e055-000000000001,ANNY,64.43298969072164,0.0,0.0,2.577319587628866,15.463917525773196,741.6879795396419,46.03580562659847,0.0,0.0,0.0,10.309278350515465,406.8241469816273
2ae19629-1a72-13a3-e055-000000000001,KILLEEVAN,64.02439024390245,3.048780487804878,0.0,27.4390243902439,15.24390243902439,733.3333333333333,66.66666666666667,0.0,3.048780487804878,0.0,36.58536585365854,414.8606811145511
2ae19629-1ad8-13a3-e055-000000000001,CURRIN,108.96551724137932,9.655172413793103,1.379310344827586,41.37931034482759,17.93103448275862,801.0973936899863,76.81755829903979,4.137931034482759,2.758620689655172,1.379310344827586,71.72413793103448,387.60806916426515
2ae19629-1ae5-13a3-e055-000000000001,BREEDOGE,80.32128514056225,0.0,0.0,0.0,20.080321285140563,899.5983935742971,40.16064257028113,0.0,0.0,0.0,36.144578313253014,355.3719008264463
2ae19629-1aee-13a3-e055-000000000001,MOUNTBRISCOE,26.31578947368421,3.7593984962406015,0.0,15.037593984962406,7.518796992481203,843.2835820895523,74.62686567164178,0.0,0.0,0.0,18.796992481203006,469.69696969696975
2ae19629-1af0-13a3-e055-000000000001,BUMLIN,102.07939508506617,11.342155009451796,1.890359168241966,17.013232514177695,28.35538752362949,846.441947565543,86.14232209737828,0.0,11.342155009451796,1.890359168241966,102.07939508506617,419.921875
2ae19629-1af3-13a3-e055-000000000001,DRUMBOORY,96.32224168126093,7.005253940455342,0.0,19.26444833625219,14.010507880910684,849.3870402802102,64.79859894921191,0.0,0.0,0.0,45.53415061295972,433.27239488117004
2ae19629-1af9-13a3-e055-000000000001,MOUNTHEATON,39.1566265060241,0.0,0.0,66.26506024096386,27.10843373493976,837.593984962406,57.14285714285714,7.530120481927711,15.060240963855422,3.0120481927710845,93.37349397590361,533.7423312883436
2ae19629-1afa-13a3-e055-000000000001,MOYCLARE,35.031847133757964,1.5923566878980893,0.0,6.369426751592357,12.738853503184714,899.6815286624203,49.36305732484077,0.0,3.1847133757961785,0.0,14.331210191082803,327.27272727272725
2ae19629-1b01-13a3-e055-000000000001,BALLYKILMORE,46.27249357326478,7.712082262210797,0.0,7.712082262210797,38.56041131105398,838.0462724935733,83.54755784061697,0.0,3.8560411311053984,2.5706940874035986,43.70179948586119,399.19354838709677
2ae19629-1a75-13a3-e055-000000000001,DERRYCOOLY,20.202020202020204,0.0,0.0,6.7340067340067336,16.835016835016834,838.3838383838383,60.60606060606061,0.0,10.101010101010102,0.0,10.101010101010102,392.9824561403509
2ae19629-1a80-13a3-e055-000000000001,KILMORE,110.0,4.0,0.0,24.0,8.0,911.4173228346457,33.46456692913386,4.0,0.0,2.0,24.0,435.2226720647773
2ae19629-1a85-13a3-e055-000000000001,TULLAMORE URBAN,47.75638306896259,37.153278479938926,9.500381711765204,63.70345237085419,70.31978963440496,699.8410972652002,104.29037383959188,42.24276868267029,36.89880396980236,17.304266689286624,127.83102892526932,303.54351224596144
2ae19629-1a86-13a3-e055-000000000001,AGHAFIN,92.85714285714286,0.0,0.0,42.857142857142854,14.285714285714285,852.112676056338,112.67605633802818,0.0,0.0,0.0,57.14285714285714,364.963503649635
2ae19629-1a88-13a3-e055-000000000001,BOCKS,72.07207207207207,2.574002574002574,0.0,19.305019305019304,9.00900900900901,884.4672657252889,52.63157894736842,7.722007722007723,0.0,0.0,37.323037323037326,347.1849865951743
2ae19629-1a8a-13a3-e055-000000000001,BROOMFIELD,173.33333333333334,10.90909090909091,2.4242424242424243,21.81818181818182,6.0606060606060606,879.6630565583635,43.32129963898917,0.0,2.4242424242424243,0.0,35.15151515151515,349.2462311557789
2ae19629-1a92-13a3-e055-000000000001,ANNAGHMORE,103.33333333333333,0.0,0.0,6.666666666666667,6.666666666666667,875.0,65.78947368421052,0.0,0.0,0.0,53.333333333333336,424.24242424242425
2ae19629-1a98-13a3-e055-000000000001,LOUGH FEA,60.382916053019144,1.4727540500736376,0.0,26.509572901325477,25.03681885125184,794.4606413994169,83.09037900874635,1.4727540500736376,1.4727540500736376,0.0,48.60088365243004,466.2668665667166
2ae19629-1a74-13a3-e055-000000000001,DERRYAD,29.520295202952028,11.07011070110701,0.0,14.760147601476014,7.380073800738007,822.463768115942,90.57971014492753,22.14022140221402,0.0,3.6900369003690034,33.210332103321036,424.3542435424354
2ae19629-1a7a-13a3-e055-000000000001,TULLA,37.03703703703704,0.0,0.0,37.03703703703704,0.0,925.925925925926,46.29629629629629,0.0,0.0,0.0,46.29629629629629,441.1764705882353
2ae19629-1a7c-13a3-e055-000000000001,BELLANODE,99.93552546744036,22.566086395873633,2.5789813023855577,27.079303675048358,116.05415860735009,709.7390197326544,77.65754296626352,0.6447453255963894,19.987105093488072,60.60606060606061,101.86976144422952,403.7308461025983
2ae19629-1a7f-13a3-e055-000000000001,KILLYNENAGH,105.5045871559633,0.0,0.0,9.174311926605505,9.174311926605505,369.86301369863014,54.794520547945204,0.0,0.0,0.0,36.69724770642202,331.75355450236964
2ae19629-1a8d-13a3-e055-000000000001,LARAGH,89.63093145869948,0.0,0.0,26.362038664323375,12.302284710017574,902.7777777777778,45.138888888888886,0.0,1.757469244288225,0.0,35.149384885764505,412.9263913824057
2ae19629-1a96-13a3-e055-000000000001,CARRICKATEE,132.6259946949602,2.6525198938992043,0.0,10.610079575596817,10.610079575596817,854.4973544973545,34.39153439153439,0.0,2.6525198938992043,0.0,34.48275862068965,484.3304843304843
2ae19629-1a97-13a3-e055-000000000001,LISNAVEANE,97.9020979020979,0.0,0.0,16.317016317016318,13.986013986013987,777.0114942528735,45.97701149425287,0.0,0.0,0.0,23.31002331002331,407.58293838862556
2ae19629-1aab-13a3-e055-000000000001,CASTLESHANE,144.14414414414415,0.0,0.0,10.01001001001001,12.012012012012011,906.2191510365252,43.43534057255676,0.0,0.0,0.0,17.017017017017018,466.529351184346
2ae19629-1b07-13a3-e055-000000000001,BALLYELLIS,32.786885245901644,30.44496487119438,0.0,9.36768149882904,4.68384074941452,821.7592592592594,120.37037037037037,0.0,0.0,0.0,72.59953161592506,424.09638554216866
2ae19629-1b08-13a3-e055-000000000001,BALLYGARRETT,55.43478260869565,4.3478260869565215,0.0,16.304347826086957,26.08695652173913,746.2039045553145,171.36659436008676,0.0,6.521739130434782,0.0,45.65217391304348,398.6562150055991
2ae19629-1b0e-13a3-e055-000000000001,KILPATRICK,41.32231404958678,12.396694214876034,0.0,16.528925619834713,28.925619834710744,831.2757201646091,94.65020576131687,0.0,0.0,0.0,41.32231404958678,500.0
2ae19629-1b0f-13a3-e055-000000000001,KINNEGAD,47.29309271935283,29.24704418170504,16.490354698195397,67.2059738643435,66.89483509645301,690.6009244992296,121.41756548536209,1.5556938394523958,46.04853764779091,37.958929682638455,107.65401369010578,324.4629689002885
2ae19629-1b12-13a3-e055-000000000001,BALLYHACK,68.24925816023739,2.967359050445104,0.0,16.320474777448073,30.415430267062312,796.7718268525313,133.52898019075568,1.483679525222552,3.7091988130563798,0.741839762611276,53.41246290801187,344.8534936138242
2ae19629-1b1a-13a3-e055-000000000001,KILLULAGH,77.079107505071,4.056795131845842,0.0,28.397565922920894,22.31237322515213,876.2677484787018,83.16430020283975,2.028397565922921,0.0,0.0,62.88032454361055,462.34309623430966
2ae19629-1b1b-13a3-e055-000000000001,KNOCKDRIN,61.05610561056106,3.3003300330033003,1.6501650165016502,8.25082508250825,13.201320132013201,786.5353037766831,114.94252873563218,0.0,4.9504950495049505,0.0,37.95379537953796,480.40885860306645
2ae19629-1b26-13a3-e055-000000000001,BELLANALACK,52.44755244755245,12.237762237762238,0.0,17.482517482517483,36.71328671328671,826.9896193771626,86.50519031141867,0.0,3.4965034965034967,5.244755244755245,64.6853146853147,409.2526690391459
2ae19629-1a9b-13a3-e055-000000000001,FERBANE,43.341213553979514,8.668242710795903,2.3640661938534278,11.03230890464933,17.336485421591806,891.4910226385637,58.5480093676815,6.304176516942475,7.880220646178092,0.7880220646178093,25.2167060677699,381.56831042845596
2ae19629-1aa0-13a3-e055-000000000001,CASTLEBLAYNEY URBAN,97.70687936191426,17.94616151545364,0.9970089730807576,223.33000997008972,74.77567298105683,632.1499013806706,138.06706114398423,0.9970089730807576,32.901296111665005,22.93120638085743,246.26121635094717,235.71428571428572
2ae19629-1aa8-13a3-e055-000000000001,ATHLONE WEST RURAL,40.54054054054054,69.47087933003426,17.700799390940233,50.437761705367336,67.75789874381424,698.2203710715637,113.4040136312003,7.23258469737343,35.97259231062048,38.63722877807385,160.44918157594216,344.75965327029155
2ae19629-1aa9-13a3-e055-000000000001,AUGHRIM EAST,108.33333333333334,25.0,0.0,8.333333333333334,25.0,921.4876033057851,41.32231404958678,0.0,0.0,0.0,108.33333333333334,545.0643776824035
2ae19629-1ab5-13a3-e055-000000000001,CLONES,201.5503875968992,0.0,0.0,17.441860465116278,19.37984496124031,839.458413926499,61.89555125725339,0.0,3.875968992248062,0.0,29.069767441860463,411.2903225806452
2ae19629-1ab6-13a3-e055-000000000001,CLONES RURAL,164.46955430006278,1.2554927809165097,1.8832391713747645,57.752667922159446,35.15379786566227,810.1736972704715,53.97022332506204,4.394224733207784,5.021971123666039,6.905210295040804,88.51224105461392,374.67532467532465
2ae19629-1ac8-13a3-e055-000000000001,KILLOOLY,40.59040590405904,0.0,0.0,0.0,22.14022140221402,852.3985239852399,81.18081180811808,0.0,7.380073800738007,0.0,11.07011070110701,376.42585551330797
2ae19629-1acb-13a3-e055-000000000001,BALLYFORMOYLE,111.1111111111111,0.0,0.0,29.239766081871345,5.847953216374268,791.9075144508671,150.28901734104048,0.0,0.0,0.0,93.56725146198829,431.9526627218935
2ae19629-1aba-13a3-e055-000000000001,KILCOLMAN,25.12562814070352,5.025125628140704,0.0,0.0,10.050251256281408,917.0854271356784,60.30150753768844,0.0,0.0,0.0,15.07537688442211,409.4488188976378
2ae19629-1abc-13a3-e055-000000000001,BALLINLOUGH,124.11347517730496,7.092198581560283,1.7730496453900708,38.12056737588652,36.34751773049645,789.9824253075572,99.29701230228471,0.0,7.978723404255319,4.432624113475177,100.17730496453902,353.2068654019874
2ae19629-1ac2-13a3-e055-000000000001,SHANMULLAGH,161.94331983805668,4.048582995951417,0.0,32.388663967611336,24.291497975708502,879.0322580645161,52.41935483870968,0.0,4.048582995951417,0.0,40.48582995951417,367.96536796536793
2ae19629-1ac4-13a3-e055-000000000001,St. TIERNEY,123.39331619537275,0.0,0.0,20.56555269922879,5.141388174807197,756.4102564102564,38.46153846153847,0.0,2.5706940874035986,0.0,38.56041131105398,433.8624338624338
2ae19629-1acc-13a3-e055-000000000001,CREEVE,89.8716119828816,1.4265335235378032,0.0,9.985734664764621,4.279600570613409,940.4255319148937,26.95035460992908,0.0,1.4265335235378032,0.0,17.118402282453637,435.1713859910582
2ae19629-1ad4-13a3-e055-000000000001,KNOCKBARRON,36.19909502262444,9.04977375565611,0.0,13.574660633484163,13.574660633484163,928.2511210762332,31.390134529147982,0.0,13.574660633484163,0.0,27.149321266968325,444.4444444444444
2ae19629-1adc-13a3-e055-000000000001,BALLINCOR,48.64864864864865,5.405405405405405,0.0,5.405405405405405,27.027027027027028,767.5675675675676,64.86486486486487,0.0,0.0,0.0,59.45945945945946,407.8212290502793
2ae19629-1ae3-13a3-e055-000000000001,BOYLE RURAL,80.95781071835805,12.542759407069555,14.823261117445838,49.03078677309008,37.62827822120866,754.9295774647887,112.67605633802818,16.53363740022805,24.51539338654504,4.561003420752566,105.47320410490308,414.906103286385
2ae19629-1b2d-13a3-e055-000000000001,DRUMCANNON,57.41626794258374,9.569377990430622,0.0,11.961722488038278,14.354066985645934,708.8305489260142,157.5178997613365,9.569377990430622,0.0,0.0,40.66985645933014,445.81280788177344
2ae19629-1b30-13a3-e055-000000000001,RATHMOYLAN,76.6694146743611,9.068425391591097,0.8244023083264633,16.488046166529266,60.18136850783183,714.1693811074919,177.5244299674267,0.0,4.122011541632316,0.0,106.34789777411378,415.7585917854149
2ae19629-1b33-13a3-e055-000000000001,CARN,34.95630461922597,2.4968789013732833,0.0,3.745318352059925,16.229712858926344,881.9875776397515,50.93167701863354,0.0,1.2484394506866416,0.0,21.22347066167291,414.85275288092186
2ae19629-1b34-13a3-e055-000000000001,CARRICK,37.90087463556851,8.746355685131196,0.0,2.9154518950437316,29.154518950437318,882.183908045977,57.47126436781609,0.0,2.9154518950437316,0.0,26.239067055393587,379.82195845697333
2ae19629-1b3e-13a3-e055-000000000001,RINGVILLE,62.5,4.557291666666667,0.0,22.135416666666668,32.552083333333336,808.7855297157622,110.46511627906978,0.0,1.953125,0.6510416666666666,55.989583333333336,749.0013315579229
2ae19629-1b42-13a3-e055-000000000001,CASTLELOST,48.00462695199537,8.097165991902834,0.578368999421631,10.989010989010989,31.810294968189705,792.0506912442396,97.92626728110599,8.675534991324465,17.92943898207056,12.145748987854251,42.799305957200694,355.145746579417
2ae19629-1b45-13a3-e055-000000000001,NEWTOWN,22.988505747126435,0.0,0.0,19.157088122605362,30.65134099616858,889.3129770992366,57.25190839694656,0.0,3.8314176245210727,0.0,38.314176245210724,458.1673306772908
2ae19629-1b53-13a3-e055-000000000001,GARDENMORRIS,73.73271889400921,11.520737327188941,0.0,20.737327188940093,18.433179723502302,790.8045977011494,128.73563218390805,0.0,4.608294930875576,2.304147465437788,73.73271889400921,396.22641509433964
2ae19629-1aea-13a3-e055-000000000001,BALLYMACWILLIAM,58.46153846153846,3.076923076923077,0.0,16.923076923076923,16.923076923076923,842.0245398773006,76.68711656441718,0.0,0.0,0.0,43.07692307692307,409.16271721958924
2ae19629-1aed-13a3-e055-000000000001,MONASTERORIS,37.24604966139955,4.514672686230248,4.514672686230248,19.187358916478555,21.44469525959368,801.5695067264575,102.01793721973094,1.128668171557562,6.772009029345372,1.128668171557562,51.918735891647856,365.9378596087457
2ae19629-1aef-13a3-e055-000000000001,BUCKILL,128.9398280802292,11.461318051575931,0.0,8.595988538681949,31.51862464183381,835.6940509915014,104.8158640226629,0.0,2.865329512893983,2.865329512893983,114.61318051575932,416.1849710982659
2ae19629-1af6-13a3-e055-000000000001,BARNA,64.70588235294119,0.0,0.0,11.76470588235294,5.88235294117647,752.9411764705882,23.52941176470588,0.0,0.0,0.0,58.8235294117647,524.390243902439
2ae19629-1af8-13a3-e055-000000000001,MOUNTERIN,23.076923076923077,0.0,0.0,15.384615384615385,42.30769230769231,798.4790874524715,106.4638783269962,0.0,3.8461538461538463,0.0,38.46153846153847,443.1372549019608
2ae19629-1afb-13a3-e055-000000000001,O'DEMPSEY,43.47826086956522,0.0,0.0,0.0,18.633540372670808,677.0186335403727,180.12422360248448,0.0,0.0,0.0,18.633540372670808,357.14285714285717
2ae19629-1b02-13a3-e055-000000000001,BALLYMORE,77.76261937244202,8.185538881309686,0.0,10.914051841746248,27.285129604365622,859.8639455782313,88.43537414965986,1.364256480218281,8.185538881309686,1.364256480218281,49.113233287858115,370.0564971751412
2ae19629-1b03-13a3-e055-000000000001,KILBEGGAN,53.29815303430079,61.74142480211082,6.860158311345646,37.46701846965699,99.73614775725594,709.7957045573598,80.67050811943426,7.9155672823219,11.609498680738787,22.16358839050132,126.6490765171504,302.351011481684
2ae19629-1ae4-13a3-e055-000000000001,BOYLE URBAN,85.06616257088847,15.752993068683049,27.72526780088217,47.88909892879647,25.20478890989288,724.4834063869756,88.29054477144646,13.862633900441084,35.916824196597354,5.040957781978576,107.75047258979207,300.77120822622106
2ae19629-1ae7-13a3-e055-000000000001,DONAGHMOYNE,88.31908831908831,2.849002849002849,2.849002849002849,1.4245014245014245,18.51851851851852,879.2613636363636,42.61363636363636,1.4245014245014245,2.849002849002849,0.0,14.245014245014245,450.6627393225331
2ae19629-1aeb-13a3-e055-000000000001,BALLYSHEAR,44.554455445544555,2.4752475247524752,0.0,22.277227722772277,7.425742574257425,810.8108108108108,78.62407862407862,2.4752475247524752,2.4752475247524752,0.0,39.603960396039604,452.6854219948849
2ae19629-1aec-13a3-e055-000000000001,LUSMAGH,60.21897810218979,7.299270072992701,0.0,32.846715328467155,10.948905109489052,843.065693430657,89.41605839416059,0.0,0.0,0.0,45.62043795620438,368.1214421252372
2ae19629-1af2-13a3-e055-000000000001,DRUM,69.89247311827957,0.0,0.0,26.881720430107528,10.752688172043012,284.2105263157895,15.789473684210527,0.0,0.0,0.0,21.505376344086024,326.2032085561498
2ae19629-1b04-13a3-e055-000000000001,KILBIXY,45.380875202593195,8.103727714748784,0.0,14.586709886547812,11.345218800648299,826.0869565217391,49.9194847020934,1.6207455429497568,0.0,0.0,55.10534846029174,343.8538205980066
2ae19629-1b10-13a3-e055-000000000001,KINTURK,73.43124165554073,27.369826435246996,0.6675567423230975,26.034712950600802,44.72630173564753,781.1671087533157,102.78514588859416,12.683578104138851,24.699599465954606,7.343124165554071,97.46328437917224,312.0713305898491
2ae19629-1b13-13a3-e055-000000000001,BALLYHOGE,83.58433734939759,3.0120481927710845,0.7530120481927711,14.30722891566265,14.30722891566265,834.0840840840841,93.84384384384384,0.0,2.2590361445783134,0.0,58.734939759036145,421.09314857582757
2ae19629-1b60-13a3-e055-000000000001,GORTNAPEAKY,50.69124423963134,18.433179723502302,0.0,13.82488479262673,41.474654377880185,873.3031674208145,104.07239819004525,0.0,9.216589861751151,0.0,101.38248847926268,422.53521126760563
2ae19629-1b6a-13a3-e055-000000000001,SKEAGH,43.13725490196078,0.0,0.0,3.9215686274509802,15.686274509803921,826.2548262548263,104.24710424710425,0.0,0.0,0.0,23.52941176470588,425.70281124497996
2ae19629-1b6b-13a3-e055-000000000001,SONNA,39.21568627450981,14.005602240896359,0.0,14.005602240896359,28.011204481792717,868.3473389355743,53.22128851540616,2.8011204481792715,8.403361344537815,0.0,47.61904761904761,373.5294117647059
2ae19629-1b6c-13a3-e055-000000000001,GRAIGNAGOWER,50.909090909090914,14.545454545454545,0.0,16.363636363636363,18.18181818181818,845.4545454545455,83.63636363636364,1.8181818181818181,1.8181818181818181,0.0,78.18181818181819,481.06060606060606
2ae19629-1b6d-13a3-e055-000000000001,GRALLAGH,83.33333333333333,0.0,0.0,4.166666666666667,8.333333333333334,817.4273858921161,128.63070539419087,0.0,4.166666666666667,0.0,50.0,395.74468085106383
2ae19629-1b70-13a3-e055-000000000001,WHITECHURCH,49.54954954954955,4.504504504504505,0.0,9.00900900900901,22.52252252252252,856.5022421524664,103.13901345291481,0.0,0.0,0.0,36.03603603603604,589.622641509434
2ae19629-1b82-13a3-e055-000000000001,BALLYNAKILL,55.08662816525989,0.444247001332741,22.21235006663705,15.548645046645936,59.97334517992003,549.5813133539003,133.09828118113705,0.0,45.75744113727232,13.771657041314972,43.98045313194136,354.48776065276513
2ae19629-1b84-13a3-e055-000000000001,DYSART,67.16417910447761,0.0,0.0,7.462686567164179,22.388059701492537,742.5373134328358,111.94029850746269,0.0,0.0,0.0,55.97014925373134,446.56488549618325
2ae19629-1b09-13a3-e055-000000000001,MODELLIGO,68.65671641791045,5.970149253731344,0.0,2.985074626865672,17.910447761194032,892.5373134328358,83.58208955223881,0.0,2.985074626865672,0.0,56.71641791044777,442.0062695924765
2ae19629-1b11-13a3-e055-000000000001,KNOCKARROW,54.6875,0.0,0.0,0.0,0.0,804.6875,70.3125,0.0,0.0,0.0,23.4375,467.2131147540984
2ae19629-1b16-13a3-e055-000000000001,MOUNTKENNEDY,61.67400881057269,4.405286343612335,0.0,15.418502202643172,15.418502202643172,824.1758241758241,120.87912087912088,2.2026431718061676,8.81057268722467,2.2026431718061676,28.634361233480178,457.39910313901345
2ae19629-1b18-13a3-e055-000000000001,KILLUA,52.21238938053097,1.7699115044247788,2.6548672566371683,36.283185840707965,29.20353982300885,781.2773403324584,129.4838145231846,0.0,12.389380530973451,0.0,83.1858407079646,361.51079136690646
2ae19629-1b19-13a3-e055-000000000001,KILLUCAN,48.69650762420069,22.626660108214462,14.756517461878998,42.793900639449085,34.923757993113625,712.1137812653261,125.06130456105934,1.4756517461878995,33.93999016232169,13.280865715691098,95.4254795868175,347.2292831723437
2ae19629-1b1d-13a3-e055-000000000001,LAUREE,45.04504504504504,0.0,0.0,13.513513513513514,27.027027027027028,860.9865470852019,89.68609865470852,0.0,0.0,0.0,31.531531531531527,497.7168949771689
2ae19629-1b1f-13a3-e055-000000000001,COMERAGH,66.1625708884688,0.0,0.0,11.342155009451796,28.35538752362949,825.187969924812,110.90225563909773,0.0,9.45179584120983,0.0,54.82041587901702,409.3567251461988
2ae19629-1b2b-13a3-e055-000000000001,DROMANA,87.48481166464155,23.086269744835967,0.0,12.150668286755772,13.365735115431349,747.5961538461538,100.96153846153847,1.215066828675577,0.0,3.6452004860267313,87.48481166464155,360.24844720496895
2ae19629-1b23-13a3-e055-000000000001,PEMBROKESTOWN,57.58157389635317,1.9193857965451055,0.0,7.677543186180422,21.11324376199616,720.8413001912046,154.87571701720842,0.0,1.9193857965451055,0.0,46.06525911708253,407.4803149606299
2ae19629-1b25-13a3-e055-000000000001,BALLYNASKEAGH,88.23529411764706,16.339869281045754,0.0,22.87581699346405,19.607843137254903,872.5490196078431,94.77124183006535,0.0,6.5359477124183005,0.0,114.37908496732025,426.1744966442953
2ae19629-1b29-13a3-e055-000000000001,MOATE,46.883933676386505,24.01372212692967,6.57518582046884,34.59119496855346,51.17209834190966,709.1735302470888,102.24368077250782,4.002287021154946,26.30074328187536,17.438536306460833,71.4694110920526,329.50191570881225
2ae19629-1b35-13a3-e055-000000000001,MOYDRUM,42.797828169913764,27.147876077930377,22.037687639731715,29.7029702970297,61.96103481315873,733.7559429477021,97.62282091917592,6.068348770360907,49.504950495049506,15.01117853720856,81.76301501117854,412.532637075718
2ae19629-1b4a-13a3-e055-000000000001,SESKINAN,101.29310344827586,21.551724137931036,0.0,15.086206896551724,15.086206896551724,829.7413793103449,90.51724137931035,0.0,4.310344827586206,0.0,107.75862068965516,411.1111111111111
2ae19629-1b50-13a3-e055-000000000001,PORTLOMAN,46.72897196261682,0.0,0.0,24.922118380062305,24.922118380062305,804.3478260869565,71.42857142857143,0.0,9.345794392523365,0.0,46.72897196261682,440.5144694533762
2ae19629-1b55-13a3-e055-000000000001,STRADBALLY,120.6703910614525,4.4692737430167595,0.0,18.99441340782123,37.98882681564246,752.2222222222223,146.66666666666666,0.0,2.2346368715083798,2.2346368715083798,111.73184357541899,405.9633027522936
2ae19629-1b56-13a3-e055-000000000001,TALLOW,42.5208807896735,30.372057706909644,3.7965072133637054,56.947608200455576,39.48367501898253,818.4568835098336,90.77155824508321,3.7965072133637054,18.223234624145785,1.5186028853454823,97.9498861047836,377.431906614786
2ae19629-1b89-13a3-e055-000000000001,TUBBRIT,54.39330543933055,4.184100418410042,0.0,5.578800557880055,23.709902370990235,884.5618915159944,73.7134909596662,0.0,4.184100418410042,0.0,26.499302649930264,381.56028368794324
2ae19629-1b8b-13a3-e055-000000000001,KILLEA,69.41031941031942,12.899262899262899,1.8427518427518428,17.813267813267814,44.840294840294845,698.671497584541,185.9903381642512,0.0,9.213759213759214,0.0,87.83783783783784,442.5
2ae19629-1b91-13a3-e055-000000000001,CENTRE B,47.94520547945205,41.0958904109589,34.24657534246575,99.31506849315068,202.05479452054794,419.7952218430034,197.95221843003412,0.0,71.91780821917808,34.24657534246575,174.65753424657535,255.24475524475525
2ae19629-1b98-13a3-e055-000000000001,FINNEA,52.63157894736842,4.048582995951417,0.0,4.048582995951417,24.291497975708502,834.6774193548388,32.25806451612903,0.0,0.0,4.048582995951417,20.242914979757085,376.0330578512397
2ae19629-1ba1-13a3-e055-000000000001,KILMACTHOMAS,46.80851063829787,5.673758865248227,0.7092198581560284,7.092198581560283,16.31205673758865,800.4216444132115,101.89739985945185,3.5460992907801416,4.25531914893617,2.127659574468085,42.5531914893617,399.85590778097986
2ae19629-1ba8-13a3-e055-000000000001,LISDUGGAN,42.5531914893617,19.250253292806487,4.052684903748734,36.4741641337386,32.42147922998987,739.9598393574297,99.39759036144578,8.105369807497468,13.171225937183385,14.184397163120567,58.76393110435663,244.6043165467626
2ae19629-1bb1-13a3-e055-000000000001,GAYBROOK,64.22018348623854,9.174311926605505,0.0,16.055045871559635,11.46788990825688,880.7339449541284,89.44954128440368,0.0,2.293577981651376,0.0,52.75229357798165,437.19806763285027
2ae19629-1bb4-13a3-e055-000000000001,ARDAMINE,55.75868372943327,41.13345521023766,5.255941499085923,58.50091407678245,44.3327239488117,643.9909297052154,168.02721088435374,5.027422303473492,16.22486288848263,5.941499085923217,143.9670932358318,289.2387218045113
2ae19629-1b2e-13a3-e055-000000000001,PORTLAW,48.08277541083384,14.607425441265978,3.6518563603164944,26.171637248934875,17.650639074863054,782.2141560798548,116.1524500907441,1.2172854534388313,4.260499087035909,3.6518563603164944,69.99391357273281,359.72568578553614
2ae19629-1b32-13a3-e055-000000000001,BRACKLIN,80.88235294117648,0.0,0.0,36.76470588235294,14.705882352941176,800.0,109.09090909090908,0.0,0.0,0.0,62.5,373.58490566037733
2ae19629-1b38-13a3-e055-000000000001,DRUMROE,125.98425196850394,0.0,3.937007874015748,3.937007874015748,47.24409448818898,765.625,125.0,3.937007874015748,3.937007874015748,0.0,118.11023622047244,468.0
2ae19629-1b3a-13a3-e055-000000000001,DUNGARVAN No. 2 URBAN,63.441712926249004,27.227068464181865,3.7007665873645252,23.52630187681734,25.376685170499602,769.43140323422,151.7996870109546,3.1720856463124503,9.78059740946339,1.8503832936822626,92.78350515463917,506.09590896775944
2ae19629-1b3f-13a3-e055-000000000001,ROSS,48.701298701298704,3.246753246753247,0.0,6.493506493506494,16.233766233766232,876.6233766233767,64.93506493506493,0.0,3.246753246753247,0.0,42.20779220779221,486.4864864864865
2ae19629-1b46-13a3-e055-000000000001,NOUGHAVAL,55.15587529976019,4.796163069544364,0.0,11.990407673860911,14.388489208633095,870.5035971223022,74.34052757793765,0.0,0.0,19.184652278177456,21.58273381294964,400.0
2ae19629-1b47-13a3-e055-000000000001,FAITHLEGG,78.0580675868634,5.7115659209900045,0.0,16.658733936220845,30.93764873869586,781.5602836879433,130.02364066193851,0.9519276534983341,4.75963826749167,4.283674440742503,57.59162303664921,470.84337349397595
2ae19629-1b4b-13a3-e055-000000000001,St. MARY'S,48.611111111111114,4.166666666666667,0.0,15.277777777777777,22.22222222222222,844.474761255116,106.41200545702593,2.7777777777777777,8.333333333333334,0.0,31.944444444444443,492.3076923076923
2ae19629-1b58-13a3-e055-000000000001,CLONARNEY,41.19850187265917,1.8726591760299625,0.0,22.47191011235955,24.344569288389515,840.1486988847585,72.4907063197026,0.0,0.0,0.0,48.68913857677903,383.8771593090211
2ae19629-1b5e-13a3-e055-000000000001,GLEN,59.340659340659336,2.197802197802198,0.0,24.175824175824175,21.978021978021978,863.3405639913232,104.12147505422993,0.0,4.395604395604396,0.0,65.93406593406594,451.685393258427
2ae19629-1b7a-13a3-e055-000000000001,KEEREEN,91.66666666666666,16.666666666666668,0.0,8.333333333333334,50.0,754.1666666666666,95.83333333333334,0.0,0.0,4.166666666666667,108.33333333333334,329.05982905982904
2ae19629-1b80-13a3-e055-000000000001,BALLYBRICKEN,35.294117647058826,29.41176470588235,0.0,111.76470588235294,105.88235294117646,362.57309941520464,181.28654970760232,0.0,41.1764705882353,11.76470588235294,70.58823529411765,230.76923076923077
2ae19629-1b83-13a3-e055-000000000001,DRUMRANEY,15.384615384615385,0.0,0.0,23.076923076923077,26.923076923076923,846.7432950191571,72.79693486590038,0.0,3.8461538461538463,0.0,46.15384615384615,421.25984251968504
2ae19629-1b85-13a3-e055-000000000001,EMPER,46.082949308755765,4.608294930875576,0.0,27.64976958525346,18.433179723502302,884.7926267281107,69.12442396313365,0.0,0.0,0.0,41.474654377880185,466.6666666666667
2ae19629-1b87-13a3-e055-000000000001,TAGHMON,49.21700223713647,0.0,0.0,26.845637583892618,11.185682326621924,835.1893095768374,57.906458797327396,0.0,0.0,0.0,33.557046979865774,364.67889908256876
2ae19629-1b8e-13a3-e055-000000000001,BALLYTRUCKLE,35.68147013782542,28.02450229709035,18.83614088820827,34.609494640122506,74.57886676875958,655.1881761389609,133.170806033826,10.566615620214396,50.84226646248086,37.67228177641654,93.56814701378255,312.5590179414542
2ae19629-1bb5-13a3-e055-000000000001,KILMEADAN,68.65284974093264,1.2953367875647668,0.0,10.362694300518134,15.544041450777202,775.0642673521852,133.67609254498714,0.0,6.476683937823834,0.0,47.92746113989637,444.0052700922266
2ae19629-1bba-13a3-e055-000000000001,ROANMORE,49.681528662420384,22.929936305732483,3.821656050955414,20.38216560509554,59.87261146496815,637.9746835443037,175.9493670886076,1.2738853503184713,15.286624203821656,22.929936305732483,77.70700636942675,325.5208333333333
2ae19629-1bbb-13a3-e055-000000000001,SHORTCOURSE,47.752808988764045,22.47191011235955,28.089887640449437,67.41573033707866,140.4494382022472,471.91011235955057,199.438202247191,2.8089887640449436,64.60674157303372,56.17977528089887,101.12359550561797,205.20231213872833
2ae19629-1bc7-13a3-e055-000000000001,KILWATERMOY EAST,134.9206349206349,7.936507936507936,0.0,23.809523809523807,23.809523809523807,692.3076923076923,161.53846153846155,0.0,0.0,0.0,166.66666666666666,351.5625
2ae19629-1bd5-13a3-e055-000000000001,BALLINDAGGAN,54.254007398273735,4.932182490752158,0.0,6.165228113440198,12.330456226880395,816.6259168704156,99.02200488997555,0.0,1.2330456226880395,1.2330456226880395,39.457459926017265,383.3543505674653
2ae19629-1bd9-13a3-e055-000000000001,MOCOLLOP,72.96137339055794,0.0,0.0,25.751072961373392,8.583690987124463,843.8818565400844,88.60759493670886,0.0,0.0,0.0,55.79399141630902,559.4713656387665
2ae19629-1bdc-13a3-e055-000000000001,BALLYMORIN,72.35142118863048,2.5839793281653747,0.0,12.919896640826872,18.08785529715762,812.3393316195373,82.26221079691516,0.0,0.0,2.5839793281653747,59.43152454780361,461.9422572178478
2ae19629-1be9-13a3-e055-000000000001,KILLOSCULLY,62.868369351669934,21.611001964636543,0.0,17.68172888015717,31.434184675834967,788.2352941176471,154.90196078431373,0.0,0.0,0.0,78.58546168958742,516.0
2ae19629-1b51-13a3-e055-000000000001,RAHARNEY,65.00956022944551,0.0,0.0,24.8565965583174,15.296367112810707,854.9618320610687,85.87786259541986,0.0,0.0,0.0,57.36137667304015,366.4717348927875
2ae19629-1b5b-13a3-e055-000000000001,RATHCONRATH,32.5,0.0,0.0,5.0,0.0,840.0,92.5,0.0,0.0,0.0,12.5,397.9328165374677
2ae19629-1b5c-13a3-e055-000000000001,RATHOWEN,51.81347150259067,12.953367875647668,0.0,36.269430051813465,12.953367875647668,764.2487046632125,56.994818652849744,12.953367875647668,0.0,0.0,51.81347150259067,379.0322580645161
2ae19629-1b78-13a3-e055-000000000001,GURTEEN,62.99212598425197,7.874015748031496,0.0,20.99737532808399,2.6246719160104988,879.8955613577023,86.16187989556136,0.0,0.0,0.0,62.99212598425197,481.0810810810811
2ae19629-1b8c-13a3-e055-000000000001,KILLOTERAN,40.955631399317404,10.238907849829351,0.0,20.477815699658702,18.77133105802048,698.4667802385009,137.98977853492335,0.0,5.1194539249146755,3.4129692832764507,32.42320819112628,398.9547038327526
2ae19629-1b97-13a3-e055-000000000001,FAUGHALSTOWN,47.94520547945205,17.123287671232877,0.0,10.273972602739725,44.52054794520548,753.3783783783784,125.0,0.0,13.698630136986301,0.0,58.219178082191775,402.77777777777777
2ae19629-1b99-13a3-e055-000000000001,FORE EAST,66.66666666666667,0.0,0.0,14.285714285714285,26.19047619047619,784.3601895734598,85.30805687203792,0.0,0.0,4.761904761904763,38.0952380952381,385.18518518518516
2ae19629-1ba2-13a3-e055-000000000001,GRACEDIEU,32.367149758454104,45.893719806763286,1.932367149758454,74.39613526570048,110.6280193236715,531.3404050144647,133.5583413693346,13.52657004830918,16.908212560386474,85.02415458937199,151.69082125603865,314.81481481481484
2ae19629-1b95-13a3-e055-000000000001,FARRANSHONEEN,57.89562007048162,18.12384628293338,17.62040610840745,43.128041617721095,59.74156737707669,711.5256495669554,163.72418387741504,0.1678133915086424,47.659003188454435,14.096324886725961,92.80080550427924,456.6154907710885
2ae19629-1b9e-13a3-e055-000000000001,MULLINGAR NORTH URBAN,43.86566141192598,53.63262508567512,19.36257710760795,73.33790267306374,75.22275531185743,654.5856729623957,107.70801429300664,53.97532556545579,53.28992460589445,19.533927347498288,147.36120630568882,256.0155697098372
2ae19629-1ba0-13a3-e055-000000000001,KILMACOMMA,60.60606060606061,4.329004329004329,0.0,12.987012987012989,19.48051948051948,859.9137931034483,88.36206896551724,0.0,8.658008658008658,0.0,47.61904761904761,506.52173913043475
2ae19629-1bb7-13a3-e055-000000000001,KILRONAN,26.548672566371682,4.424778761061947,0.0,17.699115044247787,8.849557522123893,875.5364806866953,94.4206008583691,8.849557522123893,0.0,0.0,39.823008849557525,626.6666666666667
2ae19629-1bbc-13a3-e055-000000000001,SLIEVEKEALE,42.97994269340974,7.163323782234958,7.163323782234958,50.143266475644694,42.97994269340974,722.4606580829757,137.3390557939914,5.730659025787966,27.22063037249284,22.922636103151863,73.06590257879657,312.68436578171094
2ae19629-1bc4-13a3-e055-000000000001,GREENPARK,49.29577464788732,10.56338028169014,0.0,10.56338028169014,21.12676056338028,873.6842105263158,77.19298245614036,3.5211267605633805,3.5211267605633805,0.0,52.816901408450704,412.40875912408757
2ae19629-1bd2-13a3-e055-000000000001,MILLTOWN,78.86435331230284,9.46372239747634,0.0,12.618296529968454,66.24605678233439,825.0,106.25,0.0,3.1545741324921135,9.46372239747634,78.86435331230284,347.5409836065574
2ae19629-1bdf-13a3-e055-000000000001,JAMESTOWN,45.97701149425287,5.747126436781609,0.0,28.735632183908045,17.241379310344826,794.2857142857142,34.285714285714285,0.0,0.0,0.0,51.724137931034484,446.42857142857144
2ae19629-1bea-13a3-e055-000000000001,KILMORE,69.70128022759602,8.534850640113799,0.0,7.112375533428165,15.647226173541963,792.9078014184397,103.54609929078013,1.4224751066856332,0.0,0.0,49.786628733997155,467.2489082969432
2ae19629-1beb-13a3-e055-000000000001,RATHLYNIN,39.473684210526315,0.0,0.0,5.263157894736842,15.789473684210527,864.5833333333334,98.95833333333333,0.0,0.0,0.0,23.68421052631579,442.0485175202156
2ae19629-1bf0-13a3-e055-000000000001,CULLEN,53.003533568904594,0.0,10.60070671378092,7.067137809187279,24.734982332155475,855.6338028169014,66.90140845070422,3.5335689045936394,14.134275618374557,0.0,24.734982332155475,507.1942446043165
2ae19629-1bf7-13a3-e055-000000000001,ROSCREA,37.53433018004272,25.328043942630455,3.20415013732072,74.30576747024719,56.759231003967045,772.9336966394187,71.14744171964881,24.71772963075984,17.85169362221544,3.3567287152883734,133.811412877632,317.383118920615
2ae19629-1bfd-13a3-e055-000000000001,DONOHILL,77.9816513761468,4.587155963302752,0.0,12.232415902140673,19.877675840978593,864.329268292683,71.64634146341463,0.0,1.529051987767584,0.0,55.04587155963303,414.67304625199364
2ae19629-1bff-13a3-e055-000000000001,KILNARATH,63.82978723404255,10.638297872340425,0.0,10.638297872340425,18.617021276595743,859.0425531914893,74.46808510638297,0.0,5.319148936170213,2.6595744680851063,61.170212765957444,476.58402203856747
2ae19629-1c05-13a3-e055-000000000001,DRANGAN,61.135371179039296,0.0,0.0,4.366812227074235,7.278020378457059,874.2774566473988,76.58959537572255,13.100436681222707,0.0,0.0,27.65647743813683,427.2863568215892
2ae19629-1c0a-13a3-e055-000000000001,KILRUSH,25.36231884057971,3.6231884057971016,0.0,1.8115942028985508,16.304347826086957,881.2949640287769,43.16546762589928,1.8115942028985508,0.0,0.0,21.73913043478261,515.2091254752852
2ae19629-1ba4-13a3-e055-000000000001,GRANGE UPPER,34.136546184738954,15.66265060240964,68.67469879518072,51.40562248995984,114.4578313253012,607.9681274900398,157.76892430278886,2.008032128514056,160.6425702811245,27.309236947791167,110.04016064257029,363.0335681723995
2ae19629-1ba9-13a3-e055-000000000001,MILITARY ROAD,36.94874851013111,16.6865315852205,7.151370679380214,40.52443384982122,39.332538736591175,683.6492890995261,182.4644549763033,4.767580452920143,16.6865315852205,8.34326579261025,71.51370679380214,297.5609756097561
2ae19629-1bac-13a3-e055-000000000001,MORRISSON'S ROAD,38.61003861003861,17.374517374517374,1.9305019305019306,48.262548262548265,67.56756756756756,683.3976833976834,140.9266409266409,0.0,19.305019305019304,7.722007722007723,83.01158301158301,227.72277227722773
2ae19629-1baf-13a3-e055-000000000001,NEWTOWN,52.527254707631315,1.9821605550049552,6.937561942517344,13.875123885034688,33.696729435084244,685.1145038167938,187.0229007633588,0.0,16.848364717542122,1.9821605550049552,44.5986124876115,395.9341723136496
2ae19629-1bb2-13a3-e055-000000000001,GLASSAN,69.38325991189427,5.506607929515419,0.0,6.607929515418502,22.026431718061676,804.7722342733189,126.89804772234272,0.0,0.0,1.1013215859030838,38.54625550660793,458.5201793721973
2ae19629-1bb3-13a3-e055-000000000001,ADAMSTOWN,37.31343283582089,13.432835820895523,0.0,20.895522388059703,23.880597014925375,856.2962962962963,48.88888888888889,34.32835820895522,5.970149253731344,2.985074626865672,59.701492537313435,397.196261682243
2ae19629-1bc3-13a3-e055-000000000001,GLORE,81.08108108108108,0.0,0.0,16.216216216216218,32.432432432432435,854.8387096774194,64.51612903225806,0.0,0.0,5.405405405405405,54.054054054054056,428.57142857142856
2ae19629-1bc8-13a3-e055-000000000001,KILWATERMOY WEST,42.19409282700422,25.31645569620253,4.219409282700422,8.438818565400844,4.219409282700422,796.6804979253111,153.52697095435687,0.0,4.219409282700422,0.0,50.63291139240506,464.60176991150445
2ae19629-1bec-13a3-e055-000000000001,RATHNAVEOGE,14.925373134328359,11.194029850746269,0.0,11.194029850746269,0.0,855.0185873605948,52.04460966542751,0.0,0.0,0.0,29.850746268656717,469.9248120300752
2ae19629-1bed-13a3-e055-000000000001,REDWOOD,72.0,0.0,0.0,0.0,16.0,920.6349206349206,55.55555555555555,0.0,0.0,0.0,8.0,467.2131147540984
2ae19629-1bf5-13a3-e055-000000000001,RIVERSTOWN,42.9042904290429,9.900990099009901,11.55115511551155,16.5016501650165,16.5016501650165,840.7224958949097,52.545155993431855,1.6501650165016502,18.151815181518153,0.0,39.603960396039604,490.63032367972744
2ae19629-1c0b-13a3-e055-000000000001,TEMPLEMORE,52.65797392176529,31.09327983951856,1.5045135406218655,17.051153460381144,29.58876629889669,829.9251870324189,79.30174563591022,14.543630892678035,8.525576730190572,1.5045135406218655,72.21664994984955,416.6666666666667
2ae19629-1c0e-13a3-e055-000000000001,TERRYGLASS,47.53521126760563,0.0,0.0,19.36619718309859,22.887323943661972,800.0,111.30434782608697,0.0,3.5211267605633805,0.0,42.25352112676056,467.3913043478261
2ae19629-1c18-13a3-e055-000000000001,THURLES RURAL,31.475967673330494,41.68438962143769,2.552105487026797,20.842194810718844,15.737983836665247,845.2431289640592,76.53276955602537,8.507018290089324,3.828158230540196,1.2760527435133986,74.01105912377712,483.9130434782609
2ae19629-1c1f-13a3-e055-000000000001,KILVEMNON,76.74943566591422,2.257336343115124,0.0,6.772009029345372,22.573363431151243,824.3243243243244,110.36036036036036,0.0,4.514672686230248,0.0,45.146726862302486,365.96736596736594
2ae19629-1c20-13a3-e055-000000000001,KNIGH,76.04562737642586,3.802281368821293,3.802281368821293,13.94169835234474,24.081115335868187,844.4165621079046,102.8858218318695,2.5348542458808616,6.337135614702154,1.2674271229404308,51.964512040557665,477.9220779220779
2ae19629-1c0f-13a3-e055-000000000001,BANSHA,72.59953161592506,7.02576112412178,0.0,17.564402810304447,38.641686182669794,784.5622119815669,109.44700460829493,11.7096018735363,4.68384074941452,1.17096018735363,62.06088992974239,366.8639053254438
2ae19629-1c15-13a3-e055-000000000001,KILLALOAN/KILSHEELAN,44.382801664355064,6.2413314840499305,1.3869625520110958,11.095700416088766,19.41747572815534,825.6691832532601,109.1283459162663,1.3869625520110958,6.934812760055479,1.3869625520110958,40.915395284327325,421.42353770260746
2ae19629-1c16-13a3-e055-000000000001,KILTINAN,67.11409395973155,3.3557046979865772,3.3557046979865772,10.06711409395973,30.201342281879196,779.2642140468228,93.64548494983276,0.0,0.0,0.0,50.335570469798654,433.89830508474574
2ae19629-1c19-13a3-e055-000000000001,THURLES URBAN,45.90395480225989,29.943502824858758,4.661016949152542,34.03954802259887,47.03389830508475,785.4535242909295,95.33838809323224,14.40677966101695,24.717514124293785,4.237288135593221,86.2994350282486,396.9310943833237
2ae19629-1c22-13a3-e055-000000000001,TIPPERARY EAST URBAN,51.38498594941791,31.714171015656365,2.4086712163789645,73.4644720995584,39.34162986752308,720.6526064464783,88.34062873060087,16.057808109193097,17.26214371738258,0.8028904054596548,130.06824568446407,316.4191419141914
2ae19629-1c26-13a3-e055-000000000001,BOURNEY WEST,31.70731707317073,7.317073170731708,0.0,4.878048780487805,12.195121951219512,829.683698296837,46.228710462287104,9.75609756097561,0.0,0.0,36.58536585365854,432.56997455470736
2ae19629-1c2a-13a3-e055-000000000001,KNOCKGRAFFON,50.3875968992248,2.5839793281653747,0.0,19.37984496124031,15.503875968992247,863.7532133676092,78.40616966580977,41.343669250645995,0.0,0.0,50.3875968992248,451.74262734584454
2ae19629-1c33-13a3-e055-000000000001,GLENKEEN,38.297872340425535,0.0,0.0,8.51063829787234,17.02127659574468,864.3006263048017,79.33194154488518,0.0,0.0,0.0,34.04255319148936,518.0467091295117
2ae19629-1bcb-13a3-e055-000000000001,ATHLONE EAST URBAN,37.1234620280017,27.789563003818415,91.85405176071278,61.518879932117095,97.15740347899873,524.6310538349616,153.19060486385365,6.576156130674586,126.64403903266866,15.273652948663557,115.18879932117098,256.4761293084992
2ae19629-1bce-13a3-e055-000000000001,AUBURN,42.19948849104859,0.0,1.278772378516624,10.230179028132993,26.854219948849106,828.0254777070064,100.63694267515925,1.278772378516624,3.8363171355498724,1.278772378516624,38.36317135549872,474.80106100795757
2ae19629-1bd0-13a3-e055-000000000001,HEATHSTOWN,54.88621151271754,0.0,0.0,2.677376171352075,13.386880856760374,853.1375166889186,78.7716955941255,0.0,6.693440428380187,0.0,24.096385542168676,466.5738161559889
2ae19629-1bd3-13a3-e055-000000000001,ARTRAMON,47.61904761904761,2.506265664160401,0.0,18.796992481203006,17.543859649122805,837.6703841387856,110.28500619578686,5.012531328320802,6.265664160401002,0.0,46.365914786967416,394.9367088607595
2ae19629-1bd4-13a3-e055-000000000001,AUGHWILLIAM,77.05479452054794,1.7123287671232876,0.0,5.136986301369863,10.273972602739725,805.7921635434412,127.76831345826234,0.0,3.4246575342465753,0.0,42.80821917808219,433.92857142857144
2ae19629-1bd8-13a3-e055-000000000001,LISMORE RURAL,91.49797570850203,22.672064777327936,0.8097165991902834,21.052631578947366,35.62753036437247,734.0764331210191,171.17834394904457,0.8097165991902834,4.048582995951417,0.8097165991902834,110.12145748987855,370.9150326797386
2ae19629-1bdb-13a3-e055-000000000001,BALLINLOUGH,45.19774011299435,5.649717514124294,0.0,22.598870056497177,22.598870056497177,752.8089887640449,117.97752808988764,0.0,0.0,5.649717514124294,73.44632768361582,372.8813559322034
2ae19629-1be0-13a3-e055-000000000001,BALLYANNE,44.13619167717528,1.2610340479192939,3.7831021437578816,6.305170239596469,10.08827238335435,829.7604035308954,105.92686002522069,26.481715006305173,8.827238335435057,0.0,31.525851197982348,407.21649484536084
2ae19629-1c32-13a3-e055-000000000001,CAHER,38.26955074875208,18.302828618968388,0.831946755407654,97.33777038269551,107.32113144758736,728.4552845528456,87.80487804878048,0.831946755407654,24.958402662229616,2.4958402662229617,167.22129783693842,350.37720033528916
2ae19629-1c35-13a3-e055-000000000001,LATTIN,66.79389312977099,7.633587786259541,0.0,11.450381679389313,20.99236641221374,841.2098298676749,77.50472589792061,0.0,3.8167938931297707,1.9083969465648853,43.89312977099236,426.9005847953216
2ae19629-1c37-13a3-e055-000000000001,LITTLETON,55.977229601518026,3.795066413662239,0.0,7.590132827324478,16.129032258064516,859.9810785241249,45.411542100283825,57.874762808349146,4.743833017077798,5.692599620493358,28.46299810246679,375.8586849852797
2ae19629-1c41-13a3-e055-000000000001,GRAIGUE,76.15894039735099,3.3112582781456954,0.0,6.622516556291391,6.622516556291391,821.7821782178218,36.303630363036305,3.3112582781456954,0.0,0.0,62.913907284768214,366.78200692041526
2ae19629-1c43-13a3-e055-000000000001,LORRHA EAST,57.23905723905724,0.0,10.101010101010102,13.468013468013467,3.3670033670033668,777.4086378737542,66.44518272425249,0.0,13.468013468013467,0.0,43.77104377104377,406.7796610169492
2ae19629-1c44-13a3-e055-000000000001,LORRHA WEST,59.56112852664577,6.269592476489028,0.0,18.808777429467085,21.9435736677116,803.7383177570093,112.14953271028037,0.0,3.134796238244514,0.0,40.75235109717868,416.6666666666667
2ae19629-1c46-13a3-e055-000000000001,USKANE,47.61904761904761,3.968253968253968,0.0,11.904761904761903,7.936507936507936,710.3174603174604,107.14285714285714,0.0,0.0,0.0,59.52380952380952,534.6938775510204
2ae19629-1c4b-13a3-e055-000000000001,LOUGHMORE,36.4741641337386,0.0,1.5197568389057752,3.0395136778115504,10.638297872340425,882.1752265861027,34.74320241691843,10.638297872340425,3.0395136778115504,0.0,21.27659574468085,495.3416149068323
2ae19629-1c36-13a3-e055-000000000001,LISRONAGH,60.22727272727273,10.227272727272727,0.0,7.954545454545454,17.045454545454543,850.1702610669694,68.1044267877412,5.681818181818182,0.0,6.8181818181818175,45.45454545454545,432.74853801169587
2ae19629-1c3d-13a3-e055-000000000001,CARRICK-on-SUIR URBAN,56.089385474860336,23.24022346368715,5.363128491620111,29.94413407821229,49.608938547486034,801.9473334808586,70.36955078557203,1.3407821229050279,22.569832402234635,15.418994413407821,82.23463687150839,304.6570314292269
2ae19629-1c49-13a3-e055-000000000001,GRAYSTOWN,75.34246575342465,0.0,0.0,9.1324200913242,18.2648401826484,853.8812785388128,52.51141552511415,61.64383561643835,2.28310502283105,0.0,29.68036529680365,338.0614657210402
2ae19629-1c4e-13a3-e055-000000000001,YOUGHALARRA,49.64539007092199,13.171225937183385,2.026342451874367,10.131712259371835,14.184397163120567,822.1778221778222,108.8911088911089,0.0,9.11854103343465,0.0,32.42147922998987,485.4166666666667
2ae19629-1c5c-13a3-e055-000000000001,ARDMORE,60.6826801517067,17.699115044247787,3.7926675094816686,10.11378002528445,16.43489254108723,795.0617283950618,128.39506172839506,0.0,3.7926675094816686,2.5284450063211126,61.94690265486726,425.6926952141058
2ae19629-1c62-13a3-e055-000000000001,MOYALIFF,51.724137931034484,0.0,0.0,4.926108374384237,19.704433497536947,845.5882352941177,56.372549019607845,12.315270935960593,2.4630541871921183,2.4630541871921183,36.94581280788178,467.1717171717172
2ae19629-1c64-13a3-e055-000000000001,MOYNE,32.44274809160305,7.633587786259541,0.0,5.7251908396946565,11.450381679389313,895.131086142322,67.41573033707866,0.0,5.7251908396946565,0.0,19.083969465648856,497.1209213051823
2ae19629-1c6a-13a3-e055-000000000001,CLOHASKIN,76.92307692307693,4.048582995951417,0.0,20.242914979757085,8.097165991902834,759.0361445783133,88.35341365461848,0.0,20.242914979757085,0.0,52.63157894736842,343.0962343096234
2ae19629-1be1-13a3-e055-000000000001,BALLYBEG,67.09265175718849,14.37699680511182,0.0,23.961661341853034,12.779552715654951,780.952380952381,90.47619047619047,0.0,0.0,0.0,57.50798722044728,361.247947454844
2ae19629-1be3-13a3-e055-000000000001,CARRIGLEA,43.63636363636364,10.90909090909091,0.0,12.727272727272728,20.0,853.309481216458,109.12343470483005,0.0,0.0,0.0,40.0,518.5185185185185
2ae19629-1be4-13a3-e055-000000000001,CASTLERICHARD,96.11451942740285,10.224948875255624,6.134969325153374,6.134969325153374,49.079754601226995,827.9352226720648,95.1417004048583,0.0,10.224948875255624,2.044989775051125,71.57464212678937,481.3278008298755
2ae19629-1bfc-13a3-e055-000000000001,DOLLA,37.73584905660377,0.0,0.0,14.150943396226415,9.433962264150942,867.9245283018868,37.73584905660377,0.0,0.0,4.716981132075471,28.30188679245283,497.48743718592965
2ae19629-1c00-13a3-e055-000000000001,SHRONELL,35.98971722365039,0.0,0.0,17.994858611825194,15.424164524421593,941.025641025641,43.589743589743584,0.0,0.0,0.0,28.27763496143959,435.0132625994695
2ae19629-1c01-13a3-e055-000000000001,SOLLOGHODBEG,75.0,0.0,0.0,29.166666666666668,16.666666666666668,854.7717842323651,87.1369294605809,4.166666666666667,8.333333333333334,0.0,83.33333333333333,452.17391304347825
2ae19629-1c02-13a3-e055-000000000001,TEMPLEDERRY,60.869565217391305,0.0,0.0,34.78260869565217,8.695652173913043,791.304347826087,139.1304347826087,0.0,0.0,8.695652173913043,69.56521739130434,380.53097345132744
2ae19629-1c03-13a3-e055-000000000001,BALLYPOREEN,64.92146596858639,2.0942408376963355,0.0,21.98952879581152,35.6020942408377,813.2780082987551,88.17427385892117,0.0,14.659685863874346,7.329842931937173,55.49738219895288,413.4199134199134
2ae19629-1c58-13a3-e055-000000000001,MODESHIL,56.0,32.0,0.0,24.0,13.333333333333334,866.4921465968587,91.62303664921465,2.6666666666666665,2.6666666666666665,0.0,96.0,419.35483870967744
2ae19629-1c5f-13a3-e055-000000000001,INISHLOUNAGHT,38.92733564013841,33.448673587081885,28.83506343713956,23.356401384083046,48.44290657439446,777.5867010604758,91.14359415305245,6.632064590542099,71.51095732410612,3.748558246828143,78.719723183391,427.33770101250747
2ae19629-1c61-13a3-e055-000000000001,KILCASH,59.64467005076142,13.959390862944163,1.2690355329949237,12.690355329949238,22.84263959390863,826.8015170670038,108.72313527180783,0.0,10.15228426395939,3.8071065989847717,48.223350253807105,489.61038961038963
2ae19629-1c67-13a3-e055-000000000001,BALLYHANE,53.169734151329244,10.224948875255624,0.0,14.314928425357873,10.224948875255624,874.7474747474747,52.525252525252526,0.0,0.0,0.0,57.259713701431494,438.4133611691023
2ae19629-1c77-13a3-e055-000000000001,KILCORAN,47.78761061946903,3.5398230088495577,1.7699115044247788,17.699115044247787,31.858407079646017,825.4799301919721,95.98603839441536,0.0,17.699115044247787,0.0,56.63716814159292,398.16513761467894
2ae19629-1c7a-13a3-e055-000000000001,NEWPORT,47.845373891001266,20.595690747782,7.287705956907478,12.991128010139416,37.0722433460076,799.1790337859172,105.462582886012,0.3168567807351077,25.348542458808616,4.752851711026616,60.836501901140686,452.53576072821846
2ae19629-1c7c-13a3-e055-000000000001,BALLYMACART,59.701492537313435,4.975124378109452,0.0,22.388059701492537,14.925373134328359,769.8019801980198,153.46534653465346,7.462686567164179,0.0,2.487562189054726,59.701492537313435,730.0771208226221
2ae19629-1c7d-13a3-e055-000000000001,BALLYNAKILL,23.201856148491878,0.0,0.0,0.0,37.12296983758701,865.7407407407406,71.75925925925925,0.0,23.201856148491878,0.0,18.561484918793504,373.8095238095238
2ae19629-1c6b-13a3-e055-000000000001,KILCOMENTY,20.27027027027027,16.216216216216218,0.0,14.864864864864865,14.864864864864865,857.335127860027,111.7092866756393,0.0,1.3513513513513513,0.0,48.64864864864865,494.475138121547
2ae19629-1c6c-13a3-e055-000000000001,KILCOMMON,57.18027062418158,44.085552160628545,0.8729812309035355,83.36970755128765,50.196420776953296,643.4142114384749,90.55459272097053,17.023134002618942,8.293321693583588,3.0554343081623747,140.11348756001746,258.4821428571429
2ae19629-1c6d-13a3-e055-000000000001,KILCOOLY,45.16129032258064,0.0,0.0,0.0,22.58064516129032,732.484076433121,44.58598726114649,0.0,9.67741935483871,0.0,16.129032258064516,422.07792207792204
2ae19629-1c6e-13a3-e055-000000000001,MULLINAHONE,74.11630558722919,0.0,0.0,12.542759407069555,17.10376282782212,855.530474040632,76.74943566591422,2.280501710376283,5.701254275940707,2.280501710376283,63.85404789053592,349.18793503480276
2ae19629-1c72-13a3-e055-000000000001,BALLYHEENY,87.68971332209107,13.490725126475548,0.0,10.118043844856661,20.236087689713322,781.094527363184,152.57048092868988,1.6863406408094435,0.0,1.6863406408094435,75.88532883642496,395.1473136915078
2ae19629-1c76-13a3-e055-000000000001,CLONEEN,42.76985743380855,4.0733197556008145,0.0,6.109979633401222,28.513238289205706,863.17907444668,82.49496981891348,0.0,2.0366598778004072,0.0,40.73319755600815,407.4074074074074
2ae19629-1c7b-13a3-e055-000000000001,BALLYMACARBRY,56.4373897707231,3.527336860670194,0.0,21.164021164021165,14.109347442680775,831.304347826087,102.6086956521739,1.763668430335097,0.0,0.0,51.14638447971781,525.2707581227437
2ae19629-1c88-13a3-e055-000000000001,OUGHTERLEAGUE,62.717770034843205,3.484320557491289,8.710801393728223,8.710801393728223,5.226480836236934,859.1304347826086,88.69565217391303,5.226480836236934,10.452961672473869,0.0,33.10104529616724,442.85714285714283
2ae19629-1c09-13a3-e055-000000000001,KILPATRICK,50.29585798816568,1.9723865877712032,0.9861932938856016,19.723865877712033,23.668639053254438,824.1650294695481,81.53241650294696,7.889546351084813,9.861932938856016,0.0,54.24063116370809,445.8204334365325
2ae19629-1c12-13a3-e055-000000000001,FARRANRORY,49.327354260089685,6.72645739910314,0.0,2.242152466367713,20.179372197309416,876.3796909492274,46.35761589403974,0.0,6.72645739910314,0.0,38.11659192825112,388.26185101580137
2ae19629-1c1a-13a3-e055-000000000001,BORRISNOE,38.46153846153847,0.0,0.0,23.076923076923077,0.0,857.1428571428571,75.18796992481202,0.0,0.0,0.0,61.53846153846154,515.625
2ae19629-1c1c-13a3-e055-000000000001,BORRISOLEIGH,54.48717948717949,4.006410256410256,0.8012820512820512,28.846153846153847,24.839743589743588,802.7048528241846,89.10103420843278,2.403846153846154,9.615384615384617,1.6025641025641024,50.48076923076923,461.66529266281947
2ae19629-1c1e-13a3-e055-000000000001,GAILE,67.10526315789474,3.947368421052632,13.157894736842104,14.473684210526315,7.894736842105264,850.2604166666666,76.82291666666667,11.842105263157896,17.105263157894736,0.0,43.42105263157895,377.89904502046386
2ae19629-1c23-13a3-e055-000000000001,TIPPERARY RURAL,48.43968327899395,29.809035863996275,1.3972985561248255,58.22077317186773,23.288309268747092,811.4867994441871,94.02501157943492,15.836050302748022,6.054960409874243,0.9315323707498836,117.83884489986026,440.13409961685824
2ae19629-1c30-13a3-e055-000000000001,BURGESBEG,24.896265560165972,10.37344398340249,0.0,0.0,18.672199170124482,859.504132231405,61.98347107438017,0.0,6.224066390041493,0.0,24.896265560165972,533.6225596529284
2ae19629-1c34-13a3-e055-000000000001,GOLDEN,77.71428571428571,1.142857142857143,0.0,48.0,40.0,799.0919409761634,69.2395005675369,0.0,4.571428571428572,2.285714285714286,84.57142857142857,374.56647398843927
2ae19629-1c7f-13a3-e055-000000000001,CLONMEL RURAL,49.80775952464173,60.992659909122686,16.427822439706397,36.35092624956309,38.97238727717581,760.5217391304348,113.73913043478261,12.23348479552604,38.273331003145756,3.8448095071653268,128.2768262845159,390.1207860104561
2ae19629-1c83-13a3-e055-000000000001,KILLADRIFFE,70.78039927404718,9.074410163339383,0.0,7.259528130671506,9.074410163339383,846.7023172905525,98.0392156862745,19.96370235934664,0.0,0.0,49.00181488203267,427.5229357798165
2ae19629-1c87-13a3-e055-000000000001,NODSTOWN,50.0,3.225806451612903,1.6129032258064515,9.67741935483871,12.903225806451612,844.0514469453376,64.30868167202571,0.0,1.6129032258064515,6.451612903225806,25.806451612903224,447.0198675496689
2ae19629-1c8b-13a3-e055-000000000001,BOHADOON,58.8235294117647,0.0,0.0,0.0,6.191950464396285,892.638036809816,61.34969325153374,0.0,3.0959752321981426,0.0,15.479876160990711,562.8930817610063
2ae19629-1c8d-13a3-e055-000000000001,CLONOULTY WEST,43.90934844192634,1.41643059490085,0.0,11.3314447592068,19.8300283286119,866.0084626234133,70.52186177715092,1.41643059490085,5.6657223796034,2.8328611898017,25.495750708215297,428.3625730994152
2ae19629-1c8e-13a3-e055-000000000001,COLMAN,41.85022026431718,4.405286343612335,0.0,24.229074889867842,33.03964757709251,811.816192560175,100.65645514223195,11.013215859030838,2.2026431718061676,2.2026431718061676,61.67400881057269,476.19047619047615
2ae19629-1c91-13a3-e055-000000000001,KILLENAULE,59.161873459326216,1.6433853738701725,0.0,5.7518488085456045,30.402629416598195,804.5789043336059,66.23058053965659,19.72062448644207,4.930156121610517,6.57354149548069,29.580936729663108,317.8360101437024
2ae19629-1c93-13a3-e055-000000000001,RAHELTY,50.45278137128072,2.58732212160414,1.29366106080207,3.8809831824062098,14.23027166882277,861.3607188703465,42.36200256739409,0.0,2.58732212160414,0.0,29.75420439844761,500.0
2ae19629-1c89-13a3-e055-000000000001,PEPPARDSTOWN,69.37631394533987,4.204625087596356,0.0,24.52697967764541,30.833917309039947,834.4875346260387,72.02216066481995,23.826208829712684,7.00770847932726,2.8030833917309037,79.88787666433076,360.5974395448079
2ae19629-1c92-13a3-e055-000000000001,POYNTSTOWN,83.33333333333333,0.0,0.0,0.0,25.64102564102564,845.679012345679,37.03703703703704,0.0,19.230769230769234,0.0,44.87179487179487,347.82608695652175
2ae19629-1c96-13a3-e055-000000000001,CARRICKBEG RURAL,41.036717062634985,8.639308855291578,2.1598272138228944,4.319654427645789,23.758099352051836,859.6112311015119,79.91360691144708,0.0,2.1598272138228944,0.0,21.59827213822894,458.6129753914989
2ae19629-1c99-13a3-e055-000000000001,BALLINTEMPLE,60.74766355140187,4.672897196261682,0.0,9.345794392523365,0.0,846.8677494199536,34.80278422273782,0.0,0.0,0.0,18.69158878504673,397.5903614457831
2ae19629-1c9b-13a3-e055-000000000001,DRUMCARBAN,66.77265500794913,4.769475357710651,0.0,9.538950715421302,14.308426073131956,850.62893081761,64.46540880503144,0.0,0.0,0.0,44.51510333863275,439.14473684210526
2ae19629-1c9d-13a3-e055-000000000001,PEDARA VOHERS/TIRCAHAN,177.4193548387097,10.752688172043012,0.0,0.0,0.0,879.5811518324608,83.76963350785341,0.0,5.376344086021506,0.0,69.89247311827957,413.04347826086956
2ae19629-1ca9-13a3-e055-000000000001,DRUMCARN,69.90291262135922,0.0,0.0,15.533980582524272,7.766990291262136,868.7258687258687,38.61003861003861,0.0,0.0,1.941747572815534,31.067961165048544,404.4265593561368
2ae19629-1caa-13a3-e055-000000000001,DRUMLUMMAN,64.56456456456456,6.006006006006006,0.0,7.5075075075075075,13.513513513513514,882.7893175074184,47.47774480712167,0.0,4.504504504504505,3.003003003003003,34.53453453453454,454.5454545454545
2ae19629-1c3a-13a3-e055-000000000001,TWO-MILE-BORRIS,57.038834951456316,0.0,0.0,1.2135922330097086,10.922330097087379,855.072463768116,71.25603864734299,29.12621359223301,1.2135922330097086,0.0,16.990291262135923,428.2115869017632
2ae19629-1c47-13a3-e055-000000000001,CARRIG,53.763440860215056,21.505376344086024,0.0,0.0,10.752688172043012,887.0967741935484,48.387096774193544,0.0,0.0,0.0,53.763440860215056,458.1005586592179
2ae19629-1c4d-13a3-e055-000000000001,MERTONHALL,61.855670103092784,5.154639175257732,5.154639175257732,5.154639175257732,5.154639175257732,551.5463917525774,108.24742268041237,0.0,0.0,0.0,41.23711340206186,385.0267379679144
2ae19629-1c4f-13a3-e055-000000000001,FETHARD,69.03553299492386,3.045685279187817,1.0152284263959392,20.30456852791878,41.6243654822335,779.3380140421264,81.24373119358074,6.091370558375634,10.15228426395939,12.182741116751268,68.02030456852792,322.34809474768275
2ae19629-1c56-13a3-e055-000000000001,HOLYCROSS,53.03558967201675,0.0,2.0935101186322402,3.4891835310537336,11.165387299371947,889.3528183716076,66.80584551148225,13.956734124214934,2.0935101186322402,0.0,25.122121423586883,474.025974025974
2ae19629-1c5b-13a3-e055-000000000001,ARDMORE,53.06122448979592,0.0,0.0,16.3265306122449,16.3265306122449,756.0975609756098,138.21138211382114,0.0,4.081632653061225,4.081632653061225,48.97959183673469,518.9873417721519
2ae19629-1c73-13a3-e055-000000000001,BALLYIN,100.0,5.660377358490566,0.0,22.641509433962263,7.547169811320755,817.3431734317344,127.30627306273063,0.0,0.0,0.0,107.54716981132076,447.36842105263156
2ae19629-1c74-13a3-e055-000000000001,BALLYLANEEN,41.82509505703422,0.0,0.0,3.802281368821293,7.604562737642586,879.6992481203008,86.46616541353383,11.406844106463879,0.0,0.0,26.61596958174905,515.2671755725191
2ae19629-1c95-13a3-e055-000000000001,CAPPOQUIN,84.69308469308469,25.64102564102564,3.885003885003885,24.864024864024863,51.28205128205128,767.1549730146492,114.1094834232845,3.108003108003108,17.871017871017873,8.547008547008549,106.44910644910645,347.75767112509834
2ae19629-1c97-13a3-e055-000000000001,CARRIGCASTLE,73.26007326007327,0.0,0.0,0.0,0.0,846.1538461538462,80.5860805860806,3.663003663003663,0.0,0.0,21.978021978021978,397.00374531835206
2ae19629-1c9e-13a3-e055-000000000001,TUAM,201.75438596491227,8.771929824561402,8.771929824561402,11.695906432748536,35.08771929824561,789.0173410404624,98.26589595375724,0.0,23.391812865497073,0.0,52.63157894736842,367.9525222551929
2ae19629-1ca6-13a3-e055-000000000001,SUTTON,50.12267788293025,4.206098843322818,3.1545741324921135,35.92709428671574,55.90606379249912,659.0084643288995,231.3007427880463,0.7010164738871364,21.205748335085875,4.556607080266386,67.1223273746933,463.4666666666667
2ae19629-1cab-13a3-e055-000000000001,DRUNG,62.962962962962955,0.0,0.0,0.0,11.11111111111111,735.6746765249537,25.87800369685767,0.0,5.555555555555555,5.555555555555555,7.407407407407407,310.01890359168243
2ae19629-1cb5-13a3-e055-000000000001,TALLAGHT-FETTERCAIRN,25.095666103052416,22.425914389961736,44.76283705615378,48.32250600694135,112.21856367357836,574.5037494486105,136.56815174239082,16.90842751624099,105.54418439085165,75.02002313784818,101.18358992613686,240.25076057896192
2ae19629-1cc1-13a3-e055-000000000001,BLACKROCK-NEWPARK,59.92010652463382,11.096316023080337,5.326231691078562,35.50821127385708,67.46560142032845,617.208077260755,248.02458296751536,0.0,23.0803373280071,0.44385264092321347,85.219707057257,454.954954954955
2ae19629-1cc2-13a3-e055-000000000001,BLACKROCK-STRADBROOK,57.8416149068323,6.987577639751553,9.704968944099377,41.537267080745345,59.3944099378882,611.4088820826953,243.49157733537518,1.1645962732919255,35.326086956521735,5.046583850931677,72.59316770186336,409.5238095238095
2ae19629-1cac-13a3-e055-000000000001,GRADDUM,42.955326460481096,5.154639175257732,0.0,49.828178694158076,24.054982817869416,789.4736842105264,54.32937181663837,0.0,5.154639175257732,0.0,77.31958762886599,388.4007029876977
2ae19629-1cad-13a3-e055-000000000001,GRILLY,88.58267716535433,7.874015748031496,0.0,35.43307086614173,21.653543307086615,796.875,70.3125,0.0,0.0,17.716535433070867,72.83464566929133,425.9634888438134
2ae19629-1cb0-13a3-e055-000000000001,SWORDS-LISSENHALL,37.23226238286479,40.99732262382865,16.231593038821956,95.96720214190094,88.93908969210173,592.1259842519685,197.84500621632822,8.785140562248996,53.04551539491298,24.765729585006692,188.16934404283802,357.92846626829476
2ae19629-1cb3-13a3-e055-000000000001,TALLAGHT-AVONBEG,32.57328990228013,3.9087947882736156,1.3029315960912053,15.635179153094462,48.20846905537459,738.8204795852236,136.74659753726507,1.9543973941368078,12.377850162866448,13.029315960912053,49.51140065146579,255.13585155732272
2ae19629-1cc4-13a3-e055-000000000001,BLACKROCK-WILLIAMSTOWN,68.72975890608133,4.318100035984167,41.38179201151493,47.858942065491185,139.61856783015472,595.2712100139082,208.62308762169678,0.0,106.51313422094279,8.276358402302987,92.47930910399424,405.24048815506103
2ae19629-1cc9-13a3-e055-000000000001,BLANCHARDSTOWN-DELWOOD,28.891509433962266,35.37735849056604,11.0062893081761,100.23584905660378,114.38679245283019,557.153965785381,162.71384136858478,1.3757861635220126,45.007861635220124,24.960691823899374,169.4182389937107,376.86416767432485
2ae19629-1cca-13a3-e055-000000000001,TALLAGHT-KILNAMANAGH,28.4077892325315,7.789232531500573,3.665521191294387,16.494845360824744,29.324169530355096,760.127446517979,154.30131998179337,0.2290950744558992,16.265750286368846,4.352806414662085,33.90607101947308,267.24746880150695
2ae19629-1cd3-13a3-e055-000000000001,TEMPLEOGUE-LIMEKILN,37.661311561759284,6.320779562812747,0.5267316302343956,19.752436133789836,50.30287068738478,725.2028264852133,180.5809997382884,0.0,25.809849881485384,5.794047932578351,44.77218856992363,364.98917748917745
2ae19629-1c75-13a3-e055-000000000001,CLONBEG,80.72916666666667,5.208333333333333,1.3020833333333333,15.625,26.041666666666668,777.3487773487774,118.4041184041184,0.0,5.208333333333333,9.114583333333334,49.479166666666664,536.1930294906166
2ae19629-1c78-13a3-e055-000000000001,KILFEAKLE,60.72874493927125,8.097165991902834,0.0,12.145748987854251,22.267206477732792,854.0,88.0,0.0,0.0,2.0242914979757085,58.70445344129555,402.4896265560166
2ae19629-1c7e-13a3-e055-000000000001,BALLYNAMULT,91.83673469387756,0.0,0.0,15.306122448979592,5.1020408163265305,768.1159420289855,135.2657004830918,0.0,0.0,0.0,61.224489795918366,497.46192893401013
2ae19629-1c80-13a3-e055-000000000001,CLONMEL WEST URBAN,43.87029651465233,29.478064851742676,21.32824692214323,28.264262181376797,45.43089994797989,738.218094255246,91.1592707258342,9.36362059996532,39.015085833188834,11.097624414773712,69.88035373677822,299.68175388967467
2ae19629-1c8c-13a3-e055-000000000001,CAPPAGH,94.5273631840796,12.437810945273633,0.0,19.90049751243781,24.875621890547265,840.686274509804,88.23529411764706,2.487562189054726,4.975124378109452,4.975124378109452,94.5273631840796,500.0
2ae19629-1ca0-13a3-e055-000000000001,STILLORGAN-DEERPARK,55.46161650321271,1.6909029421711192,4.058167061210686,25.701724721001014,61.54886709502874,734.7550816394535,166.27790736421193,0.0,24.687182955698344,3.3818058843422385,48.69800473452824,576.2308998302207
2ae19629-1ca1-13a3-e055-000000000001,STILLORGAN-KILMACUD,58.92135899263483,4.514136374435733,13.304822998336897,36.58826324542647,79.11617961511047,646.2697105201224,223.5820192986585,0.23758612497030174,37.77619387027797,5.46448087431694,77.21549061534806,504.638671875
2ae19629-1ca3-13a3-e055-000000000001,STILLORGAN-MERVILLE,57.94855903315773,6.817477533312674,22.311744654477845,43.69383328168578,138.82863340563992,604.8854961832061,237.86259541984734,0.3098853424233034,79.02076231794236,6.507592190889371,111.55872327238922,461.12852664576803
2ae19629-1cd4-13a3-e055-000000000001,TEMPLEOGUE-ORWELL,31.25,2.5201612903225805,4.032258064516129,7.056451612903226,36.29032258064517,799.5981918633852,151.1803114013059,0.0,15.120967741935484,6.55241935483871,32.25806451612903,475.5028365136668
2ae19629-1cd7-13a3-e055-000000000001,TERENURE-CHERRYFIELD,34.373586612392586,9.045680687471732,2.7137042062415193,31.659882406151066,52.91723202170964,659.0399282189322,231.9425751458053,0.4522840343735866,26.232473993668023,5.427408412483039,66.48575305291723,325.7645968489342
2ae19629-1cd8-13a3-e055-000000000001,BALLYCONNELL,120.04405286343612,91.96035242290749,1.6519823788546255,126.1013215859031,31.387665198237887,657.880580957504,115.65357719203872,6.057268722466961,6.607929515418502,7.158590308370044,282.488986784141,274.31141090500284
2ae19629-1ce2-13a3-e055-000000000001,CABINTEELY-KILBOGGET,35.620547431571055,3.374578177727784,8.998875140607424,10.123734533183352,35.9955005624297,720.4621692135669,194.1856131196422,10.123734533183352,20.99737532808399,2.249718785151856,38.620172478440196,344.43168771526985
2ae19629-1ce4-13a3-e055-000000000001,CABINTEELY-POTTERY,48.451151707704526,14.89277204130262,28.19698173153296,35.14694201747419,62.15250198570294,658.0493537015276,215.23697610654133,2.7799841143764894,57.188244638602065,5.559968228752979,86.3780778395552,407.47438215792647
2ae19629-1ceb-13a3-e055-000000000001,ARRAN QUAY A,47.53820033955857,16.411997736276174,28.862478777589132,126.76853423882287,183.9275608375778,363.2286995515695,281.9506726457399,2.2637238256932655,68.47764572722127,26.59875495189587,181.0979060554612,273.406088454911
2ae19629-1cf2-13a3-e055-000000000001,BALLYMACHUGH,50.48076923076923,6.009615384615385,0.0,55.28846153846153,31.25,744.6300715990453,83.53221957040573,0.0,12.01923076923077,0.0,84.13461538461539,391.1439114391144
2ae19629-1cf6-13a3-e055-000000000001,CASTLEKNOCK-PARK,43.98592450415867,11.196417146513117,26.71145233525272,49.104286628278956,117.72232885476649,657.9071597167585,161.60503540519275,6.877799104286629,56.62188099808062,14.875239923224568,110.68458093410109,453.57436318816764
2ae19629-1cd9-13a3-e055-000000000001,BALLYHAISE,60.79295154185022,8.81057268722467,6.167400881057269,27.312775330396477,39.647577092511014,856.7708333333334,53.81944444444445,0.881057268722467,14.977973568281937,23.78854625550661,66.96035242290749,401.6319129646419
2ae19629-1cdf-13a3-e055-000000000001,BLANCHARDSTOWN-TYRRELSTOWN,18.947368421052634,42.10526315789473,0.9022556390977444,66.46616541353384,202.70676691729324,495.0643134908765,97.21806760394855,14.135338345864662,27.06766917293233,231.8796992481203,147.9699248120301,242.5084955205437
2ae19629-1cea-13a3-e055-000000000001,TURNAPIN,36.627906976744185,16.27906976744186,12.790697674418604,44.76744186046511,85.46511627906976,675.7225433526012,171.09826589595374,1.1627906976744187,45.93023255813954,9.883720930232558,98.83720930232558,350.9187907528156
2ae19629-1cf0-13a3-e055-000000000001,ASHTOWN A,35.2441259790035,28.82852857857024,30.244959173471088,70.73821029828362,113.98100316613898,574.0036381676864,239.78832478915166,0.08331944675887352,69.2384602566239,17.413764372604568,150.97483752707882,350.0647948164147
2ae19629-1cfc-13a3-e055-000000000001,CLONDALKIN-BALLYMOUNT,22.96360485268631,6.499133448873484,5.199306759098787,32.49566724436742,237.00173310225304,577.1551724137931,133.1896551724138,5.6325823223570195,25.5632582322357,11.69844020797227,64.12478336221837,242.9781542576906
2ae19629-1cfe-13a3-e055-000000000001,CLONDALKIN-DUNAWLEY,27.967681789931635,35.86966172422978,4.972032318210068,50.87454497025659,79.37494450856786,633.5634625597451,126.39405204460965,17.40211311373524,48.29974251975495,41.90712953919915,103.25845689425553,257.3367571533382
2ae19629-1d00-13a3-e055-000000000001,CLONDALKIN-MOORFIELD,25.385054192812323,12.977752424415288,10.838562464346834,33.79920136908157,63.17741015402167,666.5717539863326,111.90205011389521,14.974329720479178,32.943525385054194,38.36280661722761,60.895607529948656,210.10872759330005
2ae19629-1d03-13a3-e055-000000000001,ASHTOWN B,34.82587064676617,7.462686567164179,4.264392324093817,45.84221748400853,66.45344705046197,630.6718255364052,255.0123109391488,0.35536602700781805,26.297085998578538,9.23951670220327,80.31272210376687,436.74808603718554
2ae19629-1a2c-13a3-e055-000000000001,BALLYBACON,82.49496981891348,0.0,0.0,12.072434607645874,24.14486921529175,848.0,72.0,0.0,0.0,8.048289738430585,64.38631790744468,353.78323108384456
2ae19629-1a3e-13a3-e055-000000000001,DRUMMULLY,161.76470588235296,7.352941176470588,0.0,36.76470588235294,22.058823529411764,772.0588235294118,73.52941176470588,0.0,0.0,0.0,36.76470588235294,366.412213740458
2ae19629-1a3f-13a3-e055-000000000001,BIRR RURAL,49.382716049382715,30.864197530864196,3.0864197530864197,28.54938271604938,13.888888888888888,827.6923076923077,75.38461538461539,64.04320987654322,6.172839506172839,0.0,83.33333333333333,375.0997605746209
2ae19629-1a40-13a3-e055-000000000001,BIRR URBAN,54.37352245862884,52.009456264775416,3.8684719535783367,41.04878572963679,45.77691811734365,769.7841726618705,100.50782903089294,56.737588652482266,15.473887814313347,3.438641736514077,131.52804642166345,338.14523184601927
2ae19629-1a44-13a3-e055-000000000001,RAHAN,41.223404255319146,0.0,0.0,15.957446808510637,22.606382978723406,883.1341301460824,61.08897742363878,0.0,0.0,1.3297872340425532,30.585106382978722,454.04663923182443
2ae19629-1a4a-13a3-e055-000000000001,CLOONFINLOUGH,86.20689655172414,0.0,0.0,5.747126436781609,17.241379310344826,852.2727272727273,107.95454545454545,0.0,0.0,0.0,68.9655172413793,385.0574712643678
2ae19629-1a4b-13a3-e055-000000000001,DRUMSNAT,99.62406015037594,8.458646616541353,0.0,70.48872180451129,13.157894736842104,830.6828811973808,68.28811973807298,8.458646616541353,0.9398496240601504,4.6992481203007515,119.3609022556391,414.53831041257365
2ae19629-1a4e-13a3-e055-000000000001,CANGORT,20.0,10.0,0.0,10.0,5.0,720.0,120.0,0.0,0.0,0.0,35.0,497.40932642487047
2ae19629-1a4f-13a3-e055-000000000001,CAPPANCUR,32.56364712847839,2.368265245707519,0.5920663114268797,25.458851391355832,29.60331557134399,823.0452674897119,63.49206349206349,8.288928359976317,1.1841326228537594,11.249259917110717,43.81290704558911,440.9448818897638
2ae19629-1a53-13a3-e055-000000000001,ROSCOMROE,0.0,37.73584905660377,0.0,0.0,6.289308176100629,949.6855345911949,31.446540880503143,0.0,0.0,0.0,37.73584905660377,470.96774193548384
2ae19629-1a56-13a3-e055-000000000001,TULLOW URBAN,38.58447488584475,74.65753424657534,3.65296803652968,89.72602739726028,37.671232876712324,717.7621105299067,107.80077325449169,13.698630136986301,14.61187214611872,7.534246575342466,187.44292237442923,283.55387523629486
2ae19629-1a5e-13a3-e055-000000000001,CLONMORE,45.36489151873768,5.9171597633136095,0.0,11.834319526627219,27.613412228796843,779.5275590551181,55.118110236220474,0.0,1.9723865877712032,0.0,41.42011834319527,382.04592901878914
2ae19629-1a68-13a3-e055-000000000001,CROGHAN,24.56140350877193,1.7543859649122808,1.7543859649122808,5.263157894736842,8.771929824561402,900.0,71.9298245614035,1.7543859649122808,3.5087719298245617,0.0,14.035087719298247,347.7477477477477
2ae19629-1a70-13a3-e055-000000000001,BALLYBAY URBAN,106.9182389937107,12.578616352201259,0.0,91.19496855345912,91.19496855345912,704.4025157232704,59.74842767295598,3.1446540880503147,18.867924528301884,75.47169811320754,128.9308176100629,200.0
2ae19629-1a73-13a3-e055-000000000001,DERRINBOY,33.23262839879154,0.0,0.0,0.0,12.084592145015106,934.1317365269462,38.92215568862276,0.0,0.0,0.0,9.06344410876133,460.3174603174603
2ae19629-1a76-13a3-e055-000000000001,DOON,38.88888888888889,3.7037037037037037,0.0,5.555555555555555,20.370370370370374,913.4438305709024,46.04051565377532,0.0,0.0,1.8518518518518519,27.777777777777775,392.7203065134099
2ae19629-1997-13a3-e055-000000000001,LISSADILL EAST,89.84830805134189,3.500583430571762,5.834305717619603,19.83663943990665,32.67211201866978,756.3805104408353,156.61252900232017,0.0,30.338389731621938,0.0,61.84364060676779,464.11483253588517
2ae19629-199b-13a3-e055-000000000001,KILTULLAGH,162.5531914893617,3.404255319148936,0.851063829787234,22.127659574468087,38.297872340425535,807.5949367088607,112.23628691983123,25.53191489361702,1.702127659574468,3.404255319148936,108.93617021276596,357.5810692375109
2ae19629-199e-13a3-e055-000000000001,LAKEVIEW,71.00591715976331,13.806706114398422,0.0,19.723865877712033,23.668639053254438,761.252446183953,136.986301369863,0.0,3.9447731755424065,0.0,74.95069033530571,372.2334004024145
2ae19629-19a0-13a3-e055-000000000001,LISSADILL WEST,104.76190476190476,9.523809523809526,0.0,30.158730158730158,26.984126984126984,735.5242566510171,150.23474178403757,1.5873015873015872,1.5873015873015872,1.5873015873015872,85.71428571428571,373.8019169329074
2ae19629-19ae-13a3-e055-000000000001,CLOONTUSKERT,75.38461538461539,40.0,14.615384615384615,36.15384615384615,36.92307692307693,781.7490494296578,107.22433460076046,0.0,25.384615384615383,8.461538461538462,113.07692307692308,383.1628638867034
2ae19629-19b2-13a3-e055-000000000001,LOUGHGLINN,143.2258064516129,1.2903225806451613,0.0,24.516129032258064,28.38709677419355,784.6153846153846,110.25641025641025,5.161290322580645,5.161290322580645,0.0,114.83870967741936,316.06905710491367
2ae19629-19b5-13a3-e055-000000000001,BRANCHFIELD/CARROWNASKEAGH,51.61290322580645,0.0,0.0,19.35483870967742,0.0,793.5483870967743,116.12903225806453,0.0,0.0,0.0,32.25806451612903,487.012987012987
2ae19629-19b9-13a3-e055-000000000001,ROSSINVER EAST,58.201058201058196,0.0,0.0,15.873015873015872,31.746031746031743,774.869109947644,120.41884816753927,0.0,0.0,0.0,63.49206349206349,413.97849462365593
2ae19629-1a7e-13a3-e055-000000000001,KILLYLOUGH,88.23529411764706,1.6339869281045751,0.0,17.973856209150327,26.143790849673202,944.6254071661238,26.058631921824105,1.6339869281045751,4.901960784313726,0.0,45.7516339869281,477.0017035775128
2ae19629-1a93-13a3-e055-000000000001,ARTAGH NORTH,189.1891891891892,0.0,0.0,21.151586368977675,12.925969447708578,822.9166666666666,105.32407407407408,7.050528789659225,1.1750881316098707,0.0,129.25969447708576,351.19047619047615
2ae19629-1a9a-13a3-e055-000000000001,ETTAGH,52.63157894736842,3.898635477582846,0.0,27.29044834307992,11.695906432748536,848.5436893203884,71.84466019417475,0.0,0.0,0.0,56.53021442495126,411.64658634538154
2ae19629-1ab0-13a3-e055-000000000001,HINDS,54.6448087431694,0.0,0.0,8.196721311475411,21.85792349726776,902.439024390244,29.81029810298103,0.0,2.73224043715847,5.46448087431694,24.59016393442623,291.3165266106443
2ae19629-1ab2-13a3-e055-000000000001,AUGHRIM WEST,100.0,0.0,0.0,11.11111111111111,38.88888888888889,833.3333333333334,127.77777777777777,0.0,5.555555555555555,0.0,44.44444444444444,439.3063583815029
2ae19629-1ab7-13a3-e055-000000000001,RAFERAGH,63.063063063063055,0.0,0.0,2.2522522522522523,4.504504504504505,906.0402684563759,22.371364653243848,0.0,0.0,0.0,13.513513513513514,371.5596330275229
2ae19629-1abb-13a3-e055-000000000001,KILCORMAC,51.92178017532029,7.417397167902899,0.6743088334457181,10.114632501685772,24.27511800404585,836.4737550471064,91.52086137281292,39.78422117329737,6.068779501011463,6.743088334457181,37.76129467296022,339.16083916083915
2ae19629-1abd-13a3-e055-000000000001,BALLINTOBER,74.03055229142186,18.80141010575793,0.0,10.575793184488838,32.90246768507638,851.4619883040936,57.30994152046784,8.225616921269095,3.5252643948296125,5.875440658049354,70.50528789659225,418.60465116279073
2ae19629-19bc-13a3-e055-000000000001,MOORE,24.316109422492403,6.079027355623101,0.0,0.0,21.27659574468085,954.5454545454546,27.27272727272727,0.0,0.0,0.0,0.0,395.0617283950617
2ae19629-19c1-13a3-e055-000000000001,CASTLECONOR WEST,66.05504587155964,8.256880733944955,0.0,6.422018348623854,12.844036697247708,911.4155251141552,47.48858447488585,0.0,0.0,0.0,33.02752293577982,510.41666666666663
2ae19629-19c3-13a3-e055-000000000001,SHANCOUGH,97.01492537313433,0.0,0.0,52.23880597014925,14.925373134328359,761.1940298507462,194.02985074626866,0.0,0.0,7.462686567164179,126.86567164179105,386.3636363636364
2ae19629-19d0-13a3-e055-000000000001,TEMPLE,61.38107416879796,20.460358056265985,2.557544757033248,20.460358056265985,12.78772378516624,746.1928934010152,73.60406091370558,0.0,0.0,0.0,79.2838874680307,444.4444444444444
2ae19629-19d2-13a3-e055-000000000001,CROGHAN,73.17073170731707,0.0,0.0,4.878048780487805,19.51219512195122,831.7307692307693,79.32692307692307,0.0,2.4390243902439024,0.0,46.34146341463415,461.92893401015226
2ae19629-19da-13a3-e055-000000000001,TEMPLEBOY NORTH,52.63157894736842,0.0,0.0,29.605263157894736,13.157894736842104,745.2229299363057,85.9872611464968,3.289473684210526,0.0,0.0,49.3421052631579,401.9933554817276
2ae19629-19dd-13a3-e055-000000000001,DANESFORT,89.28571428571429,32.563025210084035,7.352941176470588,71.42857142857143,55.67226890756303,688.4735202492211,148.49428868120458,10.504201680672269,22.058823529411764,4.201680672268908,164.91596638655463,398.4799131378936
2ae19629-19de-13a3-e055-000000000001,DRUMDAFF,87.31808731808732,8.316008316008316,0.0,8.316008316008316,29.10602910602911,881.4968814968815,45.73804573804574,2.079002079002079,0.0,0.0,76.92307692307693,476.5957446808511
2ae19629-191b-13a3-e055-000000000001,LISLEA,64.28571428571428,7.142857142857142,0.0,0.0,7.142857142857142,814.2857142857143,64.28571428571428,0.0,0.0,0.0,57.14285714285714,355.07246376811594
2ae19629-1926-13a3-e055-000000000001,LONGFORD No. 2 URBAN,61.26126126126126,58.55855855855856,5.405405405405405,79.27927927927928,77.47747747747748,706.25,119.64285714285715,15.315315315315315,65.76576576576576,16.216216216216218,154.05405405405406,362.956033676333
2ae19629-1928-13a3-e055-000000000001,MILLTOWN,38.46153846153847,0.0,0.0,5.4945054945054945,32.96703296703297,858.3106267029973,59.945504087193456,0.0,2.7472527472527473,2.7472527472527473,19.230769230769234,384.61538461538464
2ae19629-1937-13a3-e055-000000000001,DUNDALK No. 2 URBAN,47.92332268370607,32.74760383386582,9.584664536741213,132.58785942492014,111.02236421725239,544.5151033386327,111.28775834658188,11.980830670926517,18.370607028753994,75.87859424920129,138.9776357827476,181.8181818181818
2ae19629-193a-13a3-e055-000000000001,ACHILL,137.48378728923478,2.594033722438392,0.0,11.673151750972762,9.079118028534372,894.7368421052631,61.40350877192982,0.0,2.594033722438392,1.297016861219196,46.69260700389105,662.849872773537
2ae19629-1943-13a3-e055-000000000001,RATHCLINE,76.55786350148368,25.519287833827892,13.649851632047477,46.29080118694362,35.60830860534125,757.0588235294118,110.58823529411765,1.1869436201780414,23.738872403560833,13.056379821958458,112.75964391691394,410.50702504581557
2ae19629-1956-13a3-e055-000000000001,CLAREMORRIS,57.89245446660885,23.200346921075457,9.97398091934085,121.20555073720729,77.40676496097137,687.3417721518987,107.80590717299577,8.022549869904596,31.873373807458805,8.022549869904596,178.01387684301824,395.3028972783143
2ae19629-1960-13a3-e055-000000000001,ARDNAREE NORTH,82.1917808219178,0.0,0.0,6.322444678609062,10.53740779768177,895.1781970649895,60.79664570230608,0.0,4.214963119072708,0.0,24.236037934668072,522.0193340494093
2ae19629-1abe-13a3-e055-000000000001,CLONES URBAN,98.21428571428571,16.96428571428571,0.0,175.89285714285717,173.21428571428572,683.2298136645962,84.29458740017746,14.285714285714285,75.89285714285714,11.607142857142858,250.0,243.7902483900644
2ae19629-1ac7-13a3-e055-000000000001,KILLEIGH,46.28224582701062,1.5174506828528074,0.0,10.622154779969652,15.933232169954476,846.328538985617,78.72823618470856,2.276176024279211,1.5174506828528074,3.7936267071320184,28.831562974203337,389.36669272869426
2ae19629-1ace-13a3-e055-000000000001,CROSSALARE,86.06060606060606,4.848484848484849,1.2121212121212122,14.545454545454545,7.2727272727272725,899.6372430471584,25.39298669891173,0.0,1.2121212121212122,0.0,24.242424242424242,385.0
2ae19629-1ad1-13a3-e055-000000000001,KILLOUGHY,40.364583333333336,0.0,0.0,14.322916666666666,22.135416666666668,866.4072632944228,88.19714656290532,0.0,0.0,1.3020833333333333,27.34375,461.53846153846155
2ae19629-1ad2-13a3-e055-000000000001,KILLYON,32.846715328467155,3.6496350364963503,0.0,0.0,7.299270072992701,851.4492753623189,61.594202898550726,0.0,7.299270072992701,0.0,29.197080291970803,426.96629213483146
2ae19629-1ad3-13a3-e055-000000000001,KINNITTY,40.60913705583756,6.768189509306261,0.0,6.768189509306261,13.536379018612521,808.7248322147651,77.18120805369128,11.844331641285956,1.6920473773265652,0.0,23.688663282571913,386.0869565217391
2ae19629-1ad9-13a3-e055-000000000001,DAWSONGROVE,76.51006711409396,6.7114093959731544,0.0,20.13422818791946,12.080536912751677,719.4148936170212,83.77659574468085,13.422818791946309,1.3422818791946307,4.026845637583893,40.26845637583892,367.4614305750351
2ae19629-1adf-13a3-e055-000000000001,LEA,39.77272727272727,2.840909090909091,0.0,28.409090909090907,22.727272727272727,839.8876404494382,101.12359550561797,8.522727272727272,5.681818181818182,0.0,56.81818181818181,324.7863247863248
2ae19629-19f3-13a3-e055-000000000001,EDMONDSTOWN,139.0728476821192,0.0,0.0,13.245033112582782,24.282560706401764,814.4104803493449,87.33624454148472,19.867549668874172,6.622516556291391,0.0,92.71523178807948,424.44444444444446
2ae19629-19f8-13a3-e055-000000000001,TUMNA NORTH,124.2603550295858,0.0,0.0,29.585798816568047,29.585798816568047,731.4285714285714,142.85714285714286,0.0,0.0,0.0,76.92307692307693,401.1976047904192
2ae19629-19f9-13a3-e055-000000000001,DROMORE,74.85604606525911,1.9193857965451055,0.0,7.677543186180422,24.95201535508637,825.4269449715371,91.08159392789373,0.0,3.838771593090211,15.355086372360844,42.22648752399232,418.6507936507937
2ae19629-19fc-13a3-e055-000000000001,SLIGO EAST,58.738960772232495,27.931813514068597,8.420620250564799,42.719244197987265,88.10844115834874,643.1174089068826,136.0323886639676,4.9291435613062236,32.65557609365373,33.06633805709591,89.75148901211747,285.6846473029045
2ae19629-19fd-13a3-e055-000000000001,ABINGTON,55.118110236220474,6.299212598425196,0.0,6.299212598425196,20.47244094488189,771.875,93.75,0.0,12.598425196850393,1.574803149606299,48.818897637795274,453.2258064516129
2ae19629-1a00-13a3-e055-000000000001,ESTERSNOW,90.9090909090909,0.0,0.0,60.60606060606061,20.202020202020204,696.969696969697,191.91919191919192,10.101010101010102,0.0,20.202020202020204,111.1111111111111,418.36734693877554
2ae19629-1a07-13a3-e055-000000000001,ACHONRY WEST,109.86267166042447,23.72034956304619,7.49063670411985,12.484394506866415,22.47191011235955,892.5925925925926,60.49382716049383,9.987515605493133,17.478152309612984,0.0,78.65168539325842,461.734693877551
2ae19629-1a0f-13a3-e055-000000000001,KILBRIDE SOUTH,77.92207792207792,5.194805194805195,0.0,10.38961038961039,28.57142857142857,831.6062176165802,88.08290155440415,0.0,0.0,2.5974025974025974,54.54545454545454,435.82887700534764
2ae19629-196a-13a3-e055-000000000001,ATTYMASS EAST,151.59574468085108,0.0,0.0,10.638297872340425,10.638297872340425,830.6878306878307,84.65608465608466,0.0,0.0,0.0,69.14893617021276,381.72043010752685
2ae19629-196f-13a3-e055-000000000001,COURSE,156.38766519823787,4.405286343612335,0.0,13.215859030837004,13.215859030837004,828.5714285714287,76.92307692307693,15.418502202643172,15.418502202643172,2.2026431718061676,101.3215859030837,360.5442176870748
2ae19629-1985-13a3-e055-000000000001,KNOCKADAFF,45.01607717041801,3.215434083601286,0.0,19.29260450160772,19.29260450160772,894.9044585987261,44.58598726114649,0.0,6.430868167202572,0.0,16.07717041800643,798.0456026058632
2ae19629-198e-13a3-e055-000000000001,BALLYGRIFFIN,26.61596958174905,3.802281368821293,0.0,0.0,22.813688212927758,840.3041825095057,57.034220532319395,0.0,0.0,0.0,19.011406844106464,439.2156862745098
2ae19629-199c-13a3-e055-000000000001,LACKAN,50.397877984084886,7.957559681697613,0.0,13.262599469496022,10.610079575596817,907.6517150395779,34.30079155672823,0.0,0.0,2.6525198938992043,42.44031830238727,525.7452574525745
2ae19629-199d-13a3-e055-000000000001,KNOCKAREE,83.33333333333333,10.728542914171657,4.740518962075849,23.70259481037924,45.65868263473054,685.7983811626196,189.10963944076528,0.998003992015968,15.968063872255488,4.990019960079841,62.12574850299401,439.14807302231236
2ae19629-19a1-13a3-e055-000000000001,CLOONFOWER,183.67346938775512,0.0,0.0,26.239067055393587,17.49271137026239,809.2485549132948,124.27745664739884,5.830903790087463,2.9154518950437316,0.0,166.1807580174927,337.27810650887574
2ae19629-19a4-13a3-e055-000000000001,LECARROW,42.16867469879518,0.0,0.0,18.072289156626507,21.08433734939759,834.8348348348347,102.10210210210211,0.0,3.0120481927710845,0.0,33.13253012048193,457.94392523364485
2ae19629-1ae9-13a3-e055-000000000001,BALLYCUMBER,50.0,0.0,1.3513513513513513,5.405405405405405,13.513513513513514,883.9406207827261,49.932523616734144,0.0,8.108108108108109,0.0,16.216216216216218,371.23287671232873
2ae19629-1af4-13a3-e055-000000000001,DRUMCARROW,98.23182711198427,1.9646365422396854,0.0,25.540275049115913,31.434184675834967,858.252427184466,79.6116504854369,0.0,1.9646365422396854,9.823182711198427,68.762278978389,362.5254582484725
2ae19629-1afc-13a3-e055-000000000001,CAMS,55.55555555555555,5.952380952380952,23.809523809523807,0.0,21.825396825396822,885.3754940711462,21.73913043478261,0.0,27.777777777777775,0.0,27.777777777777775,448.4848484848485
2ae19629-1aff-13a3-e055-000000000001,BALLYBRODER,37.5,0.0,0.0,25.0,20.833333333333332,870.8333333333334,91.66666666666666,0.0,0.0,4.166666666666667,25.0,402.5974025974026
2ae19629-1b00-13a3-e055-000000000001,BALLYHEALY,50.147492625368734,5.899705014749262,0.0,32.448377581120944,20.64896755162242,787.6106194690266,82.59587020648968,0.0,5.899705014749262,0.0,61.94690265486726,337.3860182370821
2ae19629-1b06-13a3-e055-000000000001,BALLYCARNEY,39.8406374501992,3.9840637450199203,0.0,19.9203187250996,11.952191235059761,691.8489065606361,129.22465208747516,11.952191235059761,1.9920318725099602,0.0,57.76892430278884,382.2314049586777
2ae19629-1b0a-13a3-e055-000000000001,MODELLIGO,97.92284866468842,2.967359050445104,0.0,11.869436201780417,14.836795252225519,863.905325443787,100.59171597633136,2.967359050445104,2.967359050445104,0.0,71.2166172106825,503.01204819277115
2ae19629-1b0b-13a3-e055-000000000001,KILCUMRERAGH,35.35353535353535,0.0,0.0,5.050505050505051,22.727272727272727,881.6120906801007,83.1234256926952,0.0,2.5252525252525255,2.5252525252525255,22.727272727272727,449.0861618798956
2ae19629-1a1b-13a3-e055-000000000001,BALLINTOGHER EAST,56.48854961832061,39.69465648854962,0.0,12.213740458015266,9.160305343511451,848.714069591528,114.97730711043873,10.68702290076336,0.0,1.5267175572519083,74.80916030534351,400.3164556962026
2ae19629-1a23-13a3-e055-000000000001,KILGEFIN,90.60402684563758,0.0,0.0,6.7114093959731544,26.845637583892618,843.3333333333334,73.33333333333333,0.0,6.7114093959731544,0.0,73.8255033557047,400.0
2ae19629-1a24-13a3-e055-000000000001,KILGLASS NORTH,106.63983903420524,8.048289738430585,0.0,28.169014084507044,28.169014084507044,756.4356435643565,106.93069306930693,0.0,0.0,2.012072434607646,98.59154929577464,354.8387096774194
2ae19629-1a27-13a3-e055-000000000001,BALLYMOTE,85.91674047829937,21.70062001771479,5.314437555358724,22.143489813994687,34.9867139061116,770.3834288232702,116.35081533715292,3.9858281665190436,13.728963684676705,14.171833480956598,76.17360496014172,350.7805325987144
2ae19629-1a2a-13a3-e055-000000000001,KILLADOON,59.040590405904055,7.380073800738007,0.0,3.6900369003690034,18.45018450184502,822.463768115942,105.07246376811594,0.0,0.0,0.0,40.59040590405904,447.76119402985074
2ae19629-1a2b-13a3-e055-000000000001,BALLINGARRY,78.67132867132867,0.0,0.0,6.993006993006993,20.97902097902098,696.0276338514681,112.26252158894647,0.0,1.7482517482517483,0.0,34.96503496503497,421.1469534050179
2ae19629-1a2d-13a3-e055-000000000001,BALLYCAHILL,35.714285714285715,4.761904761904763,0.0,11.904761904761903,19.04761904761905,900.9433962264151,66.0377358490566,0.0,2.3809523809523814,0.0,45.238095238095234,494.0047961630695
2ae19629-1a36-13a3-e055-000000000001,KILMACOWEN,65.34823731728288,14.187446259673258,10.748065348237317,9.028374892519347,23.215821152192607,764.8061354921176,91.18023008095442,13.757523645743767,30.09458297506449,4.729148753224419,43.85210662080826,437.7719756309835
2ae19629-19a8-13a3-e055-000000000001,BUNCROWEY,37.414965986394556,0.0,0.0,3.401360544217687,6.802721088435374,795.9183673469388,91.83673469387756,0.0,3.401360544217687,0.0,3.401360544217687,305.5555555555556
2ae19629-19b8-13a3-e055-000000000001,RIVERSTOWN,82.99866131191433,9.370816599732263,2.677376171352075,16.064257028112447,26.77376171352075,706.507304116866,122.17795484727756,0.0,13.386880856760374,5.35475234270415,58.90227576974564,401.1065006915629
2ae19629-19bd-13a3-e055-000000000001,MOTE,60.87824351297405,3.992015968063872,3.992015968063872,6.986027944111776,21.956087824351297,865.213082259663,59.46481665014866,1.996007984031936,18.962075848303396,0.0,31.936127744510976,497.40932642487047
2ae19629-19c5-13a3-e055-000000000001,SLIGO WEST,61.36481577581733,35.677218474312404,10.119356512714063,35.80695381421899,83.41982355993773,668.8495120698511,156.39445300462248,5.967825635703166,52.80228334198236,24.779449922158797,92.37156201349248,344.2164179104478
2ae19629-19cd-13a3-e055-000000000001,CLIFFONY SOUTH,107.82608695652173,0.0,0.0,19.130434782608695,17.391304347826086,750.4332755632582,126.5164644714038,3.4782608695652177,0.0,1.7391304347826089,50.434782608695656,352.4150268336315
2ae19629-19cf-13a3-e055-000000000001,STREAMSTOWN,79.36507936507937,0.0,0.0,7.936507936507936,7.936507936507936,831.3725490196078,74.50980392156863,3.968253968253968,3.968253968253968,0.0,31.746031746031743,458.49802371541506
2ae19629-19d3-13a3-e055-000000000001,CROSSNA,144.92753623188406,0.0,0.0,28.985507246376812,28.985507246376812,712.9186602870813,162.67942583732057,0.0,0.0,0.0,140.09661835748793,512.4378109452737
2ae19629-19d7-13a3-e055-000000000001,ROSSMORE,114.4578313253012,0.0,0.0,0.0,12.048192771084338,846.1538461538462,29.585798816568047,0.0,0.0,0.0,36.144578313253014,331.3253012048193
2ae19629-1b14-13a3-e055-000000000001,BALLYHUSKARD,57.68098881695115,7.062978222483814,0.0,8.828722778104767,14.714537963507945,840.4692082111437,91.49560117302052,2.942907592701589,2.942907592701589,4.120070629782225,55.915244261330194,363.1931748933577
2ae19629-1b21-13a3-e055-000000000001,NEWCASTLE,50.54151624548736,1.8050541516245489,0.0,7.220216606498195,14.44043321299639,823.4234234234234,122.52252252252252,9.025270758122744,1.8050541516245489,0.0,36.101083032490976,496.25468164794006
2ae19629-1b27-13a3-e055-000000000001,BELVIDERE,46.17414248021108,0.0,2.638522427440633,21.108179419525065,29.023746701846967,827.4111675126904,87.56345177664974,0.0,7.9155672823219,3.95778364116095,38.25857519788918,447.1968709256845
2ae19629-1b28-13a3-e055-000000000001,MIDDLETON,28.57142857142857,0.0,0.0,15.584415584415584,18.18181818181818,827.7634961439588,66.83804627249357,0.0,0.0,0.0,20.77922077922078,406.41711229946526
2ae19629-1b2c-13a3-e055-000000000001,DROMORE,152.34375,23.4375,0.0,42.96875,23.4375,653.6964980544748,233.46303501945525,0.0,0.0,0.0,156.25,408.0
2ae19629-1b36-13a3-e055-000000000001,MUCKANAGH,75.26881720430107,0.0,0.0,43.01075268817205,5.376344086021506,870.9677419354839,107.52688172043011,0.0,0.0,0.0,53.763440860215056,450.0
2ae19629-1b40-13a3-e055-000000000001,CASTLE,46.1121157323689,2.7124773960216997,8.1374321880651,19.891500904159134,56.962025316455694,783.1541218637993,92.29390681003584,0.9041591320072332,28.028933092224232,19.891500904159134,36.166365280289334,467.53246753246754
2ae19629-1b43-13a3-e055-000000000001,MULLINGAR SOUTH URBAN,46.9703131354209,35.9902399349329,11.386742578283854,80.5205368035787,76.04717364782432,671.1315473810477,143.34266293482605,11.590077267181782,34.16022773485156,15.656771045140301,147.41764945099632,370.40901502504175
2ae19629-1a43-13a3-e055-000000000001,PORTARLINGTON NORTH,44.22032583397983,37.62606671838634,3.491078355314197,46.93560899922421,44.99612102404965,740.6406792744115,108.06638363566191,8.533747090768037,20.558572536850274,22.885958107059736,107.05973622963538,339.7435897435898
2ae19629-1a47-13a3-e055-000000000001,CASTLESAMPSON,39.702233250620345,0.0,0.0,2.4813895781637716,7.444168734491315,916.6666666666666,58.8235294117647,0.0,0.0,0.0,7.444168734491315,466.16541353383457
2ae19629-1a49-13a3-e055-000000000001,CLOONBURREN,30.434782608695652,0.0,0.0,8.695652173913043,21.73913043478261,887.4458874458875,30.303030303030305,0.0,0.0,4.3478260869565215,52.17391304347826,451.7543859649123
2ae19629-1a4c-13a3-e055-000000000001,EMYVALE,103.50877192982456,2.631578947368421,0.0,103.50877192982456,36.84210526315789,769.4300518134714,63.03972366148532,2.631578947368421,7.894736842105264,0.8771929824561404,118.42105263157895,346.9387755102041
2ae19629-1a51-13a3-e055-000000000001,CLOGHAN,44.57364341085272,10.65891472868217,2.9069767441860463,26.16279069767442,18.410852713178297,852.4904214559386,60.3448275862069,0.9689922480620154,5.813953488372093,0.9689922480620154,49.41860465116279,301.58730158730157
2ae19629-1a55-13a3-e055-000000000001,TULLOW RURAL,48.23151125401929,28.938906752411576,17.14898177920686,54.662379421221864,53.59056806002144,705.8823529411765,127.10084033613444,0.0,48.23151125401929,0.0,103.9657020364416,348.06034482758616
2ae19629-1a5d-13a3-e055-000000000001,CLONMACNOISE,43.731778425655975,0.0,0.0,8.746355685131196,5.830903790087463,936.231884057971,14.492753623188406,0.0,0.0,0.0,14.577259475218659,385.07462686567163
2ae19629-1a66-13a3-e055-000000000001,GLASLOUGH,214.90280777537797,1.0799136069114472,0.0,24.838012958963283,33.477321814254864,712.655601659751,94.39834024896265,0.0,1.0799136069114472,1.0799136069114472,68.03455723542116,369.09871244635195
2ae19629-19d9-13a3-e055-000000000001,COLLOONEY,68.58407079646017,51.51706700379267,6.005056890012643,27.81289506953224,63.527180783817954,696.9887076537013,132.37139272271017,12.9582806573957,29.393173198482934,22.123893805309734,110.93552465233881,391.10529758011774
2ae19629-19e0-13a3-e055-000000000001,RUSHFIELD,101.99004975124377,4.975124378109452,0.0,22.388059701492537,7.462686567164179,838.3084577114428,111.94029850746269,0.0,0.0,0.0,92.03980099502488,448.9795918367347
2ae19629-19e2-13a3-e055-000000000001,STROKESTOWN,73.67549668874172,10.76158940397351,7.450331125827814,33.11258278145696,46.35761589403974,770.2922077922077,126.62337662337661,7.450331125827814,24.00662251655629,8.27814569536424,95.19867549668874,385.7142857142857
2ae19629-19ee-13a3-e055-000000000001,DROMARD EAST,95.50561797752809,0.0,0.0,22.47191011235955,28.089887640449437,738.8888888888889,55.55555555555555,0.0,0.0,0.0,56.17977528089887,310.9756097560976
2ae19629-19f1-13a3-e055-000000000001,TOBERPATRICK WEST,92.10526315789473,13.157894736842104,3.289473684210526,0.0,0.0,696.078431372549,137.25490196078434,0.0,3.289473684210526,0.0,59.21052631578947,558.5284280936454
2ae19629-19f2-13a3-e055-000000000001,TOOMOUR,106.19469026548673,0.0,0.0,13.274336283185841,22.123893805309734,806.1674008810573,79.29515418502203,0.0,0.0,0.0,88.49557522123894,387.3873873873874
2ae19629-1a01-13a3-e055-000000000001,FAIRYMOUNT,193.84615384615384,0.0,0.0,6.153846153846154,12.307692307692308,813.2530120481928,129.51807228915663,0.0,0.0,0.0,120.0,380.80495356037153
2ae19629-1a02-13a3-e055-000000000001,FRENCHPARK,108.48126232741618,11.834319526627219,1.9723865877712032,31.558185404339252,44.378698224852066,766.2082514734774,96.2671905697446,30.57199211045365,25.64102564102564,2.9585798816568047,102.56410256410255,347.6044852191641
2ae19629-1b4f-13a3-e055-000000000001,PIERCETOWN,15.625,0.0,0.0,7.8125,7.8125,775.1937984496125,85.27131782945736,0.0,0.0,0.0,15.625,341.26984126984127
2ae19629-1b66-13a3-e055-000000000001,COOLE,60.483870967741936,4.032258064516129,0.0,28.225806451612904,16.129032258064516,787.1485943775101,124.49799196787149,0.0,0.0,0.0,52.41935483870968,348.1781376518219
2ae19629-1b67-13a3-e055-000000000001,COOLURE,85.47008547008546,14.245014245014245,0.0,17.094017094017097,11.396011396011396,693.1818181818182,107.95454545454545,0.0,2.849002849002849,0.0,79.77207977207978,365.78171091445427
2ae19629-1b6f-13a3-e055-000000000001,TRAMORE,75.3549695740365,8.620689655172413,0.5070993914807302,24.34077079107505,50.40567951318459,681.6765504070761,181.92783194290885,2.129817444219067,9.634888438133874,20.79107505070994,74.2393509127789,410.7806691449814
2ae19629-1b71-13a3-e055-000000000001,COPPERALLEY,45.11278195488722,7.518796992481203,0.0,18.796992481203006,26.31578947368421,808.2706766917294,75.18796992481202,0.0,7.518796992481203,0.0,45.11278195488722,302.3255813953488
2ae19629-1b73-13a3-e055-000000000001,DERRYMORE,50.78125,7.8125,3.90625,39.0625,15.625,757.6923076923076,138.46153846153848,0.0,7.8125,0.0,62.5,424.6031746031746
2ae19629-1b7d-13a3-e055-000000000001,WOODSTOWN,60.8,3.2,6.4,27.2,38.4,708.6614173228346,173.22834645669292,0.0,9.6,1.6,64.0,430.86816720257235
2ae19629-1b7e-13a3-e055-000000000001,BALLYBEG NORTH,39.92932862190813,38.869257950530034,2.8268551236749113,41.696113074204945,55.477031802120145,656.8109820485745,107.35656458993311,26.148409893992934,10.60070671378092,44.52296819787986,101.76678445229682,265.0253439536568
2ae19629-1a67-13a3-e055-000000000001,GREAGH,92.24318658280922,4.1928721174004195,0.0,8.385744234800839,10.482180293501049,887.7338877338877,43.65904365904366,0.0,0.0,0.0,29.350104821802937,393.8730853391685
2ae19629-1a69-13a3-e055-000000000001,CULLENWAINE,43.758043758043755,15.444015444015445,0.0,21.879021879021877,9.00900900900901,827.8061224489795,76.53061224489797,0.0,3.8610038610038613,0.0,52.76705276705277,488.0636604774536
2ae19629-1a7b-13a3-e055-000000000001,BALLYMACKNEY,91.36546184738955,0.0,2.008032128514056,9.036144578313253,52.20883534136546,792.2077922077923,80.91908091908091,1.004016064257028,5.020080321285141,17.068273092369477,33.13253012048193,444.4444444444444
2ae19629-1a7d-13a3-e055-000000000001,BELLATRAIN,59.479553903345725,0.0,0.0,11.152416356877323,14.869888475836431,904.4117647058823,40.44117647058824,0.0,3.717472118959108,0.0,33.45724907063197,498.1132075471698
2ae19629-1a81-13a3-e055-000000000001,DROMOYLE,44.6927374301676,5.58659217877095,0.0,13.966480446927374,11.1731843575419,797.7839335180056,74.79224376731301,2.793296089385475,0.0,0.0,33.5195530726257,404.55840455840456
2ae19629-1a84-13a3-e055-000000000001,TULLAMORE RURAL,32.212489403786385,66.96807007629275,32.212489403786385,90.9861542808703,100.02825656965244,661.0407876230661,114.20534458509142,7.064142413111049,88.16049731562588,18.93190166713761,209.09861542808702,360.3629976580796
2ae19629-1a8e-13a3-e055-000000000001,DURROW,35.53299492385787,1.2690355329949237,0.0,16.497461928934012,40.60913705583756,850.8771929824561,81.45363408521303,1.2690355329949237,2.5380710659898473,6.345177664974619,35.53299492385787,440.46094750320106
2ae19629-1a90-13a3-e055-000000000001,EDENDERRY URBAN,31.83199049002774,49.26693963809272,7.792893937392683,108.17593448685776,91.66556597543257,683.1318970047295,85.26011560693641,3.037907806102232,26.548672566371682,13.736626601505746,206.5777308149518,274.09925220938135
2ae19629-1a03-13a3-e055-000000000001,FUERTY,92.87531806615776,7.633587786259541,3.8167938931297707,12.72264631043257,21.62849872773537,891.9597989949749,50.25125628140704,0.0,8.905852417302798,1.272264631043257,77.60814249363868,481.09517601043024
2ae19629-1a04-13a3-e055-000000000001,TUMNA SOUTH,111.1111111111111,14.492753623188406,0.0,33.81642512077295,28.985507246376812,739.1304347826086,183.57487922705315,0.0,0.0,0.0,86.95652173913044,470.2970297029703
2ae19629-1a06-13a3-e055-000000000001,ACHONRY EAST,143.77682403433477,2.1459227467811157,0.0,6.437768240343348,8.583690987124463,841.8803418803419,89.74358974358974,2.1459227467811157,4.291845493562231,0.0,75.10729613733906,427.63157894736844
2ae19629-1a0b-13a3-e055-000000000001,ANNER,74.81296758104739,0.0,4.987531172069826,12.468827930174564,39.900249376558605,830.8457711442786,99.50248756218906,0.0,12.468827930174564,2.493765586034913,67.33167082294264,478.1491002570694
2ae19629-1a0e-13a3-e055-000000000001,KILBRIDE NORTH,88.72901678657075,7.194244604316547,4.796163069544364,7.194244604316547,7.194244604316547,854.066985645933,88.51674641148325,0.0,11.990407673860911,0.0,57.55395683453238,376.23762376237624
2ae19629-1a15-13a3-e055-000000000001,ARDMAYLE,60.150375939849624,10.526315789473683,0.0,13.533834586466165,13.533834586466165,860.1503759398497,93.23308270676692,0.0,7.518796992481203,0.0,34.58646616541353,411.85647425897037
2ae19629-1a1f-13a3-e055-000000000001,KILFREE,107.14285714285714,15.037593984962406,0.0,3.7593984962406015,26.31578947368421,850.2772643253235,107.20887245841035,0.0,3.7593984962406015,3.7593984962406015,60.150375939849624,413.46153846153845
2ae19629-1a20-13a3-e055-000000000001,ARDSALLAGH,58.06451612903226,0.0,0.0,27.956989247311828,27.956989247311828,738.2978723404256,117.02127659574468,0.0,2.150537634408602,2.150537634408602,68.81720430107526,394.33551198257084
2ae19629-1b86-13a3-e055-000000000001,ENNISCOFFEY,60.74766355140187,9.345794392523365,2.336448598130841,9.345794392523365,28.037383177570092,828.3062645011601,95.1276102088167,0.0,21.02803738317757,4.672897196261682,42.05607476635514,471.0144927536232
2ae19629-1b88-13a3-e055-000000000001,TEMPLEPATRICK,25.510204081632654,15.306122448979592,0.0,10.204081632653061,20.408163265306122,873.7373737373737,90.9090909090909,0.0,10.204081632653061,0.0,25.510204081632654,369.2307692307692
2ae19629-1b90-13a3-e055-000000000001,CENTRE A,42.270531400966185,35.02415458937198,4.830917874396135,101.44927536231884,205.31400966183574,299.21259842519686,184.4769403824522,9.66183574879227,41.06280193236715,74.8792270531401,119.56521739130436,171.6937354988399
2ae19629-1b92-13a3-e055-000000000001,CLEABOY,47.435403008098724,21.982259930582337,4.627844195912071,30.852294639413806,30.466640956421134,762.0689655172414,135.632183908046,2.699575780948708,9.641342074816816,8.098727342846125,65.56112610875434,365.689381933439
2ae19629-1b94-13a3-e055-000000000001,CUSTOM HOUSE B,54.54545454545454,30.303030303030305,39.39393939393939,124.24242424242424,260.6060606060606,289.55223880597015,208.955223880597,0.0,78.78787878787878,78.78787878787878,251.51515151515153,129.90936555891238
2ae19629-1b96-13a3-e055-000000000001,FERRYBANK,37.38317757009346,37.38317757009346,14.018691588785046,44.39252336448598,49.06542056074766,708.8167053364269,164.73317865429235,1.1682242990654206,19.859813084112147,10.514018691588785,115.65420560747664,334.1232227488152
2ae19629-1ba5-13a3-e055-000000000001,KILBARRY,29.87249544626594,48.087431693989075,22.22222222222222,71.76684881602914,100.5464480874317,518.854242204496,147.93328498912257,3.278688524590164,48.81602914389799,55.373406193078324,139.52641165755918,275.5966127790608
2ae19629-1bae-13a3-e055-000000000001,NEWPORT'S SQUARE,46.51162790697674,8.944543828264758,3.5778175313059033,76.92307692307693,53.66726296958855,631.858407079646,157.52212389380531,0.0,17.889087656529515,28.622540250447226,121.64579606440073,283.39350180505414
2ae19629-1a91-13a3-e055-000000000001,EGLISH,60.40268456375839,0.0,0.0,0.0,13.422818791946309,745.0980392156863,45.7516339869281,6.7114093959731544,0.0,0.0,40.26845637583892,369.1275167785235
2ae19629-1a9c-13a3-e055-000000000001,ARTAGH SOUTH,160.17316017316017,0.0,0.0,17.316017316017316,19.48051948051948,844.4924406047516,79.91360691144708,0.0,0.0,0.0,106.06060606060606,396.8609865470852
2ae19629-1a9f-13a3-e055-000000000001,CARRICKMACROSS URBAN,52.33318796336677,28.783253379851722,6.977758395115569,180.54949847361536,68.46925425207152,656.7996567996568,114.11411411411412,3.4888791975577846,30.96380287832534,33.58046227649368,201.91888355865677,321.47621164962203
2ae19629-1aa1-13a3-e055-000000000001,MONAGHAN RURAL,82.55129632575155,36.265309368538254,1.9087004930809608,141.2438364879911,41.51423572451089,721.416315707378,85.94603026048979,19.56418005407985,14.47431207253062,10.975027835215524,199.77731827580723,366.2153449387492
2ae19629-1aa2-13a3-e055-000000000001,MONAGHAN URBAN,62.44343891402715,60.18099547511312,14.479638009049774,219.90950226244343,106.33484162895927,588.1838074398249,126.47702407002187,3.167420814479638,55.65610859728506,19.004524886877828,292.3076923076923,220.4617473970122
2ae19629-1aa3-13a3-e055-000000000001,MULLYASH,264.55026455026456,0.0,0.0,13.227513227513226,7.936507936507936,471.0526315789474,31.578947368421055,0.0,0.0,2.6455026455026456,47.61904761904761,229.05027932960894
2ae19629-1aa4-13a3-e055-000000000001,GALLEN,37.671232876712324,8.561643835616438,0.0,3.4246575342465753,8.561643835616438,872.4489795918367,76.53061224489797,10.273972602739725,1.7123287671232876,3.4246575342465753,23.972602739726025,282.72251308900525
2ae19629-1aa7-13a3-e055-000000000001,ATHLEAGUE WEST,82.37232289950576,32.948929159802304,1.6474464579901154,54.365733113673805,54.365733113673805,780.327868852459,75.40983606557377,0.0,13.179571663920923,4.942339373970346,148.27018121911036,361.6298811544992
2ae19629-1a2f-13a3-e055-000000000001,KILLUKIN,56.939501779359425,10.676156583629894,0.0,17.793594306049823,14.234875444839856,900.709219858156,81.56028368794327,0.0,3.558718861209964,0.0,67.61565836298932,450.90909090909093
2ae19629-1a33-13a3-e055-000000000001,BALLYSADARE EAST,65.79898770788142,18.076644974692698,4.3383947939262475,19.522776572668114,21.691973969631235,742.6099495313626,113.19394376351838,7.230657989877079,12.292118582791034,7.230657989877079,48.44540853217643,382.70676691729324
2ae19629-1a34-13a3-e055-000000000001,BALLYSADARE WEST,72.02216066481995,2.770083102493075,0.0,5.54016620498615,22.1606648199446,759.0027700831025,99.7229916897507,2.770083102493075,0.0,0.0,38.78116343490304,464.18338108882523
2ae19629-1a41-13a3-e055-000000000001,BRACKNAGH,35.149384885764505,10.54481546572935,0.0,13.181019332161688,20.210896309314588,710.7800175284838,80.63102541630148,0.0,0.8787346221441125,1.757469244288225,43.057996485061516,365.76576576576576
2ae19629-1a52-13a3-e055-000000000001,RATHROBIN,45.7516339869281,0.0,0.0,2.1786492374727673,15.250544662309368,919.7396963123645,43.38394793926247,0.0,0.0,0.0,32.67973856209151,355.85585585585585
2ae19629-1a60-13a3-e055-000000000001,SEIRKIERAN,32.25806451612903,6.048387096774193,0.0,4.032258064516129,14.112903225806452,887.3239436619718,40.241448692152915,0.0,2.0161290322580645,0.0,32.25806451612903,430.062630480167
2ae19629-1a62-13a3-e055-000000000001,SHANNONHARBOUR,44.44444444444444,0.0,0.0,8.333333333333334,25.0,837.4655647382921,90.9090909090909,0.0,2.7777777777777777,0.0,22.22222222222222,385.0574712643678
2ae19629-1a64-13a3-e055-000000000001,ANKETELL GROVE,152.4486571879937,3.9494470774091623,0.0,48.183254344391784,7.109004739336492,863.8497652582159,38.341158059467915,0.7898894154818326,1.5797788309636651,0.7898894154818326,63.1911532385466,423.0132450331126
2ae19629-1bb8-13a3-e055-000000000001,PARK,47.896440129449836,39.48220064724919,20.06472491909385,129.44983818770226,165.6957928802589,409.06230333543107,237.25613593455003,1.941747572815534,57.60517799352751,24.59546925566343,211.6504854368932,253.06649451258878
2ae19629-1bb9-13a3-e055-000000000001,POLEBERRY,47.83163265306122,30.612244897959183,19.13265306122449,86.09693877551021,119.89795918367346,453.13469894475486,254.50031036623216,1.2755102040816326,42.09183673469388,37.62755102040816,139.03061224489795,272.89955780164246
2ae19629-1bbe-13a3-e055-000000000001,TICOR NORTH,39.56148713060057,8.102955195424213,5.243088655862726,40.03813155386082,46.23450905624404,769.0848743480321,131.81602655286866,0.9532888465204957,37.178265014299335,10.009532888465206,61.48713060057197,341.40435835351093
2ae19629-1bc2-13a3-e055-000000000001,GLENLOUGH,34.48275862068965,5.747126436781609,0.0,5.747126436781609,28.735632183908045,795.4545454545454,147.72727272727275,0.0,0.0,0.0,57.47126436781609,411.7647058823529
2ae19629-1bd1-13a3-e055-000000000001,HILLTOWN,69.34306569343066,7.299270072992701,0.0,43.79562043795621,36.4963503649635,731.8840579710145,152.17391304347828,0.0,3.6496350364963503,0.0,98.54014598540147,390.3345724907063
2ae19629-1bd6-13a3-e055-000000000001,KNOCKAUNBRANDAUN,60.0,0.0,0.0,5.0,15.0,832.5358851674641,114.83253588516747,5.0,0.0,10.0,45.0,427.8606965174129
2ae19629-1bdd-13a3-e055-000000000001,HOPESTOWN,46.181172291296626,0.0,0.0,28.41918294849023,30.19538188277087,807.0175438596491,122.80701754385964,0.0,7.104795737122558,3.552397868561279,49.733570159857905,497.2875226039783
2ae19629-1be6-13a3-e055-000000000001,COOLAGARRANROE,67.96116504854369,3.236245954692557,1.6181229773462784,16.181229773462782,19.41747572815534,850.4823151125403,99.67845659163987,6.472491909385114,1.6181229773462784,0.0,63.10679611650485,395.3098827470687
2ae19629-1aac-13a3-e055-000000000001,NEWBLISS,110.25358324145535,5.512679162072767,0.0,33.07607497243661,15.435501653803748,795.20697167756,70.80610021786492,1.1025358324145536,1.1025358324145536,6.615214994487321,48.511576626240355,431.84421534937
2ae19629-1ab4-13a3-e055-000000000001,CHURCH HILL,247.98927613941018,5.361930294906166,0.0,26.80965147453083,24.128686327077748,787.433155080214,61.49732620320856,0.0,0.0,6.702412868632708,50.938337801608576,350.0
2ae19629-1ac3-13a3-e055-000000000001,SHESKIN,119.11764705882352,0.0,0.0,10.294117647058824,20.58823529411765,915.0805270863837,48.31625183016106,0.0,2.941176470588235,4.411764705882353,19.117647058823533,397.23926380368096
2ae19629-1ac5-13a3-e055-000000000001,TEDAVNET,109.89010989010988,2.997002997002997,0.0,29.970029970029973,21.978021978021978,880.952380952381,55.55555555555555,0.999000999000999,0.999000999000999,0.0,45.95404595404595,476.19047619047615
2ae19629-1aca-13a3-e055-000000000001,BALLYFARNAN,109.02255639097744,0.0,0.0,22.55639097744361,18.796992481203006,778.5977859778598,99.6309963099631,0.0,0.0,3.7593984962406015,82.70676691729322,298.44961240310073
2ae19629-1acf-13a3-e055-000000000001,TEHALLAN,175.94654788418708,6.6815144766147,0.0,45.657015590200444,21.158129175946545,782.3204419889503,93.92265193370166,0.0,3.34075723830735,0.0,69.04231625835189,409.87370838117107
2ae19629-1ad0-13a3-e055-000000000001,TULLYCORBET,100.76335877862596,0.0,0.0,10.68702290076336,4.580152671755726,796.3525835866262,36.4741641337386,4.580152671755726,0.0,1.5267175572519083,18.320610687022903,356.3579277864992
2ae19629-1ad5-13a3-e055-000000000001,BALLYGARDEN,135.13513513513513,9.00900900900901,0.0,13.513513513513514,22.52252252252252,807.1748878923767,147.98206278026908,0.0,0.0,0.0,130.63063063063063,429.24528301886795
2ae19629-1a65-13a3-e055-000000000001,ANNAYALLA,187.61061946902655,8.849557522123893,0.0,14.15929203539823,7.079646017699115,872.3776223776224,50.69930069930069,0.0,1.7699115044247788,0.0,44.24778761061947,345.38878842676314
2ae19629-1a6f-13a3-e055-000000000001,BALLYBAY RURAL,85.80441640378548,10.094637223974765,0.0,102.20820189274447,33.4384858044164,741.368487131199,94.78970495919648,3.1545741324921135,7.570977917981073,9.46372239747634,155.20504731861197,292.6829268292683
2ae19629-1a77-13a3-e055-000000000001,TEMPLEHARRY,60.46511627906977,23.25581395348837,0.0,18.6046511627907,41.860465116279066,646.5116279069767,158.13953488372093,0.0,0.0,23.25581395348837,65.11627906976744,382.7751196172249
2ae19629-1a78-13a3-e055-000000000001,TINAMUCK,43.333333333333336,13.333333333333334,0.0,3.3333333333333335,13.333333333333334,893.3333333333333,66.66666666666667,0.0,0.0,3.3333333333333335,23.333333333333336,376.71232876712327
2ae19629-1a79-13a3-e055-000000000001,TINNYCROSS,45.16129032258064,6.451612903225806,0.0,4.301075268817204,4.301075268817204,835.1177730192719,113.49036402569592,0.0,0.0,0.0,15.053763440860216,459.51859956236325
2ae19629-1a82-13a3-e055-000000000001,DRUMCULLEN,22.123893805309734,13.274336283185841,0.0,13.274336283185841,19.911504424778762,894.2731277533039,68.28193832599119,22.123893805309734,0.0,0.0,42.0353982300885,418.013856812933
2ae19629-1a83-13a3-e055-000000000001,DUNKERRIN,28.645833333333332,18.229166666666668,0.0,13.020833333333334,20.833333333333332,851.9480519480519,36.36363636363636,2.6041666666666665,0.0,0.0,59.895833333333336,504.04312668463615
2ae19629-1a8b-13a3-e055-000000000001,KILMURRY,163.3587786259542,3.0534351145038165,0.0,4.580152671755726,6.106870229007633,907.3243647234679,32.884902840059794,0.0,0.0,0.0,12.213740458015266,367.34693877551024
2ae19629-1bee-13a3-e055-000000000001,CLONEA,60.09615384615385,0.0,0.0,0.0,4.807692307692308,900.0,57.14285714285714,0.0,0.0,0.0,24.03846153846154,391.72749391727496
2ae19629-1bf1-13a3-e055-000000000001,CURRAHEEN,31.141868512110726,3.4602076124567476,0.0,24.22145328719723,44.98269896193772,848.7972508591065,116.83848797250859,0.0,0.0,0.0,51.903114186851205,510.4895104895105
2ae19629-1bf8-13a3-e055-000000000001,BALLYMURREEN,21.008403361344538,0.0,0.0,4.201680672268908,25.210084033613445,813.2780082987551,70.53941908713693,4.201680672268908,0.0,0.0,29.41176470588235,446.35193133047215
2ae19629-1bf9-13a3-e055-000000000001,BALLYNACLOGH,80.86253369272237,5.3908355795148255,0.0,8.086253369272237,14.824797843665769,869.7986577181208,69.7986577181208,0.0,4.0431266846361185,1.3477088948787064,40.43126684636118,569.4249649368865
2ae19629-1bfa-13a3-e055-000000000001,BALLYPHILIP,63.725490196078425,0.0,0.0,4.901960784313726,14.705882352941176,882.9268292682926,56.09756097560976,0.0,4.901960784313726,2.450980392156863,34.313725490196084,379.0523690773067
2ae19629-1bfe-13a3-e055-000000000001,KILNANEAVE,36.8763557483731,8.676789587852495,0.0,6.507592190889371,10.845986984815617,822.7848101265823,90.71729957805907,0.0,0.0,0.0,45.5531453362256,423.9130434782609
2ae19629-1c06-13a3-e055-000000000001,DROM,61.82121971595655,4.177109440267335,0.835421888053467,0.0,7.518796992481203,878.7128712871287,51.980198019801975,9.189640768588136,1.670843776106934,0.0,26.733500417710943,504.2301184433164
2ae19629-1c0c-13a3-e055-000000000001,TEMPLENEIRY,91.5032679738562,0.0,0.0,10.893246187363834,32.67973856209151,839.4793926247288,123.64425162689804,0.0,2.1786492374727673,2.1786492374727673,45.7516339869281,430.49327354260095
2ae19629-1ad6-13a3-e055-000000000001,BALLYNAMONA,31.135531135531135,1.8315018315018314,0.0,9.157509157509159,16.483516483516485,873.8574040219378,58.50091407678245,0.0,10.989010989010989,0.0,36.630036630036635,415.3846153846154
2ae19629-1ad7-13a3-e055-000000000001,BASLICK,210.88435374149662,0.0,0.0,13.605442176870747,27.210884353741495,850.3401360544217,102.04081632653062,0.0,0.0,0.0,108.84353741496598,375.0
2ae19629-1add-13a3-e055-000000000001,BALLYBURLY,50.68790731354091,15.206372194062274,0.0,10.861694424330196,17.378711078928312,815.5619596541786,68.44380403458213,0.724112961622013,0.724112961622013,7.24112961622013,41.99855177407676,313.43283582089555
2ae19629-1ae8-13a3-e055-000000000001,BALLYCOMMON,47.54601226993865,0.0,0.0,13.803680981595091,27.607361963190183,839.1502276176024,78.90743550834597,0.0,1.5337423312883436,12.269938650306749,53.68098159509203,383.1775700934579
2ae19629-1af5-13a3-e055-000000000001,BANAGHER,46.86078252957234,25.477707006369428,6.369426751592357,63.23930846223839,25.477707006369428,801.8058690744922,68.62302483069978,19.108280254777068,9.554140127388534,5.45950864422202,78.25295723384895,330.8446103593094
2ae19629-1afd-13a3-e055-000000000001,CARNAGH,64.43914081145586,5.966587112171838,0.0,10.739856801909307,10.739856801909307,881.0939357907254,64.20927467300832,0.0,0.0,1.1933174224343677,34.60620525059666,514.8148148148148
2ae19629-1b0d-13a3-e055-000000000001,KILLINURE,47.21030042918455,0.0,0.0,12.875536480686696,27.89699570815451,855.0106609808103,89.55223880597015,0.0,0.0,2.1459227467811157,40.7725321888412,439.82494529540486
2ae19629-1b15-13a3-e055-000000000001,MOTHEL,51.224944320712694,4.4543429844097995,0.0,11.135857461024498,17.817371937639198,895.87852494577,84.59869848156181,0.0,2.2271714922048997,0.0,37.8619153674833,476.61469933184856
2ae19629-1a8c-13a3-e055-000000000001,KILTYBEGS,106.14525139664805,2.793296089385475,0.0,1.3966480446927374,15.363128491620111,932.9608938547485,34.91620111731844,0.0,1.3966480446927374,5.58659217877095,19.553072625698324,335.80980683506687
2ae19629-1a8f-13a3-e055-000000000001,EDENDERRY RURAL,51.9774011299435,7.909604519774011,0.0,12.429378531073446,14.689265536723164,757.3033707865169,73.03370786516854,0.0,1.1299435028248588,0.0,29.37853107344633,372.84234752589185
2ae19629-1a95-13a3-e055-000000000001,CARRICKASLANE,162.69284712482468,7.012622720897616,0.0,36.4656381486676,16.830294530154276,770.6293706293707,50.349650349650354,0.0,8.415147265077138,0.0,60.308555399719495,391.24087591240874
2ae19629-1a9d-13a3-e055-000000000001,ATHLEAGUE EAST,90.37328094302555,19.646365422396855,0.0,3.929273084479371,21.611001964636543,868.6274509803922,94.11764705882352,0.0,0.0,1.9646365422396854,68.762278978389,453.0612244897959
2ae19629-1aa5-13a3-e055-000000000001,GEASHILL,41.868932038834956,3.0339805825242716,0.0,14.563106796116505,7.888349514563107,825.1959011452682,74.7438215792646,0.6067961165048543,1.2135922330097086,0.6067961165048543,36.40776699029126,374.7645951035782
2ae19629-1aa6-13a3-e055-000000000001,GORTEEN,63.15789473684211,0.0,0.0,7.017543859649123,28.070175438596493,821.3058419243986,89.34707903780068,0.0,3.5087719298245617,0.0,42.10526315789473,431.57894736842104
2ae19629-1aad-13a3-e055-000000000001,RACKWALLACE,136.64596273291926,0.0,0.0,20.70393374741201,18.633540372670808,682.7515400410678,39.01437371663245,0.0,2.070393374741201,1.0351966873706004,39.33747412008282,433.94199785177227
2ae19629-1ab3-13a3-e055-000000000001,BALLAGHADERREEN,95.5334987593052,17.990074441687344,8.6848635235732,99.87593052109182,121.27791563275434,647.5107559926245,92.80885064535956,33.80893300248139,113.21339950372209,6.513647642679901,136.47642679900744,316.5537270087125
2ae19629-1c24-13a3-e055-000000000001,TIPPERARY WEST URBAN,44.13928396272683,32.85924472780775,4.904364884747425,77.48896517900931,72.58460029426189,726.428920371275,106.98583292623351,14.713094654242276,22.069641981363414,2.4521824423737124,154.4874938695439,353.06019221041987
2ae19629-1c27-13a3-e055-000000000001,BRUIS,45.59270516717325,0.0,0.0,21.27659574468085,15.197568389057752,897.8978978978979,36.03603603603604,0.0,0.0,3.0395136778115504,30.395136778115504,571.4285714285714
2ae19629-1c31-13a3-e055-000000000001,BURNCOURT,72.03389830508475,0.0,0.0,4.237288135593221,23.305084745762713,868.6440677966102,80.50847457627118,0.0,2.1186440677966103,0.0,50.84745762711865,480.34934497816596
2ae19629-1c38-13a3-e055-000000000001,TULLAGHORTON,84.7457627118644,0.0,0.0,20.338983050847457,10.169491525423728,882.1548821548821,77.44107744107744,10.169491525423728,0.0,3.389830508474576,74.57627118644068,319.4444444444444
2ae19629-1c39-13a3-e055-000000000001,TULLAMAIN,65.71428571428571,8.571428571428571,7.142857142857142,34.285714285714285,22.857142857142858,803.1161473087819,73.65439093484419,5.714285714285714,15.714285714285715,2.857142857142857,85.71428571428571,403.7626628075253
2ae19629-1c3b-13a3-e055-000000000001,CAPPAGH,56.82951146560319,6.979062811565304,0.0,9.970089730807578,17.94616151545364,862.8230616302187,80.5168986083499,0.0,0.0,1.9940179461615153,38.88334995014955,460.2510460251046
2ae19629-1c3c-13a3-e055-000000000001,CARRICK-on-SUIR RURAL,81.55339805825243,15.533980582524272,0.0,11.650485436893204,11.650485436893204,829.1262135922331,106.79611650485437,13.592233009708737,0.0,0.0,73.7864077669903,441.7670682730924
2ae19629-1c40-13a3-e055-000000000001,GRAIGUE,19.736842105263158,0.0,0.0,6.578947368421052,0.0,851.6129032258063,51.61290322580645,6.578947368421052,0.0,0.0,13.157894736842104,469.38775510204084
2ae19629-1b1c-13a3-e055-000000000001,LACKAN,57.85123966942149,0.0,0.0,16.528925619834713,24.793388429752067,768.595041322314,157.02479338842974,0.0,0.0,0.0,66.11570247933885,576.271186440678
2ae19629-1b1e-13a3-e055-000000000001,COLLIGAN,77.88595271210013,2.7816411682892905,0.0,11.126564673157162,33.379694019471486,842.1052631578947,96.95290858725762,0.0,8.344923504867872,1.3908205841446453,62.58692628650904,557.2842998585573
2ae19629-1b20-13a3-e055-000000000001,COUMARAGLIN,101.88679245283019,0.0,0.0,18.867924528301884,3.7735849056603774,850.7462686567164,104.4776119402985,0.0,0.0,0.0,60.37735849056604,505.7471264367817
2ae19629-1b24-13a3-e055-000000000001,BALLYNAGORE,50.72463768115942,1.8115942028985508,0.0,5.434782608695652,18.115942028985508,826.7148014440432,102.88808664259928,1.8115942028985508,5.434782608695652,1.8115942028985508,23.55072463768116,421.55009451795837
2ae19629-1b2a-13a3-e055-000000000001,MOUNT TEMPLE,68.82591093117409,4.048582995951417,0.0,25.64102564102564,21.59244264507422,835.8008075370121,96.90444145356662,0.0,4.048582995951417,1.3495276653171389,72.8744939271255,416.7832167832168
2ae19629-1b2f-13a3-e055-000000000001,RATHGORMUCK,54.39330543933055,0.0,0.0,0.0,121.33891213389121,815.8995815899581,71.12970711297072,0.0,8.368200836820083,0.0,138.0753138075314,431.1111111111111
2ae19629-1b31-13a3-e055-000000000001,BOHERQUILL,81.96721311475409,0.0,0.0,16.393442622950822,5.46448087431694,721.3114754098361,98.36065573770492,0.0,5.46448087431694,0.0,131.14754098360658,435.0282485875706
2ae19629-1b39-13a3-e055-000000000001,DUNGARVAN No. 1 URBAN,67.06467661691542,46.96517412935324,15.522388059701491,40.19900497512438,43.78109452736319,715.2097216777734,131.5170521364171,14.925373134328359,28.457711442786067,7.761194029850746,128.95522388059703,333.40056474384835
2ae19629-1ab8-13a3-e055-000000000001,SCOTSTOWN,117.69616026711185,3.33889816360601,0.8347245409015025,4.173622704507513,17.529215358931552,906.4569536423841,31.456953642384107,0.8347245409015025,1.669449081803005,0.8347245409015025,12.520868113522537,474.09326424870466
2ae19629-1ab9-13a3-e055-000000000001,KILCLONFERT,55.80357142857143,0.0,0.0,15.625,15.625,904.0178571428571,69.19642857142857,0.0,0.0,2.232142857142857,31.25,408.4507042253521
2ae19629-1abf-13a3-e055-000000000001,CLONTIBRET,219.66794380587484,3.8314176245210727,0.0,12.77139208173691,10.217113665389528,676.7676767676768,35.35353535353535,0.0,0.0,0.0,34.48275862068965,439.31398416886543
2ae19629-1ac0-13a3-e055-000000000001,CORMEEN,51.330798479087456,3.802281368821293,0.0,26.61596958174905,7.604562737642586,810.246679316888,41.745730550284634,5.7034220532319395,0.0,5.7034220532319395,32.31939163498099,385.0687622789784
2ae19629-1ac1-13a3-e055-000000000001,CORRACHARRA,93.45794392523364,3.115264797507788,0.0,37.38317757009346,21.806853582554517,879.2569659442725,27.86377708978328,0.0,9.345794392523365,15.576323987538942,71.65109034267913,368.93203883495147
2ae19629-1ac6-13a3-e055-000000000001,KILCUMRERAGH,52.44122965641953,0.0,0.0,7.2332730560578655,7.2332730560578655,880.6509945750453,77.75768535262206,1.8083182640144664,0.0,0.0,23.508137432188065,438.56332703213616
2ae19629-1ada-13a3-e055-000000000001,AGHANCON,68.30601092896175,13.66120218579235,0.0,13.66120218579235,16.393442622950822,722.3719676549865,56.60377358490566,0.0,8.196721311475411,0.0,65.57377049180329,387.18662952646235
2ae19629-1ade-13a3-e055-000000000001,KNOCKDRIN,56.12244897959184,30.612244897959183,0.0,5.1020408163265305,25.510204081632654,813.1313131313132,101.01010101010101,5.1020408163265305,0.0,0.0,71.42857142857143,379.48717948717945
2ae19629-1c4c-13a3-e055-000000000001,MAGORBAN,57.74647887323943,9.859154929577466,8.450704225352112,21.12676056338028,26.76056338028169,882.8451882845188,73.91910739191074,1.4084507042253522,21.12676056338028,0.0,57.74647887323943,421.05263157894734
2ae19629-1c5e-13a3-e055-000000000001,CLOGHER,83.33333333333333,4.166666666666667,0.0,4.166666666666667,37.5,855.3719008264463,70.24793388429752,4.166666666666667,8.333333333333334,4.166666666666667,62.5,486.95652173913044
2ae19629-1c66-13a3-e055-000000000001,BALLYDURN,72.81553398058252,0.0,0.0,0.0,9.70873786407767,801.9323671497584,125.60386473429952,0.0,0.0,0.0,43.689320388349515,520.0
2ae19629-1c71-13a3-e055-000000000001,NEW BIRMINGHAM,77.9510022271715,4.4543429844097995,0.0,11.135857461024498,13.3630289532294,792.0353982300885,95.13274336283186,6.6815144766147,6.6815144766147,2.2271714922048997,64.5879732739421,287.67123287671234
2ae19629-1c82-13a3-e055-000000000001,KILKEARY,36.30862329803328,0.0,1.5128593040847202,4.53857791225416,15.128593040847202,885.3695324283559,52.790346907993964,0.0,1.5128593040847202,0.0,36.30862329803328,490.59561128526644
2ae19629-1c8a-13a3-e055-000000000001,BALLYSAGGARTMORE,81.00558659217877,8.379888268156424,0.0,19.553072625698324,13.966480446927374,829.2011019283747,93.66391184573003,2.793296089385475,0.0,2.793296089385475,89.3854748603352,439.09348441926346
2ae19629-1c94-13a3-e055-000000000001,RATHCABBAN,61.29032258064516,16.129032258064516,22.58064516129032,9.67741935483871,9.67741935483871,832.7974276527332,86.81672025723473,3.225806451612903,48.387096774193544,0.0,70.96774193548387,393.83561643835617
2ae19629-1ca4-13a3-e055-000000000001,STILLORGAN-MOUNT MERRION,46.77152317880795,1.6556291390728477,9.105960264900663,22.350993377483444,68.70860927152319,739.4683026584868,180.3680981595092,0.0,40.97682119205298,2.4834437086092715,48.42715231788079,572.2105263157895
2ae19629-1b3b-13a3-e055-000000000001,DUNGARVAN RURAL,75.51707551707551,35.11303511303511,21.164021164021165,39.92303992303992,36.55603655603656,787.2137404580153,117.84351145038167,8.177008177008176,32.22703222703223,2.405002405002405,112.07311207311207,447.2636815920398
2ae19629-1b44-13a3-e055-000000000001,MULTYFARNHAM,57.1870170015456,9.27357032457496,6.182380216383307,15.45595054095827,57.1870170015456,791.1585365853658,106.70731707317073,1.5455950540958268,27.820710973724886,6.182380216383307,61.82380216383308,395.8990536277602
2ae19629-1b49-13a3-e055-000000000001,FEWS,58.011049723756905,2.7624309392265194,0.0,13.812154696132596,27.624309392265193,804.289544235925,128.686327077748,0.0,8.287292817679557,0.0,44.19889502762431,465.9090909090909
2ae19629-1b4e-13a3-e055-000000000001,OWEL,49.14529914529914,2.136752136752137,0.0,6.41025641025641,25.64102564102564,862.5,91.66666666666666,0.0,2.136752136752137,0.0,8.547008547008549,476.19047619047615
2ae19629-1b59-13a3-e055-000000000001,CLONFAD,44.668587896253605,1.440922190201729,0.0,12.968299711815563,8.645533141210375,740.3156384505022,54.519368723099,1.440922190201729,0.0,0.0,38.90489913544669,392.6470588235294
2ae19629-1b5a-13a3-e055-000000000001,RAHUGH,32.67973856209151,13.071895424836601,0.0,13.071895424836601,13.071895424836601,851.6129032258063,74.19354838709677,0.0,0.0,0.0,35.947712418300654,446.66666666666663
2ae19629-1b5f-13a3-e055-000000000001,GLENWILLIAM,86.29441624365482,0.0,0.0,0.0,20.30456852791878,857.8680203045685,96.44670050761421,0.0,5.076142131979695,0.0,60.91370558375635,478.494623655914
2ae19629-1b62-13a3-e055-000000000001,TINNASAGGART,118.27956989247312,0.0,0.0,0.0,0.0,903.2258064516129,43.01075268817205,21.505376344086024,0.0,0.0,43.01075268817205,449.438202247191
2ae19629-1ae0-13a3-e055-000000000001,LETTER,74.53416149068323,0.0,0.0,18.633540372670808,12.422360248447204,857.1428571428571,124.22360248447205,0.0,0.0,0.0,68.32298136645963,348.6842105263158
2ae19629-1ae1-13a3-e055-000000000001,LUMCLOON,43.22766570605187,17.29106628242075,8.645533141210375,14.40922190201729,23.054755043227665,878.1869688385269,56.657223796033996,0.0,8.645533141210375,0.0,51.87319884726225,226.7441860465116
2ae19629-1ae2-13a3-e055-000000000001,BELLANAGARE,175.1085383502171,2.894356005788712,0.0,14.47178002894356,20.260492040520983,789.3217893217893,121.21212121212122,1.447178002894356,4.341534008683069,0.0,120.11577424023154,364.17910447761193
2ae19629-1ae6-13a3-e055-000000000001,DERRYGORRY,232.8767123287671,13.698630136986301,0.0,6.8493150684931505,20.54794520547945,876.7123287671233,78.76712328767123,0.0,0.0,3.4246575342465753,51.36986301369863,345.19572953736656
2ae19629-1af1-13a3-e055-000000000001,CALTRAGH,39.42652329749104,0.0,0.0,3.5842293906810037,14.336917562724015,856.6308243727599,68.10035842293907,0.0,3.5842293906810037,0.0,14.336917562724015,488.72180451127815
2ae19629-1af7-13a3-e055-000000000001,BAWN,45.3257790368272,5.6657223796034,0.0,2.8328611898017,25.495750708215297,827.1954674220963,70.8215297450425,0.0,2.8328611898017,0.0,31.161473087818695,326.6475644699141
2ae19629-1afe-13a3-e055-000000000001,CARROWDUFF,61.320754716981135,9.433962264150942,0.0,37.73584905660377,42.45283018867924,811.3207547169811,66.0377358490566,0.0,0.0,4.716981132075471,89.62264150943396,405.7971014492754
2ae19629-1b05-13a3-e055-000000000001,KILCUMNY,59.3607305936073,9.1324200913242,9.1324200913242,36.5296803652968,31.963470319634702,764.4444444444445,106.66666666666667,0.0,22.831050228310502,4.5662100456621,54.794520547945204,330.2325581395349
2ae19629-1cbe-13a3-e055-000000000001,BLACKROCK-CARYSFORT,57.226467241099,6.8281580230856775,38.042594700048774,49.58543326288408,105.18614859372461,597.8818998716304,232.99101412066753,0.3251503820516989,88.60347910908796,4.714680539749635,97.54511461550968,455.1186328189812
2ae19629-1cc3-13a3-e055-000000000001,BLACKROCK-TEMPLEHILL,64.25992779783394,6.859205776173286,11.91335740072202,42.96028880866426,98.91696750902527,568.6832740213523,288.2562277580071,9.386281588447654,39.35018050541516,9.386281588447654,89.16967509025271,433.72606774668634
2ae19629-1cc5-13a3-e055-000000000001,BLANCHARDSTOWN-ABBOTSTOWN,23.581997533908755,48.55117139334155,56.41183723797781,110.51171393341554,187.11467324291,521.9050526637154,150.6640207601893,35.604192355117135,173.70530209617758,39.30332922318126,228.4217016029593,253.7812450246776
2ae19629-1cc6-13a3-e055-000000000001,BLANCHARDSTOWN-BLAKESTOWN,26.5077876632436,27.925805640052147,32.75164101273929,105.98540813759348,141.18427372321204,510.830201571575,142.01116046008428,2.2871257690460403,104.72748896461817,50.4768657228461,195.29766941884134,320.86931764259276
2ae19629-1cdd-13a3-e055-000000000001,BLANCHARDSTOWN-MULHUDDART,22.911694510739856,48.44868735083532,20.763723150357993,135.56085918854416,205.72792362768496,473.097890495378,111.40080587817017,13.60381861575179,109.78520286396181,95.22673031026254,258.472553699284,236.40372366487017
2ae19629-1ce0-13a3-e055-000000000001,BOHERNABREENA,35.43586109142452,11.693834160170093,11.51665485471297,26.39971651311127,46.42097802976612,687.2355430183356,168.89985895627643,2.834868887313962,27.462792345854005,13.465627214741318,64.13890857547838,367.61163609412637
2ae19629-1ce5-13a3-e055-000000000001,CASTLEKNOCK-KNOCKMAROON,40.98124098124098,16.450216450216452,14.18951418951419,67.82106782106783,109.09090909090908,612.4385939810178,181.66642819669005,1.2506012506012505,63.395863395863394,15.295815295815297,136.4117364117364,444.37283093703525
2ae19629-1ce6-13a3-e055-000000000001,TERENURE-GREENTREES,41.4809736030168,3.0853616729516626,5.142269454919438,15.426808364758314,47.30887898525882,677.4084124830395,242.19810040705565,0.34281796366129585,20.226259856016455,3.7709976002742542,47.99451491258142,420.88718127837933
2ae19629-1b65-13a3-e055-000000000001,COLLINSTOWN,67.54530477759472,19.769357495881383,0.0,21.4168039538715,56.01317957166392,777.0491803278688,98.36065573770492,0.0,3.2948929159802307,1.6474464579901154,112.02635914332784,386.8243243243243
2ae19629-1b69-13a3-e055-000000000001,RUSSELLSTOWN,60.60606060606061,11.363636363636363,0.0,5.681818181818182,18.93939393939394,900.7490636704119,50.561797752808985,0.0,3.787878787878788,1.893939393939394,30.303030303030305,494.20849420849424
2ae19629-1b72-13a3-e055-000000000001,DELVIN,66.60746003552399,14.209591474245116,3.552397868561279,41.740674955595026,63.94316163410302,719.8237885462555,126.87224669603525,0.0,23.090586145648313,27.531083481349913,105.68383658969805,295.24680073126143
2ae19629-1b75-13a3-e055-000000000001,STONEHALL,89.74358974358974,0.0,0.0,4.273504273504274,12.82051282051282,860.1694915254237,46.610169491525426,0.0,0.0,0.0,25.64102564102564,468.75
2ae19629-1b77-13a3-e055-000000000001,STREET,97.01492537313433,7.462686567164179,0.0,14.925373134328359,37.31343283582089,727.6119402985075,104.4776119402985,7.462686567164179,3.7313432835820897,3.7313432835820897,97.01492537313433,320.4633204633205
2ae19629-1b7b-13a3-e055-000000000001,KILBARRY,114.75409836065575,0.0,16.393442622950822,4.0983606557377055,61.47540983606557,604.0816326530612,200.0,0.0,57.37704918032787,0.0,32.786885245901644,518.8284518828452
2ae19629-1b7c-13a3-e055-000000000001,KILBARRYMEADEN,68.08510638297872,8.51063829787234,0.0,12.76595744680851,10.638297872340425,753.7154989384289,174.09766454352442,0.0,2.127659574468085,0.0,57.4468085106383,354.2116630669546
2ae19629-1b81-13a3-e055-000000000001,BALLYMACLODE,64.11258795934324,0.7818608287724785,13.291634089132135,30.492572322126662,44.56606724003127,734.9768875192603,144.0677966101695,0.7818608287724785,33.620015637216575,10.946051602814698,56.29397967161845,476.53142402545745
2ae19629-1b0c-13a3-e055-000000000001,KILLARE,62.67029972752043,0.0,0.0,13.623978201634877,16.34877384196185,867.2086720867209,86.72086720867209,2.7247956403269753,0.0,0.0,46.32152588555858,450.4249291784703
2ae19629-1b17-13a3-e055-000000000001,MOUNTSTUART,33.333333333333336,0.0,0.0,0.0,11.11111111111111,788.8888888888889,11.11111111111111,0.0,0.0,0.0,55.55555555555555,453.4883720930232
2ae19629-1b22-13a3-e055-000000000001,NEWTOWN,57.76892430278884,0.0,0.0,3.9840637450199203,9.9601593625498,874.5019920318725,69.7211155378486,1.9920318725099602,1.9920318725099602,0.0,23.904382470119522,395.8762886597938
2ae19629-1b37-13a3-e055-000000000001,MULLINGAR RURAL,51.34410925749849,30.512576713631255,8.384475754170628,64.65554499092401,72.5213933788573,707.2122410384252,107.96870970514914,20.140029388884088,37.514046157835594,24.37548621315585,126.11288789005101,360.3311735061195
2ae19629-1b3c-13a3-e055-000000000001,DUNHILL,69.0909090909091,0.0,3.6363636363636362,32.72727272727273,7.2727272727272725,800.7246376811594,119.56521739130436,0.0,7.2727272727272725,0.0,43.63636363636364,522.5563909774437
2ae19629-1b3d-13a3-e055-000000000001,REISK,46.29629629629629,1.5432098765432098,0.0,5.401234567901234,27.00617283950617,805.2147239263804,121.16564417177914,3.0864197530864197,7.716049382716049,5.401234567901234,25.462962962962962,452.9644268774704
2ae19629-1b41-13a3-e055-000000000001,CASTLEDALY,41.55844155844156,1.2987012987012987,3.896103896103896,2.5974025974025974,23.376623376623378,865.6330749354005,68.47545219638243,11.688311688311689,3.896103896103896,2.5974025974025974,16.88311688311688,413.6054421768707
2ae19629-1b48-13a3-e055-000000000001,FENOAGH,64.1025641025641,0.0,0.0,0.0,4.273504273504274,868.6440677966102,63.559322033898304,0.0,0.0,0.0,17.094017094017097,526.7857142857143
2ae19629-1ce8-13a3-e055-000000000001,THE WARD,19.60635306634243,56.61524431947716,51.9796337107683,115.35830990196823,187.85622007751348,444.8792234178644,125.21634434494693,6.231476555969299,162.55034577095523,82.90903564100616,229.34873470628466,280.2016065522129
2ae19629-1cee-13a3-e055-000000000001,ARRAN QUAY D,59.55334987593052,17.679900744416873,13.337468982630272,125.93052109181141,124.68982630272953,378.4764207980653,282.64812575574365,2.1712158808933,24.193548387096772,21.712158808933,131.82382133995037,233.6129232680957
2ae19629-1d04-13a3-e055-000000000001,AYRFIELD,34.13964659461314,11.837364899639732,13.896037056098816,32.42408646423057,42.71744724652599,727.78441071124,134.91386662118367,2.401784182535598,30.536970320809743,7.891576599759821,58.15748841996912,302.0028109627547
2ae19629-1d0a-13a3-e055-000000000001,BALLYGALL D,37.390612569610184,13.92203659506762,2.7844073190135243,35.40175019888623,46.53937947494033,669.833729216152,206.25494853523358,0.3977724741447892,17.899761336515514,4.773269689737471,72.39459029435163,370.26476578411405
2ae19629-1d1f-13a3-e055-000000000001,DALKEY-AVONDALE,75.08771929824562,2.1052631578947367,1.4035087719298245,16.140350877192983,57.54385964912281,604.5865184155663,241.13968033356497,0.0,14.736842105263158,3.5087719298245617,51.92982456140351,484.44130127298445
2ae19629-1d21-13a3-e055-000000000001,BEAUMONT C,27.397260273972602,10.42287075640262,9.529481834425255,64.02620607504467,71.4711137581894,655.5292726197516,200.17740981667654,2.3823704586063137,32.459797498511016,9.529481834425255,105.41989279332937,365.43736665650715
2ae19629-1d26-13a3-e055-000000000001,BOTANIC B,55.46123372948501,7.923033389926429,9.054895302773062,61.68647425014148,107.24391624221845,550.1941209095951,297.5596228508042,0.2829654782116582,28.296547821165817,10.186757215619695,109.79060554612337,484.7621760182284
2ae19629-1d27-13a3-e055-000000000001,BOTANIC C,50.341296928327644,7.679180887372014,7.252559726962458,103.66894197952219,122.44027303754267,422.9466553767993,291.27857747671464,0.42662116040955633,24.317406143344712,13.225255972696246,143.34470989761093,393.83412939643944
2ae19629-1b8a-13a3-e055-000000000001,KILCOCKAN,109.24369747899159,4.201680672268908,0.0,16.80672268907563,46.21848739495798,770.8333333333334,166.66666666666666,0.0,0.0,0.0,121.84873949579831,410.2564102564102
2ae19629-1b8f-13a3-e055-000000000001,BILBERRY,38.257173219978746,57.385759829968116,5.313496280552604,105.20722635494155,173.21997874601487,408.24742268041234,197.9381443298969,23.379383634431456,34.00637619553666,35.06907545164718,153.02869287991498,221.39830508474574
2ae19629-1b93-13a3-e055-000000000001,CUSTOM HOUSE A,49.86149584487535,60.94182825484765,16.62049861495845,116.34349030470914,193.90581717451525,416.89373297002726,256.1307901907357,0.0,72.02216066481995,33.2409972299169,207.7562326869806,228.8135593220339
2ae19629-1b9a-13a3-e055-000000000001,TULLAGHAN,47.50593824228029,2.375296912114014,4.750593824228028,9.501187648456057,26.128266033254157,890.9952606635071,45.023696682464454,0.0,7.125890736342043,19.002375296912113,33.2541567695962,536.2318840579711
2ae19629-1b9c-13a3-e055-000000000001,WINETOWN,102.73972602739725,13.698630136986301,0.0,41.0958904109589,13.698630136986301,829.9319727891157,102.04081632653062,0.0,0.0,0.0,109.58904109589041,375.0
2ae19629-1ba7-13a3-e055-000000000001,LARCHVILLE,28.88446215139442,18.92430278884462,5.9760956175298805,40.83665338645418,51.79282868525897,668.6507936507936,125.0,4.9800796812749,15.936254980079681,33.86454183266932,61.75298804780876,196.55521783181356
2ae19629-1bad-13a3-e055-000000000001,MOUNT SION,40.51724137931034,34.48275862068965,14.655172413793103,129.31034482758622,149.13793103448276,480.75278015397777,146.27887082976903,5.172413793103448,57.75862068965517,50.86206896551724,184.48275862068965,203.22291853178157
2ae19629-1bb6-13a3-e055-000000000001,KILMEADAN,57.41626794258374,8.373205741626794,1.1961722488038278,13.157894736842104,19.138755980861244,802.3668639053254,101.77514792899409,8.373205741626794,8.373205741626794,2.3923444976076556,62.20095693779904,383.2116788321168
2ae19629-1b4c-13a3-e055-000000000001,CASTLETOWN,69.51219512195122,0.0,0.0,7.317073170731708,10.97560975609756,881.0679611650486,55.8252427184466,0.0,0.0,0.0,30.48780487804878,424.55242966751916
2ae19629-1b4d-13a3-e055-000000000001,CHURCHTOWN,46.96132596685083,0.0,0.0,13.812154696132596,16.574585635359114,853.5911602209944,49.72375690607735,0.0,0.0,0.0,35.91160220994475,425.7142857142857
2ae19629-1b52-13a3-e055-000000000001,FOX'S CASTLE,70.56451612903227,6.048387096774193,0.0,4.032258064516129,18.145161290322584,865.3465346534654,87.12871287128712,0.0,2.0161290322580645,0.0,44.35483870967742,496.9450101832994
2ae19629-1b54-13a3-e055-000000000001,GEORGESTOWN,85.47008547008546,0.0,0.0,0.0,12.82051282051282,858.9743589743589,81.1965811965812,0.0,4.273504273504274,0.0,38.46153846153847,469.0265486725664
2ae19629-1b57-13a3-e055-000000000001,CLOGHAN,50.13192612137203,5.277044854881266,0.0,5.277044854881266,18.469656992084435,868.421052631579,84.21052631578947,0.0,0.0,5.277044854881266,31.6622691292876,513.8121546961327
2ae19629-1b5d-13a3-e055-000000000001,RIVERDALE,54.474708171206224,5.836575875486381,0.0,58.36575875486381,38.91050583657588,786.4077669902913,128.15533980582524,0.0,1.9455252918287937,11.673151750972762,87.54863813229571,403.960396039604
2ae19629-1b61-13a3-e055-000000000001,TEMPLEMICHAEL,77.92207792207792,2.1645021645021645,0.0,8.658008658008658,21.645021645021643,797.8494623655914,98.9247311827957,25.974025974025977,0.0,2.1645021645021645,69.26406926406926,380.0
2ae19629-1b63-13a3-e055-000000000001,LISMORE URBAN,101.96078431372548,9.150326797385622,1.3071895424836601,31.372549019607842,39.21568627450981,747.7477477477478,166.02316602316603,2.6143790849673203,13.071895424836601,2.6143790849673203,83.66013071895425,397.05882352941177
2ae19629-1d28-13a3-e055-000000000001,CABRA EAST A,51.47434804840634,20.11249360831771,14.828702914607126,110.10738026248508,137.7194477586501,431.64128595600675,306.5989847715736,1.7044486108743822,46.70189193795807,17.385375830918697,171.46753025396282,331.07521278443636
2ae19629-1d2b-13a3-e055-000000000001,CABRA WEST A,19.498607242339833,7.66016713091922,0.6963788300835655,27.158774373259053,22.98050139275766,770.2984038861902,141.56835530881332,2.785515320334262,8.356545961002785,6.963788300835654,40.389972144846794,265.8045977011495
2ae19629-1d35-13a3-e055-000000000001,KINAWLEY,100.0,0.0,0.0,18.18181818181818,27.27272727272727,918.918918918919,18.01801801801802,0.0,0.0,0.0,54.54545454545454,388.8888888888889
2ae19629-1d3d-13a3-e055-000000000001,DUN LAOGHAIRE-MONKSTOWN FARM,41.41238012205754,28.77070619006103,36.61726242371403,49.258936355710546,99.3897122929381,555.3640672124085,265.83369237397676,9.154315605928508,81.95292066259809,4.3591979075850045,137.31473408892765,323.3985765124555
2ae19629-1d3f-13a3-e055-000000000001,DUN LAOGHAIRE SALLYNOGGIN EAST,50.99545930841774,10.478519035976248,7.334963325183374,26.545581557806496,57.981138665735244,629.37776266576,241.07446446786807,2.09570380719525,26.89486552567237,10.129235068110374,70.55536150890674,382.85914998243766
2ae19629-1d4b-13a3-e055-000000000001,CLONTARF WEST D,37.02229299363057,19.904458598726112,15.52547770700637,110.27070063694268,150.47770700636943,477.07509881422925,339.92094861660075,0.0,43.78980891719745,28.264331210191084,175.1592356687898,360.1953601953602
2ae19629-1d4d-13a3-e055-000000000001,CRUMLIN A,31.63686382393398,12.104539202200824,3.026134800550206,34.11279229711141,60.24759284731775,709.5980311730927,180.7492480175007,1.1004126547455295,23.933975240715267,13.75515818431912,65.19944979367263,257.9006772009029
2ae19629-1d4f-13a3-e055-000000000001,CRUMLIN C,33.191489361702125,12.76595744680851,3.829787234042553,46.38297872340426,78.72340425531915,550.761421319797,254.2301184433164,0.425531914893617,36.59574468085106,5.957446808510639,79.14893617021276,282.5520833333333
2ae19629-1bbf-13a3-e055-000000000001,TICOR SOUTH,25.056947608200456,13.66742596810934,9.111617312072893,31.890660592255127,54.66970387243736,701.7937219730942,152.46636771300447,0.0,34.16856492027335,29.612756264236904,36.44646924829157,345.6221198156682
2ae19629-1bc0-13a3-e055-000000000001,GRANGE NORTH,41.43337066069429,13.437849944008958,7.838745800671893,29.115341545352745,45.91265397536394,659.2427616926503,134.74387527839642,1.1198208286674132,14.557670772676373,27.99552071668533,77.26763717805152,304.54545454545456
2ae19629-1bc1-13a3-e055-000000000001,ARDNAGLEW,49.53560371517028,0.0,0.0,6.191950464396285,40.247678018575854,873.0650154798761,65.015479876161,0.0,3.0959752321981426,0.0,40.247678018575854,498.40255591054313
2ae19629-1bc9-13a3-e055-000000000001,KINSALEBEG,88.23529411764706,26.143790849673202,4.901960784313726,27.777777777777775,21.241830065359476,788.961038961039,142.85714285714286,0.0,3.2679738562091503,3.2679738562091503,124.18300653594771,389.9159663865546
2ae19629-1bca-13a3-e055-000000000001,ARDNAGRAGH,26.31578947368421,4.048582995951417,0.0,82.99595141700405,16.194331983805668,858.2995951417004,99.19028340080972,0.0,2.0242914979757085,2.0242914979757085,97.16599190283401,428.57142857142856
2ae19629-1bcc-13a3-e055-000000000001,ATHLONE EAST RURAL,43.21065192814973,41.075241803793496,27.634719256374826,57.02801155633715,147.4689109408366,609.4763092269326,137.90523690773068,24.745634970481095,76.87476447682452,50.998618264037184,123.97939957291798,310.1624967758576
2ae19629-1bcd-13a3-e055-000000000001,ATHLONE WEST URBAN,43.452556902157845,35.767070647354416,29.26396689328998,56.16316878510198,67.10020691693764,626.5060240963855,128.12224507787246,5.911912503694945,49.36446940585279,17.44014188590009,101.09370381318357,248.4057090798664
2ae19629-1bda-13a3-e055-000000000001,BALLINALACK,55.0098231827112,9.823182711198427,0.0,64.83300589390963,33.39882121807466,666.015625,113.28125,5.893909626719057,5.893909626719057,80.5500982318271,108.05500982318271,438.87775551102203
2ae19629-1b64-13a3-e055-000000000001,CLONLOST,41.036717062634985,6.479481641468682,0.0,8.639308855291578,4.319654427645789,831.5565031982942,89.55223880597015,0.0,0.0,4.319654427645789,30.23758099352052,424.83660130718954
2ae19629-1b68-13a3-e055-000000000001,ROSMEAD,64.93506493506493,9.74025974025974,9.74025974025974,16.233766233766232,19.48051948051948,820.5128205128204,96.15384615384616,0.0,3.246753246753247,0.0,29.22077922077922,315.7894736842105
2ae19629-1b6e-13a3-e055-000000000001,GRANGE,46.99738903394256,10.443864229765014,5.221932114882507,2.6109660574412534,15.665796344647518,816.5374677002584,90.43927648578811,0.0,0.0,2.6109660574412534,41.775456919060055,452.8301886792453
2ae19629-1b74-13a3-e055-000000000001,DOONIS,81.08108108108108,0.0,0.0,7.722007722007723,19.305019305019304,861.003861003861,65.63706563706563,0.0,11.583011583011583,0.0,30.88803088803089,491.93548387096774
2ae19629-1b76-13a3-e055-000000000001,STREAMSTOWN,29.585798816568047,3.9447731755424065,0.0,3.9447731755424065,140.03944773175542,750.4835589941973,36.7504835589942,0.0,5.9171597633136095,104.53648915187378,35.50295857988166,372.50996015936255
2ae19629-1b79-13a3-e055-000000000001,ISLANDIKANE,68.95266492732016,5.218039508013417,2.981736861721953,8.199776369735371,21.61759224748416,760.6206132249723,160.69449575175472,0.37271710771524413,8.572493477450614,1.8635855385762206,45.471487141259786,498.8479262672811
2ae19629-1b9b-13a3-e055-000000000001,UMMA,44.52054794520548,3.4246575342465753,0.0,3.4246575342465753,34.24657534246575,870.3071672354948,51.19453924914676,0.0,0.0,6.8493150684931505,34.24657534246575,447.5524475524476
2ae19629-1b9d-13a3-e055-000000000001,WOODLAND,40.816326530612244,0.0,0.0,17.006802721088437,27.210884353741495,860.5442176870748,98.63945578231292,0.0,6.802721088435374,3.401360544217687,23.809523809523807,539.0070921985815
2ae19629-1d52-13a3-e055-000000000001,BRUCE HALL,33.65384615384615,0.0,0.0,0.0,4.807692307692308,807.6923076923077,52.88461538461539,0.0,0.0,0.0,14.423076923076923,326.73267326732673
2ae19629-1d56-13a3-e055-000000000001,LARAH NORTH,42.19409282700422,2.109704641350211,0.0,12.658227848101266,12.658227848101266,843.0962343096235,50.2092050209205,0.0,2.109704641350211,0.0,21.09704641350211,352.8138528138528
2ae19629-1d58-13a3-e055-000000000001,DUN LAOGHAIRE-SANDYCOVE,102.05213533000556,7.210205213533,2.4958402662229617,40.21075984470327,72.10205213533001,576.1930585683297,281.1822125813449,0.27731558513588467,15.252357182473656,1.663893510815308,101.77481974486967,437.3259052924791
2ae19629-1d5a-13a3-e055-000000000001,DUNDRUM-BALALLY,33.70013755158184,19.142595139844108,94.79596515359927,74.85098578633655,167.92755616689593,471.9583898688376,228.29036635006784,3.782668500687758,151.76524530032094,18.225584594222834,149.3580926180651,297.09125029322075
2ae19629-1d5b-13a3-e055-000000000001,DUNDRUM-KILMACUD,51.6892867455963,8.663008951775916,31.1868322263933,46.20271440947156,125.90239676581,534.4778254649499,263.80543633762517,0.0,85.76378862258157,4.620271440947156,92.11666185388391,431.1058545239503
2ae19629-1d5e-13a3-e055-000000000001,DUNDRUM-TANEY,45.30386740331491,5.524861878453039,6.261510128913444,39.042357274401475,84.34622467771639,603.3478893740902,232.1688500727802,2.9465930018416207,37.93738489871087,5.156537753222835,80.29465930018416,451.45631067961165
2ae19629-1d60-13a3-e055-000000000001,FIRHOUSE VILLAGE,34.21052631578947,10.361842105263158,12.582236842105262,34.868421052631575,84.45723684210526,641.586420760568,188.8362983515587,4.5230263157894735,43.99671052631579,18.585526315789473,77.2203947368421,419.65797494073826
2ae19629-1d62-13a3-e055-000000000001,CRUMLIN E,25.764342150463758,5.839917554105119,7.90106492614222,38.81827550669873,67.67433871521814,663.923182441701,178.66941015089162,5.839917554105119,39.505324630711094,20.26794915836482,62.86499484713157,230.1418439716312
2ae19629-1be2-13a3-e055-000000000001,BALLYCANEW,62.80587275693311,8.156606851549755,0.0,15.497553017944535,23.65415986949429,726.161369193154,133.65933170334148,3.2626427406199023,15.497553017944535,2.446982055464926,57.91190864600326,335.30405405405406
2ae19629-1be5-13a3-e055-000000000001,CLASHMORE,73.11827956989248,4.301075268817204,0.0,21.505376344086024,43.01075268817205,738.1974248927039,206.00858369098714,0.0,4.301075268817204,0.0,88.17204301075269,414.0969162995595
2ae19629-1be7-13a3-e055-000000000001,COOLEAGH,43.10344827586207,0.0,3.4482758620689653,3.4482758620689653,27.586206896551722,850.5154639175257,85.91065292096219,3.4482758620689653,3.4482758620689653,0.0,31.03448275862069,388.8888888888889
2ae19629-1be8-13a3-e055-000000000001,CROHANE,47.27272727272727,0.0,0.0,3.6363636363636362,10.90909090909091,812.0567375886525,56.737588652482266,0.0,3.6363636363636362,0.0,29.09090909090909,445.2554744525548
2ae19629-1bf6-13a3-e055-000000000001,RODUS,61.81818181818182,0.0,0.0,3.6363636363636362,18.18181818181818,844.2028985507246,97.82608695652175,0.0,7.2727272727272725,0.0,32.72727272727273,498.0694980694981
2ae19629-1bfb-13a3-e055-000000000001,DERRYGRATH,57.06134094151213,11.412268188302425,4.279600570613409,12.838801711840228,9.985734664764621,858.9562764456981,90.26798307475318,0.0,8.559201141226819,0.0,59.914407988587726,473.3044733044733
2ae19629-1c04-13a3-e055-000000000001,BALLYSHEEHAN,48.68913857677903,14.9812734082397,9.363295880149813,9.363295880149813,7.49063670411985,868.5185185185185,64.81481481481481,0.0,11.235955056179774,0.0,41.19850187265917,523.9923224568138
2ae19629-1c07-13a3-e055-000000000001,DRUMWOOD,70.51282051282051,3.205128205128205,0.0,9.615384615384617,14.423076923076923,881.7891373801917,67.09265175718849,1.6025641025641024,4.807692307692308,1.6025641025641024,49.679487179487175,494.949494949495
2ae19629-1b9f-13a3-e055-000000000001,KILMACLEAGUE,42.394014962593516,2.493765586034913,4.987531172069826,7.481296758104738,4.987531172069826,850.7462686567164,87.06467661691543,0.0,17.456359102244388,0.0,32.418952618453865,502.57731958762884
2ae19629-1ba3-13a3-e055-000000000001,GRANGE SOUTH,41.091593475533244,25.094102885821833,23.212045169385195,34.818067754077795,75.90966122961105,653.6904391155404,142.6346932419807,15.997490589711418,57.71643663739021,35.131744040150565,99.435382685069,351.47392290249434
2ae19629-1ba6-13a3-e055-000000000001,KINGSMEADOW,46.493301812450746,15.760441292356184,5.516154452324665,49.64539007092199,77.22616233254531,593.8697318007663,177.01149425287358,4.7281323877068555,29.944838455476756,22.852639873916466,96.13869188337273,277.2122161315583
2ae19629-1baa-13a3-e055-000000000001,MORRISSON'S AVENUE EAST,40.78549848942598,70.99697885196375,4.531722054380665,99.69788519637463,114.80362537764351,574.2128935532234,185.90704647676162,3.0211480362537766,28.70090634441088,16.61631419939577,203.9274924471299,232.19814241486068
2ae19629-1bab-13a3-e055-000000000001,MORRISSON'S AVENUE WEST,48.44290657439446,3.4602076124567476,0.0,10.380622837370241,48.44290657439446,752.5773195876288,161.51202749140896,0.0,41.522491349480966,0.0,38.062283737024224,294.11764705882354
2ae19629-1bb0-13a3-e055-000000000001,FORE WEST,84.15841584158416,9.900990099009901,0.0,17.32673267326733,32.17821782178218,814.3564356435643,84.15841584158416,2.4752475247524752,0.0,0.0,64.35643564356435,377.2151898734177
2ae19629-1bbd-13a3-e055-000000000001,THE GLEN,34.35114503816794,66.79389312977099,7.633587786259541,177.48091603053433,340.64885496183206,327.71535580524346,125.46816479400749,19.083969465648856,66.79389312977099,75.38167938931298,255.72519083969465,113.81322957198444
2ae19629-1bc5-13a3-e055-000000000001,ARDCAVAN,66.97923643670462,13.395847287340924,20.093770931011388,20.763563295378432,30.475552578700604,751.245433410827,144.80239123214878,2.6791694574681846,27.126590756865372,5.358338914936369,60.28131279303416,400.0
2ae19629-1c08-13a3-e055-000000000001,EMLY,81.24076809453472,1.4771048744460857,0.0,13.293943870014772,17.725258493353028,872.4340175953079,65.98240469208211,4.431314623338257,0.0,8.862629246676514,59.084194977843424,374.0573152337858
2ae19629-1c0d-13a3-e055-000000000001,TEMPLETOUHY,47.67726161369193,1.2224938875305624,0.0,9.7799511002445,7.334963325183374,886.9987849331714,64.39854191980558,7.334963325183374,0.0,2.444987775061125,18.337408312958438,422.4464060529634
2ae19629-1c11-13a3-e055-000000000001,BORRISNAFARNEY,35.483870967741936,0.0,0.0,12.903225806451612,9.67741935483871,858.0645161290322,58.06451612903226,0.0,0.0,0.0,38.70967741935484,491.8032786885246
2ae19629-1c1d-13a3-e055-000000000001,FOILNAMAN,61.99460916442048,8.086253369272237,0.0,13.477088948787063,13.477088948787063,795.1482479784366,75.47169811320754,0.0,2.6954177897574128,0.0,59.299191374663074,441.340782122905
2ae19629-1c25-13a3-e055-000000000001,BOURNEY EAST,22.435897435897434,0.0,0.0,6.41025641025641,32.05128205128205,839.1167192429023,50.473186119873816,0.0,0.0,0.0,28.846153846153847,551.1551155115511
2ae19629-1c3f-13a3-e055-000000000001,GORTKELLY,43.77104377104377,0.0,0.0,3.3670033670033668,18.51851851851852,890.5723905723905,50.505050505050505,0.0,0.0,0.0,38.72053872053872,464.9122807017544
2ae19629-1c48-13a3-e055-000000000001,CARRIGATOGHER,50.938337801608576,14.745308310991957,4.021447721179625,4.021447721179625,20.10723860589812,890.3743315508021,70.85561497326204,4.021447721179625,6.702412868632708,2.680965147453083,50.938337801608576,557.1030640668524
2ae19629-1c50-13a3-e055-000000000001,CLONMEL EAST URBAN,42.80155642023346,57.87937743190662,19.45525291828794,49.36770428015564,65.41828793774319,663.5379061371841,112.87605294825512,1.9455252918287937,47.17898832684825,10.700389105058365,104.08560311284047,353.2473971244423
2ae19629-1bc6-13a3-e055-000000000001,ARDCOLM,50.204918032786885,5.1229508196721305,1.0245901639344264,20.491803278688522,15.368852459016393,826.8839103869655,108.9613034623218,1.0245901639344264,2.0491803278688527,3.0737704918032787,45.08196721311476,353.55648535564853
2ae19629-1bcf-13a3-e055-000000000001,GRIFFINSTOWN,41.736227045075125,5.0083472454090145,0.0,18.363939899833056,21.702838063439064,785.1239669421489,71.07438016528926,0.0,8.347245409015025,0.0,41.736227045075125,409.47546531302874
2ae19629-1bd7-13a3-e055-000000000001,KNOCKMAHON,59.95203836930456,0.0,0.0,2.398081534772182,9.592326139088728,785.2028639618138,107.39856801909308,0.0,2.398081534772182,0.0,31.17505995203837,402.4390243902439
2ae19629-1bde-13a3-e055-000000000001,HUNTINGDON,33.70786516853933,4.49438202247191,0.0,6.741573033707866,51.68539325842696,766.1469933184856,104.67706013363029,0.0,8.98876404494382,0.0,40.44943820224719,434.7826086956522
2ae19629-1bef-13a3-e055-000000000001,CLONEA,54.86083098023396,11.698265429608712,2.4203307785397334,13.311819281968535,53.24727712787414,813.5728542914171,110.97804391217565,2.016942315449778,16.94231544977814,3.227107704719645,56.87777329568374,513.9641517298874
2ae19629-1bf2-13a3-e055-000000000001,DERRYCASTLE,65.84362139917695,0.0,0.0,18.51851851851852,45.26748971193416,683.6734693877551,130.6122448979592,2.05761316872428,6.172839506172839,0.0,61.72839506172839,413.8655462184874
2ae19629-1bf3-13a3-e055-000000000001,KILMUCKLIN,42.10526315789473,1.7543859649122808,0.0,5.263157894736842,7.017543859649123,831.5972222222222,116.31944444444444,0.0,0.0,0.0,26.31578947368421,474.54545454545456
2ae19629-1bf4-13a3-e055-000000000001,KILMURRY,50.42016806722689,0.0,0.0,2.8011204481792715,14.005602240896359,850.0,80.55555555555556,0.0,0.0,0.0,25.210084033613445,467.0487106017192
2ae19629-1c10-13a3-e055-000000000001,BIRDHILL,58.02968960863698,8.097165991902834,4.048582995951417,16.194331983805668,22.941970310391365,830.4172274562585,102.28802153432032,0.0,6.747638326585696,0.0,44.534412955465584,477.3662551440329
2ae19629-1c13-13a3-e055-000000000001,FENNOR,50.0,3.571428571428571,0.0,3.571428571428571,14.285714285714285,859.6802841918295,79.92895204262878,0.0,0.0,0.0,26.785714285714285,371.7948717948718
2ae19629-1c14-13a3-e055-000000000001,FINNOE,57.69230769230769,4.807692307692308,0.0,9.615384615384617,19.230769230769234,712.9186602870813,57.41626794258374,0.0,4.807692307692308,0.0,72.11538461538461,482.9268292682927
2ae19629-1c17-13a3-e055-000000000001,THOMASTOWN,85.71428571428571,0.0,0.0,36.36363636363636,12.987012987012989,818.1818181818182,80.51948051948052,0.0,0.0,0.0,67.53246753246752,389.7849462365591
2ae19629-1c1b-13a3-e055-000000000001,BORRISOKANE,74.30129516019086,8.1799591002045,9.54328561690525,21.131561008861624,79.75460122699386,732.8348062542487,79.53772943575798,11.588275391956374,28.629856850715747,41.58145875937287,65.439672801636,399.0042674253201
2ae19629-1c21-13a3-e055-000000000001,TIMONEY,55.0,2.5,0.0,12.5,15.0,837.9052369077307,57.356608478803,20.0,7.5,0.0,40.0,341.08527131782944
2ae19629-1c28-13a3-e055-000000000001,GARRANGIBBON,59.3607305936073,6.0882800608828,0.0,22.831050228310502,16.7427701674277,843.1372549019608,99.54751131221718,0.0,7.610350076103501,0.0,70.0152207001522,412.6738794435858
2ae19629-1c29-13a3-e055-000000000001,GLENGAR,72.0,0.0,0.0,36.0,4.0,832.0,92.0,20.0,0.0,4.0,72.0,469.6356275303644
2ae19629-1cb1-13a3-e055-000000000001,SWORDS-SEATOWN,49.193657677192036,18.43068166418214,9.757419704567013,67.08226046889823,82.53150833446267,649.1627595445411,194.10582719357,1.6262366174278358,32.38921263043773,18.972760536658086,130.50548854858383,414.0852896235588
2ae19629-1cb2-13a3-e055-000000000001,SWORDS VILLAGE,36.80758017492711,16.76384839650146,16.76384839650146,115.52478134110787,112.9737609329446,589.7343862167983,201.72290021536253,6.924198250728863,78.35276967930028,29.154518950437318,173.46938775510205,291.1863146150985
2ae19629-1cb7-13a3-e055-000000000001,TALLAGHT-JOBSTOWN,26.156830146855086,31.421446384039903,25.99057910778609,57.30119146577999,104.95982266555832,587.8068965517241,141.18620689655174,16.070933776669435,66.99916874480466,83.45802161263508,114.99030202272098,274.0370816830262
2ae19629-1cbc-13a3-e055-000000000001,KILBRIDE,73.66296670030273,2.0181634712411705,0.0,29.263370332996974,18.163471241170534,824.6492985971944,100.20040080160321,0.0,0.0,0.0,61.553985872855705,374.10071942446046
2ae19629-1cc8-13a3-e055-000000000001,BLANCHARDSTOWN-CORDUFF,34.54842219804135,7.616974972796518,3.264417845484222,43.79760609357998,80.52230685527748,636.4868528056385,101.11141230685823,4.624591947769314,20.13057671381937,54.67899891186072,76.71381936887923,239.66712898751732
2ae19629-1ccb-13a3-e055-000000000001,TALLAGHT-KILTIPPER,32.24433329786102,28.413323401085453,13.302117697137385,39.16143450037246,75.98169628604875,641.6454622561492,143.65988125530112,6.172182611471746,45.12078322869001,39.58710226668086,91.9442375226136,273.9771593303027
2ae19629-1ccc-13a3-e055-000000000001,TALLAGHT-KINGSWOOD,28.4037558685446,27.230046948356808,4.694835680751174,40.845070422535215,69.48356807511736,646.0032626427407,148.45024469820555,9.624413145539906,29.577464788732392,19.71830985915493,75.82159624413146,265.87205059596204
2ae19629-1ccf-13a3-e055-000000000001,TALLAGHT-SPRINGFIELD,17.66657698861089,80.17218186709712,52.282306519594655,86.71867993901893,154.2462559411712,578.1180844471984,136.67345312914932,4.394224733207784,135.05515200430455,31.925387857591247,201.86530356021882,204.8938134810711
2ae19629-1cd0-13a3-e055-000000000001,TALLAGHT-TYMON,36.44914756025867,7.642563198118753,4.899078973153047,22.14383695865177,29.78640015677053,726.5472946671857,137.60217983651228,3.919263178522437,15.873015873015872,15.677052714089749,45.85537918871252,270.0700700700701
2ae19629-1cdb-13a3-e055-000000000001,KILGOLAGH,66.46525679758308,3.0211480362537766,0.0,15.105740181268883,21.148036253776436,882.1752265861027,60.422960725075534,0.0,3.0211480362537766,0.0,42.29607250755287,334.384858044164
2ae19629-1cdc-13a3-e055-000000000001,KILL,53.70843989769821,17.902813299232736,0.0,15.34526854219949,17.902813299232736,901.0152284263959,60.91370558375635,0.0,0.0,0.0,53.70843989769821,362.9242819843342
2ae19629-1cde-13a3-e055-000000000001,BLANCHARDSTOWN-ROSELAWN,39.28790669122161,2.4554941682013505,3.6832412523020257,25.78268876611418,74.89257213014119,726.1687917425622,149.96964177292045,4.297114794352364,35.60466543891958,6.7526089625537145,61.387354205033766,439.2991239048811
2ae19629-1ce1-13a3-e055-000000000001,CABINTEELY-GRANITEFIELD,58.75706214689266,8.286252354048965,18.455743879472692,30.508474576271187,69.30320150659134,631.4043494286767,227.05492075193513,0.3766478342749529,51.600753295668554,4.896421845574388,75.70621468926554,437.1688115064345
2ae19629-1ce3-13a3-e055-000000000001,CABINTEELY-LOUGHLINSTOWN,43.04323201812347,28.506701906739664,71.36114781952048,70.03964508212196,166.13177270152917,488.81014546810894,243.00634091756805,0.7551444213705871,175.00471965263355,13.026241268642629,176.7037946007174,336.78655199374515
2ae19629-1cf5-13a3-e055-000000000001,KILLINKERE,70.0,6.0,0.0,18.0,76.0,699.8011928429424,71.57057654075547,0.0,10.0,16.0,82.0,353.90946502057614
2ae19629-1d01-13a3-e055-000000000001,CLONDALKIN-ROWLAGH,23.42034642595755,11.22224932910466,0.2439619419370578,24.64015613564284,32.93486216150281,749.147588894301,91.81685338528982,7.80678214198585,9.270553793608197,21.956574774335202,42.44937789704806,175.28373266078185
2ae19629-1d02-13a3-e055-000000000001,CLONDALKIN VILLAGE,30.053162634262776,33.19952262124336,2.1699034392969514,45.56797222523598,72.25778452858849,656.2633148700469,162.44141457179379,1.6274275794727133,25.71335575566887,24.6284040360204,105.56580232179668,328.1613653995345
2ae19629-1d09-13a3-e055-000000000001,BALLYGALL B,30.271398747390396,8.35073068893528,2.6096033402922756,26.61795407098121,37.578288100208766,661.6580310880829,169.94818652849742,1.04384133611691,9.916492693110648,8.872651356993737,47.494780793319414,343.26769558275674
2ae19629-1d0b-13a3-e055-000000000001,BALLYMUN A,23.6013986013986,41.08391608391608,41.95804195804196,56.99300699300699,114.33566433566433,575.9372275501307,105.6669572798605,10.839160839160838,124.82517482517483,34.61538461538462,115.2097902097902,217.65876605753573
2ae19629-1d14-13a3-e055-000000000001,BAWNBOY,136.73805601317957,9.884678747940692,4.942339373970346,23.064250411861615,9.884678747940692,824.0,105.6,0.0,6.589785831960461,6.589785831960461,80.72487644151565,396.6942148760331
2ae19629-1d1e-13a3-e055-000000000001,DALKEY UPPER,89.53817153628653,4.241281809613572,0.942507068803016,27.803958529688973,60.79170593779453,625.4664179104477,245.33582089552237,0.0,8.011310084825636,0.942507068803016,77.75683317624882,500.2388915432394
2ae19629-1d22-13a3-e055-000000000001,BEAUMONT D,34.866828087167065,3.389830508474576,10.653753026634382,32.92978208232446,61.98547215496368,701.199040767386,198.08153477218227,0.0,35.83535108958838,3.389830508474576,61.016949152542374,387.192118226601
2ae19629-1d23-13a3-e055-000000000001,BEAUMONT E,34.76907109496627,6.227296315516347,1.5568240788790868,28.541774779449923,44.11001556824079,703.7609479649665,216.38330757341575,1.0378827192527245,12.454592631032694,5.1894135962636225,50.33731188375713,448.990435706695
2ae19629-1d2e-13a3-e055-000000000001,CABRA WEST D,44.460380064539265,13.624955181068483,15.41771244173539,65.97346719254213,87.486554320545,616.8323863636364,225.14204545454544,1.4342058085335248,32.986733596271065,15.41771244173539,123.34169953388312,313.2969034608379
2ae19629-1d05-13a3-e055-000000000001,BALLYBOUGH A,33.619817997977755,12.89180990899899,13.14459049544995,99.84833164812942,132.20424671385237,474.7752247752248,215.53446553446554,0.0,33.367037411526795,22.75025278058645,149.14054600606676,182.37862830721807
2ae19629-1d0c-13a3-e055-000000000001,BALLYMUN B,32.479848269321955,15.647226173541963,12.565196775723093,39.35514461830252,48.364153627311524,581.5586239176223,109.75895155628363,41.48885727833096,26.078710289236604,20.625889046941676,53.81697486960645,158.31517792302105
2ae19629-1d0f-13a3-e055-000000000001,BALLYMUN E,28.96801448400724,4.224502112251057,3.017501508750754,48.28002414001207,51.29752564876282,702.5089605734767,203.7037037037037,0.0,12.070006035003017,10.863005431502716,63.971031985515985,451.53374233128835
2ae19629-1d11-13a3-e055-000000000001,BEAUMONT A,34.48275862068965,2.2735884804850324,9.852216748768473,42.81924971580144,56.46078059871163,709.52023988006,188.15592203898052,0.0,34.103827207275486,6.441834028040924,74.27055702917772,416.7636786961583
2ae19629-1d12-13a3-e055-000000000001,BEAUMONT B,20.549298557597314,9.089112823552659,48.60699466508595,32.60225251926497,77.8502272278206,691.9459141681365,134.23476386439347,1.7783046828689981,109.46453270104722,8.298755186721992,64.61173681090695,289.1566265060241
2ae19629-1d16-13a3-e055-000000000001,KILNALECK,61.410788381742734,10.788381742738588,0.0,107.88381742738589,37.344398340248965,771.3815789473684,107.73026315789473,0.8298755186721991,14.937759336099585,2.4896265560165975,146.05809128630708,329.65165675446053
2ae19629-1d1c-13a3-e055-000000000001,CLONSKEAGH-WINDY ARBOUR,49.56169925826028,12.474713418745786,14.497639919082939,56.97909642616318,126.09575185434929,543.3774834437086,273.1788079470199,0.6743088334457181,64.39649359406609,6.743088334457181,124.74713418745785,429.80041293874746
2ae19629-1d24-13a3-e055-000000000001,BEAUMONT F,30.91986601391394,6.441638752898737,9.79129090440608,49.9871167224942,71.11569183200206,684.3051631132803,187.00231184176727,0.2576655501159495,35.81551146611698,8.502963153826334,83.74130378768359,430.3965930263508
2ae19629-1d3a-13a3-e055-000000000001,DUN LAOGHAIRE-EAST CENTRAL,78.74337005303958,17.135862913096695,26.92778457772338,78.74337005303958,138.3108935128519,462.3655913978494,329.8771121351767,0.0,74.25540595675234,8.97592819257446,177.47858017135863,335.0495049504951
2ae19629-1d51-13a3-e055-000000000001,BILBERRY,196.96969696969697,0.0,0.0,50.505050505050505,20.202020202020204,668.3417085427136,85.42713567839195,0.0,0.0,0.0,116.16161616161617,331.57894736842104
2ae19629-1d5d-13a3-e055-000000000001,DUNDRUM-SWEETMOUNT,47.61904761904761,12.093726379440666,20.0302343159486,57.067271352985635,159.48601662887376,550.762365191521,269.24507251766454,0.3779289493575208,60.090702947845806,7.558578987150416,151.17157974300832,423.3436055469954
2ae19629-1d5f-13a3-e055-000000000001,EDMONDSTOWN,46.31430086618349,5.833480643450592,6.0102527841612154,22.273289729538625,53.0316422131872,665.6112576956904,183.11345646437996,8.308290613399329,22.450061870249247,8.308290613399329,56.7438571681103,374.54545454545456
2ae19629-1d67-13a3-e055-000000000001,DRUMCONDRA SOUTH C,53.36212214682295,4.318322023442319,3.392967304133251,49.660703269586676,73.1030228254164,588.2529217860354,282.5891519328738,0.30845157310302285,18.815545959284393,5.552128315854411,93.46082665021592,493.33333333333337
2ae19629-1d6a-13a3-e055-000000000001,FINGLAS NORTH A,27.53441802252816,7.822277847309137,1.5644555694618272,23.466833541927407,27.847309136420524,680.1872074882996,114.50858034321374,62.26533166458072,14.705882352941176,6.257822277847309,41.30162703379224,177.94164796409106
2ae19629-1d6b-13a3-e055-000000000001,FINGLAS NORTH B,28.1786941580756,3.092783505154639,0.6872852233676976,26.460481099656356,39.175257731958766,723.4770704996578,127.31006160164272,6.185567010309278,11.683848797250858,10.652920962199312,43.298969072164944,210.47046338875134
2ae19629-1d6f-13a3-e055-000000000001,FINGLAS SOUTH C,22.283033620015637,5.863956215793589,0.0,25.019546520719313,14.073494917904613,697.1940763834762,73.26578332034295,6.645817044566067,3.5183737294761532,5.08209538702111,35.574667709147775,174.45109780439122
2ae19629-1d29-13a3-e055-000000000001,CABRA EAST B,29.726834493840386,10.712372790573111,6.427423674343867,56.50776647027317,82.21746116764864,612.6534970635345,229.84516817939135,1.6068559185859668,29.994643813604714,17.943224424209962,94.53668987680771,310.7064017660044
2ae19629-1d30-13a3-e055-000000000001,CHERRY ORCHARD A,34.38228438228438,21.56177156177156,7.575757575757576,37.58741258741259,55.65268065268066,535.930735930736,89.46608946608947,38.75291375291375,31.46853146853147,17.482517482517483,60.60606060606061,156.17577197149643
2ae19629-1d39-13a3-e055-000000000001,DUBBER,17.901373564512497,83.76491781130376,49.98874127448773,94.6858815582076,145.23755910830894,490.09069533087,125.9657373194491,6.417473541995046,130.37604143210987,38.95519027246116,216.84305336635893,217.4165794675038
2ae19629-1d57-13a3-e055-000000000001,DUN LAOGHAIRE-SALTHILL,79.1907514450867,20.809248554913296,42.774566473988436,58.38150289017341,121.38728323699422,527.3037542662115,289.5335608646189,1.1560693641618498,97.10982658959537,4.0462427745664735,141.04046242774567,405.83090379008746
2ae19629-1d61-13a3-e055-000000000001,FIRHOUSE-BALLYCULLEN,35.14315809633247,6.607296753806378,18.76855309776884,28.631619266494305,99.87551469884133,641.2279034404106,205.85440030412468,3.7345590347601263,68.7541894091736,15.895815378722588,72.68026429187015,449.2811501597444
2ae19629-1d65-13a3-e055-000000000001,DRUMCONDRA SOUTH A,42.70584215920738,16.057396651861975,11.615989067304406,92.92791253843525,132.38811069354287,528.2795880465981,295.6272159378693,1.0249402118209772,36.04373078237103,16.911513495046123,171.33583874274,406.6011235955056
2ae19629-1d6d-13a3-e055-000000000001,FINGLAS SOUTH A,25.596679349705983,14.181943964026289,0.3459010722933241,31.13109650639917,39.08682116914562,723.272602268821,127.53523547610862,8.993427879626427,11.760636457973021,5.534417156693186,66.41300588031824,208.86524822695034
2ae19629-1d72-13a3-e055-000000000001,CARN,132.70142180094788,9.47867298578199,0.0,9.47867298578199,9.47867298578199,676.056338028169,117.37089201877934,0.0,9.47867298578199,0.0,71.09004739336493,399.03846153846155
2ae19629-1d70-13a3-e055-000000000001,FINGLAS SOUTH D,17.702596380802518,11.408339889850511,0.3933910306845004,24.390243902439025,34.225019669551536,631.9307904050335,72.35548564687377,3.933910306845004,9.04799370574351,4.327301337529505,30.291109362706532,165.93009240658898
2ae19629-1d80-13a3-e055-000000000001,GRANGE B,30.950128395729152,42.30301392080011,17.029328287606436,97.98621435329098,153.39910798756588,518.5533745630546,232.72385049744554,4.595215569671577,76.90228409244493,21.489390458170025,222.8679551290715,257.0417551309271
2ae19629-1d83-13a3-e055-000000000001,GRANGE E,41.357783847054236,7.023019898556379,8.973858759266484,27.701911822083495,55.79399141630902,727.6958882854926,168.34755624515128,3.9016777214202105,30.042918454935624,12.095200936402653,57.74483027701912,322.85031847133763
2ae19629-1d88-13a3-e055-000000000001,INNS QUAY A,32.77035543231661,14.116460801613309,22.435089488278294,107.38593395512983,177.46407864885302,517.4807835358293,179.76692288618895,13.864381144441642,70.33022435089488,23.695487774136627,159.31434333249305,187.78280542986425
2ae19629-1d8c-13a3-e055-000000000001,KILMAINHAM B,56.50818394388153,18.70615744349182,21.434138737334372,91.58222915042869,152.76695245518314,364.2911296436694,322.592873388931,0.0,41.69914263445051,19.875292283710056,183.94388152766953,306.4327485380117
2ae19629-1d8f-13a3-e055-000000000001,CASTLERAHAN,76.06263982102908,6.7114093959731544,0.0,19.01565995525727,35.79418344519016,819.3979933110368,99.21962095875139,0.0,7.829977628635347,3.3557046979865772,70.46979865771812,357.7981651376147
2ae19629-1d93-13a3-e055-000000000001,MILLTOWN,89.97429305912597,2.5706940874035986,0.0,41.13110539845758,17.994858611825194,712.8712871287129,96.53465346534654,0.0,0.0,7.712082262210797,82.26221079691516,312.02046035805625
2ae19629-1d96-13a3-e055-000000000001,KILMORE D,25.785278949835913,9.376465072667605,1.4064697609001406,27.19174871073605,45.944678856071256,724.5230339692881,136.34248487668683,4.688232536333802,13.127051101734645,15.939990623534927,51.10173464603844,264.08787010506205
2ae19629-1cff-13a3-e055-000000000001,CLONDALKIN-MONASTERY,31.744620309443363,52.285256980259646,9.959096567668505,69.98043748888495,105.19295749599858,625.8695077925508,159.549176719204,3.8235817179441582,50.1511648586164,34.145473946292014,151.34269962653389,316.74746181286014
2ae19629-1d08-13a3-e055-000000000001,BALLYGALL A,31.511433351924147,21.193530395984382,23.424428332403792,65.81148912437256,79.47573898494144,629.9278178789561,142.97612437534704,5.856107083100948,57.445621862799776,18.68377021751255,114.89124372559955,231.78427997705106
2ae19629-1d0d-13a3-e055-000000000001,BALLYMUN C,31.343022237786727,20.661880581334266,8.229732095955175,51.479600770443,56.55752057433024,547.215919008553,143.65508814801885,8.054631413062511,21.712484678690245,15.40886009455437,72.66678340045526,209.3733165738912
2ae19629-1d1d-13a3-e055-000000000001,DALKEY HILL,100.6896551724138,7.586206896551724,2.758620689655172,36.55172413793103,93.79310344827586,557.9427083333334,286.4583333333333,2.758620689655172,20.0,2.0689655172413794,110.34482758620689,414.295168762409
2ae19629-1d20-13a3-e055-000000000001,DALKEY-BULLOCK,91.26984126984127,8.503401360544219,3.968253968253968,28.911564625850342,76.53061224489797,633.1853496115427,250.83240843507215,0.5668934240362812,22.675736961451246,6.2358276643990935,93.5374149659864,463.4146341463415
2ae19629-1d25-13a3-e055-000000000001,BOTANIC A,46.79951690821256,6.340579710144928,11.171497584541061,60.990338164251206,94.80676328502416,539.1774241969379,264.18492945061547,0.9057971014492754,30.495169082125603,8.152173913043478,100.2415458937198,417.3374613003096
2ae19629-1d2a-13a3-e055-000000000001,CABRA EAST C,36.692875863712175,16.67857993805099,15.248987371932332,113.89087443411961,169.16845365737433,418.73083274357157,280.0188723755603,0.23826542768644268,40.743388134381696,29.306647605432453,171.3128425065523,264.3064985451019
2ae19629-1d2d-13a3-e055-000000000001,CABRA WEST C,30.440867739678097,5.248425472358292,5.248425472358292,52.48425472358292,73.47795661301609,643.7738466874782,191.12036073534514,1.3995801259622112,18.5444366689993,9.79706088173548,88.17354793561931,259.3905031892275
2ae19629-1d79-13a3-e055-000000000001,FOXROCK-BEECHPARK,53.47901092581944,1.1500862564692351,4.025301897642324,23.001725129384706,56.92926969522714,692.26393629124,179.74971558589306,0.0,22.426682001150088,6.900517538815411,46.57849338700402,553.8194444444445
2ae19629-1d7f-13a3-e055-000000000001,GRANGE A,33.62959404275763,24.1012090639763,27.223957082232364,69.9815837937385,99.52758427416127,593.903794253056,198.12668677567868,1.5213387781247498,71.26271118584354,17.05500840739851,140.20337897349668,294.41498176997015
2ae19629-1d85-13a3-e055-000000000001,HARMONSTOWN B,46.59993096306524,10.355540214014496,7.594062823610631,29.34069727304108,51.08733172247152,684.6970215679562,196.16569667921945,8.284432171211598,26.57921988263721,2.0711080428028996,73.52433551950294,356.8892045454545
2ae19629-1d86-13a3-e055-000000000001,INCHICORE A,39.42652329749104,40.62126642771804,6.371963361210673,68.49860613301475,95.5794504181601,445.0527962456003,269.45639421196717,0.39824771007566706,27.479091995221026,14.735165272799682,138.9884508164078,261.95259140216956
2ae19629-1d87-13a3-e055-000000000001,INCHICORE B,20.58823529411765,13.602941176470589,5.514705882352941,58.8235294117647,101.83823529411765,489.36950146627566,99.34017595307917,17.279411764705884,39.705882352941174,62.86764705882353,75.36764705882352,176.35879893576586
2ae19629-1d8e-13a3-e055-000000000001,KILMORE C,37.50884642604388,5.661712668082095,0.0,16.27742392073602,29.016277423920734,677.9900920028309,86.34111818825195,12.738853503184714,9.907997169143666,9.907997169143666,36.80113234253362,159.5047341587764
2ae19629-1d94-13a3-e055-000000000001,HOLLYWOOD,39.428959891230456,3.399048266485384,1.3596193065941535,18.354860639021073,30.591434398368456,767.6151761517616,127.37127371273712,10.197144799456153,6.798096532970768,4.7586675730795385,45.547246770904145,434.44909344490935
2ae19629-1da1-13a3-e055-000000000001,MERCHANTS QUAY A,32.98739807264641,20.38547071905115,21.49740548554485,136.02668643439586,203.48406226834692,304.47435431065844,187.70461986176792,3.7064492216456633,42.62416604892513,30.39288361749444,150.48183839881392,105.55972952667167
2ae19629-1d98-13a3-e055-000000000001,KILMORE B,26.740070782540307,1.966181675186787,26.740070782540307,19.66181675186787,49.15454187966968,730.9505106048704,110.76197957580517,1.1797090051120724,73.53519465198583,7.864726700747148,33.031852143138025,198.87051230334814
2ae19629-1dab-13a3-e055-000000000001,CLONERVY,43.525571273122964,7.616974972796518,1.088139281828074,8.705114254624592,18.498367791077257,887.9216539717085,66.3764961915125,0.0,2.176278563656148,1.088139281828074,44.613710554951034,412.4860646599777
2ae19629-1db3-13a3-e055-000000000001,NORTH DOCK A,52.21745350500715,12.160228898426324,14.30615164520744,82.26037195994277,123.74821173104435,395.44807965860593,344.2389758179232,0.0,32.188841201716734,17.882689556509302,121.60228898426323,309.6446700507614
2ae19629-1db5-13a3-e055-000000000001,NORTH DOCK C,37.05497699200775,12.109469605231292,87.67255994187455,125.45410511019617,198.83749091789778,401.3401109057301,242.3752310536044,0.0,128.36037781545167,16.711068055219183,178.97796076531847,149.52380952380952
2ae19629-1dbb-13a3-e055-000000000001,PEMBROKE WEST A,56.99165479340525,5.495623855078364,42.9472827193161,112.96560146549969,155.09871768776713,459.3701399688958,319.40124416796266,0.2035416242621616,70.22186037044575,6.716873600651334,190.92204355790759,321.66566083283044
2ae19629-1dbc-13a3-e055-000000000001,PEMBROKE WEST B,73.78387202089455,5.223636957231473,28.403525954946133,102.84035259549461,191.96865817825662,468.5749844430616,281.2694461729931,0.0,67.58080313418218,7.508978126020241,187.39797584067907,332.3727185398655
2ae19629-1dbd-13a3-e055-000000000001,PEMBROKE WEST C,74.85840925880326,8.618566855454322,32.50430928342773,123.86111795124353,181.72863826643683,383.8084378563284,289.8517673888256,0.2462447672986949,72.642206353115,7.387343018960847,184.92982024131987,268.2926829268293
2ae19629-1dbe-13a3-e055-000000000001,PHOENIX PARK,52.01916495550993,28.747433264887064,36.96098562628337,108.145106091718,165.63997262149212,435.4948805460751,290.7849829351536,0.6844626967830253,64.33949349760438,28.06297056810404,188.22724161533196,292.5642807505212
2ae19629-1d2f-13a3-e055-000000000001,CHAPELIZOD,41.124260355029584,32.544378698224854,18.04733727810651,65.38461538461539,87.57396449704143,502.7965852222549,252.5758021783927,0.591715976331361,43.49112426035503,12.42603550295858,115.08875739644971,325.1589464123524
2ae19629-1d31-13a3-e055-000000000001,CARNA,21.79930795847751,3.8062283737024223,0.6920415224913494,12.802768166089965,21.10726643598616,742.4922333448395,110.80428028995512,7.26643598615917,2.7681660899653977,16.26297577854671,26.29757785467128,174.8750892219843
2ae19629-1d33-13a3-e055-000000000001,BELTURBET,95.37407195888065,45.68817818389492,7.424328954882925,81.09651627641348,72.52998286693318,643.5474701534963,130.18760659465605,6.282124500285551,29.6973158195317,31.410622501427753,182.75271273557968,309.8341232227488
2ae19629-1d38-13a3-e055-000000000001,DONABATE,55.96982943344476,14.656724093597326,4.457015513842461,50.398560041141685,66.08382617639496,641.7720444708478,227.27658491046424,4.028456329819148,21.942230221993658,17.399502871346535,115.71097968629468,408.5181898846495
2ae19629-1d41-13a3-e055-000000000001,DUN LAOGHAIRE-SALLYNOGGIN WEST,45.022046878626135,16.941285681132513,64.74820143884892,76.81596658157345,170.34114643768856,476.8029398254479,307.762976573266,0.9282896263634254,122.07008586679044,15.780923648178232,184.4975632397308,294.9297786241371
2ae19629-1d53-13a3-e055-000000000001,BUTLER'S BRIDGE,68.41046277665997,10.060362173038229,4.024144869215292,16.09657947686117,24.14486921529175,816.3672654690619,87.82435129740519,0.0,10.060362173038229,0.0,50.30181086519115,400.0
2ae19629-1d59-13a3-e055-000000000001,DUN LAOGHAIRE-WEST CENTRAL,58.429475251209524,27.91216970599181,22.701898027540008,65.87272050614068,145.515444733904,521.2765957446809,315.48055759354367,1.1164867882396725,83.36434685522887,3.721622627465575,176.40491254186824,297.63246899661783
2ae19629-1d64-13a3-e055-000000000001,DECIES,20.302694721299375,4.4296788482834994,0.36913990402362495,23.624953857511997,19.564414913252122,713.9697751566532,116.47622558053814,5.906238464377999,7.751937984496124,6.644518272425249,32.115171650055366,190.29567854435177
2ae19629-1da7-13a3-e055-000000000001,MOUNTJOY A,23.120546750036354,22.68431001890359,40.424603751635885,145.41224371092045,267.5585284280936,298.2099267697315,202.3325196636832,4.5077795550385344,102.66104405990984,28.35538752362949,188.01803111822016,87.76633272188514
2ae19629-1daa-13a3-e055-000000000001,CAVAN URBAN,48.723293381969775,43.25169359041167,9.900990099009901,115.94580510682648,119.85409067222511,627.1975180972078,105.22233712512927,52.63157894736842,63.053673788431475,46.638874413757165,184.9921834288692,228.14097390368576
2ae19629-1db0-13a3-e055-000000000001,KILLINEY NORTH,93.21266968325791,5.4298642533936645,1.8099547511312217,29.86425339366516,71.19155354449472,617.1091445427729,227.72861356932154,0.0,21.719457013574658,2.413273001508296,92.91101055806938,444.3772672309553
2ae19629-1db6-13a3-e055-000000000001,PEMBROKE EAST A,38.221685777509556,10.058338362502514,18.50734258700463,63.971031985515985,84.49004224502112,635.6388279848514,234.60235200318917,0.20116676725005028,38.020519010259505,13.27700663850332,114.26272379802857,257.2426546126977
2ae19629-1dc0-13a3-e055-000000000001,CORR,73.94366197183099,3.5211267605633805,0.0,7.042253521126761,10.56338028169014,760.5633802816901,73.94366197183099,0.0,0.0,3.5211267605633805,49.29577464788732,410.9090909090909
2ae19629-1dc2-13a3-e055-000000000001,MUNTERCONNAUGHT,87.88395904436861,3.4129692832764507,0.8532423208191127,15.358361774744028,20.477815699658702,793.570219966159,123.51945854483925,0.0,2.5597269624573378,5.1194539249146755,55.46075085324232,392.4162257495591
2ae19629-1dc7-13a3-e055-000000000001,LUCAN-ESKER,30.327333214519097,22.48559377413414,38.139369096417745,77.73421255866452,137.7651042594903,540.0750391444356,150.34417560341518,6.564486425473772,128.70551892116674,48.208875423275714,143.79492663221055,366.3321028707404
2ae19629-1dc9-13a3-e055-000000000001,LUCAN NORTH,56.98005698005698,7.407407407407407,15.954415954415955,37.60683760683761,59.82905982905983,681.0198300283287,176.20396600566573,0.0,44.44444444444444,14.814814814814815,91.73789173789173,491.86046511627904
2ae19629-1dbf-13a3-e055-000000000001,COOTEHILL URBAN,56.24629958555359,8.880994671403197,5.328596802841918,111.3084665482534,46.7732386027235,783.5777126099707,97.94721407624634,15.393724097098875,17.761989342806395,7.104795737122558,148.01657785671995,261.5853658536586
2ae19629-1dc5-13a3-e055-000000000001,KILSALLAGHAN,45.49283909014322,8.003369839932603,3.7910699241786014,23.16764953664701,28.643639427127212,688.2793017456358,125.1039068994181,8.003369839932603,10.530749789385004,5.8972198820556025,53.91743892165122,309.0986394557823
2ae19629-1dce-13a3-e055-000000000001,PRIORSWOOD E,32.98296484233418,6.161652772743747,6.161652772743747,18.484958318231243,31.533164189923884,758.2100324792493,125.94731143991339,9.061254077564335,14.498006524102935,10.148604566872056,34.43276549474447,248.9780750650316
2ae19629-1dd1-13a3-e055-000000000001,RAHENY-St. ASSAM,50.851832731027365,5.420753742901393,7.743933918430563,40.784718637067634,64.01652039235933,666.2413881092115,250.8292931870375,0.2581311306143521,18.069179143004646,4.388229220443986,84.15074858027879,482.37769594950026
2ae19629-1dd6-13a3-e055-000000000001,RATHMINES EAST D,72.69372693726937,4.428044280442804,6.273062730627307,65.31365313653137,116.97416974169741,489.2921960072595,317.2413793103448,0.0,32.84132841328413,7.749077490774908,138.37638376383765,451.75766641735225
2ae19629-1dda-13a3-e055-000000000001,CROSSDONEY,50.0,36.666666666666664,0.0,25.0,5.0,759.016393442623,73.77049180327869,3.3333333333333335,0.0,3.3333333333333335,65.0,402.0442930153322
2ae19629-1ddb-13a3-e055-000000000001,REDHILL,134.6153846153846,6.41025641025641,0.0,6.41025641025641,8.547008547008549,878.2051282051282,57.69230769230769,0.0,0.0,0.0,68.37606837606839,369.3693693693694
2ae19629-1de4-13a3-e055-000000000001,PALMERSTON WEST,30.91211533130025,8.87163848073191,4.0199611865816465,32.71416689769892,46.853340726365396,682.7802813054759,143.11074696162777,4.574438591627391,26.060438037149986,14.277793179927919,56.55669531466593,259.49367088607596
2ae19629-1d68-13a3-e055-000000000001,DRUMFINN,19.050248481501935,6.350082827167311,0.8282716731087797,16.565433462175594,24.019878520154613,749.4493392070485,103.79955947136564,3.5891772501380452,6.6261733848702375,9.387078961899503,29.817780231916068,190.53051911009698
2ae19629-1d69-13a3-e055-000000000001,EDENMORE,36.47308781869688,6.7280453257790365,6.373937677053824,31.51558073654391,37.889518413597735,712.4690921935711,166.0190745319675,9.560906515580736,23.371104815864022,7.0821529745042495,59.13597733711048,274.1818181818182
2ae19629-1d75-13a3-e055-000000000001,LARAH SOUTH,29.585798816568047,3.9447731755424065,0.0,11.834319526627219,11.834319526627219,887.5739644970414,37.475345167652854,0.0,5.9171597633136095,0.0,41.42011834319527,329.89690721649487
2ae19629-1d7a-13a3-e055-000000000001,FOXROCK-CARRICKMINES,62.32975484697965,3.5250761095978205,6.088767825668963,28.360839609037015,68.73898413715752,681.0562934851359,184.53510436432637,0.1602307322544464,34.44960743470598,4.806921967633392,65.05367729530525,469.8247890979883
2ae19629-1d7c-13a3-e055-000000000001,FOXROCK-TORQUAY,70.68741893644618,3.8910505836575875,5.188067444876784,22.04928664072633,101.81582360570687,675.8664955070603,175.22464698331194,0.0,59.01426718547341,0.648508430609598,67.44487678339819,468.16976127320953
2ae19629-1d82-13a3-e055-000000000001,GRANGE D,40.85801838610827,5.873340143003064,3.319713993871297,32.17568947906027,50.561797752808985,682.6923076923077,201.417004048583,1.021450459652707,19.40755873340143,7.6608784473953015,62.30847803881512,339.6520384315762
2ae19629-1d8d-13a3-e055-000000000001,KILMAINHAM C,34.69263542300669,26.983160884560764,20.085209981740718,84.80421992290525,143.0310407790627,507.6674737691687,271.9935431799839,4.463379995942382,52.14039358896328,36.92432542097789,166.56522621221342,260.8877721943049
2ae19629-1d90-13a3-e055-000000000001,CASTLESAUNDERSON,68.40390879478828,6.514657980456026,0.0,26.058631921824105,39.08794788273615,490.4458598726115,108.28025477707007,0.0,19.543973941368076,6.514657980456026,71.6612377850163,422.44224422442244
2ae19629-1dcb-13a3-e055-000000000001,PRIORSWOOD D,30.28009084027252,7.948523845571537,5.299015897047691,23.84557153671461,47.31264193792582,744.4402563136072,117.6027139087825,8.70552611657835,19.30355791067373,18.168054504163514,50.340651021953065,205.4263565891473
2ae19629-1dcf-13a3-e055-000000000001,RAHENY-FOXFIELD,36.068172810146656,3.5671819262782405,3.5671819262782405,22.592152199762186,31.311930241775663,731.2965139052095,187.62240501370937,0.39635354736424894,14.66508125247721,3.9635354736424886,45.97701149425287,419.14722445695895
2ae19629-1dd5-13a3-e055-000000000001,RATHMINES EAST C,78.55688100087285,6.400931044515566,6.109979633401222,43.060808844922896,102.12394530113471,553.3869115958669,248.56486796785305,0.2909514111143439,27.640384055862672,10.183299389002038,88.44922897876054,499.41245593419507
2ae19629-1dd7-13a3-e055-000000000001,RATHMINES WEST A,48.58701041150223,20.657742521897205,22.64088580399934,162.94827301272517,209.71740208230045,349.1414554374489,319.869174161897,0.16526194017517767,67.09634771112214,21.979838043298628,217.81523715088417,252.45956311489076
2ae19629-1dd8-13a3-e055-000000000001,RATHMINES WEST B,60.3448275862069,12.931034482758621,21.282327586206897,125.53879310344828,210.39870689655172,352.2786799371398,317.7056050288109,0.5387931034482758,56.03448275862069,13.739224137931034,198.27586206896552,289.4596040663456
2ae19629-1ddc-13a3-e055-000000000001,SCRABBY,48.558421851289836,10.622154779969652,1.5174506828528074,40.9711684370258,30.349013657056148,797.583081570997,61.933534743202415,0.0,10.622154779969652,1.5174506828528074,69.80273141122915,341.08527131782944
2ae19629-1ddf-13a3-e055-000000000001,LUSK,37.46613099131085,26.347752966458003,5.138746145940391,68.29860786695319,68.29860786695319,661.8711713384072,166.32634119175793,3.1766794356722414,31.5799308605064,31.48649911239839,128.09492665607775,373.7519201228879
2ae19629-1de0-13a3-e055-000000000001,MALAHIDE EAST,78.7487828627069,8.276533592989288,7.181110029211295,49.780915287244405,69.25511197663097,664.0494884606234,198.78658101356174,0.0,25.559883154819865,5.8422590068159685,111.3680623174294,435.4759568204122
2ae19629-1de7-13a3-e055-000000000001,RATHMINES WEST D,62.59879860891558,12.646221941195067,17.7047107176731,95.47897565602275,154.91621877963956,491.93047796399753,290.5027932960894,0.0,58.488776478027184,13.278533038254821,158.39392981346822,376.14969869965114
2ae19629-1de9-13a3-e055-000000000001,RATHMINES WEST F,71.33011716057891,15.851137146795313,21.709166092350102,102.34321157822191,179.53135768435564,415.22256201155284,353.04111450900444,0.6891798759476223,52.37767057201929,17.22949689869056,191.2474155754652,366.50485436893206
2ae19629-1dea-13a3-e055-000000000001,ROTUNDA A,21.96880764715747,20.794901895019287,22.63961093409358,151.43384202582592,310.246520207949,280.6372549019608,228.70710784313724,1.8447090390742915,135.33456313935937,34.04326681200738,194.02985074626866,96.74359785014228
2ae19629-1dee-13a3-e055-000000000001,SAINT KEVIN'S,45.43650793650794,8.134920634920636,18.452380952380953,143.84920634920633,244.64285714285714,266.5736217725052,276.168876482903,1.5873015873015872,47.42063492063492,21.03174603174603,180.35714285714286,160.35194828514992
2ae19629-1df4-13a3-e055-000000000001,USHERS A,60.40268456375839,22.502960915909988,68.10106592972758,133.04382155546782,240.82116067903672,316.9826069962869,347.4692202462381,0.9869719699960521,113.6991709435452,32.175286221871296,229.96446900908012,224.5592948717949
2ae19629-1df8-13a3-e055-000000000001,USHERS E,34.146341463414636,10.29810298102981,15.718157181571817,57.99457994579946,103.5230352303523,503.4965034965035,209.7902097902098,0.5420054200542005,57.99457994579946,17.344173441734416,104.6070460704607,242.5083240843507
2ae19629-1df9-13a3-e055-000000000001,CROSSKEYS,54.208273894436516,4.279600570613409,0.0,11.412268188302425,12.838801711840228,903.8189533239039,48.090523338048094,0.0,0.0,9.985734664764621,35.66333808844508,329.4289897510981
2ae19629-1dfb-13a3-e055-000000000001,DENN,63.73937677053824,1.41643059490085,0.0,15.580736543909348,22.6628895184136,845.8274398868458,48.090523338048094,0.0,8.4985835694051,0.0,36.827195467422094,320.17543859649123
2ae19629-1d95-13a3-e055-000000000001,HOLMPATRICK,53.8442881397041,7.276255154014068,0.7276255154014067,21.101139946640796,30.80281348532622,720.520858451893,215.33638775018085,11.884550084889643,11.156924569488236,1.697792869269949,62.090710647586704,445.6140350877193
2ae19629-1d97-13a3-e055-000000000001,KILMORE A,30.815380419961823,16.089446413962367,30.269975456776656,49.904554131442595,73.62967002999727,679.4453507340946,146.8189233278956,1.636214889555495,64.63048813744206,16.907553858740116,92.99154622307063,296.4739069111424
2ae19629-1d99-13a3-e055-000000000001,KIMMAGE A,30.542390731964193,6.845708267509215,5.792522380200105,31.5955766192733,54.23907319641917,649.500788229112,196.53179190751447,2.6329647182727753,22.11690363349131,23.17008952080042,59.50500263296472,239.37600860677784
2ae19629-1da6-13a3-e055-000000000001,MERCHANTS QUAY F,40.12211077191452,18.75272568687309,16.13606628870475,102.0497165285652,246.40209332751854,344.50171821305844,289.94845360824746,2.1805494984736153,80.68033144352377,39.6860008722198,190.14391626689925,237.92325056433407
2ae19629-1dac-13a3-e055-000000000001,COOTEHILL RURAL,59.344552701505755,10.628875110717448,0.0,26.572187776793623,23.02922940655447,829.5254833040422,56.2390158172232,0.8857395925597874,7.971656333038087,0.0,47.82993799822852,409.4631483166515
2ae19629-1dad-13a3-e055-000000000001,MOYNEHALL,56.0369728480647,25.41883304448296,2.310803004043905,51.99306759098787,38.70595031773541,801.0350776308222,70.15526164462335,1.1554015020219526,24.263431542461007,9.820912767186597,112.0739456961294,377.36966824644554
2ae19629-1db1-13a3-e055-000000000001,KILLINEY SOUTH,46.40151515151515,5.997474747474747,3.1565656565656566,23.358585858585858,50.505050505050505,678.2023175696836,208.26808643908552,5.997474747474747,19.41287878787879,3.945707070707071,66.1300505050505,328.9111794208057
2ae19629-1db8-13a3-e055-000000000001,PEMBROKE EAST C,78.81893606637384,5.856515373352855,17.813567593948267,48.072230356271355,119.81454367984382,550.6101938262742,249.10265613783204,0.2440214738897023,43.43582235236701,6.34455832113226,112.98194241093216,442.52590034533796
2ae19629-1deb-13a3-e055-000000000001,ROTUNDA B,27.114647804302976,33.30386089006779,42.73504273504273,152.3725316828765,262.8941939286767,144.05126776260795,133.7419894120925,2.06307102858827,78.10197465369879,11.788977306218685,88.12260536398468,61.542906674371565
2ae19629-1df0-13a3-e055-000000000001,TERENURE A,52.16510508989618,6.330716637123322,9.369460622942517,65.07976702962776,93.44137756394024,503.7669512807634,341.28578603716727,0.7596859964547987,36.71815649531527,7.85008863003292,114.20612813370474,455.7291666666667
2ae19629-1df2-13a3-e055-000000000001,TERENURE C,51.446945337620576,2.1436227224008575,3.215434083601286,23.579849946409432,61.09324758842444,690.0584795321637,195.1089845826688,0.0,18.756698821007504,3.215434083601286,48.23151125401929,542.0054200542005
2ae19629-1dfc-13a3-e055-000000000001,SKEAGH,31.460674157303373,11.235955056179774,0.0,8.98876404494382,13.483146067415731,642.6966292134831,69.6629213483146,22.47191011235955,11.235955056179774,13.483146067415731,33.70786516853933,358.7962962962963
2ae19629-1e06-13a3-e055-000000000001,WALKINSTOWN A,19.37457511896669,30.591434398368456,60.1631543167913,42.14819850441876,116.58735554044867,484.8998982015609,162.53817441465898,0.0,104.3507817811013,20.394289598912305,66.96125084976207,203.98183723367097
2ae19629-1e1a-13a3-e055-000000000001,ARVAGH,73.57512953367876,4.1450777202072535,0.0,56.994818652849744,25.906735751295336,700.1034126163393,91.00310237849017,2.0725388601036268,8.290155440414507,0.0,104.66321243523316,347.22222222222223
2ae19629-1e22-13a3-e055-000000000001,BALGRIFFIN,32.397815031079304,16.952345074401958,24.48672066302505,66.86758334902996,291.5803352797137,451.8398268398268,146.82539682539684,18.835938971557734,51.798832171783765,35.223205876812955,194.57524957619137,249.0340030911901
2ae19629-1e23-13a3-e055-000000000001,BALLINASCORNEY,42.725173210161664,31.17782909930716,11.547344110854503,54.27251732101617,76.21247113163972,602.974828375286,178.48970251716247,13.856812933025404,50.80831408775981,33.48729792147806,109.69976905311778,311.61137440758296
2ae19629-1e0a-13a3-e055-000000000001,WHITEHALL B,37.5,8.564814814814815,20.60185185185185,67.82407407407408,80.32407407407408,605.8110272248913,215.9688858384809,2.5462962962962967,47.68518518518518,12.5,89.81481481481482,362.0607787274454
2ae19629-1e13-13a3-e055-000000000001,STRADONE,47.00352526439483,11.750881316098708,0.0,3.5252643948296125,24.676850763807284,849.1228070175439,40.93567251461988,0.0,7.050528789659225,2.3501762632197414,34.07755581668625,389.0243902439025
2ae19629-1e1e-13a3-e055-000000000001,DOWRA,175.0,0.0,0.0,6.25,87.5,743.75,131.25,0.0,25.0,0.0,75.0,303.2258064516129
2ae19629-1e25-13a3-e055-000000000001,BALLINTEER-BROADFORD,45.4914703493095,4.061738424045491,5.280259951259139,26.401299756295696,40.61738424045491,708.0645161290322,189.11290322580646,0.0,19.49634443541836,4.061738424045491,56.45816409423233,440.9185803757829
2ae19629-1e2c-13a3-e055-000000000001,KILBORA,36.95150115473441,11.547344110854503,0.0,4.618937644341801,48.49884526558892,801.3856812933026,85.45034642032333,2.3094688221709005,2.3094688221709005,0.0,57.736720554272516,459.5238095238095
2ae19629-1e36-13a3-e055-000000000001,BLACKROCK-MONKSTOWN,69.71935007385524,7.385524372230428,12.112259970457902,44.31314623338257,76.80945347119646,615.4295733489188,258.03623611922853,2.06794682422452,39.5864106351551,4.7267355982274735,96.602658788774,484.251968503937
2ae19629-1e38-13a3-e055-000000000001,BLACKROCK-BOOTERSTOWN,68.76953680022733,7.672634271099745,36.65814151747655,47.45666382495027,130.71895424836603,577.5695783962525,266.46459079636264,0.0,86.38817845978971,9.093492469451549,112.53196930946291,437.1973796639134
2ae19629-1e39-13a3-e055-000000000001,KILCORMICK,54.869684499314126,1.371742112482853,0.0,15.089163237311386,8.23045267489712,782.4897400820794,117.6470588235294,0.0,0.0,1.371742112482853,42.52400548696845,415.2542372881356
2ae19629-1db9-13a3-e055-000000000001,PEMBROKE EAST D,57.53476852733854,10.668698799771386,64.20270527719565,42.1032577633835,159.83996951800341,584.2026825633383,198.77049180327867,0.5715374357020385,140.78872166126882,9.144598971232616,100.40007620499144,331.6161037969853
2ae19629-1dba-13a3-e055-000000000001,PEMBROKE EAST E,70.2557200538358,7.537012113055182,41.99192462987887,81.29205921938089,173.35127860026915,483.18042813455656,229.35779816513764,0.0,88.82907133243607,11.305518169582772,152.89367429340513,329.14046121593293
2ae19629-1dc1-13a3-e055-000000000001,CORRANEARY,88.23529411764706,0.0,0.0,13.574660633484163,4.524886877828055,765.625,55.80357142857143,13.574660633484163,0.0,0.0,58.8235294117647,402.74599542334096
2ae19629-1dcc-13a3-e055-000000000001,PRIORSWOOD A,37.74792066538708,5.1183621241202815,0.0,26.23160588611644,32.62955854126679,747.7763659466327,99.74587039390089,3.838771593090211,8.317338451695457,14.715291106845811,35.18873960332694,208.8484059856864
2ae19629-1dd2-13a3-e055-000000000001,RATHFARNHAM,70.02500893176135,5.359056806002144,23.75848517327617,58.949624866023576,127.72418720971775,528.9528432732317,262.82940360610263,0.1786352268667381,49.12468738835298,15.18399428367274,126.83101107538405,426.26154939587775
2ae19629-1dd9-13a3-e055-000000000001,CROSSBANE,62.59314456035768,5.961251862891207,1.4903129657228018,17.883755588673623,16.393442622950822,828.6558345642541,91.5805022156573,0.0,5.961251862891207,1.4903129657228018,58.12220566318927,339.44954128440367
2ae19629-1df3-13a3-e055-000000000001,TERENURE D,70.03891050583658,1.297016861219196,0.0,14.267185473411153,51.880674448767834,691.8158567774935,191.8158567774936,0.0,7.782101167315175,1.297016861219196,33.72243839169909,538.562091503268
2ae19629-1df6-13a3-e055-000000000001,USHERS C,28.938906752411576,30.175612169181303,24.486767252040565,97.94706900816226,161.7610685134801,439.1742442860654,212.82870484148438,1.978728666831561,66.28741033885728,41.553302003462775,165.22384368043532,166.3712332236009
2ae19629-1e24-13a3-e055-000000000001,BALLINTEER-WOODPARK,45.65258571699186,5.682894487592347,11.74464860769085,31.06648986550483,79.37109301003977,633.1016344166824,199.88728160811573,0.7577192650123129,35.991665088084865,8.524341731388521,75.20363705247206,457.2259941804074
2ae19629-1e34-13a3-e055-000000000001,BALLYBRACK,42.57565095003519,2.8149190710767065,5.629838142153413,15.130190007037298,39.0570021111893,718.3147632311978,183.14763231197773,0.0,27.44546094299789,3.8705137227304713,42.92751583391977,385.4092526690391
2ae19629-1e37-13a3-e055-000000000001,BLACKROCK-SEAPOINT,92.25589225589226,7.407407407407407,7.407407407407407,41.07744107744108,83.5016835016835,581.3034891375905,270.5727452271231,0.0,31.64983164983165,3.3670033670033668,82.82828282828284,501.0128291694801
2ae19629-1e3f-13a3-e055-000000000001,GLENEALY,65.52706552706553,6.41025641025641,5.3418803418803416,28.49002849002849,48.43304843304843,644.5298846557148,201.67773505767215,8.903133903133904,12.82051282051282,5.698005698005698,86.53846153846153,379.1741472172352
2ae19629-1e4c-13a3-e055-000000000001,BALLYNESTRAGH,50.58651026392962,4.398826979472141,0.0,13.196480938416423,15.395894428152493,752.3533671252716,118.75452570601014,0.7331378299120235,7.331378299120235,0.0,40.32258064516129,438.78326996197717
2ae19629-1e4e-13a3-e055-000000000001,KILLANN,47.526673132880696,14.548981571290009,0.0,2.909796314258002,10.66925315227934,828.0499519692603,76.84918347742556,6.789524733268672,3.8797284190106693,0.0,50.4364694471387,381.09452736318406
2ae19629-1e4f-13a3-e055-000000000001,KILLENAGH,40.75235109717868,10.9717868338558,1.567398119122257,20.37617554858934,15.67398119122257,772.7272727272727,87.7742946708464,7.836990595611285,3.134796238244514,4.702194357366771,37.61755485893417,366.0130718954248
2ae19629-1e5d-13a3-e055-000000000001,WEXFORD No. 2 URBAN,59.613572101790766,23.562676720075398,5.183788878416588,41.70593779453346,36.28652214891612,734.3932663081599,149.63759644610707,5.655042412818096,16.022620169651272,4.005655042412818,95.19321394910462,257.9870285851549
2ae19629-1e3a-13a3-e055-000000000001,KILCOWAN,72.65774378585087,0.0,0.0,5.736137667304016,24.8565965583174,756.1904761904761,158.0952380952381,0.0,3.8240917782026767,0.0,53.53728489483748,326.2135922330097
2ae19629-1e3e-13a3-e055-000000000001,GLENDALOUGH,75.65789473684211,0.0,0.0,42.76315789473684,49.3421052631579,623.7942122186495,221.86495176848874,0.0,32.89473684210526,6.578947368421052,105.26315789473684,352.94117647058823
2ae19629-1e5c-13a3-e055-000000000001,WEXFORD No. 3 URBAN,68.86446886446888,53.479853479853475,14.652014652014651,73.26007326007327,97.43589743589743,573.2758620689656,197.55747126436782,8.791208791208792,57.875457875457876,10.989010989010989,189.010989010989,261.67531504818385
2ae19629-1e61-13a3-e055-000000000001,KILCOOLE,56.52714463323664,21.46705346042271,14.753418980522172,44.50891007045172,69.29133858267717,574.9403929951492,239.66126777933076,5.719021964359718,40.281806879403234,3.8126813095731453,118.19312059676751,388.23227132579655
2ae19629-1e62-13a3-e055-000000000001,BARRONSTOWN,81.08108108108108,1.589825119236884,1.589825119236884,1.589825119236884,23.847376788553262,852.2012578616352,66.0377358490566,25.437201907790143,1.589825119236884,0.0,74.72178060413356,352.18093699515344
2ae19629-1e67-13a3-e055-000000000001,ALTIDORE,65.27415143603133,5.221932114882507,0.0,23.49869451697128,36.55352480417755,634.020618556701,255.15463917525773,0.0,0.0,0.0,75.71801566579634,479.78436657681937
2ae19629-1e69-13a3-e055-000000000001,ARKLOW No. 1 URBAN,48.54651162790698,40.89147286821705,4.554263565891473,31.976744186046513,41.08527131782946,713.4175749975885,145.36510080061734,6.686046511627907,21.511627906976745,7.461240310077519,100.2906976744186,346.30619924737573
2ae19629-1e6b-13a3-e055-000000000001,BALLINACLASH,76.36887608069163,7.204610951008645,12.968299711815563,23.054755043227665,34.5821325648415,612.0689655172413,201.14942528735634,10.086455331412104,18.731988472622476,0.0,74.9279538904899,343.61233480176213
2ae19629-1dfd-13a3-e055-000000000001,SPRINGFIELD,75.14450867052024,0.0,0.0,11.560693641618496,11.560693641618496,387.28323699421964,75.14450867052024,0.0,0.0,5.780346820809248,52.02312138728324,315.7894736842105
2ae19629-1e00-13a3-e055-000000000001,RATHFARNHAM-BALLYROAN,32.59259259259259,2.962962962962963,2.962962962962963,19.62962962962963,41.48148148148148,708.3485235144002,189.57345971563979,0.0,11.11111111111111,4.814814814814815,37.40740740740741,504.69395418700714
2ae19629-1e03-13a3-e055-000000000001,RATHFARNHAM-St. ENDA'S,42.922841083290756,8.431272355646398,4.598875830352581,23.50536535513541,62.851303014818605,661.6902834008097,221.4068825910931,1.021972406745018,27.848748083801738,6.131834440470108,62.851303014818605,487.4124059174669
2ae19629-1e05-13a3-e055-000000000001,USHERS F,53.329404832056575,7.955215085444903,23.57100766057749,65.70418385385975,97.23040659988214,461.7162669748627,299.62438601560245,5.598114319387153,50.97230406599882,12.669416617560401,109.89982321744255,316.08515671200473
2ae19629-1e0b-13a3-e055-000000000001,WHITEHALL C,30.90277777777778,10.416666666666666,39.58333333333333,70.13888888888889,135.76388888888889,559.1471801925723,232.8060522696011,4.166666666666667,82.63888888888889,26.38888888888889,112.84722222222223,308.92285815854956
2ae19629-1e0c-13a3-e055-000000000001,WHITEHALL D,39.141414141414145,7.26010101010101,20.202020202020204,60.92171717171717,113.32070707070707,595.6084172003659,212.259835315645,4.103535353535354,48.92676767676768,12.941919191919192,97.22222222222223,352.0587296520907
2ae19629-1e0f-13a3-e055-000000000001,ARDUE,168.59122401847577,17.321016166281755,0.0,42.725173210161664,33.48729792147806,705.685618729097,96.98996655518395,0.0,12.702078521939953,9.237875288683602,123.5565819861432,343.0232558139535
2ae19629-1e10-13a3-e055-000000000001,DERRIN,50.7399577167019,0.0,0.0,23.25581395348837,19.027484143763214,849.8942917547569,86.68076109936575,0.0,0.0,2.1141649048625792,50.7399577167019,439.56043956043953
2ae19629-1e6e-13a3-e055-000000000001,BRIDGETOWN,82.37747653806048,6.256517205422315,0.0,13.555787278415016,13.555787278415016,780.8930425752856,137.07165109034267,0.0,1.0427528675703859,1.0427528675703859,64.65067778936393,388.6509635974304
2ae19629-1e72-13a3-e055-000000000001,KILMALLOCK,52.35940530058177,3.232062055591467,0.0,12.281835811247575,15.513897866839043,803.8709677419355,96.77419354838709,0.0,1.9392372333548804,0.6464124111182935,46.54169360051713,390.6666666666667
2ae19629-1e76-13a3-e055-000000000001,BALLINDERRY,73.70517928286853,0.0,0.0,19.9203187250996,43.82470119521913,622.0472440944882,188.9763779527559,3.9840637450199203,5.9760956175298805,0.0,69.7211155378486,464.5030425963489
2ae19629-1e7b-13a3-e055-000000000001,CARRICKBYRNE,84.69055374592834,9.771986970684038,0.0,8.143322475570033,16.286644951140065,820.3883495145631,92.23300970873787,24.4299674267101,8.143322475570033,0.0,76.54723127035831,353.0405405405405
2ae19629-1e7c-13a3-e055-000000000001,CASTLE ELLIS,69.01960784313725,12.549019607843137,0.0,7.8431372549019605,22.745098039215684,834.8909657320872,88.00623052959502,0.7843137254901961,2.352941176470588,4.705882352941176,54.11764705882353,396.96485623003196
2ae19629-1e8c-13a3-e055-000000000001,LADY'S ISLAND,75.16339869281046,3.2679738562091503,0.0,19.607843137254903,32.67973856209151,744.0,166.4,3.2679738562091503,1.6339869281045751,0.0,81.69934640522877,293.44262295081967
2ae19629-1e95-13a3-e055-000000000001,LIMERICK,35.10436432637571,1.8975332068311195,0.9487666034155597,18.026565464895636,26.565464895635674,741.4772727272727,149.62121212121212,0.0,3.795066413662239,1.8975332068311195,55.977229601518026,445.8788480635551
2ae19629-1e97-13a3-e055-000000000001,MAYGLASS,67.00167504187604,5.025125628140704,0.0,8.375209380234505,10.050251256281408,798.3333333333334,125.0,0.0,1.6750418760469012,0.0,51.926298157453935,395.8691910499139
2ae19629-1e73-13a3-e055-000000000001,KILMOKEA,65.53672316384181,4.519774011299435,0.0,16.949152542372882,12.429378531073446,812.6410835214447,117.38148984198646,1.1299435028248588,0.0,0.0,63.27683615819209,306.3583815028902
2ae19629-1e77-13a3-e055-000000000001,BALLINGATE,41.06280193236715,4.830917874396135,0.0,9.66183574879227,12.077294685990339,802.4096385542168,69.87951807228916,0.0,0.0,0.0,36.231884057971016,343.3583959899749
2ae19629-1e7a-13a3-e055-000000000001,CARRICK,58.56107083100948,3.9040713887339655,6.134969325153374,16.731734523145565,34.578918014500836,761.3326051338066,132.16821409066085,0.5577244841048522,17.84718349135527,3.9040713887339655,49.079754601226995,456.3871693866066
2ae19629-1e7d-13a3-e055-000000000001,KILNAHUE,58.21205821205822,0.0,0.0,14.553014553014554,8.316008316008316,817.6229508196722,112.70491803278689,0.0,2.079002079002079,0.0,33.264033264033266,404.3010752688172
2ae19629-1e7e-13a3-e055-000000000001,KILPATRICK,69.33333333333333,10.666666666666666,0.0,12.0,21.333333333333332,779.5275590551181,145.66929133858267,0.0,2.6666666666666665,0.0,50.666666666666664,410.42780748663097
2ae19629-1e82-13a3-e055-000000000001,BALLINGUILE,40.0,0.0,0.0,40.0,46.66666666666667,503.26797385620915,222.2222222222222,0.0,6.666666666666667,0.0,80.0,513.6986301369864
2ae19629-1e85-13a3-e055-000000000001,LACKAN,75.11737089201878,18.779342723004696,0.0,17.605633802816904,46.948356807511736,655.0522648083623,212.54355400696863,0.0,1.1737089201877935,2.347417840375587,92.72300469483568,450.54945054945057
2ae19629-1e89-13a3-e055-000000000001,CLONLEIGH,63.18082788671024,0.0,0.0,4.357298474945535,17.42919389978214,850.9719222462203,66.95464362850973,19.607843137254903,0.0,0.0,50.108932461873636,407.158836689038
2ae19629-1e1b-13a3-e055-000000000001,ASHFIELD,93.59605911330048,0.0,0.0,29.556650246305416,19.704433497536947,661.8357487922706,120.77294685990337,0.0,2.4630541871921183,0.0,78.81773399014779,438.59649122807014
2ae19629-1e1c-13a3-e055-000000000001,DIAMOND,134.2281879194631,26.845637583892618,0.0,0.0,13.422818791946309,675.4966887417219,46.35761589403974,0.0,0.0,0.0,114.09395973154362,326.3888888888889
2ae19629-1e1d-13a3-e055-000000000001,DOOGARY,132.35294117647058,0.0,0.0,22.058823529411764,22.058823529411764,750.0,132.35294117647058,0.0,0.0,0.0,125.0,320.6106870229007
2ae19629-1e1f-13a3-e055-000000000001,TAGHART,60.882800608828006,6.0882800608828,0.0,16.7427701674277,18.2648401826484,797.2768532526475,43.87291981845688,1.5220700152207,6.0882800608828,0.0,47.1841704718417,308.411214953271
2ae19629-1e2b-13a3-e055-000000000001,INCH,55.09181969949917,18.363939899833056,0.0,6.67779632721202,15.025041736227045,830.5647840531561,71.42857142857143,0.0,3.33889816360601,5.0083472454090145,66.7779632721202,337.3083475298126
2ae19629-1e30-13a3-e055-000000000001,TINTERN,97.05372616984403,10.398613518197575,0.0,13.86481802426343,13.287117273252454,808.4862385321101,105.5045871559633,1.7331022530329288,1.7331022530329288,1.7331022530329288,84.34430964760254,373.4439834024896
2ae19629-1e31-13a3-e055-000000000001,ENNEREILLY,63.04347826086956,2.1739130434782608,0.0,26.08695652173913,45.65217391304348,552.6881720430108,200.0,17.391304347826086,4.3478260869565215,0.0,69.56521739130434,421.1711711711711
2ae19629-1e40-13a3-e055-000000000001,BALLYLARKIN,53.87931034482758,6.4655172413793105,3.2327586206896552,19.396551724137932,47.41379310344827,679.1044776119403,128.99786780383795,11.853448275862068,5.387931034482759,0.0,62.5,405.04939626783755
2ae19629-1e9d-13a3-e055-000000000001,COURTOWN,66.28532974427995,11.440107671601615,0.3364737550471063,26.917900403768506,36.33916554508748,678.2868525896414,184.26294820717132,2.018842530282638,5.383580080753701,2.018842530282638,83.10901749663527,401.9842627437564
2ae19629-1ea4-13a3-e055-000000000001,BURGAGE,51.865332120109194,22.292993630573246,0.9099181073703367,48.68061874431301,65.51410373066425,668.7472135532768,179.2242532322782,2.2747952684258417,15.013648771610555,9.099181073703367,138.76251137397637,375.05752416014724
2ae19629-1eaa-13a3-e055-000000000001,DUNMAIN,67.2782874617737,3.058103975535168,0.0,30.581039755351682,15.290519877675841,781.1550151975683,142.85714285714286,0.0,0.0,0.0,97.85932721712538,417.95665634674924
2ae19629-1eab-13a3-e055-000000000001,EDERMINE,64.98422712933754,5.678233438485805,0.0,16.40378548895899,18.29652996845426,789.6055103318722,127.73951158422042,0.0,1.2618296529968456,0.0,62.460567823343844,368.3536194746957
2ae19629-1eaf-13a3-e055-000000000001,NEWTOWNBARRY,37.618850764778834,56.22157916494419,8.6812732534105,31.831335262505167,66.55642827614716,757.7868852459017,91.80327868852459,60.7689127738735,27.28400165357586,4.54733360892931,119.88424968995452,293.8689217758985
2ae19629-1eb7-13a3-e055-000000000001,ENNISCORTHY RURAL,50.15211579238499,40.103254356043145,8.481607817829815,42.50023047847331,37.15312989766756,735.2482334587502,108.37845278517024,20.46648842998064,20.3742970406564,9.495713100396424,104.26846132571217,303.0707610146863
2ae19629-1eb9-13a3-e055-000000000001,FERNS,44.54203262233375,21.329987452948558,1.8820577164366374,21.329987452948558,30.1129234629862,757.1964956195244,90.11264080100125,17.565872020075282,27.603513174404014,5.018820577164366,58.34378920953576,327.87958115183244
2ae19629-1eba-13a3-e055-000000000001,FETHARD,110.5318039624609,7.299270072992701,0.0,11.470281543274243,23.983315954118872,720.164609053498,144.0329218106996,1.0427528675703859,4.1710114702815435,0.0,68.82168925964547,318.85593220338984
2ae19629-1e96-13a3-e055-000000000001,MARSHALSTOWN,55.00450856627592,5.410279531109108,0.0,12.623985572587918,9.918845807033362,794.2497753818508,82.65947888589398,3.6068530207394045,1.8034265103697023,0.0,36.9702434625789,406.27885503231767
2ae19629-1e98-13a3-e055-000000000001,BLESSINGTON,46.419969345303265,28.902999781037877,0.8758484782132692,42.69761331289687,42.040726954236916,702.4847428073234,178.29119442022667,2.6275454346398073,14.451499890518939,6.568863586599519,111.45171885263849,383.9946200403497
2ae19629-1e99-13a3-e055-000000000001,BRAY No. 3,52.027543993879114,17.903596021423105,8.875286916602908,44.988523335883706,78.50038255547054,617.4689676052075,229.03421132303967,0.7651109410864575,53.863810252486616,4.284621270084163,100.53557765876052,347.77864380358534
2ae19629-1ea6-13a3-e055-000000000001,POWERSCOURT,85.91065292096219,10.309278350515465,4.581901489117985,27.491408934707902,44.67353951890034,553.4308211473565,247.46906636670414,0.0,8.018327605956472,4.581901489117985,79.03780068728523,376.44341801385684
2ae19629-1ea7-13a3-e055-000000000001,RATH,24.475524475524477,6.993006993006993,0.0,17.482517482517483,20.97902097902098,745.6445993031359,55.749128919860624,0.0,10.48951048951049,3.4965034965034967,48.95104895104895,382.6714801444043
2ae19629-1ea9-13a3-e055-000000000001,DUNCORMICK,103.125,12.5,0.0,10.9375,10.9375,744.5482866043614,147.97507788161994,1.5625,3.125,1.5625,92.1875,279.2207792207792
2ae19629-1eb1-13a3-e055-000000000001,CALARY,67.20430107526882,10.752688172043012,0.0,24.193548387096772,40.32258064516129,671.1229946524064,171.12299465240642,0.0,2.688172043010753,0.0,80.64516129032258,403.899721448468
2ae19629-1eb3-13a3-e055-000000000001,COOLATTIN,63.60424028268551,10.60070671378092,0.0,0.0,10.60070671378092,758.7412587412588,80.41958041958041,0.0,3.5335689045936394,14.134275618374557,42.40282685512368,447.27272727272725
2ae19629-1e42-13a3-e055-000000000001,KILGORMAN,56.497175141242934,1.1299435028248588,4.519774011299435,12.429378531073446,29.37853107344633,739.3258426966293,144.9438202247191,0.0,5.649717514124294,0.0,42.93785310734463,425.05854800936766
2ae19629-1e45-13a3-e055-000000000001,WEXFORD RURAL,50.932822586365894,31.779811307370363,17.23771015109598,41.7819394197347,48.37908774916649,716.2885726363252,146.47033958010428,6.809959565865078,36.816343902958074,7.30651911754274,111.65496204866284,336.6430605242024
2ae19629-1e4b-13a3-e055-000000000001,BALLYMORE,77.82101167315176,0.0,0.0,17.509727626459146,27.237354085603112,606.5891472868217,168.6046511627907,0.0,1.9455252918287937,5.836575875486381,71.98443579766537,357.14285714285717
2ae19629-1e5a-13a3-e055-000000000001,KILLINCOOLY,84.97723823975721,24.279210925644918,0.0,22.761760242792107,31.86646433990895,701.8072289156626,152.10843373493975,0.0,13.657056145675266,1.5174506828528074,95.59939301972686,317.90123456790127
2ae19629-1e5f-13a3-e055-000000000001,KILBRIDE,40.77849860982391,4.633920296570898,2.7803521779425395,51.899907321594064,38.92493049119555,646.8435498627631,180.23787740164684,0.0,14.828544949026877,1.8535681186283597,77.8498609823911,413.1054131054131
2ae19629-1e65-13a3-e055-000000000001,KILLINICK,95.98214285714286,7.8125,1.1160714285714286,12.276785714285714,49.107142857142854,728.1553398058253,134.8435814455232,0.0,5.580357142857143,0.0,94.86607142857143,311.8756936736959
2ae19629-1e68-13a3-e055-000000000001,ARKLOW RURAL,42.08273894436519,14.265335235378032,2.1398002853067046,20.684736091298145,17.118402282453637,722.26148409894,146.9964664310954,22.82453637660485,4.279600570613409,4.279600570613409,56.34807417974323,392.85714285714283
2ae19629-1e6d-13a3-e055-000000000001,KILLISKEY,73.8213399503722,5.583126550868486,7.444168734491315,24.81389578163772,106.07940446650124,540.6230910201588,241.905925473427,12.40694789081886,24.81389578163772,41.563275434243174,90.57071960297766,376.8584356819651
2ae19629-1ebc-13a3-e055-000000000001,RATHASPICK,62.56921373200443,8.859357696566999,2.2148394241417497,17.718715393133998,24.916943521594686,775.5775577557755,152.36523652365236,0.0,3.875968992248062,1.6611295681063123,60.90808416389812,406.6553863508178
2ae19629-1ec8-13a3-e055-000000000001,ROCHESTOWN,45.283018867924525,30.18867924528302,0.0,3.7735849056603774,7.547169811320755,807.5471698113208,116.9811320754717,11.320754716981131,7.547169811320755,0.0,45.283018867924525,455.64516129032256
2ae19629-1ece-13a3-e055-000000000001,CRONELEA,83.33333333333333,0.0,0.0,5.555555555555555,44.44444444444444,674.0331491712708,77.34806629834254,0.0,0.0,11.11111111111111,55.55555555555555,338.8888888888889
2ae19629-1ed3-13a3-e055-000000000001,TOGHER,41.88481675392671,0.0,0.0,20.942408376963353,2.617801047120419,754.5219638242894,134.36692506459949,0.0,2.617801047120419,0.0,52.35602094240838,403.7940379403794
2ae19629-1ed8-13a3-e055-000000000001,St. MARY'S,50.19305019305019,21.879021879021877,0.0,6.435006435006435,25.74002574002574,776.3659466327827,111.81702668360865,0.0,9.00900900900901,5.148005148005148,73.35907335907336,384.61538461538464
2ae19629-1edc-13a3-e055-000000000001,DUNGANSTOWN SOUTH,57.4468085106383,11.702127659574467,0.0,17.02127659574468,25.53191489361702,710.691823899371,158.28092243186583,1.0638297872340425,1.0638297872340425,1.0638297872340425,67.02127659574468,387.86565547128924
2ae19629-1ee0-13a3-e055-000000000001,WICKLOW URBAN,62.695035460992905,16.31205673758865,8.085106382978724,38.58156028368794,56.45390070921986,664.3199098845396,191.21374260771614,23.54609929078014,23.68794326241135,10.638297872340425,88.22695035460993,328.64394488759973
2ae19629-1ee2-13a3-e055-000000000001,BRAY No. 1,47.644539614561026,16.595289079229122,27.301927194860816,77.08779443254818,91.54175588865095,593.816631130064,236.14072494669512,10.171306209850108,96.35974304068523,2.1413276231263385,123.12633832976445,296.52125897294314
2ae19629-1eb5-13a3-e055-000000000001,RATHSALLAGH,69.93006993006993,6.993006993006993,0.0,38.46153846153847,27.972027972027973,656.3573883161512,134.02061855670104,13.986013986013987,3.4965034965034967,0.0,87.41258741258741,375.88652482269504
2ae19629-1ec3-13a3-e055-000000000001,THE GRANGE,79.91360691144708,4.319654427645789,0.0,25.91792656587473,6.479481641468682,756.3559322033898,127.11864406779661,0.0,0.0,2.1598272138228944,60.47516198704104,366.8122270742358
2ae19629-1ec5-13a3-e055-000000000001,FORD,76.3582966226138,20.558002936857562,1.4684287812041115,36.71071953010279,42.584434654919235,700.4341534008684,147.6121562952243,0.0,2.936857562408223,0.0,105.72687224669603,325.40861812778604
2ae19629-1ec7-13a3-e055-000000000001,GLYNN,101.32890365448505,11.627906976744185,0.0,18.272425249169437,33.222591362126245,750.4105090311987,139.57307060755338,0.0,14.950166112956811,1.6611295681063123,88.03986710963454,398.65996649916246
2ae19629-1ed6-13a3-e055-000000000001,GOREY URBAN,53.276505061267976,39.158231220031965,4.528502930207778,57.00586041555674,62.0671283963772,681.1938721605917,169.30797675647122,6.659563132658497,36.22802344166222,5.3276505061267985,129.9946723494939,315.7324668291362
2ae19629-1edd-13a3-e055-000000000001,TROOPERSTOWN,64.1399416909621,2.9154518950437316,0.0,8.746355685131196,49.56268221574344,706.8965517241379,209.77011494252872,0.0,8.746355685131196,0.0,78.71720116618076,429.82456140350877
2ae19629-1ede-13a3-e055-000000000001,TUCKMILL,47.92332268370607,6.3897763578274756,0.0,19.169329073482427,12.779552715654951,812.1019108280256,105.09554140127389,6.3897763578274756,3.1948881789137378,0.0,31.948881789137378,446.3087248322148
2ae19629-1ee9-13a3-e055-000000000001,THE LEAP,36.06237816764132,4.8732943469785575,0.0,16.569200779727094,4.8732943469785575,831.8756073858115,68.02721088435375,4.8732943469785575,0.0,0.9746588693957114,37.03703703703704,401.20361083249753
2ae19629-1e71-13a3-e055-000000000001,KILLURIN,60.130718954248366,1.3071895424836601,0.0,11.76470588235294,6.5359477124183005,838.5416666666666,95.05208333333333,0.0,1.3071895424836601,0.0,37.908496732026144,502.0134228187919
2ae19629-1e74-13a3-e055-000000000001,KILMORE,81.19135046919625,8.567931456548347,0.0,39.575683394532845,41.6156670746634,718.1044957472661,151.88335358444715,0.0,8.159934720522235,9.383924928600571,97.1032231742146,308.9770354906054
2ae19629-1e75-13a3-e055-000000000001,BALLINACOR,65.3950953678474,0.0,2.7247956403269753,13.623978201634877,38.14713896457766,658.5365853658537,138.21138211382114,0.0,0.0,8.174386920980925,73.56948228882834,464.7887323943662
2ae19629-1e81-13a3-e055-000000000001,BALLINGLEN,25.974025974025977,0.0,0.0,8.658008658008658,17.316017316017316,683.7606837606837,98.29059829059828,0.0,0.0,4.329004329004329,21.645021645021643,424.6575342465753
2ae19629-1e86-13a3-e055-000000000001,CASTLEBORO,52.083333333333336,7.291666666666667,0.0,8.333333333333334,7.291666666666667,842.3236514522822,78.83817427385893,0.0,1.0416666666666667,0.0,38.54166666666667,418.45493562231763
2ae19629-1e8a-13a3-e055-000000000001,KILSCORAN,85.76814326107446,10.367577756833176,0.0,31.10273327049953,68.80301602262017,690.587138863001,169.61789375582478,0.942507068803016,6.597549481621112,0.0,102.73327049952876,317.0028818443804
2ae19629-1e8d-13a3-e055-000000000001,BALLYBEG,67.6328502415459,4.830917874396135,0.0,4.830917874396135,28.985507246376812,746.5437788018434,142.85714285714286,0.0,4.830917874396135,0.0,28.985507246376812,342.99516908212564
2ae19629-1e8e-13a3-e055-000000000001,BALLYCULLEN,93.37349397590361,12.048192771084338,3.0120481927710845,36.144578313253014,81.32530120481927,368.73156342182887,324.48377581120945,3.0120481927710845,15.060240963855422,0.0,147.59036144578315,357.7981651376147
2ae19629-1ee3-13a3-e055-000000000001,HARRISTOWN,59.78260869565218,1.8115942028985508,1.8115942028985508,5.434782608695652,30.797101449275363,741.0071942446043,163.66906474820144,0.0,1.8115942028985508,1.8115942028985508,57.971014492753625,337.63837638376384
2ae19629-1eeb-13a3-e055-000000000001,DUNLAVIN,43.22949777495232,13.350286077558804,13.350286077558804,20.3432930705658,20.97902097902098,745.5696202531645,128.48101265822783,3.178639542275906,26.064844246662428,1.2714558169103625,55.94405594405595,364.8293963254593
2ae19629-1ef3-13a3-e055-000000000001,CLENOR,42.89544235924933,16.0857908847185,8.04289544235925,2.680965147453083,29.490616621983914,871.3136729222521,88.47184986595174,18.766756032171582,16.0857908847185,0.0,58.98123324396783,476.45429362880884
2ae19629-1ef6-13a3-e055-000000000001,DOUGLAS,37.9746835443038,12.658227848101266,0.0,37.9746835443038,37.9746835443038,629.6296296296297,123.45679012345678,0.0,6.329113924050633,6.329113924050633,44.30379746835443,429.48717948717945
2ae19629-1efe-13a3-e055-000000000001,DRINAGH,97.37827715355806,14.9812734082397,0.0,14.9812734082397,33.70786516853933,638.0597014925373,175.37313432835822,3.745318352059925,0.0,3.745318352059925,112.35955056179775,511.6279069767442
2ae19629-1f01-13a3-e055-000000000001,DROMINA,57.78491171749599,0.0,1.6051364365971108,11.235955056179774,30.497592295345104,759.5541401273886,97.13375796178345,0.0,1.6051364365971108,0.0,48.154093097913325,399.673735725938
2ae19629-1f0b-13a3-e055-000000000001,ARDSKEAGH,37.84860557768924,0.0,0.0,11.952191235059761,35.85657370517929,841.1764705882352,88.23529411764706,0.0,7.968127490039841,3.9840637450199203,35.85657370517929,455.64516129032256
2ae19629-1f0d-13a3-e055-000000000001,AULTAGH,63.3245382585752,2.638522427440633,0.0,42.21635883905013,10.554089709762533,790.0262467191601,133.85826771653544,0.0,0.0,0.0,92.34828496042216,468.66485013623975
2ae19629-1eef-13a3-e055-000000000001,AIRPORT,30.92608326253186,56.92438402718777,61.34239592183517,155.98980458793542,189.12489379779097,331.27438231469444,166.12483745123538,0.0,87.00084961767205,42.1410365335599,197.45114698385726,181.16927260367098
2ae19629-1ef0-13a3-e055-000000000001,BALBRIGGAN RURAL,31.547216880619512,54.88280234915025,15.175926407151396,90.84766904007068,131.54201964554858,557.6058303612963,146.53434641029617,7.120212047190894,54.77885764773141,113.35169689725066,204.66711709370614,337.2943327239488
2ae19629-1ef5-13a3-e055-000000000001,DOUCE,171.20622568093384,3.8910505836575875,0.0,27.237354085603112,11.673151750972762,646.1538461538462,207.6923076923077,0.0,0.0,7.782101167315175,155.64202334630352,340.08097165991904
2ae19629-1ef7-13a3-e055-000000000001,INCH,58.25242718446602,3.236245954692557,0.0,24.271844660194173,59.8705501618123,615.3846153846155,149.03846153846155,0.0,6.472491909385114,1.6181229773462784,85.76051779935274,417.21854304635764
2ae19629-1efa-13a3-e055-000000000001,BEAR,140.18691588785046,14.018691588785046,0.0,14.018691588785046,32.71028037383177,701.8348623853211,229.35779816513764,14.018691588785046,4.672897196261682,0.0,140.18691588785046,424.52830188679246
2ae19629-1f04-13a3-e055-000000000001,INISHKENNY,44.40333024976873,10.175763182238668,11.100832562442182,22.201665124884364,30.527289546716005,789.6678966789667,130.99630996309963,0.9250693802035153,29.602220166512488,0.0,33.30249768732655,577.6277724204436
2ae19629-1f0c-13a3-e055-000000000001,ARGIDEEN,52.910052910052904,13.227513227513226,0.0,13.227513227513226,18.51851851851852,701.5706806282722,130.89005235602093,2.6455026455026456,0.0,0.0,71.42857142857143,485.0948509485095
2ae19629-1f0e-13a3-e055-000000000001,BOHERBOY,36.048064085447265,54.73965287049399,18.69158878504673,21.36181575433912,29.372496662216285,869.8539176626826,67.72908366533864,0.0,22.696929238985316,16.02136181575434,113.48464619492657,425.59109874826146
2ae19629-1e8f-13a3-e055-000000000001,BALTINGLASS,46.12299465240641,20.38770053475936,4.679144385026738,40.106951871657756,56.81818181818181,687.3555628920436,112.57840871574777,7.352941176470588,14.037433155080215,7.68716577540107,92.58021390374331,319.78134608814486
2ae19629-1e93-13a3-e055-000000000001,CLONROCHE,38.403614457831324,3.0120481927710845,0.7530120481927711,22.59036144578313,14.30722891566265,835.7089272318079,75.76894223555888,78.3132530120482,0.7530120481927711,0.7530120481927711,45.93373493975904,339.54933954933955
2ae19629-1e9e-13a3-e055-000000000001,DRINAGH,49.77375565610859,4.524886877828055,1.8099547511312217,10.859728506787329,23.52941176470588,786.3554757630161,124.77558348294434,15.384615384615385,4.524886877828055,6.334841628959276,34.38914027149322,369.3858845096242
2ae19629-1ea8-13a3-e055-000000000001,RATHDANGAN,46.65314401622718,14.198782961460447,8.113590263691684,4.056795131845842,22.31237322515213,746.9879518072289,74.29718875502007,0.0,8.113590263691684,0.0,26.36916835699797,483.53909465020575
2ae19629-1eae-13a3-e055-000000000001,NEWCASTLE,61.452513966480446,9.31098696461825,0.0,7.4487895716946,16.75977653631285,824.9534450651769,126.6294227188082,1.86219739292365,0.0,1.86219739292365,33.5195530726257,401.1406844106464
2ae19629-1eb8-13a3-e055-000000000001,ENNISCORTHY URBAN,44.23748544819558,20.954598370197903,17.074117190531624,85.37058595265813,69.07256499805976,623.747680890538,133.2096474953618,9.313154831199068,34.92433061699651,7.37291424136593,124.56344586728754,224.17079679756006
2ae19629-1ebe-13a3-e055-000000000001,COOLBALLINTAGGART,40.54054054054054,3.8610038610038613,1.9305019305019306,7.722007722007723,9.652509652509652,818.1818181818182,89.01515151515152,0.0,3.8610038610038613,0.0,32.818532818532816,341.1764705882353
2ae19629-1ec0-13a3-e055-000000000001,CRONEBANE,52.5328330206379,0.0,0.0,18.761726078799253,37.523452157598506,660.4127579737335,116.32270168855536,0.0,1.876172607879925,5.628517823639775,54.409005628517825,306.5134099616858
2ae19629-1f10-13a3-e055-000000000001,BREDAGH,115.32625189681335,19.726858877086492,7.587253414264037,22.761760242792107,44.00606980273141,753.0120481927711,115.96385542168674,6.0698027314112295,18.20940819423369,15.174506828528074,113.80880121396055,449.1392801251956
2ae19629-1f12-13a3-e055-000000000001,CLONAKILTY URBAN,69.2025664527956,56.82859761686526,9.624197983501375,63.244729605866176,91.20073327222731,654.3016759776536,185.02793296089385,6.416131989000917,41.24656278643447,21.769019248395967,167.73602199816682,404.48140448140447
2ae19629-1f1f-13a3-e055-000000000001,DUNMANWAY SOUTH,56.05670103092784,21.907216494845358,0.0,25.773195876288657,14.819587628865978,724.4701348747592,104.68850353243417,2.577319587628866,1.288659793814433,2.577319587628866,65.72164948453609,426.9513008672448
2ae19629-1f25-13a3-e055-000000000001,CAHERBARNAGH,43.233082706766915,5.639097744360902,0.0,1.8796992481203008,18.796992481203006,917.6029962546817,48.68913857677903,0.0,1.8796992481203008,0.0,31.954887218045112,450.4854368932039
2ae19629-1f34-13a3-e055-000000000001,FERMOY RURAL,40.42854255104104,79.84637153830604,2.4257125530624624,43.46068324236911,37.598544572468164,767.4512170589418,113.05572319452827,18.394986860723673,10.10713563776026,10.915706488781078,149.98989286436225,392.29494614747307
2ae19629-1f36-13a3-e055-000000000001,BALLYDEHOB,180.61674008810573,1.1013215859030838,3.303964757709251,49.559471365638764,53.9647577092511,556.2770562770562,285.7142857142857,0.0,3.303964757709251,2.2026431718061676,197.136563876652,389.26174496644296
2ae19629-1f55-13a3-e055-000000000001,GLANLOUGH,172.2488038277512,0.0,4.784688995215311,57.41626794258374,38.27751196172249,628.9592760180996,253.39366515837102,0.0,0.0,0.0,200.95693779904306,334.86238532110093
2ae19629-1f56-13a3-e055-000000000001,GLANWORTH EAST,50.43859649122807,4.385964912280701,0.0,26.31578947368421,13.157894736842104,817.9824561403509,120.6140350877193,0.0,0.0,0.0,67.98245614035088,443.41801385681293
2ae19629-1f15-13a3-e055-000000000001,DUNMANUS,120.48192771084338,0.0,0.0,56.22489959839357,56.22489959839357,569.7211155378486,262.9482071713147,0.0,4.016064257028112,0.0,208.83534136546183,399.1769547325103
2ae19629-1f18-13a3-e055-000000000001,BALLINCOLLIG,29.577464788732392,4.929577464788733,4.929577464788733,9.154929577464788,21.830985915492956,869.7478991596639,88.93557422969188,0.7042253521126761,9.154929577464788,0.0,26.056338028169016,620.1607012417824
2ae19629-1f19-13a3-e055-000000000001,BALLINGURTEEN,100.8174386920981,2.7247956403269753,0.0,13.623978201634877,16.34877384196185,687.5,145.38043478260872,0.0,0.0,1.3623978201634876,84.46866485013624,458.44875346260386
2ae19629-1f1d-13a3-e055-000000000001,CLONFERT EAST,53.82436260623229,2.8328611898017,0.0,11.3314447592068,16.9971671388102,845.0704225352113,112.67605633802818,0.0,0.0,0.0,56.657223796033996,466.6666666666667
2ae19629-1f2b-13a3-e055-000000000001,BALLYBANE,248.20143884892087,7.194244604316547,0.0,79.13669064748201,64.74820143884892,446.3667820069204,349.4809688581315,0.0,10.79136690647482,0.0,276.978417266187,296.42857142857144
2ae19629-1f2c-13a3-e055-000000000001,BALLYCLOGH,40.60913705583756,7.614213197969543,0.0,12.690355329949238,20.30456852791878,833.7531486146096,80.60453400503778,1.2690355329949237,2.5380710659898473,8.883248730964468,39.34010152284264,482.49027237354085
2ae19629-1f2d-13a3-e055-000000000001,BALLYCOTTIN,63.86292834890965,18.69158878504673,0.0,30.11422637590862,33.74870197300104,692.1518987341773,182.27848101265823,1.557632398753894,3.6344755970924196,5.192107995846314,91.90031152647974,401.8937401367701
2ae19629-1f33-13a3-e055-000000000001,FARRANBRIEN,75.75757575757576,5.681818181818182,1.893939393939394,17.045454545454543,30.303030303030305,753.7593984962406,154.13533834586465,1.893939393939394,15.151515151515152,0.0,58.71212121212122,468.62745098039215
2ae19629-1d6c-13a3-e055-000000000001,FINGLAS NORTH C,28.985507246376812,20.23516543614985,3.281378178835111,40.74377905386929,43.47826086956522,676.9983686786297,175.91082109842304,3.8282745419742956,23.24309543341537,4.648619086683073,74.1044572053596,318.59154929577466
2ae19629-1d74-13a3-e055-000000000001,CARRAFIN,72.59953161592506,4.68384074941452,0.0,28.10304449648712,14.05152224824356,685.6492027334851,145.78587699316628,2.34192037470726,2.34192037470726,0.0,60.88992974238876,456.47058823529414
2ae19629-1d78-13a3-e055-000000000001,FIRHOUSE-KNOCKLYON,34.35334872979215,1.7321016166281755,3.175519630484988,11.258660508083143,32.33256351039261,754.985754985755,178.06267806267806,9.237875288683602,13.27944572748268,1.443418013856813,34.64203233256351,506.8533100029163
2ae19629-1d7e-13a3-e055-000000000001,GLENCULLEN,42.07579672695952,19.896640826873387,37.25236864771748,60.206718346253226,129.41429801894918,538.0996779115105,234.02271571452786,2.6270456503014645,85.61584840654608,12.747631352282514,146.81309216192938,395.84996009577014
2ae19629-1d84-13a3-e055-000000000001,HARMONSTOWN A,33.664068036853294,4.252303330970943,2.4805102763997167,35.79021970233877,38.97944720056697,733.497191011236,178.3707865168539,0.0,10.985116938341601,7.7958894401133945,60.24096385542169,364.94771006130543
2ae19629-1d89-13a3-e055-000000000001,INNS QUAY B,31.574199368516012,19.621109607577807,33.37843933243121,135.31799729364005,281.01037437979255,258.54088604804934,249.94489750936742,1.8042399639152007,100.81190798376184,28.86783942264321,185.6111862877763,145.99193909538738
2ae19629-1d92-13a3-e055-000000000001,LURGAN,69.13183279742766,6.430868167202572,1.607717041800643,14.469453376205788,30.54662379421222,754.8076923076923,94.55128205128204,0.0,6.430868167202572,0.0,53.05466237942122,378.5123966942149
2ae19629-1d9a-13a3-e055-000000000001,KIMMAGE B,28.93617021276596,7.375886524822695,4.25531914893617,34.89361702127659,58.43971631205674,656.3826776110953,215.11463345598642,1.4184397163120568,20.425531914893615,7.375886524822695,66.66666666666667,238.48396501457725
2ae19629-1ec9-13a3-e055-000000000001,ROSBERCON URBAN,56.6860465116279,171.51162790697674,15.988372093023257,93.02325581395348,79.94186046511628,555.0786838340487,168.8125894134478,14.534883720930232,36.33720930232558,14.534883720930232,270.3488372093023,212.298682284041
2ae19629-1ecb-13a3-e055-000000000001,ROSSLARE,85.9872611464968,9.099181073703367,0.45495905368516837,32.75705186533212,39.581437670609645,756.9382273948075,145.9265890778872,2.2747952684258417,5.914467697907188,3.639672429481347,100.09099181073704,354.60009246417013
2ae19629-1ed0-13a3-e055-000000000001,DONAGHMORE,45.5531453362256,2.1691973969631237,0.0,17.35357917570499,32.53796095444685,622.0302375809936,112.3110151187905,0.0,0.0,8.676789587852495,43.38394793926247,421.4123006833713
2ae19629-1ed7-13a3-e055-000000000001,HARPERSTOWN,100.3584229390681,3.5842293906810037,0.0,8.960573476702509,21.505376344086024,775.0,133.92857142857142,3.5842293906810037,1.7921146953405018,5.376344086021506,62.724014336917556,355.9633027522936
2ae19629-1eda-13a3-e055-000000000001,TAGHMON,44.27736006683375,25.062656641604008,0.0,20.885547201336674,30.075187969924812,765.195670274771,84.92922564529559,96.90893901420216,5.012531328320802,2.506265664160401,80.20050125313283,269.4300518134715
2ae19629-1edb-13a3-e055-000000000001,DUNGANSTOWN EAST,70.32967032967034,5.4945054945054945,3.2967032967032965,23.076923076923077,52.747252747252745,553.5135135135135,197.83783783783784,2.197802197802198,9.89010989010989,2.197802197802198,92.3076923076923,438.1898454746137
2ae19629-1edf-13a3-e055-000000000001,WICKLOW RURAL,49.98526956692527,17.185505253854462,10.114897377982913,38.299125994304234,49.78886379259551,650.6294525226896,201.42480726066168,11.48973779829127,30.639300795443386,5.990376117057841,96.04242364725522,375.63606757581925
2ae19629-1ee5-13a3-e055-000000000001,HUNTINGTOWN,60.43956043956044,0.0,0.0,13.736263736263735,21.978021978021978,586.3013698630137,150.6849315068493,0.0,2.7472527472527473,0.0,41.20879120879121,434.17366946778714
2ae19629-1f5b-13a3-e055-200000000001,CAHERLAG,33.370913190529876,19.84216459977452,8.568207440811726,37.20405862457723,47.12514092446449,749.4387067804221,163.44858554108666,2.254791431792559,25.253664036076664,17.587373167981962,80.49605411499437,492.99392807099485
2ae19629-1f63-13a3-e055-000000000001,GLENVILLE,19.635343618513325,7.012622720897616,0.0,7.012622720897616,11.220196353436185,849.1620111731844,99.16201117318437,0.0,4.207573632538569,8.415147265077138,22.44039270687237,505.0359712230216
2ae19629-1f68-13a3-e055-000000000001,CARRIGTOHILL,33.92747387830362,66.1339889366933,7.621389059618931,37.7381684081131,69.20712968653963,714.9492727050483,145.70345923481239,2.212661339889367,32.32944068838353,40.073755377996314,150.21511985248927,430.4812834224599
2ae19629-1f69-13a3-e055-000000000001,CASHEL,45.45454545454545,4.545454545454545,2.2727272727272725,18.18181818181818,22.727272727272727,718.8208616780046,126.98412698412697,0.0,2.2727272727272725,0.0,70.45454545454545,512.8205128205128
2ae19629-1f6e-13a3-e055-000000000001,CULLEN,35.08771929824561,5.263157894736842,7.017543859649123,24.56140350877193,56.140350877192986,746.5753424657535,152.3972602739726,0.0,21.052631578947366,0.0,57.89473684210526,516.9340463458111
2ae19629-1f6f-13a3-e055-000000000001,GORTNASCREENY,109.86964618249534,18.6219739292365,0.0,22.3463687150838,35.381750465549345,723.2472324723246,173.43173431734317,0.0,14.8975791433892,5.58659217877095,134.0782122905028,490.34749034749035
2ae19629-1f72-13a3-e055-000000000001,BANTEER,47.87234042553192,17.28723404255319,1.3297872340425532,9.308510638297872,10.638297872340425,824.074074074074,112.43386243386243,0.0,2.6595744680851063,0.0,46.54255319148936,415.4057771664374
2ae19629-1f74-13a3-e055-000000000001,BANTRY URBAN,78.61635220125785,36.79245283018868,17.29559748427673,65.40880503144653,47.48427672955975,660.2144133412746,154.85407980941034,10.062893081761006,38.36477987421384,5.345911949685534,141.19496855345912,373.0979914790018
2ae19629-1f37-13a3-e055-000000000001,BALLYFEARD,41.76904176904177,14.742014742014742,0.0,19.656019656019655,27.027027027027028,703.4313725490197,120.09803921568628,0.0,2.457002457002457,0.0,46.68304668304668,483.4605597964377
2ae19629-1f3a-13a3-e055-000000000001,CANDROMA,36.03603603603604,9.00900900900901,0.0,24.024024024024023,33.03303303303303,771.7717717717718,105.10510510510511,6.006006006006006,15.015015015015015,3.003003003003003,45.04504504504504,712.5
2ae19629-1f3b-13a3-e055-000000000001,CANNAWAY,47.95486600846262,2.8208744710860367,0.0,11.283497884344147,26.798307475317348,813.0193905817175,137.1191135734072,1.4104372355430184,1.4104372355430184,1.4104372355430184,40.90267983074753,550.5124450951683
2ae19629-1f3d-13a3-e055-000000000001,CARRIG,48.88888888888889,0.0,0.0,0.0,22.22222222222222,844.4444444444445,84.44444444444444,0.0,0.0,8.88888888888889,26.666666666666668,571.4285714285714
2ae19629-1f40-13a3-e055-000000000001,COBH URBAN,55.055200464846024,19.90122022080186,3.7768739105171414,48.22777454968042,47.93724578733295,699.8137268949707,189.42541911448632,1.5979081929110983,15.979081929110981,11.04009296920395,102.55665310865776,364.7613435474367
2ae19629-1f42-13a3-e055-000000000001,GARRANES,135.80246913580245,12.345679012345679,0.0,24.691358024691358,17.28395061728395,589.242053789731,190.70904645476773,4.938271604938271,0.0,0.0,172.8395061728395,427.8481012658228
2ae19629-1f44-13a3-e055-000000000001,BALLYHOOLAHAN,88.73720136518772,6.825938566552901,0.0,10.238907849829351,3.4129692832764507,888.1355932203389,77.96610169491527,0.0,0.0,3.4129692832764507,54.60750853242321,542.2535211267606
2ae19629-1f50-13a3-e055-000000000001,BALLYMODAN,47.000216590859864,47.86658003032272,3.0322720381199915,52.198397227636995,44.61771713233702,724.6781115879828,116.52360515021459,5.198180636777128,12.345679012345679,10.396361273554255,143.81633095083387,420.30276046304544
2ae19629-1d9c-13a3-e055-000000000001,KIMMAGE D,39.31691818903892,5.559968228752979,7.545671167593328,47.25972994440031,73.86814932486101,580.3395183576786,244.76904855902092,4.368546465448769,25.416997617156472,15.091342335186656,70.69102462271644,304.4189852700491
2ae19629-1d9d-13a3-e055-000000000001,KIMMAGE E,34.22490652861662,12.366983031348864,5.752085130859937,56.94564279551337,91.74575783721599,626.0,213.71428571428572,1.4380212827149843,41.99022145527754,14.667817083692839,103.53753235547886,298.58657243816253
2ae19629-1d9e-13a3-e055-000000000001,KYLEMORE,25.90266875981162,5.4945054945054945,2.3547880690737832,14.91365777080063,25.510204081632654,752.4442706296442,103.24599139616738,39.24646781789639,10.989010989010989,5.4945054945054945,34.14442700156986,179.85318107667212
2ae19629-1da2-13a3-e055-000000000001,MERCHANTS QUAY B,33.557046979865774,20.13422818791946,19.415148609779482,183.12559923298178,219.07957813998084,291.2733133778494,332.9495740271702,0.7190795781399808,58.7248322147651,20.37392138063279,227.22914669223394,167.3391882269167
2ae19629-1da4-13a3-e055-000000000001,MERCHANTS QUAY D,47.131147540983605,6.147540983606557,14.344262295081968,86.88524590163935,161.88524590163937,384.8543689320388,405.43689320388347,1.2295081967213115,49.18032786885246,15.573770491803279,148.7704918032787,342.23107569721117
2ae19629-1da5-13a3-e055-000000000001,MERCHANTS QUAY E,41.852905323039415,8.939455505891914,39.00853311661926,124.33969930922389,237.70824867939862,278.3855149000377,310.44888721237265,0.8126777732629012,108.49248273059732,27.224705404307194,168.22429906542055,213.35379892555642
2ae19629-1da8-13a3-e055-000000000001,MOUNTJOY B,19.3754273991338,30.772737633918396,46.72897196261682,196.26168224299064,346.02233872806016,297.9942693409742,243.11218867092794,0.6838386140870755,134.94415317984956,38.52290859357191,316.3893321176202,91.44276360352224
2ae19629-1dae-13a3-e055-000000000001,MULLAGH,63.070210234034114,15.073383577945261,1.5866719555731852,42.04680682268941,36.09678698928996,776.3313609467456,97.43589743589743,6.346687822292741,7.536691788972631,21.420071400238,86.07695358984529,357.025472473295
2ae19629-1ef4-13a3-e055-000000000001,CLOGHDONNELL,122.07792207792208,2.5974025974025974,0.0,33.76623376623376,23.376623376623378,641.7525773195877,224.22680412371136,0.0,0.0,2.5974025974025974,145.45454545454544,397.84946236559136
2ae19629-1ef8-13a3-e055-000000000001,INCHIGEELAGH,53.17324185248713,27.444253859348198,0.0,18.867924528301884,17.152658662092627,813.9931740614335,112.62798634812286,0.0,3.4305317324185247,6.861063464837049,72.04116638078902,419.9288256227758
2ae19629-1ef9-13a3-e055-000000000001,BEALOCK,97.12230215827338,10.79136690647482,0.0,25.179856115107913,14.388489208633095,799.2831541218638,143.36917562724014,0.0,3.5971223021582737,0.0,118.70503597122303,559.2592592592592
2ae19629-1efc-13a3-e055-000000000001,BISHOPSTOWN,26.634382566585955,33.898305084745765,43.583535108958834,46.00484261501211,89.58837772397095,655.5819477434679,123.51543942992873,0.0,82.32445520581113,38.7409200968523,106.53753026634382,378.97310513447434
2ae19629-1f03-13a3-e055-000000000001,INISHANNON,54.93975903614458,19.75903614457831,2.4096385542168677,21.204819277108435,26.987951807228914,784.6227316141357,121.77650429799428,1.4457831325301205,3.855421686746988,2.4096385542168677,70.36144578313252,514.6401985111663
2ae19629-1f07-13a3-e055-000000000001,DRISHANE,32.67326732673268,92.57425742574257,2.9702970297029703,27.22772277227723,111.38613861386139,746.5551181102362,83.66141732283465,1.4851485148514851,28.712871287128714,63.86138613861386,139.10891089108912,356.5931246793227
2ae19629-1f0f-13a3-e055-000000000001,BOULTEEN,83.09037900874635,5.830903790087463,2.9154518950437316,16.034985422740526,32.06997084548105,683.4532374100719,182.73381294964028,0.0,4.373177842565598,0.0,72.8862973760933,515.5555555555555
2ae19629-1f11-13a3-e055-000000000001,CLONAKILTY RURAL,69.71375807940905,12.465373961218837,2.308402585410896,36.47276084949215,34.16435826408126,686.8504292815182,169.45323090826932,3.693444136657433,16.158818097876267,2.770083102493075,84.48753462603878,503.9812646370023
2ae19629-1f79-13a3-e055-000000000001,CASTLELYONS,45.18828451882845,21.757322175732217,0.0,30.96234309623431,25.94142259414226,768.7188019966721,134.77537437603993,0.8368200836820083,10.878661087866108,8.368200836820083,72.80334728033473,445.87628865979383
2ae19629-1f7c-13a3-e055-000000000001,CURRYGLASS,105.51558752997602,4.796163069544364,0.0,55.15587529976019,31.17505995203837,782.2014051522248,145.19906323185012,0.0,4.796163069544364,2.398081534772182,131.89448441247004,418.66028708133973
2ae19629-1f82-13a3-e055-000000000001,CASTLEMAGNER,62.76150627615063,9.762900976290098,2.7894002789400276,20.920502092050206,13.94700139470014,813.8888888888889,105.55555555555556,0.0,11.15760111576011,1.3947001394700138,66.94560669456067,415.69767441860466
2ae19629-1f83-13a3-e055-000000000001,CASTLEMARTYR,51.50631681243926,10.689990281827017,3.887269193391642,23.323615160349853,32.06997084548105,752.8301886792453,119.81132075471699,0.0,6.802721088435374,5.830903790087463,68.02721088435375,442.9400386847195
2ae19629-1f91-13a3-e055-000000000001,GREENVILLE,61.688311688311686,19.48051948051948,0.0,12.987012987012989,25.974025974025977,786.4077669902913,100.32362459546925,0.0,3.246753246753247,0.0,81.16883116883116,496.66666666666663
2ae19629-1fa1-13a3-e055-000000000001,KILKEE,91.84629803186505,6.560449859418931,0.0,9.37207122774133,103.09278350515463,638.3855024711696,121.08731466227347,1.8744142455482662,4.686035613870665,0.9372071227741331,62.79287722586692,288.60759493670884
2ae19629-1fb6-13a3-e055-000000000001,KILLASPUGLONANE,113.63636363636363,0.0,0.0,45.45454545454545,22.727272727272727,669.9029126213593,252.4271844660194,0.0,0.0,0.0,100.64935064935065,459.4594594594595
2ae19629-1fb7-13a3-e055-000000000001,MOUNTIEVERS,47.176554681915654,26.44746247319514,5.003573981415297,17.8699070764832,40.743388134381696,792.9078014184397,120.56737588652481,2.144388849177984,15.010721944245889,3.5739814152966405,69.33523945675482,495.964783565664
2ae19629-1f51-13a3-e055-000000000001,CARRIGBAUN,105.26315789473684,0.0,0.0,5.847953216374268,17.543859649122805,760.1156069364163,115.60693641618496,0.0,0.0,0.0,84.7953216374269,438.59649122807014
2ae19629-1f54-13a3-e055-000000000001,COOLMAIN,75.89285714285714,0.0,0.0,26.785714285714285,17.857142857142858,727.0742358078602,146.2882096069869,0.0,0.0,2.232142857142857,80.35714285714286,460.13667425968106
2ae19629-1f58-13a3-e055-000000000001,BALLYMURPHY,49.44500504540868,4.036326942482341,2.0181634712411705,7.063572149344097,18.163471241170534,859.1549295774647,89.53722334004024,0.0,7.063572149344097,0.0,31.28153380423814,524.8447204968944
2ae19629-1f59-13a3-e055-000000000001,BALLYNAGLOGH,31.25,9.615384615384617,0.0,16.826923076923077,12.01923076923077,876.1904761904761,88.0952380952381,0.0,0.0,2.403846153846154,38.46153846153847,485.4368932038835
2ae19629-1f5e-13a3-e055-000000000001,CORKBEG,59.2485549132948,13.728323699421965,0.0,17.702312138728324,39.017341040462426,701.779359430605,148.39857651245552,0.722543352601156,7.586705202312139,9.39306358381503,64.66763005780348,433.6904322127817
2ae19629-1f5f-13a3-e055-000000000001,COULAGH,113.67673179396093,5.328596802841918,1.7761989342806395,24.866785079928952,37.300177619893425,756.0137457044673,168.3848797250859,0.0,5.328596802841918,7.104795737122558,97.69094138543517,431.57894736842104
2ae19629-1f61-13a3-e055-000000000001,GLENGARRIFF,121.21212121212122,7.792207792207792,0.8658008658008658,38.0952380952381,45.887445887445885,663.844199830652,240.47417442845045,0.8658008658008658,3.463203463203463,0.0,151.51515151515153,451.6695957820738
2ae19629-1f66-13a3-e055-000000000001,BALLYNAMONA,27.184466019417474,6.796116504854369,0.970873786407767,12.62135922330097,21.359223300970875,852.1739130434783,96.61835748792271,0.0,4.854368932038835,2.912621359223301,32.03883495145631,521.5646940822467
2ae19629-1db2-13a3-e055-000000000001,NORTH CITY,31.095519055971934,18.97623983415723,53.739435496730984,173.9754425131558,282.8894913092011,193.21380945325234,205.6600977922655,5.421782809759209,142.24206665603572,22.006059639610907,160.89937808961886,78.32618025751073
2ae19629-1dd0-13a3-e055-000000000001,RAHENY-GREENDALE,48.19277108433735,9.370816599732263,12.940651494868362,35.698348951361,51.76260597947345,660.0353669319187,187.0026525198939,1.7849174475680498,25.435073627844712,9.817045961624276,68.27309236947791,309.5564700502972
2ae19629-1de1-13a3-e055-000000000001,MALAHIDE WEST,63.374346873419846,4.045171077026799,1.5169391538850499,32.86701500084274,45.67672341142761,705.8530096441636,199.20186232125042,0.3370975897522333,10.787122872071466,3.8766222821506826,76.52115287375695,484.1242744964151
2ae19629-1de2-13a3-e055-000000000001,NEWCASTLE,29.912980420594636,36.80203045685279,29.731689630166787,46.2291515591008,73.42277012327773,639.949567723343,136.1671469740634,15.59100797679478,65.08339376359682,39.52139231327049,114.03190717911531,343.9969890854347
2ae19629-1de8-13a3-e055-000000000001,RATHMINES WEST E,54.11314566821536,8.745558895873188,26.783274118611644,79.52992620934681,148.12790379885215,465.51724137931035,308.99784482758616,1.3664935774801859,58.759223831647994,20.497403662202785,151.68078710030065,389.7364771151179
2ae19629-1dfa-13a3-e055-000000000001,CUTTRAGH,52.863436123348016,2.2026431718061676,15.418502202643172,17.62114537444934,30.837004405286343,916.2995594713657,41.85022026431718,0.0,15.418502202643172,0.0,37.44493392070485,372.3653395784544
2ae19629-1dff-13a3-e055-000000000001,RATHCOOLE,30.51571559353067,28.532194079951175,17.241379310344826,44.55294476655477,67.89746719560574,647.6479514415781,160.84977238239756,1.37320720170888,54.01281660054928,13.7320720170888,102.22764723832773,371.2278460801533
2ae19629-1e04-13a3-e055-000000000001,RATHFARNHAM VILLAGE,56.215868936716994,7.709604882749759,14.134275618374557,32.765820751686476,73.8837134596852,616.2162162162163,234.3402225755167,0.0,45.61516222293607,3.8548024413748796,72.59877931256023,492.4540682414698
2ae19629-1f14-13a3-e055-000000000001,DUNGOURNEY,37.99019607843137,31.862745098039213,6.127450980392156,11.029411764705882,31.862745098039213,753.0562347188264,150.36674816625916,0.0,12.254901960784313,3.676470588235294,79.65686274509804,457.433290978399
2ae19629-1f20-13a3-e055-000000000001,DURRUS EAST,202.16606498194943,3.6101083032490977,0.0,68.59205776173286,25.27075812274368,568.904593639576,254.41696113074204,0.0,0.0,0.0,220.21660649819495,411.5523465703971
2ae19629-1f28-13a3-e055-000000000001,CLONMULT,40.90909090909091,22.727272727272727,4.545454545454545,4.545454545454545,27.27272727272727,822.7272727272727,163.63636363636363,0.0,4.545454545454545,0.0,40.90909090909091,466.9811320754717
2ae19629-1f32-13a3-e055-000000000001,CLOONKEEN,111.68831168831169,0.0,0.0,23.376623376623378,31.16883116883117,683.9378238341969,194.30051813471502,0.0,5.194805194805195,2.5974025974025974,101.2987012987013,442.0485175202156
2ae19629-1f39-13a3-e055-000000000001,BALLYGARVAN,26.64576802507837,6.792058516196446,7.3145245559038665,12.539184952978056,27.690700104493207,824.5067497403946,111.63032191069574,0.5224660397074191,13.584117032392893,4.702194357366771,36.05015673981191,524.5018847603662
2ae19629-1f45-13a3-e055-000000000001,BALLYHOOLY,50.200803212851405,30.120481927710845,0.0,23.092369477911646,36.144578313253014,762.66137040715,148.95729890764648,5.020080321285141,7.028112449799196,1.004016064257028,79.31726907630522,438.7434554973822
2ae19629-1f4a-13a3-e055-000000000001,COOLAGH,258.21596244131456,0.0,0.0,42.25352112676056,46.948356807511736,333.3333333333333,458.3333333333333,0.0,0.0,0.0,262.9107981220657,302.4390243902439
2ae19629-1f52-13a3-e055-000000000001,CARRIGBOY,69.6798493408663,7.532956685499058,0.0,33.898305084745765,18.832391713747644,748.1343283582089,111.94029850746269,0.0,0.0,0.0,97.92843691148775,471.2643678160919
2ae19629-1fc1-13a3-e055-000000000001,MOY,53.4045393858478,4.005340453938585,4.005340453938585,17.356475300400533,29.372496662216285,733.3333333333333,159.47712418300654,0.0,10.68090787716956,0.0,50.734312416555404,541.4965986394558
2ae19629-1fc4-13a3-e055-000000000001,BALLYCANNAN,55.98455598455598,3.8610038610038613,0.0,8.687258687258687,115.83011583011583,718.5398655139289,98.9433237271854,11.583011583011583,34.74903474903475,60.810810810810814,40.54054054054054,371.06299212598424
2ae19629-1fc6-13a3-e055-000000000001,DANGAN,53.719008264462815,0.0,0.0,28.925619834710744,8.264462809917356,857.1428571428571,122.44897959183673,0.0,4.132231404958678,0.0,45.45454545454545,534.1880341880342
2ae19629-1fc8-13a3-e055-000000000001,DERRYNAGITTAGH,139.86013986013987,0.0,0.0,0.0,13.986013986013987,748.2993197278912,88.43537414965986,0.0,0.0,0.0,83.91608391608392,377.6223776223776
2ae19629-1fcb-13a3-e055-000000000001,KILLOFIN,41.935483870967744,0.0,0.0,3.225806451612903,51.61290322580645,884.2443729903538,77.17041800643088,0.0,0.0,0.0,35.483870967741936,421.5686274509804
2ae19629-1fce-13a3-e055-000000000001,MULLAGH,57.59162303664921,0.0,0.0,20.942408376963353,26.17801047120419,860.8247422680413,77.31958762886599,0.0,5.235602094240838,0.0,26.17801047120419,335.1063829787234
2ae19629-1fdb-13a3-e055-000000000001,BALLYVASKIN,62.65060240963856,14.457831325301205,0.0,7.228915662650603,28.91566265060241,817.5355450236966,132.70142180094788,0.0,0.0,0.0,33.734939759036145,431.37254901960785
2ae19629-1fdc-13a3-e055-000000000001,DRUMCREEHY,55.921052631578945,0.0,4.934210526315789,41.11842105263158,333.88157894736844,460.26986506746624,209.89505247376312,1.644736842105263,9.868421052631579,0.0,93.75,318.40000000000003
2ae19629-1c52-13a3-e055-000000000001,ANNESTOWN,65.50218340611353,8.73362445414847,0.0,13.100436681222707,19.650655021834062,738.2769901853871,172.3009814612868,1.0917030567685588,0.0,0.0,69.86899563318777,485.7468643101482
2ae19629-1c59-13a3-e055-000000000001,MONSEA,42.27405247813411,4.373177842565598,0.0,10.204081632653061,27.696793002915452,762.2478386167147,113.8328530259366,1.4577259475218658,1.4577259475218658,0.0,32.06997084548105,535.7142857142857
2ae19629-1c5a-13a3-e055-000000000001,MORTLESTOWN,43.66028708133971,72.36842105263158,4.784688995215311,90.31100478468899,104.06698564593302,654.8253404381292,85.84961515689757,16.148325358851675,11.961722488038278,7.77511961722488,237.44019138755982,345.1004260499087
2ae19629-1c5d-13a3-e055-000000000001,CLOGHEEN,101.2909632571996,5.958291956305859,0.9930486593843098,30.784508440913605,36.74280039721946,728.9812067260139,119.68348170128586,4.96524329692155,23.833167825223438,3.972194637537239,89.3743793445879,330.2752293577982
2ae19629-1c60-13a3-e055-000000000001,KILBARRON,79.9373040752351,3.134796238244514,0.0,7.836990595611285,32.9153605015674,749.2260061919504,105.26315789473684,1.567398119122257,0.0,1.567398119122257,78.36990595611286,459.0690208667737
2ae19629-1c63-13a3-e055-000000000001,MOYCARKY,27.777777777777775,1.8518518518518519,0.0,1.8518518518518519,20.370370370370374,872.4584103512016,27.726432532347506,27.777777777777775,14.814814814814815,0.0,9.25925925925926,425.0474383301708
2ae19629-1c65-13a3-e055-000000000001,BALLYDUFF,61.76470588235294,2.941176470588235,0.0,29.41176470588235,17.647058823529413,824.0469208211144,90.9090909090909,0.0,2.941176470588235,0.0,50.0,493.9024390243902
2ae19629-1c6f-13a3-e055-000000000001,NENAGH RURAL,40.58853373921867,5.580923389142567,3.0441400304414,16.235413495687467,16.7427701674277,861.1111111111112,73.23232323232324,20.801623541349567,7.610350076103501,2.536783358701167,38.051750380517504,546.6875326030256
2ae19629-1f67-13a3-e055-000000000001,BALLYNOE,41.45077720207254,37.56476683937824,0.0,18.134715025906733,18.134715025906733,772.4935732647815,119.53727506426735,5.181347150259067,0.0,1.2953367875647668,91.96891191709844,460.82337317397077
2ae19629-1f6b-13a3-e055-000000000001,COURTMACSHERRY,106.78531701890991,28.921023359288096,0.0,40.04449388209121,21.134593993325918,701.6574585635359,162.4309392265193,1.1123470522803114,0.0,5.561735261401558,131.25695216907675,430.5239179954442
2ae19629-1f81-13a3-e055-000000000001,BARNACURRA,69.10569105691057,4.065040650406504,0.0,4.065040650406504,12.195121951219512,841.4634146341463,117.88617886178862,0.0,4.065040650406504,0.0,44.71544715447155,406.7796610169492
2ae19629-1f84-13a3-e055-000000000001,CASTLETOWNROCHE,55.55555555555555,16.339869281045754,0.0,32.67973856209151,26.143790849673202,807.5675675675675,99.45945945945945,6.5359477124183005,6.5359477124183005,6.5359477124183005,77.34204793028323,342.63392857142856
2ae19629-1f88-13a3-e055-000000000001,GREENANE,51.56794425087108,39.7212543554007,0.6968641114982579,34.146341463414636,26.4808362369338,831.9444444444445,69.44444444444444,2.0905923344947737,6.968641114982578,13.2404181184669,89.19860627177701,400.0
2ae19629-1f89-13a3-e055-000000000001,BAURLEIGH,25.0,2.5,0.0,12.5,22.5,775.5610972568578,124.68827930174564,5.0,0.0,0.0,45.0,506.4599483204134
2ae19629-1f8f-13a3-e055-000000000001,DERRYVILLANE,59.38697318007663,1.9157088122605364,0.0,34.48275862068965,7.662835249042145,829.5454545454546,111.74242424242424,15.32567049808429,0.0,0.0,70.88122605363985,411.53846153846155
2ae19629-1f92-13a3-e055-000000000001,BEALANAGEARY,127.16763005780346,11.560693641618496,0.0,40.46242774566474,17.341040462427745,731.5789473684212,236.8421052631579,0.0,0.0,0.0,121.38728323699422,743.1693989071039
2ae19629-1e11-13a3-e055-000000000001,DERRYLAHAN,82.47422680412372,0.0,0.0,0.0,20.61855670103093,742.2680412371134,72.16494845360825,0.0,10.309278350515465,0.0,51.546391752577314,351.06382978723406
2ae19629-1e15-13a3-e055-000000000001,RUSH,44.886877828054295,24.886877828054295,5.067873303167421,62.262443438914026,54.6606334841629,674.5232097876934,184.68873695573947,2.081447963800905,17.285067873303166,37.918552036199095,122.62443438914026,379.7290985520785
2ae19629-1e16-13a3-e055-000000000001,SAGGART,22.005772005772005,56.096681096681095,77.92207792207792,91.26984126984127,118.32611832611832,423.01536491677336,156.37003841229193,3.787878787878788,138.16738816738817,29.04040404040404,178.2106782106782,244.6373850868233
2ae19629-1e19-13a3-e055-000000000001,SHANKILL-SHANGANAGH,50.79481088982277,16.809793531883795,9.866617942627444,42.75534441805225,80.3946647177051,602.3180007243752,247.3741398044187,1.0962908825141604,45.67878677142335,5.298739265485109,103.96491869175954,410.9947643979058
2ae19629-1e26-13a3-e055-000000000001,BALLINTEER-LUDFORD,35.97122302158273,3.8369304556354917,4.316546762589928,15.827338129496402,56.115107913669064,717.0616113744076,180.09478672985782,0.0,26.85851318944844,3.357314148681055,43.16546762589928,449.7560975609756
2ae19629-1e27-13a3-e055-000000000001,BALLINTEER-MARLEY,40.8905043162199,7.723761926397092,4.543389368468878,21.353930031803728,48.159927305770104,675.967596759676,199.36993699369938,0.0,20.44525215810995,5.906406179009541,60.42707860063608,506.05778191985087
2ae19629-1e28-13a3-e055-000000000001,BALLINTEER-MEADOWBROADS,49.67085577498504,4.189108318372232,1.7953321364452424,33.512866546977854,59.844404548174744,627.3584905660377,257.66509433962267,0.0,17.354877318970676,4.189108318372232,78.39616995810891,506.0606060606061
2ae19629-1e29-13a3-e055-000000000001,BALLINTEER-MEADOWMOUNT,48.59193815571508,3.3130866924351188,3.865267807840972,16.565433462175594,53.56156819436775,704.5951859956236,184.35448577680523,0.5521811154058531,25.952512424075096,9.939260077305356,50.80066261733849,412.45791245791247
2ae19629-1f60-13a3-e055-000000000001,GLANWORTH WEST,45.335658238884044,13.077593722755012,6.974716652136007,15.693112467306015,25.283347863993026,861.5916955017301,78.719723183391,6.102877070619006,18.308631211857016,10.462074978204011,42.72013949433305,402.15439856373433
2ae19629-1f70-13a3-e055-000000000001,GORTNASKEHY,69.6969696969697,0.0,3.0303030303030303,6.0606060606060606,15.151515151515152,821.2121212121211,115.15151515151516,0.0,0.0,0.0,78.78787878787878,472.0496894409938
2ae19629-1f77-13a3-e055-000000000001,CASTLEHAVEN NORTH,133.4981458590853,8.65265760197775,0.0,25.95797280593325,28.43016069221261,679.3145654834761,155.4467564259486,0.0,1.2360939431396785,4.944375772558714,128.55377008652658,444.4444444444444
2ae19629-1f7a-13a3-e055-000000000001,CULLEN,47.61904761904761,22.675736961451246,0.0,13.605442176870747,31.746031746031743,875.8465011286681,51.918735891647856,6.802721088435374,4.535147392290249,15.873015873015872,70.29478458049887,502.33644859813086
2ae19629-1f9b-13a3-e055-000000000001,AGLISH,49.16943521594684,3.986710963455149,0.0,15.282392026578073,13.289036544850498,805.9016393442623,127.21311475409836,0.6644518272425249,1.3289036544850499,0.0,37.87375415282392,516.1507402422611
2ae19629-1f9c-13a3-e055-000000000001,AHIL,121.67300380228137,0.0,0.0,41.82509505703422,49.42965779467681,625.0,200.75757575757575,0.0,11.406844106463879,3.802281368821293,190.11406844106463,307.39299610894943
2ae19629-1fa2-13a3-e055-000000000001,KILKISHEN,55.609756097560975,20.48780487804878,2.926829268292683,14.634146341463415,35.1219512195122,802.7210884353741,134.11078717201167,0.0,1.951219512195122,0.0,82.92682926829269,485.45636910732196
2ae19629-1fa5-13a3-e055-000000000001,ALLOW,55.55555555555555,21.072796934865902,0.0,15.32567049808429,24.904214559386972,868.0688336520076,87.95411089866157,0.0,3.8314176245210727,0.0,74.71264367816093,475.0499001996008
2ae19629-1fdf-13a3-e055-000000000001,KILMURRY,65.69343065693431,3.6496350364963503,0.0,7.299270072992701,29.197080291970803,861.8181818181819,54.54545454545454,0.0,0.0,0.0,54.74452554744526,486.9888475836431
2ae19629-1fec-13a3-e055-000000000001,RAHONA,104.29447852760735,0.0,0.0,9.202453987730062,24.539877300613497,789.940828402367,124.2603550295858,3.067484662576687,0.0,0.0,85.88957055214725,379.51807228915663
2ae19629-1ff0-13a3-e055-000000000001,DYSERT,60.97560975609756,6.097560975609756,0.0,6.097560975609756,48.78048780487805,844.311377245509,62.874251497005986,0.0,15.24390243902439,0.0,51.829268292682926,489.2307692307692
2ae19629-1ff2-13a3-e055-000000000001,KILRAGHTIS,61.29597197898424,3.502626970227671,0.0,15.761821366024519,29.7723292469352,859.375,90.27777777777777,0.0,3.502626970227671,0.0,36.77758318739054,624.7755834829444
2ae19629-1ff4-13a3-e055-000000000001,KILRUSH URBAN,68.01736613603474,32.199710564399425,18.45151953690304,28.581765557163532,34.00868306801737,763.4408602150537,77.77777777777779,7.597684515195369,28.581765557163532,11.577424023154848,85.74529667149059,327.36763609246833
2ae19629-1ff6-13a3-e055-000000000001,RATHBORNEY,72.28915662650603,12.048192771084338,0.0,108.43373493975903,120.48192771084338,618.5567010309279,278.35051546391753,0.0,0.0,0.0,180.72289156626505,360.82474226804123
2ae19629-1ff8-13a3-e055-000000000001,CAPPAVILLA,39.44562899786781,10.660980810234541,41.57782515991471,51.172707889125796,186.56716417910448,528.3528352835284,294.3294329432943,2.1321961620469083,101.27931769722814,21.321961620469082,116.2046908315565,422.2020018198362
2ae19629-1ff9-13a3-e055-000000000001,CARRAN,78.01418439716312,21.27659574468085,0.0,28.368794326241133,63.82978723404255,657.5342465753424,308.2191780821918,0.0,14.184397163120567,7.092198581560283,113.47517730496453,620.6896551724138
2ae19629-1c70-13a3-e055-000000000001,NENAGH WEST URBAN,47.91631516787582,80.81660199088915,22.270963387885946,56.352286148135654,70.18727855576176,720.8912715697771,97.67130172558218,7.254935043023452,39.64906360722119,7.761093301839042,182.2169731736123,380.1839319798716
2ae19629-1c86-13a3-e055-000000000001,NEWTOWN,66.33906633906633,0.0,0.0,12.285012285012284,31.94103194103194,773.1707317073171,107.3170731707317,4.914004914004914,9.828009828009828,0.0,56.511056511056516,423.8578680203046
2ae19629-1c8f-13a3-e055-000000000001,KILLEA,43.71584699453552,0.0,0.0,5.46448087431694,2.73224043715847,862.533692722372,24.258760107816713,0.0,0.0,0.0,19.12568306010929,445.98337950138506
2ae19629-1c9a-13a3-e055-000000000001,DRUMANESPICK,92.74193548387098,2.0161290322580645,0.0,8.064516129032258,24.193548387096772,861.4457831325302,64.25702811244979,0.0,0.0,2.0161290322580645,52.41935483870968,369.29460580912865
2ae19629-1c9f-13a3-e055-000000000001,SKERRIES,63.803263825929285,6.346328195829556,1.1332728921124207,34.111514052583864,43.97098821396192,662.3873873873873,237.04954954954954,0.3399818676337262,11.219401631912966,10.42611060743427,73.66273798730734,454.34453879260207
2ae19629-1ca2-13a3-e055-000000000001,STILLORGAN-LEOPARDSTOWN,48.97260273972603,8.21917808219178,73.97260273972603,51.71232876712329,131.50684931506848,564.4130507904473,220.3161789438278,0.0,119.86301369863013,8.21917808219178,115.06849315068493,424.4428969359331
2ae19629-1cb6-13a3-e055-000000000001,TALLAGHT-GLENVIEW,32.87037037037037,46.29629629629629,34.25925925925926,72.68518518518519,125.0,573.0078304928604,168.1252878857669,0.9259259259259259,79.62962962962963,32.87037037037037,164.8148148148148,248.1962481962482
2ae19629-1cba-13a3-e055-000000000001,ENNISKEEN,49.8960498960499,0.0,0.0,8.316008316008316,31.185031185031185,827.8008298755186,43.56846473029045,0.0,6.237006237006238,8.316008316008316,20.79002079002079,360.51502145922746
2ae19629-1f96-13a3-e055-000000000001,DONERAILE,69.12144702842376,25.839793281653744,0.0,11.627906976744185,35.5297157622739,796.7845659163987,110.61093247588424,18.08785529715762,3.229974160206718,13.565891472868216,80.74935400516796,358.38926174496646
2ae19629-1f9f-13a3-e055-000000000001,COOLREAGH,42.25352112676056,14.084507042253522,0.0,18.779342723004696,9.389671361502348,478.8732394366197,32.863849765258216,0.0,9.389671361502348,0.0,65.72769953051643,217.3913043478261
2ae19629-1fa3-13a3-e055-000000000001,LURRAGA,54.794520547945204,3.4246575342465753,0.0,47.94520547945205,143.83561643835617,554.0540540540541,182.43243243243242,3.4246575342465753,3.4246575342465753,0.0,92.46575342465754,350.5154639175257
2ae19629-1fa4-13a3-e055-000000000001,MAGHERAREAGH,69.4006309148265,3.1545741324921135,0.0,15.772870662460567,18.92744479495268,813.8801261829653,91.4826498422713,0.0,3.1545741324921135,0.0,37.85488958990536,501.6393442622951
2ae19629-1fa6-13a3-e055-000000000001,ARDAGH,46.51162790697674,6.839945280437757,0.0,16.415868673050614,32.83173734610123,788.0,133.33333333333334,5.471956224350205,1.3679890560875512,2.7359781121751023,53.3515731874145,438.4508990318119
2ae19629-1faf-13a3-e055-000000000001,VIRGINIA,79.35572579061089,13.946179532508348,8.249852681202121,44.39206442742094,60.106069534472596,723.6084452975048,126.10364683301343,1.9642506383814573,22.785307405224906,10.214103319583579,100.37320762129248,343.75
2ae19629-1fb1-13a3-e055-000000000001,ABBEY,82.51473477406681,0.0,1.9646365422396854,7.858546168958742,80.5500982318271,702.8571428571429,186.66666666666669,0.0,5.893909626719057,0.0,88.40864440078586,434.4422700587084
2ae19629-1fb4-13a3-e055-000000000001,KILLANNIV,64.59627329192547,6.211180124223602,1.2422360248447206,17.391304347826086,33.54037267080745,861.557478368356,95.17923362175524,1.2422360248447206,3.7267080745341614,0.0,54.6583850931677,486.79245283018867
2ae19629-1e2d-13a3-e055-000000000001,KILBRIDE,48.78048780487805,0.0,9.146341463414634,30.48780487804878,6.097560975609756,783.1325301204819,123.49397590361446,0.0,9.146341463414634,0.0,60.97560975609756,387.5
2ae19629-1e2e-13a3-e055-000000000001,KILCOMB,63.032367972742755,5.110732538330494,11.073253833049403,14.480408858603067,28.109028960817717,783.0508474576271,122.88135593220339,0.8517887563884157,17.88756388415673,0.0,56.218057921635435,345.4861111111111
2ae19629-1e2f-13a3-e055-000000000001,TINNACROSS,41.626331074540175,6.7763794772507255,0.0,9.68054211035818,18.393030009680544,811.9575699132113,78.1099324975892,0.0,0.0,0.968054211035818,35.81800580832527,397.41035856573706
2ae19629-1e32-13a3-e055-000000000001,ENNISKERRY,71.19422572178478,6.233595800524935,2.952755905511811,37.0734908136483,65.94488188976378,587.1415064607627,207.0595650803656,8.530183727034121,20.013123359580053,2.6246719160104988,100.72178477690288,372.29577010009683
2ae19629-1e3c-13a3-e055-000000000001,TOMBRACK,60.93189964157706,4.778972520908004,3.5842293906810037,15.531660692951014,13.142174432497013,750.0,70.23809523809524,8.363201911589009,13.142174432497013,1.194743130227001,48.98446833930705,382.71604938271605
2ae19629-1e46-13a3-e055-000000000001,WEXFORD No. 1 URBAN,63.31360946745562,34.91124260355029,11.834319526627219,69.23076923076924,66.27218934911242,682.726204465335,173.91304347826087,2.9585798816568047,28.994082840236686,11.242603550295858,147.33727810650888,304.2952208106473
2ae19629-1e47-13a3-e055-000000000001,GREYSTONES,80.59664076209576,5.64051140636751,3.6349962396590625,30.709450990223115,62.67234895963901,544.0580066363525,263.241981074106,0.501378791677112,14.289295562797694,1.7548257708698922,88.99473552268738,433.08879332152793
2ae19629-1e48-13a3-e055-000000000001,HARTSTOWN,40.89219330855018,14.869888475836431,0.0,11.152416356877323,7.434944237918216,755.5555555555555,125.92592592592591,0.0,0.0,0.0,29.739776951672862,453.84615384615387
2ae19629-1c2c-13a3-e055-000000000001,LATTERAGH,62.31884057971015,5.797101449275362,0.0,4.3478260869565215,11.594202898550725,857.9710144927536,47.82608695652174,0.0,1.4492753623188406,1.4492753623188406,30.434782608695652,437.12574850299404
2ae19629-1c2d-13a3-e055-000000000001,TUBBRID,69.44444444444444,9.25925925925926,0.0,29.320987654320987,18.51851851851852,776.416539050536,116.38591117917305,12.345679012345679,1.5432098765432098,3.0864197530864197,74.07407407407408,360.18957345971563
2ae19629-1c2e-13a3-e055-000000000001,TULLAGHMELAN,71.03825136612022,15.482695810564664,0.0,20.036429872495447,16.393442622950822,826.1648745519713,103.9426523297491,1.8214936247723132,4.553734061930784,0.9107468123861566,59.19854280510018,458.95522388059703
2ae19629-1c2f-13a3-e055-000000000001,BUOLICK,61.95965417867435,4.322766570605188,0.0,1.440922190201729,4.322766570605188,880.9182209469153,47.34576757532282,5.763688760806916,0.0,0.0,30.259365994236312,338.8059701492537
2ae19629-1c3e-13a3-e055-000000000001,CARRICKBEG URBAN,51.38607167004733,9.465855307640297,2.028397565922921,21.636240703177823,31.778228532792426,836.9272237196766,74.12398921832884,4.056795131845842,10.141987829614605,6.085192697768763,47.32927653820148,417.1864171864172
2ae19629-1c42-13a3-e055-000000000001,LONGFORDPASS,49.23076923076923,9.230769230769232,0.0,3.076923076923077,9.230769230769232,911.0429447852761,67.48466257668711,0.0,3.076923076923077,0.0,43.07692307692307,426.791277258567
2ae19629-1c45-13a3-e055-000000000001,UPPERCHURCH,26.229508196721312,0.0,0.0,3.278688524590164,9.836065573770492,893.8906752411575,67.52411575562701,0.0,0.0,0.0,22.950819672131146,539.7350993377484
2ae19629-1c51-13a3-e055-000000000001,NENAGH EAST URBAN,41.14285714285714,61.714285714285715,24.57142857142857,64.85714285714286,114.0,675.5228942905596,98.64330130016958,10.571428571428571,60.285714285714285,3.142857142857143,204.85714285714286,347.10743801652893
2ae19629-1fac-13a3-e055-000000000001,KILLANENA,76.08695652173914,0.0,0.0,7.246376811594203,54.34782608695652,776.595744680851,127.6595744680851,0.0,0.0,0.0,68.84057971014492,377.77777777777777
2ae19629-1fae-13a3-e055-000000000001,MOUNT ELVA,109.89010989010988,0.0,0.0,54.94505494505494,43.956043956043956,582.4175824175825,340.65934065934067,0.0,10.989010989010989,0.0,197.80219780219778,449.438202247191
2ae19629-1fb2-13a3-e055-000000000001,CORROFIN,112.92719167904903,6.686478454680534,0.0,23.7741456166419,32.68945022288262,754.0381791483113,159.3245227606461,8.915304606240714,8.915304606240714,2.9717682020802374,96.58246656760772,510.2040816326531
2ae19629-1fd1-13a3-e055-000000000001,BALLYNACALLY,61.40350877192982,0.0,0.0,4.385964912280701,4.385964912280701,844.1558441558441,103.89610389610391,0.0,4.385964912280701,0.0,21.929824561403507,470.8520179372198
2ae19629-1fd7-13a3-e055-000000000001,NEWMARKET,51.776649746192895,20.81218274111675,2.0304568527918785,36.04060913705584,46.192893401015226,731.998092513114,143.06151645207441,2.0304568527918785,13.705583756345177,9.644670050761421,87.81725888324873,371.4849531327085
2ae19629-1fdd-13a3-e055-000000000001,DRUMELLIHY,80.35714285714286,0.0,0.0,8.928571428571429,26.785714285714285,806.2360801781737,138.08463251670378,0.0,4.464285714285714,0.0,40.17857142857143,488.5321100917431
2ae19629-1fe1-13a3-e055-000000000001,OGONNELLOE,105.73248407643312,5.095541401273885,0.0,24.203821656050955,42.038216560509554,743.073047858942,159.94962216624685,3.821656050955414,1.2738853503184713,2.5477707006369426,100.63694267515925,502.58397932816536
2ae19629-1fe7-13a3-e055-000000000001,DRUMMAAN,78.94736842105263,4.643962848297213,0.0,38.69969040247678,34.05572755417956,737.3271889400922,161.29032258064515,0.0,3.0959752321981426,0.0,103.71517027863777,434.1692789968652
2ae19629-2000-13a3-e055-000000000001,RINEALON,38.83495145631068,14.563106796116505,0.0,14.563106796116505,19.41747572815534,884.0579710144928,67.6328502415459,0.0,9.70873786407767,9.70873786407767,58.25242718446602,400.99009900990103
2ae19629-2008-13a3-e055-000000000001,FEAKLE,76.23318385650224,2.242152466367713,0.0,47.08520179372197,24.663677130044842,338.49557522123894,106.19469026548673,0.0,0.0,0.0,62.780269058295964,191.44144144144144
2ae19629-2012-13a3-e055-000000000001,KINTURK,73.95498392282958,22.508038585209004,0.0,12.861736334405144,38.58520900321544,750.7987220447284,150.1597444089457,3.215434083601286,0.0,0.0,77.17041800643088,422.2972972972973
2ae19629-2018-13a3-e055-000000000001,CLOGHERA,39.586919104991395,5.163511187607574,0.0,8.605851979345955,5.163511187607574,810.5802047781569,122.86689419795222,0.0,0.0,0.0,29.259896729776248,565.1408450704225
2ae19629-201b-13a3-e055-000000000001,GLENINAGH,65.78947368421052,0.0,0.0,19.736842105263158,52.63157894736842,777.7777777777778,143.79084967320262,0.0,0.0,0.0,85.52631578947368,506.6666666666667
2ae19629-2021-13a3-e055-000000000001,CLOONADRUM,84.71074380165288,0.0,0.0,37.1900826446281,22.727272727272727,872.9508196721312,77.8688524590164,0.0,0.0,4.132231404958678,76.44628099173553,543.5244161358811
2ae19629-2022-13a3-e055-000000000001,CLOONANAHA,47.61904761904761,0.0,0.0,15.873015873015872,0.0,892.8571428571429,75.39682539682539,0.0,0.0,0.0,35.714285714285715,582.995951417004
2ae19629-2025-13a3-e055-000000000001,LACKAREAGH,80.64516129032258,0.0,0.0,16.129032258064516,8.064516129032258,758.0645161290322,185.48387096774195,0.0,0.0,0.0,56.45161290322581,516.9491525423729
2ae19629-1cbf-13a3-e055-000000000001,BLACKROCK-CENTRAL,70.53376906318083,4.0849673202614385,29.139433551198255,42.21132897603486,104.57516339869281,619.5018547959725,228.9348171701113,0.0,66.17647058823529,3.812636165577342,95.04357298474946,461.8943930321176
2ae19629-1cc0-13a3-e055-000000000001,BLACKROCK-GLENOMENA,50.787201625190455,1.015744032503809,37.07465718638903,33.5195530726257,89.89334687658709,630.5,209.5,0.0,60.944641950228544,8.125952260030472,76.18080243778567,500.0
2ae19629-1cd1-13a3-e055-000000000001,TEMPLEOGUE-CYPRESS,37.87878787878788,2.1645021645021645,1.8037518037518037,17.316017316017316,50.505050505050505,771.2860705379409,161.73851086569292,0.0,18.3982683982684,5.411255411255411,46.897546897546896,479.10557184750735
2ae19629-1cd2-13a3-e055-000000000001,TEMPLEOGUE-KIMMAGE MANOR,44.85866448176977,2.048340843916428,3.891847603441213,28.06226956165506,57.558377714051616,711.7062284439035,203.69243254209778,2.048340843916428,27.24293322408849,3.482179434657927,56.5342072920934,504.9194054846138
2ae19629-1cd5-13a3-e055-000000000001,TEMPLEOGUE-OSPREY,33.168982519049756,1.344688480502017,0.0,17.03272075302555,33.168982519049756,736.9353410097431,193.97697077059345,0.0,19.27386822052891,3.585835948005379,36.30658897355446,453.1462200090539
2ae19629-1cda-13a3-e055-000000000001,KILCONNY,151.7996870109546,18.779342723004696,1.5649452269170578,43.81846635367762,50.07824726134585,709.1757387247278,115.0855365474339,0.0,1.5649452269170578,0.0,139.28012519561815,406.807131280389
2ae19629-1cf1-13a3-e055-000000000001,BALLYJAMESDUFF,42.812588602211505,58.12305075134675,3.118797845194216,108.30734335129006,129.0048199603062,656.989853438557,114.43066516347237,1.7011624610150269,20.130422455344487,42.812588602211505,244.68386730932804,266.3551401869159
2ae19629-1d18-13a3-e055-000000000001,CLONSKEAGH-MILLTOWN,60.483870967741936,4.480286738351254,8.960573476702509,48.387096774193544,110.21505376344086,566.607460035524,215.36412078152753,3.1362007168458783,39.87455197132617,8.512544802867383,98.5663082437276,480.8843850760018
2ae19629-1fbb-13a3-e055-000000000001,AYLE,96.51474530831099,5.361930294906166,2.680965147453083,18.766756032171582,37.533512064343164,474.53083109919567,171.58176943699732,0.0,2.680965147453083,0.0,85.79088471849866,326.8698060941828
2ae19629-1fbd-13a3-e055-000000000001,CREEGH,44.49648711943794,9.36768149882904,0.0,18.73536299765808,23.4192037470726,872.9792147806005,96.99769053117784,0.0,9.36768149882904,9.36768149882904,58.5480093676815,505.9101654846335
2ae19629-1fbe-13a3-e055-000000000001,CRUSHEEN,67.10158434296365,5.591798695246971,0.0,27.958993476234856,36.34669151910531,796.2962962962963,135.1851851851852,0.9319664492078285,9.319664492078285,8.387698042870456,69.89748369058714,543.9613526570048
2ae19629-1fc2-13a3-e055-000000000001,MOYARTA,81.1965811965812,0.0,4.273504273504274,12.82051282051282,21.367521367521366,752.1367521367521,179.48717948717947,0.0,4.273504273504274,0.0,59.82905982905983,353.7117903930131
2ae19629-1fca-13a3-e055-000000000001,KILLINABOY,60.69364161849711,0.0,0.0,14.45086705202312,31.791907514450866,844.3804034582133,103.7463976945245,0.0,2.890173410404624,0.0,31.791907514450866,452.6627218934911
2ae19629-1fe0-13a3-e055-000000000001,O'BRIENSBRIDGE,62.40713224368499,1.4858841010401187,4.457652303120357,19.316493313521548,22.288261515601782,763.9296187683284,155.42521994134898,0.0,5.943536404160475,0.0,53.491827637444274,473.4446130500759
2ae19629-1fe4-13a3-e055-000000000001,BOSTON,89.63585434173669,0.0,2.8011204481792715,33.61344537815126,44.817927170868344,717.8770949720671,201.1173184357542,0.0,2.8011204481792715,2.8011204481792715,106.44257703081232,388.4057971014493
2ae19629-1fe5-13a3-e055-000000000001,CAHER,107.62331838565024,0.0,0.0,17.937219730941703,31.390134529147982,742.2222222222222,133.33333333333334,0.0,0.0,0.0,121.0762331838565,545.4545454545454
2ae19629-1e4a-13a3-e055-000000000001,HUMEWOOD,45.58404558404558,11.396011396011396,0.0,19.943019943019944,17.094017094017097,638.1766381766382,133.90313390313392,0.0,5.698005698005698,5.698005698005698,59.82905982905983,376.8545994065282
2ae19629-1e50-13a3-e055-000000000001,WHITECHURCH,40.66543438077634,7.393715341959335,0.0,1.8484288354898337,35.12014787430684,804.0665434380776,103.51201478743069,0.0,5.545286506469501,0.0,60.99815157116451,337.7862595419847
2ae19629-1e51-13a3-e055-000000000001,WHITECHURCH,38.80597014925373,19.402985074626866,0.0,11.940298507462687,16.417910447761194,848.0825958702065,107.66961651917404,0.0,0.0,1.492537313432836,43.28358208955224,419.5488721804511
2ae19629-1e56-13a3-e055-000000000001,BALLYVALDON,87.71929824561403,10.025062656641603,0.0,25.062656641604008,26.31578947368421,758.1047381546134,145.88528678304237,0.0,6.265664160401002,0.0,81.45363408521303,383.248730964467
2ae19629-1e57-13a3-e055-000000000001,BANNOW,86.08762490392006,7.686395080707148,0.0,24.596464258262873,16.14142966948501,726.7175572519084,132.82442748091603,0.0,3.843197540353574,0.0,71.48347425057648,329.90506329113924
2ae19629-1e64-13a3-e055-000000000001,BREE,60.16042780748663,8.689839572192513,0.0,16.711229946524064,14.705882352941176,788.6017229953611,129.22465208747516,0.0,2.6737967914438503,0.0,54.14438502673797,414.9377593360996
2ae19629-1e7f-13a3-e055-000000000001,CASTLEDOCKRELL,40.0,2.0,0.0,2.0,8.0,812.7490039840638,77.68924302788845,0.0,0.0,0.0,16.0,414.4329896907217
2ae19629-1e80-13a3-e055-000000000001,KILRUSH,52.63157894736842,12.631578947368421,0.0,6.315789473684211,12.631578947368421,699.5798319327731,67.22689075630252,8.421052631578947,0.0,0.0,52.63157894736842,354.8387096774194
2ae19629-1c53-13a3-e055-000000000001,CASHEL RURAL,57.283142389525366,44.84451718494272,7.528641571194762,54.99181669394435,53.02782324058919,745.3778786895881,91.14498864742134,49.09983633387888,26.186579378068743,2.2913256955810146,160.7201309328969,381.61465400271373
2ae19629-1c54-13a3-e055-000000000001,CASHEL URBAN,49.18032786885246,47.2741136103698,13.343499809378574,81.20472741136103,52.61151353412123,655.3544494720966,85.59577677224736,11.437285550895922,36.218070911170415,6.0998856271444915,133.43499809378574,266.56213249705996
2ae19629-1c55-13a3-e055-000000000001,CASTLETOWN,73.97444519166106,10.087424344317418,2.017484868863484,26.899798251513115,30.93476798924008,825.6513026052105,100.20040080160321,2.6899798251513114,4.707464694014795,1.3449899125756557,71.28446536650975,457.3002754820937
2ae19629-1c57-13a3-e055-000000000001,INCH,51.85185185185185,0.0,0.0,7.407407407407407,9.876543209876543,904.1769041769043,56.511056511056516,22.22222222222222,4.938271604938271,0.0,12.345679012345679,428.57142857142856
2ae19629-1c68-13a3-e055-000000000001,CLOGHJORDAN,75.88532883642496,6.745362563237774,8.431703204047217,28.66779089376054,53.96290050590219,558.1589958158995,207.53138075313808,1.6863406408094435,16.863406408094434,0.0,95.27824620573355,428.69415807560136
2ae19629-1c69-13a3-e055-000000000001,CLOGHPRIOR,81.25,6.25,0.0,12.5,21.875,809.8159509202454,134.96932515337423,0.0,0.0,0.0,59.375,536.5079365079365
2ae19629-1c79-13a3-e055-000000000001,NEWCASTLE,74.68879668049793,9.681881051175658,0.0,12.448132780082986,16.597510373443985,808.5399449035813,125.34435261707988,0.0,1.3831258644536653,0.0,60.85753803596127,451.1494252873563
2ae19629-1c81-13a3-e055-000000000001,CLONOULTY EAST,38.02281368821293,0.0,0.0,15.209125475285171,13.307984790874524,897.7272727272727,53.03030303030303,3.802281368821293,0.0,1.9011406844106464,34.22053231939164,418.11175337186893
2ae19629-1feb-13a3-e055-000000000001,QUIN,85.8085808580858,17.82178217821782,1.3201320132013201,11.221122112211221,34.32343234323432,788.7139107611548,133.2020997375328,0.0,11.881188118811881,3.3003300330033003,67.32673267326733,512.8900949796472
2ae19629-1ff3-13a3-e055-000000000001,KILRUSH RURAL,62.41519674355495,31.207598371777475,2.7137042062415193,14.925373134328359,40.7055630936228,825.2032520325204,88.07588075880759,0.0,18.99592944369064,0.0,75.98371777476255,484.6796657381616
2ae19629-1fff-13a3-e055-000000000001,RATHCLOONEY,97.74436090225564,0.0,0.0,22.55639097744361,37.59398496240601,843.2835820895523,97.01492537313433,0.0,0.0,0.0,75.18796992481202,519.0839694656488
2ae19629-2001-13a3-e055-000000000001,ROSSROE,67.3211781206171,7.012622720897616,1.402524544179523,11.220196353436185,16.830294530154276,810.5849582172701,157.38161559888582,5.610098176718092,1.402524544179523,2.805049088359046,43.47826086956522,585.1216022889843
2ae19629-2003-13a3-e055-000000000001,CARROWBAUN,110.38961038961038,6.493506493506494,0.0,45.45454545454545,116.88311688311688,594.9367088607595,151.8987341772152,0.0,19.48051948051948,0.0,201.2987012987013,372.54901960784315
2ae19629-2005-13a3-e055-000000000001,CASTLETOWN,42.25352112676056,0.0,0.0,0.0,0.0,915.4929577464789,70.42253521126761,0.0,0.0,0.0,14.084507042253522,571.4285714285714
2ae19629-200b-13a3-e055-000000000001,KILTORAGHT,89.47368421052632,0.0,0.0,36.84210526315789,31.578947368421055,747.4226804123712,180.41237113402062,0.0,0.0,0.0,89.47368421052632,526.3157894736842
2ae19629-2010-13a3-e055-000000000001,FORMOYLE,44.84304932735426,4.484304932735426,0.0,17.937219730941703,40.35874439461883,820.627802690583,53.81165919282512,0.0,0.0,0.0,58.29596412556054,566.2100456621005
2ae19629-2027-13a3-e055-000000000001,TULLA,66.43046944198406,8.857395925597874,1.7714791851195748,17.71479185119575,56.687333923826394,830.4042179261862,98.41827768014059,0.0,10.628875110717448,0.8857395925597874,58.45881310894597,496.80365296803654
2ae19629-2029-13a3-e055-000000000001,CLOONCOORHA,25.906735751295336,10.362694300518134,0.0,0.0,28.497409326424872,894.6015424164524,53.984575835475574,0.0,0.0,2.5906735751295336,31.088082901554404,505.3475935828877
2ae19629-202d-13a3-e055-000000000001,KILBALLYOWEN,62.745098039215684,0.0,0.0,7.8431372549019605,15.686274509803921,874.5098039215686,90.19607843137254,0.0,0.0,0.0,43.13725490196078,407.2580645161291
2ae19629-2030-13a3-e055-000000000001,LISCASEY,39.51890034364261,5.154639175257732,0.0,8.591065292096221,5.154639175257732,922.8130360205831,54.888507718696395,1.7182130584192439,0.0,0.0,22.33676975945017,562.0567375886525
2ae19629-2033-13a3-e055-000000000001,URLAN,59.9250936329588,17.790262172284642,15.917602996254683,14.9812734082397,33.70786516853933,828.8119738072966,98.22263797942001,0.0,23.408239700374533,6.554307116104869,47.752808988764045,434.6563407550823
2ae19629-2034-13a3-e055-000000000001,ENNIS No. 1 URBAN,50.682261208576996,24.041585445094217,6.49772579597141,42.23521767381416,81.22157244964262,686.9398207426376,122.27912932138284,48.083170890188434,27.29044834307992,42.23521767381416,79.92202729044834,345.9777632439503
2ae19629-2037-13a3-e055-000000000001,CLOONEY,39.10614525139665,5.58659217877095,0.0,26.0707635009311,14.8975791433892,881.2615955473099,70.50092764378478,0.0,0.0,1.86219739292365,46.554934823091244,538.3141762452108
2ae19629-2038-13a3-e055-000000000001,CLOONTRA,39.08794788273615,0.0,0.0,13.029315960912053,22.80130293159609,859.9348534201955,58.63192182410423,6.514657980456026,0.0,9.771986970684038,42.34527687296417,581.6326530612245
2ae19629-1d1a-13a3-e055-000000000001,CLONSKEAGH-FARRANBOLEY,47.398843930635834,8.670520231213873,13.294797687861273,48.554913294797686,101.15606936416185,576.2421473443746,257.5671045117076,2.890173410404624,34.104046242774565,12.138728323699421,93.06358381502889,356.3487419543593
2ae19629-1d1b-13a3-e055-000000000001,CLONSKEAGH-ROEBUCK,57.92316926770708,6.302521008403361,13.805522208883554,62.12484993997599,138.05522208883554,551.2630014858842,258.8410104011887,0.6002400960384153,71.42857142857143,9.903961584633853,114.94597839135655,437.4038757305444
2ae19629-1d2c-13a3-e055-000000000001,CABRA WEST B,30.70507960576194,7.202426080363912,7.202426080363912,35.25398028809705,70.88703563305535,714.6636432350718,153.43915343915344,1.8953752843062925,23.502653525398028,4.169825625473844,71.64518574677786,227.04181320828448
2ae19629-1d32-13a3-e055-000000000001,BELLANANAGH,38.840937114673245,25.27743526510481,8.014796547472256,43.15659679408138,45.62268803945746,756.7567567567568,73.71007371007371,4.932182490752158,22.81134401972873,7.398273736128237,106.6584463625154,311.3695090439276
2ae19629-1d37-13a3-e055-000000000001,DALKEY-COLIEMORE,72.18045112781955,1.5037593984962407,0.7518796992481204,32.330827067669176,80.45112781954887,573.8552437223042,272.52584933530284,2.255639097744361,9.774436090225564,6.7669172932330826,84.9624060150376,400.4524886877828
2ae19629-1d44-13a3-e055-000000000001,CLONTARF EAST B,53.8418395961862,7.851934941110488,7.851934941110488,51.87885586090858,60.99270891755469,654.7751249305941,228.34536368684064,0.14021312394840157,19.910263600673023,4.0661805945036456,81.88446438586652,509.6458393319896
2ae19629-1d45-13a3-e055-000000000001,CLONTARF EAST C,50.222504767959315,4.767959313413859,3.814367450731087,35.60076287349015,68.34075015893197,688.3035434305425,208.21574161179052,0.3178639542275906,15.257469802924348,5.08582326764145,68.02288620470438,524.0693196405648
2ae19629-1d46-13a3-e055-000000000001,CLONTARF EAST D,54.15033843961525,2.1375133594584965,3.918774492340577,30.281439258995366,52.012825080156745,675.7607555089193,214.4106330884925,0.0,9.262557890986818,1.4250089063056643,58.425365158532244,526.0136347326875
2ae19629-1fe8-13a3-e055-000000000001,KILMURRY,91.78743961352657,8.454106280193237,1.2077294685990339,9.66183574879227,22.946859903381643,828.162291169451,102.6252983293556,7.246376811594203,4.830917874396135,4.830917874396135,55.55555555555555,433.0413016270338
2ae19629-1fea-13a3-e055-000000000001,QUERRIN,97.08737864077669,0.0,0.0,9.70873786407767,19.41747572815534,823.8095238095237,123.80952380952381,0.0,0.0,0.0,92.23300970873787,544.1176470588235
2ae19629-1ff1-13a3-e055-000000000001,EINAGH,59.800664451827245,13.289036544850498,0.0,9.966777408637872,19.933554817275745,826.9230769230769,108.97435897435898,0.0,0.0,0.0,46.51162790697674,441.93548387096774
2ae19629-1ff5-13a3-e055-000000000001,RATH,81.08108108108108,7.722007722007723,0.0,23.166023166023166,38.61003861003861,768.6567164179105,152.98507462686567,0.0,0.0,3.8610038610038613,77.22007722007721,431.90661478599225
2ae19629-1ff7-13a3-e055-000000000001,CAPPAGHABAUN,43.47826086956522,0.0,0.0,19.32367149758454,4.830917874396135,400.0,38.0952380952381,0.0,0.0,0.0,53.14009661835749,274.5098039215687
2ae19629-1ffa-13a3-e055-000000000001,ENNIS RURAL,52.55184662801024,40.954918246878755,6.686517264796532,43.35788538891501,90.99932090059029,683.7699581460239,130.21237017516665,14.417802852217521,28.0520294624667,29.671420362534608,119.36478085984433,440.8046904416115
2ae19629-200a-13a3-e055-000000000001,KILTENANLEA,42.04660587639311,7.092198581560283,3.5460992907801416,13.677811550151976,20.77001013171226,801.7111222949169,143.43231001509812,0.5065856129685917,7.092198581560283,0.5065856129685917,30.395136778115504,533.6814621409923
2ae19629-200d-13a3-e055-000000000001,SIXMILEBRIDGE,40.780759846636464,50.540257929592194,5.228302544440571,18.12478215406065,46.00906239107703,807.7589192933842,94.56182888811915,9.759498082955734,19.518996165911467,9.410944579993028,99.33774834437085,405.823148813803
2ae19629-1e84-13a3-e055-000000000001,KNOCKRATH,66.39004149377594,4.149377593360996,0.0,29.04564315352697,29.04564315352697,765.8730158730159,182.53968253968253,0.0,0.0,4.149377593360996,53.941908713692946,326.44628099173553
2ae19629-1e88-13a3-e055-000000000001,CLONGEEN,51.25523012552301,14.644351464435147,2.092050209205021,20.920502092050206,12.552301255230125,806.2176165803108,109.84455958549223,0.0,3.1380753138075312,0.0,64.85355648535565,338.3783783783784
2ae19629-1e90-13a3-e055-000000000001,LUGGLASS,48.913043478260875,0.0,0.0,5.434782608695652,21.73913043478261,739.3617021276597,154.25531914893617,0.0,0.0,0.0,43.47826086956522,427.77777777777777
2ae19629-1e92-13a3-e055-000000000001,MONEYSTOWN,56.21301775147929,8.875739644970414,0.0,20.710059171597635,17.75147928994083,685.2941176470588,197.05882352941177,17.75147928994083,8.875739644970414,2.9585798816568047,71.00591715976331,427.24458204334366
2ae19629-1ead-13a3-e055-000000000001,NEWBAWN,65.97222222222223,10.416666666666666,0.0,8.680555555555555,19.097222222222225,830.7426597582038,122.6252158894646,3.472222222222222,3.472222222222222,1.736111111111111,43.40277777777778,331.5602836879433
2ae19629-1ebf-13a3-e055-000000000001,COOLBOY,60.55646481178396,4.909983633387888,0.0,6.546644844517186,13.093289689034371,747.1451876019576,130.50570962479608,1.6366612111292964,0.0,0.0,47.46317512274959,345.6998313659359
2ae19629-1ec2-13a3-e055-000000000001,TALBOTSTOWN,39.56043956043956,10.989010989010989,2.197802197802198,6.593406593406593,19.78021978021978,607.4561403508771,131.57894736842104,0.0,13.186813186813186,2.197802197802198,54.94505494505494,433.78995433789953
2ae19629-1ec4-13a3-e055-000000000001,TINAHELY,47.32636754763368,9.834050399508296,1.8438844499078058,7.990165949600493,31.346035648432697,714.8102815177479,138.3108935128519,0.0,3.073140749846343,1.8438844499078058,44.253226797787335,358.22784810126586
2ae19629-1c85-13a3-e055-000000000001,KILLAVINOGE,52.63157894736842,10.526315789473683,0.0,23.157894736842106,8.421052631578947,922.9166666666667,29.166666666666668,8.421052631578947,10.526315789473683,0.0,61.05263157894736,422.4137931034483
2ae19629-1c90-13a3-e055-000000000001,KILLEENASTEENA,43.01075268817205,0.0,0.0,13.82488479262673,21.505376344086024,880.354505169867,51.698670605612996,1.5360983102918586,3.0721966205837172,1.5360983102918586,29.185867895545314,466.6666666666667
2ae19629-1c98-13a3-e055-000000000001,BAILIEBOROUGH,48.91949655663738,17.098076466397533,1.4248397055331277,42.982664450249345,37.04583234386131,664.3026004728132,66.66666666666667,11.873664212776063,6.411778674899074,4.511992400854904,82.64070292092138,283.17073170731703
2ae19629-1c9c-13a3-e055-000000000001,TERMON,60.44905008635579,1.7271157167530224,0.0,8.635578583765112,24.179620034542317,735.3951890034365,92.78350515463917,0.0,1.7271157167530224,5.181347150259067,48.359240069084635,373.6654804270463
2ae19629-1ca5-13a3-e055-000000000001,STILLORGAN-PRIORY,56.44444444444444,6.222222222222221,30.666666666666664,45.333333333333336,125.77777777777777,625.826355222565,238.8717496694579,0.0,93.77777777777779,2.6666666666666665,89.33333333333333,431.73598553345386
2ae19629-1ca7-13a3-e055-000000000001,SWORDS-GLASMORE,40.094339622641506,28.563941299790354,4.585953878406709,51.23165618448637,55.162473794549264,699.2442011988533,174.0943445400052,3.668763102725367,22.536687631027256,16.247379454926623,114.77987421383648,351.51840902983065
2ae19629-1ca8-13a3-e055-000000000001,SWORDS-FORREST,38.21374431531076,32.655381505811015,27.286508337544216,82.04901465386558,74.09044972208186,654.15044581188,166.645736531458,1.8317331985851442,68.84790298130369,16.738251642243554,149.50732693279434,333.3115610711953
2ae19629-1cae-13a3-e055-000000000001,TULLYVIN EAST,33.16749585406302,14.925373134328359,1.658374792703151,19.90049751243781,21.558872305140962,650.2463054187192,49.26108374384237,0.0,4.975124378109452,1.658374792703151,43.117744610281925,377.69784172661866
2ae19629-2014-13a3-e055-000000000001,SMITHSTOWN,69.18238993710692,6.289308176100629,0.0,37.73584905660377,44.0251572327044,708.0745341614906,248.4472049689441,0.0,0.0,0.0,94.33962264150944,391.02564102564105
2ae19629-2017-13a3-e055-000000000001,TEMPLEMALEY,45.878693623639194,2.3328149300155525,0.0,20.995334370139968,22.55054432348367,858.9147286821706,85.27131782945736,2.3328149300155525,12.441679626749611,0.0,29.548989113530325,579.5363709032773
2ae19629-201d-13a3-e055-000000000001,KNOCKNAGORE,34.313725490196084,0.0,0.0,9.803921568627452,34.313725490196084,936.2745098039215,44.11764705882353,0.0,0.0,0.0,14.705882352941176,441.025641025641
2ae19629-201f-13a3-e055-000000000001,TOBERBREEDA,81.08108108108108,0.0,0.0,0.0,0.0,886.4864864864866,91.8918918918919,0.0,0.0,0.0,32.432432432432435,525.1396648044692
2ae19629-2036-13a3-e055-000000000001,ENNIS No. 4 URBAN,47.44525547445255,21.897810218978105,18.24817518248175,43.79562043795621,70.8029197080292,643.0020283975659,191.34550371872888,1.4598540145985401,38.68613138686131,5.109489051094891,93.43065693430657,345.51724137931035
2ae19629-2039-13a3-e055-000000000001,KILFEARAGH,96.68508287292818,11.049723756906078,2.7624309392265194,2.7624309392265194,5.524861878453039,828.4182305630027,77.7479892761394,8.287292817679557,5.524861878453039,0.0,55.248618784530386,446.86648501362396
2ae19629-203c-13a3-e055-000000000001,LOUGHEA,106.25,0.0,0.0,6.25,18.75,701.8633540372671,161.49068322981367,0.0,12.5,0.0,93.75,320.51282051282055
2ae19629-2044-13a3-e055-000000000001,MAGHERACLOGHER,185.48963545389563,19.29949964260186,12.866333095067905,10.007147962830594,21.08649035025018,836.6772263287576,64.41393875395987,0.0,16.082916368834884,0.7147962830593281,65.76125804145819,787.7580586743933
2ae19629-2040-13a3-e055-000000000001,AGHADOWN SOUTH,122.54901960784314,3.2679738562091503,1.6339869281045751,32.67973856209151,21.241830065359476,629.2134831460673,205.45746388443018,0.0,3.2679738562091503,0.0,112.74509803921569,481.9078947368421
2ae19629-2048-13a3-e055-000000000001,CLONTUSKERT,69.12442396313365,0.0,0.0,23.041474654377883,9.216589861751151,889.9082568807339,59.633027522935784,4.608294930875576,0.0,4.608294930875576,41.474654377880185,383.1775700934579
2ae19629-204d-13a3-e055-000000000001,AILLE,57.55395683453238,9.592326139088728,0.0,14.388489208633095,28.77697841726619,836.8298368298368,74.5920745920746,2.398081534772182,0.0,2.398081534772182,40.7673860911271,410.19417475728153
2ae19629-204e-13a3-e055-000000000001,ANNAGH,46.99738903394256,0.0,0.0,13.054830287206265,18.276762402088774,848.5639686684074,54.83028720626632,0.0,5.221932114882507,0.0,36.55352480417755,389.1891891891892
2ae19629-2051-13a3-e055-000000000001,AUGHRIM,51.38036809815951,16.104294478527606,0.7668711656441718,7.668711656441718,33.74233128834356,842.8246013667426,91.87547456340167,0.7668711656441718,4.601226993865031,5.368098159509203,39.87730061349693,461.11111111111114
2ae19629-2057-13a3-e055-000000000001,GARTAN,74.25742574257426,19.801980198019802,0.0,4.9504950495049505,24.752475247524753,625.615763546798,54.187192118226605,4.9504950495049505,0.0,4.9504950495049505,89.10891089108911,371.85929648241205
2ae19629-2059-13a3-e055-000000000001,ANNAGHDOWN,54.16666666666667,12.5,0.6944444444444444,22.916666666666664,34.02777777777777,802.2053756030324,95.10682288077189,0.0,2.0833333333333335,2.0833333333333335,52.083333333333336,430.72505384063174
2ae19629-205b-13a3-e055-000000000001,ARDRAHAN,72.1311475409836,11.475409836065573,26.229508196721312,9.836065573770492,26.229508196721312,818.6274509803922,80.06535947712418,3.278688524590164,40.983606557377044,11.475409836065573,50.81967213114754,403.035413153457
2ae19629-1d47-13a3-e055-000000000001,CLONTARF EAST E,50.89647194910353,0.578368999421631,4.626951995373048,25.448235974551764,42.799305957200694,624.7139588100687,269.4508009153318,0.578368999421631,13.880855986119144,5.78368999421631,52.05320994794678,509.70017636684304
2ae19629-1d48-13a3-e055-000000000001,CLONTARF WEST A,37.71061781224926,6.6862797539449055,14.174913078363199,53.222786841401444,66.86279753944906,613.092070250133,261.30920702501334,0.0,36.10591067130248,6.418828563787109,93.87536774538646,434.69892768765465
2ae19629-1d4a-13a3-e055-000000000001,CLONTARF WEST C,45.40991654393716,11.291114383897888,15.709376534118801,86.1561119293078,114.87481590574373,509.44309927360774,256.17433414043586,1.2272950417280315,38.7825233186058,10.309278350515465,131.32056946489936,405.14631685166495
2ae19629-1d4e-13a3-e055-000000000001,CRUMLIN B,30.69736403069736,10.677344010677345,4.6713380046713375,41.3747080413747,66.39973306639973,624.7101689301094,220.93408413381914,4.6713380046713375,24.691358024691358,12.679346012679346,70.07007007007007,257.0458404074703
2ae19629-1d5c-13a3-e055-000000000001,DUNDRUM-SANDYFORD,49.82064567556795,18.068287498339313,38.926531154510435,62.4418759133785,128.7365484256676,539.9319193506153,240.3770620581304,2.5242460475621096,86.35578583765113,13.68407067888933,136.3092865683539,378.88198757763973
2ae19629-1d63-13a3-e055-000000000001,CRUMLIN F,30.595813204508858,10.305958132045088,22.544283413848632,40.25764895330113,104.99194847020935,585.8007004138809,212.35275390003184,3.864734299516908,84.38003220611915,10.305958132045088,72.46376811594203,281.51120026746906
2ae19629-1d66-13a3-e055-000000000001,DRUMCONDRA SOUTH B,42.06602768903089,15.4419595314164,27.156549520766774,110.22364217252397,141.10756123535674,474.32503970354685,263.1021704605612,4.792332268370607,50.58572949946752,26.091586794462195,151.22470713525027,286.4184008762322
2ae19629-1d6e-13a3-e055-000000000001,FINGLAS SOUTH B,25.467658327698896,23.213883254451204,4.958305161144917,70.09240477800316,70.09240477800316,630.9176576172313,124.97195422930223,5.409060175794456,29.299075952219965,26.36916835699797,107.5050709939148,195.18407038666356
2ae19629-200e-13a3-e055-000000000001,CLENAGH,87.78945410583093,52.636473542267275,26.039244861899007,38.686878080535664,94.29926532130568,679.4131132508023,140.2109124254929,9.02073839858644,70.77094764251838,12.368641309402028,129.8242350971822,355.2156564696941
2ae19629-2013-13a3-e055-000000000001,KNOCK,82.25108225108225,0.0,0.0,4.329004329004329,25.974025974025977,823.2758620689656,60.3448275862069,0.0,0.0,0.0,77.92207792207792,430.4347826086957
2ae19629-2015-13a3-e055-000000000001,SPANCELHILL,50.0,4.166666666666667,0.0,12.5,20.833333333333332,859.3103448275862,84.13793103448276,0.0,0.0,1.3888888888888888,31.944444444444443,571.6312056737589
2ae19629-2019-13a3-e055-000000000001,CLONDAGAD,64.37768240343347,11.444921316165951,0.0,5.7224606580829755,17.167381974248926,921.7638691322901,44.09672830725463,0.0,0.0,0.0,45.779685264663804,525.7731958762887
2ae19629-201e-13a3-e055-000000000001,KYLE,98.80239520958084,8.982035928143713,0.0,8.982035928143713,11.976047904191617,786.3501483679524,103.85756676557864,0.0,0.0,0.0,65.8682634730539,533.5365853658537
2ae19629-2020-13a3-e055-000000000001,TOMFINLOUGH,61.855670103092784,13.254786450662738,0.0,5.89101620029455,19.145802650957293,848.7518355359765,101.3215859030837,0.0,1.4727540500736376,0.0,51.546391752577314,569.0690690690691
2ae19629-202a-13a3-e055-000000000001,CLOONEY,81.96721311475409,4.0983606557377055,0.0,8.196721311475411,49.18032786885246,791.8367346938775,134.69387755102042,0.0,0.0,0.0,49.18032786885246,466.38655462184875
2ae19629-202e-13a3-e055-000000000001,KILCHREEST,54.58515283842795,6.550218340611353,0.0,4.366812227074235,8.73362445414847,886.7102396514161,78.43137254901961,0.0,2.1834061135371177,0.0,41.48471615720524,528.2167042889391
2ae19629-1ec6-13a3-e055-000000000001,FORTH,75.25655644241732,4.561003420752566,0.0,6.841505131128849,33.0672748004561,814.7727272727274,121.5909090909091,22.80501710376283,4.561003420752566,0.0,59.293044469783354,325.58139534883725
2ae19629-1ecc-13a3-e055-000000000001,ROSSMINOGE,66.07929515418502,14.684287812041116,5.873715124816446,20.558002936857562,13.215859030837004,814.0556368960468,109.80966325036603,0.0,8.81057268722467,0.0,79.29515418502203,433.78995433789953
2ae19629-1ecf-13a3-e055-000000000001,DELGANY,76.98381365969206,8.027372022634557,4.86906171864719,33.557046979865774,51.05934991446242,568.8335279615934,255.74153367068897,0.921173838662982,18.160284247927358,3.1583103039873666,88.43268851164626,449.96605566870335
2ae19629-1ed1-13a3-e055-000000000001,DONARD,65.06849315068493,0.0,0.0,5.136986301369863,39.38356164383561,725.2559726962457,163.82252559726962,1.7123287671232876,5.136986301369863,1.7123287671232876,44.52054794520548,351.06382978723406
2ae19629-1ed2-13a3-e055-000000000001,TOBER,30.737704918032787,12.295081967213115,0.0,14.344262295081968,26.63934426229508,739.3939393939394,119.1919191919192,0.0,2.0491803278688527,0.0,38.9344262295082,523.8095238095239
2ae19629-1ee1-13a3-e055-000000000001,ARKLOW No. 2 URBAN,58.606831882116545,42.86671131949095,3.348961821835231,51.23911587407903,45.21098459477562,688.7198147535561,176.97651339728745,5.693235097119892,22.43804420629605,5.023442732752847,138.9819156061621,363.69863013698625
2ae19629-1ee4-13a3-e055-000000000001,HORETOWN,81.32530120481927,0.0,0.0,28.6144578313253,25.602409638554217,716.8141592920354,88.49557522123894,10.542168674698795,7.530120481927711,3.0120481927710845,84.33734939759036,338.48531684698605
2ae19629-1ee7-13a3-e055-000000000001,TEMPLETOWN,102.52996005326231,0.0,0.0,17.310252996005325,129.16111850865514,604.7619047619047,166.66666666666666,0.0,1.3315579227696406,7.989347536617843,182.42343541944075,314.1809290953545
2ae19629-1caf-13a3-e055-000000000001,TULLYVIN WEST,66.66666666666667,6.0606060606060606,0.0,12.121212121212121,6.0606060606060606,839.3939393939394,39.39393939393939,3.0303030303030303,0.0,0.0,60.60606060606061,398.0891719745223
2ae19629-1cb4-13a3-e055-000000000001,TALLAGHT-BELGARD,32.515337423312886,16.564417177914113,5.521472392638037,49.69325153374233,45.398773006134974,702.1406727828746,151.68195718654434,23.92638036809816,34.355828220858896,4.294478527607362,74.23312883435582,314.8264984227129
2ae19629-1cb8-13a3-e055-000000000001,TALLAGHT-KILLINARDAN,34.349173553719005,9.814049586776859,2.066115702479339,21.17768595041322,35.64049586776859,704.2289840123775,99.27797833935017,7.489669421487603,10.330578512396695,20.66115702479339,37.70661157024794,191.35477069056407
2ae19629-1cbb-13a3-e055-000000000001,ESKEY,137.5,15.625,3.125,18.75,56.25,711.1801242236024,130.43478260869566,31.25,15.625,12.5,81.25,317.46031746031747
2ae19629-1cbd-13a3-e055-000000000001,KILCOGY,44.9438202247191,0.0,0.0,20.224719101123593,11.235955056179774,926.9911504424779,22.123893805309734,4.49438202247191,0.0,2.247191011235955,31.460674157303373,360.5442176870748
2ae19629-1cc7-13a3-e055-000000000001,BLANCHARDSTOWN-COOLMINE,28.349826156726397,20.237140055273244,13.907461888205402,87.63483997503789,158.42025497013464,555.6738532517079,139.82787685209829,4.368369439244004,68.8241062672729,38.78042257288045,161.62966925202818,268.3284457478006
2ae19629-1ccd-13a3-e055-000000000001,TALLAGHT-MILLBROOK,24.002400240024002,14.701470147014701,4.2004200420042,29.102910291029104,34.50345034503451,745.6560814859197,130.91671659676453,0.3000300030003,18.301830183018303,11.101110111011101,55.5055505550555,318.1538461538462
2ae19629-1cce-13a3-e055-000000000001,TALLAGHT-OLDBAWN,36.70770633834929,22.115823073415413,7.0679434564523484,31.23575011399909,55.40355677154583,716.5354330708661,157.48031496062993,0.0,23.25581395348837,16.187870497036023,72.9594163246694,321.01348210134825
2ae19629-204c-13a3-e055-000000000001,FINTOWN,71.91780821917808,0.0,0.0,0.0,13.698630136986301,863.9455782312925,54.42176870748299,0.0,0.0,0.0,27.397260273972602,759.7173144876325
2ae19629-204f-13a3-e055-000000000001,ANNAGHDOWN,57.89740985271712,9.14169629253428,6.602336211274759,26.409344845099035,29.964448958862366,785.6420626895855,118.80687563195147,0.0,14.728288471305232,4.062976130015236,51.802945657694266,529.3501048218029
2ae19629-205a-13a3-e055-000000000001,ARDAMULLIVAN,82.28730822873084,0.0,0.0,20.920502092050206,33.47280334728033,734.0720221606648,155.12465373961217,0.0,0.0,0.0,50.2092050209205,394.46870451237265
2ae19629-2063-13a3-e055-000000000001,West Donegal,108.93854748603351,0.0,2.793296089385475,6.983240223463687,25.139664804469277,872.9508196721312,65.57377049180329,0.0,4.189944134078212,0.0,43.296089385474865,771.7086834733894
2ae19629-206e-13a3-e055-000000000001,GLENEELY,142.59927797833936,1.203369434416366,0.0,2.406738868832732,10.22864019253911,858.2535885167464,44.25837320574163,0.601684717208183,0.601684717208183,1.8050541516245489,16.84717208182912,247.53086419753086
2ae19629-2072-13a3-e055-000000000001,MILLFORD,131.26934984520125,3.0959752321981426,1.8575851393188854,6.191950464396285,21.052631578947366,783.8334353949786,75.32149418248622,9.287925696594426,4.3343653250774,3.7151702786377707,47.67801857585139,341.57160963244615
2ae19629-2074-13a3-e055-000000000001,BALLYCAHALAN,126.76056338028168,0.0,0.0,32.863849765258216,28.169014084507044,741.7840375586854,169.01408450704224,0.0,0.0,0.0,98.59154929577464,431.92488262910797
2ae19629-207a-13a3-e055-000000000001,GLENTIES,112.02185792349727,4.781420765027322,1.366120218579235,12.978142076502733,20.491803278688522,860.3389830508474,75.25423728813558,0.6830601092896175,3.4153005464480874,1.366120218579235,61.47540983606557,392.3076923076923
2ae19629-205c-13a3-e055-000000000001,BALLINASLOE RURAL,47.10144927536232,0.0,1.8115942028985508,10.869565217391305,16.304347826086957,809.009009009009,86.48648648648648,1.8115942028985508,1.8115942028985508,0.0,23.55072463768116,477.859778597786
2ae19629-205e-13a3-e055-000000000001,BALLINASTACK,115.72700296735906,5.934718100890208,0.0,2.967359050445104,26.706231454005934,864.7058823529412,94.11764705882352,0.0,0.0,5.934718100890208,50.445103857566764,400.61162079510706
2ae19629-205f-13a3-e055-000000000001,BALLINDERRY,68.79194630872483,1.6778523489932886,0.0,16.778523489932887,21.812080536912752,864.321608040201,85.42713567839195,15.100671140939598,8.389261744966444,1.6778523489932886,38.59060402684564,410.3019538188277
2ae19629-2069-13a3-e055-000000000001,BALLINTEMPLE,49.28259513412352,24.953212726138492,4.990642545227698,30.567685589519648,44.915782907049284,806.7122436295836,125.54381603480422,4.990642545227698,18.714909544603866,4.366812227074235,81.09794135995008,495.77098243331164
2ae19629-206c-13a3-e055-000000000001,CASTLECARY,217.51824817518246,0.0,4.37956204379562,10.218978102189782,20.437956204379564,799.1329479768787,79.47976878612717,0.0,11.678832116788321,0.0,59.85401459854015,327.8443113772455
2ae19629-206d-13a3-e055-000000000001,GLENEELY,167.6505312868949,4.7225501770956315,0.0,2.3612750885478158,14.167650531286895,826.5424912689173,75.66938300349244,0.0,1.1806375442739079,2.3612750885478158,42.502951593860686,232.81061519903497
2ae19629-2070-13a3-e055-000000000001,GLENLEHEEN,104.57516339869281,0.0,0.0,32.67973856209151,0.0,871.7948717948718,51.28205128205128,0.0,13.071895424836601,0.0,32.67973856209151,688.7417218543046
2ae19629-2079-13a3-e055-000000000001,GLENEGANON,129.93630573248407,0.0,0.0,5.095541401273885,7.643312101910828,860.9355246523388,67.00379266750949,1.2738853503184713,0.0,0.0,30.573248407643312,328.94736842105266
2ae19629-1d71-13a3-e055-000000000001,GRACE PARK,41.08264862252295,6.927662316739165,10.472047688094086,44.14370871596584,73.30433381665861,658.9604591836735,227.35969387755102,0.4833252779120348,34.638311583695824,10.31093926212341,73.78765909457064,432.81865965834425
2ae19629-1d73-13a3-e055-000000000001,CARNAGARVE,76.8,1.6,0.0,16.0,19.2,746.4114832535885,81.33971291866028,0.0,6.4,0.0,41.6,326.1943986820428
2ae19629-1d76-13a3-e055-000000000001,LISAGOAN,62.80193236714976,36.231884057971016,0.0,14.492753623188406,9.66183574879227,876.8115942028985,48.309178743961354,0.0,0.0,2.4154589371980677,60.386473429951685,344.1396508728179
2ae19629-1d77-13a3-e055-000000000001,LISSANOVER,169.5501730103806,20.761245674740483,0.0,0.0,6.920415224913495,852.233676975945,61.855670103092784,0.0,0.0,0.0,83.04498269896193,438.1625441696113
2ae19629-1d7b-13a3-e055-000000000001,FOXROCK-DEANSGRANGE,58.89471561113352,0.40338846308995563,4.4372730939895115,33.077853973376364,70.18959257765228,711.850971066191,175.58462148236225,0.0,32.6744655102864,3.630496167809601,66.15570794675273,482.843137254902
2ae19629-1d7d-13a3-e055-000000000001,GARRISTOWN,36.55793025871766,12.935883014623172,1.687289088863892,50.61867266591676,59.617547806524186,695.1693503609107,164.35313714602998,7.311586051743532,8.998875140607424,42.744656917885266,105.17435320584927,359.106529209622
2ae19629-1d81-13a3-e055-000000000001,GRANGE C,31.942633637548894,11.08213820078227,0.3259452411994785,20.208604954367665,36.17992177314211,745.3013609850939,138.04277381723915,5.215123859191656,9.452411994784876,10.430247718383312,48.23989569752281,256.89597873047524
2ae19629-1d91-13a3-e055-000000000001,LOUGHDAWAN,36.69724770642202,3.058103975535168,0.0,21.406727828746178,9.174311926605505,878.419452887538,42.5531914893617,0.0,3.058103975535168,0.0,45.87155963302752,333.3333333333333
2ae19629-2031-13a3-e055-000000000001,LISDOONVARNA,32.77378097521982,25.579536370903277,0.7993605115907274,27.17825739408473,304.55635491606716,395.8990536277602,85.17350157728707,9.592326139088728,22.38209432454037,47.16227018385292,84.73221422861711,208.50367947669665
2ae19629-203a-13a3-e055-000000000001,KILFENORA,42.394014962593516,2.493765586034913,0.0,14.962593516209475,27.43142144638404,812.807881773399,128.07881773399015,24.93765586034913,2.493765586034913,0.0,47.38154613466334,508.8607594936709
2ae19629-203d-13a3-e055-000000000001,ABBEYMAHON,52.70270270270271,18.91891891891892,0.0,37.83783783783784,50.0,737.5504710632571,170.92866756393002,0.0,14.864864864864865,1.3513513513513513,110.81081081081082,460.5633802816901
2ae19629-2041-13a3-e055-000000000001,AGHERN,33.61344537815126,0.0,8.403361344537815,29.41176470588235,21.008403361344538,761.5062761506276,167.36401673640165,0.0,16.80672268907563,0.0,63.02521008403361,413.7931034482759
2ae19629-2047-13a3-e055-000000000001,AHASCRAGH,74.55429497568882,8.103727714748784,0.0,4.862236628849271,25.93192868719611,861.0662358642973,75.92891760904685,37.27714748784441,0.0,3.2414910858995136,38.897893030794165,428.09364548494983
2ae19629-2053-13a3-e055-000000000001,CLOONKEEN,60.041407867494826,12.422360248447204,0.0,10.351966873706004,28.985507246376812,828.8659793814434,123.71134020618557,6.211180124223602,4.140786749482402,0.0,66.25258799171843,425.48596112311014
2ae19629-2060-13a3-e055-000000000001,CARRICKART,162.44725738396622,4.219409282700422,0.0,6.329113924050633,21.09704641350211,822.7979274611399,70.46632124352331,2.109704641350211,3.1645569620253164,1.0548523206751055,43.24894514767932,462.1131270010672
2ae19629-2061-13a3-e055-000000000001,CARRICKBOY,229.7650130548303,0.0,0.0,5.221932114882507,23.49869451697128,845.7583547557841,110.53984575835476,0.0,5.221932114882507,0.0,18.276762402088774,333.3333333333333
2ae19629-1ee8-13a3-e055-000000000001,THE HARROW,40.229885057471265,7.662835249042145,0.0,9.578544061302681,17.241379310344826,839.0804597701149,67.04980842911877,1.9157088122605364,5.747126436781609,0.0,53.639846743295024,367.2654690618762
2ae19629-1efb-13a3-e055-000000000001,BENGOUR,50.63291139240506,0.0,3.1645569620253164,25.31645569620253,37.9746835443038,764.1509433962265,113.20754716981132,0.0,15.822784810126583,0.0,50.63291139240506,529.4117647058823
2ae19629-1eff-13a3-e055-000000000001,DRIPSEY,37.759597230962875,5.0346129641283826,0.0,14.4745122718691,22.655758338577723,818.2941903584673,125.46353522867737,0.6293266205160478,1.8879798615481436,1.2586532410320956,37.13027061044683,506.43500643500636
2ae19629-1f02-13a3-e055-000000000001,DROMORE,31.434184675834967,21.938441388343154,2.2920759659463,27.832351015062212,28.159790438768827,795.1649787651094,123.16236524011761,0.3274394237066143,6.5487884741322855,3.929273084479371,79.24034053700066,427.0584215920738
2ae19629-1f09-13a3-e055-000000000001,DUNBEACON,171.12299465240642,5.347593582887701,0.0,58.8235294117647,42.780748663101605,385.0267379679144,288.7700534759358,0.0,5.347593582887701,5.347593582887701,187.1657754010695,313.1868131868132
2ae19629-1f0a-13a3-e055-000000000001,DUNDERROW,37.61574074074074,16.78240740740741,0.5787037037037037,13.310185185185185,33.56481481481482,806.2283737024221,126.29757785467127,0.0,4.050925925925926,2.893518518518518,59.60648148148148,547.7326968973747
2ae19629-1f17-13a3-e055-000000000001,BALLINADEE,54.72636815920398,1.658374792703151,0.0,19.90049751243781,21.558872305140962,729.5081967213115,119.67213114754098,0.0,0.0,1.658374792703151,48.09286898839138,462.60869565217394
2ae19629-1f1e-13a3-e055-000000000001,CLONFERT WEST,123.2876712328767,0.0,0.0,0.0,20.54794520547945,800.0,113.33333333333333,0.0,0.0,0.0,82.1917808219178,319.7278911564626
2ae19629-1cd6-13a3-e055-000000000001,TEMPLEOGUE VILLAGE,51.6243880729862,5.785491766800178,15.131286159323542,33.82287494437027,72.54116599910992,680.1762114537445,201.3215859030837,0.0,34.712950600801065,10.235870048954162,76.54650645304852,510.054844606947
2ae19629-1ce7-13a3-e055-000000000001,TERENURE-St. JAMES,22.19430485762144,6.28140703517588,4.606365159128979,22.613065326633166,33.0820770519263,767.8868552412646,155.15806988352745,0.0,20.519262981574542,5.025125628140704,38.94472361809046,313.2735808792147
2ae19629-1ce9-13a3-e055-000000000001,TIBRADDEN,41.53354632587859,11.714589989350374,4.259850905218317,28.75399361022364,58.57294994675186,671.957671957672,187.3015873015873,0.0,18.104366347177848,2.1299254526091587,77.74227902023429,407.244785949506
2ae19629-1cec-13a3-e055-000000000001,ARRAN QUAY B,40.602608855410615,25.35366525812971,35.274664706963065,210.54565496968584,239.39004225610876,217.39916802315065,230.24054982817867,2.3883887562006247,73.85632923020394,17.26988792945067,171.59654602241412,154.82093663911846
2ae19629-1ced-13a3-e055-000000000001,ARRAN QUAY C,42.90278411684162,26.47193062528526,32.40529438612506,176.63167503423094,249.20127795527156,294.0163581575549,314.4640551011623,2.5102692834322227,79.18758557736194,27.841168416248287,244.86535828388864,168.098700154219
2ae19629-1cef-13a3-e055-000000000001,ARRAN QUAY E,51.32796180244703,13.42882721575649,5.371530886302597,87.138167711131,103.25276037003879,390.8794788273616,367.48593426117856,0.8952551477170994,18.501939719486717,16.711429424052522,145.9265890778872,308.2087274946598
2ae19629-1cf3-13a3-e055-000000000001,KILLASHANDRA,87.36059479553904,4.646840148698885,0.0,23.234200743494423,25.092936802973977,755.4945054945055,68.68131868131869,2.7881040892193307,4.646840148698885,0.929368029739777,76.2081784386617,316.68237511781336
2ae19629-1cf7-13a3-e055-000000000001,CHURCHTOWN-CASTLE,48.57444561774023,12.143611404435058,7.391763463569165,35.37486800422387,98.20485744456177,591.3134484563057,245.4212454212454,4.7518479408658925,38.54276663146779,13.199577613516366,98.20485744456177,404.93150684931504
2ae19629-207f-13a3-e055-000000000001,BALLYNACOURTY,72.95081967213115,14.754098360655739,0.0,13.114754098360656,28.688524590163937,809.4079480940794,125.70965125709651,0.0,0.0,1.639344262295082,55.73770491803279,577.6658270361041
2ae19629-2080-13a3-e055-000000000001,BALLYNAGAR,60.46511627906977,4.651162790697675,0.0,18.6046511627907,13.953488372093023,857.1428571428571,82.94930875576037,0.0,0.0,0.0,60.46511627906977,423.0769230769231
2ae19629-2081-13a3-e055-000000000001,CASTLEWRAY,146.26783754116357,9.055982436882546,14.818880351262349,9.330406147091107,37.04720087815587,741.9179570768813,105.40613963596849,1.0976948408342482,29.912184412733257,3.293084522502744,57.0801317233809,448.00449690837553
2ae19629-2083-13a3-e055-000000000001,CHURCH HILL,124.36548223350253,0.0,0.0,0.0,27.918781725888326,820.0,67.5,2.5380710659898473,5.076142131979695,2.5380710659898473,50.76142131979695,574.3589743589744
2ae19629-208a-13a3-e055-000000000001,PETTIGOE,237.56906077348066,8.287292817679557,0.0,0.0,22.099447513812155,880.4347826086956,54.34782608695652,0.0,0.0,0.0,49.72375690607735,307.4792243767313
2ae19629-2096-13a3-e055-000000000001,RATHMELTON,138.7987012987013,2.029220779220779,6.493506493506494,11.76948051948052,24.350649350649352,675.6214915797915,118.28388131515638,4.464285714285714,16.233766233766232,1.2175324675324675,47.88961038961039,289.03654485049833
2ae19629-209c-13a3-e055-000000000001,HAUGH,85.1063829787234,0.0,0.0,0.0,8.51063829787234,719.1489361702128,63.82978723404255,0.0,0.0,0.0,12.76595744680851,356.82819383259914
2ae19629-20a0-13a3-e055-000000000001,ROSGUILL,184.5965770171149,1.2224938875305624,0.0,11.002444987775062,25.672371638141808,836.4485981308411,58.41121495327103,1.2224938875305624,0.0,0.0,37.89731051344744,644.2307692307693
2ae19629-207e-13a3-e055-000000000001,BALLYMOE,95.95959595959596,0.0,0.0,10.101010101010102,10.101010101010102,793.9698492462312,80.40201005025126,2.5252525252525255,0.0,0.0,75.75757575757576,404.09207161125323
2ae19629-2084-13a3-e055-000000000001,GOLAND,163.8418079096045,0.0,0.0,2.824858757062147,14.124293785310734,866.2952646239554,41.78272980501393,0.0,14.124293785310734,2.824858757062147,28.248587570621467,343.75
2ae19629-2087-13a3-e055-000000000001,GRAFFY,114.09395973154362,26.845637583892618,0.0,6.7114093959731544,13.422818791946309,880.0,73.33333333333333,0.0,6.7114093959731544,0.0,67.11409395973155,704.6979865771812
2ae19629-2089-13a3-e055-000000000001,NEWTOWN CUNNINGHAM,182.08373904576436,1.9474196689386563,0.0,1.9474196689386563,8.763388510223955,678.0155642023346,60.311284046692606,6.815968841285297,0.9737098344693281,0.0,17.52677702044791,255.97609561752986
2ae19629-208d-13a3-e055-000000000001,BALLYNAKILL,70.09345794392523,9.345794392523365,0.0,9.345794392523365,16.355140186915886,864.0552995391705,64.51612903225806,0.0,0.0,0.0,53.73831775700935,400.9546539379475
2ae19629-208f-13a3-e055-000000000001,CLIFF,265.30612244897964,4.081632653061225,0.0,4.081632653061225,16.3265306122449,827.3092369477911,152.6104417670683,0.0,0.0,0.0,48.97959183673469,379.16666666666663
2ae19629-2095-13a3-e055-000000000001,RAPHOE,119.36339522546419,2.6525198938992043,3.3156498673740056,5.305039787798409,9.283819628647215,635.7659434582511,52.596975673898754,1.3262599469496021,11.936339522546419,1.9893899204244032,27.851458885941646,193.08943089430895
2ae19629-2099-13a3-e055-000000000001,BEAGH,81.94622279129321,2.560819462227913,1.2804097311139564,26.888604353393085,28.169014084507044,813.6882129277566,105.19645120405576,0.0,6.402048655569782,1.2804097311139564,75.54417413572344,476.5013054830287
2ae19629-1d9b-13a3-e055-000000000001,KIMMAGE C,51.75202156334232,13.746630727762803,14.555256064690028,83.82749326145553,153.63881401617252,464.68699839486356,290.52969502407706,5.121293800539084,49.59568733153639,18.059299191374663,156.33423180592993,312.8767123287671
2ae19629-1d9f-13a3-e055-000000000001,MANSION HOUSE A,43.065693430656935,8.51581508515815,50.851581508515814,113.62530413625305,158.88077858880777,407.6314564913913,229.1763610981852,6.082725060827251,79.80535279805352,19.95133819951338,154.50121654501217,162.22645099904852
2ae19629-1da9-13a3-e055-000000000001,CAVAN RURAL,47.07511249567324,54.113303334487135,37.49855774777893,85.15057113187954,94.15022499134648,662.1698868183377,87.68720704241454,8.307372793354102,97.38086996653975,37.267797392407985,176.18553132571824,335.7760691975012
2ae19629-1daf-13a3-e055-000000000001,HOWTH,75.54479418886199,3.389830508474576,4.842615012106537,28.450363196125906,63.80145278450364,648.4105250625074,235.7423502797952,0.48426150121065376,16.46489104116223,2.905569007263922,80.38740920096852,444.2957917781562
2ae19629-1dd3-13a3-e055-000000000001,RATHMINES EAST A,68.6456400742115,8.658008658008658,18.34673263244692,99.15481344052772,172.12945784374355,462.3418357099819,300.66278369150433,1.2368583797155226,52.772624201195626,12.574726860441146,173.36631622345908,356.9078947368421
2ae19629-1dd4-13a3-e055-000000000001,RATHMINES EAST B,68.46621380050054,5.7204147300679296,20.736503396496246,68.10868787987128,141.0439756882374,554.7765118317266,257.4934268185802,0.7150518412584912,57.74043618162317,5.7204147300679296,127.27922774401144,430.6211405739194
2ae19629-1ddd-13a3-e055-000000000001,SHERCOCK,57.52561071710008,32.30890464933018,0.7880220646178093,85.89440504334121,35.46099290780142,795.4545454545454,69.74921630094045,0.0,31.520882584712368,7.092198581560283,132.38770685579195,301.3809910641755
2ae19629-1dde-13a3-e055-000000000001,LUCAN-St. HELENS,27.33882112599892,26.437541308658297,95.83608724388631,63.630355104248025,162.5908790482485,483.0705147277596,146.02796786670632,2.583668809709788,210.17845340383346,60.44583308297783,142.82280838791084,318.9033189033189
2ae19629-2065-13a3-e055-000000000001,MALINBEG,110.80332409972299,0.0,0.0,19.39058171745152,16.62049861495845,852.5469168900804,85.79088471849866,0.0,2.770083102493075,2.770083102493075,52.63157894736842,730.7692307692307
2ae19629-2068-13a3-e055-000000000001,BALLINDUFF,66.66666666666667,12.5,12.5,36.11111111111111,18.055555555555554,724.1379310344828,191.72413793103448,1.3888888888888888,15.277777777777777,8.333333333333334,62.5,478.8135593220339
2ae19629-206a-13a3-e055-000000000001,CARROWKEEL,138.2488479262673,0.0,1.152073732718894,9.216589861751151,18.433179723502302,750.2837684449489,64.69920544835414,0.0,11.520737327188941,0.0,35.714285714285715,349.65034965034965
2ae19629-206b-13a3-e055-000000000001,CARTHAGE,117.32456140350878,0.0,0.0,4.385964912280701,24.12280701754386,896.4013086150491,34.89640130861505,0.0,1.0964912280701753,1.0964912280701753,20.833333333333332,275.5905511811024
2ae19629-206f-13a3-e055-000000000001,GLENGESH,101.89228529839883,2.911208151382824,0.0,18.922852983988356,27.65647743813683,795.3890489913545,59.0778097982709,0.0,0.0,0.0,48.03493449781659,438.62275449101793
2ae19629-2073-13a3-e055-000000000001,MINTIAGHS,160.63348416289594,0.0,0.0,1.1312217194570138,14.705882352941176,868.5393258426967,52.80898876404495,0.0,0.0,0.0,26.018099547511312,325.05910165484636
2ae19629-2075-13a3-e055-000000000001,BALLYGLASS,112.35955056179775,5.617977528089887,0.0,16.853932584269664,5.617977528089887,815.6424581005587,134.0782122905028,0.0,0.0,0.0,117.97752808988764,419.54022988505744
2ae19629-207b-13a3-e055-000000000001,GLENTOGHER,150.32679738562092,1.6339869281045751,16.339869281045754,7.352941176470588,24.509803921568626,809.6774193548388,78.22580645161291,0.0,29.41176470588235,0.0,40.03267973856209,256.5622353937341
2ae19629-1f26-13a3-e055-000000000001,CLONMEEN,44.67353951890034,3.4364261168384878,0.0,20.61855670103093,27.491408934707902,807.5601374570447,116.83848797250859,0.0,3.4364261168384878,0.0,41.23711340206186,455.5160142348754
2ae19629-1f2a-13a3-e055-000000000001,FARAHY,52.525252525252526,0.0,0.0,6.0606060606060606,18.18181818181818,879.5180722891565,64.25702811244979,0.0,4.040404040404041,4.040404040404041,42.42424242424243,422.03742203742206
2ae19629-1f35-13a3-e055-000000000001,FERMOY URBAN,38.4012539184953,92.86833855799372,6.269592476489028,92.86833855799372,131.6614420062696,631.0077519379845,156.20155038759688,3.9184952978056424,31.34796238244514,29.388714733542322,241.77115987460814,270.99841521394615
2ae19629-1f4c-13a3-e055-000000000001,COOLCRAHEEN,63.127690100430414,10.043041606886657,0.0,24.390243902439025,12.91248206599713,765.2916073968705,122.33285917496444,1.4347202295552368,1.4347202295552368,1.4347202295552368,65.99713055954089,499.25705794947993
2ae19629-1f5b-13a3-e055-100000000001,RIVERSTOWN,35.841382816471786,20.335536349771225,4.321301474326385,35.078800203355364,38.637519064565325,774.455144450076,145.4637607704004,1.525165226232842,19.572953736654803,11.184544992374173,77.02084392475851,493.93779652082236
2ae19629-1f5c-13a3-e055-000000000001,COOLMOUNTAIN,142.5287356321839,4.597701149425287,2.2988505747126435,29.885057471264368,29.885057471264368,639.080459770115,227.58620689655174,0.0,2.2988505747126435,2.2988505747126435,172.41379310344828,376.77725118483414
2ae19629-1f5d-13a3-e055-000000000001,COOMLOGANE,44.760935910478125,72.22787385554426,1.0172939979654119,24.415055951169887,13.224821973550355,876.3819095477387,90.45226130653266,0.0,3.051881993896236,0.0,113.93692777212615,385.09316770186336
2ae19629-1f64-13a3-e055-000000000001,GOLEEN,117.6470588235294,0.0,4.524886877828055,49.77375565610859,27.149321266968325,638.3928571428571,245.53571428571428,0.0,4.524886877828055,4.524886877828055,108.5972850678733,325.6880733944954
2ae19629-1cf8-13a3-e055-000000000001,CHURCHTOWN-LANDSCAPE,50.800278357689635,1.3917884481558804,3.4794711203897006,25.052192066805848,58.45511482254697,627.2475795297372,237.2060857538036,0.0,17.397355601948504,4.17536534446764,59.84690327070285,544.0229062276306
2ae19629-1cf9-13a3-e055-000000000001,CHURCHTOWN-NUTGROVE,40.79696394686907,9.803921568627452,4.743833017077798,37.31815306767868,72.10626185958255,615.0470219435737,252.6645768025078,6.008855154965212,34.78810879190386,9.803921568627452,82.85895003162555,363.8138626749105
2ae19629-1cfa-13a3-e055-000000000001,CHURCHTOWN-ORWELL,61.33056133056133,1.5592515592515594,5.197505197505198,21.30977130977131,64.96881496881497,632.6219512195122,236.78861788617886,0.0,23.38877338877339,3.6382536382536386,57.69230769230769,527.7777777777778
2ae19629-1cfb-13a3-e055-000000000001,CHURCHTOWN-WOODLAWN,59.17553191489362,3.324468085106383,13.297872340425531,37.89893617021277,75.79787234042554,569.6533682145193,246.56638325703074,0.0,35.23936170212766,5.319148936170213,79.12234042553192,498.6631016042781
2ae19629-1cfd-13a3-e055-000000000001,CLONDALKIN-CAPPAGHMORE,24.580090126997135,11.880376894715281,0.8193363375665711,22.12208111429742,86.03031544448997,631.4928425357873,103.47648261758691,38.91847603441212,24.170421958213847,90.9463334698894,47.93117574764441,245.37815126050418
2ae19629-1d06-13a3-e055-000000000001,BALLYBOUGH B,32.469166876415805,20.387616410772715,25.9249937075258,152.52957462874403,270.5763906367984,372.131931166348,267.20841300191205,0.7550969041026933,79.78857286685124,42.285426629750816,264.03221746790837,192.94349864298053
2ae19629-1d07-13a3-e055-000000000001,BALLYGALL C,36.57522859517872,2.770850651149903,6.095871432529786,26.87725131615406,35.74397339983375,691.1684037301152,217.77290181020294,5.541701302299806,17.73344416735938,3.6021058464948736,44.88778054862843,432.89064707544503
2ae19629-1d0e-13a3-e055-000000000001,BALLYMUN D,30.980392156862745,36.07843137254902,10.19607843137255,49.80392156862745,69.41176470588235,426.49941199529593,89.3767150137201,2.7450980392156863,23.137254901960784,32.549019607843135,70.98039215686275,120.96774193548387
2ae19629-20a6-13a3-e055-000000000001,BENCORR,100.0,5.263157894736842,0.0,100.0,10.526315789473683,639.269406392694,191.7808219178082,0.0,0.0,0.0,131.57894736842104,280.3738317757009
2ae19629-20b0-13a3-e055-000000000001,BULLAUN,47.1976401179941,0.0,0.0,14.749262536873156,14.749262536873156,902.9411764705883,44.11764705882353,0.0,0.0,0.0,35.39823008849557,489.2966360856269
2ae19629-20b5-13a3-e055-000000000001,CREENASMEAR,146.1038961038961,0.0,0.0,0.0,16.233766233766232,808.9171974522293,25.477707006369428,0.0,0.0,3.246753246753247,48.701298701298704,399.33993399339937
2ae19629-20b6-13a3-e055-000000000001,KILDERRY,489.3917963224894,0.47147571900047147,1.4144271570014144,8.958038661008958,18.38755304101839,806.6015806601581,65.55090655509066,0.0,5.186232909005186,0.9429514380009429,29.7029702970297,230.58599333015724
2ae19629-20b7-13a3-e055-000000000001,KILGOLY,92.17877094972067,0.0,0.0,11.1731843575419,8.379888268156424,852.054794520548,73.97260273972603,0.0,0.0,0.0,55.865921787709496,737.4301675977654
2ae19629-20b9-13a3-e055-000000000001,KILLYBEGS,90.42787825319806,1.7644464049404498,6.6166740185266875,18.526687251874726,25.143361270401414,830.2614659237034,72.86755250750107,2.2055580061755626,11.027790030877812,1.7644464049404498,48.08116453462726,358.02469135802465
2ae19629-20ba-13a3-e055-000000000001,KILLYGARVAN,166.66666666666666,0.0,0.0,8.333333333333334,0.0,883.3333333333333,83.33333333333333,0.0,0.0,0.0,33.333333333333336,350.8771929824561
2ae19629-20bb-13a3-e055-000000000001,STRAID,127.443315089914,0.0,0.0,0.0,12.509773260359657,904.4684129429892,60.092449922958394,0.7818608287724785,2.3455824863174355,0.7818608287724785,20.32838154808444,249.20127795527156
2ae19629-209d-13a3-e055-000000000001,ILLIES,131.55080213903744,0.0,1.0695187165775402,8.556149732620321,18.18181818181818,896.2962962962963,42.32804232804233,3.2085561497326203,2.1390374331550803,0.0,39.57219251336898,251.1013215859031
2ae19629-20a5-13a3-e055-000000000001,BELLEVILLE,41.91616766467065,17.964071856287426,2.9940119760479043,11.976047904191617,19.46107784431138,844.776119402985,105.97014925373134,0.0,7.485029940119761,0.0,47.90419161676647,431.46417445482865
2ae19629-20ab-13a3-e055-000000000001,INVER,100.38119440914866,0.0,1.2706480304955527,3.8119440914866582,16.518424396442185,831.4465408805032,47.79874213836478,0.0,3.8119440914866582,2.5412960609911055,27.95425667090216,358.73850197109067
2ae19629-20ae-13a3-e055-000000000001,St. JOHNSTOWN,198.6899563318777,1.455604075691412,0.727802037845706,1.455604075691412,8.005822416302767,744.9856733524355,61.60458452722063,0.727802037845706,1.455604075691412,0.727802037845706,28.384279475982535,180.0595238095238
2ae19629-20b8-13a3-e055-000000000001,KILLEA,440.1805869074492,0.0,0.564334085778781,6.207674943566591,9.029345372460496,751.3873473917869,68.25749167591565,0.564334085778781,1.693002257336343,0.564334085778781,36.68171557562077,183.06636155606407
2ae19629-20bc-13a3-e055-000000000001,STRANORLAR,116.12763186455393,27.3496852615585,5.426524853483829,26.047319296722378,35.380942044714565,787.2928176795581,75.43561410964726,4.77534187106577,18.45018450184502,5.860646841762535,80.74668981983937,298.64154250657316
2ae19629-20bf-13a3-e055-000000000001,CAPPALUSK,69.71153846153847,16.826923076923077,0.0,0.0,9.615384615384617,841.3461538461538,81.73076923076923,0.0,0.0,0.0,40.86538461538461,458.5365853658537
2ae19629-20ca-13a3-e055-000000000001,TEMPLECARN,269.2307692307692,9.615384615384617,0.0,0.0,38.46153846153847,933.3333333333334,0.0,0.0,0.0,0.0,19.230769230769234,184.46601941747574
2ae19629-1de3-13a3-e055-000000000001,PALMERSTON VILLAGE,33.0872299699207,11.211375444353294,11.484823625922887,24.33688815969374,43.47826086956522,706.9666576307942,173.21767416644076,0.5468963631391851,36.36860814875581,5.195515449822259,51.95515449822258,361.82019977802446
2ae19629-1de5-13a3-e055-000000000001,PORTMARNOCK NORTH,53.490708186840784,4.269211451531894,1.5067805123053741,14.063284781516826,32.64691109994977,768.5276679841897,156.6205533596838,0.5022601707684581,10.29633350075339,1.2556504269211453,35.40934203917629,501.39416983523444
2ae19629-1def-13a3-e055-000000000001,SOUTH DOCK,47.49034749034749,8.88030888030888,60.36036036036036,157.27155727155727,206.04890604890605,355.88942307692304,327.0432692307692,1.0296010296010296,108.23680823680824,14.929214929214929,235.9073359073359,207.24745594440307
2ae19629-1df1-13a3-e055-000000000001,TERENURE B,53.78378378378378,5.675675675675675,7.837837837837838,36.21621621621622,85.4054054054054,572.6107848371597,287.50667378537105,0.0,27.56756756756757,9.45945945945946,92.16216216216216,462.04802649737786
2ae19629-1df7-13a3-e055-000000000001,USHERS D,52.41090146750524,16.771488469601678,27.253668763102723,90.56603773584905,175.68134171907758,374.8953974895398,300.836820083682,0.0,80.50314465408805,25.576519916142555,143.81551362683436,225.19413287316652
2ae19629-1e01-13a3-e055-000000000001,RATHFARNHAM-BUTTERFIELD,36.93444136657433,0.6155740227762388,2.154509079716836,24.622960911049553,48.63034779932287,703.6474164133738,198.48024316109422,0.6155740227762388,12.619267466912895,2.4622960911049554,44.01354262850108,534.557907845579
2ae19629-1e02-13a3-e055-000000000001,RATHFARNHAM-HERMITAGE,48.487647194643266,8.773955206649735,13.62271992611406,26.321865619949204,78.50380974370815,674.5089081772499,198.2640475102787,0.0,48.718540752713004,3.9251904871854078,66.72823828215192,499.176664314279
2ae19629-1e07-13a3-e055-000000000001,WALKINSTOWN B,29.014507253626814,15.50775387693847,5.002501250625312,34.51725862931466,75.0375187593797,616.6832174776564,236.34558093346575,0.0,48.524262131065534,9.004502251125562,68.03401700850425,308.2861554297478
2ae19629-2088-13a3-e055-000000000001,GREENCASTLE,249.32735426008966,0.0,0.0,7.174887892376682,23.318385650224215,767.5438596491229,116.66666666666667,0.8968609865470852,4.484304932735426,0.0,58.29596412556054,316.89497716894977
2ae19629-2094-13a3-e055-000000000001,GROUSEHALL,345.23809523809524,0.0,0.0,0.0,23.809523809523807,928.5714285714286,23.809523809523807,11.904761904761903,0.0,0.0,11.904761904761903,175.0
2ae19629-2098-13a3-e055-000000000001,BARNA,73.12614259597807,7.573779054583442,2.3504831548707235,21.15434839383651,49.09898145729956,756.595964821521,166.83911019141232,0.0,9.66309741446853,4.178636719770175,55.88926612692609,669.2328112556411
2ae19629-20a2-13a3-e055-000000000001,RUTLAND,180.94585332419467,1.3708019191226868,0.0,17.82042494859493,17.82042494859493,852.2727272727273,76.20320855614973,1.3708019191226868,0.6854009595613434,3.427004797806717,79.50651130911584,389.61038961038963
2ae19629-20a7-13a3-e055-000000000001,BOYOUNAGH,81.96721311475409,0.0,0.0,12.295081967213115,12.295081967213115,873.469387755102,85.71428571428571,0.0,4.0983606557377055,0.0,61.47540983606557,384.297520661157
2ae19629-20ad-13a3-e055-000000000001,SEACOR,150.53763440860214,0.0,0.0,10.752688172043012,10.752688172043012,924.7311827956988,10.752688172043012,0.0,0.0,10.752688172043012,75.26881720430107,477.7777777777778
2ae19629-20b3-13a3-e055-000000000001,CORRAVADDY,112.84722222222223,28.935185185185187,9.837962962962964,6.944444444444444,53.81944444444445,736.6302472685451,74.75560667050028,0.5787037037037037,34.72222222222222,4.050925925925926,65.39351851851852,369.77299880525686
2ae19629-20c1-13a3-e055-000000000001,CREESLOUGH,158.44155844155844,0.0,1.2987012987012987,10.38961038961039,24.675324675324678,798.2120051085568,97.0625798212005,0.0,0.0,1.2987012987012987,37.66233766233766,359.5800524934383
2ae19629-1f6d-13a3-e055-000000000001,CROOKHAVEN,94.5273631840796,4.975124378109452,0.0,29.850746268656717,39.80099502487562,707.3170731707316,170.7317073170732,0.0,9.950248756218905,0.0,114.42786069651741,348.0392156862745
2ae19629-1f78-13a3-e055-000000000001,CASTLEHAVEN SOUTH,110.2803738317757,5.607476635514018,0.0,42.99065420560748,18.69158878504673,705.4545454545455,223.63636363636363,0.0,0.0,3.7383177570093458,127.10280373831776,458.95522388059703
2ae19629-1f7b-13a3-e055-000000000001,CURRAGLASS,54.37352245862884,4.7281323877068555,0.0,9.456264775413711,16.548463356973993,846.1538461538462,65.26806526806527,0.0,4.7281323877068555,0.0,49.64539007092199,453.23741007194246
2ae19629-1f7d-13a3-e055-000000000001,DANGAN,33.83458646616541,0.0,7.518796992481203,15.037593984962406,33.83458646616541,796.9924812030075,116.54135338345864,0.0,15.037593984962406,0.0,41.35338345864661,394.6360153256705
2ae19629-1f7e-13a3-e055-000000000001,GORTNATUBBRID,66.23931623931624,10.683760683760683,0.0,36.32478632478633,14.957264957264957,797.4683544303798,139.2405063291139,0.0,0.0,4.273504273504274,87.6068376068376,786.6379310344828
2ae19629-1f7f-13a3-e055-000000000001,GORTROE,46.68304668304668,11.056511056511056,1.2285012285012284,13.513513513513514,11.056511056511056,830.6748466257668,80.98159509202455,0.0,2.457002457002457,0.0,45.45454545454545,464.0605296343001
2ae19629-1f80-13a3-e055-000000000001,BARLEYHILL,39.42652329749104,14.336917562724015,0.0,17.921146953405017,34.05017921146953,837.789661319073,44.563279857397504,0.0,0.0,3.5842293906810037,53.763440860215056,367.64705882352945
2ae19629-1f87-13a3-e055-000000000001,GOWLANE,32.50188964474679,10.582010582010582,0.0,22.675736961451246,33.257747543461825,822.7752639517345,116.89291101055807,2.2675736961451247,6.802721088435374,2.2675736961451247,63.49206349206349,459.41686367218284
2ae19629-1d10-13a3-e055-000000000001,BALLYMUN F,29.374201787994892,4.257130693912303,1.7028522775649213,19.157088122605362,45.97701149425287,738.8724035608309,178.04154302670625,0.0,16.602809706257982,3.4057045551298426,39.16560238399318,392.4380704041721
2ae19629-1d13-13a3-e055-000000000001,BALLYMAGAURAN,139.83050847457625,0.0,0.0,12.711864406779663,8.474576271186441,800.8474576271186,76.27118644067797,0.0,0.0,0.0,63.559322033898304,365.9574468085106
2ae19629-1d15-13a3-e055-000000000001,KILLYKEEN,50.07824726134585,0.0,0.0,12.519561815336463,31.29890453834116,603.7151702786377,46.43962848297214,0.0,7.82472613458529,0.0,32.863849765258216,397.7455716586151
2ae19629-1d17-13a3-e055-000000000001,CLONMETHAN,35.407725321888414,21.459227467811157,1.0729613733905579,13.948497854077255,28.969957081545065,732.0471596998929,168.27438370846733,6.437768240343348,16.094420600858367,11.802575107296137,57.93991416309013,403.0837004405287
2ae19629-1d19-13a3-e055-000000000001,CLONSKEAGH-BELFIELD,52.98651252408477,5.459216441875401,30.18625561978163,67.4373795761079,248.55491329479767,432.605221097496,347.3628129994672,0.0,144.82980089916506,20.873474630700066,153.8214515093128,372.37479806138936
2ae19629-1d36-13a3-e055-000000000001,KINGSCOURT,51.94451998912157,58.47158009246668,5.4392167527875985,36.986673918955674,31.00353549088931,748.9878542510121,77.19298245614036,3.2635300516725594,11.150394343214577,5.711177590426979,127.82159369050858,306.9977426636569
2ae19629-1d3b-13a3-e055-000000000001,DUN LAOGHAIRE-GLASTHULE,73.03754266211604,5.802047781569966,4.09556313993174,40.27303754266212,91.12627986348123,561.3682092555332,274.6478873239437,0.0,34.129692832764505,7.167235494880546,100.34129692832765,436.1628709454796
2ae19629-1d3c-13a3-e055-000000000001,DUN LAOGHAIRE-GLENAGEARY,72.84618854307622,14.884979702300406,66.08028867839423,87.95669824086603,214.0279657194407,441.76262178919393,332.8166519043401,1.1276499774470004,122.46278755074425,12.629679747406405,228.91294542174109,335.79676674364896
2ae19629-20be-13a3-e055-000000000001,CAMUS,69.27710843373494,9.036144578313253,3.0120481927710845,24.096385542168676,33.13253012048193,807.2289156626506,99.39759036144578,0.0,12.048192771084338,0.0,36.144578313253014,899.37106918239
2ae19629-20c4-13a3-e055-000000000001,CROWKEERAGH,51.724137931034484,17.241379310344826,0.0,8.620689655172413,8.620689655172413,951.2195121951219,32.520325203252035,0.0,0.0,0.0,43.10344827586207,781.5126050420168
2ae19629-20c6-13a3-e055-000000000001,KILLYMASNY,92.51968503937007,3.937007874015748,0.0,5.905511811023622,15.748031496062993,892.578125,42.96875,0.0,1.968503937007874,0.0,19.68503937007874,418.32669322709165
2ae19629-20ce-13a3-e055-000000000001,CROWNARAD,117.6470588235294,0.0,0.0,8.823529411764707,26.470588235294116,829.971181556196,86.45533141210375,0.0,5.88235294117647,0.0,38.235294117647065,341.3173652694611
2ae19629-20d5-13a3-e055-000000000001,TERMON,117.22912966252221,0.0,0.0,1.7761989342806395,10.657193605683837,783.4507042253521,63.38028169014084,0.0,0.0,5.328596802841918,14.209591474245116,518.2481751824818
2ae19629-20e1-13a3-e055-000000000001,CASTLETAYLOR,71.42857142857143,7.288629737609329,7.288629737609329,11.661807580174926,21.865889212827987,737.3737373737373,170.27417027417027,0.0,10.204081632653061,0.0,53.93586005830904,515.8850226928896
2ae19629-20e2-13a3-e055-000000000001,CLAREGALWAY,52.76705276705277,27.885027885027885,11.583011583011583,32.17503217503218,32.604032604032604,784.3383584589615,125.62814070351757,7.2930072930072924,24.024024024024023,6.864006864006864,81.51008151008152,493.44405594405595
2ae19629-20e7-13a3-e055-000000000001,DUNKINEELY,97.83845278725825,1.1376564277588168,1.1376564277588168,15.927189988623434,10.238907849829351,738.9380530973451,67.47787610619469,4.550625711035267,6.825938566552901,0.0,45.50625711035267,331.81299885974914
2ae19629-20d1-13a3-e055-000000000001,DESERTEGNY,175.67567567567568,0.0,0.0,6.756756756756757,14.864864864864865,896.1384820239681,66.57789613848203,0.0,0.0,0.0,18.91891891891892,355.6771545827633
2ae19629-20d8-13a3-e055-000000000001,CASTLEBOY,64.79859894921191,8.756567425569177,3.502626970227671,12.259194395796849,21.015761821366024,879.1593695271454,71.80385288966724,0.0,5.253940455341506,0.0,36.77758318739054,489.1696750902527
2ae19629-20da-13a3-e055-000000000001,DONEGAL,97.75364107627746,43.446062700567765,0.9874105159219946,21.723031350283883,44.68032584547026,728.4039243838239,105.76692988753291,3.455936805726981,13.823747222907924,9.13354727227845,100.71587262404344,365.6420426375805
2ae19629-20dd-13a3-e055-000000000001,LAGHY,109.41475826972011,1.272264631043257,2.544529262086514,7.633587786259541,17.811704834605596,707.1339173967459,70.08760951188987,0.0,3.8167938931297707,0.0,38.16793893129771,295.81151832460733
2ae19629-20de-13a3-e055-000000000001,THREE TREES,335.2192362093352,0.0,0.0,0.0,9.900990099009901,769.3370165745856,73.20441988950276,0.0,1.4144271570014144,0.0,32.53182461103253,276.10872675250357
2ae19629-20e3-13a3-e055-000000000001,DOOISH,135.22825150732126,7.751937984496124,2.5839793281653747,20.671834625322997,44.78897502153316,816.2393162393163,70.94017094017094,7.751937984496124,16.36520241171404,8.613264427217917,64.59948320413436,344.58259325044406
2ae19629-20ea-13a3-e055-000000000001,LARGYMORE,66.27680311890838,3.898635477582846,0.0,3.898635477582846,15.594541910331383,871.8929254302103,65.00956022944551,1.949317738791423,1.949317738791423,0.0,19.49317738791423,655.511811023622
2ae19629-20ec-13a3-e055-000000000001,LETTERKENNY URBAN,100.5248284214776,47.63827210335083,43.19741622930965,67.82398062171983,169.15623738393217,462.2713414634146,139.10060975609755,28.66370609608397,94.06540169559952,33.104561970125154,135.24424707307224,214.59738199127332
2ae19629-1e14-13a3-e055-000000000001,SWANLINBAR,269.8412698412698,15.873015873015872,0.0,84.65608465608466,18.51851851851852,787.4015748031496,86.61417322834646,2.6455026455026456,5.291005291005291,5.291005291005291,105.82010582010581,269.7547683923706
2ae19629-1e17-13a3-e055-000000000001,SHANKILL-RATHMICHAEL,58.19268635724332,11.427566807313642,10.021097046413503,35.33755274261603,67.15893108298171,606.7004013261211,240.09771418600593,8.614627285513361,32.70042194092827,4.571026722925457,92.29957805907172,390.6081324217344
2ae19629-1e21-13a3-e055-000000000001,TEMPLEPORT,176.89530685920576,0.0,0.0,7.220216606498195,7.220216606498195,841.1552346570397,79.42238267148015,0.0,0.0,0.0,72.20216606498195,345.724907063197
2ae19629-1e33-13a3-e055-000000000001,BALLYBOGHIL,43.31683168316832,6.188118811881188,9.282178217821782,29.7029702970297,34.65346534653466,740.9453652547575,131.98281154082258,14.85148514851485,19.183168316831683,24.752475247524753,63.11881188118812,404.2280589365791
2ae19629-1e3d-13a3-e055-000000000001,TOMHAGGARD,82.87292817679558,3.6832412523020257,0.0,7.366482504604051,16.574585635359114,752.7272727272726,121.81818181818181,0.0,0.0,0.0,55.248618784530386,298.5074626865671
2ae19629-1e43-13a3-e055-000000000001,KILLAG,93.25396825396825,1.984126984126984,0.0,3.968253968253968,19.841269841269842,811.0236220472441,98.4251968503937,1.984126984126984,3.968253968253968,0.0,67.46031746031746,380.1652892561984
2ae19629-1e44-13a3-e055-000000000001,WELLS,67.58304696449026,8.018327605956472,1.1454753722794961,14.891179839633446,20.61855670103093,735.0620067643742,131.9052987598647,3.4364261168384878,10.309278350515465,1.1454753722794961,63.001145475372276,350.0
2ae19629-1e52-13a3-e055-000000000001,WHITEMOOR,45.45454545454545,9.74025974025974,0.0,9.74025974025974,22.727272727272727,864.7342995169082,59.58132045088567,4.87012987012987,1.6233766233766236,3.246753246753247,56.81818181818181,392.0265780730897
2ae19629-20c5-13a3-e055-000000000001,KILLYGORDON,142.3550087873462,6.151142355008787,0.8787346221441125,0.0,15.817223198594025,746.0732984293194,51.48342059336824,7.0298769771529,5.272407732864675,0.8787346221441125,24.604569420035148,215.57971014492756
2ae19629-20c7-13a3-e055-000000000001,KILMACRENAN,123.75909993381866,4.632693580410324,9.927200529450696,3.970880211780278,16.545334215751158,764.5901639344263,81.96721311475409,9.265387160820648,25.14890800794176,8.603573792190604,39.70880211780278,385.8214042263122
2ae19629-20cb-13a3-e055-000000000001,CARNMORE,50.34160373966199,29.845379359942466,10.068320747932399,29.845379359942466,33.441208198489754,791.8308849874596,107.84664994625582,6.832074793239841,24.45163610212154,14.742898238043868,77.66990291262135,512.8491620111731
2ae19629-20d3-13a3-e055-000000000001,KNOCK,115.0026136957658,20.909566126502874,2.090956612650287,18.295870360690014,29.273392577104026,851.7169614984391,49.94797086368366,1.0454783063251436,5.7501306847882905,5.2273915316257185,68.47882906429692,304.0650406504065
2ae19629-20db-13a3-e055-000000000001,DOOCHARRY,175.0,25.0,0.0,0.0,37.5,719.5121951219512,85.3658536585366,0.0,0.0,0.0,87.5,555.5555555555555
2ae19629-20dc-13a3-e055-000000000001,KNOCKALLA,232.14285714285714,7.142857142857142,0.0,7.142857142857142,17.857142857142858,804.1958041958042,76.92307692307693,0.0,3.571428571428571,0.0,82.14285714285714,364.2857142857143
2ae19629-20e4-13a3-e055-000000000001,DUNAFF,169.29698708751795,0.0,0.0,2.8694404591104736,15.781922525107603,920.5673758865248,48.226950354609926,0.0,0.0,2.8694404591104736,44.47632711621234,254.41176470588235
2ae19629-20e5-13a3-e055-000000000001,DUNFANAGHY,179.59183673469386,1.0204081632653061,1.0204081632653061,5.1020408163265305,27.551020408163264,552.7093596059112,150.73891625615764,1.0204081632653061,8.16326530612245,1.0204081632653061,58.16326530612245,365.8787255909558
2ae19629-1f90-13a3-e055-000000000001,GREENFORT,23.602484472049692,0.0,0.0,11.180124223602485,11.180124223602485,826.5179677819083,118.95910780669145,0.0,0.0,1.2422360248447206,22.36024844720497,508.2592121982211
2ae19629-1f94-13a3-e055-000000000001,CHURCHTOWN,51.602814698983586,1.563721657544957,28.928850664581706,29.710711493354186,28.146989835809226,793.1570762052877,90.97978227060653,6.254886630179828,37.52931978107897,7.818608287724785,53.16653635652854,354.94327390599676
2ae19629-1fa0-13a3-e055-000000000001,KILFIDDANE,49.56268221574344,0.0,0.0,8.746355685131196,17.49271137026239,889.8550724637681,92.7536231884058,0.0,2.9154518950437316,0.0,32.06997084548105,490.9090909090909
2ae19629-1faa-13a3-e055-000000000001,KILLADYSERT,46.31578947368421,3.1578947368421053,0.0,14.736842105263158,42.10526315789473,859.6858638743455,72.25130890052355,0.0,2.1052631578947367,1.0526315789473684,47.36842105263158,448.38709677419354
2ae19629-1fad-13a3-e055-000000000001,MILLTOWN MALBAY,66.24423963133641,23.617511520737324,1.152073732718894,16.705069124423964,24.76958525345622,742.792538157151,131.14754098360658,8.640552995391706,3.4562211981566824,0.576036866359447,70.85253456221199,448.86031560490943
2ae19629-1fb3-13a3-e055-000000000001,CRATLOE,43.758967001434726,0.7173601147776184,2.8694404591104736,17.21664275466284,44.47632711621234,783.4757834757835,122.5071225071225,0.0,5.738880918220947,3.586800573888092,43.04160688665711,513.8282387190685
2ae19629-1fba-13a3-e055-000000000001,ANNAGH,95.51656920077973,3.898635477582846,0.0,9.746588693957115,19.49317738791423,802.3255813953488,93.02325581395348,0.0,1.949317738791423,0.0,48.732943469785575,457.2564612326044
2ae19629-1fc3-13a3-e055-000000000001,BALLYBLOOD,59.602649006622514,13.245033112582782,0.0,13.245033112582782,13.245033112582782,805.1948051948052,168.83116883116884,0.0,0.0,0.0,52.980132450331126,503.35570469798665
2ae19629-1d3e-13a3-e055-000000000001,DUN LAOGHAIRE-MOUNT TOWN,41.60084254870985,14.74460242232754,4.739336492890995,28.96261190100053,45.28699315429173,638.6422976501306,235.50913838120104,7.37230121116377,15.79778830963665,6.3191153238546605,72.66982622432859,321.0010881392819
2ae19629-1d40-13a3-e055-000000000001,DUN LAOGHAIRE SALLYNOGGIN SOUTH,39.38115330520394,6.329113924050633,24.61322081575246,24.61322081575246,40.084388185654014,671.5481171548116,213.38912133891213,2.109704641350211,34.458509142053444,7.7355836849507735,56.962025316455694,338.57142857142856
2ae19629-1d42-13a3-e055-000000000001,CHERRY ORCHARD C,23.27531977353743,28.7271964772489,16.984692807716502,43.82470119521913,92.05284126651289,645.8982346832814,115.05711318795431,10.065003145313483,43.4053260641644,36.485636401761376,88.27846508702034,183.31903945111492
2ae19629-1d43-13a3-e055-000000000001,CLONTARF EAST A,47.725369801842035,3.3491487580240022,4.465531677365337,31.258721741557352,41.86435947530003,659.9558742415885,257.0325427468285,0.5581914596706671,17.583030979626013,3.3491487580240022,59.72648618476138,446.5769120595818
2ae19629-1d49-13a3-e055-000000000001,CLONTARF WEST B,39.15789473684211,8.0,2.947368421052632,32.421052631578945,51.368421052631575,685.1774530271398,221.29436325678498,0.0,14.736842105263158,7.157894736842105,70.73684210526315,296.2641181581234
2ae19629-1d4c-13a3-e055-000000000001,CLONTARF WEST E,50.20242914979757,4.048582995951417,2.4291497975708505,41.70040485829959,46.15384615384615,575.1107531212243,339.9113975030205,0.4048582995951417,14.5748987854251,1.6194331983805668,69.63562753036437,471.976401179941
2ae19629-1d50-13a3-e055-000000000001,CRUMLIN D,35.27717782577393,9.11927045836333,12.958963282937365,34.79721622270218,81.11351091912647,598.5680190930788,228.40095465393796,2.8797696184305255,40.076793856491484,11.279097672186225,77.5137988960883,259.3232897011608
2ae19629-1d54-13a3-e055-000000000001,CANNINGSTOWN,48.237476808905384,3.7105751391465676,0.0,5.565862708719852,9.27643784786642,718.2320441988951,60.773480662983424,0.0,1.8552875695732838,1.8552875695732838,37.10575139146568,377.35849056603774
2ae19629-20f8-13a3-e055-000000000001,FANAD NORTH,135.755258126195,0.0,0.0,13.38432122370937,15.296367112810707,844.4444444444445,83.33333333333333,0.0,1.9120458891013383,1.9120458891013383,51.625239005736134,610.2661596958176
2ae19629-20fd-13a3-e055-000000000001,LOUGH EASK,190.9722222222222,6.944444444444444,0.0,41.666666666666664,24.305555555555557,665.7142857142857,177.14285714285714,0.0,0.0,0.0,90.27777777777777,381.2316715542522
2ae19629-20fe-13a3-e055-000000000001,LOUGHKEEL,103.03030303030303,3.0303030303030303,0.0,9.09090909090909,0.0,543.8066465256798,72.50755287009063,0.0,0.0,0.0,39.39393939393939,400.0
2ae19629-2118-13a3-e055-000000000001,OVENS,29.495718363463368,3.805899143672693,0.0,20.93244529019981,21.883920076117985,818.2683158896289,128.4490960989534,0.0,1.9029495718363465,0.0,34.25309229305423,581.5109343936382
2ae19629-2119-13a3-e055-000000000001,TIMOLEAGUE,82.25108225108225,77.92207792207792,0.0,23.08802308802309,76.47907647907648,715.0997150997151,158.1196581196581,0.0,23.08802308802309,0.0,206.34920634920633,468.88567293777135
2ae19629-2125-13a3-e055-000000000001,WALLSTOWN,37.73584905660377,3.7735849056603774,0.0,52.83018867924528,41.50943396226415,822.2222222222222,144.44444444444443,0.0,0.0,15.09433962264151,98.11320754716982,500.0
2ae19629-212a-13a3-e055-000000000001,KNOCKNAGREE,37.76683087027915,31.198686371100163,0.0,4.926108374384237,21.346469622331693,921.311475409836,44.26229508196721,4.926108374384237,0.0,1.6420361247947455,42.692939244663386,387.5838926174497
2ae19629-212c-13a3-e055-000000000001,KNOCKROE,86.8421052631579,7.894736842105264,0.0,13.157894736842104,31.578947368421055,750.9778357235984,134.28943937418515,1.3157894736842104,7.894736842105264,0.0,50.0,535.230352303523
2ae19629-20ed-13a3-e055-000000000001,TREANTAGHMUCKLAGH,151.6919486581097,4.667444574095682,3.500583430571762,2.333722287047841,3.500583430571762,525.5813953488372,51.16279069767442,0.0,4.667444574095682,0.0,31.505250875145858,276.02905569007265
2ae19629-20f6-13a3-e055-000000000001,EDENACARNAN,107.49724366041896,29.768467475192942,27.01212789415656,24.255788313120178,46.85777287761852,705.5921052631578,91.55701754385964,1.1025358324145536,51.819184123484014,17.089305402425577,87.65159867695701,405.94059405940595
2ae19629-20fa-13a3-e055-000000000001,FEDDYGLASS,223.68421052631578,4.385964912280701,0.0,0.0,4.385964912280701,510.96491228070175,41.666666666666664,0.0,0.0,0.0,13.157894736842104,247.1655328798186
2ae19629-20fb-13a3-e055-000000000001,LETTERMACAWARD,199.438202247191,0.0,0.0,35.1123595505618,16.853932584269664,799.1746905089409,118.29436038514443,0.0,1.4044943820224718,0.0,130.6179775280899,406.5620542082739
2ae19629-20fc-13a3-e055-000000000001,LETTERMORE,146.73913043478262,2.717391304347826,0.0,2.717391304347826,16.304347826086957,823.3695652173914,29.89130434782609,0.0,0.0,0.0,62.5,266.1064425770308
2ae19629-2106-13a3-e055-000000000001,BUNDORAN RURAL,171.23287671232876,21.404109589041095,0.8561643835616438,19.691780821917806,33.39041095890411,777.7777777777778,130.61916878710772,7.705479452054794,15.410958904109588,0.0,83.04794520547945,382.71604938271605
2ae19629-210b-13a3-e055-000000000001,KINSALE URBAN,88.12729498164015,36.31170950632395,8.567931456548347,64.05548755609955,97.51121991024071,575.4465982516153,231.85100722158876,0.0,37.12770297837617,6.9359445124439,164.42268461852305,350.27580772261626
2ae19629-2112-13a3-e055-000000000001,BURT,428.57142857142856,0.0,0.0,7.598784194528876,15.197568389057752,810.2025506376594,61.51537884471118,0.7598784194528876,6.838905775075988,0.7598784194528876,25.835866261398177,198.91640866873064
2ae19629-1e53-13a3-e055-000000000001,IMAEL NORTH,46.875,3.90625,0.0,19.53125,23.4375,474.70817120622564,284.0466926070039,0.0,23.4375,0.0,46.875,404.08163265306126
2ae19629-1e58-13a3-e055-000000000001,BARRACK VILLAGE,9.615384615384617,19.230769230769234,0.0,0.0,19.230769230769234,884.6153846153845,86.53846153846153,0.0,0.0,0.0,48.07692307692308,424.24242424242425
2ae19629-1e5b-13a3-e055-000000000001,WINGFIELD,58.65384615384615,1.9230769230769231,0.0,19.230769230769234,25.961538461538463,735.8851674641148,141.62679425837322,0.0,3.8461538461538463,1.9230769230769231,49.03846153846154,384.995064165844
2ae19629-1e63-13a3-e055-000000000001,BOLABOY,68.10897435897435,5.608974358974359,0.0,12.01923076923077,12.01923076923077,722.0447284345048,111.82108626198082,0.8012820512820512,2.403846153846154,0.8012820512820512,45.67307692307692,287.25165562913907
2ae19629-1e66-13a3-e055-000000000001,KILLOUGHRUM,61.75771971496437,1.187648456057007,3.5629453681710217,9.501187648456057,15.439429928741092,741.7452830188679,108.49056603773585,1.187648456057007,5.938242280285036,0.0,29.691211401425175,401.4510278113664
2ae19629-1e6c-13a3-e055-000000000001,KILLINURE,59.78260869565218,5.434782608695652,0.0,10.869565217391305,16.304347826086957,777.7777777777778,111.1111111111111,10.869565217391305,2.717391304347826,0.0,35.326086956521735,416.2011173184357
2ae19629-1e70-13a3-e055-000000000001,CARNAGH,38.817005545286506,1.8484288354898337,0.0,14.78743068391867,14.78743068391867,851.6483516483516,106.22710622710622,16.635859519408502,9.24214417744917,1.8484288354898337,31.423290203327173,384.180790960452
2ae19629-1e78-13a3-e055-000000000001,KILMACANOGE,56.17296423519903,14.817808311443388,7.813026200579241,31.050043779888192,59.069172223344786,609.9986739159262,218.60495955443577,5.455647605576884,30.44386071260187,6.465952717720751,86.14534922880043,363.8539387308534
2ae19629-20f4-13a3-e055-000000000001,CLEGGAN,106.31229235880399,0.0,3.3222591362126246,39.86710963455149,29.900332225913623,667.7631578947369,236.8421052631579,0.0,0.0,3.3222591362126246,89.70099667774087,260.13513513513516
2ae19629-2102-13a3-e055-000000000001,ABBEYVILLE,43.956043956043956,3.663003663003663,0.0,7.326007326007326,36.630036630036635,908.7591240875912,58.394160583941606,0.0,0.0,0.0,58.608058608058606,455.2238805970149
2ae19629-2103-13a3-e055-000000000001,CLONBERN,61.855670103092784,5.154639175257732,33.50515463917526,5.154639175257732,2.577319587628866,881.4432989690721,43.814432989690715,0.0,25.773195876288657,0.0,46.391752577319586,419.09814323607424
2ae19629-210f-13a3-e055-000000000001,NEWMARKET,44.61440407903123,9.560229445506693,5.098789037603569,5.736137667304016,27.405991077119182,862.5712476250792,87.39708676377454,1.2746972594008923,11.472275334608032,5.736137667304016,36.328871892925434,429.3125810635538
2ae19629-2111-13a3-e055-000000000001,TEMPLEOMALUS,70.96774193548387,5.161290322580645,1.2903225806451613,23.225806451612904,25.806451612903224,798.9821882951654,129.7709923664122,6.451612903225806,1.2903225806451613,3.870967741935484,69.6774193548387,491.480996068152
2ae19629-2113-13a3-e055-000000000001,CARNDONAGH,150.58069683620346,4.405286343612335,0.8009611533840608,11.613936724068884,32.43892671205447,822.9456133386265,82.57244938467646,0.8009611533840608,6.8081698037645175,1.6019223067681216,44.45334401281538,315.55004135649295
2ae19629-2114-13a3-e055-000000000001,KINURE,90.20618556701031,10.309278350515465,0.0,20.61855670103093,46.391752577319586,693.6708860759494,187.34177215189874,0.0,7.731958762886598,2.577319587628866,74.74226804123711,486.8421052631579
2ae19629-2120-13a3-e055-000000000001,KNOCKATOOAN,77.39938080495357,0.0,3.0959752321981426,0.0,12.38390092879257,823.5294117647059,102.16718266253869,0.0,0.0,0.0,49.53560371517028,434.08360128617363
2ae19629-1fc5-13a3-e055-000000000001,BALLYEA,92.20779220779221,3.896103896103896,0.0,22.07792207792208,25.974025974025977,824.583866837388,125.48015364916773,0.0,1.2987012987012987,0.0,67.53246753246752,509.2592592592593
2ae19629-1fcd-13a3-e055-000000000001,MUCKANAGH,70.84468664850137,5.449591280653951,0.0,10.899182561307901,29.972752043596728,802.1390374331551,93.58288770053476,0.0,5.449591280653951,27.247956403269754,51.771117166212534,525.0
2ae19629-1fd0-13a3-e055-000000000001,BALLYGLASS,43.09336896609321,19.37531317855353,3.3405712376816434,25.722398530148656,41.92416903290463,751.7412935323383,141.12769485903814,0.1670285618840822,22.548855854351093,5.678971104058794,68.48171037247369,447.26962457337885
2ae19629-1fd4-13a3-e055-000000000001,KILLONE,41.53354632587859,0.0,0.0,4.792332268370607,20.766773162939295,930.047694753577,41.33545310015898,0.0,0.0,0.0,22.364217252396166,619.8347107438017
2ae19629-1fde-13a3-e055-000000000001,KILMIHIL,62.14689265536723,19.77401129943503,0.0,8.474576271186441,12.711864406779663,867.31843575419,57.262569832402235,14.124293785310734,0.0,0.0,55.08474576271186,432.5925925925926
2ae19629-1fe3-13a3-e055-000000000001,BOHERGLASS,111.1111111111111,17.36111111111111,0.0,41.666666666666664,24.305555555555557,736.1111111111112,138.88888888888889,0.0,0.0,3.472222222222222,90.27777777777777,487.63250883392226
2ae19629-1ffb-13a3-e055-000000000001,ENNIS No. 2 URBAN,53.20665083135392,32.7790973871734,10.451306413301662,60.80760095011876,134.916864608076,545.8412098298677,135.16068052930058,28.503562945368174,28.503562945368174,59.38242280285035,122.09026128266034,269.64636542239685
2ae19629-1ffc-13a3-e055-000000000001,ENNISTIMON,65.88043920292802,37.00691337942253,4.473363155754371,26.026840178934528,60.187067913786095,676.2132060461416,171.43993635640413,35.78690524603497,15.453436356242374,2.4400162667751117,89.46726311508743,434.74680938657883
2ae19629-1d55-13a3-e055-000000000001,KNAPPAGH,50.0,0.0,0.0,18.75,8.333333333333334,843.9425051334703,47.227926078028744,2.0833333333333335,10.416666666666666,0.0,35.416666666666664,367.3036093418259
2ae19629-1d8a-13a3-e055-000000000001,INNS QUAY C,28.387968908415004,16.22169651909429,33.119297059817505,115.5795876985468,256.5055762081784,375.44541626174276,277.9397473275024,0.0,119.63501182832039,19.939168638053395,193.6465021966881,160.21185038066866
2ae19629-1d8b-13a3-e055-000000000001,KILMAINHAM A,27.27272727272727,10.227272727272727,4.545454545454545,54.16666666666667,70.07575757575756,567.2713529856387,144.74678760393044,3.0303030303030303,15.909090909090908,12.5,65.15151515151516,172.65353418308226
2ae19629-1da0-13a3-e055-000000000001,MANSION HOUSE B,53.0209617755857,11.097410604192355,19.728729963008632,139.33415536374847,246.6091245376079,282.0763956904995,262.48775710088154,0.0,40.6905055487053,4.932182490752158,199.7533908754624,170.7070707070707
2ae19629-1da3-13a3-e055-000000000001,MERCHANTS QUAY C,31.415068112315822,25.85487906588824,26.13288851820962,122.88017792604948,236.86405337781486,386.7330886208705,284.7404299947562,2.2240756185710313,78.95468445927162,21.68473728106756,202.94690019460663,165.9528907922912
2ae19629-1db4-13a3-e055-000000000001,NORTH DOCK B,49.06011154720099,23.445569097293948,42.5531914893617,153.89382359016733,180.3346416029746,382.4830433500442,284.9700186768898,1.3426977897128691,76.53377401363355,18.178062383805,222.88783309233628,174.68354430379745
2ae19629-1db7-13a3-e055-000000000001,PEMBROKE EAST B,74.29182255478354,6.94815606627472,16.034206306787812,45.69748797434527,103.42063067878141,586.4485981308411,247.92315680166146,0.0,43.025120256547304,4.27578834847675,103.15339390700161,451.99251136667556
2ae19629-1dc4-13a3-e055-000000000001,RAKENNY,68.3371298405467,0.0,0.0,6.83371298405467,11.389521640091116,713.6363636363636,43.18181818181818,0.0,2.277904328018223,0.0,25.056947608200456,301.17647058823525
2ae19629-212d-13a3-e055-000000000001,RAHAN,40.08667388949079,6.500541711809317,1.0834236186348862,7.583965330444204,15.167930660888407,861.7710583153347,78.83369330453564,0.0,3.2502708559046587,5.417118093174431,28.169014084507044,474.44444444444446
2ae19629-2138-13a3-e055-000000000001,RATHCORMACK,38.5055280213496,43.08044224170797,2.668699961875715,38.12428516965307,40.411742279832254,758.6076428301172,146.42451759364357,1.9062142584826536,18.680899733130005,8.768585589020207,119.32901258101411,433.806146572104
2ae19629-213d-13a3-e055-000000000001,KILCASKAN,148.6175115207373,12.672811059907835,5.760368663594471,73.73271889400921,38.0184331797235,601.1173184357542,275.9776536312849,4.608294930875576,4.608294930875576,3.4562211981566824,209.67741935483872,413.51660939289803
2ae19629-213f-13a3-e055-000000000001,KILCOE,186.7881548974943,4.555808656036446,2.277904328018223,22.779043280182233,41.00227790432802,586.1297539149888,277.4049217002237,0.0,9.111617312072893,6.83371298405467,138.9521640091116,405.0343249427917
2ae19629-2140-13a3-e055-000000000001,KILCOR,46.91358024691358,4.938271604938271,2.4691358024691357,4.938271604938271,14.814814814814815,754.9019607843137,132.35294117647058,0.0,2.4691358024691357,0.0,34.5679012345679,428.2115869017632
2ae19629-2142-13a3-e055-000000000001,KNOCKTEMPLE,43.222003929273086,11.787819253438114,5.893909626719057,9.823182711198427,19.646365422396855,819.6078431372549,82.3529411764706,7.858546168958742,7.858546168958742,0.0,58.93909626719057,406.8825910931174
2ae19629-2143-13a3-e055-000000000001,LAHERNE,73.00509337860781,10.186757215619695,0.0,32.25806451612903,45.840407470288625,699.5073891625616,249.5894909688013,0.0,8.488964346349746,0.0,113.7521222410866,444.8217317487266
2ae19629-2148-13a3-e055-000000000001,YOUGHAL URBAN,60.67386154251118,48.43379836799158,4.606475388260069,39.352461173993156,34.21953145564622,700.9004306407412,157.90160511549,0.5264543300868649,15.267175572519083,8.554882863911555,120.16320084232693,378.6512316597119
2ae19629-2117-13a3-e055-000000000001,NOHAVAL,94.3952802359882,0.0,0.0,29.49852507374631,29.49852507374631,730.4347826086956,191.30434782608697,5.899705014749262,0.0,5.899705014749262,82.59587020648968,466.86746987951807
2ae19629-212f-13a3-e055-000000000001,RATHCLARIN,55.95408895265423,8.60832137733142,2.8694404591104736,12.91248206599713,47.34576757532282,737.7963737796374,128.3124128312413,0.0,5.738880918220947,2.8694404591104736,83.21377331420372,533.0459770114943
2ae19629-2134-13a3-e055-000000000001,KNOCKS,75.30120481927712,0.0,0.0,33.13253012048193,12.048192771084338,705.7057057057057,117.11711711711712,0.0,0.0,3.0120481927710845,84.33734939759036,475.0
2ae19629-2147-13a3-e055-000000000001,YOUGHAL RURAL,63.923585598824396,27.92064658339456,5.8780308596620126,32.329169728141075,33.798677443056576,717.629846378932,112.65544989027067,0.7347538574577516,20.573108008817048,1.4695077149155031,88.17046289493021,390.7185628742515
2ae19629-214b-13a3-e055-000000000001,BALLINLOUGH A,36.81710213776722,9.501187648456057,5.938242280285036,80.76009501187649,79.57244655581948,624.263839811543,275.6183745583039,3.5629453681710217,39.19239904988123,11.876484560570072,122.32779097387174,486.06060606060606
2ae19629-2154-13a3-e055-000000000001,LISCARROLL,72.0,1.6,6.4,3.2,22.4,826.1562998405104,116.42743221690591,0.0,12.8,0.0,35.2,438.9438943894389
2ae19629-2161-13a3-e055-000000000001,CENTRE B,39.88367262152057,41.13003739094309,64.81096800997092,221.85292895720815,209.389281262983,355.18230233510855,283.49037279803355,5.816368923971749,144.99376817615288,35.313668466971336,274.6157041960947,166.80707666385845
2ae19629-2164-13a3-e055-000000000001,CITY HALL B,48.504446240905416,29.10266774454325,8.084074373484237,118.83589329021827,100.24252223120453,504.82315112540186,309.4855305466238,0.0,29.911075181891675,8.084074373484237,151.98059822150364,365.36868268434137
2ae19629-1e79-13a3-e055-000000000001,KILPIPE,53.097345132743364,0.0,2.2123893805309733,11.061946902654867,8.849557522123893,734.5132743362832,106.19469026548673,0.0,6.6371681415929205,0.0,37.61061946902655,361.55606407322654
2ae19629-1e91-13a3-e055-000000000001,MONEY,48.484848484848484,0.0,0.0,0.0,30.303030303030305,684.8484848484849,54.54545454545454,0.0,0.0,6.0606060606060606,30.303030303030305,396.22641509433964
2ae19629-1e9a-13a3-e055-000000000001,NEWCASTLE LOWER,69.58657388456815,6.549324600900532,6.139991813344249,25.378632828489565,42.57060990585346,590.2103559870551,208.73786407766988,4.502660663119116,16.782644289807614,3.274662300450266,69.58657388456815,368.85928393005827
2ae19629-1e9c-13a3-e055-000000000001,OLDTOWN,61.285500747384155,0.0,0.0,16.442451420029897,34.379671150971596,691.5052160953801,178.83755588673623,0.0,0.0,8.968609865470851,65.76980568011959,407.7519379844961
2ae19629-1ea0-13a3-e055-000000000001,MONASEED,44.3213296398892,2.770083102493075,0.0,12.465373961218837,13.850415512465373,806.8965517241379,117.24137931034483,0.0,0.0,4.1551246537396125,47.091412742382275,454.80631276901005
2ae19629-1eac-13a3-e055-000000000001,NEW ROSS URBAN,47.46192893401015,70.0507614213198,6.345177664974619,40.10152284263959,35.53299492385787,743.7515778843726,109.31582933602625,13.451776649746193,19.79695431472081,7.3604060913705585,132.994923857868,275.89796980739203
2ae19629-1ec1-13a3-e055-000000000001,STRATFORD,56.644880174291934,2.1786492374727673,0.0,32.67973856209151,21.78649237472767,719.2224622030237,95.03239740820734,0.0,0.0,0.0,82.78867102396515,319.8198198198198
2ae19629-1eca-13a3-e055-000000000001,ROSSARD,27.131782945736433,0.0,0.0,3.875968992248062,9.689922480620154,828.2442748091603,91.6030534351145,0.0,0.0,0.0,21.31782945736434,400.0
2ae19629-2121-13a3-e055-000000000001,KNOCKAVILLY,33.61344537815126,6.302521008403361,0.0,21.008403361344538,18.907563025210084,823.8993710691824,100.62893081761007,0.0,0.0,2.100840336134454,56.72268907563025,514.2857142857142
2ae19629-2122-13a3-e055-000000000001,MONKSTOWN URBAN,52.21785513756317,28.26127643645892,11.416807037244993,40.80104810031817,48.661800486618006,696.7228291057212,184.78059618589148,2.807411566535654,27.886954894254167,14.03705783267827,108.740408010481,411.0242227732214
2ae19629-2126-13a3-e055-000000000001,KEALKILL,99.31506849315068,0.0,6.8493150684931505,29.109589041095887,32.534246575342465,785.7142857142857,151.36054421768708,0.0,6.8493150684931505,5.136986301369863,107.87671232876713,482.3321554770318
2ae19629-2128-13a3-e055-000000000001,KILBONANE,35.17964071856287,5.9880239520958085,1.4970059880239521,14.221556886227544,32.185628742514965,801.3392857142857,101.93452380952381,0.0,7.485029940119761,5.9880239520958085,38.92215568862276,531.4685314685314
2ae19629-2131-13a3-e055-000000000001,WATERGRASSHILL,28.0811232449298,7.800312012480499,3.1201248049921997,31.721268850754033,47.84191367654706,782.9015544041451,130.0518134715026,0.5200208008320333,12.480499219968799,13.000520020800831,64.48257930317213,454.3946932006633
2ae19629-2132-13a3-e055-000000000001,KILBRIN,79.67032967032966,2.7472527472527473,0.0,13.736263736263735,19.230769230769234,800.0,117.8082191780822,0.0,0.0,0.0,63.18681318681318,454.8022598870056
2ae19629-2137-13a3-e055-000000000001,RATHCOONEY,29.490616621983914,0.0,5.361930294906166,18.766756032171582,16.0857908847185,829.7872340425532,117.02127659574468,0.0,13.404825737265416,0.0,32.171581769437,554.0540540540541
2ae19629-213a-13a3-e055-000000000001,WHITECHURCH,31.341821743388834,7.835455435847209,0.48971596474045054,14.201762977473066,17.62977473065622,862.9268292682926,88.29268292682926,0.9794319294809011,4.897159647404505,0.48971596474045054,31.341821743388834,554.8256695300657
2ae19629-1ffd-13a3-e055-000000000001,KILSEILY,45.34313725490196,8.578431372549021,0.0,15.931372549019606,12.254901960784313,859.5848595848596,85.47008547008546,0.0,2.450980392156863,0.0,45.34313725490196,542.929292929293
2ae19629-2007-13a3-e055-000000000001,FAHYMORE,41.55124653739612,11.0803324099723,0.0,2.770083102493075,16.62049861495845,835.1648351648352,123.62637362637363,0.0,2.770083102493075,0.0,38.78116343490304,507.28862973760937
2ae19629-200c-13a3-e055-000000000001,SCARRIFF,79.40969782150387,14.757554462403373,0.0,17.568517217146873,30.21784961349262,572.6315789473683,100.35087719298245,1.4054813773717498,9.135628952916374,1.4054813773717498,51.300070274068865,354.03283369022125
2ae19629-2011-13a3-e055-000000000001,FURROOR,114.98257839721255,24.390243902439025,0.0,20.905923344947738,6.968641114982578,840.2777777777778,131.94444444444446,0.0,3.484320557491289,0.0,135.88850174216026,492.9078014184397
2ae19629-2016-13a3-e055-000000000001,St. MARTIN'S,85.1063829787234,0.0,0.0,21.27659574468085,10.638297872340425,810.5263157894736,157.89473684210526,0.0,0.0,0.0,63.82978723404255,526.8817204301075
2ae19629-201c-13a3-e055-000000000001,KNOCKNABOLEY,86.09271523178808,0.0,6.622516556291391,6.622516556291391,19.867549668874172,815.1815181518151,108.91089108910892,0.0,3.3112582781456954,0.0,76.15894039735099,418.9189189189189
2ae19629-2023-13a3-e055-000000000001,GLENMORE,56.994818652849744,12.953367875647668,0.0,7.772020725388601,25.906735751295336,825.1928020565554,123.39331619537275,0.0,0.0,0.0,85.49222797927462,453.804347826087
2ae19629-2026-13a3-e055-000000000001,LISCANNOR,51.28205128205128,4.662004662004662,0.0,23.31002331002331,55.94405594405595,780.2690582959642,179.37219730941703,0.0,0.0,0.0,79.25407925407924,496.4871194379391
2ae19629-1dc6-13a3-e055-000000000001,KINSALEY,48.031078933427516,29.931131908882218,14.65654246865619,77.52074871975985,88.38071693448703,591.9790758500436,191.7175239755885,2.7370651598092883,44.49938195302843,19.51262581670493,159.89758078756844,356.6427207420205
2ae19629-1dc8-13a3-e055-000000000001,LUCAN HEIGHTS,42.49458980916781,9.639976391894551,7.672634271099745,35.608892386385996,61.38107416879796,693.8218670824401,155.9150263106607,5.115089514066496,31.4774739327169,13.968129057643123,74.16879795396419,443.35664335664336
2ae19629-1dca-13a3-e055-000000000001,PRIORSWOOD C,31.890660592255127,19.879892317249947,12.632014909919238,47.007662041830606,61.08925243321599,601.4745033790703,110.99733770223223,13.46034375647132,38.103126941395736,19.051563470697868,89.25243321598674,146.11774744027304
2ae19629-1dcd-13a3-e055-000000000001,PRIORSWOOD B,38.337513436044425,3.224650662844858,1.4331780723754926,17.91472590469366,31.88821211035471,693.2712956335004,72.29778095919828,116.44571838050878,22.214260121820136,12.898602651379433,13.973486205661052,127.79433681073024
2ae19629-1de6-13a3-e055-000000000001,RATHMINES WEST C,71.77033492822966,11.041589988958409,17.666543982333458,94.22156790577843,157.52668384247332,472.52362618130906,293.6646832341617,0.0,47.110783952889214,8.465218991534782,165.9919028340081,406.61686232657416
2ae19629-1dec-13a3-e055-000000000001,ROYAL EXCHANGE A,37.875392200806814,9.861048857014792,30.255490811295385,153.29448677722996,249.43971313312414,217.46000395022713,228.12561722299031,1.1205737337516808,64.32093231734648,12.998655311519498,147.24338861497085,89.38321536905966
2ae19629-1ded-13a3-e055-000000000001,ROYAL EXCHANGE B,45.57224236147074,6.2143966856551005,17.607457276022785,108.75194199896427,254.27239772138788,294.6226841391776,143.69633981021238,2.0714655618850335,62.661833247022265,17.089590885551527,88.5551527705852,88.95265423242468
2ae19629-1df5-13a3-e055-000000000001,USHERS B,38.62894450489663,23.39499455930359,38.08487486398259,168.66158868335145,161.58868335146897,258.5391487125591,198.1082501313715,1.632208922742111,58.759521218715996,17.954298150163222,183.8955386289445,109.51621477937267
2ae19629-214d-13a3-e055-000000000001,BALLINLOUGH C,43.61179361179361,12.285012285012284,6.756756756756757,24.570024570024568,53.43980343980344,701.0869565217391,225.2415458937198,0.0,19.041769041769044,4.2997542997543,68.7960687960688,496.8553459119497
2ae19629-2156-13a3-e055-000000000001,ROSSCARBERY,76.85512367491167,15.901060070671377,0.0,22.084805653710248,29.151943462897524,741.3793103448277,178.44827586206895,1.7667844522968197,6.183745583038869,0.8833922261484098,74.20494699646643,495.5516014234875
2ae19629-2157-13a3-e055-000000000001,BALLYPHEHANE B,26.004728132387708,7.092198581560283,0.0,7.092198581560283,21.27659574468085,814.4208037825059,135.9338061465721,10.638297872340425,13.002364066193854,0.0,21.27659574468085,370.90909090909093
2ae19629-215d-13a3-e055-000000000001,BLACKPOOL A,42.32804232804233,51.58730158730158,6.613756613756613,59.52380952380952,70.1058201058201,596.0526315789474,155.26315789473685,26.455026455026452,18.51851851851852,34.39153439153439,116.40211640211639,243.27956989247312
2ae19629-2160-13a3-e055-000000000001,CENTRE A,31.96803196803197,48.95104895104895,32.96703296703297,185.81418581418583,237.76223776223776,270.6349206349206,297.6190476190476,4.995004995004995,53.946053946053944,9.99000999000999,290.7092907092907,133.11148086522462
2ae19629-2166-13a3-e055-000000000001,EVERGREEN,38.13559322033898,33.19209039548023,10.59322033898305,129.23728813559322,140.5367231638418,457.89839944328463,338.90048712595683,0.0,40.25423728813559,12.005649717514125,204.0960451977401,271.88612099644126
2ae19629-2167-13a3-e055-000000000001,FAIR HILL A,23.743016759776534,9.776536312849162,1.3966480446927374,32.12290502793296,22.3463687150838,655.0279329608938,100.5586592178771,9.776536312849162,4.189944134078212,0.0,34.91620111731844,223.02158273381295
2ae19629-2170-13a3-e055-000000000001,ROSTELLAN,56.85131195335276,16.034985422740526,0.0,17.49271137026239,34.98542274052478,744.0174039158811,167.51269035532997,0.0,0.7288629737609329,2.186588921282799,75.80174927113703,472.89156626506025
2ae19629-2168-13a3-e055-000000000001,KILDINAN,41.23711340206186,2.945508100147275,0.0,8.836524300441827,4.418262150220913,845.8149779735683,102.79001468428781,0.0,1.4727540500736376,0.0,33.87334315169367,514.5482388973967
2ae19629-2169-13a3-e055-000000000001,KILDORRERY,46.192259675405744,7.49063670411985,29.9625468164794,23.72034956304619,36.20474406991261,801.7348203221809,118.95910780669145,0.0,36.20474406991261,6.242197253433208,66.16729088639201,415.4838709677419
2ae19629-216c-13a3-e055-000000000001,LOWERTOWN,173.16017316017314,0.0,0.0,43.290043290043286,30.303030303030305,565.5737704918032,270.49180327868856,0.0,0.0,0.0,186.14718614718615,403.3613445378151
2ae19629-2171-13a3-e055-000000000001,ROWLS,37.73584905660377,0.0,0.0,6.289308176100629,0.0,839.5061728395061,80.24691358024691,0.0,0.0,0.0,31.446540880503143,348.10126582278485
2ae19629-217f-13a3-e055-000000000001,GURRANEBRAHER A,34.48275862068965,12.413793103448276,1.379310344827586,23.448275862068964,26.20689655172414,783.7465564738292,67.4931129476584,0.0,19.310344827586206,8.275862068965518,45.51724137931035,253.58166189111748
2ae19629-2187-13a3-e055-000000000001,MAGOURNEY,48.20333041191937,16.65205959684487,2.629272567922875,17.5284837861525,21.034180543383,815.3310104529617,126.30662020905922,0.0,6.134969325153374,7.887817703768623,78.00175284837862,486.3387978142076
2ae19629-218f-13a3-e055-000000000001,MAHON C,35.1089588377724,6.961259079903147,5.145278450363196,35.1089588377724,48.426150121065376,731.7512766596576,168.5190747972364,0.0,11.198547215496369,10.59322033898305,66.88861985472155,487.48841519925855
2ae19629-2191-13a3-e055-000000000001,MAYFIELD,44.36619718309859,20.422535211267608,7.394366197183098,22.183098591549296,32.74647887323943,756.1489810260014,132.81799016163035,27.112676056338028,23.591549295774648,8.098591549295774,59.154929577464785,272.2664735698769
2ae19629-1ecd-13a3-e055-000000000001,St. HELEN'S,78.52623743952364,7.44324525493115,0.0,34.238928172683295,136.58355042798658,676.7193821257815,145.64178006620082,1.1164867882396725,11.164867882396726,19.72459992556755,104.57759583178265,311.8983442433577
2ae19629-1ed4-13a3-e055-000000000001,TOGHER,60.893098782138026,10.825439783491206,1.3531799729364007,24.35723951285521,28.416779431664413,686.0,184.0,7.442489851150203,15.561569688768605,4.736129905277402,54.80378890392422,358.52981969486825
2ae19629-1ed5-13a3-e055-000000000001,GOREY RURAL,51.90894857280501,51.66807178128387,0.6021919788028424,48.41623509574852,47.332289533903406,698.2665869695159,163.53855349671247,12.886908346380826,18.547512947127544,4.456220643141033,144.88739009996388,358.75670952440396
2ae19629-1ed9-13a3-e055-000000000001,TACUMSHIN,83.16831683168317,1.9801980198019802,0.0,19.801980198019802,27.722772277227723,739.6449704142012,177.51479289940826,0.0,1.9801980198019802,1.9801980198019802,97.02970297029704,309.8591549295774
2ae19629-1ee6-13a3-e055-000000000001,TEMPLELUDIGAN,28.747433264887064,6.160164271047228,0.0,10.266940451745379,18.480492813141684,834.0080971659919,72.8744939271255,0.0,4.106776180698152,0.0,47.227926078028744,435.7894736842105
2ae19629-1eea-13a3-e055-000000000001,DUNGANSTOWN WEST,66.94560669456067,2.092050209205021,0.0,20.920502092050206,29.288702928870293,625.7796257796258,182.95218295218297,0.0,8.368200836820083,2.092050209205021,62.76150627615063,382.1656050955414
2ae19629-1eed-13a3-e055-000000000001,BRAY No. 2,59.21441228588305,28.942705256940343,14.323685764914353,59.952746603662135,143.97519196692264,506.2336909249058,272.97767468831546,1.6243354991139989,59.80507974010632,15.652687536916714,136.14884819846426,358.31591519856676
2ae19629-1eee-13a3-e055-000000000001,RATHMICHAEL (BRAY),35.39445628997868,16.2046908315565,4.264392324093817,26.01279317697228,29.424307036247335,744.8892674616695,149.91482112436117,18.763326226012794,17.484008528784646,3.837953091684435,53.304904051172706,250.43859649122808
2ae19629-213b-13a3-e055-000000000001,WOODFORT,92.3076923076923,2.5641025641025643,0.0,25.64102564102564,12.82051282051282,715.0127226463104,134.86005089058526,2.5641025641025643,7.6923076923076925,2.5641025641025643,82.05128205128206,503.8759689922481
2ae19629-213c-13a3-e055-000000000001,KILBROGAN,41.666666666666664,54.16666666666667,3.819444444444444,51.041666666666664,40.27777777777778,745.0034458993797,117.50516884906962,1.736111111111111,17.36111111111111,10.76388888888889,145.1388888888889,463.60702760846186
2ae19629-2145-13a3-e055-000000000001,RIVERSTOWN,44.33497536945813,3.694581280788177,0.0,24.630541871921185,18.47290640394089,790.7542579075426,127.73722627737227,0.0,2.4630541871921183,1.2315270935960592,49.26108374384237,494.33962264150944
2ae19629-2146-13a3-e055-000000000001,ROSKEEN,44.80651731160896,12.219959266802444,0.0,24.43991853360489,38.69653767820773,791.0750507099391,154.158215010142,0.0,2.0366598778004072,0.0,69.24643584521385,462.34309623430966
2ae19629-2149-13a3-e055-000000000001,MALLOW NORTH URBAN,50.09334163036715,48.53764779091475,17.73490976975731,47.448662103298076,85.718730553827,706.1998766193708,109.03763109191857,8.556316116988178,39.67019290603609,53.360298693217175,132.0784069695084,388.63090472377905
2ae19629-2150-13a3-e055-000000000001,KILCULLEN,23.755656108597282,2.2624434389140275,0.0,15.837104072398189,14.705882352941176,872.7477477477478,87.83783783783784,0.0,4.524886877828055,0.0,28.28054298642534,497.055359246172
2ae19629-2155-13a3-e055-000000000001,ROSNALEE,40.21447721179624,5.361930294906166,0.0,10.723860589812332,13.404825737265416,852.6315789473684,86.8421052631579,2.680965147453083,2.680965147453083,0.0,21.447721179624665,524.8618784530387
2ae19629-2159-13a3-e055-000000000001,BISHOPSTOWN B,35.24672708962739,10.574018126888218,39.77844914400806,27.190332326283986,62.94058408862034,700.3968253968253,150.29761904761904,1.5105740181268883,66.96878147029204,16.112789526686807,47.83484390735146,473.20525783619814
2ae19629-2032-13a3-e055-000000000001,TULLYCREEN,90.9090909090909,0.0,0.0,0.0,6.493506493506494,890.3225806451613,51.61290322580645,0.0,0.0,0.0,38.96103896103896,512.987012987013
2ae19629-203b-13a3-e055-000000000001,LISHEEN,34.79576399394856,1.5128593040847202,0.0,7.564296520423601,27.23146747352496,878.9712556732225,80.18154311649018,0.0,0.0,0.0,31.77004538577912,507.83699059561127
2ae19629-203e-13a3-e055-000000000001,ADRIGOLE,163.52201257861634,4.1928721174004195,0.0,27.253668763102723,14.675052410901468,770.6237424547285,156.94164989939637,0.0,4.1928721174004195,0.0,125.78616352201257,369.07216494845363
2ae19629-2042-13a3-e055-000000000001,MAAS,155.55555555555557,3.7037037037037037,0.0,11.11111111111111,33.333333333333336,838.2352941176471,88.23529411764706,0.0,7.407407407407407,0.0,51.85185185185185,443.6090225563909
2ae19629-2049-13a3-e055-000000000001,CLOONBUR,93.72384937238495,8.368200836820083,2.510460251046025,82.00836820083681,66.94560669456067,721.3891081294396,141.27861089187056,0.0,20.0836820083682,1.6736401673640167,119.6652719665272,515.5482815057283
2ae19629-2055-13a3-e055-000000000001,COLMANSTOWN,58.8235294117647,0.0,0.0,44.11764705882353,29.41176470588235,750.0,117.6470588235294,0.0,14.705882352941176,0.0,51.470588235294116,369.2307692307692
2ae19629-205d-13a3-e055-000000000001,BALLINASLOE URBAN,50.096074663738676,43.645347241284654,22.09717265989569,29.783145758989843,79.46747186384847,722.1844858035594,82.32577095503328,76.85973099094154,58.46829536096624,20.72467746362888,106.23112819105134,353.6550542547116
2ae19629-2064-13a3-e055-000000000001,MALIN,132.97150610583446,0.0,0.0,12.211668928086839,31.207598371777475,732.4675324675325,72.72727272727272,0.0,2.7137042062415193,0.0,43.41926729986431,288.7989203778678
2ae19629-1dfe-13a3-e055-000000000001,PORTMARNOCK SOUTH,58.898847631242,11.737089201877934,13.230900554844215,41.82671788305591,64.87409304310712,670.5434552759568,211.03827447663355,11.310285958173282,33.07725138711054,6.828851899274435,99.44515578318395,405.67724631202503
2ae19629-1e08-13a3-e055-000000000001,WALKINSTOWN C,31.61734900689096,5.26955816781516,2.432103769760843,36.07620591811917,57.55978921767329,543.329302700524,214.83272873841193,0.8107012565869477,20.672882042967167,8.917713822456426,57.15443858937981,263.658940397351
2ae19629-1e09-13a3-e055-000000000001,WHITEHALL A,37.14661406969099,3.9447731755424065,20.381328073635764,31.88691650230112,89.41485864562787,655.4379210779596,234.19955085017645,0.3287310979618672,52.92570677186062,16.10782380013149,65.08875739644971,472.6139717940308
2ae19629-1e0d-13a3-e055-000000000001,WOOD QUAY A,34.21052631578947,4.887218045112782,9.022556390977444,50.751879699248114,90.6015037593985,491.81469871125046,194.00905607802162,1.1278195488721805,27.06766917293233,19.172932330827066,90.6015037593985,166.24503071919045
2ae19629-1e0e-13a3-e055-000000000001,WOOD QUAY B,57.821373257614866,11.874032008260196,16.778523489932887,118.99845121321631,188.69385647909138,314.30765293063735,331.4563603788073,0.0,46.463603510583376,21.94114610221993,162.36448115642747,270.99136803557417
2ae19629-1e2a-13a3-e055-000000000001,BALLYBODEN,41.562439869155284,5.580142389840293,5.772561092938234,24.629593996536464,50.990956320954396,707.7773541746092,188.52459016393442,11.73754088897441,23.66750048104676,12.122378295170291,53.68481816432557,489.4414841128873
2ae19629-1e35-13a3-e055-000000000001,BALSCADDEN,40.816326530612244,2.7210884353741496,0.0,14.965986394557822,23.12925170068027,816.9582772543743,133.24360699865412,16.3265306122449,0.0,0.0,48.97959183673469,435.3932584269663
2ae19629-1e3b-13a3-e055-000000000001,KILGARVAN,46.18937644341801,0.0,0.0,2.3094688221709005,18.475750577367204,817.5519630484989,136.25866050808312,30.023094688221708,0.0,4.618937644341801,32.33256351039261,399.0498812351544
2ae19629-217e-13a3-e055-000000000001,GREENMOUNT,46.88255195746738,13.533107781536975,5.316578057032383,58.48235862735621,77.81536974383759,626.204238921002,252.89017341040466,0.0,27.549540840985983,10.14983083615273,116.48139197680038,343.51897486446524
2ae19629-2180-13a3-e055-000000000001,GURRANEBRAHER B,39.334341906202724,15.128593040847202,15.128593040847202,72.61724659606656,34.79576399394856,567.5675675675675,162.16216216216216,1.5128593040847202,28.744326777609682,4.53857791225416,89.25869894099849,238.75968992248062
2ae19629-2183-13a3-e055-000000000001,KNOCKNAHEENY,29.15740054361255,13.590313812700765,5.683222139856684,24.462564862861377,25.945144551519647,694.7394418374907,74.83329217090639,14.084507042253522,18.779342723004696,14.084507042253522,40.523844823325916,210.7269954245043
2ae19629-2189-13a3-e055-000000000001,MALLOW SOUTH URBAN,42.916957431960924,29.658060013956735,9.071877180739707,35.93859036985345,49.89532449406839,757.5547064953108,96.56130600903091,14.65457083042568,24.424284717376135,25.471039776692255,76.76203768318214,333.9298496778812
2ae19629-218d-13a3-e055-000000000001,MAHON A,44.34507173467486,17.14179243525247,7.639277063536426,43.78610024222098,62.97745481647103,647.6454293628808,209.23361034164358,2.4222098006335013,24.035774175517048,18.25973542016024,87.75852431525992,388.8042650418888
2ae19629-218e-13a3-e055-000000000001,MAHON B,42.05790297339593,27.582159624413144,15.84507042253521,46.948356807511736,75.50860719874804,663.7529137529137,164.33566433566432,23.082942097026603,41.666666666666664,23.865414710485133,111.697965571205,349.41461445296727
2ae19629-219a-13a3-e055-000000000001,SOUTH GATE B,59.424326833797586,34.354688950789225,19.498607242339833,143.91829155060353,150.41782729805016,354.24354243542433,333.02583025830256,0.9285051067780873,45.49675023212628,19.498607242339833,173.63045496750232,267.3545966228893
2ae19629-219c-13a3-e055-000000000001,KILLACONENAGH,71.38384470882906,18.78522229179712,0.6261740763932373,141.51534126487164,44.458359423919845,727.8363298202107,152.51084934903906,0.6261740763932373,15.028177833437695,1.878522229179712,204.75892298058858,402.45478036175706
2ae19629-219d-13a3-e055-000000000001,KILLATHY,23.86634844868735,19.093078758949883,0.0,21.479713603818613,16.706443914081145,798.5781990521327,111.37440758293839,0.0,11.933174224343675,0.0,54.89260143198091,513.4474327628362
2ae19629-21b6-13a3-e055-000000000001,TURNER'S CROSS B,36.46677471636953,17.828200972447327,12.965964343598054,46.19124797406808,49.43273905996758,656.1743341404358,230.83131557707827,1.6207455429497568,20.25931928687196,1.6207455429497568,82.6580226904376,391.232423490488
2ae19629-21b9-13a3-e055-000000000001,KILLEENLEAGH,118.91891891891892,0.0,0.0,51.351351351351354,24.324324324324326,695.4177897574124,150.94339622641508,0.0,2.7027027027027026,0.0,154.05405405405406,376.7313019390582
2ae19629-21c6-13a3-e055-000000000001,MEENS,35.08771929824561,0.0,0.0,4.385964912280701,4.385964912280701,921.2253829321663,41.57549234135667,0.0,0.0,0.0,10.964912280701753,509.1324200913242
2ae19629-21ca-13a3-e055-000000000001,SPRINGFORT,56.962025316455694,7.9113924050632916,0.0,15.822784810126583,36.392405063291136,808.1761006289308,51.88679245283019,34.81012658227848,12.658227848101266,1.5822784810126582,55.379746835443036,375.0
2ae19629-21ce-13a3-e055-000000000001,ARDS,194.80519480519482,3.896103896103896,0.0,2.5974025974025974,7.792207792207792,680.7453416149068,108.07453416149067,5.194805194805195,1.2987012987012987,2.5974025974025974,49.350649350649356,351.213282247765
2ae19629-21d3-13a3-e055-000000000001,KILMALODA WEST,45.22613065326633,20.100502512562816,0.0,15.07537688442211,25.12562814070352,778.3251231527094,113.30049261083744,0.0,0.0,0.0,80.40201005025126,427.1356783919598
2ae19629-21e7-13a3-e055-000000000001,KILNAMARTERY,39.726027397260275,10.95890410958904,0.0,16.43835616438356,17.80821917808219,864.5690834473324,79.34336525307798,0.0,2.73972602739726,5.47945205479452,50.68493150684932,637.3937677053825
2ae19629-1ef1-13a3-e055-000000000001,BALBRIGGAN URBAN,44.27538039411324,31.928161636318286,8.10675979047144,63.3574457470691,70.71588924918933,651.8143668230066,157.73882991853864,4.614617111499127,25.193315041157394,36.54277874781741,125.0935395360439,332.399745385105
2ae19629-1ef2-13a3-e055-000000000001,BALDOYLE,44.92699363534257,21.714713590415574,7.363035068014477,58.7794833395732,72.13278422563334,618.7005928853755,228.01383399209485,1.4975664545114191,27.08099338574816,17.846000249594407,126.79395981530014,356.78776290630975
2ae19629-1f08-13a3-e055-000000000001,DROMDALEAGUE SOUTH,91.9175911251981,19.01743264659271,7.9239302694136295,19.01743264659271,22.187004754358163,669.8113207547169,114.77987421383648,0.0,20.602218700475436,0.0,109.35023771790809,404.5307443365696
2ae19629-1f13-13a3-e055-000000000001,CLONDROHID,83.14606741573034,15.730337078651687,0.0,7.865168539325843,23.59550561797753,798.6577181208053,129.7539149888143,0.0,2.247191011235955,0.0,77.52808988764046,508.04597701149424
2ae19629-1f1c-13a3-e055-000000000001,BUTTEVANT,54.364871928907476,9.932043910088865,2.090956612650287,21.432305279665446,48.09200209095661,797.9643765903309,77.86259541984732,4.704652378463147,13.068478829064295,15.159435441714583,59.5922634605332,346.29728289824186
2ae19629-1f22-13a3-e055-000000000001,BALLINTEMPLE,58.8235294117647,0.0,0.0,12.718600953895072,17.488076311605724,811.0236220472441,111.81102362204724,0.0,1.589825119236884,0.0,47.694753577106525,476.19047619047615
2ae19629-1f24-13a3-e055-000000000001,CAHERAGH,94.5945945945946,0.0,0.0,3.3783783783783785,13.513513513513514,912.751677852349,46.97986577181208,0.0,3.3783783783783785,3.3783783783783785,54.054054054054056,415.22491349480964
2ae19629-1f29-13a3-e055-000000000001,DURRUS WEST,166.66666666666666,8.771929824561402,2.923976608187134,42.39766081871345,23.391812865497073,602.8985507246377,175.36231884057972,0.0,10.23391812865497,2.923976608187134,128.6549707602339,394.3452380952381
2ae19629-215a-13a3-e055-000000000001,BISHOPSTOWN C,41.43314651721377,9.207365892714172,11.609287429943954,24.4195356285028,63.050440352281825,664.3673630271975,144.0677966101695,3.4027221777421937,38.03042433947157,6.6052842273819055,52.842273819055244,480.8754346492125
2ae19629-215b-13a3-e055-000000000001,BISHOPSTOWN E,34.01574803149606,20.47244094488189,55.43307086614173,28.661417322834644,118.11023622047244,636.7880485527544,160.9088079676315,0.9448818897637795,137.3228346456693,13.228346456692913,73.07086614173228,429.07348242811497
2ae19629-2165-13a3-e055-000000000001,COMMONS,26.149684400360684,41.47880973850315,15.329125338142472,88.36789900811543,90.17132551848513,513.051305130513,163.81638163816382,10.820559062218216,45.08566275924257,29.75653742110009,148.78268710550043,268.58736059479554
2ae19629-2174-13a3-e055-000000000001,FARRANFERRIS A,36.803874092009686,55.69007263922518,8.232445520581114,95.88377723970943,91.52542372881356,594.0212150433945,161.04146576663453,15.012106537530267,39.70944309927361,43.583535108958834,158.83777239709443,274.888558692422
2ae19629-2176-13a3-e055-000000000001,FARRANFERRIS C,20.118343195266274,16.568047337278106,1.183431952662722,20.118343195266274,48.5207100591716,732.1637426900585,101.75438596491227,14.201183431952662,23.668639053254438,28.402366863905325,59.171597633136095,288.8616891064871
2ae19629-217d-13a3-e055-000000000001,GLASHEEN C,37.6865671641791,4.104477611940299,6.343283582089552,29.477611940298505,47.38805970149254,698.0014803849001,178.01628423390082,0.746268656716418,23.507462686567163,6.7164179104477615,50.37313432835821,420.79395085066164
2ae19629-2188-13a3-e055-000000000001,MALLOW RURAL,38.06297329613392,53.80629732961339,10.163411717815864,43.64288561179753,78.31805500199282,728.444003964321,110.00991080277502,11.757672379434037,26.10601833399761,67.55679553607015,123.95376644081307,428.36587872559096
2ae19629-2193-13a3-e055-000000000001,MONTENOTTE B,36.708860759493675,5.9071729957805905,2.109704641350211,22.362869198312236,43.459915611814345,752.1938988717092,173.84036773923944,4.641350210970464,17.721518987341774,4.641350210970464,48.10126582278481,413.6305186455208
2ae19629-2071-13a3-e055-000000000001,MEENCARGAGH,62.93706293706294,0.0,0.0,0.0,13.986013986013987,898.6486486486486,20.27027027027027,0.0,20.97902097902098,0.0,20.97902097902098,331.0344827586207
2ae19629-2077-13a3-e055-000000000001,CASTLEFINN,165.73258606885508,0.0,0.0,3.2025620496397114,12.810248198558845,743.6102236421725,63.09904153354633,1.6012810248198557,4.00320256204964,0.8006405124099278,17.614091273018417,213.39950372208435
2ae19629-2085-13a3-e055-000000000001,GORTAHORK,187.01142513529766,0.6013229104028863,0.0,9.019843656043296,19.84365604329525,896.042528056704,62.02008269344359,0.0,4.810583283223091,0.6013229104028863,39.08598917618762,837.492391965916
2ae19629-208b-13a3-e055-000000000001,BALLYNAKILL,40.816326530612244,12.558869701726845,0.0,4.7095761381475665,15.698587127158554,919.629057187017,37.09428129829984,1.5698587127158556,7.849293563579277,0.0,37.67660910518053,454.1062801932367
2ae19629-208c-13a3-e055-000000000001,BALLYNAKILL,104.0,14.0,8.0,28.0,44.0,672.4806201550388,201.5503875968992,0.0,16.0,0.0,92.0,308.300395256917
2ae19629-20a1-13a3-e055-000000000001,ROSNAKILL,103.05343511450383,0.0,0.0,0.0,0.0,693.1818181818182,60.60606060606061,0.0,0.0,0.0,19.083969465648856,321.8390804597701
2ae19629-20a8-13a3-e055-000000000001,CONVOY,129.90580847723703,2.3547880690737832,6.671899529042387,16.483516483516485,16.09105180533752,672.9191090269636,62.915201250488465,0.7849293563579278,12.95133437990581,1.1773940345368916,41.60125588697017,259.00445163901253
2ae19629-20b4-13a3-e055-000000000001,CRANFORD,89.40397350993378,0.0,0.0,4.966887417218543,14.900662251655628,824.5901639344262,39.34426229508197,0.0,1.6556291390728477,0.0,24.834437086092713,497.47899159663865
2ae19629-1e41-13a3-e055-000000000001,BALLYMITTY,79.72270363951472,5.199306759098787,5.199306759098787,20.79722703639515,20.79722703639515,777.0154373927959,142.3670668953688,0.0,12.131715771230503,1.7331022530329288,57.19237435008666,324.56140350877195
2ae19629-1e49-13a3-e055-000000000001,HOLLYWOOD,44.38964241676942,18.495684340320594,0.0,14.796547472256474,22.19482120838471,793.9024390243903,119.51219512195121,0.0,6.165228113440198,1.2330456226880395,46.855733662145504,484.81012658227843
2ae19629-1e4d-13a3-e055-000000000001,BALLOUGHTER,41.59132007233273,7.2332730560578655,0.0,16.2748643761302,19.891500904159134,711.7117117117117,131.53153153153153,14.466546112115731,0.0,0.0,45.20795660036166,378.22878228782287
2ae19629-1e54-13a3-e055-000000000001,IMAEL SOUTH,51.66051660516605,0.0,0.0,3.6900369003690034,22.14022140221402,571.9557195571956,95.9409594095941,0.0,0.0,3.6900369003690034,25.830258302583026,261.3636363636364
2ae19629-1e55-13a3-e055-000000000001,KILBALLYOWEN,49.504950495049506,9.900990099009901,0.0,12.376237623762377,24.752475247524753,738.2716049382716,133.33333333333334,0.0,4.9504950495049505,2.4752475247524752,49.504950495049506,387.59689922480624
2ae19629-1e59-13a3-e055-000000000001,KILLESK,76.51715039577836,1.3192612137203166,0.0,14.511873350923484,22.427440633245382,771.9528178243775,149.41022280471822,0.0,5.277044854881266,1.3192612137203166,47.4934036939314,337.43169398907105
2ae19629-1e5e-13a3-e055-000000000001,AGHOWLE,53.639846743295024,3.8314176245210727,0.0,3.8314176245210727,11.494252873563218,698.4732824427481,57.25190839694656,0.0,0.0,0.0,26.819923371647512,322.70916334661354
2ae19629-1e60-13a3-e055-000000000001,KILBRIDE,60.24096385542169,8.762322015334064,1.095290251916758,15.33406352683461,28.477546549835708,648.7068965517241,150.86206896551724,15.33406352683461,14.238773274917854,2.190580503833516,52.57393209200438,358.32414553472984
2ae19629-21a4-13a3-e055-000000000001,SHREELANE,72.94117647058823,0.0,0.0,23.52941176470588,25.88235294117647,790.2097902097902,74.5920745920746,0.0,0.0,0.0,77.64705882352942,467.15328467153284
2ae19629-21a6-13a3-e055-000000000001,St. PATRICK'S A,48.20627802690583,40.91928251121076,47.08520179372197,202.3542600896861,169.28251121076232,262.9156010230179,305.8823529411765,0.0,79.5964125560538,24.663677130044842,221.97309417040358,199.78969505783385
2ae19629-21aa-13a3-e055-000000000001,SUNDAY'S WELL B,58.581706063720446,20.554984583761563,51.38746145940391,157.24563206577596,175.74511819116137,347.73869346733665,362.8140703517588,2.055498458376156,96.60842754367935,17.471736896197328,228.16032887975334,256.1475409836065
2ae19629-21ac-13a3-e055-000000000001,THE GLEN B,31.578947368421055,11.357340720221607,4.1551246537396125,29.6398891966759,42.38227146814404,773.4439834024896,126.417704011065,33.51800554016621,16.343490304709142,9.141274238227147,57.89473684210526,330.4964539007092
2ae19629-21ae-13a3-e055-000000000001,TIVOLI A,49.616066154754876,35.440047253396344,14.766686355581808,97.46012994683993,109.27347903130538,501.15207373271886,254.60829493087556,1.772002362669817,31.305375073833428,22.44536326048435,161.84288245717661,368.35891381345925
2ae19629-21ba-13a3-e055-000000000001,MATEHY,26.01734489659773,9.33955970647098,0.0,12.00800533689126,30.020013342228154,799.0777338603425,131.75230566534916,0.0,8.005336891260841,2.0013342228152102,42.02801867911941,531.0344827586207
2ae19629-21bc-13a3-e055-000000000001,SKAHANAGH,132.9479768786127,0.0,11.560693641618496,0.0,46.24277456647398,786.1271676300579,132.9479768786127,0.0,34.68208092485549,0.0,115.60693641618496,417.64705882352945
2ae19629-21c1-13a3-e055-000000000001,ALTNAPASTE,75.42579075425792,0.0,0.0,17.0316301703163,9.732360097323602,764.4230769230769,48.07692307692308,0.0,2.4330900243309004,2.4330900243309004,24.330900243309003,471.74447174447175
2ae19629-21ec-13a3-e055-000000000001,TEMPLEBREEDY,63.998190863862504,13.568521031207599,2.03527815468114,31.207598371777475,49.52510176390773,640.0622498888396,242.77456647398844,0.0,8.14111261872456,6.331976481230212,88.42152872003618,451.90980211688907
2ae19629-21ee-13a3-e055-000000000001,BIRDSTOWN,375.86471944657956,0.7686395080707148,0.0,13.066871637202153,11.529592621060722,784.7432024169184,64.19939577039275,0.0,2.3059185242121445,0.0,44.58109146810146,257.2322126661454
2ae19629-21f0-13a3-e055-000000000001,KILSHANNIG,39.54305799648506,13.181019332161688,0.0,22.847100175746927,32.513181019332166,799.1228070175439,107.89473684210526,0.0,7.0298769771529,1.757469244288225,67.66256590509666,478.1818181818182
2ae19629-21f1-13a3-e055-000000000001,KILWORTH,48.25291181364393,10.537992235163616,4.9916805324459235,26.067665002773158,33.832501386577924,787.6106194690266,125.55309734513273,0.5546311702717693,10.537992235163616,5.546311702717693,55.46311702717693,430.06384213580964
2ae19629-21f4-13a3-e055-000000000001,TEMPLEMARY,37.7906976744186,5.813953488372093,0.0,2.9069767441860463,31.976744186046513,845.9302325581394,84.30232558139535,0.0,2.9069767441860463,0.0,26.16279069767442,462.4624624624625
2ae19629-21f6-13a3-e055-000000000001,TEMPLEMOLAGA,35.60830860534125,8.902077151335313,0.0,5.934718100890208,2.967359050445104,928.7833827893174,44.51038575667656,0.0,0.0,0.0,53.41246290801187,434.7826086956522
2ae19629-21fb-13a3-e055-000000000001,FONTSTOWN,55.55555555555555,0.0,0.0,13.333333333333334,20.0,837.7192982456141,87.71929824561403,0.0,0.0,0.0,48.88888888888889,477.67857142857144
2ae19629-21fd-13a3-e055-000000000001,GRANEY,60.0,15.0,1.25,28.75,36.25,758.4059775840598,145.70361145703612,0.0,5.0,6.25,76.25,412.291933418694
2ae19629-1f2f-13a3-e055-000000000001,CAHERLAG,39.82177666388193,33.13840155945419,2.506265664160401,33.973823447507655,33.13840155945419,770.546056260342,142.85714285714286,0.556947925368978,15.037593984962406,9.189640768588136,87.71929824561403,494.8921679909194
2ae19629-1f38-13a3-e055-000000000001,BALLYFOYLE,68.01007556675063,5.037783375314861,0.0,17.632241813602015,32.7455919395466,754.950495049505,153.46534653465346,2.5188916876574305,10.075566750629722,0.0,68.01007556675063,482.9396325459318
2ae19629-1f3c-13a3-e055-000000000001,CAPE CLEAR,102.04081632653062,0.0,0.0,57.823129251700685,64.62585034013605,545.4545454545454,363.6363636363636,0.0,17.006802721088437,0.0,166.66666666666666,513.3333333333333
2ae19629-1f3f-13a3-e055-000000000001,COBH RURAL,46.214245653393164,37.689287717330345,5.159842961301178,30.39820527201346,53.393157599551316,740.110497237569,158.8950276243094,3.58945597307908,18.283791362871565,19.293325855300058,108.58104318564217,386.3349764989109
2ae19629-1f41-13a3-e055-000000000001,FIRMOUNT,32.6975476839237,12.26158038147139,0.0,13.623978201634877,14.986376021798364,847.6190476190476,93.87755102040816,1.3623978201634876,2.7247956403269753,0.0,38.14713896457766,495.06346967559944
2ae19629-1f43-13a3-e055-000000000001,BALLYGROMAN,34.87064116985377,28.683914510686165,0.562429696287964,19.68503937007874,24.746906636670417,787.5908328675238,138.06595863610957,0.562429696287964,5.624296962879639,2.249718785151856,76.4904386951631,551.8044237485448
2ae19629-1f46-13a3-e055-000000000001,BALLYMACKEAN,43.25699745547074,2.544529262086514,0.0,7.633587786259541,22.900763358778626,781.4070351758794,170.8542713567839,0.0,5.089058524173028,0.0,22.900763358778626,459.5300261096606
2ae19629-1f49-13a3-e055-000000000001,CARRIGALINE,49.73005855068056,34.217930195422404,13.991331457683826,39.23655995741768,52.84769219070793,705.5626839761492,164.61619744886409,0.9124781385445974,30.948216865637594,14.37153068207741,113.07124933465136,458.0463368816531
2ae19629-2199-13a3-e055-000000000001,SOUTH GATE A,39.98368013055895,44.47164422684619,44.879640962872294,210.52631578947367,210.11831905344758,272.79752704791343,332.3029366306028,0.8159934720522236,113.83108935128519,19.175846593227256,260.3019175846593,197.56001574183392
2ae19629-219b-13a3-e055-000000000001,KILKERRANMORE,45.54079696394687,9.487666034155597,0.0,28.46299810246679,9.487666034155597,782.3639774859287,133.20825515947467,11.385199240986717,1.8975332068311195,1.8975332068311195,74.00379506641366,523.4375
2ae19629-21a7-13a3-e055-000000000001,St. PATRICK'S B,51.32075471698113,25.660377358490564,12.075471698113207,173.58490566037736,258.8679245283019,327.1560940841055,350.6771204561653,0.0,57.35849056603774,60.37735849056604,253.58490566037733,215.37345902828136
2ae19629-21a9-13a3-e055-000000000001,SUNDAY'S WELL A,64.08544726301736,18.69158878504673,30.707610146862482,61.415220293724964,93.45794392523364,491.4586070959264,312.74638633377134,0.0,56.074766355140184,5.34045393858478,94.79305740987984,385.96491228070175
2ae19629-21ad-13a3-e055-000000000001,THE LOUGH,42.74041483343809,10.685103708359522,15.713387806411061,89.88057825267127,72.91011942174732,517.3674588665448,268.1291895185862,0.0,32.05531112507857,5.656819610307982,106.85103708359523,390.30453697949036
2ae19629-21b2-13a3-e055-000000000001,TRAMORE A,44.678055190538764,28.90932982917214,13.140604467805518,60.44678055190539,81.47174770039422,625.4876462938882,217.16514954486345,1.314060446780552,35.4796320630749,14.45466491458607,132.72010512483573,413.7466307277628
2ae19629-21b5-13a3-e055-000000000001,TURNER'S CROSS A,48.75,26.25,25.0,93.75,76.25,545.2292441140025,283.7670384138786,6.25,47.5,12.5,117.5,364.55696202531647
2ae19629-21b8-13a3-e055-000000000001,KILLEAGH,32.11678832116788,2.9197080291970803,0.0,20.437956204379564,14.598540145985401,825.5813953488372,107.55813953488372,7.299270072992701,2.9197080291970803,0.0,36.4963503649635,490.31296572280183
2ae19629-1e6a-13a3-e055-000000000001,AUGHRIM,67.25297465080186,13.450594930160372,0.5173305742369374,20.17589239524056,33.62648732540093,706.5382665990877,170.80587937151546,0.0,5.173305742369374,2.0693222969477496,76.56492498706675,353.55106272680143
2ae19629-1e6f-13a3-e055-000000000001,CAHORE,64.83300589390963,0.0,0.0,19.646365422396855,15.717092337917483,697.4459724950884,188.60510805500982,0.0,3.929273084479371,0.0,51.080550098231825,384.77366255144034
2ae19629-1e83-13a3-e055-000000000001,BALLYARTHUR,51.79982440737489,11.41352063213345,0.0,19.315188762071994,47.41000877963126,582.1678321678322,185.3146853146853,5.267778753292362,4.389815627743635,0.0,78.13871817383671,366.6369313113292
2ae19629-1e87-13a3-e055-000000000001,CASTLE TALBOT,81.27572016460906,5.1440329218107,0.0,13.37448559670782,27.777777777777775,767.983789260385,139.8176291793313,2.05761316872428,4.11522633744856,1.02880658436214,70.98765432098764,334.38818565400845
2ae19629-1e8b-13a3-e055-000000000001,KILTEALY,43.47826086956522,0.0,0.0,25.691699604743082,11.857707509881422,727.4509803921568,109.80392156862744,0.0,0.0,0.0,43.47826086956522,348.0
2ae19629-1e94-13a3-e055-000000000001,COOLGREANY,52.63157894736842,6.683375104427736,0.0,20.885547201336674,21.72096908939014,714.7623019182652,132.61050875729774,0.0,4.177109440267335,3.341687552213868,52.63157894736842,345.0946643717728
2ae19629-1e9b-13a3-e055-000000000001,NEWCASTLE UPPER,47.01665612481552,20.45119122917984,14.758591608686485,34.78810879190386,41.745730550284634,650.3131524008351,188.517745302714,3.373392367699768,39.42652329749104,4.638414505587181,90.44908285895004,351.41045265689917
2ae19629-1e9f-13a3-e055-000000000001,MONAMOLIN,59.293044469783354,3.4207525655644244,0.0,9.122006841505131,14.823261117445838,736.9020501138953,167.4259681093394,0.0,0.0,1.1402508551881414,61.57354618015964,367.29857819905214
2ae19629-21c5-13a3-e055-000000000001,KILMACLENINE,43.97163120567376,7.092198581560283,0.0,7.092198581560283,28.368794326241133,885.7545839210155,66.29055007052186,1.4184397163120568,4.25531914893617,7.092198581560283,24.113475177304963,445.57329462989844
2ae19629-21cb-13a3-e055-000000000001,St. MARY'S (WEST),34.27172582619339,14.19828641370869,3.427172582619339,23.500611995104038,42.10526315789473,743.1840311587147,114.89776046738072,22.276621787025704,29.130966952264384,12.974296205630354,58.7515299877601,424.62247248528286
2ae19629-21cc-13a3-e055-000000000001,ARDARA,112.56117455138661,8.156606851549755,4.078303425774878,49.7553017944535,22.838499184339316,740.625,138.28125,3.2626427406199023,8.97226753670473,3.2626427406199023,85.64437194127242,391.9803600654664
2ae19629-21d1-13a3-e055-000000000001,BALLYLIFFIN,178.52348993288592,2.6845637583892614,0.0,4.697986577181208,18.79194630872483,891.4323086984957,61.47809025506867,1.3422818791946307,0.0,0.6711409395973154,40.26845637583892,304.55472467709046
2ae19629-21d7-13a3-e055-000000000001,MILLTOWN,71.26436781609195,6.896551724137931,0.0,25.28735632183908,11.494252873563218,786.8480725623582,83.90022675736962,0.0,2.2988505747126435,0.0,52.87356321839081,424.59396751740144
2ae19629-21d8-13a3-e055-000000000001,STREAMHILL,196.26168224299064,0.0,0.0,37.38317757009346,9.345794392523365,616.822429906542,317.75700934579436,0.0,0.0,0.0,130.8411214953271,403.84615384615387
2ae19629-21d9-13a3-e055-000000000001,TEADIES,53.807106598984774,22.335025380710658,2.0304568527918785,56.85279187817259,10.15228426395939,694.5564516129033,120.96774193548387,0.0,3.045685279187817,0.0,92.38578680203045,475.8909853249476
2ae19629-21da-13a3-e055-000000000001,BALLYARR,130.55555555555557,4.166666666666667,2.7777777777777777,6.944444444444444,13.888888888888888,775.5102040816327,91.15646258503402,8.333333333333334,4.166666666666667,0.0,54.16666666666667,372.71448663853727
2ae19629-2203-13a3-e055-000000000001,KILTOMY,54.502369668246445,4.739336492890995,0.0,4.739336492890995,7.109004739336492,875.2941176470588,68.23529411764706,0.0,0.0,0.0,33.17535545023697,467.4698795180723
2ae19629-2205-13a3-e055-000000000001,HARRISTOWN,50.104384133611696,6.263048016701462,2.08768267223382,20.876826722338205,16.70146137787056,799.5824634655532,125.26096033402922,0.0,2.08768267223382,0.0,58.45511482254697,404.7109207708779
2ae19629-2206-13a3-e055-000000000001,INCHAQUIRE,48.24561403508772,4.385964912280701,8.771929824561402,26.31578947368421,57.017543859649116,765.2173913043479,82.6086956521739,0.0,0.0,0.0,114.03508771929823,372.1973094170404
2ae19629-2207-13a3-e055-000000000001,JOHNSTOWN,65.98984771573605,15.228426395939087,0.0,20.30456852791878,10.15228426395939,828.2828282828283,75.75757575757576,0.0,0.0,0.0,60.91370558375635,336.84210526315786
2ae19629-2208-13a3-e055-000000000001,KILDANGAN,51.98358413132695,6.839945280437757,4.1039671682626535,8.207934336525307,24.623803009575923,808.4239130434783,104.61956521739131,0.0,9.575923392612859,0.0,43.77564979480164,460.78431372549016
2ae19629-221a-13a3-e055-000000000001,DROMMARTIN,67.28971962616822,1.8691588785046729,0.0,3.7383177570093458,14.953271028037383,940.6307977736549,37.10575139146568,0.0,0.0,0.0,28.037383177570092,421.25237191650854
2ae19629-221f-13a3-e055-000000000001,TRALEE URBAN,53.56533606277721,41.1122483793927,13.988399863527807,65.50665301944728,121.28966223132038,518.1847968545217,110.74705111402359,25.076765609007165,54.247697031729786,32.5827362674855,117.02490617536678,215.11725999662562
2ae19629-2228-13a3-e055-000000000001,TRIENEARAGH,109.73084886128365,12.422360248447204,0.0,4.140786749482402,22.77432712215321,862.1399176954733,84.36213991769547,0.0,0.0,0.0,82.81573498964804,363.4453781512605
2ae19629-1f4f-13a3-e055-000000000001,BALLYMARTLE,42.05274411974341,24.233784746970777,10.691375623663578,29.223093371347115,47.042052744119744,738.1121362668559,150.46132008516676,0.0,25.65930149679259,5.702066999287242,95.5096222380613,474.58893871449925
2ae19629-1f57-13a3-e055-000000000001,BALLYMONEY,64.99429874572405,25.08551881413911,0.0,27.366020524515395,17.10376282782212,732.2033898305085,108.47457627118644,0.0,6.841505131128849,0.0,90.07981755986317,433.0616996507567
2ae19629-1f5b-13a3-e055-000000000001,CARRIGROHANEBEG,51.2,6.4,1.6,6.4,16.0,757.9617834394905,122.61146496815287,0.0,0.0,0.0,41.6,540.765391014975
2ae19629-1f6a-13a3-e055-000000000001,CASTLE HYDE,42.007001166861144,5.834305717619603,14.002333722287048,10.501750291715286,24.504084014002334,842.0441347270615,95.23809523809523,0.0,15.169194865810969,1.1668611435239205,47.841306884480744,402.4096385542168
2ae19629-1f6c-13a3-e055-000000000001,CRINNALOO,9.75609756097561,0.0,0.0,24.390243902439025,4.878048780487805,882.9268292682926,92.6829268292683,0.0,0.0,0.0,29.26829268292683,407.9601990049751
2ae19629-1f85-13a3-e055-000000000001,DERRAGH,43.859649122807014,17.543859649122805,0.0,4.385964912280701,17.543859649122805,908.2969432314411,65.50218340611353,0.0,0.0,0.0,61.40350877192982,500.0
2ae19629-1f86-13a3-e055-000000000001,DERRY,89.10891089108911,1.9801980198019802,0.0,25.74257425742574,35.64356435643564,714.84375,144.53125,3.9603960396039604,1.9801980198019802,0.0,71.28712871287128,442.42424242424244
2ae19629-1f8b-13a3-e055-000000000001,CASTLETOWN,86.34538152610442,12.048192771084338,4.016064257028112,36.144578313253014,20.080321285140563,700.0,174.0,2.008032128514056,6.024096385542169,4.016064257028112,94.37751004016063,459.7938144329897
2ae19629-21bb-13a3-e055-000000000001,MEALAGH,188.63049095607235,7.751937984496124,0.0,38.75968992248062,36.17571059431524,598.5037406483791,314.21446384039905,0.0,2.5839793281653747,0.0,209.30232558139537,483.2041343669251
2ae19629-21bf-13a3-e055-000000000001,SKULL,123.58490566037736,3.7735849056603774,4.716981132075471,44.33962264150943,62.264150943396224,591.9642857142857,266.07142857142856,2.830188679245283,13.20754716981132,3.7735849056603774,142.45283018867923,365.4545454545455
2ae19629-21c2-13a3-e055-000000000001,ANNAGARY,221.28227960819234,2.226179875333927,0.0,6.233303650934996,24.04274265360641,797.7132805628848,78.71591908531222,0.0,0.8904719501335707,0.0,58.325912733748886,714.7377938517179
2ae19629-21cd-13a3-e055-000000000001,ARDMALIN,158.2952815829528,0.0,0.0,6.0882800608828,12.1765601217656,830.6092124814265,78.7518573551263,0.0,0.0,0.0,48.7062404870624,377.3006134969325
2ae19629-21d2-13a3-e055-000000000001,KILMALODA EAST,69.33333333333333,0.0,2.6666666666666665,32.0,13.333333333333334,751.3227513227513,150.79365079365078,0.0,0.0,0.0,114.66666666666667,505.49450549450546
2ae19629-21d5-13a3-e055-000000000001,MILANE,135.13513513513513,21.62162162162162,0.0,32.432432432432435,10.81081081081081,421.62162162162167,205.40540540540542,0.0,0.0,0.0,156.75675675675677,325.96685082872926
2ae19629-21e1-13a3-e055-000000000001,MITCHELSTOWN,37.36689254598258,22.45885769603098,5.227492739593417,39.303000968054214,37.36689254598258,792.8721977390305,105.38417321325925,11.423039690222653,14.908034849951598,7.550822846079381,87.12487899322362,361.5796785076404
2ae19629-21eb-13a3-e055-000000000001,MONKSTOWN RURAL,52.2508038585209,44.21221864951769,10.45016077170418,58.68167202572348,71.54340836012862,653.7242472266244,172.74167987321712,0.8038585209003215,32.95819935691318,25.723472668810288,152.7331189710611,418.10699588477365
2ae19629-1ea1-13a3-e055-000000000001,MOYACOMB,45.951859956236326,8.752735229759299,0.0,37.199124726477024,21.88183807439825,756.5217391304348,102.17391304347827,0.0,0.0,0.0,83.15098468271334,390.4109589041096
2ae19629-1ea2-13a3-e055-000000000001,NEW ROSS RURAL,45.6963249516441,114.84526112185686,12.088974854932301,43.76208897485493,35.541586073500966,712.0557156580212,132.32468780019212,35.541586073500966,18.617021276595743,4.835589941972921,197.05029013539652,331.01736972704714
2ae19629-1ea3-13a3-e055-000000000001,BROCKAGH,54.36337625178827,2.8612303290414878,0.0,54.36337625178827,41.48783977110158,586.8421052631579,211.8421052631579,0.0,11.444921316165951,1.4306151645207439,87.26752503576537,329.26829268292687
2ae19629-1ea5-13a3-e055-000000000001,OVOCA,73.09941520467837,8.771929824561402,0.0,19.005847953216374,33.62573099415204,646.978021978022,155.21978021978023,0.0,2.923976608187134,1.461988304093567,54.093567251461984,240.89635854341736
2ae19629-1eb0-13a3-e055-000000000001,OLDCOURT,65.66347469220246,6.839945280437757,0.0,13.679890560875513,16.415868673050614,852.9014844804319,86.36977058029689,21.88782489740082,0.0,0.0,57.45554035567715,447.8442280945758
2ae19629-1eb2-13a3-e055-000000000001,CARNEW,45.01607717041801,13.39764201500536,0.0,11.789924973204716,25.723472668810288,758.6759209823813,105.17885744794448,1.607717041800643,3.7513397642015005,0.5359056806002144,50.91103965702037,328.9110005527916
2ae19629-1eb4-13a3-e055-000000000001,RATHDRUM,38.40050777530943,13.963821009203427,19.04157410345922,25.38876547127896,44.74769914312916,694.6107784431138,155.37346359911754,9.838146620120597,45.699777848302126,6.029831799428752,78.38781339257378,340.99113882507385
2ae19629-1eb6-13a3-e055-000000000001,SHILLELAGH,51.28205128205128,4.807692307692308,1.6025641025641024,12.82051282051282,19.230769230769234,734.5971563981043,88.46761453396525,0.0,8.012820512820513,0.0,43.26923076923077,340.983606557377
2ae19629-21f8-13a3-e055-000000000001,BUNCRANA URBAN,172.12608158220024,31.211372064276883,3.708281829419036,50.06180469715699,23.176761433868972,804.513571210735,102.16529429704178,4.635352286773794,8.961681087762669,1.854140914709518,113.72064276885044,304.5796737766625
2ae19629-21fa-13a3-e055-000000000001,TARMON,93.94572025052192,2.08768267223382,0.0,6.263048016701462,14.613778705636742,861.2836438923396,86.95652173913044,0.0,0.0,0.0,52.19206680584551,434.0425531914894
2ae19629-21fe-13a3-e055-000000000001,BALLYRAGGET,49.42965779467681,1.9011406844106464,2.5348542458808616,16.476552598225602,23.44740177439797,835.5387523629489,74.98424700693133,4.435994930291509,12.674271229404308,4.435994930291509,35.48795944233207,377.8501628664495
2ae19629-2204-13a3-e055-000000000001,GRANGEMELLON,35.60371517027864,7.739938080495356,0.0,13.93188854489164,26.31578947368421,721.7928902627511,139.1035548686244,1.5479876160990713,1.5479876160990713,1.5479876160990713,46.43962848297214,403.2
2ae19629-220c-13a3-e055-000000000001,BOOLYGLASS,25.806451612903224,0.0,0.0,6.451612903225806,77.41935483870968,748.3870967741935,103.2258064516129,0.0,6.451612903225806,6.451612903225806,45.16129032258064,523.1788079470199
2ae19629-220d-13a3-e055-000000000001,BRAMBLESTOWN,48.10996563573883,0.0,0.0,6.8728522336769755,24.054982817869416,862.5429553264605,82.47422680412372,0.0,0.0,0.0,20.61855670103093,540.0696864111499
2ae19629-220f-13a3-e055-000000000001,KINARD,111.1111111111111,6.172839506172839,0.0,15.432098765432098,30.864197530864196,790.9090909090909,148.4848484848485,0.0,3.0864197530864197,6.172839506172839,70.98765432098764,769.4704049844237
2ae19629-2222-13a3-e055-000000000001,KILRAINY,49.222797927461144,5.181347150259067,0.0,14.248704663212436,28.497409326424872,830.5304010349288,99.61190168175938,0.0,10.362694300518134,0.0,42.74611398963731,425.55994729907775
2ae19629-222a-13a3-e055-000000000001,URLEE,75.47169811320754,2.6954177897574128,2.6954177897574128,8.086253369272237,13.477088948787063,835.1063829787234,119.68085106382979,0.0,2.6954177897574128,0.0,59.299191374663074,380.05390835579516
2ae19629-222c-13a3-e055-000000000001,LACKAGH,47.78972520908005,1.194743130227001,0.0,9.557945041816009,17.921146953405017,787.1581450653983,84.42330558858502,9.557945041816009,3.5842293906810037,0.0,27.479091995221026,409.9756690997567
2ae19629-222e-13a3-e055-000000000001,DUNLOE,71.93396226415094,16.50943396226415,0.0,27.12264150943396,35.37735849056604,701.8561484918794,124.12993039443155,0.0,2.3584905660377355,1.1792452830188678,80.18867924528301,397.37470167064436
2ae19629-2231-13a3-e055-000000000001,EMLAGH,104.65116279069768,10.570824524312897,1.0570824524312896,14.799154334038054,35.940803382663844,802.4948024948026,100.83160083160084,0.0,3.171247357293869,0.0,97.25158562367865,472.1030042918455
2ae19629-2239-13a3-e055-000000000001,VALENCIA,96.77419354838709,0.0,10.752688172043012,30.721966205837173,44.5468509984639,732.5227963525836,159.5744680851064,0.0,29.185867895545314,0.0,81.41321044546851,416.4086687306501
2ae19629-223f-13a3-e055-000000000001,LULLYMORE,35.0,0.0,0.0,5.0,5.0,766.1691542288556,114.42786069651741,0.0,0.0,0.0,20.0,326.42487046632124
2ae19629-2244-13a3-e055-000000000001,GNEEVES,104.27807486631016,0.0,2.6737967914438503,8.02139037433155,21.390374331550802,874.6666666666667,66.66666666666667,0.0,5.347593582887701,2.6737967914438503,58.8235294117647,417.5824175824176
2ae19629-2249-13a3-e055-000000000001,BALLYBRACKAN,60.698027314112295,0.0,0.0,13.657056145675266,13.657056145675266,806.060606060606,113.63636363636363,1.5174506828528074,7.587253414264037,0.0,34.90136570561457,357.59493670886076
2ae19629-1f8c-13a3-e055-000000000001,CASTLEVENTRY,58.18181818181818,18.18181818181818,0.0,25.454545454545457,21.81818181818182,708.6330935251799,158.27338129496403,0.0,3.6363636363636362,0.0,72.72727272727272,425.3731343283582
2ae19629-1f8d-13a3-e055-000000000001,RATHLUIRC,52.595783269099975,33.099070505554295,5.214237134436636,94.30968034459308,101.33756517796418,701.9793072424652,112.91048133153396,37.6331897528905,21.537066424846973,19.49671276354568,190.88642031285423,300.1169590643275
2ae19629-1f8e-13a3-e055-000000000001,DERRYFINEEN,33.057851239669425,0.0,0.0,4.132231404958678,20.66115702479339,859.504132231405,66.11570247933885,0.0,0.0,0.0,37.1900826446281,743.6974789915967
2ae19629-1f93-13a3-e055-000000000001,BEALANAGEARY,53.57142857142857,1.7857142857142856,0.0,12.5,28.57142857142857,848.4848484848485,119.42959001782532,0.0,5.357142857142857,3.571428571428571,51.78571428571429,831.4814814814815
2ae19629-1f97-13a3-e055-000000000001,DOONASLEEN,65.95744680851064,0.0,0.0,6.382978723404255,14.893617021276597,857.4468085106382,80.85106382978724,2.127659574468085,0.0,4.25531914893617,51.06382978723404,403.97350993377484
2ae19629-1f98-13a3-e055-000000000001,IGHTERMURRAGH,48.90945142101784,35.360211500330465,2.643754130865829,36.35161929940516,36.02115003304693,698.5583224115334,178.2437745740498,0.0,9.253139458030404,19.82815598149372,108.06345009914078,447.9344486172755
2ae19629-1f9e-13a3-e055-000000000001,COOLMEEN,34.35114503816794,7.633587786259541,0.0,3.8167938931297707,34.35114503816794,909.7744360902255,63.909774436090224,3.8167938931297707,3.8167938931297707,0.0,19.083969465648856,454.5454545454545
2ae19629-1fa7-13a3-e055-000000000001,ARDFIELD,92.45742092457421,4.866180048661801,0.0,14.598540145985401,27.980535279805352,743.436754176611,208.83054892601433,2.4330900243309004,3.6496350364963503,0.0,80.2919708029197,554.8705302096178
2ae19629-1ebb-13a3-e055-000000000001,OLD ROSS,40.73319755600815,16.293279022403258,0.0,10.183299389002038,67.20977596741344,773.0923694779116,120.48192771084338,8.146639511201629,8.146639511201629,2.0366598778004072,99.79633401221996,405.4054054054054
2ae19629-1ebd-13a3-e055-000000000001,RATHROE,82.14676889375684,3.2858707557502735,0.0,10.95290251916758,24.096385542168676,781.995661605206,132.32104121475055,0.0,1.095290251916758,0.0,52.57393209200438,363.1221719457013
2ae19629-1eec-13a3-e055-000000000001,EADESTOWN,32.71028037383177,0.0,0.0,23.36448598130841,14.018691588785046,679.0697674418604,102.32558139534883,0.0,4.672897196261682,0.0,28.037383177570092,336.53846153846155
2ae19629-1efd-13a3-e055-000000000001,DRINAGH,96.35416666666667,5.208333333333333,0.0,10.416666666666666,18.229166666666668,706.1855670103093,149.48453608247422,0.0,0.0,0.0,96.35416666666667,445.0402144772118
2ae19629-1f00-13a3-e055-000000000001,DROMDALEAGUE NORTH,180.2721088435374,6.802721088435374,0.0,34.013605442176875,23.809523809523807,670.03367003367,134.68013468013467,0.0,0.0,0.0,159.8639455782313,331.0344827586207
2ae19629-1f05-13a3-e055-000000000001,BLACKPOOL,29.945553539019965,7.259528130671506,0.0,10.88929219600726,18.148820326678766,856.75430643699,81.59564823209429,0.9074410163339383,0.0,2.722323049001815,32.66787658802178,519.4805194805194
2ae19629-1f06-13a3-e055-000000000001,BLARNEY,31.203566121842496,2.9717682020802374,0.0,22.288261515601782,46.062407132243685,859.4436310395315,86.38360175695462,20.802377414561665,5.943536404160475,4.457652303120357,57.949479940564636,515.2905198776758
2ae19629-1f16-13a3-e055-000000000001,DUNMANWAY NORTH,62.698412698412696,29.365079365079364,0.0,47.61904761904761,27.777777777777775,659.8101265822785,113.92405063291139,0.7936507936507936,5.555555555555555,3.1746031746031744,104.76190476190476,374.6938775510204
2ae19629-2225-13a3-e055-000000000001,DUAGH,67.1785028790787,1.9193857965451055,0.0,7.677543186180422,23.032629558541267,904.0307101727448,46.06525911708253,0.0,3.838771593090211,11.516314779270633,26.871401151631478,466.53543307086613
2ae19629-222f-13a3-e055-000000000001,DUNQUIN,67.6328502415459,0.0,4.830917874396135,19.32367149758454,38.64734299516908,712.9186602870813,210.52631578947367,0.0,0.0,0.0,48.309178743961354,848.0392156862745
2ae19629-2234-13a3-e055-000000000001,GLANBEHY,107.28910728910729,0.819000819000819,0.0,40.95004095004095,72.07207207207207,779.3538219070134,95.35066981875492,0.0,4.914004914004914,4.095004095004095,126.12612612612611,393.93939393939394
2ae19629-2236-13a3-e055-000000000001,LAHARD,67.84260515603799,5.427408412483039,0.0,20.3527815468114,25.780189959294436,831.3090418353576,83.67071524966262,0.0,5.427408412483039,2.7137042062415193,50.203527815468114,502.0632737276479
2ae19629-223a-13a3-e055-000000000001,VENTRY,77.4818401937046,0.0,0.0,55.69007263922518,48.426150121065376,696.6824644549763,187.2037914691943,0.0,0.0,2.4213075060532687,104.11622276029055,708.433734939759
2ae19629-2245-13a3-e055-000000000001,LISLAUGHTIN,108.25688073394495,3.669724770642202,0.0,1.834862385321101,16.51376146788991,903.9855072463769,54.34782608695652,0.0,0.0,3.669724770642202,36.69724770642202,430.97014925373134
2ae19629-2247-13a3-e055-000000000001,LISTOWEL RURAL,81.80708180708181,23.809523809523807,0.6105006105006106,19.536019536019538,18.925518925518926,853.6880290205562,79.20193470374849,4.273504273504274,1.221001221001221,1.221001221001221,75.0915750915751,437.85134291068084
2ae19629-2250-13a3-e055-000000000001,GULLANE,68.84057971014492,3.6231884057971016,0.0,3.6231884057971016,39.85507246376811,823.7410071942446,71.94244604316546,0.0,0.0,3.6231884057971016,43.47826086956522,358.2089552238806
2ae19629-2253-13a3-e055-000000000001,LIXNAW,90.98939929328621,29.151943462897524,3.5335689045936394,16.78445229681979,29.151943462897524,805.9964726631393,102.29276895943562,1.7667844522968197,15.017667844522967,5.30035335689046,86.57243816254417,405.6776556776557
2ae19629-2259-13a3-e055-000000000001,BALLYSHANNON,58.66076369673492,1.6602102933038185,0.5534034311012728,19.92252351964582,31.54399557277255,746.8284611141754,154.44015444015443,2.213613724405091,8.301051466519093,4.427227448810182,56.44714997232983,440.22662889518415
2ae19629-225b-13a3-e055-000000000001,NAAS URBAN,43.45828387640234,38.59555079067274,14.090439177547191,46.44484435425202,102.50028716927672,671.74789021516,163.65087812666312,3.407742083700272,54.56216257609986,17.2301566029789,140.40663169583033,417.87305122494433
2ae19629-225c-13a3-e055-000000000001,NARRAGHMORE,47.45370370370371,3.472222222222222,0.0,10.416666666666666,23.148148148148145,767.0126874279123,139.5617070357555,17.36111111111111,8.101851851851851,0.0,34.72222222222222,431.62901307966706
2ae19629-225d-13a3-e055-000000000001,HEADFORT,51.010587102983635,51.010587102983635,0.0,20.211742059672762,42.34841193455245,830.945558739255,77.36389684813753,0.0,13.474494706448507,10.587102983638113,128.9701636188643,415.8316633266533
2ae19629-2262-13a3-e055-000000000001,MAUM,98.11320754716982,7.547169811320755,0.0,33.9622641509434,26.41509433962264,864.1509433962265,98.11320754716982,0.0,0.0,0.0,86.79245283018868,270.27027027027026
2ae19629-226a-13a3-e055-000000000001,OLDCONNELL,55.82290664100096,6.737247353224253,0.0,16.361886429258902,32.723772858517805,758.3892617449665,96.83604985618409,21.174205967276226,8.662175168431183,1.9249278152069298,47.16073147256978,352.47524752475243
2ae19629-226b-13a3-e055-000000000001,OUGHTERARD,53.89221556886228,7.18562874251497,2.395209580838323,14.37125748502994,29.940119760479043,800.2364066193853,107.56501182033097,0.0,14.37125748502994,1.1976047904191616,46.706586826347305,470.30303030303025
2ae19629-1f1a-13a3-e055-000000000001,BRINNY,27.149321266968325,7.541478129713424,0.0,6.033182503770739,30.165912518853695,788.2882882882883,84.0840840840841,0.0,3.0165912518853695,0.0,48.26546003016591,479.06976744186045
2ae19629-1f1b-13a3-e055-000000000001,BUTLERSTOWN,51.918735891647856,0.0,0.0,9.029345372460496,24.830699774266364,836.2445414847161,106.98689956331877,0.0,9.029345372460496,2.257336343115124,40.63205417607223,502.26244343891403
2ae19629-1f21-13a3-e055-000000000001,BALLINSPITTLE,89.77900552486189,11.049723756906078,1.3812154696132597,17.955801104972377,44.19889502762431,708.3906464924347,200.82530949105916,0.0,9.668508287292818,4.143646408839778,93.92265193370166,418.5714285714286
2ae19629-1f23-13a3-e055-000000000001,BALLYARTHUR,55.55555555555555,9.25925925925926,0.0,0.0,6.172839506172839,880.0,58.46153846153846,0.0,0.0,0.0,24.691358024691358,438.48580441640377
2ae19629-1f27-13a3-e055-000000000001,CLONMOYLE,34.82587064676617,4.975124378109452,3.316749585406302,14.925373134328359,39.80099502487562,807.5657894736842,123.35526315789473,3.316749585406302,21.558872305140962,0.0,48.09286898839138,501.7182130584192
2ae19629-1f2e-13a3-e055-000000000001,CAHERDUGGAN,45.59748427672956,12.578616352201259,7.861635220125786,15.723270440251572,15.723270440251572,830.7453416149069,88.50931677018633,0.0,12.578616352201259,6.289308176100629,66.0377358490566,438.51132686084145
2ae19629-1f30-13a3-e055-000000000001,CAHERMORE,94.76309226932668,2.493765586034913,0.0,34.912718204488776,27.43142144638404,748.7684729064039,128.07881773399015,0.0,9.975062344139651,0.0,109.72568578553616,386.59793814432993
2ae19629-1f31-13a3-e055-000000000001,CLONPRIEST,53.49794238683128,18.10699588477366,2.4691358024691357,23.045267489711936,28.80658436213992,777.1474878444085,103.72771474878444,4.11522633744856,9.05349794238683,2.4691358024691357,65.02057613168724,411.21495327102804
2ae19629-2251-13a3-e055-000000000001,GUNSBOROUGH,100.54347826086956,10.869565217391305,0.0,8.152173913043478,2.717391304347826,869.9186991869918,65.04065040650407,0.0,0.0,0.0,46.19565217391304,473.6842105263158
2ae19629-225f-13a3-e055-000000000001,KENMARE,92.17545939537641,60.16597510373444,8.595139300533493,88.61885002963841,58.98043864848844,663.6363636363637,192.89772727272728,1.4819205690574984,16.301126259632486,14.522821576763485,228.80853586247775,390.01468428781203
2ae19629-2260-13a3-e055-000000000001,KERRYHEAD,83.60128617363344,11.254019292604502,0.0,9.64630225080386,17.684887459807076,886.2179487179487,75.32051282051282,0.0,1.607717041800643,0.0,54.662379421221864,435.1395730706076
2ae19629-2263-13a3-e055-000000000001,MILLBROOK,34.97942386831276,10.2880658436214,0.0,10.2880658436214,8.23045267489712,889.1170431211499,45.17453798767968,0.0,0.0,0.0,37.03703703703704,367.741935483871
2ae19629-226c-13a3-e055-000000000001,KILBONANE,86.4,1.6,0.0,30.4,27.2,830.6962025316456,98.10126582278481,0.0,9.6,3.2,73.6,436.68831168831167
2ae19629-226e-13a3-e055-000000000001,KILFEIGHNY,81.4663951120163,2.0366598778004072,1.0183299389002036,12.219959266802444,12.219959266802444,865.055387713998,80.56394763343404,1.0183299389002036,4.0733197556008145,2.0366598778004072,49.89816700610998,408.0338266384778
2ae19629-2278-13a3-e055-000000000001,RATHANGAN,41.51915030576119,28.001287415513357,1.287415513356936,30.254264563887993,51.1747666559382,728.6995515695068,130.04484304932734,0.643707756678468,19.633086578693273,26.070164145477953,89.15352429996781,357.40554998328315
2ae19629-2281-13a3-e055-000000000001,CARRICK,42.9042904290429,6.600660066006601,0.0,26.402640264026402,6.600660066006601,763.1578947368422,118.42105263157895,0.0,0.0,3.3003300330033003,39.603960396039604,458.90410958904107
2ae19629-226f-13a3-e055-000000000001,KILFELIM,51.724137931034484,0.0,0.0,21.551724137931036,0.0,877.1186440677966,101.6949152542373,0.0,0.0,0.0,51.724137931034484,513.1578947368422
2ae19629-2277-13a3-e055-000000000001,QUINSBOROUGH,54.21686746987952,18.072289156626507,0.0,0.0,24.096385542168676,740.9638554216867,120.48192771084338,0.0,0.0,6.024096385542169,30.120481927710845,413.58024691358025
2ae19629-227b-13a3-e055-000000000001,KILGARRYLANDER,117.73255813953489,4.3604651162790695,1.4534883720930232,10.174418604651164,30.523255813953487,864.5533141210374,97.98270893371757,1.4534883720930232,4.3604651162790695,2.9069767441860463,78.48837209302326,406.9069069069069
2ae19629-227c-13a3-e055-000000000001,KILGARVAN,106.68380462724936,20.56555269922879,0.0,38.56041131105398,28.27763496143959,774.1116751269036,121.8274111675127,0.0,10.282776349614394,0.0,106.68380462724936,382.58575197889184
2ae19629-227e-13a3-e055-000000000001,MOYNSHA,95.52845528455285,6.097560975609756,0.0,20.32520325203252,10.16260162601626,888.4381338742393,64.90872210953347,0.0,4.065040650406504,2.032520325203252,73.17073170731707,484.40748440748445
2ae19629-2280-13a3-e055-000000000001,CARRAGH,45.94594594594595,10.27027027027027,10.81081081081081,19.45945945945946,16.216216216216218,800.9708737864078,117.58360302049623,2.1621621621621623,17.83783783783784,0.5405405405405406,49.729729729729726,486.4416159380188
2ae19629-2283-13a3-e055-000000000001,ROBERTSTOWN,36.402569593147746,11.13490364025696,1.7130620985010705,32.97644539614561,35.974304068522486,775.1706484641638,96.41638225255973,0.4282655246252676,10.70663811563169,14.132762312633831,68.52248394004283,317.7153056671129
2ae19629-2285-13a3-e055-000000000001,KILGOBBAN,103.44827586206897,13.793103448275861,0.0,13.793103448275861,55.172413793103445,723.9057239057239,164.98316498316498,0.0,0.0,0.0,96.55172413793103,469.38775510204084
2ae19629-2282-13a3-e055-000000000001,RATHMORE,59.12596401028278,3.4275921165381322,0.0,10.282776349614394,25.70694087403599,755.7446808510638,185.53191489361703,0.8568980291345331,5.141388174807197,0.0,36.846615252784915,486.9109947643979
2ae19629-2286-13a3-e055-000000000001,KILGOBNET,97.73662551440329,2.05761316872428,0.0,16.46090534979424,26.74897119341564,838.4146341463414,105.69105691056912,6.172839506172839,4.11522633744856,0.0,83.33333333333333,429.3248945147679
2ae19629-2288-13a3-e055-000000000001,KILLARNEY RURAL,47.91723386877212,35.121154369725026,1.7696705690171524,48.73400490062619,61.80234141029131,709.8901098901099,124.62831286360698,37.1630819493602,27.497958072420364,5.8535257282875035,112.03375986931663,404.7143427886536
2ae19629-2289-13a3-e055-000000000001,MUCKROSS,44.38642297650131,53.52480417754569,0.0,67.88511749347259,26.10966057441253,702.61066969353,140.74914869466514,0.0,9.138381201044387,1.3054830287206267,146.2140992167102,441.6961130742049
2ae19629-228b-13a3-e055-000000000001,NOHAVAL,82.47422680412372,2.577319587628866,0.0,5.154639175257732,36.08247422680412,810.7416879795396,117.6470588235294,0.0,5.154639175257732,0.0,48.96907216494845,481.0810810810811
2ae19629-228c-13a3-e055-000000000001,CARRIGEEN,59.2823712948518,3.1201248049921997,0.0,20.2808112324493,32.7613104524181,774.8447204968944,96.27329192546584,0.0,6.240249609984399,7.800312012480499,48.361934477379094,435.6913183279743
2ae19629-228e-13a3-e055-000000000001,CELBRIDGE,48.046727798015326,18.52782313779676,14.382615249340535,54.32734581082779,61.80128124607461,648.0144404332129,206.08738951823727,3.328727546790604,38.31176987815601,17.27169953523427,107.58698655947745,405.5534080659709
2ae19629-2290-13a3-e055-000000000001,THOMASTOWN,53.807106598984774,3.045685279187817,1.0152284263959392,12.182741116751268,19.289340101522843,772.7272727272727,121.21212121212122,0.0,2.0304568527918785,0.0,42.639593908629436,430.20833333333337
2ae19629-2297-13a3-e055-000000000001,PORTMAGEE,90.65934065934066,8.241758241758243,0.0,35.714285714285715,21.978021978021978,841.0958904109589,60.273972602739725,0.0,0.0,0.0,79.67032967032966,369.01408450704224
2ae19629-22b4-13a3-e055-000000000001,BALLINCREA,57.47126436781609,8.620689655172413,0.0,17.241379310344826,11.494252873563218,790.2298850574713,106.32183908045977,0.0,0.0,0.0,77.58620689655173,464.07185628742513
2ae19629-22b8-13a3-e055-000000000001,KILQUANE,75.24271844660194,0.0,2.4271844660194173,16.990291262135923,21.844660194174757,755.9241706161138,194.3127962085308,0.0,7.281553398058253,0.0,53.398058252427184,874.0740740740741
2ae19629-22bd-13a3-e055-000000000001,STRADBALLY,123.93162393162393,0.0,0.0,21.367521367521366,25.64102564102564,684.8739495798319,226.890756302521,0.0,4.273504273504274,0.0,106.83760683760683,562.7705627705628
2ae19629-22c0-13a3-e055-000000000001,DUNFIERTH,31.32832080200501,8.771929824561402,0.0,16.290726817042607,30.075187969924812,810.9452736318408,115.67164179104478,0.0,3.7593984962406015,1.2531328320802004,32.581453634085214,404.91591203104787
2ae19629-22c5-13a3-e055-000000000001,BALLYCONRA,42.19409282700422,0.0,0.0,8.438818565400844,0.0,891.213389121339,92.05020920502092,21.09704641350211,0.0,0.0,8.438818565400844,424.24242424242425
2ae19629-22c6-13a3-e055-000000000001,BALLYHALE,56.20608899297424,2.34192037470726,0.0,18.73536299765808,28.10304449648712,813.0841121495326,109.81308411214953,0.0,28.10304449648712,0.0,39.81264637002342,419.9029126213592
2ae19629-22c7-13a3-e055-000000000001,CURRAGHBEG,87.2093023255814,5.813953488372093,0.0,40.697674418604656,23.25581395348837,807.4866310160428,128.3422459893048,0.0,0.0,0.0,63.95348837209303,306.0109289617486
2ae19629-20bd-13a3-e055-000000000001,CALTRA,77.12765957446808,2.6595744680851063,0.0,18.617021276595743,23.93617021276596,868.421052631579,78.94736842105263,0.0,5.319148936170213,0.0,69.14893617021276,540.7608695652174
2ae19629-20c0-13a3-e055-000000000001,CAPPARD,137.9310344827586,0.0,0.0,0.0,17.241379310344826,768.595041322314,140.49586776859505,0.0,0.0,8.620689655172413,86.20689655172414,330.50847457627117
2ae19629-20c2-13a3-e055-000000000001,CROSS ROADS,169.03478686918177,3.9196472317491424,9.309162175404213,9.799118079372857,18.128368446839783,811.6851762433607,61.80589087397392,0.0,15.67858892699657,0.0,46.055854973052426,642.1836228287841
2ae19629-20c8-13a3-e055-000000000001,TANTALLON,101.89982728842833,15.544041450777202,0.0,8.635578583765112,24.179620034542317,741.5472779369627,87.10601719197709,3.454231433506045,4.029936672423719,2.8785261945883707,50.662061024755324,362.66349583828776
2ae19629-20cd-13a3-e055-000000000001,CARROWNAGUR,52.23880597014925,0.0,0.0,7.462686567164179,12.437810945273633,869.1358024691358,88.88888888888889,4.975124378109452,0.0,0.0,19.90049751243781,410.0
2ae19629-20cf-13a3-e055-000000000001,CULDAFF,181.00890207715133,0.0,0.0,11.869436201780417,16.81503461918892,803.3106134371957,66.21226874391431,0.0,5.934718100890208,0.0,56.37982195845697,253.82262996941895
2ae19629-20d2-13a3-e055-000000000001,KINCRAIGY,112.18568665377177,0.0,0.0,0.9671179883945842,8.704061895551257,574.3243243243244,40.54054054054054,0.9671179883945842,1.9342359767891684,5.802707930367505,12.572533849129593,291.12662013958123
2ae19629-20d4-13a3-e055-000000000001,TEMPLEDOUGLAS,95.9409594095941,3.6900369003690034,0.0,8.302583025830259,29.520295202952028,781.4508723599632,47.750229568411385,0.0,2.7675276752767526,2.7675276752767526,42.435424354243544,408.04597701149424
2ae19629-20d7-13a3-e055-000000000001,CASTLEBLAKENEY,58.50091407678245,0.0,0.0,5.484460694698354,21.937842778793417,854.8094373865699,74.41016333938293,14.625228519195613,5.484460694698354,0.0,21.937842778793417,461.8249534450652
2ae19629-20ee-13a3-e055-000000000001,TULLYNAUGHT,114.90683229813664,1.5527950310559004,0.0,7.763975155279503,20.18633540372671,540.3348554033486,111.1111111111111,0.0,4.658385093167702,1.5527950310559004,48.13664596273292,365.9305993690852
2ae19629-20f0-13a3-e055-000000000001,URNEY WEST,288.43106180665615,0.0,0.0,0.0,4.754358161648177,870.3125,32.8125,0.0,3.1695721077654517,0.0,26.94136291600634,248.3766233766234
2ae19629-20f3-13a3-e055-000000000001,CLARINBRIDGE,74.82993197278911,18.950437317784257,3.6443148688046647,34.7424684159378,48.8338192419825,770.9389331402365,149.8913830557567,0.9718172983479105,9.23226433430515,7.774538386783284,97.667638483965,533.31650681474
2ae19629-2104-13a3-e055-000000000001,CLONBROCK,49.668874172185426,0.0,0.0,1.6556291390728477,11.589403973509935,871.2871287128713,84.15841584158416,1.6556291390728477,4.966887417218543,0.0,18.211920529801326,485.37005163511185
2ae19629-2107-13a3-e055-000000000001,BUNDORAN URBAN,161.9234543670265,32.87536800785083,3.434739941118744,33.366045142296365,121.1972522080471,655.367231638418,159.1337099811676,4.416094210009814,24.043179587831208,7.360157016683023,175.17173699705594,306.71859785783835
2ae19629-2108-13a3-e055-000000000001,WILLIAMSTOWN,45.81673306772908,47.808764940239044,0.0,3.9840637450199203,11.952191235059761,880.952380952381,81.34920634920636,0.0,0.0,1.9920318725099602,75.69721115537848,397.54098360655735
2ae19629-2109-13a3-e055-000000000001,KINNEIGH,42.98642533936651,0.0,0.0,9.04977375565611,20.361990950226247,805.4298642533937,83.710407239819,4.524886877828055,2.2624434389140275,0.0,47.511312217194565,453.2710280373832
2ae19629-210c-13a3-e055-000000000001,MURRAGH,27.726432532347506,7.393715341959335,0.0,7.393715341959335,11.090573012939002,848.4288354898337,72.0887245841035,0.0,1.8484288354898337,0.0,35.12014787430684,528.6259541984732
2ae19629-211c-13a3-e055-000000000001,TULLAGH,136.64596273291926,9.937888198757765,1.2422360248447206,67.0807453416149,45.962732919254655,630.2521008403361,260.5042016806723,0.0,6.211180124223602,0.0,180.12422360248448,443.3617539585871
2ae19629-211d-13a3-e055-000000000001,TULLYLEASE,14.634146341463415,2.4390243902439024,0.0,4.878048780487805,17.073170731707318,890.7766990291262,50.970873786407765,0.0,0.0,0.0,24.390243902439025,423.8578680203046
2ae19629-211e-13a3-e055-000000000001,KANTURK,43.343653250774,66.34232640424591,1.7691287041132244,43.7859354268023,47.32419283502875,781.8102317446436,81.32925229558373,3.9805395842547546,17.691287041132245,17.249004865103934,134.01149933657675,350.0
2ae19629-2127-13a3-e055-000000000001,KILBERRIHERT,60.0,16.25,3.75,25.0,22.5,843.6724565756823,102.97766749379653,0.0,8.75,3.75,92.5,410.76115485564304
2ae19629-212b-13a3-e055-000000000001,KNOCKRAHA,29.545454545454543,12.5,3.977272727272727,15.909090909090908,38.06818181818182,819.4680249009621,114.3180531975099,0.0,11.931818181818182,12.5,49.43181818181818,509.5011876484561
2ae19629-213e-13a3-e055-000000000001,KILCATHERINE,103.1331592689295,0.0,0.0,54.83028720626632,31.331592689295036,778.2051282051282,175.64102564102564,1.3054830287206267,1.3054830287206267,0.0,120.10443864229765,476.882430647292
2ae19629-2141-13a3-e055-000000000001,KILCORNEY,69.27710843373494,6.024096385542169,0.0,30.120481927710845,18.072289156626507,876.8768768768768,66.06606606606606,27.10843373493976,0.0,3.0120481927710845,84.33734939759036,399.38080495356036
2ae19629-214c-13a3-e055-000000000001,BALLINLOUGH B,47.23127035830619,2.1715526601520088,1.0857763300760044,27.14440825190011,28.23018458197611,706.9616837560712,210.46950890447923,0.0,5.971769815418024,5.971769815418024,44.51682953311618,538.8051367950866
2ae19629-2152-13a3-e055-000000000001,LEIGHMONEY,70.71960297766749,4.962779156327543,0.0,18.610421836228287,42.183622828784124,710.0737100737101,140.04914004914005,0.0,1.2406947890818858,1.2406947890818858,75.68238213399505,486.0759493670886
2ae19629-2153-13a3-e055-000000000001,LEITRIM,28.871391076115486,0.0,0.0,23.62204724409449,18.37270341207349,813.6482939632546,125.98425196850394,0.0,0.0,0.0,49.86876640419948,617.4863387978143
2ae19629-2162-13a3-e055-000000000001,CHURCHFIELD,22.07792207792208,14.285714285714285,1.2987012987012987,19.48051948051948,26.623376623376622,686.9734283862605,92.02851587815942,9.09090909090909,20.77922077922078,8.44155844155844,42.20779220779221,219.8019801980198
2ae19629-2163-13a3-e055-000000000001,CITY HALL A,50.173010380622834,22.49134948096886,25.951557093425603,160.89965397923874,163.4948096885813,370.77702702702703,385.13513513513516,2.5951557093425603,64.87889273356402,12.110726643598616,245.67474048442907,272.4913494809689
2ae19629-216f-13a3-e055-000000000001,ROSSMORE,127.42382271468145,11.0803324099723,0.0,19.39058171745152,13.850415512465373,629.7297297297297,259.4594594594595,0.0,2.770083102493075,0.0,127.42382271468145,469.2737430167598
2ae19629-2173-13a3-e055-000000000001,FAIR HILL C,31.4410480349345,11.353711790393014,2.6200873362445414,16.302765647743815,17.46724890829694,823.3071781458879,70.03777971519908,13.682678311499274,9.315866084425037,2.6200873362445414,30.567685589519648,296.7032967032967
2ae19629-2175-13a3-e055-000000000001,FARRANFERRIS B,15.64245810055866,21.229050279329606,0.0,20.11173184357542,8.938547486033519,767.5977653631285,68.15642458100558,10.05586592178771,3.35195530726257,1.1173184357541899,46.927374301675975,258.36216839677047
2ae19629-2177-13a3-e055-000000000001,GURRANEBRAHER D,19.543973941368076,13.029315960912053,5.4288816503800215,41.25950054288816,42.34527687296417,769.2307692307693,107.25893824485374,0.0,28.23018458197611,4.3431053203040175,61.88925081433225,302.3255813953488
2ae19629-217a-13a3-e055-000000000001,GILLABBEY C,50.76923076923077,13.333333333333334,46.15384615384615,55.8974358974359,174.8717948717949,478.7334593572779,308.60113421550096,0.0,126.15384615384615,17.94871794871795,90.76923076923077,431.23209169054445
2ae19629-217b-13a3-e055-000000000001,GLASHEEN A,59.74025974025974,10.38961038961039,45.45454545454545,33.76623376623376,125.97402597402596,559.7484276729559,216.35220125786165,0.0,106.49350649350649,10.38961038961039,77.92207792207792,380.2083333333333
2ae19629-2181-13a3-e055-000000000001,GURRANEBRAHER C,29.143897996357012,34.60837887067395,24.59016393442623,134.79052823315118,116.57559198542805,555.858310626703,170.75386012715714,5.46448087431694,68.30601092896175,25.500910746812387,155.7377049180328,189.1891891891892
2ae19629-2184-13a3-e055-000000000001,KNOCKREA A,62.10790464240903,32.622333751568384,13.801756587202007,59.59849435382685,81.55583437892096,589.5846249225046,252.3248605083695,0.6273525721455457,33.249686323713924,16.311166875784192,139.27227101631118,463.82428940568474
2ae19629-2185-13a3-e055-000000000001,KILFAUGHNABEG,106.73234811165845,14.778325123152708,0.0,34.48275862068965,34.48275862068965,669.9186991869918,195.1219512195122,1.6420361247947455,4.926108374384237,0.0,118.22660098522167,412.45791245791247
2ae19629-2196-13a3-e055-000000000001,SHANAKIEL,36.28177966101695,19.597457627118644,14.30084745762712,52.96610169491525,55.349576271186436,635.6466876971609,174.81598317560463,16.684322033898304,43.96186440677966,8.474576271186441,89.24788135593221,319.8917456021651
2ae19629-21a0-13a3-e055-000000000001,MARSHALSTOWN,58.394160583941606,4.866180048661801,0.0,12.165450121654501,12.165450121654501,873.7864077669902,97.08737864077669,19.464720194647203,2.4330900243309004,0.0,48.661800486618006,554.1561712846348
2ae19629-21a8-13a3-e055-000000000001,St. PATRICK'S C,47.3568281938326,28.634361233480178,13.215859030837004,84.80176211453745,122.2466960352423,393.47826086956525,329.3478260869565,8.81057268722467,31.938325991189426,23.127753303964756,138.76651982378854,334.4519015659955
2ae19629-21af-13a3-e055-000000000001,TIVOLI B,32.75027912169706,21.95757350204689,7.44324525493115,30.517305545217717,36.84406401190919,762.6244010320679,134.16881680796166,1.8608113137327875,23.81838481577968,12.653516933382955,75.92110160029773,387.14555765595463
2ae19629-21b0-13a3-e055-000000000001,TOGHER A,29.72856527358897,21.11158983196898,5.601034037052995,9.90952175786299,58.59543300301594,737.5215146299485,94.23407917383821,0.4308487720809996,28.005170185264973,17.23395088323998,55.579491598448946,315.2557319223986
2ae19629-21b7-13a3-e055-000000000001,TURNER'S CROSS C,34.57446808510638,17.28723404255319,3.9893617021276593,31.914893617021274,33.244680851063826,670.1986754966888,251.65562913907286,0.0,9.308510638297872,23.93617021276596,74.46808510638297,407.4585635359116
2ae19629-21be-13a3-e055-000000000001,SKIBBEREEN URBAN,85.62992125984252,39.041994750656166,16.076115485564305,104.00262467191601,46.58792650918635,600.8499509643674,206.60346518470087,11.15485564304462,35.43307086614173,5.57742782152231,218.50393700787401,379.8109385550304
2ae19629-21c3-13a3-e055-000000000001,ARAN,244.6351931330472,0.0,0.0,6.437768240343348,49.35622317596567,841.0041841004185,66.94560669456067,0.0,2.1459227467811157,2.1459227467811157,57.93991416309013,789.0295358649789
2ae19629-21cf-13a3-e055-000000000001,BALLINTRA,120.10443864229765,6.5274151436031325,0.0,16.971279373368148,22.193211488250654,611.3989637305699,75.12953367875647,0.0,6.5274151436031325,0.0,37.85900783289817,341.9618528610354
2ae19629-21d6-13a3-e055-000000000001,MILFORD,42.0899854862119,5.805515239477503,0.0,7.256894049346879,11.611030478955007,890.1734104046243,57.80346820809248,0.0,0.0,0.0,15.965166908563134,450.45045045045043
2ae19629-1fa8-13a3-e055-000000000001,COORACLARE,43.56435643564356,9.900990099009901,0.0,13.861386138613861,25.74257425742574,892.9961089494163,46.69260700389105,0.0,1.9801980198019802,0.0,45.54455445544554,542.0
2ae19629-1fab-13a3-e055-000000000001,KILLALOE,88.7809187279152,11.925795053003533,11.925795053003533,23.40989399293286,40.63604240282685,729.5652173913043,174.3478260869565,1.325088339222615,21.20141342756184,3.0918727915194344,87.01413427561837,403.31987438313143
2ae19629-1fb0-13a3-e055-000000000001,WATERLOO,38.659793814432994,2.577319587628866,0.0,20.61855670103093,14.175257731958762,870.5128205128206,53.84615384615385,0.0,1.288659793814433,0.0,48.96907216494845,366.62286465177397
2ae19629-1fb8-13a3-e055-000000000001,MOUNTSHANNON,66.3716814159292,4.424778761061947,0.0,75.2212389380531,50.88495575221239,596.1123110151187,263.49892008639307,0.0,0.0,0.0,139.38053097345133,427.92792792792795
2ae19629-1fcc-13a3-e055-000000000001,KILLOKENNEDY,69.62025316455696,0.0,0.0,6.329113924050633,12.658227848101266,810.126582278481,120.25316455696203,0.0,0.0,0.0,50.63291139240506,529.4117647058823
2ae19629-1fd2-13a3-e055-000000000001,DOONBEG,71.15135834411385,32.341526520051744,3.8809831824062098,43.98447606727038,21.99223803363519,768.3544303797469,94.9367088607595,0.0,6.468305304010349,1.29366106080207,106.08020698576972,434.72584856396867
2ae19629-1fd5-13a3-e055-000000000001,KILLURAN,45.146726862302486,0.0,0.0,9.029345372460496,42.88939051918736,808.5585585585585,105.85585585585585,0.0,22.573363431151243,0.0,42.88939051918736,516.5094339622641
2ae19629-1fd6-13a3-e055-000000000001,NEWGROVE,114.28571428571428,0.0,0.0,21.428571428571427,28.57142857142857,786.4768683274021,156.58362989323842,0.0,0.0,7.142857142857142,103.57142857142858,489.1304347826087
2ae19629-21dc-13a3-e055-000000000001,BALLYSHANNON URBAN,120.75029308323563,9.964830011723329,6.447831184056272,29.894490035169987,28.13599062133646,798.1330221703618,107.3512252042007,2.3446658851113713,16.998827667057444,5.861664712778429,65.65064478311841,318.5893604303646
2ae19629-21dd-13a3-e055-000000000001,KILMONOGE,67.36526946107784,5.239520958083832,0.7485029940119761,25.449101796407184,47.90419161676647,681.376215407629,185.48990276738968,0.0,20.958083832335326,2.245508982035928,62.12574850299401,467.28252501924555
2ae19629-21de-13a3-e055-000000000001,KILMOYLERANE,41.54302670623145,0.0,0.0,5.934718100890208,23.738872403560833,687.3156342182891,132.7433628318584,0.0,2.967359050445104,0.0,32.640949554896146,506.17283950617286
2ae19629-21e2-13a3-e055-000000000001,MOGEELY,38.70967741935484,36.12903225806452,7.741935483870968,18.06451612903226,25.806451612903224,816.9014084507043,110.11523687580026,0.0,19.35483870967742,1.2903225806451613,86.45161290322581,461.2299465240642
2ae19629-21e5-13a3-e055-000000000001,BALLYSHANNON RURAL,132.63525305410124,11.052937754508436,0.0,11.634671320535194,19.77894124490983,781.9332566168009,109.3210586881473,13.961605584642234,1.7452006980802792,0.0,41.88481675392671,431.791221826809
2ae19629-21e9-13a3-e055-000000000001,KILPHELAN,36.36363636363636,7.2727272727272725,0.0,12.727272727272728,16.363636363636363,881.508078994614,53.85996409335727,10.90909090909091,1.8181818181818181,3.6363636363636362,38.18181818181819,489.6030245746692
2ae19629-21f9-13a3-e055-000000000001,TARBERT,87.07482993197279,8.16326530612245,0.0,5.442176870748299,32.6530612244898,800.5284015852047,95.112285336856,0.0,13.605442176870747,0.0,43.53741496598639,424.1192411924119
2ae19629-21ff-13a3-e055-000000000001,BALLYVOOL,51.64319248826291,9.389671361502348,0.0,18.779342723004696,9.389671361502348,850.6787330316741,81.44796380090499,0.0,0.0,4.694835680751174,56.33802816901409,364.9289099526066
2ae19629-1fd9-13a3-e055-000000000001,BALLYNAHINCH,71.42857142857143,0.0,0.0,3.968253968253968,19.841269841269842,630.952380952381,142.85714285714286,0.0,0.0,0.0,55.55555555555555,379.0322580645161
2ae19629-1fe6-13a3-e055-000000000001,DRUMLINE,52.338530066815146,7.795100222717149,2.2271714922048997,16.70378619153675,54.56570155902005,793.1404072883173,129.68917470525187,8.908685968819599,11.135857461024498,10.02227171492205,61.24721603563474,501.1086474501109
2ae19629-1ffe-13a3-e055-000000000001,KILSHANNY,60.60606060606061,0.0,0.0,15.151515151515152,30.303030303030305,698.5294117647059,242.64705882352942,0.0,7.575757575757576,0.0,60.60606060606061,417.910447761194
2ae19629-2002-13a3-e055-000000000001,RUAN,70.86614173228347,3.937007874015748,0.0,10.498687664041995,30.183727034120736,823.9895697522817,84.7457627118644,3.937007874015748,3.937007874015748,2.6246719160104988,62.99212598425197,470.5093833780161
2ae19629-2004-13a3-e055-000000000001,CASTLECRINE,64.77732793522267,10.121457489878543,0.0,10.121457489878543,12.145748987854251,793.939393939394,131.31313131313132,2.0242914979757085,0.0,2.0242914979757085,70.8502024291498,491.66666666666663
2ae19629-2006-13a3-e055-000000000001,CLAREABBEY,45.37719795802609,33.7492909812819,5.955757231990924,20.13613159387408,39.137833238797505,819.5425021180458,107.87913018921208,39.70504821327283,19.28530913216109,7.37379466817924,86.7838910947249,461.1764705882353
2ae19629-2009-13a3-e055-000000000001,KILTANNON,71.77033492822966,19.138755980861244,0.0,38.27751196172249,38.27751196172249,757.1428571428571,214.28571428571428,0.0,9.569377990430622,4.784688995215311,105.26315789473684,485.1485148514851
2ae19629-200f-13a3-e055-000000000001,CLOGHAUN,116.40211640211639,0.0,0.0,52.910052910052904,42.32804232804233,631.8407960199005,283.5820895522388,0.0,0.0,5.291005291005291,126.98412698412697,426.3959390862944
2ae19629-2202-13a3-e055-000000000001,KILTALLAGH,72.33273056057867,28.933092224231462,1.8083182640144664,21.699819168173597,27.124773960217,729.3906810035843,86.0215053763441,0.0,3.6166365280289328,0.0,75.9493670886076,374.08759124087595
2ae19629-220a-13a3-e055-000000000001,KILKEA,45.13064133016627,7.125890736342043,7.125890736342043,14.251781472684087,49.8812351543943,730.1587301587301,129.2517006802721,0.0,11.876484560570072,0.0,57.00712589073635,369.7674418604651
2ae19629-220e-13a3-e055-000000000001,BROWNSFORD,20.27027027027027,0.0,0.0,0.0,13.513513513513514,891.8918918918919,101.35135135135135,0.0,0.0,0.0,13.513513513513514,500.0
2ae19629-2210-13a3-e055-000000000001,KNOCKGLASS,95.36784741144415,2.7247956403269753,5.449591280653951,21.798365122615802,43.596730245231605,793.4508816120906,110.83123425692695,2.7247956403269753,5.449591280653951,0.0,51.771117166212534,483.02872062663187
2ae19629-2214-13a3-e055-000000000001,KILL,45.41358803387998,19.102540998378085,5.045954225986664,27.57253559199856,39.10614525139665,747.8885893980234,151.3027852650494,1.8021265092809515,19.28275364930618,13.515948819607138,73.70697422959093,396.34260123157304
2ae19629-2217-13a3-e055-000000000001,KILMEAGE NORTH,41.867358280844755,19.2663949610967,3.3345683586513526,25.565024082993702,24.82400889218229,803.4724787587736,108.60731437015146,1.1115227862171175,13.33827343460541,7.03964431270841,73.73101148573545,347.2383159521051
2ae19629-221b-13a3-e055-000000000001,KNOCKNAGASHEL,90.41095890410959,2.73972602739726,0.0,8.21917808219178,19.178082191780824,882.6739427012278,69.57708049113234,2.73972602739726,1.36986301369863,2.73972602739726,65.75342465753424,393.60222531293465
2ae19629-221d-13a3-e055-000000000001,TEERANEARAGH,88.43537414965986,0.0,0.0,40.816326530612244,27.210884353741495,703.7037037037037,171.7171717171717,0.0,0.0,0.0,112.24489795918367,421.2328767123288
2ae19629-1f3e-13a3-e055-000000000001,CLOYNE,52.76595744680851,44.46808510638298,2.765957446808511,32.340425531914896,46.38297872340426,715.8562367864694,162.57928118393232,0.425531914893617,14.042553191489361,19.361702127659576,118.08510638297872,412.3284687431932
2ae19629-1f47-13a3-e055-000000000001,CARRIG,18.9873417721519,18.9873417721519,0.0,18.9873417721519,18.9873417721519,867.9245283018868,113.20754716981132,0.0,0.0,0.0,56.962025316455694,457.516339869281
2ae19629-1f48-13a3-e055-000000000001,CARRIGALINE,49.30904522613065,33.91959798994975,11.620603015075377,39.57286432160804,43.34170854271357,695.8281444582815,175.59153175591533,1.256281407035176,24.497487437185928,12.248743718592964,117.14824120603015,421.06990482441745
2ae19629-1f4b-13a3-e055-000000000001,COOLCLOGH,27.638190954773872,0.0,0.0,20.100502512562816,12.56281407035176,902.2556390977443,70.17543859649122,0.0,0.0,2.512562814070352,57.788944723618094,520.6185567010309
2ae19629-1f4d-13a3-e055-000000000001,GARROWN,110.03236245954692,3.236245954692557,0.0,32.362459546925564,25.889967637540455,572.347266881029,231.5112540192926,12.944983818770227,3.236245954692557,0.0,116.50485436893204,383.33333333333337
2ae19629-1f4e-13a3-e055-000000000001,GARRYVOE,46.30969609261939,1.447178002894356,1.447178002894356,20.260492040520983,24.602026049204053,822.6037195994278,118.74105865522175,0.0,0.0,2.894356005788712,54.99276410998553,485.07462686567163
2ae19629-1f53-13a3-e055-000000000001,COOLE,46.02510460251046,16.736401673640167,8.368200836820083,31.799163179916317,39.33054393305439,736.3636363636364,137.1900826446281,0.8368200836820083,15.899581589958158,11.715481171548118,92.88702928870293,447.9522184300341
2ae19629-1f5a-13a3-e055-000000000001,CARRIGNAVAR,35.68716780561883,10.630220197418375,1.5186028853454823,14.42672741078208,18.98253606681853,817.3584905660377,116.22641509433961,2.277904328018223,7.593014426727411,6.83371298405467,36.44646924829157,511.81102362204723
2ae19629-201a-13a3-e055-000000000001,GLENDREE,206.34920634920633,0.0,0.0,79.36507936507937,26.455026455026452,452.63157894736844,415.7894736842105,0.0,5.291005291005291,0.0,232.80423280423278,421.62162162162167
2ae19629-2035-13a3-e055-000000000001,ENNIS No. 3 URBAN,59.701492537313435,24.875621890547265,4.975124378109452,54.72636815920398,218.90547263681592,514.7058823529411,147.05882352941177,4.975124378109452,29.850746268656717,54.72636815920398,184.07960199004975,353.23383084577114
2ae19629-203f-13a3-e055-000000000001,AGHADOWN NORTH,141.4141414141414,6.7340067340067336,0.0,37.03703703703704,30.303030303030305,655.5183946488295,150.5016722408027,0.0,3.3670033670033668,0.0,148.14814814814815,348.27586206896547
2ae19629-2043-13a3-e055-000000000001,MAGHERABOY,115.40714704159343,0.5858230814294083,3.51493848857645,1.1716461628588166,11.130638547158757,762.6527050610821,53.5194880744619,22.847100175746927,7.0298769771529,0.5858230814294083,14.645577035735208,358.54675402025015
2ae19629-2045-13a3-e055-000000000001,MAGHERY,178.61975642760487,0.0,0.0,20.29769959404601,14.884979702300406,814.3236074270557,104.77453580901856,0.0,2.7063599458728014,1.3531799729364007,78.48443843031123,491.869918699187
2ae19629-2046-13a3-e055-000000000001,ADDERGOOLE,97.43589743589743,11.965811965811966,0.0,13.675213675213675,15.384615384615385,872.2316865417376,78.36456558773425,10.256410256410257,3.4188034188034186,0.0,61.53846153846154,455.3415061295972
2ae19629-204a-13a3-e055-000000000001,CLOONKEEN,36.827195467422094,5.6657223796034,0.0,19.8300283286119,2.8328611898017,872.5212464589234,56.657223796033996,0.0,0.0,0.0,22.6628895184136,513.4328358208955
2ae19629-2078-13a3-e055-000000000001,CASTLEFORWARD,290.94988780852657,3.7397157816005984,0.7479431563201197,11.967090501121914,15.706806282722512,773.2342007434945,83.27137546468401,1.4958863126402393,5.235602094240838,0.7479431563201197,41.88481675392671,258.4355828220859
2ae19629-2229-13a3-e055-000000000001,TUBRID,53.17919075144509,8.092485549132947,1.1560693641618498,4.624277456647399,32.36994219653179,859.7701149425287,82.75862068965517,0.0,0.0,0.0,40.46242774566474,357.396449704142
2ae19629-2233-13a3-e055-000000000001,FLESK,52.50596658711217,0.0,0.0,28.639618138424822,50.11933174224344,838.0281690140845,117.37089201877934,0.0,2.3866348448687353,0.0,50.11933174224344,502.38095238095235
2ae19629-2240-13a3-e055-000000000001,MAYNOOTH,55.84803256445048,24.58616010854817,25.128900949796474,65.29172320217096,95.5223880597015,585.9896417320732,224.03758876608467,3.9077340569877883,56.22795115332429,18.941655359565807,134.49118046132972,449.2254733218589
2ae19629-2243-13a3-e055-000000000001,GLINN,66.02162777461582,10.813887307911212,0.0,41.54809334092203,33.57996585088219,724.2524916943521,197.12070874861573,0.5691519635742743,0.0,0.5691519635742743,102.44735344336938,765.5803316180675
2ae19629-224a-13a3-e055-000000000001,BALLYMORE EUSTACE,56.65181413112667,7.001909611712286,1.9096117122851686,21.005728835136857,29.28071292170592,740.7174323473882,167.40088105726872,0.0,7.001909611712286,3.182686187141948,59.19796308084023,406.75763482781025
2ae19629-224b-13a3-e055-000000000001,BALLYNADRUMNY,31.30434782608696,17.391304347826086,1.7391304347826089,41.73913043478261,27.826086956521742,774.1379310344828,93.10344827586208,0.0,8.695652173913043,0.0,100.86956521739131,353.98230088495575
2ae19629-224c-13a3-e055-000000000001,MONASTEREVIN,34.401349072512645,39.29173693086003,3.372681281618887,34.90725126475548,78.75210792580101,718.4400739620104,123.88636745671542,5.39629005059022,29.84822934232715,30.18549747048904,121.24789207419899,334.68238606369874
2ae19629-224f-13a3-e055-000000000001,GREENANE,145.45454545454544,4.545454545454545,0.0,90.9090909090909,45.45454545454545,592.9203539823009,261.0619469026549,0.0,4.545454545454545,9.09090909090909,186.36363636363637,362.38532110091745
2ae19629-1f62-13a3-e055-000000000001,GLENLARA,35.128805620608894,4.68384074941452,0.0,7.02576112412178,16.393442622950822,876.4568764568764,53.613053613053616,0.0,0.0,0.0,32.786885245901644,417.26618705035975
2ae19629-1f65-13a3-e055-000000000001,GORTMORE,31.963470319634702,0.0,0.0,13.698630136986301,18.2648401826484,904.5454545454545,59.090909090909086,0.0,0.0,0.0,22.831050228310502,490.9090909090909
2ae19629-1f71-13a3-e055-000000000001,BALLYSPILLANE,53.67231638418079,14.124293785310734,0.0,2.824858757062147,48.0225988700565,797.1830985915493,135.2112676056338,0.0,0.0,0.0,73.44632768361582,465.1162790697674
2ae19629-1f75-13a3-e055-000000000001,CASTLECOOKE,36.19909502262444,18.09954751131222,0.0,4.524886877828055,9.04977375565611,869.3693693693693,108.10810810810811,0.0,0.0,0.0,36.19909502262444,523.1481481481482
2ae19629-1f76-13a3-e055-000000000001,CASTLECOR,60.3448275862069,12.931034482758621,0.0,25.862068965517242,15.086206896551724,823.2758620689656,133.6206896551724,0.0,2.155172413793103,0.0,71.12068965517241,494.35665914221215
2ae19629-1f8a-13a3-e055-000000000001,BAWNCROSS,47.48603351955307,0.0,0.0,11.1731843575419,11.1731843575419,469.2737430167598,72.62569832402235,5.58659217877095,0.0,0.0,36.312849162011176,238.50574712643677
2ae19629-1f95-13a3-e055-000000000001,CLEANRATH,103.28638497652582,0.0,0.0,46.948356807511736,28.169014084507044,746.4788732394367,211.26760563380282,0.0,0.0,0.0,159.6244131455399,725.9615384615385
2ae19629-1f99-13a3-e055-000000000001,IMPHRICK,50.666666666666664,2.6666666666666665,2.6666666666666665,32.0,45.333333333333336,747.3404255319149,148.93617021276594,37.333333333333336,13.333333333333334,2.6666666666666665,72.0,478.1420765027322
2ae19629-207c-13a3-e055-000000000001,MOVILLE,224.977856510186,5.314437555358724,0.8857395925597874,13.728963684676705,20.37201062887511,787.6144788486698,108.59136502398604,0.4428697962798937,5.314437555358724,1.328609388839681,49.158547387068204,293.1654676258993
2ae19629-2090-13a3-e055-000000000001,CLOGHAN,98.37837837837837,1.0810810810810811,0.0,7.5675675675675675,16.216216216216218,838.5026737967914,47.05882352941176,0.0,0.0,0.0,32.432432432432435,582.8759604829858
2ae19629-2091-13a3-e055-000000000001,CLOGHARD,172.859450726979,0.0,0.0,1.6155088852988693,9.693053311793214,813.2045088566828,41.86795491143317,1.6155088852988693,4.846526655896607,0.0,9.693053311793214,233.83084577114428
2ae19629-2092-13a3-e055-000000000001,CLOGHER,105.32030401737242,1.0857763300760044,0.0,6.514657980456026,23.887079261672095,799.5689655172413,81.89655172413792,0.0,3.257328990228013,1.0857763300760044,39.08794788273615,496.65924276169267
2ae19629-209a-13a3-e055-000000000001,CLONLEIGH NORTH,192.66055045871562,0.0,2.117148906139732,2.8228652081863093,4.940014114326042,776.7669699090272,37.78866340097971,2.117148906139732,3.5285815102328866,0.0,16.231474947071277,184.86171761280931
2ae19629-209e-13a3-e055-000000000001,INCH ISLAND,252.55102040816325,0.0,0.0,5.1020408163265305,33.163265306122454,750.0,113.63636363636363,0.0,0.0,5.1020408163265305,45.91836734693878,173.91304347826087
2ae19629-20ac-13a3-e055-000000000001,KILCAR,75.85139318885449,15.479876160990711,0.0,9.287925696594426,21.671826625387,868.4603886397608,65.76980568011959,1.5479876160990713,0.0,1.5479876160990713,54.179566563467496,711.864406779661
2ae19629-20af-13a3-e055-000000000001,BRACKLAGH,48.87983706720978,2.0366598778004072,0.0,4.0733197556008145,10.183299389002038,878.7878787878788,107.07070707070707,4.0733197556008145,0.0,0.0,32.586558044806516,465.83850931677017
2ae19629-2256-13a3-e055-000000000001,MARHIN,80.97165991902834,8.097165991902834,0.0,28.34008097165992,60.72874493927125,644.53125,296.875,0.0,8.097165991902834,4.048582995951417,109.31174089068827,788.0
2ae19629-2257-13a3-e055-000000000001,BALLYSAX EAST,45.58541266794626,9.596928982725528,0.9596928982725528,24.472168905950095,26.871401151631478,770.3349282296651,120.57416267942584,1.4395393474088292,7.197696737044146,4.798464491362764,63.33973128598848,347.8691774033697
2ae19629-225e-13a3-e055-000000000001,INCH,197.18309859154928,0.0,0.0,14.084507042253522,70.42253521126761,700.0,168.75,0.0,0.0,0.0,133.80281690140845,410.2564102564102
2ae19629-2264-13a3-e055-000000000001,BALRAHEEN,56.96969696969697,2.0202020202020203,0.0,18.58585858585859,42.42424242424243,788.1985150449394,116.84251660805002,0.40404040404040403,10.505050505050505,6.4646464646464645,47.27272727272727,472.31139646869985
2ae19629-2267-13a3-e055-000000000001,BODENSTOWN,45.58969276511397,35.87710604558969,4.955401387512389,39.64321110009911,64.22200198216055,702.6124533490473,165.78275387939502,3.56788899900892,21.407333994053516,35.678889990089196,113.37958374628344,424.7823446041709
2ae19629-227f-13a3-e055-000000000001,CARNALWAY,53.307008884501485,17.769002961500494,0.0,21.71767028627838,36.03158933859822,731.7670093000489,157.12187958883993,0.0,3.948667324777887,3.455083909180652,72.55676209279369,428.6434694906707
2ae19629-2294-13a3-e055-000000000001,KILLEENTIERNA,69.52491309385864,2.317497103128621,0.0,10.428736964078794,32.44495944380069,873.8532110091744,73.39449541284404,0.0,3.4762456546929315,1.1587485515643106,57.937427578215534,450.1758499413834
2ae19629-2295-13a3-e055-000000000001,KILLEHENNY,90.50445103857567,14.342235410484669,0.4945598417408506,11.374876360039565,24.23343224530168,792.6356589147287,118.7015503875969,1.9782393669634024,6.9238377843719086,1.9782393669634024,44.51038575667656,405.01253132832085
2ae19629-1f9a-13a3-e055-000000000001,AGHINAGH,23.4375,0.0,0.0,11.71875,1.953125,826.2548262548263,117.76061776061776,0.0,0.0,0.0,17.578125,483.60655737704917
2ae19629-1f9d-13a3-e055-000000000001,CLOONUSKER,86.0215053763441,0.0,0.0,35.842293906810035,28.67383512544803,347.6702508960573,68.10035842293907,0.0,0.0,0.0,50.17921146953405,230.48327137546468
2ae19629-1fb5-13a3-e055-000000000001,KILLARD,120.6896551724138,3.4482758620689653,3.4482758620689653,17.241379310344826,24.137931034482758,772.1088435374149,98.63945578231292,0.0,3.4482758620689653,0.0,96.55172413793103,491.34948096885813
2ae19629-1fbc-13a3-e055-000000000001,BALLAGH,52.63157894736842,5.263157894736842,5.263157894736842,10.526315789473683,21.052631578947366,801.0471204188482,136.12565445026178,0.0,5.263157894736842,0.0,47.36842105263158,489.247311827957
2ae19629-1fbf-13a3-e055-000000000001,KILLEELY,38.15937149270483,44.893378226711555,28.058361391694724,21.32435465768799,28.058361391694724,773.3333333333334,125.55555555555556,0.0,40.40404040404041,7.856341189674524,71.8294051627385,478.1609195402299
2ae19629-1fc0-13a3-e055-000000000001,KILLILAGH,88.91928864569083,8.207934336525307,0.0,43.77564979480164,64.2954856361149,653.186274509804,212.00980392156862,0.0,2.7359781121751023,1.3679890560875512,121.75102599179206,329.0978398983482
2ae19629-1fc7-13a3-e055-000000000001,DERREEN,93.22033898305085,8.474576271186441,0.0,16.949152542372882,59.32203389830509,675.0,200.0,0.0,0.0,0.0,76.27118644067797,365.2173913043478
2ae19629-1fc9-13a3-e055-000000000001,KILLIMER,44.81132075471698,9.433962264150942,0.0,4.716981132075471,23.58490566037736,868.2352941176471,58.8235294117647,4.716981132075471,2.3584905660377355,2.3584905660377355,42.45283018867924,563.1067961165048
2ae19629-20c9-13a3-e055-000000000001,TAWNAWULLY,146.97406340057637,0.0,2.881844380403458,25.936599423631126,25.936599423631126,840.0,102.85714285714286,0.0,2.881844380403458,0.0,77.80979827089338,412.7906976744186
2ae19629-20cc-13a3-e055-000000000001,CARROWBROWNE,46.33204633204633,17.374517374517374,0.9652509652509653,6.756756756756757,19.305019305019304,882.6923076923076,63.46153846153846,149.61389961389963,3.8610038610038613,3.8610038610038613,30.88803088803089,534.4129554655871
2ae19629-20d0-13a3-e055-000000000001,DAWROS,143.67816091954023,0.0,1.4367816091954022,18.678160919540232,17.241379310344826,796.373779637378,96.23430962343096,0.0,1.4367816091954022,0.0,40.229885057471265,339.05579399141635
2ae19629-20d6-13a3-e055-000000000001,CARROWREVAGH,76.28865979381445,4.123711340206186,0.0,0.0,16.494845360824744,853.6082474226804,78.35051546391753,2.061855670103093,0.0,2.061855670103093,28.8659793814433,444.4444444444444
2ae19629-20d9-13a3-e055-000000000001,DOE CASTLE,115.10791366906476,3.5971223021582737,0.0,0.0,21.58273381294964,766.1870503597122,39.568345323741006,0.0,0.0,0.0,43.16546762589928,393.93939393939394
2ae19629-20df-13a3-e055-000000000001,TIEVESKEELTA,97.74436090225564,0.0,0.0,7.518796992481203,30.075187969924812,835.820895522388,104.4776119402985,0.0,0.0,0.0,52.63157894736842,291.33858267716533
2ae19629-20e8-13a3-e055-000000000001,DUNLEWY,176.99115044247787,0.0,0.0,10.32448377581121,14.749262536873156,821.4804063860668,94.33962264150944,1.4749262536873156,2.949852507374631,0.0,44.24778761061947,797.3174366616989
2ae19629-20e9-13a3-e055-000000000001,EANYMORE,141.5441176470588,0.0,0.0,14.705882352941176,18.38235294117647,872.0292504570384,71.2979890310786,0.0,7.352941176470588,3.676470588235294,60.661764705882355,415.23809523809524
2ae19629-229c-13a3-e055-000000000001,WINDMILL CROSS,37.61242845461979,9.811937857726901,2.4529844644317254,51.51267375306623,19.623875715453803,813.0612244897959,87.34693877551021,0.0,14.717906786590351,5.723630417007358,86.6721177432543,345.1178451178451
2ae19629-22a0-13a3-e055-000000000001,KILLORGLIN,117.49403858660308,29.69867765011923,3.4684587036635595,37.71948840234121,35.76848038153046,773.8758029978586,137.90149892933619,3.251680034684587,13.22349880771732,2.384565358768697,119.44504660741383,386.49489115948467
2ae19629-22aa-13a3-e055-000000000001,KILMALKEDAR,53.06122448979592,0.0,0.0,18.367346938775512,20.408163265306122,774.31906614786,147.85992217898834,0.0,0.0,0.0,42.857142857142854,810.3792415169661
2ae19629-22ab-13a3-e055-000000000001,KILMEANY,90.05376344086022,2.688172043010753,1.3440860215053765,13.440860215053764,26.881720430107528,837.7659574468084,75.79787234042554,0.0,2.688172043010753,4.032258064516129,49.73118279569892,440.2173913043478
2ae19629-22ac-13a3-e055-000000000001,RATHMORE,46.53567735263702,81.69596690796277,0.0,28.955532574974146,31.540847983453983,856.7748583204534,55.64142194744977,0.0,19.131334022750778,3.102378490175801,128.2316442605998,358.8924387646432
2ae19629-22b2-13a3-e055-000000000001,DROICHEAD NUA (NEWBRIDGE) RURAL,46.65959703075292,6.009190526687876,0.7069635913750442,14.139271827500885,33.93425238600212,803.7974683544303,124.82419127988749,0.3534817956875221,8.48356309650053,3.181336161187699,45.95263343937788,492.040520984081
2ae19629-22b9-13a3-e055-000000000001,SCARTAGLIN,36.231884057971016,11.594202898550725,0.0,5.797101449275362,23.18840579710145,900.5763688760808,59.0778097982709,0.0,0.0,0.0,44.927536231884055,426.0355029585799
2ae19629-22c3-13a3-e055-000000000001,FEIGHCULLEN,46.51162790697674,4.651162790697675,3.10077519379845,10.852713178294573,21.705426356589147,820.4334365325078,75.85139318885449,0.0,7.751937984496124,0.0,26.356589147286822,432.43243243243245
2ae19629-1fd3-13a3-e055-000000000001,DOORA,53.1015037593985,17.857142857142858,0.4699248120300752,15.977443609022556,30.075187969924812,815.5565905915231,107.1262226362366,32.89473684210526,12.687969924812029,2.819548872180451,58.7406015037594,519.3423597678917
2ae19629-1fd8-13a3-e055-000000000001,NOUGHAVAL,9.00900900900901,0.0,0.0,9.00900900900901,36.03603603603604,837.8378378378378,108.10810810810811,0.0,9.00900900900901,0.0,9.00900900900901,542.0560747663551
2ae19629-1fda-13a3-e055-000000000001,BALLYSTEEN,62.17616580310881,7.772020725388601,2.5906735751295336,31.088082901554404,28.497409326424872,781.4070351758794,170.8542713567839,0.0,5.181347150259067,0.0,69.9481865284974,425.5874673629243
2ae19629-1fe2-13a3-e055-000000000001,OUGHTMAMA,46.66666666666667,13.333333333333334,0.0,0.0,40.0,828.9473684210526,85.52631578947368,0.0,0.0,0.0,60.0,476.51006711409394
2ae19629-1fe9-13a3-e055-000000000001,KILNAMONA,55.73080967402734,3.1545741324921135,1.0515247108307044,7.360672975814932,21.03049421661409,880.0834202294056,91.76225234619395,0.0,3.1545741324921135,0.0,32.59726603575184,515.0537634408602
2ae19629-1fed-13a3-e055-000000000001,CAHERHURLY,104.26540284360189,0.0,0.0,37.91469194312796,42.65402843601896,570.7547169811321,278.3018867924528,0.0,4.739336492890995,0.0,146.91943127962085,389.1625615763547
2ae19629-1fef-13a3-e055-000000000001,CAHERMURPHY,71.74887892376681,0.0,0.0,26.90582959641256,22.42152466367713,844.4444444444445,75.55555555555556,0.0,0.0,0.0,76.23318385650224,560.7476635514018
2ae19629-202f-13a3-e055-000000000001,KILCLOHER,50.75445816186557,2.743484224965706,0.0,10.973936899862824,10.973936899862824,856.3685636856369,104.3360433604336,0.0,0.0,1.371742112482853,27.434842249657063,507.6923076923077
2ae19629-20eb-13a3-e055-000000000001,LETTERKENNY RURAL,102.94604435617346,30.95001655081099,60.49321416749421,27.805362462760673,99.38761999337969,648.6752522352555,107.6203756869822,16.96458126448196,105.59417411453161,32.77060575968222,95.41542535584243,334.0460104335927
2ae19629-20f9-13a3-e055-000000000001,FANAD WEST,121.8274111675127,0.0,0.0,12.690355329949238,2.5380710659898473,778.8944723618091,42.713567839195974,0.0,0.0,0.0,20.30456852791878,586.1182519280205
2ae19629-20ff-13a3-e055-000000000001,ABBEY EAST,32.20858895705521,7.668711656441718,6.134969325153374,18.404907975460123,15.337423312883436,868.7022900763359,90.07633587786259,10.736196319018406,1.5337423312883436,1.5337423312883436,35.2760736196319,376.39553429027114
2ae19629-2101-13a3-e055-000000000001,ABBEYGORMACAN,34.93449781659388,2.1834061135371177,0.0,13.100436681222707,10.91703056768559,877.1551724137931,62.5,0.0,0.0,2.1834061135371177,28.384279475982535,409.9099099099099
2ae19629-2105-13a3-e055-000000000001,CLONFERT,30.97345132743363,0.0,0.0,4.424778761061947,26.548672566371682,867.8414096916299,57.268722466960355,0.0,6.6371681415929205,0.0,17.699115044247787,351.0392609699769
2ae19629-210a-13a3-e055-000000000001,KINSALE RURAL,80.91210003677823,19.12467819051122,5.70062522986392,49.09893343140861,59.58072820890033,656.021409455843,210.3479036574487,0.5516734093416698,15.446855461566752,4.965060684075028,131.48216255976462,464.1016200294551
2ae19629-2110-13a3-e055-000000000001,TEMPLENACARRIGA,39.21568627450981,6.5359477124183005,0.0,16.339869281045754,34.313725490196084,793.2148626817448,137.31825525040387,0.0,1.6339869281045751,3.2679738562091503,62.091503267973856,459.6375617792422
2ae19629-211a-13a3-e055-000000000001,TINCOORA,38.83495145631068,17.475728155339805,0.0,29.12621359223301,17.475728155339805,768.9320388349514,99.02912621359224,0.0,1.941747572815534,5.825242718446602,100.97087378640776,395.20958083832335
2ae19629-22ce-13a3-e055-000000000001,KILLEELY,66.77099634846114,5.738132498695879,4.694835680751174,13.562858633281168,27.64736567553469,829.9637117677553,104.19906687402799,0.5216484089723527,8.868022952529996,1.5649452269170578,50.07824726134585,509.42380183091007
2ae19629-22e0-13a3-e055-000000000001,OUGHTERARD,101.04655359076146,7.578491519307109,4.330566582461206,31.035727174305304,51.605918440996035,742.1071301880099,159.27633912735013,3.2479249368459038,12.991699747383615,4.691447130999639,91.66365932876218,443.38235294117646
2ae19629-22e3-13a3-e055-000000000001,BALLYEGAN,76.92307692307693,0.0,0.0,10.989010989010989,0.0,869.5652173913044,97.82608695652175,0.0,0.0,0.0,43.956043956043956,384.61538461538464
2ae19629-22e5-13a3-e055-000000000001,COOLOO,57.59162303664921,0.0,0.0,12.216404886561953,15.706806282722512,931.0344827586207,56.896551724137936,1.7452006980802792,1.7452006980802792,0.0,17.452006980802793,478.41726618705036
2ae19629-22e7-13a3-e055-000000000001,CRAUGHWELL,71.63461538461539,24.51923076923077,2.403846153846154,32.69230769230769,39.42307692307692,751.434034416826,154.87571701720842,24.51923076923077,12.5,5.288461538461538,97.11538461538461,462.30654018971546
2ae19629-22fa-13a3-e055-000000000001,RINVYLE,103.9279869067103,1.6366612111292964,1.6366612111292964,29.459901800327334,40.91653027823241,767.757382282522,174.780526735834,0.0,9.00163666121113,2.454991816693944,68.73977086743044,346.4696223316913
2ae19629-22fe-13a3-e055-000000000001,BALLYNAHAGLISH,71.64358819987959,3.6122817579771223,0.0,14.449127031908489,22.87778446718844,824.8218527315914,111.04513064133016,0.0,2.408187838651415,0.6020469596628537,43.34738109572547,525.7352941176471
2ae19629-2305-13a3-e055-000000000001,KILLOWER,52.23068552774755,5.4406964091403704,0.0,11.969532100108813,20.674646354733408,880.0,83.24324324324324,6.528835690968444,5.4406964091403704,1.088139281828074,33.73231773667029,514.5739910313902
2ae19629-204b-13a3-e055-000000000001,FIGART,141.84397163120568,5.319148936170213,4.432624113475177,23.93617021276596,15.070921985815602,526.0831122900088,48.629531388152074,3.5460992907801416,4.432624113475177,0.0,58.51063829787234,212.56931608133087
2ae19629-2050-13a3-e055-000000000001,ATHENRY,63.13396292409934,52.640783490731025,9.094088842252535,33.05351521511018,63.13396292409934,720.5550737207286,151.2575888985256,28.331584470094437,25.53340328786289,10.668065757257782,134.66246939489332,431.6949765088544
2ae19629-2052-13a3-e055-000000000001,AUGHRIM,46.875,0.0,0.0,5.208333333333333,24.305555555555557,857.6388888888888,55.55555555555555,0.0,1.736111111111111,3.472222222222222,26.041666666666668,434.39716312056737
2ae19629-2054-13a3-e055-000000000001,CLOONKEEN,53.27868852459016,6.147540983606557,0.0,6.147540983606557,12.295081967213115,821.501014198783,50.70993914807302,0.0,2.0491803278688527,0.0,24.59016393442623,394.6280991735537
2ae19629-2058-13a3-e055-000000000001,GLEN,150.5791505791506,0.0,0.0,11.583011583011583,27.027027027027028,675.5725190839694,34.35114503816794,0.0,0.0,0.0,61.77606177606178,330.70866141732284
2ae19629-2062-13a3-e055-000000000001,GLENALLA,120.6896551724138,5.747126436781609,0.0,5.747126436781609,11.494252873563218,728.3018867924528,50.943396226415096,0.0,1.9157088122605364,0.0,51.724137931034484,330.078125
2ae19629-2066-13a3-e055-000000000001,MANORCUNNINGHAM,166.9218989280245,6.891271056661561,0.7656967840735069,8.422664624808576,16.079632465543646,711.5677321156774,75.34246575342465,20.673813169984687,6.1255742725880555,3.8284839203675345,51.30168453292496,315.24341580207505
2ae19629-2067-13a3-e055-000000000001,MEENACLADY,175.79250720461096,2.161383285302594,0.0,5.763688760806916,16.570605187319885,887.0738636363636,44.034090909090914,0.0,1.440922190201729,1.440922190201729,33.86167146974063,838.7334315169367
2ae19629-2123-13a3-e055-000000000001,RAHALISK,37.58169934640523,17.973856209150327,0.0,21.241830065359476,19.607843137254903,847.1544715447154,108.94308943089432,3.2679738562091503,1.6339869281045751,0.0,88.23529411764706,464.64646464646466
2ae19629-2124-13a3-e055-000000000001,ULLANES,59.09797822706065,23.32814930015552,0.0,17.107309486780714,13.996889580093312,804.3478260869565,94.72049689440993,0.0,6.2208398133748055,1.5552099533437014,80.87091757387248,696.2843295638125
2ae19629-2130-13a3-e055-000000000001,WARRENSCOURT,33.205619412515965,8.939974457215836,0.0,11.494252873563218,22.988505747126435,835.234474017744,88.71989860583017,0.0,5.108556832694764,1.277139208173691,37.03703703703704,475.6258234519104
2ae19629-2136-13a3-e055-000000000001,RATHCOOL,49.8220640569395,33.80782918149466,0.0,23.131672597864767,14.234875444839856,793.9609236234459,110.12433392539965,0.0,1.779359430604982,21.352313167259787,88.96797153024912,424.860853432282
2ae19629-214e-13a3-e055-000000000001,BALLYPHEHANE A,34.90136570561457,4.552352048558422,7.587253414264037,15.174506828528074,44.00606980273141,776.2762762762762,139.63963963963963,0.0,16.691957511380878,9.104704097116844,33.383915022761755,349.37888198757764
2ae19629-2151-13a3-e055-000000000001,KILCUMMER,63.60424028268551,14.134275618374557,0.0,28.268551236749115,49.46996466431095,745.583038869258,151.9434628975265,0.0,0.0,0.0,95.40636042402826,387.4538745387454
2ae19629-215f-13a3-e055-000000000001,BROWNINGSTOWN,49.14933837429111,0.0,3.780718336483932,17.013232514177695,34.02646502835539,742.8040854224698,193.12906220984217,0.0,13.232514177693762,3.780718336483932,30.245746691871457,573.0659025787966
2ae19629-216a-13a3-e055-000000000001,LISCLEARY,48.98681880779068,31.084005508557937,14.951800118040527,32.4611449931143,52.921503049380284,709.6018735362998,166.27634660421543,0.3934684241589612,32.26441078103482,16.72240802675585,99.94097973637615,496.771589991929
2ae19629-2306-13a3-e055-000000000001,KILLURE,55.55555555555555,2.710027100271003,0.0,0.0,28.455284552845526,878.213802435724,63.59945872801083,97.5609756097561,1.3550135501355014,9.485094850948508,25.745257452574528,429.95839112343964
2ae19629-2307-13a3-e055-000000000001,RYEHILL,71.10091743119267,14.908256880733946,0.0,13.761467889908257,35.550458715596335,823.4624145785878,100.22779043280183,0.0,0.0,6.8807339449541285,74.54128440366972,432.43243243243245
2ae19629-2316-13a3-e055-000000000001,KILMACSHANE,51.502145922746784,4.291845493562231,0.0,17.167381974248926,17.167381974248926,794.8717948717948,94.01709401709401,0.0,0.0,4.291845493562231,55.79399141630902,398.2300884955752
2ae19629-2324-13a3-e055-000000000001,KILMOYLAN,68.43455945252353,9.409751924721984,0.0,12.83147989734816,21.3857998289136,856.5328778821521,70.87959009393681,0.0,1.7108639863130881,11.976047904191617,51.32591958939264,473.8706820194863
2ae19629-2326-13a3-e055-000000000001,STRADBALLY,61.70752324598478,6.762468300929839,2.53592561284869,15.215553677092139,29.585798816568047,865.0927487352445,91.90556492411467,0.0,9.29839391377853,1.6906170752324599,47.337278106508876,537.0531822144725
2ae19629-2337-13a3-e055-000000000001,BREWSTERFIELD,56.039850560398506,16.1892901618929,1.2453300124533002,14.943960149439603,12.453300124533001,864.5962732919254,110.55900621118013,0.0,4.981320049813201,0.0,54.794520547945204,468.38709677419354
2ae19629-2339-13a3-e055-000000000001,GALWAY RURAL,69.5187165775401,0.0,0.0,26.737967914438503,48.1283422459893,687.2037914691944,203.79146919431278,0.0,10.695187165775401,0.0,53.475935828877006,511.9617224880383
2ae19629-233c-13a3-e055-000000000001,KILTHOMAS,59.4059405940594,29.7029702970297,0.0,39.603960396039604,19.801980198019802,881.1881188118812,108.91089108910892,0.0,0.0,0.0,118.8118811881188,489.7959183673469
2ae19629-2076-13a3-e055-000000000001,BALLYMACWARD,47.46835443037975,12.658227848101266,0.0,22.151898734177216,34.81012658227848,819.620253164557,75.9493670886076,0.0,3.1645569620253164,0.0,60.12658227848102,440.3973509933775
2ae19629-207d-13a3-e055-000000000001,MULMOSOG,105.9322033898305,0.0,0.0,8.474576271186441,4.237288135593221,806.7226890756302,42.016806722689076,38.13559322033898,0.0,0.0,42.3728813559322,504.3478260869565
2ae19629-2082-13a3-e055-000000000001,CAVANGARDEN,125.81344902386118,0.0,0.0,2.1691973969631237,23.86117136659436,644.3965517241379,75.43103448275862,0.0,4.3383947939262475,0.0,45.5531453362256,300.66815144766144
2ae19629-2086-13a3-e055-000000000001,GORTNAVERN,103.84615384615385,8.461538461538462,14.615384615384615,4.615384615384616,32.30769230769231,779.7390636991558,66.76899462778205,0.0,24.615384615384617,3.076923076923077,34.61538461538462,414.4215530903328
2ae19629-208e-13a3-e055-000000000001,BALLYNAPARK,47.662694775435384,3.6663611365719526,0.0,2.749770852428964,10.082493125572869,852.8610354223433,71.75295186194369,0.9165902841429882,1.8331805682859763,0.0,20.164986251145738,443.40505144995325
2ae19629-2093-13a3-e055-000000000001,GREENFORT,147.49262536873155,5.899705014749262,0.0,2.949852507374631,17.699115044247787,746.5181058495822,91.92200557103064,0.0,8.849557522123893,0.0,53.097345132743364,319.8847262247839
2ae19629-2097-13a3-e055-000000000001,RATHMULLAN,178.8793103448276,10.775862068965518,0.0,2.155172413793103,18.318965517241377,753.3678756476684,122.27979274611398,0.0,9.698275862068966,0.0,70.04310344827586,264.51612903225805
2ae19629-209b-13a3-e055-000000000001,CLONLEIGH SOUTH,207.90697674418604,2.3255813953488373,0.0,5.116279069767441,20.0,821.8923933209647,61.224489795918366,6.511627906976744,10.232558139534882,0.4651162790697675,33.48837209302326,194.04418828049953
2ae19629-216b-13a3-e055-000000000001,LISGOOLD,39.63963963963964,20.72072072072072,2.7027027027027026,27.92792792792793,22.52252252252252,808.6253369272238,127.5831087151842,2.7027027027027026,3.6036036036036037,1.8018018018018018,73.87387387387386,486.6112650046168
2ae19629-216d-13a3-e055-000000000001,MACLONEIGH,52.455357142857146,16.741071428571427,1.1160714285714286,14.508928571428571,11.160714285714286,822.0994475138122,103.86740331491713,0.0,3.3482142857142856,0.0,54.6875,535.9179019384264
2ae19629-216e-13a3-e055-000000000001,MACROOM URBAN,46.21368107984443,80.98833218943034,13.726835964310228,39.80782429649965,64.05856783344773,770.4209328782707,109.8976109215017,2.5165865934568745,33.40196751315489,20.819034545870508,151.681537405628,411.48664618293543
2ae19629-2178-13a3-e055-000000000001,GILLABBEY A,55.85888282234355,16.37967240655187,29.81940361192776,139.0172196556069,166.31667366652667,398.3644859813084,338.78504672897196,3.359932801343973,64.67870642587148,15.119697606047879,194.45611087778244,333.72734436564224
2ae19629-2179-13a3-e055-000000000001,GILLABBEY B,41.92139737991266,12.22707423580786,28.820960698689955,53.275109170305676,114.41048034934498,547.3145780051151,321.3981244671782,0.0,77.72925764192141,12.22707423580786,75.98253275109171,452.33968804159446
2ae19629-217c-13a3-e055-000000000001,GLASHEEN B,43.90243902439024,9.75609756097561,36.58536585365854,35.36585365853658,102.4390243902439,539.7390272835113,309.6085409252669,0.0,74.39024390243902,4.878048780487805,75.60975609756098,541.1622276029055
2ae19629-2182-13a3-e055-000000000001,GURRANEBRAHER E,33.2409972299169,5.54016620498615,2.770083102493075,28.624192059095108,47.091412742382275,728.3609576427256,101.28913443830571,2.770083102493075,16.62049861495845,21.237303785780238,40.62788550323177,280.3386641580433
2ae19629-218a-13a3-e055-000000000001,SCART,60.60606060606061,0.0,0.0,15.151515151515152,27.27272727272727,833.8368580060423,84.59214501510574,0.0,9.09090909090909,6.0606060606060606,42.42424242424243,518.6335403726708
2ae19629-2345-13a3-e055-000000000001,GORT,57.40564541706311,21.56676181414526,12.052013954963527,38.37614969869965,204.56707897240722,578.1544256120528,127.43251726302573,4.757373929590866,25.055502695845224,22.835394862036157,139.86679352997143,309.55497382198956
2ae19629-2347-13a3-e055-000000000001,GRAIGABBEY,61.904761904761905,4.761904761904763,0.0,9.523809523809526,28.57142857142857,838.479809976247,104.51306413301663,4.761904761904763,2.3809523809523814,9.523809523809526,35.714285714285715,469.1358024691358
2ae19629-234c-13a3-e055-000000000001,KNOCKBOY,64.05693950177937,2.3724792408066433,0.0,10.676156583629894,55.75326215895611,770.2857142857142,84.57142857142857,0.0,2.3724792408066433,0.0,47.449584816132855,809.4117647058824
2ae19629-234d-13a3-e055-000000000001,KYLEMORE,54.794520547945204,0.0,0.0,0.0,0.0,856.1643835616438,34.24657534246575,0.0,0.0,0.0,0.0,432.6241134751773
2ae19629-234e-13a3-e055-000000000001,LACKAGHBEG,67.0807453416149,11.801242236024846,4.9689440993788825,18.012422360248447,28.57142857142857,856.8773234200744,79.30607187112763,1.8633540372670807,11.180124223602485,0.0,52.17391304347826,490.12109623964307
2ae19629-234f-13a3-e055-000000000001,TYNAGH,31.779661016949152,6.355932203389831,0.0,16.949152542372882,14.830508474576272,815.677966101695,65.67796610169492,21.1864406779661,2.1186440677966103,0.0,52.96610169491525,424.1758241758242
2ae19629-2350-13a3-e055-000000000001,WOODFORD,107.2961373390558,10.729613733905579,0.0,17.167381974248926,19.313304721030043,790.5982905982905,132.47863247863248,6.437768240343348,2.1459227467811157,0.0,70.81545064377683,378.8546255506608
2ae19629-2351-13a3-e055-000000000001,WORMHOLE,75.42768273716952,8.942457231726284,0.0,25.272161741835145,51.71073094867807,762.8747117601845,157.9554189085319,0.0,3.888024883359254,0.38880248833592534,83.59253499222395,487.24082934609254
2ae19629-209f-13a3-e055-000000000001,REDCASTLE,258.3783783783784,1.0810810810810811,5.405405405405405,6.486486486486486,14.054054054054054,853.1540847983455,74.45708376421923,1.0810810810810811,8.64864864864865,0.0,52.972972972972975,336.87566418703506
2ae19629-20a3-13a3-e055-000000000001,BEAGHMORE,109.13705583756345,0.0,0.0,50.76142131979695,12.690355329949238,827.4111675126904,121.8274111675127,5.076142131979695,0.0,2.5380710659898473,91.37055837563452,419.2708333333333
2ae19629-20a4-13a3-e055-000000000001,BELCLARE,65.82278481012659,1.2658227848101267,0.0,6.329113924050633,25.31645569620253,859.8484848484849,79.54545454545455,3.7974683544303796,1.2658227848101267,0.0,25.31645569620253,402.8497409326425
2ae19629-20a9-13a3-e055-000000000001,CORKERMORE,138.03680981595093,0.0,0.0,12.269938650306749,6.134969325153374,734.5132743362832,100.29498525073747,0.0,0.0,0.0,73.61963190184049,298.1927710843373
2ae19629-20aa-13a3-e055-000000000001,INISHKEEL,60.24096385542169,0.0,0.0,0.0,12.048192771084338,904.7619047619048,35.714285714285715,0.0,0.0,0.0,24.096385542168676,506.0240963855421
2ae19629-20b1-13a3-e055-000000000001,BUNOWEN,100.75566750629723,7.556675062972292,2.5188916876574305,7.556675062972292,22.670025188916874,852.2167487684728,51.724137931034484,0.0,5.037783375314861,0.0,52.896725440806044,329.1139240506329
2ae19629-20b2-13a3-e055-000000000001,CAHERMORE,66.99346405228758,3.2679738562091503,9.803921568627452,13.071895424836601,35.947712418300654,806.4516129032257,133.8709677419355,0.0,29.41176470588235,0.0,47.385620915032675,467.4657534246575
2ae19629-20c3-13a3-e055-000000000001,CROVEHY,109.7560975609756,0.0,0.0,6.097560975609756,12.195121951219512,866.6666666666667,48.484848484848484,0.0,0.0,12.195121951219512,54.8780487804878,708.8607594936709
2ae19629-218c-13a3-e055-000000000001,KNOCKREA B,53.84615384615385,5.128205128205129,5.982905982905983,36.75213675213676,70.94017094017094,673.9679865206402,214.82729570345407,0.8547008547008547,21.367521367521366,8.547008547008549,66.66666666666667,522.943722943723
2ae19629-2194-13a3-e055-000000000001,POULADUFF A,33.60215053763441,10.752688172043012,2.688172043010753,28.225806451612904,41.666666666666664,775.4293262879789,154.557463672391,0.0,28.225806451612904,5.376344086021506,47.04301075268817,335.149863760218
2ae19629-2195-13a3-e055-000000000001,POULADUFF B,32.35653235653236,8.547008547008549,1.221001221001221,21.978021978021978,18.925518925518926,790.0182592818015,143.0310407790627,1.8315018315018314,5.4945054945054945,1.8315018315018314,40.2930402930403,338.5678391959799
2ae19629-219e-13a3-e055-000000000001,KILLEAGH,36.144578313253014,20.92580849714648,1.9023462270133165,21.55992390615092,29.169308814204186,763.8539042821159,111.46095717884131,0.0,10.77996195307546,10.145846544071022,73.5573874445149,425.1458198314971
2ae19629-21a2-13a3-e055-000000000001,SHANBALLYMORE,75.75757575757576,15.151515151515152,0.0,15.151515151515152,39.39393939393939,856.4954682779456,55.89123867069486,1.5151515151515151,3.0303030303030303,3.0303030303030303,101.51515151515152,367.1875
2ae19629-21a3-13a3-e055-000000000001,SHEEPSHEAD,163.93442622950818,0.0,0.0,60.10928961748633,49.18032786885246,656.5656565656566,227.27272727272725,5.46448087431694,10.92896174863388,0.0,202.18579234972677,383.83838383838383
2ae19629-21b3-13a3-e055-000000000001,TRAMORE B,58.37320574162679,1.9138755980861244,3.827751196172249,30.62200956937799,45.933014354066984,747.867298578199,186.72985781990522,0.0,15.311004784688995,0.9569377990430622,46.88995215311005,558.7949465500486
2ae19629-21bd-13a3-e055-000000000001,SKIBBEREEN RURAL,105.4913294797688,0.722543352601156,4.335260115606936,26.734104046242773,33.23699421965318,691.4285714285714,144.2857142857143,1.445086705202312,8.670520231213873,0.0,109.82658959537572,443.1401320616288
2ae19629-2354-13a3-e055-000000000001,GREETHILL,73.2159406858202,1.8535681186283597,8.341056533827619,4.633920296570898,27.80352177942539,831.4917127071824,91.16022099447514,5.560704355885079,15.755329008341056,0.0,31.51065801668211,549.7630331753554
2ae19629-2361-13a3-e055-000000000001,KNOCKNACARRAGH,70.29634734665747,12.405237767057201,5.5134390075809785,38.59407305306685,84.07994486560992,702.9034436191762,193.11276164753542,3.445899379738112,19.986216402481045,5.5134390075809785,81.32322536181944,533.4728033472803
2ae19629-236c-13a3-e055-000000000001,LETTERFORE,139.78494623655914,17.921146953405017,0.0,32.25806451612903,78.85304659498208,717.3144876325089,98.9399293286219,0.0,3.5842293906810037,0.0,143.36917562724014,389.70588235294116
2ae19629-236d-13a3-e055-000000000001,LETTERMORE,106.04332953249715,0.0,0.0,13.683010262257698,23.94526795895097,836.9195922989808,66.8176670441676,2.280501710376283,0.0,0.0,27.366020524515395,911.8329466357309
2ae19629-2372-13a3-e055-000000000001,MURROOGH,57.55894590846047,61.71983356449376,14.909847434119278,65.53398058252426,111.6504854368932,578.549329666552,201.10003437607426,15.256588072122053,67.96116504854369,40.915395284327325,164.70180305131763,394.95200853181655
2ae19629-237d-13a3-e055-000000000001,KILBENNAN,68.9655172413793,0.0,11.494252873563218,11.494252873563218,17.241379310344826,836.676217765043,103.15186246418338,8.620689655172413,20.114942528735632,0.0,22.988505747126435,460.6413994169096
2ae19629-2383-13a3-e055-000000000001,SHANTALLA,55.4989816700611,7.1283095723014265,9.674134419551933,39.20570264765784,53.9714867617108,485.35980148883374,176.17866004962778,7.1283095723014265,17.820773930753564,1.5274949083503055,44.29735234215886,327.8772378516624
2ae19629-2384-13a3-e055-000000000001,St. NICHOLAS,67.86885245901638,23.60655737704918,16.393442622950822,112.45901639344262,131.14754098360658,357.36386138613864,286.8193069306931,8.196721311475411,39.67213114754099,7.213114754098361,139.34426229508196,281.3580635020434
2ae19629-20e0-13a3-e055-000000000001,CASTLEFFRENCH,50.3875968992248,3.875968992248062,1.937984496124031,1.937984496124031,19.37984496124031,879.3103448275862,57.47126436781609,1.937984496124031,3.875968992248062,0.0,38.75968992248062,499.009900990099
2ae19629-20e6-13a3-e055-000000000001,DUNGLOW,164.09984067976632,6.903876792352628,5.310674455655868,13.807753584705257,28.146574614976103,831.1620635747785,73.9968733715477,0.5310674455655868,15.932023366967606,2.1242697822623473,64.7902283590016,475.96153846153845
2ae19629-20ef-13a3-e055-000000000001,TURMONE,152.3809523809524,0.0,0.0,3.1746031746031744,6.349206349206349,791.1392405063291,79.11392405063292,0.0,0.0,0.0,47.61904761904761,228.476821192053
2ae19629-20f1-13a3-e055-000000000001,WHITECASTLE,364.38923395445136,0.0,0.0,5.175983436853002,18.633540372670808,816.7860798362334,63.45957011258955,2.070393374741201,1.0351966873706004,0.0,38.302277432712216,325.90233545647556
2ae19629-20f2-13a3-e055-000000000001,CLARETUAM,56.939501779359425,14.234875444839856,0.889679715302491,14.234875444839856,23.131672597864767,856.8904593639576,92.75618374558304,0.0,1.779359430604982,0.889679715302491,49.8220640569395,490.42844120328164
2ae19629-20f5-13a3-e055-000000000001,CLIFDEN,103.5007610350076,35.0076103500761,8.117706747843734,52.25773718924403,28.9193302891933,708.1107333657116,161.24332200097135,11.669203450025368,16.7427701674277,3.5514967021816335,132.92744799594115,315.60636182902584
2ae19629-20f7-13a3-e055-000000000001,FAHAN,267.0807453416149,1.8633540372670807,6.832298136645963,6.211180124223602,20.496894409937887,829.8653610771114,58.7515299877601,1.2422360248447206,6.832298136645963,3.105590062111801,36.024844720496894,273.0118973074515
2ae19629-2100-13a3-e055-000000000001,ABBEY WEST,89.77272727272727,4.545454545454545,7.954545454545454,7.954545454545454,36.36363636363636,840.4977375565611,96.15384615384616,0.0,11.363636363636363,6.8181818181818175,47.72727272727273,444.83985765124555
2ae19629-21c4-13a3-e055-000000000001,KILMACDONOGH,59.22330097087379,14.563106796116505,0.0,14.563106796116505,24.271844660194173,779.4970986460348,150.87040618955513,0.0,1.941747572815534,1.941747572815534,60.19417475728155,445.44544544544544
2ae19629-21c8-13a3-e055-000000000001,MIDLETON URBAN,43.93249397267613,60.80900080364318,17.144387891776052,61.07688186445218,72.59576747923923,644.1927837766658,190.6768501448512,5.625502276989017,45.271899276721136,22.76989016876507,159.65711224216446,321.9047619047619
2ae19629-21c9-13a3-e055-000000000001,SLIEVEREAGH,44.375644994840044,52.63157894736842,0.0,38.18369453044375,12.38390092879257,783.2310838445808,132.9243353783231,0.0,0.0,0.0,135.1909184726522,724.7608926673751
2ae19629-21d0-13a3-e055-000000000001,BALLINTRA,131.97278911564624,1.3605442176870748,0.0,12.244897959183673,19.04761904761905,594.7019867549669,129.80132450331124,24.489795918367346,10.884353741496598,0.0,42.176870748299315,310.8665749656121
2ae19629-21db-13a3-e055-000000000001,BALLYMACOOL,97.36456808199122,55.63689604685212,21.2298682284041,28.916544655929723,49.048316251830165,723.0937614009487,90.11309740970448,12.079062957540264,47.950219619326504,15.739385065885799,112.3718887262079,345.31548757170174
2ae19629-21df-13a3-e055-000000000001,KILNAGROSS,56.50684931506849,18.835616438356162,0.0,10.273972602739725,20.54794520547945,732.5383304940375,156.7291311754685,0.0,0.0,0.0,61.64383561643835,501.76678445229686
2ae19629-21e0-13a3-e055-000000000001,KILNAMANAGH,84.23913043478261,2.717391304347826,0.0,24.456521739130437,40.76086956521739,760.5263157894738,128.94736842105263,0.0,2.717391304347826,0.0,81.52173913043478,465.7534246575342
2ae19629-21e3-13a3-e055-000000000001,TEERELTON,44.82225656877898,6.182380216383307,1.5455950540958268,26.27511591962906,37.09428129829984,787.6923076923077,149.23076923076923,1.5455950540958268,13.910355486862443,0.0,69.5517774343122,478.4688995215311
2ae19629-2388-13a3-e055-000000000001,AGHADOE,70.01166861143524,22.170361726954493,4.667444574095682,16.33605600933489,33.838973162193696,810.3448275862069,125.28735632183907,0.0,15.169194865810969,4.667444574095682,75.84597432905485,465.88235294117646
2ae19629-239a-13a3-e055-000000000001,MEELICK,33.78378378378378,6.756756756756757,0.0,13.513513513513514,3.3783783783783785,888.5135135135134,74.32432432432432,0.0,0.0,3.3783783783783785,33.78378378378378,385.96491228070175
2ae19629-239c-13a3-e055-000000000001,MOAT,52.63157894736842,6.578947368421052,0.0,0.0,19.736842105263158,888.8888888888888,71.89542483660131,0.0,0.0,0.0,6.578947368421052,400.0
2ae19629-239f-13a3-e055-000000000001,BAHAGHS,45.91836734693878,0.0,0.0,0.0,45.91836734693878,887.7551020408163,91.83673469387756,0.0,5.1020408163265305,0.0,30.612244897959183,513.2275132275132
2ae19629-23a8-13a3-e055-000000000001,KILLANNIN,80.21877848678213,5.469462169553328,2.734731084776664,30.0820419325433,20.054694621695532,796.9314079422383,145.3068592057762,0.0,8.204193254329992,1.8231540565177757,44.667274384685506,847.0149253731342
2ae19629-23ab-13a3-e055-000000000001,MOUNTAIN,90.60402684563758,0.0,0.0,16.778523489932887,20.13422818791946,919.732441471572,70.23411371237458,0.0,0.0,0.0,63.75838926174497,437.9310344827586
2ae19629-23c5-13a3-e055-000000000001,CLOGH,50.54432348367029,7.776049766718508,0.0,6.998444790046656,7.776049766718508,848.6024844720497,73.75776397515529,0.0,0.7776049766718507,0.0,24.10575427682737,406.3745019920319
2ae19629-23c8-13a3-e055-000000000001,MALLARDSTOWN,59.907834101382484,13.82488479262673,0.0,27.64976958525346,27.64976958525346,732.7188940092167,170.50691244239633,9.216589861751151,4.608294930875576,0.0,73.73271889400921,401.9607843137255
2ae19629-210d-13a3-e055-000000000001,MYROSS,127.20403022670027,5.037783375314861,2.5188916876574305,55.415617128463474,31.486146095717885,705.3789731051344,168.7041564792176,0.0,3.778337531486146,2.5188916876574305,138.5390428211587,467.5
2ae19629-210e-13a3-e055-000000000001,NAD,62.5,31.25,0.0,10.416666666666666,0.0,785.7142857142857,122.44897959183673,0.0,0.0,0.0,83.33333333333333,536.8421052631579
2ae19629-2115-13a3-e055-000000000001,KNOCKANTOTA,39.25233644859813,2.803738317757009,0.0,12.149532710280374,27.102803738317757,839.8510242085661,108.0074487895717,0.0,6.542056074766355,0.9345794392523364,33.64485981308411,538.9105058365758
2ae19629-2116-13a3-e055-000000000001,NEWTOWN,54.989816700610994,8.146639511201629,0.0,1.0183299389002036,18.329938900203665,810.7833163784334,72.22787385554426,0.0,6.109979633401222,1.0183299389002036,24.43991853360489,404.6610169491525
2ae19629-211b-13a3-e055-000000000001,TOORMORE,218.90547263681592,0.0,0.0,34.82587064676617,89.55223880597015,523.1481481481482,263.8888888888889,0.0,0.0,0.0,288.55721393034827,273.58490566037733
2ae19629-211f-13a3-e055-000000000001,KEALE,33.898305084745765,16.949152542372882,0.0,5.649717514124294,16.949152542372882,871.1484593837536,56.022408963585434,0.0,0.0,2.824858757062147,50.84745762711865,474.1379310344828
2ae19629-2129-13a3-e055-000000000001,KNOCKMOURNE,49.14529914529914,29.914529914529915,7.122507122507122,17.806267806267808,27.065527065527064,744.8763250883393,135.68904593639576,4.273504273504274,9.25925925925926,1.4245014245014245,79.77207977207978,433.97626112759644
2ae19629-212e-13a3-e055-000000000001,RATHBARRY,111.90053285968028,10.657193605683837,0.0,14.209591474245116,23.090586145648313,687.170474516696,237.25834797891036,1.7761989342806395,1.7761989342806395,5.328596802841918,81.70515097690942,519.4805194805194
2ae19629-21e6-13a3-e055-000000000001,BINBANE,173.65269461077844,0.0,0.0,5.9880239520958085,17.964071856287426,881.6568047337278,100.59171597633136,0.0,0.0,0.0,53.89221556886228,341.4634146341464
2ae19629-21e8-13a3-e055-000000000001,KILPATRICK,75.9493670886076,5.424954792043399,1.8083182640144664,37.9746835443038,18.083182640144667,721.7235188509874,163.37522441651706,0.0,3.6166365280289328,7.2332730560578655,77.75768535262206,463.13799621928166
2ae19629-21ed-13a3-e055-000000000001,TEMPLEMARTIN,45.50898203592815,10.778443113772456,5.9880239520958085,14.37125748502994,14.37125748502994,760.7655502392345,88.51674641148325,3.592814371257485,8.383233532934131,0.0,51.49700598802395,531.2117503059975
2ae19629-21ef-13a3-e055-000000000001,BONNYGLEN,157.89473684210526,0.0,0.0,10.526315789473683,13.157894736842104,839.7932816537468,100.7751937984496,0.0,0.0,7.894736842105264,36.84210526315789,393.5309973045822
2ae19629-21fc-13a3-e055-000000000001,GILLTOWN,50.0,2.941176470588235,0.0,16.666666666666668,26.470588235294116,794.7470817120623,117.70428015564202,0.0,1.9607843137254901,0.0,50.0,418.51106639839037
2ae19629-2209-13a3-e055-000000000001,KILDARE,37.01451038317838,29.542097488921712,8.341298114519072,43.61803805717265,90.71161699539492,654.6992318978165,138.86251833951843,3.8230949691545746,30.75853679728908,19.463028933877837,134.59032061864627,340.20064493013257
2ae19629-220b-13a3-e055-000000000001,BENNETTSBRIDGE,53.5405872193437,4.317789291882556,1.7271157167530224,12.953367875647668,11.226252158894647,840.9286328460877,88.5640584694755,6.044905008635579,4.317789291882556,0.0,44.90500863557859,452.27475468331846
2ae19629-2211-13a3-e055-000000000001,KILBERRY,23.85008517887564,0.0,0.0,11.92504258943782,8.517887563884157,879.045996592845,52.81090289608177,5.110732538330494,0.0,1.7035775127768313,11.92504258943782,317.0731707317073
2ae19629-2133-13a3-e055-000000000001,KILBRITTAIN,77.28706624605678,12.618296529968454,0.0,22.082018927444796,17.350157728706623,730.6501547987616,133.12693498452015,4.73186119873817,3.1545741324921135,0.0,70.97791798107255,451.35566188197765
2ae19629-2135-13a3-e055-000000000001,KNOCKSKAGH,106.8840579710145,7.246376811594203,0.0,21.73913043478261,28.985507246376812,695.4954954954954,142.34234234234233,0.0,0.0,1.8115942028985508,105.07246376811594,474.48015122873346
2ae19629-214a-13a3-e055-000000000001,BANDON,44.534412955465584,73.77417903733694,7.197480881691408,154.74583895636525,131.3540260908682,575.6506396118218,157.91795324217026,1.3495276653171389,37.7867746288799,10.3463787674314,294.1970310391363,253.68324125230203
2ae19629-214f-13a3-e055-000000000001,KILCRONAT,70.75471698113208,18.867924528301884,0.0,23.58490566037736,9.433962264150942,830.1886792452831,150.94339622641508,0.0,0.0,0.0,103.77358490566039,475.96153846153845
2ae19629-2158-13a3-e055-000000000001,BISHOPSTOWN A,41.05710240679566,17.93298725814063,32.09060877772534,64.18121755545069,146.7673430863615,491.2739965095986,253.4904013961606,25.95563945257197,84.00188768286927,15.101462954223692,100.51911278905145,415.7754010695187
2ae19629-215c-13a3-e055-000000000001,BISHOPSTOWN D,43.97068620919387,9.993337774816789,20.6528980679547,21.319120586275815,59.293804130579616,751.487111698612,165.8955717118308,0.0,53.96402398401066,4.663557628247834,47.30179880079947,584.3981170141224
2ae19629-215e-13a3-e055-000000000001,BLACKPOOL B,42.97872340425532,60.851063829787236,28.51063829787234,165.95744680851064,145.95744680851064,402.2842639593909,273.6886632825719,6.808510638297872,64.68085106382979,38.297872340425535,235.3191489361702,211.54674709177078
2ae19629-2172-13a3-e055-000000000001,FAIR HILL B,26.666666666666668,4.0,0.0,14.666666666666666,9.333333333333334,827.3572377158035,70.3851261620186,16.0,0.0,0.0,33.333333333333336,260.1626016260163
2ae19629-2213-13a3-e055-000000000001,KILCULLEN,36.91639522258415,21.715526601520086,4.071661237785016,37.730727470141154,42.88816503800217,731.5290933694182,164.5466847090663,1.0857763300760044,17.915309446254074,6.243213897937025,89.30510314875136,411.5665356541269
2ae19629-2215-13a3-e055-000000000001,KILLASHEE,85.71428571428571,11.904761904761903,4.761904761904763,11.904761904761903,33.333333333333336,665.893271461717,185.61484918793502,0.0,7.142857142857142,9.523809523809526,71.42857142857143,395.0617283950617
2ae19629-2218-13a3-e055-000000000001,DOON,53.89221556886228,0.0,2.9940119760479043,4.491017964071856,20.958083832335326,870.0147710487445,73.85524372230428,0.0,16.467065868263475,1.4970059880239521,17.964071856287426,530.03003003003
2ae19629-221c-13a3-e055-000000000001,KNOCKNAHOE,35.83061889250815,0.0,0.0,35.83061889250815,26.058631921824105,827.3615635179153,81.43322475570032,0.0,0.0,0.0,68.40390879478828,432.43243243243245
2ae19629-221e-13a3-e055-000000000001,TRALEE RURAL,61.25258086717137,35.52332045105617,8.73524273386627,44.31150404997618,78.29953941447403,674.5481294661623,108.08112652374948,17.62930806289375,42.56445550320292,24.776324845147972,105.08761713166393,371.0187609075044
2ae19629-2220-13a3-e055-000000000001,KILMEAGE SOUTH,48.73646209386281,9.47653429602888,1.8050541516245489,34.29602888086643,46.02888086642599,748.2014388489209,125.89928057553956,9.025270758122744,9.025270758122744,16.24548736462094,72.6534296028881,351.7048108360579
2ae19629-2221-13a3-e055-000000000001,KILPATRICK,47.25274725274725,3.2967032967032965,0.0,14.285714285714285,10.989010989010989,868.1917211328976,70.80610021786492,0.0,5.4945054945054945,0.0,42.857142857142854,283.9224629418472
2ae19629-2224-13a3-e055-000000000001,DROMORE,180.92105263157896,23.02631578947368,0.0,115.13157894736842,82.23684210526316,525.974025974026,266.23376623376623,0.0,9.868421052631579,0.0,240.1315789473684,320.1320132013201
2ae19629-2186-13a3-e055-000000000001,KILGULLANE,37.73584905660377,0.0,0.0,0.0,6.289308176100629,937.1069182389937,44.0251572327044,0.0,0.0,0.0,44.0251572327044,519.7368421052631
2ae19629-218b-13a3-e055-000000000001,SEEFIN,213.64985163204747,2.967359050445104,8.902077151335313,53.41246290801187,44.51038575667656,618.2336182336182,262.1082621082621,0.0,8.902077151335313,2.967359050445104,216.61721068249258,341.10787172011663
2ae19629-2190-13a3-e055-000000000001,MARDYKE,51.3595166163142,14.098690835850956,52.36656596173213,87.61329305135952,198.38872104733133,353.9486203615604,377.7354900095147,13.091641490433032,162.134944612286,12.084592145015106,143.00100704934542,309.33852140077823
2ae19629-2192-13a3-e055-000000000001,MONTENOTTE A,56.95830886670581,20.551967116852612,6.4591896652965355,62.24310041103934,63.41749853200235,598.2558139534883,287.7906976744186,1.7615971814445097,20.551967116852612,5.28479154433353,110.98062243100411,440.7696933253157
2ae19629-2197-13a3-e055-000000000001,SHANDON A,33.56973995271868,63.356973995271865,40.189125295508276,219.38534278959813,192.9078014184397,366.66666666666663,289.2018779342723,5.673758865248227,90.78014184397163,26.47754137115839,297.8723404255319,167.70483948251078
2ae19629-2198-13a3-e055-000000000001,SHANDON B,31.455742501828823,43.891733723482076,27.798098024871983,204.09656181419166,185.0768105340161,375.44357700496806,295.2448545067424,11.704462326261888,65.83760058522311,27.798098024871983,239.94147768836868,248.74191229331416
2ae19629-219f-13a3-e055-000000000001,MANCH,60.40268456375839,1.6778523489932886,0.0,8.389261744966444,15.100671140939598,777.5919732441472,88.62876254180601,1.6778523489932886,3.3557046979865772,0.0,48.65771812080537,455.95854922279796
2ae19629-21a1-13a3-e055-000000000001,MASHANAGLASS,49.9001996007984,3.992015968063872,5.9880239520958085,13.972055888223553,21.956087824351297,836.6533864541833,107.56972111553785,1.996007984031936,11.976047904191617,0.0,53.89221556886228,518.5185185185185
2ae19629-2226-13a3-e055-000000000001,LACK,97.01492537313433,3.7313432835820897,0.0,14.925373134328359,37.31343283582089,728.9377289377289,179.48717948717947,0.0,7.462686567164179,0.0,78.35820895522389,409.77443609022555
2ae19629-2230-13a3-e055-000000000001,DUNURLIN,75.43103448275862,0.0,0.0,19.396551724137932,23.706896551724135,777.5467775467775,166.32016632016632,0.0,4.310344827586206,2.155172413793103,51.724137931034484,838.6411889596603
2ae19629-2235-13a3-e055-000000000001,GLANLEE,72.53886010362693,0.0,0.0,15.544041450777202,31.088082901554404,803.1088082901554,93.26424870466322,0.0,5.181347150259067,0.0,56.994818652849744,432.43243243243245
2ae19629-2238-13a3-e055-000000000001,LICKEEN,71.42857142857143,0.0,0.0,20.408163265306122,10.204081632653061,838.3838383838383,111.1111111111111,0.0,40.816326530612244,0.0,81.63265306122449,484.5360824742268
2ae19629-223b-13a3-e055-000000000001,ATHY RURAL,41.43585198315976,45.4243297141591,3.1021493463328165,47.640150675825396,64.70197208065588,697.8891820580475,123.79067722075638,18.39131398183027,21.050299135829825,38.112120540660314,131.61976512297807,379.1058394160584
2ae19629-223d-13a3-e055-000000000001,BALLAGHMOON,26.90582959641256,22.42152466367713,0.0,17.937219730941703,26.90582959641256,704.035874439462,130.04484304932734,17.937219730941703,8.968609865470851,0.0,67.26457399103138,423.25581395348837
2ae19629-223e-13a3-e055-000000000001,LEIXLIP,41.72436630742368,13.727497140104763,18.96562104882895,36.36582575711964,70.86519356975134,663.3840644583706,188.06326469710535,2.9502077187067255,45.39707387560961,19.38707929435848,89.71039797700043,437.5387284669723
2ae19629-2246-13a3-e055-000000000001,LISSELTON,113.04347826086956,2.898550724637681,0.0,2.898550724637681,8.695652173913043,833.3333333333334,112.06896551724138,0.0,0.0,0.0,57.971014492753625,476.74418604651163
2ae19629-21a5-13a3-e055-000000000001,SKAGH,32.863849765258216,2.347417840375587,2.347417840375587,14.084507042253522,32.863849765258216,912.0370370370371,41.666666666666664,0.0,9.389671361502348,0.0,18.779342723004696,461.72248803827756
2ae19629-21ab-13a3-e055-000000000001,THE GLEN A,35.61424569827931,28.411364545818326,5.602240896358543,30.81232492997199,42.41696678671469,564.297124600639,111.82108626198082,22.008803521408563,21.608643457382954,17.607042817126853,65.22609043617447,225.49019607843138
2ae19629-21b1-13a3-e055-000000000001,TOGHER B,33.8235294117647,10.294117647058824,1.4705882352941175,44.11764705882353,23.52941176470588,746.705710102489,175.69546120058567,1.4705882352941175,11.76470588235294,5.88235294117647,73.52941176470588,338.83058470764615
2ae19629-21b4-13a3-e055-000000000001,TRAMORE C,45.96147347076715,21.966880702940184,14.869888475836431,46.975329503210546,56.10003379520108,680.4296743873783,211.48036253776434,5.069280162216965,42.91990537343697,13.18012842176411,90.9090909090909,441.83638246461857
2ae19629-21c0-13a3-e055-000000000001,TURNER'S CROSS D,26.36916835699797,10.141987829614605,14.198782961460447,28.397565922920894,58.8235294117647,743.4343434343434,173.73737373737376,0.0,26.36916835699797,6.085192697768763,48.6815415821501,435.51797040169134
2ae19629-21c7-13a3-e055-000000000001,MIDLETON RURAL,40.04805766920305,65.27833400080097,7.50901081297557,43.752503003604325,62.57509010812976,693.4023285899094,174.1466812618171,4.405286343612335,23.227873448137768,34.741690028033645,153.9847817380857,437.77846855248157
2ae19629-21d4-13a3-e055-000000000001,KILMEEN,52.63157894736842,26.31578947368421,0.0,5.847953216374268,11.695906432748536,866.2790697674418,29.069767441860463,2.923976608187134,11.695906432748536,0.0,52.63157894736842,433.33333333333337
2ae19629-21e4-13a3-e055-000000000001,TEMPLEBODAN,64.97175141242937,8.474576271186441,9.887005649717516,28.248587570621467,28.248587570621467,782.7926657263752,119.88716502115655,0.0,16.949152542372882,0.0,62.14689265536723,482.1958456973294
2ae19629-224e-13a3-e055-000000000001,MORRISTOWNBILLER,40.129813393247204,48.86725332334769,10.54733820133558,47.68145790426262,78.88660051176434,697.2744769354939,146.45806171229898,4.743181676340261,43.43755850964239,30.643450040566684,141.8585782937028,378.8899582932307
2ae19629-2254-13a3-e055-000000000001,LOUGHBRIN,118.51851851851852,0.0,0.0,14.814814814814815,14.814814814814815,867.6470588235294,66.17647058823529,0.0,0.0,0.0,96.29629629629629,358.2089552238806
2ae19629-2255-13a3-e055-000000000001,LOUGHCURRANE,164.17910447761193,0.0,2.985074626865672,59.701492537313435,44.776119402985074,688.0466472303207,192.41982507288628,0.0,11.940298507462687,8.955223880597016,137.3134328358209,471.47147147147143
2ae19629-2258-13a3-e055-000000000001,BALLYSAX WEST,51.470588235294116,3.2679738562091503,7.352941176470588,15.522875816993464,29.41176470588235,751.8248175182481,106.24493106244931,0.0,10.620915032679738,10.620915032679738,50.65359477124183,356.9641367806505
2ae19629-225a-13a3-e055-000000000001,NAAS RURAL,39.52926976463488,69.70428485214244,11.164755582377792,52.504526252263126,76.94628847314424,680.9907490301403,184.72097881229485,5.431502715751358,38.322269161134585,20.217260108630054,172.9028364514182,417.0886075949367
2ae19629-2266-13a3-e055-000000000001,BERT,23.668639053254438,17.75147928994083,0.0,47.337278106508876,41.42011834319527,784.8837209302325,87.2093023255814,0.0,0.0,0.0,118.34319526627219,347.3053892215569
2ae19629-2269-13a3-e055-000000000001,NURNEY,40.20100502512563,12.56281407035176,0.0,16.75041876046901,22.613065326633166,782.608695652174,108.69565217391305,0.0,1.6750418760469012,1.6750418760469012,44.38860971524288,378.47222222222223
2ae19629-2271-13a3-e055-000000000001,MINARD,46.29629629629629,13.888888888888888,0.0,27.777777777777775,30.09259259259259,772.5225225225225,135.13513513513513,0.0,0.0,0.0,74.07407407407408,766.3551401869158
2ae19629-21ea-13a3-e055-000000000001,MONANIMY,45.990566037735846,12.971698113207548,0.0,16.50943396226415,29.4811320754717,846.9626168224299,120.32710280373831,0.0,2.3584905660377355,3.5377358490566038,63.679245283018865,442.16867469879514
2ae19629-21f3-13a3-e055-000000000001,MOVIDDY,30.553787396562697,3.819223424570337,0.0,14.64035646085296,15.276893698281349,822.8643216080402,117.46231155778894,2.546148949713558,1.9096117122851686,0.0,29.28071292170592,528.0898876404494
2ae19629-21f7-13a3-e055-000000000001,BUNCRANA RURAL,189.07458219007233,19.456223497131457,4.489897730107259,22.698927413320032,27.438263906211024,835.3552859618717,79.97028967566229,0.9977550511349464,7.7326016462958345,5.737091544025941,67.84734347717635,323.6964377903975
2ae19629-2212-13a3-e055-000000000001,KILCOCK,38.765822784810126,44.41681735985534,24.186256781193492,62.04792043399638,67.35985533453888,661.30845323741,158.3857913669065,6.668173598553345,49.954792043399635,29.38517179023508,138.11030741410488,405.99551516582085
2ae19629-2219-13a3-e055-000000000001,DROMIN,85.30805687203792,9.47867298578199,3.554502369668246,17.77251184834123,20.14218009478673,812.206572769953,103.28638497652582,0.0,7.109004739336492,1.1848341232227488,60.426540284360186,464.80582524271847
2ae19629-2227-13a3-e055-000000000001,LACKABAUN,68.23529411764706,4.705882352941176,0.0,2.352941176470588,49.41176470588235,880.4597701149424,73.5632183908046,0.0,0.0,2.352941176470588,49.41176470588235,452.8301886792453
2ae19629-222d-13a3-e055-000000000001,LADYTOWN,35.823950870010236,10.235414534288639,0.0,13.30603889457523,58.34186284544524,804.040404040404,101.01010101010101,0.0,20.470829068577277,7.164790174002047,48.106448311156605,536.0824742268042
2ae19629-2237-13a3-e055-000000000001,LEITRIM,64.63195691202873,0.0,0.0,7.1813285457809695,14.362657091561939,901.7857142857143,64.28571428571428,0.0,1.7953321364452424,1.7953321364452424,41.29263913824058,455.71955719557195
2ae19629-2274-13a3-e055-000000000001,CADAMSTOWN,58.70445344129555,12.145748987854251,4.723346828609987,14.17004048582996,30.364372469635626,721.3642213642214,127.41312741312741,0.6747638326585694,12.145748987854251,5.398110661268555,55.3306342780027,421.5751158173395
2ae19629-227d-13a3-e055-000000000001,MOUNT EAGLE,104.65116279069768,0.0,0.0,0.0,0.0,896.551724137931,51.724137931034484,0.0,0.0,0.0,69.76744186046511,514.6198830409356
2ae19629-228d-13a3-e055-000000000001,CASTLEDERMOT,33.750680457267286,35.92814371257485,1.0887316276537835,26.673924877517692,40.28307022318999,722.072315164598,134.37668645439825,5.9880239520958085,11.431682090364724,13.0647795318454,76.75557974959173,341.9572553430821
2ae19629-228f-13a3-e055-000000000001,STRAFFAN,65.50748079255965,8.896077638495754,0.0,25.47513141932875,35.988677719369186,734.1822522881018,121.76681257461202,0.4043671653861706,10.513546300040437,4.448038819247877,60.250707642539425,441.94756554307116
2ae19629-2299-13a3-e055-000000000001,CLANE,49.644589867990526,33.05878370754824,9.364774906916393,46.14690285456392,63.74816653503329,692.1698218886523,155.3713453567828,2.5950581067358685,26.063409680695024,17.826920907142053,119.93681597653165,407.10541642399534
2ae19629-229a-13a3-e055-000000000001,CLONCURRY,48.78048780487805,6.097560975609756,0.0,20.121951219512194,22.560975609756095,799.1504854368932,121.96601941747574,1.2195121951219512,3.658536585365854,1.2195121951219512,35.975609756097555,501.8820577164367
2ae19629-229b-13a3-e055-000000000001,USK,31.914893617021274,17.73049645390071,5.319148936170213,14.184397163120567,26.595744680851062,765.017667844523,118.37455830388691,0.0,12.411347517730498,0.0,63.82978723404255,400.7352941176471
2ae19629-229d-13a3-e055-000000000001,ATHY EAST URBAN,43.343653250774,44.05810907358895,9.764229578471063,57.870921648011425,75.49416527744701,679.7912713472485,138.51992409867174,3.334127173136461,37.62800666825434,41.43843772326745,137.65182186234819,321.77121771217713
2ae19629-223c-13a3-e055-000000000001,ATHY WEST URBAN,46.50416933932008,18.60166773572803,8.980115458627326,33.354714560615776,71.19948685054523,676.2728146013449,107.90906179955172,7.055805003207183,24.37459910198845,56.767158434894164,78.25529185375241,282.615949282616
2ae19629-2242-13a3-e055-000000000001,GLANMORE,156.52173913043478,0.0,0.0,65.21739130434783,43.47826086956522,632.6530612244899,224.48979591836735,0.0,0.0,0.0,178.26086956521738,437.5
2ae19629-2252-13a3-e055-000000000001,LISTOWEL URBAN,71.9579249342577,32.03442505378914,7.650011953143677,24.14535022710973,30.600047812574708,782.7423167848699,113.2387706855792,17.451589768109013,17.451589768109013,4.303131723643318,84.86732010518766,377.2616136919316
2ae19629-2265-13a3-e055-000000000001,BELAN,37.61755485893417,6.269592476489028,0.0,34.48275862068965,12.539184952978056,666.6666666666666,158.87850467289718,0.0,0.0,0.0,40.75235109717868,350.64935064935065
2ae19629-2268-13a3-e055-000000000001,NEWTOWN,50.54509415262636,18.830525272547074,0.9910802775024776,22.794846382556987,31.714568880079284,713.4445534838077,181.5505397448479,0.0,11.892963330029731,2.973240832507433,70.36669970267592,419.6519959058342
2ae19629-226d-13a3-e055-000000000001,KILCUMMIN,44.01709401709402,14.102564102564102,4.273504273504274,21.367521367521366,23.504273504273502,827.93867120954,82.19761499148211,3.8461538461538463,8.974358974358974,1.7094017094017093,55.128205128205124,469.88485385296724
2ae19629-2272-13a3-e055-000000000001,MOLAHIFFE,61.14050558495003,24.103468547912993,0.5878894767783657,18.224573780129337,21.75191064079953,860.8847497089639,97.78812572759023,0.0,12.933568489124044,2.3515579071134627,66.43151087595533,440.09632751354604
2ae19629-2273-13a3-e055-000000000001,BURTOWN,55.02392344497608,21.5311004784689,0.0,23.923444976076556,38.27751196172249,760.0950118764846,87.88598574821853,0.0,4.784688995215311,0.0,78.94736842105263,385.57213930348263
2ae19629-229f-13a3-e055-000000000001,KILLINANE,96.88581314878893,3.4602076124567476,0.0,41.522491349480966,31.141868512110726,748.3221476510067,130.87248322147653,0.0,6.920415224913495,0.0,83.04498269896193,411.7647058823529
2ae19629-22a2-13a3-e055-000000000001,RATASS,80.85501858736059,1.858736059479554,0.0,13.011152416356877,38.10408921933085,808.3333333333334,107.4074074074074,1.858736059479554,2.7881040892193307,0.929368029739777,43.68029739776952,486.76748582230624
2ae19629-22a7-13a3-e055-000000000001,AGLISH,32.82051282051282,3.076923076923077,0.0,11.282051282051283,11.282051282051283,811.2820512820514,100.51282051282051,7.17948717948718,1.0256410256410255,3.076923076923077,19.48717948717949,426.00422832980973
2ae19629-22b7-13a3-e055-000000000001,KILNANARE,60.22944550669216,14.340344168260037,0.0,13.38432122370937,24.8565965583174,845.0570342205324,69.39163498098858,0.0,4.780114722753346,0.0,69.78967495219885,431.37254901960785
2ae19629-22be-13a3-e055-000000000001,TAHILLA,124.42396313364056,0.0,4.608294930875576,115.2073732718894,46.082949308755765,589.9581589958159,288.70292887029285,0.0,4.608294930875576,0.0,248.8479262672811,317.59656652360513
2ae19629-22c8-13a3-e055-000000000001,CURRAGHMORE,104.71204188481676,2.617801047120419,0.0,13.089005235602095,34.031413612565444,871.7277486910995,83.76963350785341,0.0,0.0,0.0,65.44502617801047,445.94594594594594
2ae19629-22ca-13a3-e055-000000000001,DARRYNANE,93.4065934065934,0.0,0.0,16.483516483516485,54.94505494505494,761.6580310880829,145.07772020725386,0.0,10.989010989010989,0.0,82.41758241758242,569.8924731182797
2ae19629-22d3-13a3-e055-000000000001,BALLYCONRY,83.5214446952596,0.0,0.0,2.257336343115124,6.772009029345372,898.6486486486486,54.054054054054056,0.0,0.0,2.257336343115124,22.573363431151243,418.013856812933
2ae19629-2292-13a3-e055-000000000001,TIMAHOE SOUTH,48.19277108433735,6.024096385542169,0.0,36.144578313253014,30.120481927710845,767.4698795180723,122.89156626506025,0.0,12.048192771084338,3.6144578313253013,62.65060240963856,405.0
2ae19629-2296-13a3-e055-000000000001,O'BRENNAN,56.39097744360902,9.398496240601503,0.0,26.31578947368421,20.676691729323306,836.4312267657992,111.52416356877323,0.0,0.0,0.0,52.63157894736842,367.81609195402297
2ae19629-22a4-13a3-e055-000000000001,CLONCURRY,34.764826175869125,10.224948875255624,0.0,34.764826175869125,22.494887525562373,732.6530612244898,122.44897959183673,0.0,10.224948875255624,4.08997955010225,73.61963190184049,408.0338266384778
2ae19629-22af-13a3-e055-000000000001,DONORE,41.079812206572775,9.389671361502348,0.0,10.56338028169014,30.516431924882628,755.8139534883721,143.02325581395348,0.0,15.258215962441314,2.347417840375587,36.38497652582159,445.37815126050424
2ae19629-22b1-13a3-e055-000000000001,DREHID,44.776119402985074,0.0,0.0,0.0,26.119402985074625,795.539033457249,96.65427509293681,0.0,0.0,3.7313432835820897,26.119402985074625,482.6254826254826
2ae19629-22b6-13a3-e055-000000000001,KILMURRY,59.602649006622514,9.933774834437086,0.0,0.0,9.933774834437086,904.6052631578947,52.63157894736842,3.3112582781456954,0.0,0.0,52.980132450331126,435.8108108108108
2ae19629-22ba-13a3-e055-000000000001,SHRONOWEN,81.81818181818181,9.09090909090909,0.0,9.09090909090909,18.18181818181818,882.3529411764706,76.92307692307693,0.0,4.545454545454545,0.0,40.90909090909091,413.953488372093
2ae19629-22bf-13a3-e055-000000000001,DROICHEAD NUA (NEWBRIDGE) URBAN,36.83405556971706,57.86387968391537,4.843232220239613,75.83482029059394,92.53122610247259,672.9743459486918,138.55727711455424,9.176650522559266,36.06933469283712,19.75528931939842,156.3854193219475,295.6989247311828
2ae19629-22c4-13a3-e055-000000000001,BALLYCALLAN,39.647577092511014,2.2026431718061676,0.0,0.0,4.405286343612335,889.3709327548806,41.214750542299356,6.607929515418502,2.2026431718061676,0.0,17.62114537444934,457.5892857142857
2ae19629-22d0-13a3-e055-000000000001,MOUNTHAZEL,64.81481481481481,3.7037037037037037,0.0,22.22222222222222,24.074074074074073,865.8088235294118,56.98529411764706,0.0,0.0,0.0,46.29629629629629,396.584440227704
2ae19629-22d6-13a3-e055-000000000001,DERREEN,54.72636815920398,14.925373134328359,0.0,9.950248756218905,14.925373134328359,941.1764705882352,29.41176470588235,0.0,4.975124378109452,0.0,54.72636815920398,428.57142857142856
2ae19629-22df-13a3-e055-000000000001,ORANMORE,60.077519379844965,44.142980189491816,13.781223083548666,43.49698535745048,69.55211024978466,726.329167549248,153.56915907646683,3.229974160206718,41.55900086132644,9.905254091300604,127.90697674418605,483.92778511668865
2ae19629-22e2-13a3-e055-000000000001,BALLYEGAN,36.64921465968586,5.235602094240838,0.0,13.089005235602095,26.17801047120419,859.375,80.72916666666667,0.0,0.0,5.235602094240838,47.12041884816754,558.8235294117648
2ae19629-22e9-13a3-e055-000000000001,KILLIAN,88.1542699724518,0.0,0.0,0.0,13.774104683195592,859.8901098901099,54.94505494505494,0.0,0.0,2.7548209366391188,38.56749311294766,472.9344729344729
2ae19629-22eb-13a3-e055-000000000001,PALLAS,42.07920792079208,4.9504950495049505,0.0,22.277227722772277,2.4752475247524752,822.6600985221675,86.20689655172414,22.277227722772277,2.4752475247524752,0.0,39.603960396039604,389.44723618090455
2ae19629-22ed-13a3-e055-000000000001,RAFORD,51.24223602484472,1.5527950310559004,0.0,31.055900621118013,18.633540372670808,810.8527131782945,88.37209302325581,0.0,0.0,0.0,62.11180124223603,478.04878048780483
2ae19629-21f2-13a3-e055-000000000001,MOUNTRIVERS,47.156726768377254,1.3869625520110958,0.0,16.643550624133148,18.030513176144243,822.314049586777,111.5702479338843,0.0,6.934812760055479,0.0,51.317614424410536,466.76096181046677
2ae19629-21f5-13a3-e055-000000000001,TEMPLEMICHAEL,28.350515463917525,7.731958762886598,3.865979381443299,20.61855670103093,19.329896907216497,843.1876606683804,97.68637532133675,0.0,11.597938144329897,2.577319587628866,38.659793814432994,549.2021276595744
2ae19629-2200-13a3-e055-000000000001,BAUNMORE,98.36065573770492,0.0,0.0,0.0,8.196721311475411,909.8360655737705,81.96721311475409,24.59016393442623,0.0,0.0,24.59016393442623,441.66666666666663
2ae19629-2201-13a3-e055-000000000001,KILSHENANE,68.6695278969957,0.0,0.0,42.918454935622314,21.459227467811157,829.0598290598291,106.83760683760683,0.0,0.0,0.0,111.58798283261804,383.62068965517244
2ae19629-2216-13a3-e055-000000000001,KILLINTHOMAS,28.795811518324605,5.235602094240838,0.0,23.56020942408377,10.471204188481677,862.3376623376623,75.32467532467533,0.0,0.0,0.0,36.64921465968586,519.893899204244
2ae19629-2223-13a3-e055-000000000001,KILRUSH,40.345821325648416,1.440922190201729,0.0,5.763688760806916,14.40922190201729,783.6676217765042,85.95988538681948,0.0,5.763688760806916,1.440922190201729,18.731988472622476,409.0909090909091
2ae19629-222b-13a3-e055-000000000001,KILTEEL,41.00946372239748,7.886435331230284,0.0,11.041009463722398,33.123028391167196,747.6489028213166,144.20062695924764,1.5772870662460567,1.5772870662460567,4.73186119873817,45.74132492113565,469.15584415584414
2ae19629-2232-13a3-e055-000000000001,ENNISMORE,120.93862815884476,10.830324909747292,0.0,3.6101083032490977,28.88086642599278,849.7316636851521,89.44543828264759,1.8050541516245489,0.0,0.0,72.20216606498195,355.3113553113553
2ae19629-2241-13a3-e055-000000000001,GLANLOUGH,200.0,6.451612903225806,0.0,12.903225806451612,38.70967741935484,696.2025316455697,170.8860759493671,0.0,0.0,0.0,154.83870967741936,298.0132450331126
2ae19629-2248-13a3-e055-000000000001,BALLITORE,33.81642512077295,17.713365539452496,0.0,37.03703703703704,40.25764895330113,718.0722891566264,118.87550200803213,0.8051529790660226,4.830917874396135,2.4154589371980677,98.22866344605475,322.28666114333055
2ae19629-224d-13a3-e055-000000000001,MOONE,52.41935483870968,4.032258064516129,0.0,26.20967741935484,22.17741935483871,691.2350597609562,151.39442231075697,0.0,4.032258064516129,6.048387096774193,48.387096774193544,402.89256198347107
2ae19629-2270-13a3-e055-000000000001,MILLTOWN,59.646236116824355,34.55368161250514,4.936240230357877,30.44014808720691,41.13533525298231,774.4977449774498,109.0610906109061,2.4681201151789387,24.269847799259566,4.936240230357877,114.35623200329083,402.71877655055226
2ae19629-2275-13a3-e055-000000000001,CARBURY,36.386986301369866,10.273972602739725,0.8561643835616438,39.38356164383561,40.667808219178085,747.9744136460554,88.69936034115139,4.7089041095890405,14.554794520547944,14.554794520547944,80.0513698630137,338.0846325167038
2ae19629-2276-13a3-e055-000000000001,POLLARDSTOWN,68.8622754491018,0.0,0.0,8.982035928143713,47.90419161676647,801.1869436201781,103.85756676557864,17.964071856287426,11.976047904191617,0.0,35.92814371257485,397.5903614457831
2ae19629-2279-13a3-e055-000000000001,RATHERNAN,57.35294117647059,19.117647058823533,0.0,11.76470588235294,45.588235294117645,723.2796486090775,98.09663250366033,11.76470588235294,0.0,4.411764705882353,61.76470588235294,361.280487804878
2ae19629-227a-13a3-e055-000000000001,KILFLYN,64.39393939393939,7.575757575757576,0.0,0.0,34.090909090909086,844.6969696969697,125.0,0.0,3.787878787878788,0.0,49.24242424242424,439.6887159533074
2ae19629-2284-13a3-e055-000000000001,SKERRIES,49.22644163150492,4.219409282700422,0.0,16.877637130801688,29.535864978902953,850.7670850767086,76.70850767085078,28.129395218002813,8.438818565400844,0.0,49.22644163150492,341.99134199134204
2ae19629-228a-13a3-e055-000000000001,NEWTOWNSANDES,45.21276595744681,15.070921985815602,0.0,7.978723404255319,10.638297872340425,850.2202643171805,65.19823788546256,1.7730496453900708,0.8865248226950354,0.8865248226950354,36.34751773049645,357.8656853725851
2ae19629-2293-13a3-e055-000000000001,KILLARNEY URBAN,48.49600982197667,77.45037855535094,6.0364231634949865,94.43421321874361,108.75792919991815,661.676361209116,133.8800419567083,5.934110906486597,59.034172293840804,20.155514630652753,224.57540413341516,319.708460553531
2ae19629-22a1-13a3-e055-000000000001,KILLURY,61.224489795918366,10.204081632653061,2.0408163265306123,20.408163265306122,28.57142857142857,912.4236252545826,59.063136456211815,2.0408163265306123,2.0408163265306123,6.122448979591836,46.93877551020408,395.8333333333333
2ae19629-22a3-13a3-e055-000000000001,RATHEA,105.76923076923077,0.0,0.0,2.403846153846154,19.230769230769234,898.3451536643025,85.1063829787234,0.0,4.807692307692308,2.403846153846154,45.67307692307692,388.34951456310677
2ae19629-22a5-13a3-e055-000000000001,DONADEA,47.00352526439483,8.225616921269095,1.1750881316098707,19.9764982373678,24.676850763807284,756.1260210035006,148.19136522753791,0.0,2.3501762632197414,0.0,50.528789659224444,511.43200962695545
2ae19629-22a6-13a3-e055-000000000001,DONAGHCUMPER,42.22357229647631,25.972053462940462,19.74483596597813,48.450789793438645,69.71445929526124,649.2784125075165,184.90679494888755,1.8226002430133657,50.880923450789794,30.072904009720535,112.84933171324423,424.7538677918425
2ae19629-22a9-13a3-e055-000000000001,BALLEEN,45.36489151873768,3.9447731755424065,0.0,5.9171597633136095,1.9723865877712032,882.0116054158608,73.5009671179884,0.0,0.0,0.0,27.613412228796843,428.2828282828283
2ae19629-22ad-13a3-e055-000000000001,REEN,75.5813953488372,5.813953488372093,0.0,58.13953488372093,23.25581395348837,761.6279069767442,174.4186046511628,0.0,0.0,0.0,127.90697674418605,478.78787878787875
2ae19629-22b5-13a3-e055-000000000001,BALLYBEAGH,67.2782874617737,3.058103975535168,0.0,3.058103975535168,18.34862385321101,825.6880733944954,110.09174311926606,0.0,0.0,0.0,39.75535168195719,425.39682539682536
2ae19629-22cb-13a3-e055-000000000001,DAWROS,168.0672268907563,1.680672268907563,1.680672268907563,55.462184873949575,47.05882352941176,657.937806873977,224.2225859247136,0.0,5.04201680672269,1.680672268907563,189.9159663865546,413.73534338358456
2ae19629-22d9-13a3-e055-000000000001,DOOCARRIG,31.83791606367583,8.683068017366137,5.788712011577424,0.0,20.260492040520983,910.6628242074928,40.345821325648416,0.0,10.130246020260492,0.0,17.366136034732275,419.2592592592593
2ae19629-22da-13a3-e055-000000000001,KILLEENAVARRA,80.71748878923766,6.72645739910314,3.36322869955157,19.05829596412556,49.327354260089685,747.5083056478405,189.3687707641196,1.1210762331838564,8.968609865470851,6.72645739910314,69.50672645739911,500.0
2ae19629-22dd-13a3-e055-000000000001,MOYRUS,60.79027355623101,0.0,0.0,57.75075987841945,63.82978723404255,763.4730538922155,161.67664670658684,0.0,48.632218844984806,6.079027355623101,63.82978723404255,577.9816513761467
2ae19629-22de-13a3-e055-000000000001,OATFIELD,45.24886877828054,0.0,0.0,6.787330316742081,6.787330316742081,923.7668161434977,44.84304932735426,0.0,2.2624434389140275,0.0,38.46153846153847,521.8390804597701
2ae19629-22f3-13a3-e055-000000000001,CUR,110.38961038961038,12.987012987012989,0.0,12.987012987012989,0.0,831.1688311688313,90.9090909090909,0.0,0.0,0.0,71.42857142857143,577.1812080536913
2ae19629-22f6-13a3-e055-000000000001,KILLOGILLEEN,68.36734693877551,2.0408163265306123,0.0,14.285714285714285,19.387755102040817,807.3394495412845,101.9367991845056,1.0204081632653061,1.0204081632653061,0.0,48.97959183673469,504.2283298097252
2ae19629-22f7-13a3-e055-000000000001,KILLORAN,48.95104895104895,6.993006993006993,0.0,0.0,0.0,937.5,27.777777777777775,0.0,0.0,0.0,27.972027972027973,370.90909090909093
2ae19629-22f9-13a3-e055-000000000001,RAHEEN,74.28571428571429,9.523809523809526,13.333333333333334,1.9047619047619047,20.952380952380953,891.4285714285714,60.95238095238095,0.0,15.238095238095237,0.0,34.285714285714285,381.4229249011858
2ae19629-2300-13a3-e055-000000000001,Crump Island,95.05703422053232,0.0,0.0,30.418250950570343,22.813688212927758,658.0882352941177,261.0294117647059,0.0,0.0,3.802281368821293,64.63878326996198,452.8301886792453
2ae19629-2304-13a3-e055-000000000001,DERRYGLASSAUN,74.07407407407408,2.05761316872428,0.0,26.74897119341564,13.37448559670782,858.6065573770492,92.21311475409837,3.0864197530864197,0.0,2.05761316872428,65.84362139917695,484.1101694915254
2ae19629-2309-13a3-e055-000000000001,SELERNA,78.52348993288591,11.409395973154362,1.3422818791946307,22.14765100671141,33.557046979865774,771.1244178310046,131.7365269461078,0.6711409395973154,7.382550335570469,1.3422818791946307,55.033557046979865,841.4550446122169
2ae19629-2315-13a3-e055-000000000001,KILLURSA,67.1971706454465,16.799292661361626,0.8841732979664013,20.335985853227232,31.83023872679045,816.7400881057268,143.6123348017621,0.0,2.6525198938992043,4.420866489832007,70.73386383731211,459.7285067873303
2ae19629-2327-13a3-e055-000000000001,TAGHBOY,69.86899563318777,13.100436681222707,0.0,26.200873362445414,30.567685589519648,807.8602620087336,113.53711790393014,0.0,0.0,0.0,39.301310043668124,413.6363636363636
2ae19629-2328-13a3-e055-000000000001,TEMPLETOGHER,69.54436450839329,0.0,2.398081534772182,4.796163069544364,7.194244604316547,921.2410501193318,45.346062052505964,31.17505995203837,2.398081534772182,0.0,14.388489208633095,468.3544303797468
2ae19629-2329-13a3-e055-000000000001,BLENNERVILLE,83.68200836820083,2.7894002789400276,0.0,11.15760111576011,22.31520223152022,815.0208623087622,112.65646731571627,0.0,1.3947001394700138,1.3947001394700138,30.683403068340308,449.21316165951356
2ae19629-2330-13a3-e055-000000000001,KILSHANVY,66.98564593301435,0.0,0.0,4.784688995215311,14.354066985645934,826.1904761904761,116.66666666666667,2.3923444976076556,4.784688995215311,0.0,40.66985645933014,490.0990099009901
2ae19629-2331-13a3-e055-000000000001,KILTARTAN,48.17861339600471,5.875440658049354,0.0,11.750881316098708,22.326674500587544,812.5727590221188,98.9522700814901,0.0,1.1750881316098707,1.1750881316098707,35.252643948296125,442.9611650485437
2ae19629-2334-13a3-e055-000000000001,TOBERADOSH,70.8860759493671,10.126582278481013,0.0,0.0,15.189873417721518,842.1052631578947,42.606516290726816,0.0,2.5316455696202533,0.0,43.037974683544306,410.2564102564102
2ae19629-233b-13a3-e055-000000000001,KILTESKILL,76.92307692307693,2.5641025641025643,0.0,23.076923076923077,53.84615384615385,816.793893129771,109.41475826972011,0.0,7.6923076923076925,0.0,53.84615384615385,526.1780104712042
2ae19629-233d-13a3-e055-000000000001,KILTORMER,39.10614525139665,3.7243947858473,0.0,5.58659217877095,22.3463687150838,890.3345724907064,57.62081784386617,1.86219739292365,0.0,1.86219739292365,29.7951582867784,366.7334669338677
2ae19629-233e-13a3-e055-000000000001,TUAM RURAL,57.77230010784163,59.77507317824681,15.251887228470189,53.45863503312279,77.64597134493914,692.6479560707749,104.78950579621721,58.696656909567096,44.677245416730855,27.114466183947005,159.60560776459715,358.8235294117647
2ae19629-2348-13a3-e055-000000000001,GRANGE,42.34122042341221,8.7173100871731,0.0,4.981320049813201,18.679950186799502,898.1366459627329,75.77639751552795,1.2453300124533002,1.2453300124533002,0.0,37.359900373599004,403.8709677419355
2ae19629-234b-13a3-e055-000000000001,KINVARRA,83.33333333333333,4.521963824289405,0.0,26.48578811369509,41.343669250645995,727.8562259306804,222.07958921694478,1.2919896640826873,8.397932816537468,0.0,71.0594315245478,504.63576158940396
2ae19629-2355-13a3-e055-000000000001,HEADFORD,62.7027027027027,22.7027027027027,6.486486486486486,30.27027027027027,48.10810810810811,763.4120171673819,131.43776824034333,22.16216216216216,17.83783783783784,13.513513513513514,101.08108108108108,432.084963666853
2ae19629-2356-13a3-e055-000000000001,HILLSBROOK,66.37806637806638,0.0,0.0,7.215007215007215,17.316017316017316,857.1428571428571,62.04906204906205,10.101010101010102,1.443001443001443,0.0,37.51803751803752,435.1713859910582
2ae19629-2359-13a3-e055-000000000001,LEITRIM,61.705989110707804,9.074410163339383,0.0,36.29764065335753,29.038112522686024,846.2929475587704,106.69077757685352,18.148820326678766,1.8148820326678765,1.8148820326678765,81.66969147005445,480.3738317757009
2ae19629-2366-13a3-e055-000000000001,CASTLEGREGORY,69.88188976377953,0.0,1.968503937007874,22.637795275590552,38.38582677165355,761.7675312199808,171.95004803073968,0.0,2.952755905511811,0.984251968503937,70.86614173228347,511.39742319127845
2ae19629-2375-13a3-e055-000000000001,RAHOON,58.70386515547806,35.45480964835804,27.31764022086603,55.50712002324906,92.41499564080209,551.348250143431,218.3017785427424,31.676838128451035,75.55943039814008,17.436791630340018,119.15140947399013,389.6026292201972
2ae19629-2379-13a3-e055-000000000001,CASTLEQUIN,99.30313588850174,0.0,0.0,50.52264808362369,12.195121951219512,830.1886792452831,104.63121783876501,0.0,3.484320557491289,1.7421602787456445,90.59233449477352,471.1033274956217
2ae19629-237a-13a3-e055-000000000001,CAUSEWAY,68.5805422647528,9.569377990430622,1.594896331738437,9.569377990430622,7.974481658692184,896.4968152866242,54.140127388535035,6.379585326953748,3.189792663476874,0.0,39.87240829346093,326.1943986820428
2ae19629-237e-13a3-e055-000000000001,LISCANANAUN,62.69592476489028,9.404388714733543,10.031347962382446,21.9435736677116,18.808777429467085,833.8538413491567,103.68519675202998,6.269592476489028,12.539184952978056,0.6269592476489029,56.426332288401255,474.8711340206185
2ae19629-237f-13a3-e055-000000000001,LISHEENAVALLA,43.35793357933579,9.22509225092251,0.0,16.605166051660518,33.210332103321036,831.3364055299539,86.63594470046084,0.9225092250922509,5.535055350553505,6.4575645756457565,32.28782287822878,473.4848484848485
2ae19629-2380-13a3-e055-000000000001,LISMANNY,37.87878787878788,0.0,0.0,0.0,15.151515151515152,909.090909090909,34.090909090909086,3.787878787878788,0.0,0.0,3.787878787878788,444.8818897637795
2ae19629-238d-13a3-e055-000000000001,LOUGHREA RURAL,53.75139977603583,3.3594624860022395,3.3594624860022395,12.318029115341545,27.99552071668533,839.6436525612472,79.06458797327394,19.036954087346025,5.599104143337066,1.1198208286674132,40.31354983202687,452.353616532721
2ae19629-2394-13a3-e055-000000000001,CLOGHERBRIEN,70.4874835309618,6.587615283267457,0.6587615283267457,9.881422924901186,21.080368906455863,849.5114006514658,98.371335504886,0.6587615283267457,5.270092226613966,1.3175230566534915,38.866930171278,533.2437877770316
2ae19629-2397-13a3-e055-000000000001,KILCONIERIN,73.07171853856563,25.71041948579161,0.0,29.76995940460081,32.47631935047361,815.114709851552,110.6612685560054,0.0,1.3531799729364007,0.0,115.02029769959404,448.57142857142856
2ae19629-23a0-13a3-e055-000000000001,CLYDAGH,58.333333333333336,16.666666666666668,0.0,50.0,41.666666666666664,720.0,168.0,8.333333333333334,0.0,41.666666666666664,108.33333333333334,553.7190082644629
2ae19629-23a1-13a3-e055-000000000001,COOLIES,57.75764439411098,22.650056625141563,2.2650056625141564,45.300113250283125,35.107587768969424,817.7777777777778,103.33333333333333,0.0,12.457531143827861,1.1325028312570782,104.19026047565119,479.95418098510885
2ae19629-23a4-13a3-e055-000000000001,KILCUMMIN,105.88235294117646,0.0,0.0,11.76470588235294,11.76470588235294,776.4705882352941,123.52941176470588,0.0,0.0,0.0,41.1764705882353,670.7317073170732
2ae19629-23b0-13a3-e055-000000000001,CORDAL,50.35971223021583,3.5971223021582737,0.0,7.194244604316547,17.985611510791365,928.31541218638,46.59498207885305,0.0,0.0,0.0,35.97122302158273,462.6865671641791
2ae19629-23b3-13a3-e055-000000000001,KILKIERAN,49.64539007092199,0.0,1.4184397163120568,14.184397163120567,12.76595744680851,853.314527503526,84.62623413258109,0.0,7.092198581560283,0.0,29.787234042553195,491.27906976744185
2ae19629-23ba-13a3-e055-000000000001,CALLAN URBAN,51.98147195059187,33.968090581574884,15.440041173443129,69.48018528049408,42.202779207411226,736.4144235652616,118.84205180294566,5.661348430262481,24.18939783839424,7.205352547606794,125.06433350488935,325.9376650818806
2ae19629-23bc-13a3-e055-000000000001,KILMAGANNY,71.32667617689016,11.412268188302425,0.0,14.265335235378032,17.118402282453637,792.0792079207921,141.44271570014143,0.0,5.706134094151213,0.0,69.90014265335236,427.73722627737226
2ae19629-23bd-13a3-e055-000000000001,KILMAKEVOGE,38.27751196172249,2.3923444976076556,0.0,7.177033492822967,9.569377990430622,812.6463700234192,93.6768149882904,2.3923444976076556,0.0,0.0,21.5311004784689,390.3614457831325
2ae19629-23c0-13a3-e055-000000000001,CASTLEGANNON,62.893081761006286,0.0,0.0,0.0,6.289308176100629,893.75,87.5,0.0,0.0,0.0,12.578616352201259,438.35616438356163
2ae19629-2287-13a3-e055-000000000001,KILLAHAN,66.32653061224491,0.0,0.0,10.204081632653061,7.653061224489796,850.632911392405,68.35443037974684,0.0,2.5510204081632653,0.0,45.91836734693878,388.8888888888889
2ae19629-2291-13a3-e055-000000000001,TIMAHOE NORTH,32.05128205128205,5.608974358974359,0.0,12.01923076923077,9.615384615384617,823.7639553429027,108.45295055821371,2.403846153846154,0.0,0.8012820512820512,27.243589743589745,445.9016393442623
2ae19629-2298-13a3-e055-000000000001,CHURCHTOWN,49.090909090909086,7.2727272727272725,0.0,5.454545454545455,12.727272727272728,866.4259927797834,61.371841155234655,0.0,0.0,1.8181818181818181,25.454545454545457,422.22222222222223
2ae19629-229e-13a3-e055-000000000001,AGHAVILLER,51.39186295503212,21.41327623126338,0.0,17.130620985010708,19.271948608137045,828.0922431865828,96.43605870020964,0.0,0.0,2.1413276231263385,70.66381156316918,479.3028322440087
2ae19629-22a8-13a3-e055-000000000001,ATTANAGH,30.534351145038165,2.544529262086514,5.089058524173028,22.900763358778626,10.178117048346056,891.0891089108911,86.63366336633663,0.0,2.544529262086514,0.0,27.989821882951656,442.10526315789474
2ae19629-22ae-13a3-e055-000000000001,ROCKFIELD,93.6768149882904,9.36768149882904,0.0,11.7096018735363,32.786885245901644,854.8009367681499,91.33489461358315,0.0,4.68384074941452,4.68384074941452,98.36065573770492,438.55421686746985
2ae19629-22b0-13a3-e055-000000000001,DOWNINGS,47.10851202079272,10.071474983755685,4.223521767381416,29.889538661468485,49.707602339181285,732.772565512779,149.14267227434487,6.49772579597141,11.046133853151396,19.49317738791423,70.82521117608836,412.90538281511203
2ae19629-22b3-13a3-e055-000000000001,BALLINAMARA,43.70179948586119,5.141388174807197,0.0,20.56555269922879,15.424164524421593,805.1282051282052,84.61538461538461,0.0,2.5706940874035986,2.5706940874035986,38.56041131105398,450.13477088948787
2ae19629-23c1-13a3-e055-000000000001,CLARA,36.58536585365854,2.710027100271003,1.3550135501355014,16.260162601626018,21.680216802168022,776.4550264550265,96.56084656084656,1.3550135501355014,6.775067750677507,0.0,40.65040650406504,452.31607629427793
2ae19629-23c2-13a3-e055-000000000001,KILTORCAN,53.191489361702125,0.0,0.0,15.957446808510637,21.27659574468085,904.2553191489362,53.191489361702125,0.0,0.0,0.0,42.5531914893617,403.31491712707185
2ae19629-23c3-13a3-e055-000000000001,KNOCKTOPHER,40.66543438077634,0.0,1.8484288354898337,11.090573012939002,18.48428835489834,847.1454880294659,92.08103130755065,0.0,3.6968576709796674,3.6968576709796674,33.271719038817004,454.1984732824427
2ae19629-23c7-13a3-e055-000000000001,LISTERLIN,53.86416861826697,0.0,0.0,0.0,4.68384074941452,911.2149532710281,60.74766355140187,0.0,0.0,2.34192037470726,16.393442622950822,405.94059405940595
2ae19629-23cf-13a3-e055-000000000001,MUCKALEE,28.8,0.0,0.0,0.0,16.0,926.4,40.0,0.0,0.0,3.2,9.6,437.7104377104377
2ae19629-23d1-13a3-e055-000000000001,OUTRATH,55.26315789473684,0.0,0.0,22.36842105263158,11.842105263157896,830.7291666666666,97.65625,2.631578947368421,1.3157894736842104,0.0,27.63157894736842,466.57754010695186
2ae19629-23d4-13a3-e055-000000000001,DUNBELL,13.592233009708737,0.0,0.0,11.650485436893204,21.359223300970875,838.0952380952381,78.09523809523809,13.592233009708737,5.825242718446602,0.0,29.12621359223301,431.640625
2ae19629-23de-13a3-e055-000000000001,POWERSTOWN,66.79389312977099,1.9083969465648853,0.0,5.7251908396946565,17.17557251908397,826.3358778625955,62.977099236641216,0.0,1.9083969465648853,0.0,43.89312977099236,418.1459566074951
2ae19629-22bb-13a3-e055-000000000001,SNEEM,111.39240506329114,17.721518987341774,2.5316455696202533,120.25316455696203,96.20253164556962,582.5358851674641,197.3684210526316,1.2658227848101267,8.860759493670887,6.329113924050633,263.29113924050637,301.3698630136986
2ae19629-22bc-13a3-e055-000000000001,St. FINAN'S,70.17543859649122,0.0,0.0,52.63157894736842,11.695906432748536,800.0,160.0,0.0,0.0,5.847953216374268,99.41520467836257,693.6416184971098
2ae19629-22c1-13a3-e055-000000000001,DUNMANOGE,56.644880174291934,8.71459694989107,0.0,17.42919389978214,15.250544662309368,854.6637744034707,78.09110629067246,0.0,4.357298474945535,0.0,50.108932461873636,403.97350993377484
2ae19629-22c2-13a3-e055-000000000001,DUNMURRY,41.666666666666664,11.904761904761903,1.984126984126984,9.920634920634921,31.746031746031743,787.6984126984127,87.30158730158729,0.0,3.968253968253968,9.920634920634921,25.79365079365079,414.14141414141415
2ae19629-22cc-13a3-e055-000000000001,DEELIS,97.82608695652175,0.0,0.0,29.89130434782609,27.17391304347826,715.4255319148937,170.2127659574468,0.0,5.434782608695652,0.0,78.80434782608695,453.03867403314916
2ae19629-22cd-13a3-e055-000000000001,KILLEANY,106.55737704918032,3.278688524590164,0.0,24.59016393442623,27.868852459016395,766.6126418152351,157.2123176661264,0.0,3.278688524590164,0.0,77.04918032786885,457.71144278606965
2ae19629-22d1-13a3-e055-000000000001,MOYCULLEN,78.65628840639083,16.386726751331423,16.386726751331423,28.2671036460467,59.81155264235969,701.5046766978446,181.78121187474582,0.40966816878328555,37.68947152806227,4.506349856616141,81.9336337566571,590.6236919213061
2ae19629-22d2-13a3-e055-000000000001,MOYNE,45.6490727532097,1.4265335235378032,0.0,7.132667617689016,8.559201141226819,913.2290184921765,46.94167852062589,15.691868758915835,1.4265335235378032,0.0,24.251069900142657,468.93491124260356
2ae19629-23e2-13a3-e055-000000000001,RATHBEAGH,64.05693950177937,17.793594306049823,0.0,21.352313167259787,10.676156583629894,822.2996515679442,101.04529616724739,0.0,3.558718861209964,0.0,67.61565836298932,482.14285714285717
2ae19629-23e5-13a3-e055-000000000001,RATHPATRICK,48.6048604860486,9.000900090009,0.0,18.901890189018903,35.1035103510351,790.3657448706513,114.18376449598573,0.0,1.8001800180018002,4.5004500450045,45.004500450045,384.82632541133455
2ae19629-23e7-13a3-e055-000000000001,FIDDOWN,48.06786050895382,6.597549481621112,0.0,16.965127238454286,26.390197926484447,786.046511627907,127.44186046511626,0.0,4.7125353440150795,0.942507068803016,55.60791705937795,458.8910133843212
2ae19629-23fe-13a3-e055-000000000001,JOHNSTOWN,43.47826086956522,4.576659038901602,6.864988558352402,9.153318077803204,19.450800915331808,824.4013683010262,38.76852907639681,1.1441647597254005,17.162471395881006,2.288329519450801,26.31578947368421,423.16784869976357
2ae19629-2404-13a3-e055-000000000001,KILBRIDE,30.15075376884422,0.0,0.0,7.537688442211055,15.07537688442211,840.3990024937656,129.67581047381546,0.0,0.0,0.0,17.587939698492463,470.2842377260982
2ae19629-2405-13a3-e055-000000000001,TULLAHERIN,101.76991150442478,0.0,0.0,22.123893805309734,22.123893805309734,852.1739130434783,56.52173913043478,0.0,0.0,0.0,53.097345132743364,517.8571428571429
2ae19629-240b-13a3-e055-000000000001,KILKEASY,40.100250626566414,12.531328320802004,0.0,10.025062656641603,30.075187969924812,889.7243107769424,82.70676691729322,0.0,0.0,0.0,55.13784461152882,428.1984334203655
2ae19629-240d-13a3-e055-000000000001,KILKENNY No. 2 URBAN,47.941767068273094,30.873493975903614,15.311244979919678,63.00200803212852,64.75903614457832,632.1029626032055,186.01262748907234,3.263052208835341,41.415662650602414,11.295180722891565,117.9718875502008,333.1667083229193
2ae19629-22d4-13a3-e055-000000000001,BALLYDUFF,72.02881152460984,4.801920768307323,0.0,2.4009603841536613,12.004801920768308,899.5271867612294,62.64775413711583,9.603841536614645,0.0,0.0,34.813925570228086,407.22891566265065
2ae19629-22e4-13a3-e055-000000000001,BALLYHAR,60.60606060606061,25.252525252525253,0.0,15.151515151515152,30.303030303030305,840.0,110.0,0.0,0.0,0.0,90.9090909090909,479.3814432989691
2ae19629-22e8-13a3-e055-000000000001,KILLERORAN,64.44099378881987,62.888198757763966,0.7763975155279502,13.198757763975156,10.869565217391305,877.0176787086856,67.6402767102229,41.92546583850932,0.7763975155279502,6.211180124223602,107.14285714285714,435.6748224151539
2ae19629-22ea-13a3-e055-000000000001,KILLIMOR,36.56821378340366,4.219409282700422,25.31645569620253,18.28410689170183,12.658227848101266,890.9090909090909,58.74125874125874,19.69057665260197,35.16174402250351,0.0,36.56821378340366,359.42028985507244
2ae19629-22ef-13a3-e055-000000000001,BALLYHORGAN,83.88520971302428,4.415011037527594,0.0,8.830022075055188,30.90507726269316,872.5274725274726,87.91208791208791,4.415011037527594,2.207505518763797,0.0,41.94260485651214,444.19642857142856
2ae19629-22fc-13a3-e055-000000000001,ROUNDSTONE,82.75862068965517,6.896551724137931,0.0,29.885057471264368,39.08045977011494,811.2359550561797,107.86516853932585,0.0,6.896551724137931,0.0,64.36781609195403,352.66821345707655
2ae19629-2301-13a3-e055-000000000001,DEERPARK,61.366806136680616,9.762900976290098,0.0,6.2761506276150625,22.31520223152022,861.1111111111112,87.5,1.3947001394700138,1.3947001394700138,1.3947001394700138,41.84100418410041,426.12419700214133
2ae19629-230f-13a3-e055-000000000001,BANAWN,120.75471698113208,7.547169811320755,0.0,45.283018867924525,11.320754716981131,707.8651685393259,202.24719101123594,0.0,3.7735849056603774,3.7735849056603774,94.33962264150944,460.62992125984255
2ae19629-22c9-13a3-e055-000000000001,CURRANS,59.25925925925926,0.0,0.0,7.407407407407407,22.22222222222222,859.2592592592592,59.25925925925926,0.0,3.7037037037037037,0.0,25.925925925925924,492.42424242424244
2ae19629-22cf-13a3-e055-000000000001,KILLEEN,49.247606019151846,0.0,0.0,5.471956224350205,21.88782489740082,888.283378746594,57.22070844686648,0.0,2.7359781121751023,0.0,19.151846785225718,504.22535211267603
2ae19629-22d5-13a3-e055-000000000001,BALLYDUFF,148.14814814814815,0.0,0.0,22.22222222222222,14.814814814814815,705.8823529411765,161.76470588235296,7.407407407407407,0.0,0.0,96.29629629629629,613.6363636363636
2ae19629-22d8-13a3-e055-000000000001,DINGLE,78.23613086770982,15.647226173541963,0.0,91.74964438122332,52.63157894736842,641.5320167564332,225.6134051466188,0.0,16.35846372688478,0.7112375533428166,154.33854907539117,524.6500304321363
2ae19629-22dc-13a3-e055-000000000001,MOYODE,64.62585034013605,10.204081632653061,0.0,3.401360544217687,23.809523809523807,764.3097643097643,144.78114478114477,3.401360544217687,3.401360544217687,0.0,30.612244897959183,459.64912280701753
2ae19629-22ec-13a3-e055-000000000001,PORTUMNA,71.7163577759871,46.73650282030621,10.072522159548752,25.382755842062853,29.008863819500405,781.9488817891373,108.22683706070288,20.54794520547945,15.713134568896052,6.043513295729251,112.81224818694602,371.02765167148164
2ae19629-22f0-13a3-e055-000000000001,CREGGS,82.85714285714285,11.428571428571429,0.0,11.428571428571429,31.42857142857143,883.1908831908833,68.37606837606839,0.0,2.857142857142857,0.0,60.0,405.24781341107877
2ae19629-22f2-13a3-e055-000000000001,CUMMER,81.31487889273356,4.325259515570934,11.24567474048443,15.570934256055363,19.896193771626297,839.655172413793,88.79310344827586,14.705882352941176,19.031141868512112,3.4602076124567476,52.7681660899654,452.8301886792453
2ae19759-1f5b-13a3-e055-400000000001,WHITECHURCH,30.405405405405407,22.804054054054053,2.5337837837837838,20.27027027027027,21.95945945945946,843.4343434343434,92.59259259259258,17.736486486486484,8.445945945945946,4.222972972972973,63.3445945945946,454.30579964850614
2ae19809-1f5b-13a3-e055-900000000001,INISHKENNY,33.49183378126938,60.574736406863764,52.718627248294396,48.79057266900972,117.22141823444284,633.2784862196627,156.3142739613328,4.548273723382262,132.72689683688236,24.602026049204053,146.16497829232998,404.82802819910273
52b67420-9925-451f-8d49-872af209226e,BALLYBEG SOUTH/BALLYNANEASHAGH,44.06779661016949,6.779661016949152,6.779661016949152,6.779661016949152,33.898305084745765,752.411575562701,54.662379421221864,200.0,16.949152542372882,10.169491525423728,27.11864406779661,323.4323432343234
60df415c-3e8d-4147-9d5f-2524194c8d6c,CAPARD/BRISHA,27.607361963190183,0.0,0.0,18.404907975460123,12.269938650306749,814.0243902439024,88.41463414634146,9.202453987730062,0.0,0.0,36.809815950920246,393.6507936507936
6b896afd-b53d-4ebc-bd6e-0154e333b3af,St. MARY'S (EAST),28.271773825809394,8.207934336525307,4.559963520291838,15.503875968992247,22.343821249430004,839.9272396543884,94.1336971350614,10.031919744642043,15.503875968992247,3.191974464204286,27.359781121751027,413.35824381130317
922546d5-3ff0-4121-bfc2-ddab853e004a,LOUGH ALLEN/ALTAGOWLAN,141.4141414141414,3.3670033670033668,0.0,23.56902356902357,33.67003367003367,790.0,123.33333333333334,0.0,0.0,0.0,127.94612794612794,274.5762711864407
dbab8c3d-d659-4fa5-ad92-f90a6bf64249,BALLYEIGHTER/GLENROE,72.39819004524888,4.524886877828055,0.0,9.04977375565611,13.574660633484163,855.8558558558559,94.5945945945946,0.0,0.0,0.0,72.39819004524888,545.0236966824644
ee73a85e-7ac6-4aa6-82d2-09c321be7258,MOVEEN/TULLIG,67.79661016949153,0.0,0.0,0.0,28.248587570621467,866.6666666666667,66.66666666666667,0.0,0.0,0.0,28.248587570621467,554.2857142857142
2ae19629-2319-13a3-e055-000000000001,SLIEVEANEENA,57.39795918367347,3.826530612244898,6.377551020408164,15.306122448979592,42.09183673469388,760.3513174404015,120.4516938519448,0.0,10.204081632653061,1.2755102040816326,62.5,654.3837357052097
2ae19629-231b-13a3-e055-000000000001,BANNA,75.54417413572344,8.962868117797695,1.2804097311139564,20.486555697823302,39.69270166453265,839.8486759142497,95.83858764186633,5.121638924455826,1.2804097311139564,6.402048655569782,67.86171574903969,444.4444444444444
2ae19629-231c-13a3-e055-000000000001,BAURTREGAUM,103.06406685236769,0.0,0.0,2.785515320334262,5.571030640668524,877.7777777777777,72.22222222222221,0.0,2.785515320334262,0.0,38.99721448467967,451.7045454545455
2ae19629-231d-13a3-e055-000000000001,BEAL,83.33333333333333,0.0,0.0,13.888888888888888,27.777777777777775,760.0,133.33333333333334,0.0,6.944444444444444,6.944444444444444,69.44444444444444,489.6551724137931
2ae19629-231e-13a3-e055-000000000001,DOORUS,107.79816513761469,4.587155963302752,3.4403669724770642,48.165137614678905,45.87155963302752,679.1383219954648,226.75736961451247,0.0,9.174311926605505,2.293577981651376,80.27522935779817,501.1737089201878
2ae19629-2321-13a3-e055-000000000001,DRUMMIN,78.3289817232376,5.221932114882507,2.6109660574412534,18.276762402088774,20.887728459530027,846.1538461538462,97.43589743589743,0.0,2.6109660574412534,0.0,80.93994778067885,452.1276595744681
2ae19629-232c-13a3-e055-000000000001,ERRISLANNAN,133.92857142857142,0.0,0.0,26.785714285714285,62.5,880.3418803418804,59.82905982905983,0.0,4.464285714285714,0.0,84.82142857142857,323.0088495575221
2ae19629-232f-13a3-e055-000000000001,KILREEKILL,70.08086253369272,2.6954177897574128,0.0,8.086253369272237,16.172506738544474,873.9946380697052,91.15281501340483,0.0,0.0,0.0,48.517520215633425,490.14084507042253
2ae19629-22f8-13a3-e055-000000000001,RAHASANE,59.32203389830509,8.474576271186441,0.0,11.299435028248588,11.299435028248588,887.0523415977962,77.13498622589532,0.0,0.0,0.0,39.54802259887006,492.91784702549575
2ae19629-22fd-13a3-e055-000000000001,BALLYNACOURTY,78.2312925170068,6.802721088435374,0.0,20.408163265306122,23.809523809523807,815.4362416107382,114.09395973154362,0.0,0.0,0.0,54.42176870748299,563.5738831615121
2ae19629-22ff-13a3-e055-000000000001,CURRAGHMORE,55.55555555555555,0.0,0.0,0.0,10.101010101010102,888.8888888888888,40.40404040404041,20.202020202020204,0.0,0.0,25.252525252525253,361.7021276595745
2ae19629-2308-13a3-e055-000000000001,SCREGG,72.8744939271255,0.0,0.0,4.048582995951417,12.145748987854251,906.8825910931174,68.82591093117409,0.0,0.0,0.0,4.048582995951417,529.4117647058823
2ae19629-230e-13a3-e055-000000000001,BALLYSEEDY,51.09489051094891,44.316996871741395,9.384775808133472,29.197080291970803,57.35140771637122,752.0325203252033,89.9390243902439,35.45359749739312,42.231491136600624,11.991657977059436,98.54014598540147,389.4736842105263
2ae19629-2310-13a3-e055-000000000001,DERRYLAUR,91.83673469387756,0.0,0.0,20.408163265306122,10.204081632653061,747.4747474747475,90.9090909090909,0.0,0.0,0.0,81.63265306122449,333.3333333333333
2ae19629-2314-13a3-e055-000000000001,DOONLOUGHAN,43.47826086956522,0.0,0.0,54.34782608695652,10.869565217391305,680.4123711340206,206.18556701030926,0.0,10.869565217391305,0.0,54.34782608695652,281.25
2ae19629-231a-13a3-e055-000000000001,SPIDDLE,58.22498586772188,7.348784624081402,1.695873374788016,20.915771622385527,39.5703787450537,644.4082519001086,152.00868621064063,0.0,6.783493499152064,1.130582249858677,52.00678349349915,694.3034404963339
2ae19629-2340-13a3-e055-000000000001,TULLOKYNE,67.04645048203331,14.899211218229622,19.281332164767747,23.22524101665206,52.58545135845749,713.4172818063396,163.69952236213632,1.7528483786152498,30.67484662576687,1.7528483786152498,81.94566170026293,548.2851985559568
2ae19629-2342-13a3-e055-000000000001,BROSNA,105.6241426611797,4.11522633744856,0.0,15.089163237311386,19.204389574759947,858.3106267029973,85.83106267029973,1.371742112482853,5.486968449931412,0.0,50.75445816186557,435.2112676056338
2ae19629-2358-13a3-e055-000000000001,LAURENCETOWN,25.188916876574307,0.0,0.0,15.113350125944583,7.556675062972292,889.168765743073,35.26448362720403,2.5188916876574305,0.0,0.0,15.113350125944583,365.5913978494624
2ae19629-235b-13a3-e055-000000000001,BALLYBRIT,59.471365638766514,31.938325991189426,17.62114537444934,69.38325991189427,74.8898678414097,582.1845174973489,229.05620360551433,2.2026431718061676,25.330396475770925,24.229074889867842,134.3612334801762,346.49122807017545
2ae19629-2363-13a3-e055-000000000001,CARAGH,117.04312114989733,5.133470225872689,0.0,19.507186858316224,20.533880903490758,804.8048048048048,129.12912912912913,0.0,3.080082135523614,0.0,70.84188911704311,419.42148760330576
2ae19629-2364-13a3-e055-000000000001,CARRIG,117.8082191780822,0.0,0.0,8.21917808219178,27.397260273972602,839.572192513369,90.9090909090909,0.0,16.43835616438356,2.73972602739726,30.136986301369863,365.6509695290859
2ae19629-2369-13a3-e055-000000000001,INISHMORE,37.634408602150536,5.376344086021506,0.0,29.953917050691242,45.314900153609834,737.1937639198218,146.25092798812176,0.0,7.680491551459293,3.0721966205837172,40.706605222734254,790.2364607170099
2ae19629-236b-13a3-e055-000000000001,LETTERBRICKAUN,112.55411255411256,69.26406926406926,0.0,64.93506493506493,60.60606060606061,580.1526717557251,244.27480916030532,0.0,4.329004329004329,0.0,212.12121212121212,303.1496062992126
2ae19629-231f-13a3-e055-000000000001,DRUMACOO,77.61966364812419,13.583441138421733,9.702457956015524,7.7619663648124195,57.567917205692105,778.9878283151826,138.37283792440743,0.0,19.404915912031047,9.055627425614489,64.03622250970247,475.016655562958
2ae19629-2322-13a3-e055-000000000001,DUNMORE NORTH,98.82747068676717,5.025125628140704,0.0,10.050251256281408,21.775544388609713,859.2715231788079,92.71523178807948,0.0,5.025125628140704,1.6750418760469012,56.95142378559464,466.6666666666667
2ae19629-232b-13a3-e055-000000000001,DUNMORE SOUTH,77.09750566893423,20.408163265306122,3.401360544217687,17.006802721088437,58.956916099773245,817.0594837261503,62.85072951739619,6.802721088435374,19.274376417233558,5.668934240362812,83.90022675736962,440.46242774566474
2ae19629-232d-13a3-e055-000000000001,EYRECOURT,75.5939524838013,12.958963282937365,0.0,19.43844492440605,17.278617710583156,833.3333333333334,64.1025641025641,6.479481641468682,2.1598272138228944,0.0,62.63498920086393,373.3624454148471
2ae19629-2333-13a3-e055-000000000001,TIRANASCRAGH,54.6448087431694,10.92896174863388,0.0,10.92896174863388,0.0,826.0869565217391,86.95652173913044,0.0,0.0,0.0,43.71584699453552,412.42937853107344
2ae19629-2336-13a3-e055-000000000001,BRANDON,62.893081761006286,0.0,0.0,6.289308176100629,44.0251572327044,704.4025157232704,132.0754716981132,0.0,0.0,0.0,31.446540880503143,675.4966887417219
2ae19629-2338-13a3-e055-000000000001,FURBOGH,84.65945257797581,7.638446849140674,1.9096117122851686,24.1884150222788,32.46339910884787,730.7221542227662,197.67441860465115,0.0,5.092297899427116,3.819223424570337,57.28835136855506,666.4556962025316
2ae19629-233f-13a3-e055-000000000001,TUAM URBAN,51.794871794871796,62.05128205128205,21.28205128205128,67.43589743589743,78.97435897435898,658.7665647298675,118.50152905198777,82.3076923076923,40.0,30.51282051282051,159.4871794871795,308.078141499472
2ae19629-2370-13a3-e055-000000000001,MENLOUGH,58.68945868945869,33.048433048433054,17.28395061728395,58.11965811965812,84.9002849002849,608.1006103199556,239.31940077677086,26.590693257359924,40.45584045584046,13.865147198480532,132.38366571699905,460.41389785456613
2ae19629-2376-13a3-e055-000000000001,RENMORE,86.35097493036211,22.98050139275766,11.142061281337048,38.3008356545961,41.08635097493036,702.200825309491,190.5089408528198,0.0,23.676880222841227,2.0891364902506964,89.13649025069638,491.52542372881356
2ae19629-2385-13a3-e055-000000000001,TAYLORS HILL,55.914673561732386,21.331609566903683,26.179702650290885,59.469941822882994,94.69941822882998,587.0741801973893,205.34861509073542,43.30963154492566,66.90368455074338,18.422753716871366,107.62766645119586,444.5905951989477
2ae19629-2387-13a3-e055-000000000001,ABBEYDORNEY,62.85253827558421,20.145044319097504,0.0,8.058017727639,17.7276390008058,859.3247588424438,75.56270096463022,6.446414182111201,7.252215954875101,4.0290088638195,44.3190975020145,402.510460251046
2ae19629-238b-13a3-e055-000000000001,KILCHREEST,55.37459283387622,0.0,0.0,16.286644951140065,48.8599348534202,859.9348534201955,97.7198697068404,0.0,0.0,0.0,45.60260586319218,466.6666666666667
2ae19629-2390-13a3-e055-000000000001,AGLISH,71.42857142857143,11.583011583011583,0.0,9.652509652509652,44.401544401544406,826.9230769230769,86.53846153846153,0.0,1.9305019305019306,0.0,61.77606177606178,460.3174603174603
2ae19629-23a9-13a3-e055-000000000001,MONIVEA,67.25888324873095,19.03553299492386,3.8071065989847717,20.30456852791878,17.766497461928935,874.0554156171286,83.1234256926952,1.2690355329949237,7.614213197969543,0.0,53.2994923857868,442.81914893617017
2ae19629-23b1-13a3-e055-000000000001,CRINNY,59.21052631578947,3.289473684210526,0.0,16.44736842105263,19.736842105263158,887.0967741935484,58.06451612903226,0.0,0.0,0.0,46.05263157894736,416.6666666666667
2ae19629-234a-13a3-e055-000000000001,KILTULLAGH,66.35071090047394,0.0,0.0,14.218009478672984,9.47867298578199,971.5639810426541,4.739336492890995,0.0,0.0,0.0,33.17535545023697,421.05263157894734
2ae19629-235a-13a3-e055-000000000001,BALLYBAAN,47.41604965971131,83.98773464961484,19.220701518211055,70.824919602124,96.178296312916,574.6673604400505,151.93637106964988,47.49083838157206,42.77914890434523,63.27125869418891,189.58940991698452,306.9055675176869
2ae19629-235d-13a3-e055-000000000001,CASTLEGAR,51.72010297215071,67.63398080973555,32.99789375146267,86.59021764568219,105.78048209688744,563.1517960602549,194.90150637311703,38.146501287151885,65.05967704189095,28.785396676807864,194.71097589515563,334.2080152671756
2ae19629-235e-13a3-e055-000000000001,CLADDAGH,68.15642458100558,5.21415270018622,10.80074487895717,71.50837988826815,138.17504655493482,554.627949183303,250.81669691470054,1.1173184357541899,36.49906890130354,21.97392923649907,125.13966480446928,440.0149031296572
2ae19629-2365-13a3-e055-000000000001,CASTLECOVE,160.8187134502924,2.923976608187134,0.0,43.859649122807014,46.783625730994146,645.7142857142857,242.85714285714286,0.0,2.923976608187134,0.0,149.12280701754386,398.82697947214075
2ae19629-2367-13a3-e055-000000000001,ILLION,38.46153846153847,0.0,0.0,19.230769230769234,19.230769230769234,933.3333333333334,38.0952380952381,0.0,0.0,0.0,28.846153846153847,627.4509803921569
2ae19629-236f-13a3-e055-000000000001,LOUGH ATALIA,48.697621744054366,24.915062287655722,14.722536806342015,41.90260475651189,74.74518686296716,668.9113355780022,172.8395061728395,0.0,33.97508493771234,19.25254813137033,96.26274065685165,497.6905311778291
2ae19629-2373-13a3-e055-000000000001,NEWCASTLE,66.36726546906188,4.491017964071856,28.942115768463076,27.944111776447105,77.34530938123753,608.3292017848289,187.90282597917698,34.4311377245509,60.87824351297405,2.9940119760479043,47.40518962075848,357.2511369378474
2ae19629-23be-13a3-e055-000000000001,KILMANAGH,52.15827338129497,8.992805755395683,0.0,3.5971223021582737,19.784172661870503,862.5,58.92857142857143,0.0,5.39568345323741,0.0,30.575539568345324,436.2292051756008
2ae19629-23bf-13a3-e055-000000000001,CASTLECOMER,62.02849958088852,9.220452640402346,17.60268231349539,7.96311818943839,19.279128248114,815.1856487275761,85.1063829787234,3.7720033528918693,24.727577535624476,2.095557418273261,40.2347024308466,342.5366695427092
2ae19629-23c6-13a3-e055-000000000001,CLOGHARINKA,26.717557251908396,0.0,0.0,11.450381679389313,3.8167938931297707,848.4848484848485,90.9090909090909,0.0,0.0,0.0,19.083969465648856,482.3529411764706
2ae19629-23c9-13a3-e055-000000000001,MONEENROE,68.9655172413793,4.597701149425287,0.0,9.195402298850574,9.96168582375479,762.7765064836003,79.32875667429443,2.2988505747126435,0.7662835249042146,0.0,39.84674329501916,365.64223798266346
2ae19629-23d0-13a3-e055-000000000001,ODAGH,52.41090146750524,2.0964360587002098,0.0,0.0,20.964360587002098,853.9094650205761,82.3045267489712,2.0964360587002098,0.0,0.0,23.060796645702304,481.7204301075269
2ae19629-23d2-13a3-e055-000000000001,COOLHILL,35.842293906810035,0.0,0.0,3.5842293906810037,14.336917562724015,878.5714285714286,110.71428571428571,0.0,0.0,0.0,17.921146953405017,580.2919708029198
2ae19629-23d7-13a3-e055-000000000001,PILLTOWN,69.31190356604722,11.049723756906078,2.0090406830738323,27.122049221496738,33.65143144148669,790.2097902097902,111.8881118881119,1.5067805123053741,9.040683073832245,2.5113008538422905,65.796082370668,432.446264073695
2ae19629-23d9-13a3-e055-000000000001,DUNMORE,58.29596412556054,7.473841554559043,5.9790732436472345,28.400597907324364,31.390134529147982,737.7777777777777,128.88888888888889,0.0,19.43198804185351,1.4947683109118086,47.832585949177876,446.84129429892147
2ae19629-23cc-13a3-e055-000000000001,COOLAGHMORE,58.189655172413794,0.0,0.0,19.396551724137932,23.706896551724135,854.389721627409,83.5117773019272,4.310344827586206,2.155172413793103,0.0,49.56896551724138,437.90849673202615
2ae19629-23d5-13a3-e055-000000000001,DUNKITT,33.333333333333336,9.09090909090909,0.0,5.050505050505051,13.131313131313131,835.1648351648352,118.88111888111888,1.0101010101010102,1.0101010101010102,0.0,25.252525252525253,390.8629441624366
2ae19629-23df-13a3-e055-000000000001,EARLSTOWN,44.05286343612335,4.405286343612335,0.0,30.837004405286343,13.215859030837004,774.468085106383,123.40425531914893,0.0,0.0,0.0,48.458149779735685,401.7467248908297
2ae19629-23e8-13a3-e055-000000000001,FREAGHANA,41.50943396226415,0.0,0.0,7.547169811320755,33.9622641509434,805.2434456928838,119.8501872659176,0.0,3.7735849056603774,0.0,45.283018867924525,480.6201550387597
2ae19629-23ee-13a3-e055-000000000001,SHANBOGH,36.144578313253014,2.008032128514056,0.0,2.008032128514056,16.064257028112447,896.2075848303393,65.8682634730539,10.040160642570282,4.016064257028112,4.016064257028112,14.056224899598392,464.87603305785126
2ae19629-23f1-13a3-e055-000000000001,GORESBRIDGE,51.85185185185185,3.7037037037037037,0.0,14.814814814814815,18.51851851851852,828.0961182994455,73.93715341959336,0.0,1.8518518518518519,1.8518518518518519,42.59259259259259,289.7727272727273
2ae19629-23f4-13a3-e055-000000000001,STONYFORD,68.31395348837209,8.720930232558139,1.4534883720930232,29.069767441860463,30.523255813953487,718.4466019417475,142.85714285714286,0.0,4.3604651162790695,0.0,72.67441860465117,466.19718309859155
2ae19629-23f7-13a3-e055-000000000001,GRANGE,48.04469273743017,0.0,2.2346368715083798,5.58659217877095,12.290502793296088,792.9125138427464,77.51937984496124,7.82122905027933,5.58659217877095,1.1173184357541899,17.877094972067038,517.2413793103449
2ae19629-2374-13a3-e055-000000000001,NUNS ISLAND,60.60606060606061,8.9126559714795,10.695187165775401,74.27213309566251,120.02376708259062,388.69463869463874,268.64801864801865,1.7825311942959001,24.955436720142604,5.941770647653001,94.4741532976827,355.2787663107948
2ae19629-2377-13a3-e055-000000000001,ROCKBARTON,64.45890005913661,5.913660555884093,0.5913660555884093,28.385570668243645,65.64163217031341,678.279804028307,161.13228089275995,0.5913660555884093,14.192785334121822,3.5481963335304556,61.50206978119456,510.48565121412804
2ae19629-2378-13a3-e055-000000000001,CASTLEISLAND,42.199108469539375,44.27934621099554,2.37741456166419,24.962852897473997,26.448736998514114,824.5872641509434,73.70283018867924,3.863298662704309,11.88707280832095,0.8915304606240713,79.34621099554235,417.2225591267435
2ae19629-2382-13a3-e055-000000000001,SALTHILL,53.494391716997406,15.243025596778832,11.79177451826287,67.87460454414726,136.3244176013805,534.6452328159645,262.4722838137472,20.99511072763877,28.185217141213688,33.64969801553063,126.83347713546162,447.86324786324786
2ae19629-2386-13a3-e055-000000000001,WELLPARK,56.14657210401891,13.59338061465721,21.27659574468085,66.78486997635933,179.66903073286053,543.2900432900433,201.83982683982686,28.368794326241133,63.82978723404255,48.463356973995275,129.43262411347516,284.52115812917594
2ae19629-2389-13a3-e055-000000000001,CHURCHTOWN,87.57637474541752,4.0733197556008145,0.0,12.219959266802444,36.65987780040733,664.6586345381527,140.56224899598394,0.0,0.0,0.0,69.24643584521385,363.44969199178644
2ae19629-238a-13a3-e055-000000000001,CLOGHANE,55.33596837944664,0.0,0.0,23.715415019762844,59.28853754940711,823.0769230769231,103.84615384615385,0.0,11.857707509881422,0.0,55.33596837944664,750.9881422924901
2ae19629-238e-13a3-e055-000000000001,LOUGHREA URBAN,63.395985982797065,35.520866517999366,25.48582351067219,49.37878305192737,112.29690984389933,640.4618791521671,126.38405567858274,31.220133800573432,56.70595731124562,20.388658808537752,131.8891366677286,330.75657894736844
2ae19629-23e4-13a3-e055-000000000001,RATHEALY,33.17535545023697,0.0,4.739336492890995,18.95734597156398,23.696682464454973,890.9952606635071,47.393364928909946,0.0,4.739336492890995,4.739336492890995,28.43601895734597,448.7804878048781
2ae19629-23f0-13a3-e055-000000000001,GLASHARE,22.508038585209004,0.0,0.0,9.64630225080386,3.215434083601286,881.0289389067524,48.23151125401929,0.0,0.0,3.215434083601286,16.07717041800643,442.24422442244224
2ae19629-23f6-13a3-e055-000000000001,GRAIGUENAMANAGH,68.98424769147204,5.975013579576317,0.5431830526887561,9.777294948397609,15.209125475285171,768.2795698924731,100.0,2.7159152634437804,7.604562737642586,1.6295491580662682,40.19554589896796,337.38266151297626
2ae19629-23fc-13a3-e055-000000000001,JERPOINT CHURCH,63.224446786090624,11.591148577449948,0.0,24.236037934668072,34.77344573234984,737.17277486911,142.4083769633508,0.0,2.107481559536354,8.429926238145416,74.81559536354057,417.39130434782606
2ae19629-23fd-13a3-e055-000000000001,JERPOINT WEST,80.70175438596492,0.0,0.0,21.052631578947366,10.526315789473683,814.6853146853147,143.35664335664336,17.543859649122805,0.0,0.0,66.66666666666667,421.98581560283685
2ae19629-2406-13a3-e055-000000000001,TULLAHOUGHT,40.0,4.0,0.0,4.0,20.0,836.0,52.0,0.0,4.0,0.0,20.0,423.23651452282155
2ae19629-2409-13a3-e055-000000000001,KILCULLIHEEN,40.34229828850856,56.06007684247293,8.382815228781,62.172546280125744,73.87355920363255,696.4967048213666,138.3975026014568,5.064617534055187,22.703457911281873,35.626964722319244,173.24484806147396,342.0624887122991
2ae19629-240e-13a3-e055-000000000001,ULLARD,63.333333333333336,23.333333333333336,13.333333333333334,26.666666666666668,33.333333333333336,785.0162866449512,68.40390879478828,0.0,6.666666666666667,0.0,73.33333333333333,341.1371237458194
2ae19629-23f8-13a3-e055-000000000001,INISTIOGE,86.33093525179856,3.5971223021582737,2.398081534772182,15.587529976019185,27.577937649880095,723.2037691401649,180.21201413427562,0.0,7.194244604316547,0.0,58.752997601918466,401.4510278113664
2ae19629-23fa-13a3-e055-000000000001,THOMASTOWN,70.13769363166953,30.98106712564544,16.351118760757316,19.3631669535284,38.7263339070568,737.8309137489325,167.37830913748934,5.163511187607574,27.538726333907057,3.442340791738382,86.48881239242685,397.07835325365204
2ae19629-2401-13a3-e055-000000000001,TULLAGHANBROGUE,37.17472118959108,11.152416356877323,0.0,7.434944237918216,24.163568773234203,794.8717948717948,108.05860805860806,0.0,0.0,0.0,40.89219330855018,477.18631178707227
2ae19629-2407-13a3-e055-000000000001,TULLAROAN,43.613707165109034,0.0,0.0,0.0,15.576323987538942,891.3043478260869,43.47826086956522,0.0,0.0,0.0,24.922118380062305,436.8932038834951
2ae19629-240a-13a3-e055-000000000001,KILFANE,35.08771929824561,0.0,0.0,10.526315789473683,31.578947368421055,784.7222222222222,135.41666666666666,0.0,0.0,0.0,28.070175438596493,532.1428571428571
2ae19779-1f5b-13a3-e055-600000000001,RATHCOONEY,37.860368183397014,20.26166492995253,4.631237698274864,25.471807340511752,31.145073520898457,779.9471689445274,131.5033880785575,2.4313997915943033,17.135579483616993,10.072941993747829,63.56373740882251,438.49821215733016
51c9d4b9-75dd-4621-9ef7-f06ff3f5e11d,FIRRY/NEWGROVE,45.22613065326633,10.050251256281408,0.0,35.175879396984925,25.12562814070352,865.0,65.0,25.12562814070352,0.0,5.025125628140704,40.20100502512563,407.21649484536084
6a372d28-f5c8-4acc-b237-4f7bb4a9ad53,WHIDDY/BANTRY RURAL,107.29991204925241,4.397537379067723,0.0,15.8311345646438,38.69832893579595,724.6998284734134,141.50943396226415,0.0,5.277044854881266,1.759014951627089,100.26385224274406,520.7780725022104
2ae19629-239b-13a3-e055-000000000001,MILLTOWN,89.59537572254335,5.780346820809248,0.0,11.560693641618496,33.23699421965318,852.2727272727273,76.70454545454545,1.445086705202312,2.890173410404624,4.335260115606936,62.13872832369942,511.04565537555226
2ae19629-239e-13a3-e055-000000000001,ASTEE,45.17453798767968,2.053388090349076,0.0,0.0,18.480492813141684,949.5967741935484,24.193548387096772,0.0,6.160164271047228,0.0,22.58726899383984,511.2936344969199
2ae19629-23a3-13a3-e055-000000000001,KILCROAN,97.77015437392795,18.867924528301884,0.0,15.437392795883362,22.29845626072041,850.6711409395973,53.691275167785236,30.874785591766724,0.0,0.0,75.47169811320754,454.7038327526132
2ae19629-23a6-13a3-e055-000000000001,KILLAAN,49.29577464788732,1.7605633802816902,0.0,7.042253521126761,17.605633802816904,860.13986013986,66.43356643356643,1.7605633802816902,1.7605633802816902,1.7605633802816902,29.929577464788732,411.5523465703971
2ae19629-23a7-13a3-e055-000000000001,KILLALLAGHTAN,86.27450980392156,0.0,3.9215686274509802,1.9607843137254901,3.9215686274509802,861.328125,82.03125,0.0,0.0,0.0,35.294117647058826,441.0569105691057
2ae19629-23aa-13a3-e055-000000000001,MOUNT BELLEW,60.29637199795605,13.285641287685232,8.175779253960144,15.840572304547777,19.41747572815534,861.5618661257607,68.9655172413793,4.598875830352581,14.818599897802759,3.065917220235054,56.7194685743485,474.8810153358012
2ae19629-23b2-13a3-e055-000000000001,KILKENNY RURAL,44.67934397646162,31.92938484171525,10.842913965019344,55.63123195117964,52.03508963112298,711.7669193140891,126.00118260495618,14.657004304473384,35.30757914237454,14.27559527052798,116.43872936304692,406.73719376391983
2ae19629-23b6-13a3-e055-000000000001,KILLAMERY,85.1063829787234,0.0,0.0,8.51063829787234,21.27659574468085,797.4683544303798,122.36286919831224,0.0,12.76595744680851,12.76595744680851,34.04255319148936,427.31277533039645
2ae19769-1f5b-13a3-e055-500000000001,MATEHY,46.56445201590006,7.382169222032935,5.110732538330494,22.714366837024418,19.875070982396366,786.6817155756207,121.33182844243792,1.135718341851221,8.517887563884157,1.135718341851221,49.971607041453716,453.8595473012188
2ae19789-1f5b-13a3-e055-700000000001,BLARNEY,42.245370370370374,23.341049382716047,7.908950617283951,33.17901234567901,37.22993827160494,757.819996161965,153.71329879101899,0.19290123456790123,21.79783950617284,5.594135802469135,81.59722222222223,449.5321521003384
2ae19849-1f5b-13a3-e055-140000000001,CARRIGROHANEBEG,34.623217922606926,10.183299389002038,3.054989816700611,28.513238289205706,32.586558044806516,725.9858442871588,194.13549039433772,0.0,6.109979633401222,21.384928716904277,72.30142566191445,510.41666666666663
759f966a-c2c8-4bea-a71d-5e9c2d452553,LOUGHIL,82.1917808219178,0.0,0.0,27.397260273972602,41.0958904109589,716.2162162162163,189.1891891891892,0.0,0.0,0.0,95.8904109589041,388.8888888888889
92a3af93-8212-46b6-9978-852f51bdf3c6,LACKAGH/GREENHALL,45.238095238095234,7.142857142857142,9.523809523809526,16.666666666666668,16.666666666666668,805.6206088992974,93.6768149882904,0.0,7.142857142857142,0.0,40.47619047619048,519.6078431372549
fbd773f9-3255-4b44-ade1-02facf2621f8,MOHERNAGH/DUNMOYLAN WEST,93.75,20.833333333333332,0.0,20.833333333333332,0.0,857.1428571428571,56.12244897959184,0.0,0.0,0.0,93.75,515.625
b166391f-eb14-47de-a3eb-9c2516e63687,AGHANLISH/AGHALATEEVE,82.6086956521739,4.3478260869565215,0.0,13.043478260869565,34.78260869565217,831.8965517241379,120.6896551724138,0.0,4.3478260869565215,4.3478260869565215,34.78260869565217,331.83856502242156
d2d757ef-f2c3-4a10-b5f8-f976c6c78335,CAHERMURPHY/CORLEA,168.53932584269663,0.0,0.0,11.235955056179774,134.8314606741573,521.2765957446809,212.7659574468085,0.0,28.089887640449437,0.0,151.68539325842698,284.1530054644809
feb68bba-797f-474c-9db5-429e7a70c68c,CASTLETOWN (SOUTH),93.17443120260022,6.500541711809317,0.0,26.00216684723727,27.085590465872155,816.916488222698,105.99571734475374,1.0834236186348862,5.417118093174431,5.417118093174431,53.08775731310943,390.38031319910516
2ae19629-23b9-13a3-e055-000000000001,CALLAN RURAL,53.757828810020875,24.008350730688935,6.784968684759917,36.0125260960334,20.876826722338205,761.3871635610766,112.31884057971014,14.613778705636742,15.657620041753653,6.784968684759917,77.76617954070981,430.1825993555317
2ae19629-23ca-13a3-e055-000000000001,MOTHELL,50.30181086519115,8.048289738430585,0.0,8.048289738430585,58.35010060362173,791.5831663326653,60.12024048096192,0.0,54.32595573440644,4.024144869215292,38.22937625754527,347.82608695652175
2ae19629-23d3-13a3-e055-000000000001,DANESFORT,56.27705627705628,0.0,0.0,0.0,36.7965367965368,814.6551724137931,90.51724137931035,2.1645021645021645,8.658008658008658,0.0,43.290043290043286,483.37028824833703
2ae19629-23d6-13a3-e055-000000000001,PAULSTOWN,53.92620624408704,17.975402081362347,3.7842951750236518,15.137180700094607,17.029328287606436,795.8607714016933,81.84383819379116,2.838221381267739,3.7842951750236518,5.676442762535478,54.872280037842955,433.04007820136854
2ae19629-23d8-13a3-e055-000000000001,PLEBERSTOWN,79.20792079207921,4.9504950495049505,0.0,9.900990099009901,19.801980198019802,856.4356435643564,118.8118811881188,0.0,0.0,0.0,49.504950495049506,558.3756345177665
2ae19629-23dc-13a3-e055-000000000001,POLLRONE,53.61930294906166,9.383378016085791,16.0857908847185,20.777479892761395,24.128686327077748,830.7794803464357,87.94137241838774,0.0,28.150134048257375,0.0,64.343163538874,401.7918676774638
2ae19629-23ed-13a3-e055-000000000001,GALMOY,44.44444444444444,0.0,5.555555555555555,8.333333333333334,16.666666666666668,855.9556786703602,60.94182825484765,0.0,11.11111111111111,2.7777777777777777,25.0,472.77936962750715
2ae19629-23ef-13a3-e055-000000000001,SHANKILL,50.9761388286334,6.507592190889371,3.2537960954446854,11.93058568329718,13.015184381778742,858.9881593110872,67.81485468245425,6.507592190889371,5.422993492407809,1.0845986984815619,37.960954446854664,465.9977703455964
2ae19629-23f3-13a3-e055-000000000001,St. CANICE,34.94176372712146,6.655574043261232,0.0,8.319467554076539,18.302828618968388,848.4349258649095,82.37232289950576,0.0,0.0,3.327787021630616,36.605657237936775,489.8305084745763
2ae19629-23f5-13a3-e055-000000000001,TEMPLEORUM,81.89655172413792,4.310344827586206,0.0,19.396551724137932,17.241379310344826,818.3760683760684,83.33333333333333,0.0,6.4655172413793105,4.310344827586206,64.65517241379311,493.4210526315789
2ae19629-2402-13a3-e055-000000000001,KELLS,50.595238095238095,16.36904761904762,0.0,11.904761904761903,17.857142857142858,807.6358296622614,118.94273127753303,0.0,0.0,1.488095238095238,50.595238095238095,513.6363636363636
2ae19749-1f5b-13a3-e055-300000000001,BALLINCOLLIG,45.925925925925924,30.687830687830687,19.153439153439155,42.01058201058201,63.70370370370371,723.2681315223662,152.07929099585715,0.9523809523809523,46.13756613756614,18.88888888888889,108.25396825396825,485.32620554222126
2ae19819-1f5b-13a3-e055-110000000001,OVENS,36.21958121109225,36.21958121109225,24.90096208262592,38.48330503678552,57.724957555178264,700.8403361344538,185.99439775910363,3.395585738539898,52.63157894736842,6.791171477079796,114.88398415393323,547.7477477477477
396b71f0-9c69-422b-84df-e2ec984a6b49,SHESKIN/BUNAVEELA/GLENCO,37.9746835443038,0.0,0.0,0.0,6.329113924050633,936.7088607594936,31.645569620253166,0.0,0.0,0.0,12.658227848101266,361.2903225806451
474c0dcb-9782-425a-b173-468d6e8de86e,INISHCALTRA SOUTH/INISHCALTRA NORTH,92.64305177111716,5.449591280653951,0.0,122.6158038147139,40.87193460490463,481.283422459893,200.53475935828877,0.0,0.0,0.0,190.7356948228883,307.0652173913043
67112637-b544-4b5c-b9fa-02e36d6f26b7,ESKER/BALLAGHASSAAN,30.303030303030305,6.0606060606060606,4.040404040404041,6.0606060606060606,12.121212121212121,826.2626262626262,68.68686868686868,0.0,4.040404040404041,0.0,26.262626262626263,411.27348643006263
869b3460-81b8-43ea-b965-9e0df9601878,LISGARVE/MANTUA,113.20754716981132,18.867924528301884,0.0,14.150943396226415,4.716981132075471,806.6037735849056,103.77358490566039,0.0,4.716981132075471,0.0,84.90566037735849,317.30769230769226
94b26e15-6ed2-44c2-a0b0-207c369a2da8,SHANKILL-RATHSALLAGH,52.093023255813954,6.2015503875969,5.891472868217054,29.45736434108527,55.50387596899225,659.8033189920098,221.57344806392132,3.4108527131782944,20.775193798449614,5.5813953488372094,68.83720930232558,338.9134554643083
a74249fa-0039-4f59-ad83-53fe986ff7bf,GREAGHGLASS/STRALONGFORD,100.8174386920981,0.0,0.0,29.972752043596728,24.52316076294278,801.0752688172042,158.6021505376344,0.0,2.7247956403269753,0.0,106.26702997275204,385.2691218130311
c62169df-44fc-4bf1-98eb-40998a29132a,LOUGHATORICK/COOS/MARBLEHILL,110.45364891518737,3.9447731755424065,0.0,55.226824457593686,35.50295857988166,673.8703339882122,204.3222003929273,11.834319526627219,3.9447731755424065,0.0,134.1222879684418,336.69354838709677
f0b72184-af6a-4a08-9f38-8033428dfcf7,DUNDALK RURAL (NORTH),76.10619469026548,13.274336283185841,1.9174041297935103,67.10914454277287,75.95870206489676,644.5095168374817,96.77891654465593,17.10914454277286,21.238938053097346,61.2094395280236,96.60766961651917,275.3443739359233
2ae19629-22db-13a3-e055-000000000001,KILLERERIN,69.64520367936925,6.570302233902759,0.0,10.512483574244415,5.256241787122208,844.1558441558441,76.62337662337661,0.0,0.0,0.0,39.42181340341656,488.5906040268456
2ae19629-22e1-13a3-e055-000000000001,OWENGOWLA,93.75,0.0,10.416666666666666,13.888888888888888,24.305555555555557,822.742474916388,96.98996655518395,0.0,13.888888888888888,0.0,27.777777777777775,816.9491525423729
2ae19629-22ee-13a3-e055-000000000001,BALLYHEIGE,82.22996515679442,9.75609756097561,0.0,4.878048780487805,24.390243902439025,867.2199170124481,58.78284923928077,0.0,5.574912891986063,0.0,52.9616724738676,395.28234453180846
2ae19629-22f1-13a3-e055-000000000001,CRUMPAUN,98.93455098934551,1.9025875190258752,0.76103500761035,7.229832572298325,44.1400304414003,807.5046904315197,87.4296435272045,0.380517503805175,3.0441400304414,1.141552511415525,44.52054794520548,865.5266226195102
2ae19629-22f5-13a3-e055-000000000001,KILLINNY,97.5609756097561,6.097560975609756,0.0,30.48780487804878,52.84552845528456,813.0081300813008,115.85365853658537,0.0,4.065040650406504,0.0,99.59349593495935,469.0082644628099
2ae19629-2302-13a3-e055-000000000001,DERREW,27.027027027027028,0.0,0.0,5.405405405405405,16.216216216216218,838.7096774193549,75.26881720430107,0.0,0.0,0.0,21.62162162162162,316.66666666666663
2ae19629-230b-13a3-e055-000000000001,SILLERNA,118.99313501144165,0.0,2.288329519450801,32.036613272311214,18.30663615560641,744.6351931330472,165.23605150214593,0.0,0.0,2.288329519450801,89.24485125858124,288.24833702882484
2ae19629-2313-13a3-e055-000000000001,DOONBALLY,51.2,0.0,0.0,9.6,30.4,840.2555910543132,76.6773162939297,0.0,1.6,1.6,49.6,433.2784184514003
2ae19629-2320-13a3-e055-000000000001,DRUMKEARY,59.67741935483871,3.225806451612903,0.0,8.064516129032258,22.58064516129032,860.8,94.39999999999999,0.0,0.0,4.838709677419355,40.32258064516129,448.3333333333333
2ae19629-232e-13a3-e055-000000000001,FOXHALL,90.37037037037037,0.0,0.0,5.925925925925926,17.77777777777778,894.8148148148149,65.18518518518518,4.444444444444445,2.962962962962963,1.4814814814814814,50.370370370370374,452.4539877300613
2ae19629-2341-13a3-e055-000000000001,TURLOUGH,108.81801125703565,0.0,0.0,20.637898686679172,30.0187617260788,803.6036036036036,57.65765765765766,1.876172607879925,1.876172607879925,1.876172607879925,56.28517823639775,867.7839851024208
2ae19629-2343-13a3-e055-000000000001,CAHER,68.82168925964547,13.034410844629823,0.5213764337851929,53.18039624608967,91.24087591240875,674.4298884036875,125.18195050946143,0.0,14.077163712200209,9.384775808133472,147.02815432742437,363.90679226574116
2ae19629-2344-13a3-e055-000000000001,CAHERDANIEL,114.47811447811448,10.101010101010102,0.0,40.40404040404041,26.936026936026934,591.7721518987343,322.7848101265823,0.0,3.3670033670033668,3.3670033670033668,124.57912457912458,500.0
2ae19629-2346-13a3-e055-000000000001,GORUMNA,111.2793338380015,0.757002271006813,0.0,3.785011355034065,24.98107494322483,858.0060422960725,42.29607250755287,0.0,0.757002271006813,0.757002271006813,15.14004542013626,907.7519379844962
2ae19629-2353-13a3-e055-000000000001,CAPPAGH,110.27568922305764,2.506265664160401,0.0,35.08771929824561,27.56892230576441,747.5247524752475,202.97029702970298,0.0,0.0,0.0,122.80701754385964,456.8527918781726
2ae19629-2357-13a3-e055-000000000001,LACKALEA,72.94117647058823,0.0,0.0,11.76470588235294,18.823529411764703,778.8235294117646,108.23529411764706,2.352941176470588,2.352941176470588,2.352941176470588,30.58823529411765,493.9172749391728
2ae19629-2368-13a3-e055-000000000001,INISHBOFIN,38.25136612021858,0.0,0.0,27.3224043715847,60.10928961748633,641.3043478260869,255.43478260869568,0.0,5.46448087431694,5.46448087431694,60.10928961748633,329.6703296703297
2ae19629-236a-13a3-e055-000000000001,ISLAND,88.35341365461848,0.0,0.0,4.016064257028112,8.032128514056224,833.3333333333334,67.46031746031746,0.0,0.0,0.0,56.22489959839357,447.5806451612903
2ae19629-2371-13a3-e055-000000000001,MERVUE,41.83355585224744,25.367156208277702,5.785491766800178,52.069425901201605,71.65109034267913,685.6892010535558,167.2519754170325,20.471740097908324,20.026702269692926,48.954161103693814,110.36938139741878,373.42342342342346
2ae19629-237b-13a3-e055-000000000001,KELLYSGROVE,67.70833333333333,0.0,0.0,18.229166666666668,31.25,764.2487046632125,98.44559585492229,36.458333333333336,7.8125,2.6041666666666665,54.6875,451.61290322580646
2ae19629-237c-13a3-e055-000000000001,KILBEACANTY,140.4494382022472,0.0,8.426966292134832,28.089887640449437,47.752808988764045,725.4901960784314,168.0672268907563,2.8089887640449436,14.044943820224718,11.235955056179774,123.59550561797752,421.05263157894734
2ae19629-238c-13a3-e055-000000000001,KILCONICKNY,68.55439642324889,11.922503725782414,0.0,7.451564828614009,4.470938897168406,862.8318584070796,89.97050147492627,1.4903129657228018,0.0,0.0,44.70938897168406,506.8078668683812
2ae19629-2391-13a3-e055-000000000001,ARABELA,45.288531775018264,2.9218407596785974,0.0,13.878743608473338,57.7063550036523,652.0432692307693,117.78846153846153,0.0,3.652300949598247,2.9218407596785974,70.854638422206,377.4875621890547
2ae19629-2393-13a3-e055-000000000001,ARDEA,240.6417112299465,5.347593582887701,10.695187165775401,69.5187165775401,26.737967914438503,647.6683937823834,222.7979274611399,0.0,10.695187165775401,0.0,256.6844919786096,385.0267379679144
2ae19629-22f4-13a3-e055-000000000001,KILLIMOR,40.21447721179624,16.0857908847185,0.0,16.0857908847185,32.171581769437,820.3753351206434,104.55764075067025,0.0,0.0,8.04289544235925,42.89544235924933,412.42937853107344
2ae19629-230a-13a3-e055-000000000001,SHANKILL,90.14084507042254,5.633802816901409,0.0,14.084507042253522,14.084507042253522,847.887323943662,59.154929577464785,19.71830985915493,0.0,2.8169014084507045,53.52112676056338,417.15976331360946
2ae19629-230c-13a3-e055-000000000001,SKANNIVE,71.90635451505015,0.0,5.016722408026756,5.016722408026756,26.755852842809364,884.4884488448845,59.4059405940594,0.0,5.016722408026756,0.0,23.41137123745819,908.1632653061224
2ae19629-230d-13a3-e055-000000000001,BALLYNORIG,80.5860805860806,1.8315018315018314,0.0,1.8315018315018314,10.989010989010989,921.6757741347906,45.53734061930783,0.0,7.326007326007326,0.0,34.7985347985348,430.45112781954884
2ae19629-2312-13a3-e055-000000000001,DONAGHPATRICK,60.24096385542169,6.884681583476764,0.0,20.654044750430295,25.817555938037867,859.5890410958904,82.1917808219178,0.0,1.721170395869191,0.0,63.68330464716007,422.4598930481284
2ae19629-2317-13a3-e055-000000000001,KILMALINOGE,22.62443438914027,4.524886877828055,13.574660633484163,9.04977375565611,45.24886877828054,823.5294117647059,81.44796380090499,0.0,22.62443438914027,4.524886877828055,63.348416289592755,366.19718309859155
2ae19629-2318-13a3-e055-000000000001,SKEHANAGH,78.50467289719626,1.8691588785046729,5.607476635514018,18.69158878504673,20.560747663551403,856.3432835820895,93.28358208955224,0.0,7.4766355140186915,0.0,44.85981308411215,550.9803921568628
2ae19629-2323-13a3-e055-000000000001,KILMEEN,58.29596412556054,2.9895366218236172,0.0,17.937219730941703,11.958146487294469,857.1428571428571,90.77380952380952,0.0,0.0,1.4947683109118086,46.33781763826607,445.2887537993921
2ae19629-2396-13a3-e055-000000000001,CLOONTUBBRID,55.94405594405595,6.993006993006993,0.0,6.993006993006993,52.44755244755245,840.8304498269896,93.42560553633218,6.993006993006993,0.0,6.993006993006993,38.46153846153847,423.4875444839858
2ae19629-2399-13a3-e055-000000000001,KILCOONA,84.97723823975721,4.552352048558422,0.0,21.244309559939303,24.279210925644918,844.4108761329305,92.14501510574017,10.622154779969652,7.587253414264037,0.0,62.2154779969651,468.3153013910356
2ae19629-239d-13a3-e055-000000000001,ARDFERT,83.56290174471992,16.528925619834713,0.0,11.019283746556475,25.711662075298438,815.4545454545454,91.81818181818181,30.303030303030305,11.937557392102846,3.6730945821854912,57.85123966942149,367.1947809878844
2ae19629-23af-13a3-e055-000000000001,BALLYBRACK,52.083333333333336,41.666666666666664,0.0,41.666666666666664,20.833333333333332,745.0980392156863,137.25490196078434,0.0,0.0,0.0,83.33333333333333,444.4444444444444
2ae19629-23b5-13a3-e055-000000000001,KILLAHY,40.05722460658083,5.7224606580829755,0.0,17.167381974248926,18.59799713876967,883.357041251778,72.54623044096728,1.4306151645207439,1.4306151645207439,0.0,41.48783977110158,432.7917282127031
2ae19629-23b7-13a3-e055-000000000001,KILMACAR,42.73504273504273,4.273504273504274,0.0,2.136752136752137,12.82051282051282,891.71974522293,67.94055201698514,0.0,2.136752136752137,0.0,23.504273504273502,448.4304932735426
2ae19629-23c4-13a3-e055-000000000001,LISDOWNEY,49.12280701754386,3.5087719298245617,0.0,3.5087719298245617,14.035087719298247,885.0174216027874,55.749128919860624,0.0,10.526315789473683,0.0,21.052631578947366,457.56457564575646
2ae19629-23cb-13a3-e055-000000000001,CLOMANTAGH,55.23255813953489,0.0,0.0,14.534883720930232,23.25581395348837,809.7982708933718,60.518731988472624,5.813953488372093,11.627906976744185,0.0,55.23255813953489,485.1190476190476
2ae19629-2325-13a3-e055-000000000001,KILQUAIN,16.55629139072848,0.0,0.0,19.867549668874172,16.55629139072848,841.5841584158416,26.402640264026402,0.0,16.55629139072848,0.0,36.42384105960265,421.76870748299325
2ae19629-232a-13a3-e055-000000000001,BOOLTEENS,65.04065040650407,4.065040650406504,0.0,16.260162601626018,26.42276422764228,871.031746031746,85.31746031746032,0.0,2.032520325203252,0.0,46.74796747967479,459.95893223819303
2ae19629-2332-13a3-e055-000000000001,TIAQUIN,70.8860759493671,27.848101265822784,0.0,8.860759493670887,20.253164556962027,811.8686868686868,146.46464646464648,0.0,0.0,1.2658227848101267,68.35443037974684,516.9270833333334
2ae19629-2335-13a3-e055-000000000001,TOBERROE,48.07692307692308,6.41025641025641,3.205128205128205,3.205128205128205,25.64102564102564,860.3174603174604,57.14285714285714,3.205128205128205,6.41025641025641,0.0,51.28205128205128,363.6363636363636
2ae19629-233a-13a3-e055-000000000001,GLENNAMADDY,78.1078107810781,28.602860286028605,3.3003300330033003,26.402640264026402,48.4048404840484,808.6486486486486,77.83783783783784,8.8008800880088,12.1012101210121,3.3003300330033003,105.61056105610561,406.494960806271
2ae19629-2349-13a3-e055-000000000001,KILTULLAGH,65.45454545454545,2.4242424242424243,0.0,7.2727272727272725,46.06060606060606,788.391777509069,149.93954050785973,3.6363636363636362,2.4242424242424243,0.0,61.81818181818182,451.693851944793
2ae19629-235c-13a3-e055-000000000001,BARNA,63.023412189009115,28.73036249159484,19.622226297450947,53.365120117366594,93.15972858976711,604.8577125249229,205.18397679898496,6.296228375817592,53.18173482486704,27.44666544409805,123.54055871385782,500.46778519303933
2ae19629-235f-13a3-e055-000000000001,DANGAN,60.077080027204715,18.13647698934482,37.17977782815688,43.754250736794376,94.76309226932668,535.8147587102359,230.03678857390176,26.978009521650417,78.66696894128316,15.416005440943096,93.40285649512582,422.91528422915286
2ae19629-23cd-13a3-e055-000000000001,COOLCRAHEEN,62.03007518796992,0.0,1.8796992481203008,3.7593984962406015,30.075187969924812,855.2631578947369,73.30827067669172,5.639097744360902,3.7593984962406015,7.518796992481203,18.796992481203006,451.73745173745175
2ae19629-23da-13a3-e055-000000000001,DUNNAMAGGAN,61.81015452538632,4.415011037527594,0.0,6.622516556291391,15.45253863134658,863.0434782608696,82.6086956521739,2.207505518763797,2.207505518763797,0.0,33.11258278145696,502.2421524663677
2ae19629-23dd-13a3-e055-000000000001,PORTNASCULLY,52.30496453900709,1.7730496453900708,0.8865248226950354,13.297872340425531,13.297872340425531,814.4239226033421,82.67370272647318,8.865248226950355,1.7730496453900708,2.6595744680851063,33.687943262411345,414.7005444646098
2ae19629-23e1-13a3-e055-000000000001,FAMMA,72.07207207207207,0.0,0.0,9.00900900900901,33.03303303303303,741.9354838709678,190.6158357771261,0.0,3.003003003003003,0.0,57.05705705705706,436.3636363636363
2ae19629-23e3-13a3-e055-000000000001,RATHCOOLE,43.08797127468582,0.0,0.0,10.771992818671455,19.748653500897664,804.6594982078853,120.07168458781362,0.0,1.7953321364452424,1.7953321364452424,39.49730700179533,487.27272727272725
2ae19629-23e9-13a3-e055-000000000001,ROSBERCON RURAL,37.30272596843615,47.34576757532282,5.738880918220947,25.82496413199426,53.08464849354376,778.409090909091,79.54545454545455,87.51793400286945,7.173601147776184,1.4347202295552368,100.43041606886658,377.00145560407566
2ae19629-23ea-13a3-e055-000000000001,ROSSINAN,31.407035175879393,10.050251256281408,1.256281407035176,13.819095477386936,22.613065326633166,797.752808988764,134.8314606741573,1.256281407035176,5.025125628140704,2.512562814070352,55.276381909547744,447.741935483871
2ae19629-23eb-13a3-e055-000000000001,SCOTSBOROUGH,81.39534883720931,0.0,0.0,11.627906976744185,5.813953488372093,764.3678160919541,195.40229885057474,29.069767441860463,5.813953488372093,0.0,40.697674418604656,511.7647058823529
2ae19629-2360-13a3-e055-000000000001,EYRE SQUARE,68.28644501278772,16.11253196930946,22.506393861892583,112.02046035805627,171.61125319693093,354.3536804308797,278.0520646319569,3.0690537084398977,49.87212276214834,18.414322250639383,127.87723785166241,254.31425976385103
2ae19629-2362-13a3-e055-000000000001,CARKER,20.316027088036115,2.257336343115124,0.0,4.514672686230248,11.286681715575622,887.3873873873874,51.8018018018018,0.0,9.029345372460496,0.0,20.316027088036115,381.1764705882353
2ae19629-236e-13a3-e055-000000000001,LEVALLY,52.75229357798165,2.293577981651376,2.293577981651376,13.761467889908257,20.642201834862387,894.7368421052631,64.07322654462243,0.0,11.46788990825688,0.0,25.22935779816514,397.0944309927361
2ae19629-2392-13a3-e055-000000000001,ARDAGH,70.27818448023426,10.248901903367496,0.0,4.392386530014641,20.497803806734993,883.2116788321168,80.2919708029197,0.0,0.0,0.0,57.10102489019034,405.4054054054054
2ae19629-2398-13a3-e055-000000000001,KILCONNELL,60.882800608828006,4.5662100456621,6.0882800608828,4.5662100456621,18.2648401826484,854.1033434650456,65.34954407294832,18.2648401826484,7.610350076103501,0.0,35.0076103500761,409.73312401883834
2ae19629-23a2-13a3-e055-000000000001,COOM,45.346062052505964,34.84486873508353,0.0,16.706443914081145,16.706443914081145,889.995258416311,61.16642958748222,0.9546539379474941,2.3866348448687353,5.250596658711217,75.41766109785203,406.01874691662556
2ae19629-23a5-13a3-e055-000000000001,KILCUMMIN,84.64849354375897,1.4347202295552368,1.4347202295552368,7.890961262553802,32.281205164992826,797.5766215253029,92.65858873841768,0.7173601147776184,5.0215208034433285,0.0,34.43328550932568,849.9630450849963
2ae19629-23ac-13a3-e055-000000000001,BALLINCLOHER,74.07407407407408,6.5359477124183005,0.0,8.71459694989107,10.893246187363834,876.355748373102,58.568329718004335,0.0,0.0,2.1786492374727673,32.67973856209151,449.33920704845815
2ae19629-23ec-13a3-e055-000000000001,FRESHFORD,56.12244897959184,1.0204081632653061,0.0,20.408163265306122,9.183673469387756,858.4428715874622,65.72295247724973,4.081632653061225,5.1020408163265305,2.0408163265306123,50.0,407.2916666666667
2ae19629-23f2-13a3-e055-000000000001,GOWRAN,47.096774193548384,7.741935483870968,5.161290322580645,18.06451612903226,18.06451612903226,839.974293059126,83.54755784061697,0.6451612903225806,6.451612903225806,0.6451612903225806,37.41935483870968,417.0552964690207
2ae19629-23f9-13a3-e055-000000000001,THE ROWER,36.25730994152047,1.1695906432748537,0.0,10.526315789473683,11.695906432748536,862.4277456647399,94.79768786127167,0.0,1.1695906432748537,1.1695906432748537,19.883040935672515,495.23809523809524
2ae19629-240c-13a3-e055-000000000001,KILKENNY No. 1 URBAN,49.3938845666727,36.366925999638134,9.408358965080515,81.23756106386828,73.45757191966709,624.7787610619469,146.5486725663717,9.227428984982811,50.29853446716121,16.645558168988604,127.01284602858692,301.74927113702626
2ae19629-2410-13a3-e055-000000000001,URLINGFORD,44.2294402211472,27.643400138217004,21.423635107118177,42.156185210780926,51.83137525915688,777.0130763936683,75.70543702684101,15.20387007601935,53.213545266067726,11.748445058742226,84.31237042156185,329.0414878397711
2ae19629-2411-13a3-e055-000000000001,WHITECHURCH,70.6401766004415,4.415011037527594,2.207505518763797,22.07505518763797,11.037527593818986,816.7770419426048,105.96026490066225,0.0,15.45253863134658,2.207505518763797,52.980132450331126,435.9550561797753
316a25a0-f7b6-4d01-b188-5efd7bd804c5,BALLYGARVAN/LEHENAGH,30.015007503751878,21.26063031515758,14.007003501750876,20.260130065032516,64.03201600800399,709.6774193548388,123.4954260953298,5.5027513756878434,47.02351175587794,13.006503251625814,67.28364182091046,417.40226986128624
591bceee-1721-4c8d-865f-1e0bd869b6ad,CARRIGALINE/MONKSTOWN RURAL/DOUGLAS,41.991024819122636,21.430533931678724,11.1731843575419,36.72497481454345,66.76435571022988,681.2837623133142,175.08738481093107,1.877461305980401,29.489880025643373,13.600146533565345,91.2629361663156,466.6385333145778
2ae19629-23ad-13a3-e055-000000000001,BALLINSKELLIGS,80.09708737864078,7.281553398058253,0.0,31.553398058252426,31.553398058252426,735.0835322195704,133.65155131264916,0.0,0.0,0.0,87.37864077669903,654.228855721393
2ae19629-23ae-13a3-e055-000000000001,BALLINVOHER,106.71256454388984,3.442340791738382,0.0,37.8657487091222,18.9328743545611,730.3754266211604,201.36518771331058,1.721170395869191,1.721170395869191,0.0,75.7314974182444,569.9300699300699
2ae19629-23b4-13a3-e055-000000000001,WOOLENGRANGE,88.39779005524862,2.7624309392265194,0.0,5.524861878453039,11.049723756906078,855.191256830601,109.2896174863388,19.337016574585636,2.7624309392265194,2.7624309392265194,35.91160220994475,514.0449438202247
2ae19629-23b8-13a3-e055-000000000001,BURNCHURCH,45.90163934426229,0.0,0.0,14.754098360655739,16.393442622950822,811.9935170178281,110.21069692058347,0.0,1.639344262295082,1.639344262295082,32.786885245901644,506.71140939597313
2ae19629-23bb-13a3-e055-000000000001,CASTLEBANNY,83.33333333333333,0.0,0.0,6.41025641025641,19.230769230769234,871.7948717948718,102.56410256410255,0.0,0.0,0.0,25.64102564102564,443.7086092715232
2ae19629-23ce-13a3-e055-000000000001,MUCKALEE,41.42011834319527,0.0,0.0,23.668639053254438,5.9171597633136095,893.491124260355,53.25443786982249,0.0,5.9171597633136095,0.0,41.42011834319527,490.9090909090909
2ae19629-23db-13a3-e055-000000000001,DYSARTMOON,79.24528301886792,7.547169811320755,0.0,3.7735849056603774,3.7735849056603774,841.5094339622642,113.20754716981132,22.641509433962263,0.0,0.0,56.60377358490566,409.26640926640925
2ae19629-23e0-13a3-e055-000000000001,ENNISNAG,69.94328922495274,1.890359168241966,0.0,17.013232514177695,26.465028355387524,688.6792452830189,183.01886792452828,0.0,7.561436672967864,3.780718336483932,66.1625708884688,505.9288537549407
7c85cece-22eb-4ebb-8d1f-9c0f734eaea8,DOUGLAS/LEHENAGH,34.49180327868852,30.16393442622951,16.524590163934427,39.86885245901639,80.1311475409836,665.0188630154806,158.31924027579032,5.245901639344262,51.80327868852459,21.114754098360656,99.14754098360656,436.3293356690473
e4432984-fa1f-40d8-92f5-5c934939c606,CONG/ROSS,94.05940594059406,4.9504950495049505,0.0,11.55115511551155,21.45214521452145,837.9254457050243,92.38249594813615,0.0,1.6501650165016502,1.6501650165016502,57.755775577557756,787.375415282392
f91caa0f-0c2d-4ce7-a5b0-7a5ac354cb4f,DUNMAKEEVER/BENBRACK/DERRYNANANTA,134.88372093023256,0.0,0.0,23.25581395348837,18.6046511627907,786.046511627907,125.58139534883722,0.0,0.0,46.51162790697674,83.72093023255813,351.2195121951219
2ae19629-23e6-13a3-e055-000000000001,FARNOGE,41.791044776119406,5.970149253731344,0.0,5.970149253731344,14.925373134328359,866.0714285714286,86.30952380952381,0.0,0.0,0.0,47.76119402985075,463.4146341463415
2ae19629-23fb-13a3-e055-000000000001,TISCOFFIN,86.87258687258688,1.9305019305019306,1.9305019305019306,11.583011583011583,11.583011583011583,782.2736030828517,113.68015414258188,0.0,1.9305019305019306,1.9305019305019306,61.77606177606178,458.7525150905433
2ae19629-23ff-13a3-e055-000000000001,TUBBRID,76.27118644067797,0.0,0.0,8.474576271186441,14.830508474576272,823.1578947368421,80.0,0.0,0.0,0.0,50.84745762711865,474.5011086474501
2ae19629-2400-13a3-e055-000000000001,TUBBRIDBRITTAIN,45.7516339869281,0.0,0.0,0.0,16.339869281045754,798.0456026058632,97.7198697068404,6.5359477124183005,3.2679738562091503,0.0,26.143790849673202,387.9598662207358
2ae19629-2403-13a3-e055-000000000001,KILBEACON,18.69158878504673,0.0,0.0,9.345794392523365,18.69158878504673,901.8691588785047,46.72897196261682,0.0,4.672897196261682,0.0,18.69158878504673,521.5311004784688
2ae19629-2408-13a3-e055-000000000001,KILCOLUMB,37.2168284789644,4.854368932038835,0.0,8.090614886731391,12.944983818770227,819.645732689211,86.95652173913044,0.0,1.6181229773462784,0.0,35.59870550161812,445.36423841059604
2ae19629-240f-13a3-e055-000000000001,ULLID,47.2972972972973,3.8610038610038613,0.0,5.7915057915057915,16.409266409266408,806.2381852551986,146.50283553875238,0.9652509652509653,4.826254826254826,1.9305019305019306,25.096525096525095,385.37549407114625
7d09d455-0fac-4a81-a63b-1b8dbe0d62b1,OWENNADORNAUN/BUNDORRAGHA,131.94444444444446,6.944444444444444,6.944444444444444,62.5,41.666666666666664,773.5849056603774,119.49685534591195,0.0,6.944444444444444,0.0,138.88888888888889,410.2564102564102
842865f1-99a8-46b1-8460-28a9e20b0d17,DERRIANA/CLOON,99.601593625498,0.0,0.0,11.952191235059761,7.968127490039841,823.5294117647059,78.43137254901961,23.904382470119522,0.0,3.9840637450199203,87.64940239043825,526.530612244898
f26b950c-de46-4c46-b4be-21b2c886958f,DUNDALK RURAL (SOUTH),89.7910698064426,16.56068758297813,12.857242680455593,68.19928726154706,106.91076794074488,654.7742515384084,121.89725506464772,24.806093215009433,53.87464188386556,72.3219900775627,110.82384180001398,303.9329091960671
f2b35649-c96c-4cf5-b8ab-60770f0291a9,MASTERGEEHY/CANUIG,99.54751131221718,0.0,4.524886877828055,22.62443438914027,18.09954751131222,777.7777777777778,128.88888888888889,0.0,22.62443438914027,0.0,90.49773755656108,650.2242152466367
