geo_code,geo_name,total_housing_stock,occupied_residents_per1000,occupied_visitors_per1000,vacant_temp_absent_per1000,vacant_house_apt_per1000,vacant_holiday_home_per1000,vacancy_rate_pct
2ae19629-1836-13a3-e055-000000000001,"Agha, Carlow",149.0,906.0402684563759,0.0,6.7114093959731544,80.53691275167785,6.7114093959731544,8.1
2ae19629-1837-13a3-e055-000000000001,"Ballinacarrig, Carlow",410.0,960.9756097560976,0.0,9.75609756097561,24.390243902439025,4.878048780487805,2.4
2ae19629-1840-13a3-e055-000000000001,"Ballintemple, Carlow",224.0,928.5714285714286,0.0,0.0,40.17857142857143,31.25,4.0
2ae19629-1841-13a3-e055-000000000001,"Ballon, Carlow",278.0,902.8776978417267,7.194244604316547,10.79136690647482,71.94244604316546,7.194244604316547,7.2
2ae19629-1842-13a3-e055-000000000001,"Ballyellin, Carlow",169.0,923.0769230769231,0.0,5.9171597633136095,65.08875739644971,5.9171597633136095,6.5
2ae19629-1843-13a3-e055-000000000001,"Ballymoon, Carlow",133.0,902.2556390977443,0.0,0.0,90.22556390977444,7.518796992481203,9.0
2ae19629-184d-13a3-e055-000000000001,"Ballymurphy, Carlow",120.0,791.6666666666666,0.0,8.333333333333334,191.66666666666669,8.333333333333334,19.2
2ae19629-184e-13a3-e055-000000000001,"Borris, Carlow",465.0,840.8602150537635,2.150537634408602,0.0,124.73118279569891,32.25806451612903,12.5
2ae19629-184f-13a3-e055-000000000001,"Burton Hall, Carlow",186.0,924.7311827956988,0.0,32.25806451612903,37.634408602150536,5.376344086021506,3.8
2ae19629-1857-13a3-e055-000000000001,"Carlow Rural, Carlow",6191.0,930.5443385559684,5.007268615732515,13.729607494750445,49.10353739298982,1.6152479405588758,4.9
2ae19629-1858-13a3-e055-000000000001,"Carlow Urban, Carlow",2493.0,863.2170076213398,12.033694344163658,14.841556357801846,105.8965102286402,4.011231448054553,10.6
2ae19629-1859-13a3-e055-000000000001,"Clogrenan, Carlow",406.0,955.6650246305419,2.4630541871921183,14.778325123152708,27.093596059113302,0.0,2.7
2ae19629-185a-13a3-e055-000000000001,"Clonegall, Carlow",444.0,853.6036036036037,11.26126126126126,4.504504504504505,72.07207207207207,58.55855855855856,7.2
2ae19629-1864-13a3-e055-000000000001,"Clonmore, Carlow",226.0,867.2566371681417,8.849557522123893,4.424778761061947,92.9203539823009,26.548672566371682,9.3
2ae19629-1865-13a3-e055-000000000001,"Coonogue, Carlow",90.0,833.3333333333334,0.0,0.0,144.44444444444443,22.22222222222222,14.4
2ae19629-1866-13a3-e055-000000000001,"Corries, Carlow",206.0,907.7669902912622,0.0,9.70873786407767,77.66990291262135,4.854368932038835,7.8
2ae19629-1872-13a3-e055-000000000001,"Cranemore, Carlow",461.0,906.7245119305857,4.3383947939262475,8.676789587852495,67.24511930585683,13.015184381778742,6.7
2ae19629-1873-13a3-e055-000000000001,"Fennagh, Carlow",303.0,907.5907590759076,3.3003300330033003,13.201320132013201,75.90759075907592,0.0,7.6
2ae19629-1874-13a3-e055-000000000001,"Garryhill, Carlow",249.0,863.4538152610442,0.0,4.016064257028112,108.43373493975903,24.096385542168676,10.8
2ae19629-187d-13a3-e055-000000000001,"Glynn, Carlow",172.0,779.0697674418606,5.813953488372093,11.627906976744185,139.53488372093022,63.95348837209303,14.0
2ae19629-1a59-13a3-e055-000000000001,"Graigue Urban, Carlow",802.0,889.0274314214464,2.493765586034913,12.468827930174564,87.28179551122194,8.728179551122194,8.7
2ae19629-187e-13a3-e055-000000000001,"Grangeford, Carlow",210.0,919.047619047619,9.523809523809526,0.0,71.42857142857143,0.0,7.1
2ae19629-187f-13a3-e055-000000000001,"Hacketstown, Carlow",487.0,893.223819301848,0.0,8.213552361396305,73.92197125256673,24.640657084188913,7.4
2ae19629-1887-13a3-e055-000000000001,"Haroldstown, Carlow",110.0,909.090909090909,9.09090909090909,0.0,72.72727272727272,9.09090909090909,7.3
2ae19629-1888-13a3-e055-000000000001,"Johnstown, Carlow",223.0,928.2511210762332,4.484304932735426,17.937219730941703,44.84304932735426,4.484304932735426,4.5
2ae19629-1889-13a3-e055-000000000001,"Kellistown, Carlow",387.0,914.7286821705426,5.167958656330749,15.503875968992247,59.43152454780361,5.167958656330749,5.9
2ae19629-188a-13a3-e055-000000000001,"Kilbride, Carlow",177.0,926.5536723163842,0.0,5.649717514124294,56.497175141242934,11.299435028248588,5.6
2ae19629-1895-13a3-e055-000000000001,"Killedmond, Carlow",190.0,831.578947368421,0.0,5.263157894736842,94.73684210526316,68.42105263157895,9.5
2ae19629-1896-13a3-e055-000000000001,"Killerrig, Carlow",125.0,944.0,0.0,8.0,40.0,8.0,4.0
2ae19629-1897-13a3-e055-000000000001,"Kineagh, Carlow",150.0,880.0,6.666666666666667,0.0,106.66666666666667,6.666666666666667,10.7
2ae19629-18a0-13a3-e055-000000000001,"Kyle, Carlow",139.0,870.5035971223022,0.0,0.0,100.71942446043165,28.77697841726619,10.1
2ae19629-18a1-13a3-e055-000000000001,"Leighlinbridge, Carlow",704.0,900.5681818181818,1.4204545454545454,18.465909090909093,66.76136363636363,12.78409090909091,6.7
2ae19629-18a2-13a3-e055-000000000001,"Marley, Carlow",157.0,828.0254777070064,6.369426751592357,6.369426751592357,121.01910828025478,38.216560509554135,12.1
2ae19629-18ab-13a3-e055-000000000001,"Muinebeag Rural, Carlow",266.0,890.9774436090225,3.7593984962406015,7.518796992481203,93.98496240601503,3.7593984962406015,9.4
2ae19629-18ac-13a3-e055-000000000001,"Muinebeag Urban, Carlow",1260.0,912.6984126984127,1.5873015873015872,11.904761904761903,62.698412698412696,11.11111111111111,6.3
2ae19629-18ad-13a3-e055-000000000001,"Myshall, Carlow",238.0,915.9663865546219,0.0,8.403361344537815,58.8235294117647,16.80672268907563,5.9
2ae19629-18ae-13a3-e055-000000000001,"Nurney, Carlow",318.0,915.0943396226415,0.0,6.289308176100629,72.32704402515724,6.289308176100629,7.2
2ae19629-18b7-13a3-e055-000000000001,"Oldleighlin, Carlow",219.0,904.1095890410959,4.5662100456621,0.0,82.1917808219178,9.1324200913242,8.2
2ae19629-18b8-13a3-e055-000000000001,"Rahill, Carlow",308.0,879.8701298701299,0.0,9.74025974025974,97.40259740259741,12.987012987012989,9.7
2ae19629-18b9-13a3-e055-000000000001,"Rathanna, Carlow",73.0,712.3287671232877,0.0,13.698630136986301,178.08219178082192,95.8904109589041,17.8
2ae19629-18c2-13a3-e055-000000000001,"Rathornan, Carlow",145.0,917.2413793103448,6.896551724137931,20.689655172413794,48.275862068965516,6.896551724137931,4.8
2ae19629-18c3-13a3-e055-000000000001,"Rathrush, Carlow",380.0,910.5263157894738,7.894736842105264,13.157894736842104,44.73684210526316,23.68421052631579,4.5
2ae19629-18c4-13a3-e055-000000000001,"Rathvilly, Carlow",378.0,891.5343915343915,0.0,2.6455026455026456,89.94708994708994,15.873015873015872,9.0
2ae19629-1816-13a3-e055-000000000001,"Ridge, Carlow",102.0,892.1568627450981,0.0,0.0,98.0392156862745,9.803921568627452,9.8
2ae19629-1817-13a3-e055-000000000001,"Shangarry, Carlow",206.0,902.9126213592233,0.0,0.0,92.23300970873787,4.854368932038835,9.2
2ae19629-1818-13a3-e055-000000000001,"Sliguff, Carlow",208.0,923.0769230769231,0.0,4.807692307692308,67.3076923076923,4.807692307692308,6.7
2ae19629-1820-13a3-e055-000000000001,"Tankardstown, Carlow",175.0,908.5714285714286,0.0,22.857142857142858,68.57142857142857,0.0,6.9
2ae19629-1821-13a3-e055-000000000001,"Templepeter, Carlow",176.0,897.7272727272727,5.681818181818182,11.363636363636363,79.54545454545455,5.681818181818182,8.0
2ae19629-1822-13a3-e055-000000000001,"Tiknock, Carlow",127.0,897.6377952755905,7.874015748031496,7.874015748031496,78.74015748031496,7.874015748031496,7.9
2ae19629-1823-13a3-e055-000000000001,"Tinnahinch, Carlow",322.0,782.608695652174,6.211180124223602,6.211180124223602,111.80124223602485,93.16770186335403,11.2
2ae19629-1a55-13a3-e055-000000000001,"Tullow Rural, Carlow",338.0,881.6568047337278,8.875739644970414,5.9171597633136095,44.378698224852066,59.171597633136095,4.4
2ae19629-1a56-13a3-e055-000000000001,"Tullow Urban, Carlow",1728.0,938.0787037037037,1.736111111111111,10.416666666666666,48.032407407407405,1.736111111111111,4.8
2ae19629-1a57-13a3-e055-000000000001,"Tullowbeg, Carlow",220.0,895.4545454545455,13.636363636363635,0.0,77.27272727272727,13.636363636363635,7.7
2ae19629-1a58-13a3-e055-000000000001,"Williamstown, Carlow",134.0,835.820895522388,0.0,14.925373134328359,111.94029850746269,37.31343283582089,11.2
2ae19629-1ceb-13a3-e055-000000000001,"Arran Quay A, Dublin City",780.0,893.5897435897436,3.8461538461538463,17.94871794871795,83.33333333333333,1.2820512820512822,8.3
2ae19629-1cec-13a3-e055-000000000001,"Arran Quay B, Dublin City",1899.0,897.8409689310163,6.845708267509215,21.063717746182203,70.56345444971038,3.686150605581885,7.1
2ae19629-1ced-13a3-e055-000000000001,"Arran Quay C, Dublin City",2161.0,879.2225821378992,6.941230911614993,25.451180009254976,62.47107820453494,25.913928736695976,6.2
2ae19629-1cee-13a3-e055-000000000001,"Arran Quay D, Dublin City",1513.0,869.1341705221415,3.9656311962987445,13.879709187045606,111.69861202908129,1.3218770654329146,11.2
2ae19629-1cef-13a3-e055-000000000001,"Arran Quay E, Dublin City",1835.0,897.5476839237058,5.449591280653951,16.893732970027248,79.01907356948229,1.0899182561307903,7.9
2ae19629-1cf0-13a3-e055-000000000001,"Ashtown A, Dublin City",4864.0,935.8552631578947,1.644736842105263,19.94243421052632,41.11842105263158,1.439144736842105,4.1
2ae19629-1d03-13a3-e055-000000000001,"Ashtown B, Dublin City",1173.0,901.1082693947144,6.820119352088661,17.902813299232736,71.61125319693095,2.557544757033248,7.2
2ae19629-1d04-13a3-e055-000000000001,"Ayrfield, Dublin City",2235.0,951.6778523489933,0.447427293064877,12.975391498881432,34.00447427293065,0.894854586129754,3.4
2ae19629-1d05-13a3-e055-000000000001,"Ballybough A, Dublin City",1900.0,880.0,5.7894736842105265,16.31578947368421,97.36842105263158,0.5263157894736842,9.7
2ae19629-1d06-13a3-e055-000000000001,"Ballybough B, Dublin City",1885.0,888.5941644562334,8.488063660477453,18.56763925729443,75.86206896551724,8.488063660477453,7.6
2ae19629-1d08-13a3-e055-000000000001,"Ballygall A, Dublin City",1415.0,924.3816254416961,2.8268551236749113,13.42756183745583,59.36395759717315,0.0,5.9
2ae19629-1d09-13a3-e055-000000000001,"Ballygall B, Dublin City",777.0,907.3359073359073,3.8610038610038613,18.01801801801802,69.4980694980695,1.287001287001287,6.9
2ae19629-1d07-13a3-e055-000000000001,"Ballygall C, Dublin City",1409.0,938.9638041163946,1.4194464158978,10.645848119233499,47.55145493257629,1.4194464158978,4.8
2ae19629-1d0a-13a3-e055-000000000001,"Ballygall D, Dublin City",1026.0,948.3430799220273,2.923976608187134,7.797270955165692,40.93567251461988,0.0,4.1
2ae19629-1d0b-13a3-e055-000000000001,"Ballymun A, Dublin City",2053.0,945.9327812956649,1.4612761811982464,7.793472966390648,44.32537749634681,0.4870920603994155,4.4
2ae19629-1d0c-13a3-e055-000000000001,"Ballymun B, Dublin City",1561.0,951.9538757206919,5.124919923126201,2.5624599615631003,40.35874439461883,0.0,4.0
2ae19629-1d0d-13a3-e055-000000000001,"Ballymun C, Dublin City",2282.0,925.065731814198,6.573181419807186,25.85451358457493,42.068361086766,0.43821209465381245,4.2
2ae19629-1d0e-13a3-e055-000000000001,"Ballymun D, Dublin City",1019.0,956.820412168793,1.9627085377821392,0.9813542688910696,40.23552502453386,0.0,4.0
2ae19629-1d0f-13a3-e055-000000000001,"Ballymun E, Dublin City",639.0,937.4021909233177,6.259780907668231,6.259780907668231,50.07824726134585,0.0,5.0
2ae19629-1d10-13a3-e055-000000000001,"Ballymun F, Dublin City",959.0,933.2638164754953,2.0855057351407718,12.51303441084463,52.13764337851929,0.0,5.2
2ae19629-1d11-13a3-e055-000000000001,"Beaumont A, Dublin City",1099.0,920.8371246587808,4.549590536851683,11.828935395814376,61.874431301182895,0.9099181073703367,6.2
2ae19629-1d12-13a3-e055-000000000001,"Beaumont B, Dublin City",1631.0,939.3010423053341,1.226241569589209,16.55426118945432,42.30533415082771,0.6131207847946045,4.2
2ae19629-1d21-13a3-e055-000000000001,"Beaumont C, Dublin City",1450.0,915.1724137931035,0.689655172413793,16.551724137931036,67.58620689655172,0.0,6.8
2ae19629-1d22-13a3-e055-000000000001,"Beaumont D, Dublin City",780.0,966.6666666666666,1.2820512820512822,17.94871794871795,14.102564102564102,0.0,1.4
2ae19629-1d23-13a3-e055-000000000001,"Beaumont E, Dublin City",845.0,901.7751479289941,8.284023668639053,11.834319526627219,75.7396449704142,2.366863905325444,7.6
2ae19629-1d24-13a3-e055-000000000001,"Beaumont F, Dublin City",1457.0,945.0926561427591,4.1180507892930684,12.354152367879204,36.3761153054221,2.0590253946465342,3.6
2ae19629-1d25-13a3-e055-000000000001,"Botanic A, Dublin City",1525.0,888.5245901639345,5.245901639344262,20.327868852459016,82.62295081967214,3.278688524590164,8.3
2ae19629-1d26-13a3-e055-000000000001,"Botanic B, Dublin City",1632.0,886.6421568627451,5.514705882352941,18.38235294117647,86.3970588235294,3.063725490196078,8.6
2ae19629-1d27-13a3-e055-000000000001,"Botanic C, Dublin City",1039.0,909.5283926852743,5.7747834456207885,20.211742059672762,63.52261790182868,0.9624639076034649,6.4
2ae19629-1d28-13a3-e055-000000000001,"Cabra East A, Dublin City",2817.0,917.2878949236776,4.6148384806531775,13.844515441959532,62.12282570110046,2.1299254526091587,6.2
2ae19629-1d29-13a3-e055-000000000001,"Cabra East B, Dublin City",1677.0,911.747167561121,4.174120453190221,14.311270125223613,68.57483601669648,1.1926058437686344,6.9
2ae19629-1d2a-13a3-e055-000000000001,"Cabra East C, Dublin City",2083.0,896.3034085453672,6.240998559769563,20.16322611617859,77.2923667786846,0.0,7.7
2ae19629-1d2b-13a3-e055-000000000001,"Cabra West A, Dublin City",572.0,945.8041958041958,1.7482517482517483,10.48951048951049,41.95804195804196,0.0,4.2
2ae19629-1d2c-13a3-e055-000000000001,"Cabra West B, Dublin City",1160.0,943.1034482758621,3.4482758620689653,5.172413793103448,47.41379310344827,0.8620689655172413,4.7
2ae19629-1d2d-13a3-e055-000000000001,"Cabra West C, Dublin City",1162.0,923.407917383821,3.442340791738382,18.9328743545611,53.35628227194492,0.8605851979345955,5.3
2ae19629-1d2e-13a3-e055-000000000001,"Cabra West D, Dublin City",1209.0,920.5955334987593,0.8271298593879239,31.43093465674111,43.837882547559964,3.3085194375516958,4.4
2ae19629-1d31-13a3-e055-000000000001,"Carna, Dublin City",1117.0,959.7135183527306,0.0,5.371530886302597,34.914950760966875,0.0,3.5
2ae19629-1d2f-13a3-e055-000000000001,"Chapelizod, Dublin City",1597.0,932.3731997495304,5.635566687539136,13.77582968065122,44.458359423919845,3.757044458359424,4.4
2ae19629-1d30-13a3-e055-000000000001,"Cherry Orchard A, Dublin City",838.0,939.1408114558473,0.0,15.513126491646778,45.346062052505964,0.0,4.5
2ae19629-1d42-13a3-e055-000000000001,"Cherry Orchard C, Dublin City",1578.0,963.2446134347274,0.6337135614702154,8.238276299112801,27.88339670468948,0.0,2.8
2ae19629-1d43-13a3-e055-000000000001,"Clontarf East A, Dublin City",1478.0,918.809201623816,2.0297699594046006,16.238159675236805,62.92286874154263,0.0,6.3
2ae19629-1d44-13a3-e055-000000000001,"Clontarf East B, Dublin City",3104.0,880.1546391752577,3.865979381443299,21.262886597938145,90.85051546391752,3.865979381443299,9.1
2ae19629-1d45-13a3-e055-000000000001,"Clontarf East C, Dublin City",1323.0,901.7384731670446,3.0234315948601664,25.699168556311417,66.51549508692365,3.0234315948601664,6.7
2ae19629-1d46-13a3-e055-000000000001,"Clontarf East D, Dublin City",1164.0,896.0481099656358,6.013745704467354,21.477663230240548,72.16494845360825,4.295532646048111,7.2
2ae19629-1d47-13a3-e055-000000000001,"Clontarf East E, Dublin City",650.0,916.9230769230769,4.615384615384616,10.769230769230768,66.15384615384616,1.5384615384615385,6.6
2ae19629-1d48-13a3-e055-000000000001,"Clontarf West A, Dublin City",1569.0,919.6940726577438,2.5493945188017846,16.5710643722116,60.548119821542386,0.6373486297004461,6.1
2ae19629-1d49-13a3-e055-000000000001,"Clontarf West B, Dublin City",1096.0,931.5693430656934,0.9124087591240876,15.510948905109489,52.00729927007299,0.0,5.2
2ae19629-1d4a-13a3-e055-000000000001,"Clontarf West C, Dublin City",1951.0,896.4633521271143,4.1004613018964635,18.452075858534087,78.93388006150693,2.0502306509482318,7.9
2ae19629-1d4b-13a3-e055-000000000001,"Clontarf West D, Dublin City",1218.0,899.8357963875205,6.568144499178982,13.136288998357964,77.17569786535304,3.284072249589491,7.7
2ae19629-1d4c-13a3-e055-000000000001,"Clontarf West E, Dublin City",1035.0,922.7053140096618,3.864734299516908,16.425120772946862,56.03864734299517,0.966183574879227,5.6
2ae19629-1d4d-13a3-e055-000000000001,"Crumlin A, Dublin City",1543.0,924.1736876215165,1.9442644199611148,12.961762799740765,60.27219701879456,0.6480881399870383,6.0
2ae19629-1d4e-13a3-e055-000000000001,"Crumlin B, Dublin City",1300.0,934.6153846153846,2.307692307692308,11.538461538461538,51.53846153846154,0.0,5.2
2ae19629-1d4f-13a3-e055-000000000001,"Crumlin C, Dublin City",1016.0,928.1496062992126,3.937007874015748,12.795275590551181,52.16535433070866,2.952755905511811,5.2
2ae19629-1d50-13a3-e055-000000000001,"Crumlin D, Dublin City",1816.0,914.647577092511,1.6519823788546255,17.62114537444934,64.42731277533039,1.6519823788546255,6.4
2ae19629-1d62-13a3-e055-000000000001,"Crumlin E, Dublin City",1196.0,933.9464882943143,0.8361204013377926,18.39464882943144,46.82274247491638,0.0,4.7
2ae19629-1d63-13a3-e055-000000000001,"Crumlin F, Dublin City",1215.0,934.156378600823,2.4691358024691357,8.23045267489712,51.85185185185185,3.292181069958848,5.2
2ae19629-1d64-13a3-e055-000000000001,"Decies, Dublin City",1109.0,953.1109107303878,0.9017132551848511,12.623985572587918,33.36339044183949,0.0,3.3
2ae19629-1d65-13a3-e055-000000000001,"Drumcondra South A, Dublin City",2473.0,905.378083299636,7.278608976951072,25.07076425394258,58.63323898099474,3.639304488475536,5.9
2ae19629-1d66-13a3-e055-000000000001,"Drumcondra South B, Dublin City",938.0,893.3901918976545,6.3965884861407245,24.520255863539447,73.56076759061833,2.1321961620469083,7.4
2ae19629-1d67-13a3-e055-000000000001,"Drumcondra South C, Dublin City",1462.0,878.9329685362517,8.207934336525307,12.311901504787961,97.12722298221614,3.4199726402188784,9.7
2ae19629-1d68-13a3-e055-000000000001,"Drumfinn, Dublin City",1440.0,952.0833333333333,0.0,6.25,41.666666666666664,0.0,4.2
2ae19629-1d69-13a3-e055-000000000001,"Edenmore, Dublin City",1071.0,940.2427637721755,1.8674136321195145,10.27077497665733,46.68534080298786,0.9337068160597572,4.7
2ae19629-1d6a-13a3-e055-000000000001,"Finglas North A, Dublin City",1197.0,938.1787802840435,0.835421888053467,5.847953216374268,55.13784461152882,0.0,5.5
2ae19629-1d6b-13a3-e055-000000000001,"Finglas North B, Dublin City",1179.0,927.905004240882,0.8481764206955047,18.6598812553011,52.58693808312129,0.0,5.3
2ae19629-1d6c-13a3-e055-000000000001,"Finglas North C, Dublin City",1467.0,930.4703476482617,3.408316291751875,17.041581458759374,46.3531015678255,2.7266530334014996,4.6
2ae19629-1d6d-13a3-e055-000000000001,"Finglas South A, Dublin City",1143.0,916.010498687664,1.7497812773403325,2.6246719160104988,79.61504811898511,0.0,8.0
2ae19629-1d6e-13a3-e055-000000000001,"Finglas South B, Dublin City",1767.0,894.7368421052631,1.1318619128466327,14.714204867006226,88.85116015846067,0.5659309564233164,8.9
2ae19629-1d6f-13a3-e055-000000000001,"Finglas South C, Dublin City",930.0,943.010752688172,0.0,4.301075268817204,52.68817204301075,0.0,5.3
2ae19629-1d70-13a3-e055-000000000001,"Finglas South D, Dublin City",957.0,949.8432601880877,2.0898641588296765,13.584117032392893,34.48275862068965,0.0,3.4
2ae19629-1d71-13a3-e055-000000000001,"Grace Park, Dublin City",2542.0,916.9944925255704,3.933910306845004,20.45633359559402,57.04169944925256,1.5735641227380015,5.7
2ae19629-1d7f-13a3-e055-000000000001,"Grange A, Dublin City",4373.0,952.6640750057169,1.600731763091699,15.549965698605078,29.727875600274412,0.457351932311914,3.0
2ae19629-1d80-13a3-e055-000000000001,"Grange B, Dublin City",2843.0,946.8870911009498,2.110446711220542,11.959198030249736,37.988040801969746,1.055223355610271,3.8
2ae19629-1d81-13a3-e055-000000000001,"Grange C, Dublin City",1187.0,947.7674810446504,1.6849199663016006,5.054759898904802,45.49283909014322,0.0,4.5
2ae19629-1d82-13a3-e055-000000000001,"Grange D, Dublin City",1537.0,953.8061158100195,0.6506180871828238,17.56668835393624,27.97657774886142,0.0,2.8
2ae19629-1d83-13a3-e055-000000000001,"Grange E, Dublin City",1026.0,942.4951267056531,0.9746588693957114,22.417153996101362,34.1130604288499,0.0,3.4
2ae19629-1d84-13a3-e055-000000000001,"Harmonstown A, Dublin City",1163.0,941.5305245055889,1.7196904557179709,12.897678417884782,43.85210662080826,0.0,4.4
2ae19629-1d85-13a3-e055-000000000001,"Harmonstown B, Dublin City",1094.0,934.1864716636198,3.656307129798903,15.539305301645339,43.875685557586834,2.742230347349177,4.4
2ae19629-1d86-13a3-e055-000000000001,"Inchicore A, Dublin City",1214.0,898.6820428336079,7.413509060955519,9.060955518945633,79.07742998352553,5.766062602965404,7.9
2ae19629-1d87-13a3-e055-000000000001,"Inchicore B, Dublin City",993.0,948.6404833836858,3.0211480362537766,4.028197381671702,44.31017119838872,0.0,4.4
2ae19629-1d88-13a3-e055-000000000001,"Inns Quay A, Dublin City",1231.0,873.2737611697806,4.87408610885459,12.185215272136475,109.66693744922827,0.0,11.0
2ae19629-1d89-13a3-e055-000000000001,"Inns Quay B, Dublin City",2068.0,868.9555125725338,7.253384912959381,14.023210831721471,107.35009671179884,2.4177949709864603,10.7
2ae19629-1d8a-13a3-e055-000000000001,"Inns Quay C, Dublin City",1310.0,885.4961832061069,5.34351145038168,19.84732824427481,87.02290076335878,2.290076335877863,8.7
2ae19629-1d8b-13a3-e055-000000000001,"Kilmainham A, Dublin City",1214.0,947.2817133443164,3.2948929159802307,9.884678747940692,37.89126853377265,1.6474464579901154,3.8
2ae19629-1d8c-13a3-e055-000000000001,"Kilmainham B, Dublin City",1256.0,925.9554140127389,5.5732484076433115,13.535031847133759,54.140127388535035,0.7961783439490446,5.4
2ae19629-1d8d-13a3-e055-000000000001,"Kilmainham C, Dublin City",2344.0,889.505119453925,5.972696245733789,17.918088737201366,85.75085324232082,0.8532423208191127,8.6
2ae19629-1d97-13a3-e055-000000000001,"Kilmore A, Dublin City",1288.0,932.4534161490683,1.5527950310559004,11.645962732919253,53.57142857142857,0.7763975155279502,5.4
2ae19629-1d98-13a3-e055-000000000001,"Kilmore B, Dublin City",1054.0,883.3017077798861,0.9487666034155597,11.385199240986717,103.415559772296,0.9487666034155597,10.3
2ae19629-1d8e-13a3-e055-000000000001,"Kilmore C, Dublin City",541.0,924.2144177449169,5.545286506469501,14.78743068391867,55.45286506469501,0.0,5.5
2ae19629-1d96-13a3-e055-000000000001,"Kilmore D, Dublin City",852.0,937.793427230047,1.1737089201877935,14.084507042253522,46.948356807511736,0.0,4.7
2ae19629-1d99-13a3-e055-000000000001,"Kimmage A, Dublin City",777.0,930.5019305019305,2.574002574002574,14.157014157014158,52.76705276705277,0.0,5.3
2ae19629-1d9a-13a3-e055-000000000001,"Kimmage B, Dublin City",1538.0,940.1820546163849,3.9011703511053315,15.604681404421326,40.31209362808843,0.0,4.0
2ae19629-1d9b-13a3-e055-000000000001,"Kimmage C, Dublin City",1568.0,933.6734693877551,5.7397959183673475,21.683673469387756,38.9030612244898,0.0,3.9
2ae19629-1d9c-13a3-e055-000000000001,"Kimmage D, Dublin City",1134.0,925.0440917107584,3.527336860670194,13.227513227513226,58.201058201058196,0.0,5.8
2ae19629-1d9d-13a3-e055-000000000001,"Kimmage E, Dublin City",1572.0,924.3002544529262,3.1806615776081424,20.356234096692113,52.162849872773535,0.0,5.2
2ae19629-1d9e-13a3-e055-000000000001,"Kylemore, Dublin City",1009.0,945.4905847373637,0.9910802775024776,9.910802775024777,43.60753221010902,0.0,4.4
2ae19629-1d9f-13a3-e055-000000000001,"Mansion House A, Dublin City",1912.0,869.2468619246862,9.93723849372385,29.288702928870293,79.4979079497908,12.02928870292887,7.9
2ae19629-1da0-13a3-e055-000000000001,"Mansion House B, Dublin City",455.0,725.2747252747253,6.593406593406593,32.96703296703297,200.0,35.16483516483517,20.0
2ae19629-1da1-13a3-e055-000000000001,"Merchants Quay A, Dublin City",1186.0,915.6829679595279,5.902192242833052,10.961214165261383,64.92411467116358,2.5295109612141653,6.5
2ae19629-1da2-13a3-e055-000000000001,"Merchants Quay B, Dublin City",2147.0,797.8574755472753,6.520726595249185,15.370284117373078,173.26502095947836,6.986492780624126,17.3
2ae19629-1da3-13a3-e055-000000000001,"Merchants Quay C, Dublin City",1768.0,831.447963800905,5.090497737556562,16.968325791855204,144.79638009049776,1.6968325791855203,14.5
2ae19629-1da4-13a3-e055-000000000001,"Merchants Quay D, Dublin City",1044.0,881.2260536398468,5.747126436781609,26.819923371647512,85.24904214559386,0.9578544061302682,8.5
2ae19629-1da5-13a3-e055-000000000001,"Merchants Quay E, Dublin City",1018.0,888.9980353634578,2.9469548133595285,12.770137524557956,94.30255402750491,0.9823182711198427,9.4
2ae19629-1da6-13a3-e055-000000000001,"Merchants Quay F, Dublin City",1077.0,887.6508820798514,6.49953574744661,17.641597028783657,87.2794800371402,0.9285051067780873,8.7
2ae19629-1da7-13a3-e055-000000000001,"Mountjoy A, Dublin City",2454.0,882.640586797066,14.669926650366747,11.817440912795437,90.46454767726162,0.40749796251018744,9.0
2ae19629-1da8-13a3-e055-000000000001,"Mountjoy B, Dublin City",2068.0,890.715667311412,9.671179883945841,15.957446808510637,83.17214700193423,0.4835589941972921,8.3
2ae19629-1db2-13a3-e055-000000000001,"North City, Dublin City",2479.0,882.210568777733,7.664380798709157,15.73215006050827,85.92174263816055,8.47115772488907,8.6
2ae19629-1db3-13a3-e055-000000000001,"North Dock A, Dublin City",741.0,869.0958164642375,2.6990553306342777,13.495276653171391,112.01079622132254,2.6990553306342777,11.2
2ae19629-1db4-13a3-e055-000000000001,"North Dock B, Dublin City",4064.0,863.9271653543307,8.858267716535433,33.95669291338583,92.02755905511812,1.2303149606299213,9.2
2ae19629-1db5-13a3-e055-000000000001,"North Dock C, Dublin City",1949.0,852.7449974345818,4.617752693689072,33.86351975371986,104.15597742432016,4.617752693689072,10.4
2ae19629-1db6-13a3-e055-000000000001,"Pembroke East A, Dublin City",2319.0,905.1315222078482,5.17464424320828,25.442000862440707,64.25183268650281,0.0,6.4
2ae19629-1db7-13a3-e055-000000000001,"Pembroke East B, Dublin City",1675.0,868.6567164179104,10.746268656716417,37.61194029850746,78.80597014925374,4.17910447761194,7.9
2ae19629-1db8-13a3-e055-000000000001,"Pembroke East C, Dublin City",1921.0,875.0650702758979,8.328995314940135,28.630921395106714,73.39927121290994,14.575741801145236,7.3
2ae19629-1db9-13a3-e055-000000000001,"Pembroke East D, Dublin City",2278.0,851.1852502194907,8.340649692712907,28.97278314310799,102.2827041264267,9.218612818261633,10.2
2ae19629-1dba-13a3-e055-000000000001,"Pembroke East E, Dublin City",1957.0,772.100153295861,15.329586101175268,43.43382728666326,156.87276443536024,12.263668880940216,15.7
2ae19629-1dbb-13a3-e055-000000000001,"Pembroke West A, Dublin City",2596.0,857.8582434514637,11.941448382126348,34.66872110939907,87.442218798151,8.089368258859784,8.7
2ae19629-1dbc-13a3-e055-000000000001,"Pembroke West B, Dublin City",1781.0,786.0752386299832,24.143739472206626,53.340819764177425,108.92756878158339,27.512633352049413,10.9
2ae19629-1dbd-13a3-e055-000000000001,"Pembroke West C, Dublin City",2503.0,777.0675189772273,11.186576108669597,42.74870155813024,149.82021574111067,19.176987614862163,15.0
2ae19629-1dbe-13a3-e055-000000000001,"Phoenix Park, Dublin City",711.0,877.6371308016878,7.032348804500703,21.09704641350211,92.82700421940929,1.4064697609001406,9.3
2ae19629-1dcc-13a3-e055-000000000001,"Priorswood A, Dublin City",552.0,949.2753623188406,1.8115942028985508,23.55072463768116,25.36231884057971,0.0,2.5
2ae19629-1dcd-13a3-e055-000000000001,"Priorswood B, Dublin City",833.0,963.9855942376951,0.0,4.801920768307323,30.012004801920767,1.2004801920768307,3.0
2ae19629-1dca-13a3-e055-000000000001,"Priorswood C, Dublin City",1678.0,959.4755661501788,1.7878426698450536,4.767580452920143,31.585220500595952,2.3837902264600714,3.2
2ae19629-1dcb-13a3-e055-000000000001,"Priorswood D, Dublin City",1012.0,907.1146245059289,1.976284584980237,8.893280632411068,80.0395256916996,1.976284584980237,8.0
2ae19629-1dce-13a3-e055-000000000001,"Priorswood E, Dublin City",984.0,959.349593495935,0.0,16.260162601626018,24.390243902439025,0.0,2.4
2ae19629-1dcf-13a3-e055-000000000001,"Raheny-Foxfield, Dublin City",966.0,930.6418219461698,4.140786749482402,18.633540372670808,46.58385093167701,0.0,4.7
2ae19629-1dd0-13a3-e055-000000000001,"Raheny-Greendale, Dublin City",934.0,911.134903640257,3.2119914346895073,21.41327623126338,63.16916488222699,1.0706638115631693,6.3
2ae19629-1dd1-13a3-e055-000000000001,"Raheny-St. Assam, Dublin City",1713.0,900.1751313485114,4.086398131932283,36.77758318739054,56.042031523642734,2.918855808523059,5.6
2ae19629-1dd2-13a3-e055-000000000001,"Rathfarnham, Dublin City",2239.0,889.2362661902636,10.719071013845467,24.56453774006253,70.12058954890577,5.359535506922733,7.0
2ae19629-1dd3-13a3-e055-000000000001,"Rathmines East A, Dublin City",2696.0,826.0385756676558,11.498516320474778,39.317507418397625,112.75964391691394,10.385756676557863,11.3
2ae19629-1dd4-13a3-e055-000000000001,"Rathmines East B, Dublin City",2870.0,840.766550522648,10.104529616724738,50.87108013937282,86.06271777003484,12.195121951219512,8.6
2ae19629-1dd5-13a3-e055-000000000001,"Rathmines East C, Dublin City",1491.0,898.054996646546,8.718980549966465,21.462105969148222,65.05700871898055,6.70690811535882,6.5
2ae19629-1dd6-13a3-e055-000000000001,"Rathmines East D, Dublin City",1318.0,860.3945371775418,5.311077389984826,18.96813353566009,107.73899848254932,7.587253414264037,10.8
2ae19629-1dd7-13a3-e055-000000000001,"Rathmines West A, Dublin City",3434.0,887.8858474082703,6.4065230052417,20.09318578916715,82.70238788584741,2.9120559114735003,8.3
2ae19629-1dd8-13a3-e055-000000000001,"Rathmines West B, Dublin City",2092.0,857.074569789675,10.038240917782026,22.944550669216063,107.07456978967495,2.868068833652008,10.7
2ae19629-1de6-13a3-e055-000000000001,"Rathmines West C, Dublin City",1296.0,863.425925925926,12.345679012345679,22.37654320987654,96.45061728395062,5.401234567901234,9.6
2ae19629-1de7-13a3-e055-000000000001,"Rathmines West D, Dublin City",1668.0,848.3213429256596,7.793764988009593,22.781774580335732,119.90407673860912,1.199040767386091,12.0
2ae19629-1de8-13a3-e055-000000000001,"Rathmines West E, Dublin City",1725.0,895.0724637681159,4.63768115942029,28.985507246376812,70.14492753623189,1.1594202898550725,7.0
2ae19629-1de9-13a3-e055-000000000001,"Rathmines West F, Dublin City",1580.0,842.4050632911393,5.063291139240507,25.31645569620253,124.68354430379746,2.5316455696202533,12.5
2ae19629-1dea-13a3-e055-000000000001,"Rotunda A, Dublin City",2413.0,888.1060920016577,9.531703273932862,16.991297140489017,84.54206382096974,0.8288437629506837,8.5
2ae19629-1deb-13a3-e055-000000000001,"Rotunda B, Dublin City",1311.0,962.6239511823036,0.7627765064836003,4.576659038901602,32.036613272311214,0.0,3.2
2ae19629-1dec-13a3-e055-000000000001,"Royal Exchange A, Dublin City",1922.0,873.5691987513006,20.81165452653486,17.68990634755463,83.24661810613944,4.682622268470343,8.3
2ae19629-1ded-13a3-e055-000000000001,"Royal Exchange B, Dublin City",719.0,859.5271210013908,8.344923504867872,13.908205841446454,116.8289290681502,1.3908205841446453,11.7
2ae19629-1dee-13a3-e055-000000000001,"Saint Kevin's, Dublin City",2261.0,878.3724015922159,8.845643520566123,14.153029632905795,95.09066784608581,3.538257408226449,9.5
2ae19629-1def-13a3-e055-000000000001,"South Dock, Dublin City",4436.0,796.6636609558161,18.48512173128945,46.438232642019834,128.04328223624887,10.369702434625788,12.8
2ae19629-1df0-13a3-e055-000000000001,"Terenure A, Dublin City",1788.0,904.3624161073825,6.7114093959731544,20.13422818791946,64.31767337807607,4.47427293064877,6.4
2ae19629-1df1-13a3-e055-000000000001,"Terenure B, Dublin City",1638.0,916.9719169719169,1.221001221001221,24.42002442002442,54.33455433455433,3.0525030525030523,5.4
2ae19629-1df2-13a3-e055-000000000001,"Terenure C, Dublin City",695.0,929.4964028776978,5.755395683453237,21.58273381294964,41.726618705035975,1.4388489208633093,4.2
2ae19629-1df3-13a3-e055-000000000001,"Terenure D, Dublin City",319.0,918.4952978056426,0.0,18.808777429467085,56.426332288401255,6.269592476489028,5.6
2ae19629-1df4-13a3-e055-000000000001,"Ushers A, Dublin City",2424.0,910.4785478547855,7.8382838283828375,16.914191419141915,62.7062706270627,2.0627062706270625,6.3
2ae19629-1df5-13a3-e055-000000000001,"Ushers B, Dublin City",774.0,909.5607235142119,2.5839793281653747,10.335917312661499,76.22739018087856,1.2919896640826873,7.6
2ae19629-1df6-13a3-e055-000000000001,"Ushers C, Dublin City",1996.0,887.2745490981964,3.5070140280561124,14.529058116232466,93.687374749499,1.002004008016032,9.4
2ae19629-1df7-13a3-e055-000000000001,"Ushers D, Dublin City",1253.0,836.3926576217079,6.384676775738229,13.567438148443737,142.0590582601756,1.5961691939345573,14.2
2ae19629-1df8-13a3-e055-000000000001,"Ushers E, Dublin City",896.0,919.6428571428571,4.464285714285714,11.160714285714286,64.73214285714286,0.0,6.5
2ae19629-1e05-13a3-e055-000000000001,"Ushers F, Dublin City",1362.0,901.6152716593245,7.342143906020558,29.368575624082233,57.268722466960355,4.405286343612335,5.7
2ae19629-1e06-13a3-e055-000000000001,"Walkinstown A, Dublin City",1142.0,969.3520140105079,0.0,4.378283712784588,26.26970227670753,0.0,2.6
2ae19629-1e07-13a3-e055-000000000001,"Walkinstown B, Dublin City",837.0,933.0943847072879,2.389486260454002,13.142174432497013,51.373954599761056,0.0,5.1
2ae19629-1e08-13a3-e055-000000000001,"Walkinstown C, Dublin City",1046.0,928.2982791586998,2.868068833652008,6.692160611854685,62.1414913957935,0.0,6.2
2ae19629-1e09-13a3-e055-000000000001,"Whitehall A, Dublin City",1173.0,913.8959931798806,6.820119352088661,14.492753623188406,63.086104006820115,1.7050298380221653,6.3
2ae19629-1e0a-13a3-e055-000000000001,"Whitehall B, Dublin City",1898.0,879.3466807165438,6.322444678609062,40.56902002107481,73.2349841938883,0.5268703898840885,7.3
2ae19629-1e0b-13a3-e055-000000000001,"Whitehall C, Dublin City",1241.0,911.3618049959709,4.834810636583401,25.785656728444803,57.2119258662369,0.8058017727639001,5.7
2ae19629-1e0c-13a3-e055-000000000001,"Whitehall D, Dublin City",1262.0,907.2900158478606,3.1695721077654517,24.56418383518225,64.18383518225039,0.7923930269413629,6.4
2ae19629-1e0d-13a3-e055-000000000001,"Wood Quay A, Dublin City",1347.0,880.4751299183371,8.166295471417966,11.135857461024498,97.25315515961395,2.969561989606533,9.7
2ae19629-1e0e-13a3-e055-000000000001,"Wood Quay B, Dublin City",2107.0,876.6018035121025,6.169909824394874,28.951115329852872,86.37873754152824,1.8984337921214998,8.6
2ae19629-1e23-13a3-e055-000000000001,"Ballinascorney, South Dublin",317.0,883.2807570977917,3.1545741324921135,25.236593059936908,88.32807570977918,0.0,8.8
2ae19629-1e2a-13a3-e055-000000000001,"Ballyboden, South Dublin",1904.0,943.8025210084033,3.1512605042016806,23.10924369747899,29.41176470588235,0.5252100840336135,2.9
2ae19629-1ce0-13a3-e055-000000000001,"Bohernabreena, South Dublin",1845.0,942.5474254742547,1.084010840108401,13.008130081300813,42.81842818428184,0.5420054200542005,4.3
2ae19629-1d02-13a3-e055-000000000001,"Clondalkin Village, South Dublin",3360.0,950.5952380952381,1.488095238095238,14.285714285714285,32.73809523809524,0.8928571428571428,3.3
2ae19629-1cfc-13a3-e055-000000000001,"Clondalkin-Ballymount, South Dublin",662.0,950.1510574018127,1.5105740181268883,19.637462235649547,28.70090634441088,0.0,2.9
2ae19629-1cfd-13a3-e055-000000000001,"Clondalkin-Cappaghmore, South Dublin",831.0,909.7472924187726,1.203369434416366,12.033694344163658,77.01564380264742,0.0,7.7
2ae19629-1cfe-13a3-e055-000000000001,"Clondalkin-Dunawley, South Dublin",3993.0,953.6689206110693,2.0035061357375405,10.267968945654895,34.05960430753819,0.0,3.4
2ae19629-1cff-13a3-e055-000000000001,"Clondalkin-Monastery, South Dublin",4188.0,938.872970391595,2.626552053486151,14.804202483285577,42.50238777459408,1.1938872970391596,4.3
2ae19629-1d00-13a3-e055-000000000001,"Clondalkin-Moorfield, South Dublin",2331.0,978.1209781209781,0.429000429000429,6.006006006006006,15.444015444015445,0.0,1.5
2ae19629-1d01-13a3-e055-000000000001,"Clondalkin-Rowlagh, South Dublin",1414.0,967.4681753889674,1.4144271570014144,9.193776520509195,21.923620933521924,0.0,2.2
2ae19629-1d5f-13a3-e055-000000000001,"Edmondstown, South Dublin",2055.0,932.3600973236009,0.9732360097323601,22.871046228710462,43.30900243309002,0.48661800486618007,4.3
2ae19629-1d60-13a3-e055-000000000001,"Firhouse Village, South Dublin",4152.0,950.1445086705203,0.722543352601156,20.23121387283237,28.660886319845858,0.24084778420038536,2.9
2ae19629-1d61-13a3-e055-000000000001,"Firhouse-Ballycullen, South Dublin",3468.0,955.0173010380622,0.28835063437139563,19.896193771626297,24.22145328719723,0.5767012687427913,2.4
2ae19629-1d78-13a3-e055-000000000001,"Firhouse-Knocklyon, South Dublin",1351.0,951.8874907475944,0.7401924500370096,21.46558105107328,25.906735751295336,0.0,2.6
2ae19629-1dc8-13a3-e055-000000000001,"Lucan Heights, South Dublin",2034.0,944.4444444444445,1.4749262536873156,14.749262536873156,38.3480825958702,0.9832841691248771,3.8
2ae19629-1dc7-13a3-e055-000000000001,"Lucan-Esker, South Dublin",10349.0,963.7646149386414,1.8359261764421682,9.662769349695623,23.480529519760363,1.2561600154604309,2.3
2ae19629-1dde-13a3-e055-000000000001,"Lucan-St. Helens, South Dublin",5667.0,946.3560967001941,1.9410622904535026,19.234162696311984,32.29221810481736,0.1764602082230457,3.2
2ae19629-1de2-13a3-e055-000000000001,"Newcastle, South Dublin",1919.0,935.9041167274622,1.0422094841063052,17.196456487754038,45.336112558624286,0.5211047420531526,4.5
2ae19629-1de3-13a3-e055-000000000001,"Palmerston Village, South Dublin",1541.0,940.9474367293965,3.893575600259572,16.223231667748216,37.63789746917586,1.2978585334198571,3.8
2ae19629-1de4-13a3-e055-000000000001,"Palmerston West, South Dublin",2317.0,962.4514458351316,1.294777729823047,12.084592145015106,24.169184290030213,0.0,2.4
2ae19629-1dff-13a3-e055-000000000001,"Rathcoole, South Dublin",2271.0,955.9665345662703,1.321003963011889,7.485689123734038,34.34610303830912,0.8806693086745927,3.4
2ae19629-1e04-13a3-e055-000000000001,"Rathfarnham Village, South Dublin",1389.0,902.0878329733622,4.319654427645789,22.318214542836575,69.83441324694024,1.4398848092152627,7.0
2ae19629-1e00-13a3-e055-000000000001,"Rathfarnham-Ballyroan, South Dublin",1059.0,925.4013220018886,5.6657223796034,25.495750708215297,40.60434372049103,2.8328611898017,4.1
2ae19629-1e01-13a3-e055-000000000001,"Rathfarnham-Butterfield, South Dublin",1350.0,908.1481481481482,3.7037037037037037,30.37037037037037,55.55555555555555,2.2222222222222223,5.6
2ae19629-1e02-13a3-e055-000000000001,"Rathfarnham-Hermitage, South Dublin",1697.0,931.6440777843252,3.5356511490866236,35.35651149086624,28.874484384207424,0.5892751915144372,2.9
2ae19629-1e03-13a3-e055-000000000001,"Rathfarnham-St. Enda's, South Dublin",1567.0,927.2495213784301,1.2763241863433312,26.16464582003829,43.39502233567326,1.9144862795149968,4.3
2ae19629-1e16-13a3-e055-000000000001,"Saggart, South Dublin",1967.0,898.3223182511439,1.525165226232842,23.89425521098119,74.22470767666498,2.0335536349771224,7.4
2ae19629-1cb3-13a3-e055-000000000001,"Tallaght-Avonbeg, South Dublin",609.0,960.5911330049262,0.0,6.568144499178982,32.84072249589491,0.0,3.3
2ae19629-1cb4-13a3-e055-000000000001,"Tallaght-Belgard, South Dublin",599.0,968.2804674457429,0.0,5.0083472454090145,26.71118530884808,0.0,2.7
2ae19629-1cb5-13a3-e055-000000000001,"Tallaght-Fettercairn, South Dublin",3647.0,951.1927611735673,4.112969564025226,11.242116808335618,33.17795448313682,0.2741979709350151,3.3
2ae19629-1cb6-13a3-e055-000000000001,"Tallaght-Glenview, South Dublin",961.0,911.5504682622269,0.0,17.68990634755463,70.75962539021852,0.0,7.1
2ae19629-1cb7-13a3-e055-000000000001,"Tallaght-Jobstown, South Dublin",6049.0,944.1229955364523,1.1572160687716977,13.721276244007274,40.33724582575633,0.6612663250123987,4.0
2ae19629-1cb8-13a3-e055-000000000001,"Tallaght-Killinardan, South Dublin",1307.0,977.8117827084927,0.0,4.590665646518746,17.597551644988524,0.0,1.8
2ae19629-1cca-13a3-e055-000000000001,"Tallaght-Kilnamanagh, South Dublin",1621.0,957.4336829117829,0.6169031462060457,18.507094386181368,22.825416409623692,0.6169031462060457,2.3
2ae19629-1ccb-13a3-e055-000000000001,"Tallaght-Kiltipper, South Dublin",3264.0,948.2230392156863,0.30637254901960786,11.948529411764705,39.21568627450981,0.30637254901960786,3.9
2ae19629-1ccc-13a3-e055-000000000001,"Tallaght-Kingswood, South Dublin",1561.0,960.2818705957719,2.5624599615631003,10.890454836643178,25.624599615631006,0.6406149903907751,2.6
2ae19629-1ccd-13a3-e055-000000000001,"Tallaght-Millbrook, South Dublin",1351.0,954.8482605477424,1.4803849000740192,11.102886750555145,31.088082901554404,1.4803849000740192,3.1
2ae19629-1cce-13a3-e055-000000000001,"Tallaght-Oldbawn, South Dublin",1683.0,940.58229352347,1.7825311942959001,4.753416518122401,52.88175876411171,0.0,5.3
2ae19629-1ccf-13a3-e055-000000000001,"Tallaght-Springfield, South Dublin",4063.0,942.8993354664042,2.953482648289441,10.337189269013045,43.80999261629338,0.0,4.4
2ae19629-1cd0-13a3-e055-000000000001,"Tallaght-Tymon, South Dublin",1983.0,947.5542107917297,2.017145738779627,9.581442259203227,40.84720121028744,0.0,4.1
2ae19629-1cd6-13a3-e055-000000000001,"Templeogue Village, South Dublin",940.0,898.936170212766,3.1914893617021276,30.851063829787233,60.638297872340424,6.382978723404255,6.1
2ae19629-1cd1-13a3-e055-000000000001,"Templeogue-Cypress, South Dublin",1059.0,928.2341831916902,6.610009442870632,17.94145420207743,45.3257790368272,1.8885741265344667,4.5
2ae19629-1cd2-13a3-e055-000000000001,"Templeogue-Kimmage Manor, South Dublin",1900.0,925.2631578947368,1.5789473684210527,27.894736842105264,41.578947368421055,3.6842105263157894,4.2
2ae19629-1cd3-13a3-e055-000000000001,"Templeogue-Limekiln, South Dublin",1506.0,950.199203187251,1.3280212483399734,15.936254980079681,31.872509960159363,0.6640106241699867,3.2
2ae19629-1cd4-13a3-e055-000000000001,"Templeogue-Orwell, South Dublin",786.0,924.9363867684478,0.0,22.900763358778626,52.162849872773535,0.0,5.2
2ae19629-1cd5-13a3-e055-000000000001,"Templeogue-Osprey, South Dublin",880.0,954.5454545454546,2.2727272727272725,19.318181818181817,23.863636363636363,0.0,2.4
2ae19629-1cd7-13a3-e055-000000000001,"Terenure-Cherryfield, South Dublin",953.0,928.6463798530955,6.295907660020987,20.98635886673662,41.97271773347324,2.0986358866736623,4.2
2ae19629-1ce6-13a3-e055-000000000001,"Terenure-Greentrees, South Dublin",1207.0,922.1209610604806,2.4855012427506216,16.570008285004143,58.8235294117647,0.0,5.9
2ae19629-1ce7-13a3-e055-000000000001,"Terenure-St. James, South Dublin",1147.0,911.072362685266,2.615518744551003,13.077593722755012,71.49084568439406,1.7436791630340018,7.1
2ae19629-1eef-13a3-e055-000000000001,"Airport, Fingal",2105.0,921.1401425178148,11.876484560570072,15.676959619952493,51.30641330166271,0.0,5.1
2ae19629-1ef0-13a3-e055-000000000001,"Balbriggan Rural, Fingal",6489.0,943.1345353675451,1.8492834026814609,15.71890892279242,38.83495145631068,0.4623208506703652,3.9
2ae19629-1ef1-13a3-e055-000000000001,"Balbriggan Urban, Fingal",3216.0,921.9527363184079,4.353233830845771,14.925373134328359,56.90298507462686,1.8656716417910448,5.7
2ae19629-1ef2-13a3-e055-000000000001,"Baldoyle, Fingal",3195.0,933.9593114241002,2.5039123630672924,13.145539906103286,49.45226917057903,0.9389671361502347,4.9
2ae19629-1e22-13a3-e055-000000000001,"Balgriffin, Fingal",1335.0,927.3408239700375,2.247191011235955,13.483146067415731,56.17977528089887,0.7490636704119851,5.6
2ae19629-1e33-13a3-e055-000000000001,"Ballyboghil, Fingal",508.0,931.1023622047244,1.968503937007874,15.748031496062993,51.181102362204726,0.0,5.1
2ae19629-1e35-13a3-e055-000000000001,"Balscadden, Fingal",245.0,893.8775510204081,4.081632653061225,32.6530612244898,65.3061224489796,4.081632653061225,6.5
2ae19629-1cc5-13a3-e055-000000000001,"Blanchardstown-Abbotstown, Fingal",2116.0,914.4612476370511,3.3081285444234405,25.04725897920605,55.2930056710775,1.890359168241966,5.5
2ae19629-1cc6-13a3-e055-000000000001,"Blanchardstown-Blakestown, Fingal",14038.0,945.7187633566035,1.5671748112266704,10.044165835589116,41.601367716198894,1.0685282803818208,4.2
2ae19629-1cc7-13a3-e055-000000000001,"Blanchardstown-Coolmine, Fingal",3738.0,953.7185660781166,2.407704654895666,10.968432316746924,32.102728731942214,0.8025682182985554,3.2
2ae19629-1cc8-13a3-e055-000000000001,"Blanchardstown-Corduff, Fingal",1355.0,941.6974169741698,1.4760147601476015,9.59409594095941,47.23247232472325,0.0,4.7
2ae19629-1cc9-13a3-e055-000000000001,"Blanchardstown-Delwood, Fingal",2005.0,943.640897755611,0.997506234413965,15.46134663341646,39.900249376558605,0.0,4.0
2ae19629-1cdd-13a3-e055-000000000001,"Blanchardstown-Mulhuddart, Fingal",1346.0,948.7369985141158,0.7429420505200593,11.88707280832095,37.89004457652303,0.7429420505200593,3.8
2ae19629-1cde-13a3-e055-000000000001,"Blanchardstown-Roselawn, Fingal",700.0,937.1428571428571,1.4285714285714286,20.0,41.42857142857142,0.0,4.1
2ae19629-1cdf-13a3-e055-000000000001,"Blanchardstown-Tyrrelstown, Fingal",1133.0,904.6778464254193,1.76522506619594,3.53045013239188,90.02647837599294,0.0,9.0
2ae19629-1ce5-13a3-e055-000000000001,"Castleknock-Knockmaroon, Fingal",7360.0,941.4402173913044,3.3967391304347827,18.47826086956522,34.78260869565217,1.9021739130434783,3.5
2ae19629-1cf6-13a3-e055-000000000001,"Castleknock-Park, Fingal",2442.0,925.8804258804258,2.0475020475020473,24.979524979524978,43.81654381654382,3.276003276003276,4.4
2ae19629-1d17-13a3-e055-000000000001,"Clonmethan, Fingal",297.0,942.7609427609428,3.3670033670033668,16.835016835016834,37.03703703703704,0.0,3.7
2ae19629-1d38-13a3-e055-000000000001,"Donabate, Fingal",4165.0,925.0900360144058,4.321728691476591,19.447779111644657,33.13325330132052,18.00720288115246,3.3
2ae19629-1d39-13a3-e055-000000000001,"Dubber, Fingal",3041.0,945.0838539953963,1.9730351857941466,11.83821111476488,41.104899704044726,0.0,4.1
2ae19629-1d7d-13a3-e055-000000000001,"Garristown, Fingal",560.0,937.5,1.7857142857142856,14.285714285714285,46.42857142857143,0.0,4.6
2ae19629-1d94-13a3-e055-000000000001,"Hollywood, Fingal",526.0,920.1520912547528,3.802281368821293,20.91254752851711,55.133079847908746,0.0,5.5
2ae19629-1d95-13a3-e055-000000000001,"Holmpatrick, Fingal",1498.0,923.2309746328438,3.3377837116154874,23.36448598130841,47.39652870493992,2.67022696929239,4.7
2ae19629-1daf-13a3-e055-000000000001,"Howth, Fingal",3607.0,866.3709453839756,4.9902966454117,41.585805378430834,68.47795952314944,18.574993069032438,6.8
2ae19629-1dc5-13a3-e055-000000000001,"Kilsallaghan, Fingal",806.0,941.6873449131513,4.962779156327543,13.647642679900745,35.98014888337469,3.7220843672456576,3.6
2ae19629-1dc6-13a3-e055-000000000001,"Kinsaley, Fingal",3980.0,941.2060301507538,2.2613065326633164,17.839195979899497,37.43718592964824,1.256281407035176,3.7
2ae19629-1dc9-13a3-e055-000000000001,"Lucan North, Fingal",495.0,963.6363636363636,0.0,10.101010101010102,24.242424242424242,2.0202020202020203,2.4
2ae19629-1ddf-13a3-e055-000000000001,"Lusk, Fingal",3529.0,943.6100878435818,1.4168319637291016,17.85208274298668,35.137432700481725,1.9835647492207424,3.5
2ae19629-1de0-13a3-e055-000000000001,"Malahide East, Fingal",3482.0,894.8879954049397,7.466973004020678,42.50430786904078,43.65307294658243,11.487650775416428,4.4
2ae19629-1de1-13a3-e055-000000000001,"Malahide West, Fingal",2366.0,904.9027895181741,3.3812341504649197,36.34826711749789,53.25443786982249,2.113271344040575,5.3
2ae19629-1de5-13a3-e055-000000000001,"Portmarnock North, Fingal",1501.0,948.0346435709527,1.3324450366422385,23.98401065956029,25.31645569620253,1.3324450366422385,2.5
2ae19629-1dfe-13a3-e055-000000000001,"Portmarnock South, Fingal",1884.0,924.0976645435244,1.5923566878980893,34.50106157112526,35.031847133757964,4.777070063694267,3.5
2ae19629-1e15-13a3-e055-000000000001,"Rush, Fingal",3874.0,914.0423335054207,3.3557046979865772,19.359834796076406,50.07743933918431,13.164687661331955,5.0
2ae19629-1c9f-13a3-e055-000000000001,"Skerries, Fingal",3411.0,907.3585458809733,3.518029903254178,19.05599530929346,47.20023453532688,22.867194371152156,4.7
2ae19629-1ca6-13a3-e055-000000000001,"Sutton, Fingal",2404.0,924.2928452579034,3.743760399334443,22.87853577371048,46.58901830282862,2.4958402662229617,4.7
2ae19629-1cb2-13a3-e055-000000000001,"Swords Village, Fingal",1141.0,894.829097283085,5.25854513584575,17.5284837861525,81.50744960560911,0.8764241893076249,8.2
2ae19629-1ca8-13a3-e055-000000000001,"Swords-Forrest, Fingal",5630.0,947.4245115452931,1.4209591474245116,19.893428063943162,30.017761989342805,1.2433392539964476,3.0
2ae19629-1ca7-13a3-e055-000000000001,"Swords-Glasmore, Fingal",2602.0,951.1913912375096,1.921598770176787,10.760953112990007,35.357417371252886,0.7686395080707148,3.5
2ae19629-1cb0-13a3-e055-000000000001,"Swords-Lissenhall, Fingal",4175.0,939.6407185628742,1.9161676646706587,13.892215568862277,42.15568862275449,2.395209580838323,4.2
2ae19629-1cb1-13a3-e055-000000000001,"Swords-Seatown, Fingal",2637.0,940.0834281380357,1.1376564277588168,21.615472127417522,36.78422449753508,0.37921880925293894,3.7
2ae19629-1ce8-13a3-e055-000000000001,"The Ward, Fingal",3819.0,956.5331238544121,2.356637863315004,13.092432573972244,26.18486514794449,1.832940560356114,2.6
2ae19629-1cea-13a3-e055-000000000001,"Turnapin, Fingal",602.0,945.1827242524918,0.0,21.59468438538206,31.561461794019934,1.6611295681063123,3.2
2ae19629-1e25-13a3-e055-000000000001,"Ballinteer-Broadford, Dún Laoghaire-Rathdown",1009.0,948.4638255698712,2.973240832507433,15.857284440039642,32.70564915758176,0.0,3.3
2ae19629-1e26-13a3-e055-000000000001,"Ballinteer-Ludford, Dún Laoghaire-Rathdown",832.0,944.7115384615385,3.605769230769231,9.615384615384617,38.46153846153847,3.605769230769231,3.8
2ae19629-1e27-13a3-e055-000000000001,"Ballinteer-Marley, Dún Laoghaire-Rathdown",881.0,944.3813847900113,2.2701475595913734,20.43132803632236,28.37684449489217,4.540295119182747,2.8
2ae19629-1e28-13a3-e055-000000000001,"Ballinteer-Meadowbroads, Dún Laoghaire-Rathdown",643.0,947.1228615863142,1.5552099533437014,15.552099533437016,35.769828926905134,0.0,3.6
2ae19629-1e29-13a3-e055-000000000001,"Ballinteer-Meadowmount, Dún Laoghaire-Rathdown",727.0,950.4814305364512,2.751031636863824,19.257221458046768,26.13480055020633,1.375515818431912,2.6
2ae19629-1e24-13a3-e055-000000000001,"Ballinteer-Woodpark, Dún Laoghaire-Rathdown",2204.0,924.2286751361162,4.537205081669692,23.593466424682397,39.92740471869328,7.713248638838476,4.0
2ae19629-1e34-13a3-e055-000000000001,"Ballybrack, Dún Laoghaire-Rathdown",1042.0,949.1362763915547,0.0,19.193857965451055,31.66986564299424,0.0,3.2
2ae19629-1e38-13a3-e055-000000000001,"Blackrock-Booterstown, Dún Laoghaire-Rathdown",1592.0,887.5628140703518,9.422110552763819,31.407035175879393,62.185929648241206,9.422110552763819,6.2
2ae19629-1cbe-13a3-e055-000000000001,"Blackrock-Carysfort, Dún Laoghaire-Rathdown",2405.0,908.5239085239085,5.8212058212058215,26.611226611226613,55.71725571725572,3.3264033264033266,5.6
2ae19629-1cbf-13a3-e055-000000000001,"Blackrock-Central, Dún Laoghaire-Rathdown",1563.0,875.2399232245681,5.1183621241202815,36.468330134357004,76.13563659628919,7.037747920665387,7.6
2ae19629-1cc0-13a3-e055-000000000001,"Blackrock-Glenomena, Dún Laoghaire-Rathdown",777.0,898.3268983268983,10.296010296010296,24.45302445302445,66.92406692406692,0.0,6.7
2ae19629-1e36-13a3-e055-000000000001,"Blackrock-Monkstown, Dún Laoghaire-Rathdown",1578.0,873.8910012674271,6.337135614702154,38.656527249683144,70.97591888466414,10.139416983523446,7.1
2ae19629-1cc1-13a3-e055-000000000001,"Blackrock-Newpark, Dún Laoghaire-Rathdown",836.0,925.8373205741627,1.1961722488038278,35.88516746411483,37.08133971291866,0.0,3.7
2ae19629-1e37-13a3-e055-000000000001,"Blackrock-Seapoint, Dún Laoghaire-Rathdown",636.0,872.6415094339623,9.433962264150942,37.73584905660377,70.75471698113208,9.433962264150942,7.1
2ae19629-1cc2-13a3-e055-000000000001,"Blackrock-Stradbrook, Dún Laoghaire-Rathdown",1066.0,916.5103189493433,2.8142589118198873,16.885553470919326,55.347091932457786,8.442776735459663,5.5
2ae19629-1cc3-13a3-e055-000000000001,"Blackrock-Templehill, Dún Laoghaire-Rathdown",1239.0,863.5996771589992,4.035512510088781,23.405972558514932,105.73042776432607,3.228410008071025,10.6
2ae19629-1cc4-13a3-e055-000000000001,"Blackrock-Williamstown, Dún Laoghaire-Rathdown",1217.0,869.3508627773214,8.216926869350864,35.33278553820871,68.20049301561217,18.898931799506986,6.8
2ae19629-1ce1-13a3-e055-000000000001,"Cabinteely-Granitefield, Dún Laoghaire-Rathdown",1091.0,923.923006416132,4.582951420714941,32.99725022914757,37.58020164986251,0.9165902841429882,3.8
2ae19629-1ce2-13a3-e055-000000000001,"Cabinteely-Kilbogget, Dún Laoghaire-Rathdown",957.0,957.1577847439916,0.0,16.71891327063741,26.12330198537095,0.0,2.6
2ae19629-1ce3-13a3-e055-000000000001,"Cabinteely-Loughlinstown, Dún Laoghaire-Rathdown",2212.0,900.994575045208,6.78119349005425,20.795660036166364,68.26401446654612,3.1645569620253164,6.8
2ae19629-1ce4-13a3-e055-000000000001,"Cabinteely-Pottery, Dún Laoghaire-Rathdown",1950.0,937.9487179487179,2.5641025641025643,28.71794871794872,27.179487179487182,3.58974358974359,2.7
2ae19629-1cf7-13a3-e055-000000000001,"Churchtown-Castle, Dún Laoghaire-Rathdown",805.0,926.7080745341615,3.7267080745341614,17.391304347826086,52.17391304347826,0.0,5.2
2ae19629-1cf8-13a3-e055-000000000001,"Churchtown-Landscape, Dún Laoghaire-Rathdown",528.0,926.1363636363636,3.787878787878788,18.93939393939394,51.13636363636364,0.0,5.1
2ae19629-1cf9-13a3-e055-000000000001,"Churchtown-Nutgrove, Dún Laoghaire-Rathdown",1290.0,919.3798449612402,2.3255813953488373,19.37984496124031,55.03875968992248,3.875968992248062,5.5
2ae19629-1cfa-13a3-e055-000000000001,"Churchtown-Orwell, Dún Laoghaire-Rathdown",767.0,898.3050847457628,3.911342894393742,36.50586701434159,61.27770534550196,0.0,6.1
2ae19629-1cfb-13a3-e055-000000000001,"Churchtown-Woodlawn, Dún Laoghaire-Rathdown",603.0,917.0812603648425,3.316749585406302,31.50912106135987,44.776119402985074,3.316749585406302,4.5
2ae19629-1d19-13a3-e055-000000000001,"Clonskeagh-Belfield, Dún Laoghaire-Rathdown",1148.0,909.4076655052264,57.491289198606275,14.80836236933798,16.55052264808362,1.7421602787456445,1.7
2ae19629-1d1a-13a3-e055-000000000001,"Clonskeagh-Farranboley, Dún Laoghaire-Rathdown",785.0,927.3885350318471,2.5477707006369426,16.560509554140125,49.681528662420384,3.821656050955414,5.0
2ae19629-1d18-13a3-e055-000000000001,"Clonskeagh-Milltown, Dún Laoghaire-Rathdown",845.0,924.2603550295859,9.467455621301776,13.01775147928994,43.786982248520715,9.467455621301776,4.4
2ae19629-1d1b-13a3-e055-000000000001,"Clonskeagh-Roebuck, Dún Laoghaire-Rathdown",1472.0,885.1902173913044,5.434782608695652,23.77717391304348,80.84239130434783,4.755434782608696,8.1
2ae19629-1d1c-13a3-e055-000000000001,"Clonskeagh-Windy Arbour, Dún Laoghaire-Rathdown",1185.0,909.704641350211,11.814345991561181,24.47257383966245,52.32067510548523,1.6877637130801688,5.2
2ae19629-1d1d-13a3-e055-000000000001,"Dalkey Hill, Dún Laoghaire-Rathdown",760.0,809.2105263157895,11.842105263157896,38.1578947368421,84.21052631578947,56.578947368421055,8.4
2ae19629-1d1e-13a3-e055-000000000001,"Dalkey Upper, Dún Laoghaire-Rathdown",857.0,900.8168028004667,0.0,45.5075845974329,40.84014002333723,12.835472578763126,4.1
2ae19629-1d1f-13a3-e055-000000000001,"Dalkey-Avondale, Dún Laoghaire-Rathdown",559.0,944.5438282647584,0.0,19.67799642218247,33.98926654740608,1.7889087656529516,3.4
2ae19629-1d20-13a3-e055-000000000001,"Dalkey-Bullock, Dún Laoghaire-Rathdown",799.0,858.5732165206508,7.509386733416771,35.04380475594493,70.08760951188987,28.785982478097623,7.0
2ae19629-1d37-13a3-e055-000000000001,"Dalkey-Coliemore, Dún Laoghaire-Rathdown",703.0,826.4580369843528,9.95732574679943,41.25177809388335,88.19345661450926,34.139402560455196,8.8
2ae19629-1d5a-13a3-e055-000000000001,"Dundrum-Balally, Dún Laoghaire-Rathdown",3570.0,926.0504201680673,7.563025210084033,25.49019607843137,38.37535014005603,2.521008403361345,3.8
2ae19629-1d5b-13a3-e055-000000000001,"Dundrum-Kilmacud, Dún Laoghaire-Rathdown",1477.0,905.8903182125931,3.3852403520649967,15.572105619498984,73.12119160460392,2.031144211238998,7.3
2ae19629-1d5c-13a3-e055-000000000001,"Dundrum-Sandyford, Dún Laoghaire-Rathdown",3281.0,914.9649497104542,5.790917403230723,21.94452910697958,55.16610789393478,2.1334958854007926,5.5
2ae19629-1d5d-13a3-e055-000000000001,"Dundrum-Sweetmount, Dún Laoghaire-Rathdown",1136.0,920.774647887324,4.401408450704226,31.69014084507042,43.13380281690141,0.0,4.3
2ae19629-1d5e-13a3-e055-000000000001,"Dundrum-Taney, Dún Laoghaire-Rathdown",1088.0,927.3897058823529,2.7573529411764706,22.058823529411764,47.79411764705882,0.0,4.8
2ae19629-1d3a-13a3-e055-000000000001,"Dún Laoghaire-East Central, Dún Laoghaire-Rathdown",1245.0,816.8674698795181,13.654618473895583,38.55421686746988,122.08835341365462,8.835341365461847,12.2
2ae19629-1d3b-13a3-e055-000000000001,"Dún Laoghaire-Glasthule, Dún Laoghaire-Rathdown",1281.0,882.1233411397345,7.8064012490242,27.3224043715847,75.72209211553474,7.02576112412178,7.6
2ae19629-1d3c-13a3-e055-000000000001,"Dún Laoghaire-Glenageary, Dún Laoghaire-Rathdown",1811.0,924.3511871893982,3.3130866924351188,39.20485919381557,30.369961347321922,2.7609055770292654,3.0
2ae19629-1d3d-13a3-e055-000000000001,"Dún Laoghaire-Monkstown Farm, Dún Laoghaire-Rathdown",959.0,931.1783107403545,3.1282586027111576,18.769551616266945,44.83837330552659,2.0855057351407718,4.5
2ae19629-1d3e-13a3-e055-000000000001,"Dún Laoghaire-Mount Town, Dún Laoghaire-Rathdown",743.0,931.3593539703903,2.6917900403768504,25.57200538358008,39.03095558546433,1.3458950201884252,3.9
2ae19629-1d3f-13a3-e055-000000000001,"Dún Laoghaire-Sallynoggin East, Dún Laoghaire-Rathdown",1133.0,932.9214474845543,1.76522506619594,16.769638128861427,47.66107678729038,0.88261253309797,4.8
2ae19629-1d40-13a3-e055-000000000001,"Dún Laoghaire-Sallynoggin South, Dún Laoghaire-Rathdown",664.0,927.710843373494,0.0,16.566265060240966,52.71084337349398,3.0120481927710845,5.3
2ae19629-1d41-13a3-e055-000000000001,"Dún Laoghaire-Sallynoggin West, Dún Laoghaire-Rathdown",1703.0,936.5825014679976,2.3487962419260127,29.359953024075164,31.708749266001174,0.0,3.2
2ae19629-1d57-13a3-e055-000000000001,"Dún Laoghaire-Salthill, Dún Laoghaire-Rathdown",896.0,851.5625,4.464285714285714,31.25,94.86607142857143,17.857142857142858,9.5
2ae19629-1d58-13a3-e055-000000000001,"Dún Laoghaire-Sandycove, Dún Laoghaire-Rathdown",1620.0,864.8148148148148,9.25925925925926,39.50617283950617,74.07407407407408,12.345679012345679,7.4
2ae19629-1d59-13a3-e055-000000000001,"Dún Laoghaire-West Central, Dún Laoghaire-Rathdown",1320.0,849.2424242424242,8.333333333333334,47.72727272727273,75.75757575757576,18.93939393939394,7.6
2ae19629-1d79-13a3-e055-000000000001,"Foxrock-Beechpark, Dún Laoghaire-Rathdown",657.0,943.683409436834,3.0441400304414,12.1765601217656,39.5738203957382,1.5220700152207,4.0
2ae19629-1d7a-13a3-e055-000000000001,"Foxrock-Carrickmines, Dún Laoghaire-Rathdown",2397.0,911.1389236545682,3.7546933667083855,27.11722987067167,52.56570713391739,5.423445974134335,5.3
2ae19629-1d7b-13a3-e055-000000000001,"Foxrock-Deansgrange, Dún Laoghaire-Rathdown",916.0,925.764192139738,3.2751091703056767,21.83406113537118,48.03493449781659,1.0917030567685588,4.8
2ae19629-1d7c-13a3-e055-000000000001,"Foxrock-Torquay, Dún Laoghaire-Rathdown",630.0,890.4761904761904,4.761904761904763,25.396825396825395,63.49206349206349,15.873015873015872,6.3
2ae19629-1d7e-13a3-e055-000000000001,"Glencullen, Dún Laoghaire-Rathdown",8504.0,927.7986829727188,2.587017873941675,21.636876763875822,46.80150517403575,1.1759172154280337,4.7
2ae19629-1db0-13a3-e055-000000000001,"Killiney North, Dún Laoghaire-Rathdown",1355.0,906.2730627306273,4.428044280442804,35.42435424354243,46.49446494464945,7.380073800738007,4.6
2ae19629-1db1-13a3-e055-000000000001,"Killiney South, Dún Laoghaire-Rathdown",2395.0,941.9624217118998,2.08768267223382,21.711899791231733,32.98538622129436,1.2526096033402923,3.3
2ae19629-1e17-13a3-e055-000000000001,"Shankill-Rathmichael, Dún Laoghaire-Rathdown",2175.0,931.9540229885057,2.758620689655172,24.82758620689655,39.08045977011494,1.379310344827586,3.9
94b26e15-6ed2-44c2-a0b0-207c369a2da8,"Shankill-Rathsallagh, Dún Laoghaire-Rathdown",1227.0,941.320293398533,0.8149959250203749,16.299918500407497,40.74979625101874,0.8149959250203749,4.1
2ae19629-1e19-13a3-e055-000000000001,"Shankill-Shanganagh, Dún Laoghaire-Rathdown",2040.0,946.5686274509803,1.9607843137254901,17.647058823529413,31.862745098039213,1.9607843137254901,3.2
2ae19629-1ca0-13a3-e055-000000000001,"Stillorgan-Deerpark, Dún Laoghaire-Rathdown",1096.0,913.3211678832117,4.562043795620437,19.16058394160584,62.043795620437955,0.9124087591240876,6.2
2ae19629-1ca1-13a3-e055-000000000001,"Stillorgan-Kilmacud, Dún Laoghaire-Rathdown",1643.0,939.7443700547778,0.6086427267194157,18.867924528301884,37.73584905660377,3.0432136335970785,3.8
2ae19629-1ca2-13a3-e055-000000000001,"Stillorgan-Leopardstown, Dún Laoghaire-Rathdown",1249.0,913.5308246597278,5.604483586869495,24.01921537229784,56.04483586869496,0.8006405124099278,5.6
2ae19629-1ca3-13a3-e055-000000000001,"Stillorgan-Merville, Dún Laoghaire-Rathdown",1268.0,925.0788643533123,3.943217665615142,26.813880126182966,43.375394321766564,0.7886435331230284,4.3
2ae19629-1ca4-13a3-e055-000000000001,"Stillorgan-Mount Merrion, Dún Laoghaire-Rathdown",935.0,897.3262032085562,5.347593582887701,16.0427807486631,78.07486631016043,3.2085561497326203,7.8
2ae19629-1ca5-13a3-e055-000000000001,"Stillorgan-Priory, Dún Laoghaire-Rathdown",962.0,889.8128898128898,3.118503118503119,29.10602910602911,75.88357588357589,2.079002079002079,7.6
2ae19629-1ce9-13a3-e055-000000000001,"Tibradden, Dún Laoghaire-Rathdown",318.0,921.3836477987421,3.1446540880503147,44.0251572327044,28.30188679245283,3.1446540880503147,2.8
2ae19629-229d-13a3-e055-000000000001,"Athy East Urban, Kildare",1788.0,911.6331096196868,2.237136465324385,11.74496644295302,73.2662192393736,1.1185682326621924,7.3
2ae19629-223b-13a3-e055-000000000001,"Athy Rural, Kildare",1616.0,927.59900990099,1.8564356435643563,13.613861386138614,56.31188118811881,0.6188118811881188,5.6
2ae19629-223c-13a3-e055-000000000001,"Athy West Urban, Kildare",1338.0,879.6711509715994,0.7473841554559043,20.179372197309416,95.66517189835575,3.7369207772795217,9.6
2ae19629-223d-13a3-e055-000000000001,"Ballaghmoon, Kildare",89.0,876.4044943820224,0.0,11.235955056179774,112.35955056179775,0.0,11.2
2ae19629-2248-13a3-e055-000000000001,"Ballitore, Kildare",457.0,929.9781181619255,2.1881838074398248,6.564551422319474,59.08096280087528,2.1881838074398248,5.9
2ae19629-2249-13a3-e055-000000000001,"Ballybrackan, Kildare",237.0,924.0506329113924,0.0,29.535864978902953,46.413502109704645,0.0,4.6
2ae19629-224a-13a3-e055-000000000001,"Ballymore Eustace, Kildare",650.0,892.3076923076924,0.0,21.538461538461537,73.84615384615385,12.307692307692308,7.4
2ae19629-224b-13a3-e055-000000000001,"Ballynadrumny, Kildare",242.0,871.900826446281,8.264462809917356,16.528925619834713,103.30578512396694,0.0,10.3
2ae19629-2257-13a3-e055-000000000001,"Ballysax East, Kildare",766.0,921.6710182767624,1.3054830287206267,5.221932114882507,69.19060052219321,2.6109660574412534,6.9
2ae19629-2258-13a3-e055-000000000001,"Ballysax West, Kildare",445.0,925.8426966292135,2.247191011235955,6.741573033707866,65.1685393258427,0.0,6.5
2ae19629-2259-13a3-e055-000000000001,"Ballyshannon, Kildare",610.0,945.9016393442623,1.639344262295082,13.114754098360656,37.704918032786885,1.639344262295082,3.8
2ae19629-2264-13a3-e055-000000000001,"Balraheen, Kildare",711.0,929.676511954993,2.8129395218002813,11.251758087201125,54.85232067510549,1.4064697609001406,5.5
2ae19629-2265-13a3-e055-000000000001,"Belan, Kildare",112.0,955.3571428571429,0.0,17.857142857142858,17.857142857142858,8.928571428571429,1.8
2ae19629-2266-13a3-e055-000000000001,"Bert, Kildare",72.0,944.4444444444445,0.0,13.888888888888888,27.777777777777775,13.888888888888888,2.8
2ae19629-2267-13a3-e055-000000000001,"Bodenstown, Kildare",1835.0,921.525885558583,1.6348773841961854,19.07356948228883,49.59128065395095,8.174386920980925,5.0
2ae19629-2273-13a3-e055-000000000001,"Burtown, Kildare",161.0,906.832298136646,0.0,18.633540372670808,55.900621118012424,18.633540372670808,5.6
2ae19629-2274-13a3-e055-000000000001,"Cadamstown, Kildare",487.0,938.3983572895277,4.106776180698152,10.266940451745379,39.01437371663245,8.213552361396305,3.9
2ae19629-2275-13a3-e055-000000000001,"Carbury, Kildare",825.0,933.3333333333334,0.0,12.121212121212121,48.484848484848484,6.0606060606060606,4.8
2ae19629-227f-13a3-e055-000000000001,"Carnalway, Kildare",776.0,913.659793814433,2.577319587628866,10.309278350515465,69.58762886597938,3.865979381443299,7.0
2ae19629-2280-13a3-e055-000000000001,"Carragh, Kildare",586.0,955.6313993174061,1.7064846416382253,11.945392491467578,30.716723549488055,0.0,3.1
2ae19629-2281-13a3-e055-000000000001,"Carrick, Kildare",110.0,890.9090909090909,0.0,9.09090909090909,100.0,0.0,10.0
2ae19629-228c-13a3-e055-000000000001,"Carrigeen, Kildare",260.0,903.8461538461538,0.0,11.538461538461538,76.92307692307693,7.6923076923076925,7.7
2ae19629-228d-13a3-e055-000000000001,"Castledermot, Kildare",709.0,926.657263751763,1.4104372355430184,9.873060648801129,57.82792665726375,4.2313117066290555,5.8
2ae19629-228e-13a3-e055-000000000001,"Celbridge, Kildare",5639.0,948.749778329491,4.433410179109771,18.26564993793226,26.95513388898741,1.5960276644795177,2.7
2ae19629-2298-13a3-e055-000000000001,"Churchtown, Kildare",209.0,947.3684210526316,0.0,9.569377990430622,28.70813397129187,14.354066985645934,2.9
2ae19629-2299-13a3-e055-000000000001,"Clane, Kildare",3393.0,906.2776304155615,1.1788977306218684,20.6307102858827,70.73386383731211,1.1788977306218684,7.1
2ae19629-229a-13a3-e055-000000000001,"Cloncurry, Kildare, 087026",544.0,931.9852941176471,0.0,12.867647058823529,51.470588235294116,3.676470588235294,5.1
2ae19629-22a4-13a3-e055-000000000001,"Cloncurry, Kildare, 087027",157.0,929.9363057324841,0.0,19.108280254777068,44.58598726114649,6.369426751592357,4.5
2ae19629-22a5-13a3-e055-000000000001,"Donadea, Kildare",302.0,937.0860927152318,3.3112582781456954,3.3112582781456954,49.668874172185426,6.622516556291391,5.0
2ae19629-22a6-13a3-e055-000000000001,"Donaghcumper, Kildare",2365.0,937.4207188160677,1.2684989429175475,21.56448202959831,38.90063424947146,0.8456659619450316,3.9
2ae19629-22af-13a3-e055-000000000001,"Donore, Kildare",301.0,926.9102990033223,0.0,9.966777408637872,53.15614617940199,9.966777408637872,5.3
2ae19629-22b0-13a3-e055-000000000001,"Downings, Kildare",1091.0,928.505957836847,2.749770852428964,8.249312557286892,60.49495875343722,0.0,6.0
2ae19629-22b1-13a3-e055-000000000001,"Drehid, Kildare",102.0,911.7647058823529,0.0,9.803921568627452,68.62745098039217,9.803921568627452,6.9
2ae19629-22b2-13a3-e055-000000000001,"Droichead Nua (Newbridge) Rural, Kildare",916.0,942.1397379912664,1.0917030567685588,13.100436681222707,43.66812227074236,0.0,4.4
2ae19629-22bf-13a3-e055-000000000001,"Droichead Nua (Newbridge) Urban, Kildare",3196.0,918.648310387985,3.44180225281602,11.264080100125156,65.08135168961202,1.5644555694618272,6.5
2ae19629-22c0-13a3-e055-000000000001,"Dunfierth, Kildare",276.0,945.6521739130435,3.6231884057971016,10.869565217391305,36.231884057971016,3.6231884057971016,3.6
2ae19629-22c1-13a3-e055-000000000001,"Dunmanoge, Kildare",173.0,907.5144508670521,0.0,28.90173410404624,57.80346820809248,5.780346820809248,5.8
2ae19629-22c2-13a3-e055-000000000001,"Dunmurry, Kildare",165.0,933.3333333333334,0.0,12.121212121212121,48.484848484848484,6.0606060606060606,4.8
2ae19629-22c3-13a3-e055-000000000001,"Feighcullen, Kildare",232.0,931.0344827586207,0.0,17.241379310344826,51.724137931034484,0.0,5.2
2ae19629-21fb-13a3-e055-000000000001,"Fontstown, Kildare",156.0,910.2564102564103,12.82051282051282,19.230769230769234,57.69230769230769,0.0,5.8
2ae19629-21fc-13a3-e055-000000000001,"Gilltown, Kildare",375.0,930.6666666666666,2.6666666666666665,10.666666666666666,53.333333333333336,2.6666666666666665,5.3
2ae19629-21fd-13a3-e055-000000000001,"Graney, Kildare",303.0,900.990099009901,0.0,19.801980198019802,72.60726072607261,6.600660066006601,7.3
2ae19629-2204-13a3-e055-000000000001,"Grangemellon, Kildare",249.0,907.6305220883534,0.0,4.016064257028112,88.35341365461848,0.0,8.8
2ae19629-2205-13a3-e055-000000000001,"Harristown, Kildare",166.0,945.7831325301205,0.0,6.024096385542169,48.19277108433735,0.0,4.8
2ae19629-2206-13a3-e055-000000000001,"Inchaquire, Kildare",94.0,861.7021276595744,0.0,31.914893617021274,106.38297872340425,0.0,10.6
2ae19629-2207-13a3-e055-000000000001,"Johnstown, Kildare",69.0,913.0434782608695,0.0,43.47826086956522,43.47826086956522,0.0,4.3
2ae19629-2211-13a3-e055-000000000001,"Kilberry, Kildare",217.0,944.7004608294931,0.0,13.82488479262673,36.866359447004605,4.608294930875576,3.7
2ae19629-2212-13a3-e055-000000000001,"Kilcock, Kildare",3023.0,943.4336751571287,0.9923916639100231,13.893483294740324,41.01885544161429,0.6615944426066821,4.1
2ae19629-2213-13a3-e055-000000000001,"Kilcullen, Kildare",1323.0,947.8458049886622,0.7558578987150416,12.849584278155708,37.79289493575208,0.7558578987150416,3.8
2ae19629-2208-13a3-e055-000000000001,"Kildangan, Kildare",265.0,901.8867924528303,7.547169811320755,26.41509433962264,64.15094339622641,0.0,6.4
2ae19629-2209-13a3-e055-000000000001,"Kildare, Kildare",4125.0,938.1818181818182,1.4545454545454544,8.727272727272728,50.666666666666664,0.9696969696969697,5.1
2ae19629-220a-13a3-e055-000000000001,"Kilkea, Kildare",164.0,871.9512195121952,12.195121951219512,6.097560975609756,85.3658536585366,24.390243902439025,8.5
2ae19629-2214-13a3-e055-000000000001,"Kill, Kildare",1939.0,949.4584837545126,0.0,14.956162970603403,33.5224342444559,2.0629190304280556,3.4
2ae19629-2215-13a3-e055-000000000001,"Killashee, Kildare",143.0,916.083916083916,0.0,13.986013986013987,69.93006993006993,0.0,7.0
2ae19629-2216-13a3-e055-000000000001,"Killinthomas, Kildare",126.0,960.3174603174604,0.0,23.809523809523807,15.873015873015872,0.0,1.6
2ae19629-2217-13a3-e055-000000000001,"Kilmeage North, Kildare",926.0,933.0453563714904,2.1598272138228944,20.518358531317492,41.036717062634985,3.239740820734341,4.1
2ae19629-2220-13a3-e055-000000000001,"Kilmeage South, Kildare",785.0,936.3057324840764,2.5477707006369426,8.9171974522293,48.40764331210191,3.821656050955414,4.8
2ae19629-2221-13a3-e055-000000000001,"Kilpatrick, Kildare",321.0,940.809968847352,3.115264797507788,9.345794392523365,43.613707165109034,3.115264797507788,4.4
2ae19629-2222-13a3-e055-000000000001,"Kilrainy, Kildare",257.0,929.9610894941635,0.0,7.782101167315175,62.2568093385214,0.0,6.2
2ae19629-2223-13a3-e055-000000000001,"Kilrush, Kildare",234.0,952.9914529914529,0.0,12.82051282051282,34.188034188034194,0.0,3.4
2ae19629-222b-13a3-e055-000000000001,"Kilteel, Kildare",217.0,940.0921658986175,4.608294930875576,27.64976958525346,27.64976958525346,0.0,2.8
2ae19629-222c-13a3-e055-000000000001,"Lackagh, Kildare",301.0,870.4318936877077,3.3222591362126246,9.966777408637872,112.95681063122925,3.3222591362126246,11.3
2ae19629-222d-13a3-e055-000000000001,"Ladytown, Kildare",345.0,907.2463768115942,0.0,26.08695652173913,63.768115942028984,2.898550724637681,6.4
2ae19629-223e-13a3-e055-000000000001,"Leixlip, Kildare",6110.0,938.9525368248773,1.800327332242226,20.29459901800327,38.78887070376432,0.16366612111292964,3.9
2ae19629-223f-13a3-e055-000000000001,"Lullymore, Kildare",70.0,942.8571428571429,0.0,28.57142857142857,28.57142857142857,0.0,2.9
2ae19629-2240-13a3-e055-000000000001,"Maynooth, Kildare",6705.0,911.2602535421327,10.738255033557046,23.8627889634601,52.348993288590606,1.789709172259508,5.2
2ae19629-224c-13a3-e055-000000000001,"Monasterevin, Kildare",2254.0,905.5013309671695,2.218278615794144,19.07719609582964,70.09760425909495,3.105590062111801,7.0
2ae19629-224d-13a3-e055-000000000001,"Moone, Kildare",191.0,905.7591623036649,5.235602094240838,20.942408376963353,62.82722513089005,5.235602094240838,6.3
2ae19629-224e-13a3-e055-000000000001,"Morristownbiller, Kildare",5666.0,936.6396046593717,0.8824567596187787,13.766325450052948,47.8291563713378,0.8824567596187787,4.8
2ae19629-225a-13a3-e055-000000000001,"Naas Rural, Kildare",1213.0,926.6281945589448,3.2976092333058533,18.136850783182194,51.11294311624073,0.8244023083264633,5.1
2ae19629-225b-13a3-e055-000000000001,"Naas Urban, Kildare",9541.0,929.0430772455718,2.93470286133529,24.10648778953988,42.76281312231423,1.1529189812388638,4.3
2ae19629-225c-13a3-e055-000000000001,"Narraghmore, Kildare",273.0,930.4029304029305,0.0,14.652014652014651,47.61904761904761,7.326007326007326,4.8
2ae19629-2268-13a3-e055-000000000001,"Newtown, Kildare",336.0,898.8095238095239,2.976190476190476,2.976190476190476,92.26190476190477,2.976190476190476,9.2
2ae19629-2269-13a3-e055-000000000001,"Nurney, Kildare",372.0,962.3655913978495,0.0,0.0,37.634408602150536,0.0,3.8
2ae19629-226a-13a3-e055-000000000001,"Oldconnell, Kildare",330.0,924.2424242424242,0.0,6.0606060606060606,69.6969696969697,0.0,7.0
2ae19629-226b-13a3-e055-000000000001,"Oughterard, Kildare",281.0,964.4128113879003,0.0,17.793594306049823,17.793594306049823,0.0,1.8
2ae19629-2276-13a3-e055-000000000001,"Pollardstown, Kildare",140.0,850.0,7.142857142857142,7.142857142857142,135.7142857142857,0.0,13.6
2ae19629-2277-13a3-e055-000000000001,"Quinsborough, Kildare",60.0,916.6666666666666,0.0,0.0,83.33333333333333,0.0,8.3
2ae19629-2278-13a3-e055-000000000001,"Rathangan, Kildare",1176.0,929.4217687074829,3.401360544217687,6.802721088435374,58.673469387755105,1.7006802721088434,5.9
2ae19629-2279-13a3-e055-000000000001,"Rathernan, Kildare",228.0,964.9122807017544,0.0,0.0,35.08771929824561,0.0,3.5
2ae19629-2282-13a3-e055-000000000001,"Rathmore, Kildare",396.0,919.1919191919193,2.5252525252525255,10.101010101010102,65.65656565656566,2.5252525252525255,6.6
2ae19629-2283-13a3-e055-000000000001,"Robertstown, Kildare",836.0,930.6220095693781,0.0,13.157894736842104,56.2200956937799,0.0,5.6
2ae19629-2284-13a3-e055-000000000001,"Skerries, Kildare",236.0,961.864406779661,0.0,4.237288135593221,33.898305084745765,0.0,3.4
2ae19629-228f-13a3-e055-000000000001,"Straffan, Kildare",892.0,849.7757847533633,10.089686098654708,28.026905829596412,76.23318385650224,35.874439461883405,7.6
2ae19629-2290-13a3-e055-000000000001,"Thomastown, Kildare",309.0,948.2200647249191,0.0,16.181229773462782,35.59870550161812,0.0,3.6
2ae19629-2291-13a3-e055-000000000001,"Timahoe North, Kildare",414.0,922.7053140096618,2.4154589371980677,16.908212560386474,55.55555555555555,2.4154589371980677,5.6
2ae19629-2292-13a3-e055-000000000001,"Timahoe South, Kildare",283.0,897.5265017667845,0.0,14.134275618374557,81.2720848056537,7.067137809187279,8.1
2ae19629-229b-13a3-e055-000000000001,"Usk, Kildare",202.0,925.7425742574258,9.900990099009901,19.801980198019802,44.554455445544555,0.0,4.5
2ae19629-229c-13a3-e055-000000000001,"Windmill Cross, Kildare",417.0,937.6498800959233,2.398081534772182,14.388489208633095,40.7673860911271,4.796163069544364,4.1
2ae19629-229e-13a3-e055-000000000001,"Aghaviller, Kilkenny",180.0,905.5555555555555,5.555555555555555,16.666666666666668,61.11111111111111,11.11111111111111,6.1
2ae19629-22a7-13a3-e055-000000000001,"Aglish, Kilkenny",395.0,893.6708860759494,0.0,12.658227848101266,86.07594936708861,7.594936708860759,8.6
2ae19629-22a8-13a3-e055-000000000001,"Attanagh, Kilkenny",160.0,818.75,18.75,18.75,131.25,12.5,13.1
2ae19629-22a9-13a3-e055-000000000001,"Balleen, Kilkenny",184.0,929.3478260869565,0.0,0.0,59.78260869565218,10.869565217391305,6.0
2ae19629-22b3-13a3-e055-000000000001,"Ballinamara, Kilkenny",139.0,928.0575539568346,0.0,7.194244604316547,35.97122302158273,28.77697841726619,3.6
2ae19629-22b4-13a3-e055-000000000001,"Ballincrea, Kilkenny",129.0,844.9612403100774,7.751937984496124,7.751937984496124,131.78294573643413,7.751937984496124,13.2
2ae19629-22b5-13a3-e055-000000000001,"Ballybeagh, Kilkenny",118.0,889.8305084745763,0.0,0.0,101.6949152542373,8.474576271186441,10.2
2ae19629-22c4-13a3-e055-000000000001,"Ballycallan, Kilkenny",158.0,930.379746835443,6.329113924050633,12.658227848101266,50.63291139240506,0.0,5.1
2ae19629-22c5-13a3-e055-000000000001,"Ballyconra, Kilkenny",103.0,796.1165048543689,0.0,19.41747572815534,155.3398058252427,29.12621359223301,15.5
2ae19629-22c6-13a3-e055-000000000001,"Ballyhale, Kilkenny",184.0,896.7391304347826,0.0,5.434782608695652,97.82608695652175,0.0,9.8
2ae19629-21fe-13a3-e055-000000000001,"Ballyragget, Kilkenny",623.0,903.6918138041734,1.6051364365971108,9.630818619582664,83.46709470304977,1.6051364365971108,8.3
2ae19629-21ff-13a3-e055-000000000001,"Ballyvool, Kilkenny",80.0,912.5,12.5,0.0,37.5,37.5,3.8
2ae19629-2200-13a3-e055-000000000001,"Baunmore, Kilkenny",55.0,854.5454545454545,18.18181818181818,0.0,109.09090909090908,18.18181818181818,10.9
2ae19629-220b-13a3-e055-000000000001,"Bennettsbridge, Kilkenny",449.0,908.6859688195991,2.2271714922048997,4.4543429844097995,71.26948775055679,13.3630289532294,7.1
2ae19629-220c-13a3-e055-000000000001,"Boolyglass, Kilkenny",54.0,944.4444444444445,0.0,0.0,55.55555555555555,0.0,5.6
2ae19629-220d-13a3-e055-000000000001,"Bramblestown, Kilkenny",94.0,893.6170212765957,0.0,10.638297872340425,74.46808510638297,21.27659574468085,7.4
2ae19629-220e-13a3-e055-000000000001,"Brownsford, Kilkenny",59.0,779.6610169491526,0.0,0.0,186.4406779661017,33.898305084745765,18.6
2ae19629-23b8-13a3-e055-000000000001,"Burnchurch, Kilkenny",217.0,866.3594470046083,4.608294930875576,23.041474654377883,96.77419354838709,9.216589861751151,9.7
2ae19629-23b9-13a3-e055-000000000001,"Callan Rural, Kilkenny",685.0,912.4087591240876,5.839416058394161,11.678832116788321,58.394160583941606,11.678832116788321,5.8
2ae19629-23ba-13a3-e055-000000000001,"Callan Urban, Kilkenny",848.0,880.8962264150944,4.716981132075471,16.50943396226415,91.98113207547169,5.89622641509434,9.2
2ae19629-23bb-13a3-e055-000000000001,"Castlebanny, Kilkenny",55.0,872.7272727272726,0.0,18.18181818181818,109.09090909090908,0.0,10.9
2ae19629-23bf-13a3-e055-000000000001,"Castlecomer, Kilkenny",1052.0,882.1292775665399,1.9011406844106464,8.55513307984791,95.05703422053232,12.357414448669202,9.5
2ae19629-23c0-13a3-e055-000000000001,"Castlegannon, Kilkenny",53.0,962.2641509433962,0.0,0.0,18.867924528301884,18.867924528301884,1.9
2ae19629-23c1-13a3-e055-000000000001,"Clara, Kilkenny",219.0,936.0730593607306,4.5662100456621,4.5662100456621,45.662100456621005,9.1324200913242,4.6
2ae19629-23c5-13a3-e055-000000000001,"Clogh, Kilkenny",527.0,888.0455407969639,0.0,7.590132827324478,83.49146110056927,20.872865275142317,8.3
2ae19629-23c6-13a3-e055-000000000001,"Clogharinka, Kilkenny",96.0,947.9166666666666,0.0,0.0,41.666666666666664,10.416666666666666,4.2
2ae19629-23cb-13a3-e055-000000000001,"Clomantagh, Kilkenny",139.0,863.3093525179855,0.0,14.388489208633095,107.91366906474819,14.388489208633095,10.8
2ae19629-23cc-13a3-e055-000000000001,"Coolaghmore, Kilkenny",170.0,888.235294117647,0.0,29.41176470588235,70.58823529411765,11.76470588235294,7.1
2ae19629-23cd-13a3-e055-000000000001,"Coolcraheen, Kilkenny",209.0,918.6602870813398,0.0,4.784688995215311,71.77033492822966,4.784688995215311,7.2
2ae19629-23d2-13a3-e055-000000000001,"Coolhill, Kilkenny",104.0,894.2307692307693,0.0,0.0,67.3076923076923,38.46153846153847,6.7
2ae19629-23d3-13a3-e055-000000000001,"Danesfort, Kilkenny",190.0,905.2631578947369,0.0,21.052631578947366,57.89473684210526,15.789473684210527,5.8
2ae19629-23d4-13a3-e055-000000000001,"Dunbell, Kilkenny",208.0,923.0769230769231,9.615384615384617,0.0,62.5,4.807692307692308,6.3
2ae19629-23d5-13a3-e055-000000000001,"Dunkitt, Kilkenny",398.0,927.1356783919598,0.0,15.07537688442211,50.25125628140704,7.537688442211055,5.0
2ae19629-23d9-13a3-e055-000000000001,"Dunmore, Kilkenny",252.0,936.5079365079365,3.968253968253968,19.841269841269842,39.682539682539684,0.0,4.0
2ae19629-23da-13a3-e055-000000000001,"Dunnamaggan, Kilkenny",170.0,900.0,5.88235294117647,29.41176470588235,52.94117647058823,11.76470588235294,5.3
2ae19629-23db-13a3-e055-000000000001,"Dysartmoon, Kilkenny",111.0,819.8198198198198,0.0,0.0,162.16216216216216,18.01801801801802,16.2
2ae19629-23df-13a3-e055-000000000001,"Earlstown, Kilkenny",85.0,917.6470588235294,11.76470588235294,0.0,58.8235294117647,11.76470588235294,5.9
2ae19629-23e0-13a3-e055-000000000001,"Ennisnag, Kilkenny",201.0,910.4477611940298,0.0,34.82587064676617,44.776119402985074,9.950248756218905,4.5
2ae19629-23e1-13a3-e055-000000000001,"Famma, Kilkenny",146.0,808.2191780821918,6.8493150684931505,13.698630136986301,109.58904109589041,61.64383561643835,11.0
2ae19629-23e6-13a3-e055-000000000001,"Farnoge, Kilkenny",123.0,886.178861788618,8.130081300813009,8.130081300813009,81.30081300813008,16.260162601626018,8.1
2ae19629-23e7-13a3-e055-000000000001,"Fiddown, Kilkenny",400.0,920.0,5.0,15.0,50.0,10.0,5.0
2ae19629-23e8-13a3-e055-000000000001,"Freaghana, Kilkenny",100.0,810.0,10.0,30.0,130.0,20.0,13.0
2ae19629-23ec-13a3-e055-000000000001,"Freshford, Kilkenny",433.0,879.9076212471132,0.0,4.618937644341801,101.61662817551962,13.856812933025404,10.2
2ae19629-23ed-13a3-e055-000000000001,"Galmoy, Kilkenny",144.0,833.3333333333334,0.0,6.944444444444444,118.05555555555556,41.666666666666664,11.8
2ae19629-23f0-13a3-e055-000000000001,"Glashare, Kilkenny",121.0,876.0330578512396,8.264462809917356,0.0,99.17355371900827,16.528925619834713,9.9
2ae19629-23f1-13a3-e055-000000000001,"Goresbridge, Kilkenny",250.0,876.0,4.0,4.0,108.0,8.0,10.8
2ae19629-23f2-13a3-e055-000000000001,"Gowran, Kilkenny",575.0,928.695652173913,0.0,0.0,62.60869565217392,8.695652173913043,6.3
2ae19629-23f6-13a3-e055-000000000001,"Graiguenamanagh, Kilkenny",848.0,845.5188679245283,4.716981132075471,9.433962264150942,100.23584905660378,40.094339622641506,10.0
2ae19629-23f7-13a3-e055-000000000001,"Grange, Kilkenny",313.0,900.9584664536742,6.3897763578274756,22.364217252396166,63.897763578274756,6.3897763578274756,6.4
2ae19629-23f8-13a3-e055-000000000001,"Inistioge, Kilkenny",451.0,800.4434589800443,6.651884700665189,6.651884700665189,130.82039911308206,55.43237250554324,13.1
2ae19629-23fc-13a3-e055-000000000001,"Jerpoint Church, Kilkenny",371.0,878.7061994609164,5.3908355795148255,18.867924528301884,70.08086253369272,26.954177897574127,7.0
2ae19629-23fd-13a3-e055-000000000001,"Jerpoint West, Kilkenny",90.0,922.2222222222223,0.0,22.22222222222222,44.44444444444444,11.11111111111111,4.4
2ae19629-23fe-13a3-e055-000000000001,"Johnstown, Kilkenny",364.0,881.8681318681319,2.7472527472527473,16.483516483516485,85.16483516483517,13.736263736263735,8.5
2ae19629-2402-13a3-e055-000000000001,"Kells, Kilkenny",269.0,855.0185873605948,7.434944237918216,14.869888475836431,92.93680297397769,29.739776951672862,9.3
2ae19629-2403-13a3-e055-000000000001,"Kilbeacon, Kilkenny",75.0,880.0,0.0,13.333333333333334,93.33333333333334,13.333333333333334,9.3
2ae19629-2404-13a3-e055-000000000001,"Kilbride, Kilkenny",146.0,869.8630136986302,6.8493150684931505,6.8493150684931505,109.58904109589041,6.8493150684931505,11.0
2ae19629-2408-13a3-e055-000000000001,"Kilcolumb, Kilkenny",219.0,936.0730593607306,0.0,0.0,59.3607305936073,4.5662100456621,5.9
2ae19629-2409-13a3-e055-000000000001,"Kilculliheen, Kilkenny",2134.0,924.0862230552952,3.2802249297094654,11.246485473289598,58.575445173383315,2.8116213683223994,5.9
2ae19629-240a-13a3-e055-000000000001,"Kilfane, Kilkenny",117.0,871.7948717948718,0.0,8.547008547008549,119.65811965811966,0.0,12.0
2ae19629-240b-13a3-e055-000000000001,"Kilkeasy, Kilkenny",146.0,863.013698630137,6.8493150684931505,27.397260273972602,89.04109589041096,13.698630136986301,8.9
2ae19629-240c-13a3-e055-000000000001,"Kilkenny No. 1 Urban, Kilkenny",2662.0,860.6311044327574,3.756574004507889,13.5236664162284,113.07287753568745,9.015777610818933,11.3
2ae19629-240d-13a3-e055-000000000001,"Kilkenny No. 2 Urban, Kilkenny",1937.0,864.7392875580795,4.130098089829634,18.069179143004646,105.31750129065564,7.743933918430563,10.5
2ae19629-23b2-13a3-e055-000000000001,"Kilkenny Rural, Kilkenny",6936.0,931.3725490196078,3.027681660899654,16.003460207612456,44.83852364475202,4.757785467128028,4.5
2ae19629-23b3-13a3-e055-000000000001,"Kilkieran, Kilkenny",240.0,925.0,0.0,8.333333333333334,58.333333333333336,8.333333333333334,5.8
2ae19629-23b5-13a3-e055-000000000001,"Killahy, Kilkenny",293.0,883.9590443686008,6.825938566552901,17.064846416382252,78.49829351535837,13.651877133105803,7.8
2ae19629-23b6-13a3-e055-000000000001,"Killamery, Kilkenny",101.0,900.990099009901,0.0,9.900990099009901,59.4059405940594,29.7029702970297,5.9
2ae19629-23b7-13a3-e055-000000000001,"Kilmacar, Kilkenny",171.0,912.2807017543859,5.847953216374268,0.0,81.87134502923976,0.0,8.2
2ae19629-23bc-13a3-e055-000000000001,"Kilmaganny, Kilkenny",298.0,879.1946308724832,0.0,3.3557046979865772,107.38255033557047,10.06711409395973,10.7
2ae19629-23bd-13a3-e055-000000000001,"Kilmakevoge, Kilkenny",178.0,859.5505617977528,0.0,0.0,117.97752808988764,22.47191011235955,11.8
2ae19629-23be-13a3-e055-000000000001,"Kilmanagh, Kilkenny",211.0,886.2559241706161,0.0,23.696682464454973,85.30805687203792,4.739336492890995,8.5
2ae19629-23c2-13a3-e055-000000000001,"Kiltorcan, Kilkenny",58.0,931.0344827586207,0.0,0.0,51.724137931034484,17.241379310344826,5.2
2ae19629-23c3-13a3-e055-000000000001,"Knocktopher, Kilkenny",224.0,857.1428571428571,0.0,17.857142857142858,107.14285714285714,17.857142857142858,10.7
2ae19629-23c4-13a3-e055-000000000001,"Lisdowney, Kilkenny",106.0,905.6603773584906,0.0,9.433962264150942,75.47169811320754,9.433962264150942,7.5
2ae19629-23c7-13a3-e055-000000000001,"Listerlin, Kilkenny",155.0,845.1612903225807,0.0,6.451612903225806,109.67741935483872,38.70967741935484,11.0
2ae19629-23c8-13a3-e055-000000000001,"Mallardstown, Kilkenny",95.0,842.1052631578947,0.0,10.526315789473683,147.36842105263156,0.0,14.7
2ae19629-23c9-13a3-e055-000000000001,"Moneenroe, Kilkenny",538.0,877.3234200743495,1.858736059479554,5.5762081784386615,89.21933085501858,26.022304832713754,8.9
2ae19629-23ca-13a3-e055-000000000001,"Mothell, Kilkenny",181.0,933.7016574585634,0.0,11.049723756906078,44.19889502762431,11.049723756906078,4.4
2ae19629-23ce-13a3-e055-000000000001,"Muckalee, Kilkenny, 097078",69.0,811.5942028985507,0.0,14.492753623188406,130.43478260869566,43.47826086956522,13.0
2ae19629-23cf-13a3-e055-000000000001,"Muckalee, Kilkenny, 097079",208.0,899.0384615384615,4.807692307692308,4.807692307692308,86.53846153846153,4.807692307692308,8.7
2ae19629-23d0-13a3-e055-000000000001,"Odagh, Kilkenny",174.0,925.2873563218391,0.0,11.494252873563218,57.47126436781609,5.747126436781609,5.7
2ae19629-23d1-13a3-e055-000000000001,"Outrath, Kilkenny",282.0,914.8936170212766,0.0,10.638297872340425,56.737588652482266,17.73049645390071,5.7
2ae19629-23d6-13a3-e055-000000000001,"Paulstown, Kilkenny",395.0,901.2658227848102,5.063291139240507,2.5316455696202533,83.54430379746836,7.594936708860759,8.4
2ae19629-23d7-13a3-e055-000000000001,"Pilltown, Kilkenny",805.0,913.0434782608695,2.4844720496894412,7.453416149068323,67.0807453416149,9.937888198757765,6.7
2ae19629-23d8-13a3-e055-000000000001,"Pleberstown, Kilkenny",88.0,829.5454545454546,0.0,34.090909090909086,34.090909090909086,102.27272727272728,3.4
2ae19629-23dc-13a3-e055-000000000001,"Pollrone, Kilkenny",568.0,908.4507042253521,5.28169014084507,7.042253521126761,66.90140845070422,12.32394366197183,6.7
2ae19629-23dd-13a3-e055-000000000001,"Portnascully, Kilkenny",422.0,919.431279620853,0.0,2.3696682464454977,71.09004739336493,7.109004739336492,7.1
2ae19629-23de-13a3-e055-000000000001,"Powerstown, Kilkenny",197.0,908.6294416243654,5.076142131979695,10.15228426395939,71.06598984771574,5.076142131979695,7.1
2ae19629-23e2-13a3-e055-000000000001,"Rathbeagh, Kilkenny",102.0,911.7647058823529,0.0,0.0,78.43137254901961,9.803921568627452,7.8
2ae19629-23e3-13a3-e055-000000000001,"Rathcoole, Kilkenny",182.0,939.5604395604396,0.0,16.483516483516485,43.956043956043956,0.0,4.4
2ae19629-23e4-13a3-e055-000000000001,"Rathealy, Kilkenny",74.0,945.9459459459459,0.0,0.0,54.054054054054056,0.0,5.4
2ae19629-23e5-13a3-e055-000000000001,"Rathpatrick, Kilkenny",448.0,930.8035714285714,0.0,4.464285714285714,55.80357142857143,8.928571428571429,5.6
2ae19629-23e9-13a3-e055-000000000001,"Rosbercon Rural, Kilkenny",265.0,901.8867924528303,3.7735849056603774,0.0,94.33962264150944,0.0,9.4
2ae19629-23ea-13a3-e055-000000000001,"Rossinan, Kilkenny",274.0,912.4087591240876,7.299270072992701,14.598540145985401,62.043795620437955,3.6496350364963503,6.2
2ae19629-23eb-13a3-e055-000000000001,"Scotsborough, Kilkenny",74.0,864.8648648648649,27.027027027027028,13.513513513513514,81.08108108108108,13.513513513513514,8.1
2ae19629-23ee-13a3-e055-000000000001,"Shanbogh, Kilkenny",193.0,849.7409326424871,0.0,5.181347150259067,134.71502590673575,10.362694300518134,13.5
2ae19629-23ef-13a3-e055-000000000001,"Shankill, Kilkenny",329.0,920.9726443768998,0.0,9.11854103343465,60.79027355623101,9.11854103343465,6.1
2ae19629-23f3-13a3-e055-000000000001,"St. Canice, Kilkenny",213.0,924.8826291079813,0.0,9.389671361502348,56.33802816901409,9.389671361502348,5.6
2ae19629-23f4-13a3-e055-000000000001,"Stonyford, Kilkenny",343.0,661.8075801749271,17.49271137026239,14.577259475218659,69.97084548104957,236.15160349854227,7.0
2ae19629-23f5-13a3-e055-000000000001,"Templeorum, Kilkenny",183.0,896.1748633879781,10.92896174863388,10.92896174863388,76.50273224043715,5.46448087431694,7.7
2ae19629-23f9-13a3-e055-000000000001,"The Rower, Kilkenny",342.0,845.0292397660819,2.923976608187134,8.771929824561402,78.94736842105263,64.32748538011695,7.9
2ae19629-23fa-13a3-e055-000000000001,"Thomastown, Kilkenny",1005.0,876.6169154228855,3.980099502487562,19.90049751243781,90.54726368159204,8.955223880597016,9.1
2ae19629-23fb-13a3-e055-000000000001,"Tiscoffin, Kilkenny",178.0,904.4943820224719,5.617977528089887,11.235955056179774,78.65168539325842,0.0,7.9
2ae19629-23ff-13a3-e055-000000000001,"Tubbrid, Kilkenny",175.0,891.4285714285714,0.0,0.0,74.28571428571429,34.285714285714285,7.4
2ae19629-2400-13a3-e055-000000000001,"Tubbridbrittain, Kilkenny",110.0,909.090909090909,0.0,0.0,90.9090909090909,0.0,9.1
2ae19629-2401-13a3-e055-000000000001,"Tullaghanbrogue, Kilkenny",202.0,881.1881188118812,0.0,9.900990099009901,94.05940594059406,14.85148514851485,9.4
2ae19629-2405-13a3-e055-000000000001,"Tullaherin, Kilkenny",88.0,875.0,11.363636363636363,11.363636363636363,90.9090909090909,11.363636363636363,9.1
2ae19629-2406-13a3-e055-000000000001,"Tullahought, Kilkenny",92.0,923.9130434782609,0.0,0.0,54.34782608695652,21.73913043478261,5.4
2ae19629-2407-13a3-e055-000000000001,"Tullaroan, Kilkenny",118.0,906.7796610169491,0.0,16.949152542372882,59.32203389830509,16.949152542372882,5.9
2ae19629-240e-13a3-e055-000000000001,"Ullard, Kilkenny",130.0,823.0769230769231,30.76923076923077,0.0,138.46153846153848,7.6923076923076925,13.8
2ae19629-240f-13a3-e055-000000000001,"Ullid, Kilkenny",413.0,924.9394673123487,4.842615012106537,19.37046004842615,46.00484261501211,4.842615012106537,4.6
2ae19629-2410-13a3-e055-000000000001,"Urlingford, Kilkenny",561.0,884.1354723707665,1.7825311942959001,5.347593582887701,101.60427807486631,7.1301247771836005,10.2
2ae19629-2411-13a3-e055-000000000001,"Whitechurch, Kilkenny",180.0,888.8888888888888,0.0,11.11111111111111,77.77777777777779,22.22222222222222,7.8
2ae19629-23b4-13a3-e055-000000000001,"Woolengrange, Kilkenny",142.0,887.3239436619718,0.0,14.084507042253522,70.42253521126761,28.169014084507044,7.0
2ae19629-16a8-13a3-e055-000000000001,"Abbeyleix, Laois",1303.0,877.9739063699155,2.3023791250959325,28.3960092095165,75.97851112816576,15.349194167306216,7.6
2ae19629-16a9-13a3-e055-000000000001,"Aghmacart, Laois",138.0,855.072463768116,0.0,50.72463768115942,72.46376811594203,21.73913043478261,7.2
2ae19629-16aa-13a3-e055-000000000001,"Arderin, Laois",100.0,880.0,10.0,0.0,90.0,20.0,9.0
2ae19629-16ab-13a3-e055-000000000001,"Ardough, Laois",131.0,923.6641221374045,7.633587786259541,7.633587786259541,45.80152671755725,15.267175572519083,4.6
2ae19629-16ac-13a3-e055-000000000001,"Arless, Laois",153.0,901.9607843137255,0.0,13.071895424836601,78.43137254901961,6.5359477124183005,7.8
2ae19629-16ad-13a3-e055-000000000001,"Ballickmoyler, Laois",310.0,954.8387096774194,3.225806451612903,3.225806451612903,29.03225806451613,9.67741935483871,2.9
2ae19629-16ae-13a3-e055-000000000001,"Ballinakill, Laois",336.0,880.952380952381,2.976190476190476,11.904761904761903,89.28571428571429,14.88095238095238,8.9
2ae19629-16a1-13a3-e055-000000000001,"Ballyadams, Laois",149.0,906.0402684563759,0.0,13.422818791946309,53.691275167785236,26.845637583892618,5.4
2ae19629-16a2-13a3-e055-000000000001,"Ballybrittas, Laois",494.0,910.9311740890689,0.0,30.364372469635626,46.5587044534413,12.145748987854251,4.7
2ae19629-16a3-13a3-e055-000000000001,"Ballybrophy, Laois",79.0,911.3924050632911,0.0,0.0,75.9493670886076,12.658227848101266,7.6
2ae19629-16a4-13a3-e055-000000000001,"Ballycarroll, Laois",140.0,892.8571428571429,14.285714285714285,21.428571428571427,64.28571428571428,7.142857142857142,6.4
2ae19629-16a5-13a3-e055-000000000001,"Ballyfin, Laois",257.0,867.7042801556421,0.0,19.45525291828794,108.94941634241245,3.8910505836575875,10.9
2ae19629-16a6-13a3-e055-000000000001,"Ballylehane, Laois",79.0,924.0506329113924,0.0,0.0,75.9493670886076,0.0,7.6
2ae19629-16a7-13a3-e055-000000000001,"Ballylynan, Laois",584.0,892.1232876712328,0.0,8.561643835616438,89.04109589041096,10.273972602739725,8.9
2ae19629-16af-13a3-e055-000000000001,"Ballyroan, Laois",412.0,917.4757281553399,4.854368932038835,2.4271844660194173,72.81553398058252,2.4271844660194173,7.3
2ae19629-16b0-13a3-e055-000000000001,"Barrowhouse, Laois",180.0,950.0,0.0,16.666666666666668,33.333333333333336,0.0,3.3
2ae19629-16b1-13a3-e055-000000000001,"Blandsfort, Laois",124.0,903.2258064516129,8.064516129032258,0.0,88.70967741935485,0.0,8.9
2ae19629-16b2-13a3-e055-000000000001,"Borris, Laois",680.0,883.8235294117646,0.0,11.76470588235294,104.41176470588236,0.0,10.4
2ae19629-16ba-13a3-e055-000000000001,"Borris-In-Ossory, Laois",427.0,887.5878220140515,0.0,9.36768149882904,88.99297423887587,14.05152224824356,8.9
2ae19629-16bc-13a3-e055-000000000001,"Caher, Laois",37.0,918.918918918919,27.027027027027028,27.027027027027028,0.0,27.027027027027028,0.0
60df415c-3e8d-4147-9d5f-2524194c8d6c,"Capard/Brisha, Laois",129.0,883.7209302325582,0.0,23.25581395348837,69.76744186046511,23.25581395348837,7.0
2ae19629-16be-13a3-e055-000000000001,"Cappalough, Laois",132.0,878.7878787878788,0.0,15.151515151515152,98.48484848484848,7.575757575757576,9.8
2ae19629-16bf-13a3-e055-000000000001,"Cardtown, Laois",64.0,859.375,15.625,15.625,78.125,31.25,7.8
2ae19629-16c0-13a3-e055-000000000001,"Castlecuffe, Laois",152.0,888.1578947368422,0.0,13.157894736842104,78.94736842105263,19.736842105263158,7.9
2ae19629-16c1-13a3-e055-000000000001,"Castletown, Laois",319.0,896.551724137931,0.0,0.0,94.04388714733543,9.404388714733543,9.4
2ae19629-16c2-13a3-e055-000000000001,"Clash, Laois",130.0,907.6923076923077,0.0,15.384615384615385,69.23076923076924,7.6923076923076925,6.9
2ae19629-16c3-13a3-e055-000000000001,"Clonaslee, Laois",397.0,874.0554156171286,2.5188916876574305,2.5188916876574305,113.35012594458438,7.556675062972292,11.3
2ae19629-16c4-13a3-e055-000000000001,"Clondarrig, Laois",961.0,920.9157127991675,2.081165452653486,9.365244536940686,66.59729448491156,1.040582726326743,6.7
2ae19629-16c5-13a3-e055-000000000001,"Clonin, Laois",93.0,881.7204301075269,10.752688172043012,10.752688172043012,64.51612903225806,32.25806451612903,6.5
2ae19629-16c6-13a3-e055-000000000001,"Clonkeen, Laois",246.0,914.6341463414634,0.0,8.130081300813009,73.17073170731707,4.065040650406504,7.3
2ae19629-16c7-13a3-e055-000000000001,"Clonmore, Laois",94.0,797.8723404255319,0.0,10.638297872340425,170.2127659574468,21.27659574468085,17.0
2ae19629-16c8-13a3-e055-000000000001,"Colt, Laois",74.0,905.4054054054054,13.513513513513514,0.0,54.054054054054056,27.027027027027028,5.4
2ae19629-16c9-13a3-e055-000000000001,"Coolrain, Laois",129.0,891.4728682170543,0.0,7.751937984496124,85.27131782945736,15.503875968992247,8.5
2ae19629-16ca-13a3-e055-000000000001,"Cuffsborough, Laois",124.0,959.6774193548388,0.0,8.064516129032258,24.193548387096772,8.064516129032258,2.4
2ae19629-16b3-13a3-e055-000000000001,"Cullahill, Laois",136.0,904.4117647058823,0.0,7.352941176470588,80.88235294117648,7.352941176470588,8.1
2ae19629-16b4-13a3-e055-000000000001,"Cullenagh, Laois",54.0,925.925925925926,0.0,0.0,74.07407407407408,0.0,7.4
2ae19629-16b5-13a3-e055-000000000001,"Curraclone, Laois",94.0,893.6170212765957,10.638297872340425,0.0,85.1063829787234,10.638297872340425,8.5
2ae19629-16b6-13a3-e055-000000000001,"Dangans, Laois",482.0,954.3568464730291,4.149377593360996,2.074688796680498,37.344398340248965,2.074688796680498,3.7
2ae19629-16b7-13a3-e055-000000000001,"Donaghmore, Laois",115.0,843.4782608695652,0.0,17.391304347826086,139.1304347826087,0.0,13.9
2ae19629-16b8-13a3-e055-000000000001,"Donore, Laois",173.0,901.7341040462428,0.0,5.780346820809248,80.92485549132948,11.560693641618496,8.1
2ae19629-16b9-13a3-e055-000000000001,"Doonane, Laois",319.0,924.7648902821317,0.0,15.67398119122257,53.29153605015674,6.269592476489028,5.3
2ae19629-16d1-13a3-e055-000000000001,"Dunmore, Laois",99.0,939.3939393939395,10.101010101010102,10.101010101010102,40.40404040404041,0.0,4.0
2ae19629-16d2-13a3-e055-000000000001,"Durrow, Laois",585.0,852.991452991453,1.7094017094017093,11.965811965811966,128.2051282051282,5.128205128205129,12.8
2ae19629-16d3-13a3-e055-000000000001,"Dysartgallen, Laois",100.0,900.0,0.0,10.0,90.0,0.0,9.0
2ae19629-16d4-13a3-e055-000000000001,"Emo, Laois",430.0,904.6511627906976,0.0,13.953488372093023,65.11627906976744,16.27906976744186,6.5
2ae19629-16d5-13a3-e055-000000000001,"Errill, Laois",184.0,831.5217391304349,5.434782608695652,16.304347826086957,135.86956521739128,10.869565217391305,13.6
2ae19629-16d6-13a3-e055-000000000001,"Farnans, Laois",84.0,809.5238095238095,0.0,0.0,154.76190476190476,35.714285714285715,15.5
2ae19629-16d7-13a3-e055-000000000001,"Fossy, Laois",64.0,906.25,0.0,0.0,78.125,15.625,7.8
2ae19629-16d8-13a3-e055-000000000001,"Garrymore, Laois",85.0,835.2941176470589,11.76470588235294,23.52941176470588,105.88235294117646,23.52941176470588,10.6
2ae19629-16da-13a3-e055-000000000001,"Graigue Rural, Laois",1894.0,936.1140443505808,0.5279831045406547,13.727560718057022,46.99049630411827,2.6399155227032733,4.7
2ae19629-16d9-13a3-e055-000000000001,"Graigue, Laois",103.0,864.0776699029126,0.0,9.70873786407767,116.50485436893204,9.70873786407767,11.7
2ae19629-16db-13a3-e055-000000000001,"Grantstown, Laois",149.0,912.751677852349,0.0,13.422818791946309,73.8255033557047,0.0,7.4
2ae19629-16dc-13a3-e055-000000000001,"Jamestown, Laois",186.0,930.1075268817203,5.376344086021506,10.752688172043012,48.387096774193544,5.376344086021506,4.8
2ae19629-16dd-13a3-e055-000000000001,"Kilcoke, Laois",56.0,928.5714285714286,0.0,17.857142857142858,53.57142857142857,0.0,5.4
2ae19629-16de-13a3-e055-000000000001,"Kilcolmanbane, Laois",220.0,945.4545454545454,0.0,9.09090909090909,40.90909090909091,4.545454545454545,4.1
2ae19629-16df-13a3-e055-000000000001,"Kildellig, Laois",109.0,853.2110091743119,9.174311926605505,36.69724770642202,82.56880733944955,18.34862385321101,8.3
2ae19629-16cb-13a3-e055-000000000001,"Killabban, Laois",174.0,902.2988505747126,5.747126436781609,17.241379310344826,57.47126436781609,17.241379310344826,5.7
2ae19629-16cc-13a3-e055-000000000001,"Killermogh, Laois",147.0,911.5646258503401,6.802721088435374,6.802721088435374,74.82993197278911,0.0,7.5
2ae19629-16cd-13a3-e055-000000000001,"Kilmullen, Laois",196.0,964.2857142857143,0.0,15.306122448979592,20.408163265306122,0.0,2.0
2ae19629-16ce-13a3-e055-000000000001,"Kilmurry, Laois",100.0,910.0,0.0,40.0,50.0,0.0,5.0
2ae19629-16cf-13a3-e055-000000000001,"Kilnaseer, Laois",125.0,896.0,0.0,8.0,96.0,0.0,9.6
2ae19629-16e0-13a3-e055-000000000001,"Kyle South, Laois",122.0,868.8524590163934,0.0,16.393442622950822,114.75409836065575,0.0,11.5
2ae19629-16d0-13a3-e055-000000000001,"Kyle, Laois",104.0,884.6153846153845,9.615384615384617,0.0,76.92307692307693,28.846153846153847,7.7
2ae19629-16e1-13a3-e055-000000000001,"Lacka, Laois",104.0,913.4615384615385,9.615384615384617,9.615384615384617,48.07692307692308,19.230769230769234,4.8
2ae19629-16e2-13a3-e055-000000000001,"Luggacurren, Laois",124.0,895.1612903225806,8.064516129032258,0.0,96.77419354838709,0.0,9.7
2ae19629-16e9-13a3-e055-000000000001,"Marymount, Laois",59.0,796.6101694915254,0.0,67.79661016949153,135.59322033898306,0.0,13.6
2ae19629-16ea-13a3-e055-000000000001,"Meelick, Laois",154.0,902.5974025974026,0.0,6.493506493506494,84.41558441558442,6.493506493506494,8.4
2ae19629-16eb-13a3-e055-000000000001,"Moneenalassa, Laois",63.0,825.3968253968253,0.0,0.0,174.60317460317458,0.0,17.5
2ae19629-16ec-13a3-e055-000000000001,"Moneymore, Laois",52.0,923.0769230769231,0.0,19.230769230769234,57.69230769230769,0.0,5.8
2ae19629-16ed-13a3-e055-000000000001,"Mountmellick Rural, Laois",419.0,911.6945107398568,0.0,19.093078758949883,66.82577565632458,2.3866348448687353,6.7
2ae19629-16ee-13a3-e055-000000000001,"Mountmellick Urban, Laois",1394.0,870.157819225251,2.152080344332855,10.760401721664277,114.06025824964132,2.8694404591104736,11.4
2ae19629-16ef-13a3-e055-000000000001,"Mountrath, Laois",1084.0,886.5313653136532,4.612546125461255,9.22509225092251,98.70848708487084,0.9225092250922509,9.9
2ae19629-16f0-13a3-e055-000000000001,"Moyanna, Laois",129.0,930.2325581395348,0.0,15.503875968992247,54.263565891472865,0.0,5.4
2ae19629-16f1-13a3-e055-000000000001,"Nealstown, Laois",34.0,882.3529411764706,0.0,29.41176470588235,88.23529411764706,0.0,8.8
2ae19629-16f2-13a3-e055-000000000001,"Newtown, Laois",125.0,936.0,0.0,16.0,48.0,0.0,4.8
2ae19629-16f3-13a3-e055-000000000001,"O'moresforest, Laois",182.0,917.5824175824175,5.4945054945054945,5.4945054945054945,65.93406593406594,5.4945054945054945,6.6
2ae19629-16f4-13a3-e055-000000000001,"Portarlington South, Laois",3067.0,910.9879360939028,2.2823606129768503,13.042060645582001,72.05738506684057,1.6302575806977502,7.2
2ae19629-16f5-13a3-e055-000000000001,"Portlaoighise Rural, Laois",5852.0,928.5714285714286,4.101161995898838,16.575529733424467,48.53041695146958,2.2214627477785376,4.9
2ae19629-16f6-13a3-e055-000000000001,"Portlaoighise Urban, Laois",1866.0,847.8027867095391,3.215434083601286,16.613076098606644,131.29689174705254,1.0718113612004287,13.1
2ae19629-16f7-13a3-e055-000000000001,"Raheen, Laois",158.0,911.3924050632911,0.0,6.329113924050633,75.9493670886076,6.329113924050633,7.6
2ae19629-16f8-13a3-e055-000000000001,"Rathaspick, Laois",113.0,849.5575221238938,0.0,44.24778761061947,53.097345132743364,53.097345132743364,5.3
2ae19629-16f9-13a3-e055-000000000001,"Rathdowney, Laois",611.0,855.9738134206219,1.6366612111292964,22.913256955810148,101.47299509001637,18.00327332242226,10.1
2ae19629-16e3-13a3-e055-000000000001,"Rathsaran, Laois",239.0,912.1338912133891,0.0,16.736401673640167,62.76150627615063,8.368200836820083,6.3
2ae19629-16e4-13a3-e055-000000000001,"Rearymore, Laois",109.0,935.7798165137615,0.0,0.0,64.22018348623854,0.0,6.4
2ae19629-16e5-13a3-e055-000000000001,"Rosenallis, Laois",157.0,885.3503184713376,0.0,25.477707006369428,82.80254777070063,6.369426751592357,8.3
2ae19629-16e6-13a3-e055-000000000001,"Rossmore, Laois",154.0,935.0649350649351,6.493506493506494,6.493506493506494,45.45454545454545,6.493506493506494,4.5
2ae19629-16e7-13a3-e055-000000000001,"Sallyford, Laois",211.0,938.388625592417,0.0,9.47867298578199,47.393364928909946,4.739336492890995,4.7
2ae19629-16e8-13a3-e055-000000000001,"Shaen, Laois",341.0,926.6862170087976,0.0,8.797653958944283,64.51612903225806,0.0,6.5
2ae19629-16ff-13a3-e055-000000000001,"Shrule, Laois",116.0,896.551724137931,0.0,8.620689655172413,94.82758620689654,0.0,9.5
2ae19629-1700-13a3-e055-000000000001,"Stradbally, Laois",785.0,922.2929936305733,2.5477707006369426,16.560509554140125,56.05095541401274,2.5477707006369426,5.6
2ae19629-1701-13a3-e055-000000000001,"Tankardstown, Laois",131.0,916.030534351145,0.0,7.633587786259541,76.33587786259542,0.0,7.6
2ae19629-1702-13a3-e055-000000000001,"Timahoe, Laois",229.0,912.6637554585153,0.0,4.366812227074235,78.60262008733625,4.366812227074235,7.9
2ae19629-1703-13a3-e055-000000000001,"Timogue, Laois",137.0,934.3065693430657,0.0,0.0,51.09489051094891,14.598540145985401,5.1
2ae19629-1704-13a3-e055-000000000001,"Tinnahinch, Laois",80.0,837.5,0.0,12.5,125.0,25.0,12.5
2ae19629-1705-13a3-e055-000000000001,"Trumra, Laois",107.0,841.1214953271028,0.0,0.0,130.8411214953271,28.037383177570092,13.1
2ae19629-1706-13a3-e055-000000000001,"Turra, Laois",137.0,934.3065693430657,0.0,0.0,65.69343065693431,0.0,6.6
2ae19629-1707-13a3-e055-000000000001,"Vicarstown, Laois",74.0,878.3783783783784,0.0,40.54054054054054,67.56756756756756,13.513513513513514,6.8
2ae19629-1804-13a3-e055-000000000001,"Abbeylara, Longford",166.0,825.3012048192771,0.0,18.072289156626507,126.50602409638553,30.120481927710845,12.7
2ae19629-1805-13a3-e055-000000000001,"Aghaboy, Longford",301.0,807.3089700996677,0.0,23.25581395348837,132.89036544850498,36.544850498338874,13.3
2ae19629-1806-13a3-e055-000000000001,"Agharra, Longford",207.0,835.7487922705315,4.830917874396135,14.492753623188406,111.1111111111111,33.81642512077295,11.1
2ae19629-1807-13a3-e055-000000000001,"Ardagh East, Longford",305.0,868.8524590163934,3.278688524590164,6.557377049180328,101.63934426229508,19.672131147540984,10.2
2ae19629-1808-13a3-e055-000000000001,"Ardagh West, Longford",190.0,910.5263157894738,0.0,5.263157894736842,68.42105263157895,15.789473684210527,6.8
2ae19629-1809-13a3-e055-000000000001,"Ballinalee, Longford",296.0,854.7297297297297,10.135135135135135,6.756756756756757,104.72972972972973,23.64864864864865,10.5
2ae19629-180a-13a3-e055-000000000001,"Ballinamuck East, Longford",266.0,785.7142857142857,0.0,18.796992481203006,165.41353383458645,30.075187969924812,16.5
2ae19629-180b-13a3-e055-000000000001,"Ballinamuck West, Longford",271.0,774.9077490774908,0.0,14.760147601476014,147.60147601476015,62.73062730627306,14.8
2ae19629-180c-13a3-e055-000000000001,"Ballymahon, Longford",1259.0,853.8522637013502,0.7942811755361397,7.148530579825258,131.8506751389992,6.354249404289118,13.2
2ae19629-180d-13a3-e055-000000000001,"Ballymuigh, Longford",117.0,854.7008547008546,0.0,0.0,111.1111111111111,34.188034188034194,11.1
2ae19629-180e-13a3-e055-000000000001,"Breanrisk, Longford",379.0,825.8575197889182,2.638522427440633,13.192612137203167,118.73350923482849,39.5778364116095,11.9
2ae19629-180f-13a3-e055-000000000001,"Bunlahy, Longford",90.0,877.7777777777777,11.11111111111111,0.0,111.1111111111111,0.0,11.1
2ae19629-1810-13a3-e055-000000000001,"Caldragh, Longford",1041.0,900.0960614793468,1.9212295869356388,15.36983669548511,71.08549471661864,11.527377521613833,7.1
2ae19629-17ee-13a3-e055-000000000001,"Cashel East, Longford",142.0,802.8169014084507,7.042253521126761,7.042253521126761,119.71830985915493,63.38028169014084,12.0
2ae19629-17ef-13a3-e055-000000000001,"Cashel West, Longford",318.0,748.4276729559748,6.289308176100629,0.0,150.94339622641508,94.33962264150944,15.1
2ae19629-17f0-13a3-e055-000000000001,"Cloondara, Longford",310.0,851.6129032258063,9.67741935483871,9.67741935483871,96.77419354838709,32.25806451612903,9.7
2ae19629-17f1-13a3-e055-000000000001,"Cloonee, Longford",321.0,844.2367601246106,0.0,15.576323987538942,127.7258566978193,12.461059190031152,12.8
2ae19629-17f2-13a3-e055-000000000001,"Columbkille, Longford",278.0,798.5611510791367,3.5971223021582737,10.79136690647482,133.09352517985613,53.956834532374096,13.3
2ae19629-17f3-13a3-e055-000000000001,"Coolamber, Longford",151.0,867.5496688741722,0.0,0.0,99.33774834437085,33.11258278145696,9.9
2ae19629-18dd-13a3-e055-000000000001,"Corboy, Longford",170.0,882.3529411764706,11.76470588235294,0.0,105.88235294117646,0.0,10.6
2ae19629-18de-13a3-e055-000000000001,"Creevy, Longford",154.0,753.2467532467533,6.493506493506494,45.45454545454545,175.32467532467533,19.48051948051948,17.5
2ae19629-18df-13a3-e055-000000000001,"Crosagstown, Longford",111.0,882.8828828828829,0.0,18.01801801801802,90.09009009009009,9.00900900900901,9.0
2ae19629-18e0-13a3-e055-000000000001,"Currygrane, Longford",62.0,838.7096774193549,0.0,16.129032258064516,112.90322580645162,32.25806451612903,11.3
2ae19629-18ea-13a3-e055-000000000001,"Dalystown, Longford",76.0,815.7894736842105,13.157894736842104,13.157894736842104,131.57894736842104,26.31578947368421,13.2
2ae19629-18eb-13a3-e055-000000000001,"Doory, Longford",187.0,834.2245989304813,5.347593582887701,10.695187165775401,144.3850267379679,5.347593582887701,14.4
2ae19629-18ec-13a3-e055-000000000001,"Drumgort, Longford",212.0,830.1886792452831,0.0,4.716981132075471,127.35849056603773,37.73584905660377,12.7
2ae19629-18f5-13a3-e055-000000000001,"Drumlish, Longford",730.0,839.7260273972603,5.47945205479452,15.068493150684931,110.95890410958904,28.767123287671232,11.1
2ae19629-18f6-13a3-e055-000000000001,"Drummeel, Longford",59.0,864.406779661017,0.0,0.0,135.59322033898306,0.0,13.6
51c9d4b9-75dd-4621-9ef7-f06ff3f5e11d,"Firry/Newgrove, Longford",105.0,780.952380952381,9.523809523809526,0.0,152.3809523809524,57.14285714285714,15.2
2ae19629-1900-13a3-e055-000000000001,"Forgney, Longford",208.0,908.6538461538462,14.423076923076923,9.615384615384617,67.3076923076923,0.0,6.7
2ae19629-1901-13a3-e055-000000000001,"Foxhall, Longford",269.0,873.6059479553903,0.0,14.869888475836431,85.50185873605948,26.022304832713754,8.6
2ae19629-1902-13a3-e055-000000000001,"Gelshagh, Longford",151.0,827.8145695364238,0.0,19.867549668874172,125.82781456953643,26.490066225165563,12.6
2ae19629-1903-13a3-e055-000000000001,"Granard Rural, Longford",122.0,836.0655737704918,0.0,16.393442622950822,122.95081967213115,24.59016393442623,12.3
2ae19629-1904-13a3-e055-000000000001,"Granard Urban, Longford",588.0,840.1360544217688,0.0,22.108843537414966,129.2517006802721,8.503401360544219,12.9
2ae19629-190f-13a3-e055-000000000001,"Kilcommock, Longford",461.0,887.2017353579175,4.3383947939262475,8.676789587852495,86.76789587852494,13.015184381778742,8.7
2ae19629-1910-13a3-e055-000000000001,"Kilglass, Longford",317.0,880.1261829652997,9.46372239747634,9.46372239747634,97.79179810725552,3.1545741324921135,9.8
2ae19629-1911-13a3-e055-000000000001,"Killashee, Longford",214.0,864.4859813084113,4.672897196261682,18.69158878504673,98.13084112149532,14.018691588785046,9.8
2ae19629-1918-13a3-e055-000000000001,"Killoe, Longford",147.0,816.3265306122449,6.802721088435374,13.605442176870747,142.85714285714286,20.408163265306122,14.3
2ae19629-1919-13a3-e055-000000000001,"Knockanbaun, Longford",71.0,859.1549295774647,14.084507042253522,0.0,84.50704225352112,42.25352112676056,8.5
2ae19629-191a-13a3-e055-000000000001,"Ledwithstown, Longford",167.0,850.2994011976049,0.0,5.9880239520958085,101.79640718562874,41.91616766467065,10.2
2ae19629-191b-13a3-e055-000000000001,"Lislea, Longford",71.0,704.225352112676,0.0,28.169014084507044,211.26760563380282,56.33802816901409,21.1
2ae19629-1925-13a3-e055-000000000001,"Longford No. 1 Urban, Longford",1969.0,825.7998984255968,3.047232097511427,7.618080243778568,159.47181310309801,4.062976130015236,15.9
2ae19629-1926-13a3-e055-000000000001,"Longford No. 2 Urban, Longford",500.0,888.0,2.0,16.0,94.0,0.0,9.4
2ae19629-1927-13a3-e055-000000000001,"Longford Rural, Longford",2244.0,873.885918003565,2.6737967914438503,11.586452762923352,106.95187165775401,4.901960784313726,10.7
2ae19629-18f7-13a3-e055-000000000001,"Meathas Truim, Longford",994.0,849.0945674044266,2.012072434607646,3.0181086519114686,128.77263581488936,17.102615694164992,12.9
2ae19629-1928-13a3-e055-000000000001,"Milltown, Longford",147.0,877.5510204081633,0.0,6.802721088435374,102.04081632653062,13.605442176870747,10.2
2ae19629-1929-13a3-e055-000000000001,"Moatfarrell, Longford",87.0,804.5977011494253,11.494252873563218,0.0,149.42528735632186,34.48275862068965,14.9
2ae19629-1931-13a3-e055-000000000001,"Mountdavis, Longford",108.0,759.2592592592594,0.0,18.51851851851852,203.7037037037037,18.51851851851852,20.4
2ae19629-1932-13a3-e055-000000000001,"Moydow, Longford",314.0,853.5031847133758,9.554140127388534,3.1847133757961785,114.64968152866243,19.108280254777068,11.5
2ae19629-1933-13a3-e055-000000000001,"Moyne, Longford",168.0,714.2857142857143,0.0,11.904761904761903,178.57142857142858,95.23809523809523,17.9
2ae19629-1940-13a3-e055-000000000001,"Mullanalaghta, Longford",140.0,778.5714285714286,0.0,14.285714285714285,157.14285714285714,50.0,15.7
2ae19629-1942-13a3-e055-000000000001,"Newtown Forbes, Longford",514.0,799.6108949416343,1.9455252918287937,11.673151750972762,167.31517509727627,19.45525291828794,16.7
2ae19629-1943-13a3-e055-000000000001,"Rathcline, Longford",800.0,842.5,6.25,10.0,113.75,27.5,11.4
2ae19629-194d-13a3-e055-000000000001,"Sonnagh, Longford",150.0,760.0,6.666666666666667,6.666666666666667,173.33333333333334,53.333333333333336,17.3
2ae19629-194e-13a3-e055-000000000001,"Ardee Rural, Louth",1100.0,908.1818181818182,0.9090909090909091,13.636363636363635,74.54545454545455,2.7272727272727275,7.5
2ae19629-194f-13a3-e055-000000000001,"Ardee Urban, Louth",2254.0,902.3957409050577,3.105590062111801,16.415261756876664,76.75244010647738,1.3309671694764862,7.7
2ae19629-1950-13a3-e055-000000000001,"Ballymascanlan, Louth",851.0,863.689776733255,8.225616921269095,15.276145710928319,86.95652173913044,25.851938895417156,8.7
2ae19629-195c-13a3-e055-000000000001,"Barronstown, Louth",282.0,904.2553191489362,3.5460992907801416,10.638297872340425,74.46808510638297,7.092198581560283,7.4
2ae19629-195d-13a3-e055-000000000001,"Carlingford, Louth",1227.0,644.6617766911165,17.114914425427873,22.819885900570497,123.0643846780766,192.33903830480847,12.3
2ae19629-195e-13a3-e055-000000000001,"Castlebellingham, Louth",784.0,896.6836734693877,2.5510204081632653,11.479591836734695,79.08163265306123,10.204081632653061,7.9
2ae19629-1968-13a3-e055-000000000001,"Castlering, Louth",383.0,916.4490861618799,2.6109660574412534,36.55352480417755,41.775456919060055,2.6109660574412534,4.2
21a09083-a130-47d2-8690-23338d5ecf18,"Castletown (North), Louth",1314.0,925.4185692541856,1.5220700152207,7.610350076103501,65.44901065449011,0.0,6.5
feb68bba-797f-474c-9db5-429e7a70c68c,"Castletown (South), Louth",338.0,934.9112426035502,2.9585798816568047,11.834319526627219,47.337278106508876,2.9585798816568047,4.7
2ae19629-1972-13a3-e055-000000000001,"Clogher, Louth",1306.0,860.6431852986217,3.8284839203675345,15.313935681470138,42.11332312404288,78.1010719754977,4.2
2ae19629-1973-13a3-e055-000000000001,"Clonkeen, Louth",254.0,913.3858267716536,3.937007874015748,11.811023622047244,62.99212598425197,7.874015748031496,6.3
2ae19629-197d-13a3-e055-000000000001,"Collon, Louth",697.0,905.3084648493543,7.173601147776184,32.998565279770446,50.21520803443329,4.30416068866571,5.0
2ae19629-197e-13a3-e055-000000000001,"Creggan Upper, Louth",332.0,897.5903614457831,15.060240963855422,33.13253012048193,51.204819277108435,3.0120481927710845,5.1
2ae19629-18c7-13a3-e055-000000000001,"Darver, Louth",242.0,913.2231404958677,8.264462809917356,8.264462809917356,66.11570247933885,4.132231404958678,6.6
2ae19629-18c9-13a3-e055-000000000001,"Dromin, Louth",230.0,939.1304347826087,4.3478260869565215,4.3478260869565215,52.17391304347826,0.0,5.2
2ae19629-18d6-13a3-e055-000000000001,"Dromiskin, Louth",863.0,925.840092699884,2.317497103128621,16.222479721900346,49.826187717265356,5.793742757821553,5.0
2ae19629-18d7-13a3-e055-000000000001,"Drumcar, Louth",579.0,839.3782383419689,6.90846286701209,32.81519861830743,62.17616580310881,58.721934369602764,6.2
2ae19629-18e1-13a3-e055-000000000001,"Drummullagh, Louth",704.0,747.159090909091,12.78409090909091,8.522727272727272,95.17045454545455,136.36363636363635,9.5
2ae19629-1936-13a3-e055-000000000001,"Dundalk No. 1 Urban, Louth",1183.0,898.5629754860524,3.3812341504649197,6.762468300929839,88.75739644970413,2.53592561284869,8.9
2ae19629-1937-13a3-e055-000000000001,"Dundalk No. 2 Urban, Louth",705.0,774.468085106383,2.8368794326241136,15.602836879432624,207.09219858156027,0.0,20.7
2ae19629-18e3-13a3-e055-000000000001,"Dundalk No. 3 Urban, Louth",912.0,842.1052631578947,8.771929824561402,24.12280701754386,122.80701754385964,2.1929824561403506,12.3
2ae19629-1938-13a3-e055-000000000001,"Dundalk No. 4 Urban, Louth",2946.0,902.2403258655804,3.73387644263408,18.329938900203665,75.35641547861508,0.3394433129667345,7.5
f0b72184-af6a-4a08-9f38-8033428dfcf7,"Dundalk Rural (North), Louth",2708.0,911.3737075332349,2.2156573116691285,10.3397341211226,75.33234859675036,0.7385524372230429,7.5
f26b950c-de46-4c46-b4be-21b2c886958f,"Dundalk Rural (South), Louth",5217.0,941.5372819628138,4.025301897642324,16.867931761548782,36.41939812152578,1.1500862564692351,3.6
2ae19629-18e4-13a3-e055-000000000001,"Dunleer, Louth",1182.0,918.7817258883249,2.5380710659898473,17.766497461928935,55.83756345177665,5.076142131979695,5.6
2ae19629-18ed-13a3-e055-000000000001,"Dysart, Louth",347.0,930.835734870317,2.881844380403458,8.645533141210375,46.10951008645533,11.527377521613833,4.6
2ae19629-18c8-13a3-e055-000000000001,"Fair Gate, Louth",4935.0,876.1904761904761,2.8368794326241136,14.58966565349544,104.15400202634245,2.2289766970618032,10.4
2ae19629-18ee-13a3-e055-000000000001,"Faughart, Louth",410.0,875.609756097561,2.4390243902439024,24.390243902439025,95.1219512195122,2.4390243902439024,9.5
2ae19629-18ef-13a3-e055-000000000001,"Greenore, Louth",553.0,775.7685352622061,7.2332730560578655,32.5497287522604,72.33273056057867,112.11573236889693,7.2
2ae19629-18f9-13a3-e055-000000000001,"Haggardstown, Louth",3598.0,914.952751528627,3.0572540300166757,27.51528627015008,46.13674263479711,8.337965536409117,4.6
2ae19629-18fa-13a3-e055-000000000001,"Jenkinstown, Louth",479.0,866.3883089770354,4.17536534446764,29.227557411273484,48.01670146137787,52.19206680584551,4.8
2ae19629-1905-13a3-e055-000000000001,"Killanny, Louth",315.0,917.4603174603175,3.1746031746031744,47.61904761904761,28.57142857142857,3.1746031746031744,2.9
2ae19629-1906-13a3-e055-000000000001,"Louth, Louth",659.0,869.4992412746586,1.5174506828528074,45.523520485584214,80.42488619119878,3.0349013657056148,8.0
2ae19629-1907-13a3-e055-000000000001,"Mansfieldstown, Louth",292.0,952.054794520548,0.0,0.0,44.52054794520548,3.4246575342465753,4.5
2ae19629-1912-13a3-e055-000000000001,"Monasterboice, Louth",517.0,943.9071566731141,1.9342359767891684,27.079303675048358,25.145067698259187,1.9342359767891684,2.5
2ae19629-1913-13a3-e055-000000000001,"Mullary, Louth",598.0,933.1103678929767,0.0,23.41137123745819,38.46153846153847,5.016722408026756,3.8
2ae19629-191c-13a3-e055-000000000001,"Rathcor, Louth",543.0,847.1454880294659,5.524861878453039,23.941068139963168,79.18968692449356,44.19889502762431,7.9
2ae19629-191d-13a3-e055-000000000001,"Ravensdale, Louth",413.0,876.5133171912834,4.842615012106537,9.685230024213075,77.4818401937046,31.476997578692497,7.7
2ae19629-1935-13a3-e055-000000000001,"St. Lawrence Gate, Louth",1672.0,942.5837320574163,2.9904306220095696,13.75598086124402,38.875598086124405,1.7942583732057418,3.9
2ae19629-1939-13a3-e055-000000000001,"St. Mary's (Part), Louth",2392.0,957.7759197324415,0.8361204013377926,11.705685618729095,28.42809364548495,1.254180602006689,2.8
2ae19629-192a-13a3-e055-000000000001,"St. Peter's, Louth",3686.0,946.0119370591426,1.627780792186652,11.66576234400434,39.06673901247965,1.627780792186652,3.9
2ae19629-192b-13a3-e055-000000000001,"Stabannan, Louth",225.0,951.1111111111111,0.0,4.444444444444445,40.0,4.444444444444445,4.0
2ae19629-192c-13a3-e055-000000000001,"Tallanstown, Louth",414.0,917.8743961352657,0.0,26.570048309178745,53.14009661835749,2.4154589371980677,5.3
2ae19629-1934-13a3-e055-000000000001,"Termonfeckin, Louth",1413.0,898.7968860580326,5.661712668082095,21.939136588818116,41.04741684359519,32.55484784147204,4.1
2ae19629-191e-13a3-e055-000000000001,"West Gate, Louth",2788.0,907.4605451936873,2.5107604017216643,13.988522238163558,74.96413199426112,1.0760401721664274,7.5
2ae19629-1819-13a3-e055-000000000001,"Ardagh, Meath",293.0,829.3515358361775,3.4129692832764507,6.825938566552901,146.75767918088735,13.651877133105803,14.7
2ae19629-181a-13a3-e055-000000000001,"Ardbraccan, Meath",806.0,933.0024813895782,1.2406947890818858,11.166253101736972,49.62779156327544,4.962779156327543,5.0
2ae19629-1824-13a3-e055-000000000001,"Ardcath, Meath",798.0,898.4962406015038,0.0,10.025062656641603,86.46616541353383,5.012531328320802,8.6
2ae19629-1825-13a3-e055-000000000001,"Ardmulchan, Meath",388.0,945.8762886597938,2.577319587628866,2.577319587628866,43.814432989690715,5.154639175257732,4.4
2ae19629-182f-13a3-e055-000000000001,"Ardnamullan, Meath",338.0,893.491124260355,0.0,11.834319526627219,79.88165680473374,14.792899408284024,8.0
2ae19629-1830-13a3-e055-000000000001,"Baile Átha Buí, An Mhí",1126.0,893.4280639431616,0.8880994671403197,12.433392539964476,89.69804618117229,3.552397868561279,9.0
2ae19629-1831-13a3-e055-000000000001,"Ballinlough, Meath",81.0,851.8518518518518,0.0,0.0,123.45679012345678,24.691358024691358,12.3
2ae19629-183a-13a3-e055-000000000001,"Ballyboggan, Meath",194.0,881.4432989690721,5.154639175257732,10.309278350515465,92.78350515463917,10.309278350515465,9.3
2ae19629-183b-13a3-e055-000000000001,"Ballyconnell, Meath",286.0,940.5594405594405,0.0,6.993006993006993,41.95804195804196,10.48951048951049,4.2
2ae19629-183c-13a3-e055-000000000001,"Balrathboyne, Meath",216.0,967.5925925925926,0.0,4.62962962962963,27.777777777777775,0.0,2.8
2ae19629-183d-13a3-e055-000000000001,"Bective, Meath",410.0,934.1463414634147,0.0,14.634146341463415,48.78048780487805,2.4390243902439024,4.9
2ae19629-1847-13a3-e055-000000000001,"Boherboy, Meath",122.0,901.6393442622951,8.196721311475411,16.393442622950822,65.57377049180329,8.196721311475411,6.6
2ae19629-1848-13a3-e055-000000000001,"Burry, Meath",101.0,900.990099009901,0.0,39.603960396039604,49.504950495049506,9.900990099009901,5.0
2ae19629-1849-13a3-e055-000000000001,"Carrickleck, Meath",184.0,864.1304347826086,10.869565217391305,5.434782608695652,114.13043478260869,5.434782608695652,11.4
2ae19629-184a-13a3-e055-000000000001,"Castlejordan, Meath",167.0,886.2275449101796,5.9880239520958085,17.964071856287426,83.8323353293413,5.9880239520958085,8.4
2ae19629-1852-13a3-e055-000000000001,"Castlekeeran, Meath",196.0,857.1428571428571,10.204081632653061,10.204081632653061,112.24489795918367,10.204081632653061,11.2
2ae19629-1853-13a3-e055-000000000001,"Castlerickard, Meath",750.0,925.3333333333334,1.3333333333333333,8.0,64.0,1.3333333333333333,6.4
2ae19629-1854-13a3-e055-000000000001,"Castletown, Meath",370.0,916.2162162162161,0.0,18.91891891891892,64.86486486486487,0.0,6.5
2ae19629-18be-13a3-e055-000000000001,"Ceanannas Mór Rural, Meath",1823.0,931.4317059791553,2.1941854086670323,12.616566099835437,45.52934722984092,8.228195282501371,4.6
2ae19629-18bf-13a3-e055-000000000001,"Ceanannas Mór Urban, Meath",1065.0,870.4225352112676,0.9389671361502347,11.267605633802818,115.49295774647887,1.8779342723004695,11.5
2ae19629-185f-13a3-e055-000000000001,"Cloghbrack, Meath",189.0,931.2169312169311,0.0,5.291005291005291,52.910052910052904,10.582010582010582,5.3
2ae19629-1860-13a3-e055-000000000001,"Clonmacduff, Meath",166.0,957.8313253012049,0.0,6.024096385542169,36.144578313253014,0.0,3.6
2ae19629-1861-13a3-e055-000000000001,"Crossakeel, Meath",230.0,856.5217391304349,0.0,8.695652173913043,126.08695652173913,8.695652173913043,12.6
2ae19629-186b-13a3-e055-000000000001,"Crosskeys, Meath",153.0,849.6732026143791,0.0,0.0,111.1111111111111,39.21568627450981,11.1
2ae19629-186c-13a3-e055-000000000001,"Cruicetown, Meath",154.0,902.5974025974026,0.0,25.974025974025977,64.93506493506493,6.493506493506494,6.5
2ae19629-186d-13a3-e055-000000000001,"Culmullin, Meath",422.0,893.3649289099526,0.0,16.587677725118485,78.19905213270142,11.848341232227487,7.8
2ae19629-186e-13a3-e055-000000000001,"Donaghmore, Meath",4952.0,928.3117932148626,3.4329563812600967,24.03069466882068,43.41680129240711,0.8077544426494346,4.3
2ae19629-1878-13a3-e055-000000000001,"Domhnach Phádraig, An Mhí",670.0,923.8805970149255,1.492537313432836,17.910447761194032,55.223880597014926,1.492537313432836,5.5
2ae19629-1879-13a3-e055-000000000001,"Drumcondra, Meath",540.0,909.2592592592592,5.555555555555555,7.407407407407407,75.92592592592592,1.8518518518518519,7.6
2ae19629-1882-13a3-e055-000000000001,"Duleek, Meath",2140.0,935.5140186915888,2.803738317757009,4.672897196261682,53.271028037383175,3.7383177570093458,5.3
2ae19629-1883-13a3-e055-000000000001,"Dunboyne, Meath",3725.0,921.3422818791946,1.610738255033557,15.033557046979865,60.939597315436245,1.0738255033557047,6.1
2ae19629-188f-13a3-e055-000000000001,"Dunshaughlin, Meath",3079.0,942.5138031828516,1.2991230919129586,24.033777200389736,32.15329652484573,0.0,3.2
2ae19629-1890-13a3-e055-000000000001,"Gallow, Meath",354.0,935.0282485875706,2.824858757062147,5.649717514124294,53.67231638418079,2.824858757062147,5.4
2ae19629-189c-13a3-e055-000000000001,"Galtrim, Meath",279.0,896.0573476702509,7.168458781362007,17.921146953405017,64.51612903225806,14.336917562724015,6.5
2ae19629-189d-13a3-e055-000000000001,"Girley, Meath",173.0,878.6127167630058,11.560693641618496,11.560693641618496,69.36416184971098,28.90173410404624,6.9
2ae19629-18a6-13a3-e055-000000000001,"Grangegeeth, Meath",243.0,921.8106995884774,0.0,8.23045267489712,65.84362139917695,4.11522633744856,6.6
2ae19629-18a7-13a3-e055-000000000001,"Grennanstown, Meath",452.0,922.566371681416,2.2123893805309733,15.486725663716815,57.52212389380531,2.2123893805309733,5.8
2ae19629-18b2-13a3-e055-000000000001,"Hill Of Down, Meath",214.0,892.5233644859813,4.672897196261682,4.672897196261682,88.78504672897196,9.345794392523365,8.9
2ae19629-18b3-13a3-e055-000000000001,"Innfield, Meath",1636.0,923.5941320293398,2.444987775061125,15.281173594132028,58.06845965770171,0.6112469437652812,5.8
2ae19629-18bd-13a3-e055-000000000001,"Julianstown, Meath",4089.0,912.9371484470531,4.157495720224994,17.852775739789678,53.55832721936904,11.494252873563218,5.4
2ae19629-1811-13a3-e055-000000000001,"Kentstown, Meath",736.0,942.9347826086956,1.358695652173913,10.869565217391305,38.04347826086957,6.793478260869565,3.8
2ae19629-1812-13a3-e055-000000000001,"Kilbrew, Meath",1335.0,933.3333333333334,2.247191011235955,19.475655430711612,40.44943820224719,4.49438202247191,4.0
2ae19629-1813-13a3-e055-000000000001,"Cill Bhríde, An Mhí",192.0,921.875,0.0,15.625,62.5,0.0,6.3
2ae19629-1832-13a3-e055-000000000001,"Kilcooly, Meath",142.0,922.5352112676056,0.0,21.12676056338028,56.33802816901409,0.0,5.6
2ae19629-1833-13a3-e055-000000000001,"Kildalkey, Meath",486.0,895.0617283950617,2.05761316872428,14.40329218106996,86.41975308641975,2.05761316872428,8.6
2ae19629-1834-13a3-e055-000000000001,"Killaconnigan, Meath",848.0,916.2735849056603,1.1792452830188678,21.22641509433962,56.60377358490566,4.716981132075471,5.7
2ae19629-183e-13a3-e055-000000000001,"Killallon, Meath",128.0,890.625,7.8125,7.8125,85.9375,7.8125,8.6
2ae19629-183f-13a3-e055-000000000001,"Killary, Meath",504.0,922.6190476190477,0.0,25.79365079365079,51.58730158730158,0.0,5.2
2ae19629-184b-13a3-e055-000000000001,"Killeagh, Meath",192.0,781.25,5.208333333333333,5.208333333333333,171.875,36.458333333333336,17.2
2ae19629-184c-13a3-e055-000000000001,"Killeen, Meath",455.0,914.2857142857142,4.395604395604396,17.582417582417584,63.73626373626373,0.0,6.4
2ae19629-1855-13a3-e055-000000000001,"Killyon, Meath",213.0,920.18779342723,4.694835680751174,14.084507042253522,61.032863849765256,0.0,6.1
2ae19629-1856-13a3-e055-000000000001,"Kilmainham, Meath",354.0,867.231638418079,5.649717514124294,25.423728813559325,93.22033898305085,8.474576271186441,9.3
2ae19629-1862-13a3-e055-000000000001,"Kilmessan, Meath",680.0,926.4705882352941,2.941176470588235,20.58823529411765,44.11764705882353,5.88235294117647,4.4
2ae19629-1863-13a3-e055-000000000001,"Kilmore, Meath",638.0,912.2257053291536,0.0,18.808777429467085,62.69592476489028,6.269592476489028,6.3
2ae19629-186f-13a3-e055-000000000001,"Kilskeer, Meath",165.0,872.7272727272726,0.0,24.242424242424242,96.96969696969697,6.0606060606060606,9.7
2ae19629-1870-13a3-e055-000000000001,"Knocklough, Meath",94.0,776.595744680851,21.27659574468085,31.914893617021274,148.93617021276594,21.27659574468085,14.9
2ae19629-1871-13a3-e055-000000000001,"Laracor, Meath",224.0,941.9642857142857,0.0,8.928571428571429,49.107142857142854,0.0,4.9
2ae19629-187a-13a3-e055-000000000001,"Loughan, Meath",181.0,872.9281767955802,0.0,38.67403314917127,77.34806629834254,11.049723756906078,7.7
2ae19629-187b-13a3-e055-000000000001,"Maperath, Meath",199.0,869.3467336683417,0.0,15.07537688442211,105.52763819095478,10.050251256281408,10.6
2ae19629-187c-13a3-e055-000000000001,"Martry, Meath",265.0,924.5283018867925,0.0,18.867924528301884,45.283018867924525,11.320754716981131,4.5
2ae19629-1884-13a3-e055-000000000001,"Mellifont, Meath",220.0,895.4545454545455,4.545454545454545,9.09090909090909,72.72727272727272,18.18181818181818,7.3
2ae19629-1885-13a3-e055-000000000001,"Moybolgue, Meath",101.0,871.2871287128713,0.0,9.900990099009901,99.00990099009901,19.801980198019802,9.9
2ae19629-1886-13a3-e055-000000000001,"Moylagh, Meath",211.0,781.9905213270142,0.0,14.218009478672984,142.18009478672985,61.611374407582936,14.2
2ae19629-1891-13a3-e055-000000000001,"Moynalty, Meath",257.0,906.6147859922179,3.8910505836575875,19.45525291828794,62.2568093385214,7.782101167315175,6.2
2ae19629-1892-13a3-e055-000000000001,"Navan Rural, Meath",11012.0,940.6102433708681,1.0897203051216855,15.346894297130403,41.31856156919724,1.6345804576825282,4.1
2ae19629-1893-13a3-e055-000000000001,"Navan Urban, Meath",1849.0,863.7101135749053,4.326663061114116,23.796646836127636,105.46241211465657,2.7041644131963225,10.5
2ae19629-1894-13a3-e055-000000000001,"Newcastle, Meath",176.0,875.0,11.363636363636363,0.0,113.63636363636363,0.0,11.4
2ae19629-189e-13a3-e055-000000000001,"Newtown, Meath",364.0,920.3296703296703,2.7472527472527473,19.230769230769234,54.94505494505494,2.7472527472527473,5.5
2ae19629-189f-13a3-e055-000000000001,"Nobber, Meath",326.0,895.7055214723927,6.134969325153374,6.134969325153374,82.82208588957054,9.202453987730062,8.3
2ae19629-18a8-13a3-e055-000000000001,"Oldcastle, Meath",1018.0,880.1571709233792,2.9469548133595285,19.646365422396855,81.53241650294696,15.717092337917483,8.2
2ae19629-18a9-13a3-e055-000000000001,"Painestown, Meath",450.0,911.1111111111111,2.2222222222222223,15.555555555555555,64.44444444444444,6.666666666666667,6.4
2ae19629-18aa-13a3-e055-000000000001,"Posseckstown, Meath",77.0,909.090909090909,0.0,0.0,64.93506493506493,25.974025974025977,6.5
2ae19629-18b4-13a3-e055-000000000001,"Rahinstown, Meath",182.0,928.5714285714286,0.0,5.4945054945054945,60.43956043956044,5.4945054945054945,6.0
2ae19629-18b5-13a3-e055-000000000001,"Rathfeigh, Meath",364.0,923.0769230769231,0.0,16.483516483516485,54.94505494505494,5.4945054945054945,5.5
2ae19629-18b6-13a3-e055-000000000001,"Rathkenny, Meath",248.0,939.5161290322582,4.032258064516129,4.032258064516129,52.41935483870968,0.0,5.2
2ae19629-18c1-13a3-e055-000000000001,"Rathmolyon, Meath",575.0,926.9565217391305,1.7391304347826089,3.4782608695652177,66.08695652173913,1.7391304347826089,6.6
2ae19629-18c0-13a3-e055-000000000001,"An Ráth Mhór, An Mhí",376.0,914.8936170212766,0.0,10.638297872340425,71.80851063829788,2.6595744680851063,7.2
2ae19629-1814-13a3-e055-000000000001,"Ratoath, Meath",3812.0,954.0923399790137,0.7869884575026234,16.52675760755509,27.806925498426022,0.7869884575026234,2.8
2ae19629-1815-13a3-e055-000000000001,"Rodanstown, Meath",671.0,901.6393442622951,2.9806259314456036,10.432190760059614,84.9478390461997,0.0,8.5
2ae19629-181b-13a3-e055-000000000001,"Skreen, Meath",613.0,907.0146818923328,3.2626427406199023,16.31321370309951,71.77814029363785,1.6313213703099512,7.2
2ae19629-181c-13a3-e055-000000000001,"Slane, Meath",780.0,876.9230769230769,1.2820512820512822,24.358974358974358,93.58974358974359,3.8461538461538463,9.4
2ae19629-1826-13a3-e055-000000000001,"St. Mary's, Meath",5734.0,930.4150680153471,2.267178235088943,22.148587373561213,40.111614928496685,5.057551447506103,4.0
2ae19629-1827-13a3-e055-000000000001,"Stackallan, Meath",257.0,894.9416342412452,0.0,7.782101167315175,85.60311284046692,11.673151750972762,8.6
2ae19629-1828-13a3-e055-000000000001,"Staholmog, Meath",154.0,909.090909090909,0.0,12.987012987012989,77.92207792207792,0.0,7.8
2ae19629-1829-13a3-e055-000000000001,"Stamullin, Meath",1743.0,947.2174411933448,1.721170395869191,13.195639701663799,36.144578313253014,1.721170395869191,3.6
2ae19629-181d-13a3-e055-000000000001,"Stonefield, Meath",105.0,838.0952380952381,0.0,47.61904761904761,85.71428571428571,28.57142857142857,8.6
2ae19629-181e-13a3-e055-000000000001,"Summerhill, Meath",556.0,904.6762589928057,0.0,14.388489208633095,79.13669064748201,1.7985611510791368,7.9
2ae19629-181f-13a3-e055-000000000001,"Tara, Meath",453.0,953.6423841059602,0.0,13.245033112582782,33.11258278145696,0.0,3.3
2ae19629-182a-13a3-e055-000000000001,"Tailtin, An Mhí",375.0,896.0,2.6666666666666665,8.0,90.66666666666667,2.6666666666666665,9.1
2ae19629-182b-13a3-e055-000000000001,"Trim Rural, Meath",3272.0,934.9022004889976,3.361858190709046,17.726161369193154,40.34229828850856,3.667481662591687,4.0
2ae19629-182c-13a3-e055-000000000001,"Trim Urban, Meath",689.0,854.8621190130624,4.354136429608127,26.124818577648767,111.75616835994194,2.9027576197387517,11.2
2ae19629-1835-13a3-e055-000000000001,"Trohanny, Meath",134.0,880.5970149253732,7.462686567164179,0.0,111.94029850746269,0.0,11.2
2ae19629-1ada-13a3-e055-000000000001,"Aghancon, Offaly",155.0,922.5806451612904,0.0,0.0,45.16129032258064,32.25806451612903,4.5
2ae19629-1adc-13a3-e055-000000000001,"Ballincor, Offaly",66.0,954.5454545454546,0.0,0.0,45.45454545454545,0.0,4.5
2ae19629-1add-13a3-e055-000000000001,"Ballyburly, Offaly",514.0,928.0155642023346,3.8910505836575875,9.72762645914397,54.474708171206224,3.8910505836575875,5.4
2ae19629-1ae8-13a3-e055-000000000001,"Ballycommon, Offaly",226.0,920.3539823008849,0.0,30.97345132743363,35.39823008849557,13.274336283185841,3.5
2ae19629-1ae9-13a3-e055-000000000001,"Ballycumber, Offaly",291.0,896.9072164948454,3.4364261168384878,3.4364261168384878,92.78350515463917,3.4364261168384878,9.3
2ae19629-1aea-13a3-e055-000000000001,"Ballymacwilliam, Offaly",233.0,905.5793991416309,0.0,0.0,90.12875536480686,4.291845493562231,9.0
2ae19629-1aeb-13a3-e055-000000000001,"Ballyshear, Offaly",140.0,935.7142857142857,0.0,7.142857142857142,42.857142857142854,14.285714285714285,4.3
2ae19629-1af5-13a3-e055-000000000001,"Banagher, Offaly",908.0,882.1585903083701,1.1013215859030838,6.607929515418502,93.61233480176212,16.519823788546255,9.4
2ae19629-1af6-13a3-e055-000000000001,"Barna, Offaly",74.0,837.8378378378378,0.0,0.0,148.64864864864865,13.513513513513514,14.9
2ae19629-1af7-13a3-e055-000000000001,"Bawn, Offaly",133.0,872.1804511278195,0.0,22.55639097744361,97.74436090225564,7.518796992481203,9.8
2ae19629-1a3f-13a3-e055-000000000001,"Birr Rural, Offaly",531.0,894.5386064030132,1.8832391713747645,7.532956685499058,79.09604519774012,16.949152542372882,7.9
2ae19629-1a40-13a3-e055-000000000001,"Birr Urban, Offaly",2071.0,864.799613713182,1.931434089811685,10.622887493964267,111.54031868662483,11.105746016417191,11.2
2ae19629-1a41-13a3-e055-000000000001,"Bracknagh, Offaly",404.0,938.1188118811881,2.4752475247524752,4.9504950495049505,51.980198019801975,2.4752475247524752,5.2
2ae19629-1a42-13a3-e055-000000000001,"Broughal, Offaly",54.0,851.8518518518518,0.0,18.51851851851852,111.1111111111111,18.51851851851852,11.1
2ae19629-1a4e-13a3-e055-000000000001,"Cangort, Offaly",73.0,972.6027397260274,0.0,0.0,13.698630136986301,13.698630136986301,1.4
2ae19629-1a4f-13a3-e055-000000000001,"Cappancur, Offaly",618.0,915.8576051779935,1.6181229773462784,17.79935275080906,58.25242718446602,6.472491909385114,5.8
2ae19629-1a50-13a3-e055-000000000001,"Clara, Offaly",1610.0,919.2546583850931,3.105590062111801,5.590062111801243,65.83850931677019,6.211180124223602,6.6
2ae19629-1a51-13a3-e055-000000000001,"Cloghan, Offaly",418.0,894.7368421052631,4.784688995215311,9.569377990430622,81.33971291866028,9.569377990430622,8.1
2ae19629-1a5c-13a3-e055-000000000001,"Clonbulloge, Offaly",289.0,937.7162629757786,0.0,13.84083044982699,44.98269896193772,3.4602076124567476,4.5
2ae19629-1a5d-13a3-e055-000000000001,"Clonmacnoise, Offaly",140.0,885.7142857142857,0.0,7.142857142857142,85.71428571428571,21.428571428571427,8.6
2ae19629-1a5e-13a3-e055-000000000001,"Clonmore, Offaly",173.0,947.9768786127167,0.0,11.560693641618496,40.46242774566474,0.0,4.0
2ae19629-1a5f-13a3-e055-000000000001,"Clonygowan, Offaly",254.0,901.5748031496063,7.874015748031496,11.811023622047244,78.74015748031496,0.0,7.9
2ae19629-1a68-13a3-e055-000000000001,"Croghan, Offaly",195.0,917.9487179487179,0.0,15.384615384615385,66.66666666666667,0.0,6.7
2ae19629-1a69-13a3-e055-000000000001,"Cullenwaine, Offaly",314.0,885.3503184713376,9.554140127388534,6.369426751592357,73.2484076433121,25.477707006369428,7.3
2ae19629-1a6a-13a3-e055-000000000001,"Daingean, Offaly",603.0,910.4477611940298,0.0,9.950248756218905,72.96849087893864,6.633499170812604,7.3
2ae19629-1a73-13a3-e055-000000000001,"Derrinboy, Offaly",130.0,830.7692307692308,7.6923076923076925,23.076923076923077,138.46153846153848,0.0,13.8
2ae19629-1a74-13a3-e055-000000000001,"Derryad, Offaly",105.0,819.047619047619,9.523809523809526,0.0,161.90476190476193,9.523809523809526,16.2
2ae19629-1a75-13a3-e055-000000000001,"Derrycooly, Offaly",103.0,854.3689320388349,0.0,19.41747572815534,126.2135922330097,0.0,12.6
2ae19629-1a76-13a3-e055-000000000001,"Doon, Offaly",195.0,923.0769230769231,5.128205128205129,10.256410256410257,61.53846153846154,0.0,6.2
2ae19629-1a81-13a3-e055-000000000001,"Dromoyle, Offaly",126.0,880.952380952381,0.0,15.873015873015872,95.23809523809523,7.936507936507936,9.5
2ae19629-1a82-13a3-e055-000000000001,"Drumcullen, Offaly",166.0,879.5180722891565,0.0,6.024096385542169,114.4578313253012,0.0,11.4
2ae19629-1a83-13a3-e055-000000000001,"Dunkerrin, Offaly",148.0,871.6216216216216,0.0,13.513513513513514,108.10810810810811,6.756756756756757,10.8
2ae19629-1a8e-13a3-e055-000000000001,"Durrow, Offaly",277.0,913.3574007220217,0.0,14.44043321299639,68.59205776173286,3.6101083032490977,6.9
2ae19629-1a8f-13a3-e055-000000000001,"Edenderry Rural, Offaly",307.0,938.1107491856677,0.0,6.514657980456026,55.37459283387622,0.0,5.5
2ae19629-1a90-13a3-e055-000000000001,"Edenderry Urban, Offaly",2772.0,918.1096681096681,1.443001443001443,9.37950937950938,69.62481962481964,1.443001443001443,7.0
2ae19629-1a91-13a3-e055-000000000001,"Eglish, Offaly",65.0,861.5384615384615,0.0,15.384615384615385,107.6923076923077,15.384615384615385,10.8
67112637-b544-4b5c-b9fa-02e36d6f26b7,"Esker/Ballaghassaan, Offaly",188.0,914.8936170212766,0.0,10.638297872340425,69.14893617021276,5.319148936170213,6.9
2ae19629-1a9a-13a3-e055-000000000001,"Ettagh, Offaly",183.0,923.4972677595629,5.46448087431694,5.46448087431694,54.6448087431694,10.92896174863388,5.5
2ae19629-1a9b-13a3-e055-000000000001,"Ferbane, Offaly",552.0,873.1884057971015,0.0,19.927536231884055,103.26086956521739,3.6231884057971016,10.3
2ae19629-1aa4-13a3-e055-000000000001,"Gallen, Offaly",226.0,889.3805309734514,0.0,22.123893805309734,84.070796460177,4.424778761061947,8.4
2ae19629-1aa5-13a3-e055-000000000001,"Geashill, Offaly",602.0,925.249169435216,1.6611295681063123,9.966777408637872,51.495016611295675,11.627906976744185,5.1
2ae19629-1aa6-13a3-e055-000000000001,"Gorteen, Offaly, 187043",114.0,868.421052631579,8.771929824561402,0.0,96.49122807017544,26.31578947368421,9.6
2ae19629-1aae-13a3-e055-000000000001,"Gorteen, Offaly, 187044",130.0,915.3846153846154,0.0,15.384615384615385,61.53846153846154,7.6923076923076925,6.2
2ae19629-1aaf-13a3-e055-000000000001,"Hammerlane, Offaly",215.0,948.8372093023256,0.0,0.0,51.16279069767442,0.0,5.1
2ae19629-1ab0-13a3-e055-000000000001,"Hinds, Offaly",139.0,928.0575539568346,0.0,7.194244604316547,50.35971223021583,14.388489208633095,5.0
2ae19629-1ab1-13a3-e055-000000000001,"Huntston, Offaly",155.0,877.4193548387098,0.0,0.0,116.12903225806453,6.451612903225806,11.6
2ae19629-1ab9-13a3-e055-000000000001,"Kilclonfert, Offaly",150.0,893.3333333333333,0.0,20.0,80.0,6.666666666666667,8.0
2ae19629-1aba-13a3-e055-000000000001,"Kilcolman, Offaly",164.0,853.6585365853658,6.097560975609756,6.097560975609756,109.7560975609756,24.390243902439025,11.0
2ae19629-1abb-13a3-e055-000000000001,"Kilcormac, Offaly",623.0,873.1942215088283,3.2102728731942216,36.91813804173355,83.46709470304977,3.2102728731942216,8.3
2ae19629-1ac6-13a3-e055-000000000001,"Kilcumreragh, Offaly",208.0,889.4230769230769,0.0,24.03846153846154,81.73076923076923,4.807692307692308,8.2
2ae19629-1ac7-13a3-e055-000000000001,"Killeigh, Offaly",470.0,931.9148936170213,0.0,10.638297872340425,53.191489361702125,4.25531914893617,5.3
2ae19629-1ac8-13a3-e055-000000000001,"Killooly, Offaly",109.0,834.8623853211009,0.0,18.34862385321101,137.61467889908258,9.174311926605505,13.8
2ae19629-1ad1-13a3-e055-000000000001,"Killoughy, Offaly",285.0,915.7894736842105,0.0,0.0,77.19298245614036,7.017543859649123,7.7
2ae19629-1ad2-13a3-e055-000000000001,"Killyon, Offaly",107.0,887.8504672897196,0.0,28.037383177570092,84.11214953271028,0.0,8.4
2ae19629-1ad3-13a3-e055-000000000001,"Kinnitty, Offaly",243.0,851.8518518518518,8.23045267489712,12.345679012345679,82.3045267489712,45.26748971193416,8.2
2ae19629-1ad4-13a3-e055-000000000001,"Knockbarron, Offaly",80.0,875.0,0.0,0.0,100.0,25.0,10.0
2ae19629-1ade-13a3-e055-000000000001,"Knockdrin, Offaly",63.0,936.5079365079365,0.0,31.746031746031743,31.746031746031743,0.0,3.2
2ae19629-1adf-13a3-e055-000000000001,"Lea, Offaly",140.0,892.8571428571429,0.0,7.142857142857142,92.85714285714286,7.142857142857142,9.3
2ae19629-1ae0-13a3-e055-000000000001,"Letter, Offaly",61.0,901.6393442622951,16.393442622950822,16.393442622950822,49.18032786885246,16.393442622950822,4.9
2ae19629-1ae1-13a3-e055-000000000001,"Lumcloon, Offaly",158.0,905.0632911392405,6.329113924050633,12.658227848101266,75.9493670886076,0.0,7.6
2ae19629-1aec-13a3-e055-000000000001,"Lusmagh, Offaly",214.0,897.196261682243,4.672897196261682,9.345794392523365,70.09345794392523,18.69158878504673,7.0
2ae19629-1aed-13a3-e055-000000000001,"Monasteroris, Offaly",319.0,927.8996865203761,3.134796238244514,9.404388714733543,59.56112852664577,0.0,6.0
2ae19629-1aee-13a3-e055-000000000001,"Mountbriscoe, Offaly",87.0,896.551724137931,0.0,11.494252873563218,91.95402298850574,0.0,9.2
2ae19629-1af8-13a3-e055-000000000001,"Mounterin, Offaly",103.0,844.6601941747573,19.41747572815534,0.0,106.79611650485437,29.12621359223301,10.7
2ae19629-1af9-13a3-e055-000000000001,"Mountheaton, Offaly",200.0,895.0,0.0,0.0,100.0,5.0,10.0
2ae19629-1afa-13a3-e055-000000000001,"Moyclare, Offaly",252.0,900.7936507936508,0.0,11.904761904761903,71.42857142857143,15.873015873015872,7.1
2ae19629-1afb-13a3-e055-000000000001,"O'dempsey, Offaly",54.0,925.925925925926,0.0,0.0,74.07407407407408,0.0,7.4
2ae19629-1a43-13a3-e055-000000000001,"Portarlington North, Offaly",1021.0,851.126346718903,1.9588638589618022,21.547502448579824,124.38785504407443,0.9794319294809011,12.4
2ae19629-1a44-13a3-e055-000000000001,"Rahan, Offaly",267.0,902.6217228464419,0.0,11.235955056179774,82.39700374531834,3.745318352059925,8.2
2ae19629-1a45-13a3-e055-000000000001,"Raheenakeeran, Offaly",168.0,940.4761904761905,0.0,11.904761904761903,47.61904761904761,0.0,4.8
2ae19629-1a46-13a3-e055-000000000001,"Rathfeston, Offaly",154.0,954.5454545454546,0.0,12.987012987012989,25.974025974025977,6.493506493506494,2.6
2ae19629-1a52-13a3-e055-000000000001,"Rathrobin, Offaly",171.0,883.0409356725146,0.0,0.0,87.71929824561403,29.239766081871345,8.8
2ae19629-1a53-13a3-e055-000000000001,"Roscomroe, Offaly",53.0,943.3962264150944,0.0,0.0,56.60377358490566,0.0,5.7
2ae19629-1a54-13a3-e055-000000000001,"Screggan, Offaly",522.0,915.7088122605363,0.0,17.241379310344826,61.30268199233716,5.747126436781609,6.1
2ae19629-1a60-13a3-e055-000000000001,"Seirkieran, Offaly",177.0,915.2542372881356,0.0,11.299435028248588,67.79661016949153,5.649717514124294,6.8
2ae19629-1a61-13a3-e055-000000000001,"Shannonbridge, Offaly",146.0,835.6164383561644,0.0,6.8493150684931505,123.2876712328767,34.24657534246575,12.3
2ae19629-1a62-13a3-e055-000000000001,"Shannonharbour, Offaly",138.0,920.2898550724638,7.246376811594203,7.246376811594203,57.971014492753625,7.246376811594203,5.8
2ae19629-1a6b-13a3-e055-000000000001,"Shinrone, Offaly",430.0,904.6511627906976,4.651162790697675,2.3255813953488373,76.74418604651163,11.627906976744185,7.7
2ae19629-1a6c-13a3-e055-000000000001,"Silverbrook, Offaly",287.0,916.3763066202091,0.0,3.484320557491289,69.68641114982579,10.452961672473869,7.0
2ae19629-1a6d-13a3-e055-000000000001,"Srah, Offaly",272.0,911.7647058823529,3.676470588235294,14.705882352941176,66.17647058823529,3.676470588235294,6.6
2ae19629-1a77-13a3-e055-000000000001,"Templeharry, Offaly",102.0,843.1372549019608,0.0,19.607843137254903,98.0392156862745,39.21568627450981,9.8
2ae19629-1a78-13a3-e055-000000000001,"Tinamuck, Offaly",107.0,869.1588785046729,9.345794392523365,18.69158878504673,102.80373831775701,0.0,10.3
2ae19629-1a79-13a3-e055-000000000001,"Tinnycross, Offaly",162.0,938.2716049382716,0.0,12.345679012345679,49.382716049382715,0.0,4.9
2ae19629-1a7a-13a3-e055-000000000001,"Tulla, Offaly",44.0,818.1818181818182,0.0,22.727272727272727,90.9090909090909,68.18181818181817,9.1
2ae19629-1a84-13a3-e055-000000000001,"Tullamore Rural, Offaly",1282.0,923.5569422776912,2.3400936037441498,14.82059282371295,58.50234009360374,0.7800312012480499,5.9
2ae19629-1a85-13a3-e055-000000000001,"Tullamore Urban, Offaly",4873.0,899.4459265339626,3.4886107120870102,14.364867638005336,80.85368356248718,1.8469115534578289,8.1
2ae19629-1bc1-13a3-e055-000000000001,"Ardnaglew, Westmeath",113.0,893.8053097345132,0.0,8.849557522123893,97.34513274336283,0.0,9.7
2ae19629-1bca-13a3-e055-000000000001,"Ardnagragh, Westmeath",161.0,944.0993788819876,0.0,12.422360248447204,31.055900621118013,12.422360248447204,3.1
2ae19629-1bcc-13a3-e055-000000000001,"Athlone East Rural, Westmeath",3210.0,851.4018691588785,10.59190031152648,58.87850467289719,76.01246105919003,3.115264797507788,7.6
2ae19629-1bcb-13a3-e055-000000000001,"Athlone East Urban, Westmeath",2318.0,855.0474547023296,4.745470232959447,16.824849007765316,115.61691113028473,7.765314926660914,11.6
2ae19629-1bcd-13a3-e055-000000000001,"Athlone West Urban, Westmeath",1741.0,839.17288914417,2.871912693854107,10.913268236645607,142.4468696151637,4.595060310166571,14.2
2ae19629-1bce-13a3-e055-000000000001,"Auburn, Westmeath",300.0,923.3333333333334,3.3333333333333335,0.0,73.33333333333333,0.0,7.3
2ae19629-1bda-13a3-e055-000000000001,"Ballinalack, Westmeath",169.0,875.7396449704142,0.0,17.75147928994083,106.50887573964498,0.0,10.7
2ae19629-1bdb-13a3-e055-000000000001,"Ballinlough, Westmeath",70.0,914.2857142857142,0.0,0.0,71.42857142857143,14.285714285714285,7.1
2ae19629-1aff-13a3-e055-000000000001,"Ballybroder, Westmeath",82.0,926.829268292683,0.0,0.0,73.17073170731707,0.0,7.3
2ae19629-1b00-13a3-e055-000000000001,"Ballyhealy, Westmeath",123.0,943.089430894309,0.0,8.130081300813009,24.390243902439025,24.390243902439025,2.4
2ae19629-1b01-13a3-e055-000000000001,"Ballykilmore, Westmeath",313.0,888.1789137380191,0.0,12.779552715654951,89.45686900958466,9.584664536741213,8.9
2ae19629-1b02-13a3-e055-000000000001,"Ballymore, Westmeath",309.0,851.1326860841424,3.236245954692557,12.944983818770227,119.7411003236246,12.944983818770227,12.0
2ae19629-1bdc-13a3-e055-000000000001,"Ballymorin, Westmeath",135.0,933.3333333333334,7.407407407407407,22.22222222222222,7.407407407407407,29.62962962962963,0.7
2ae19629-1b24-13a3-e055-000000000001,"Ballynagore, Westmeath",225.0,888.8888888888888,0.0,17.77777777777778,93.33333333333334,0.0,9.3
2ae19629-1b25-13a3-e055-000000000001,"Ballynaskeagh, Westmeath",107.0,925.2336448598131,0.0,0.0,56.074766355140184,18.69158878504673,5.6
2ae19629-1b26-13a3-e055-000000000001,"Bellanalack, Westmeath",225.0,893.3333333333333,0.0,26.666666666666668,71.11111111111111,8.88888888888889,7.1
2ae19629-1b27-13a3-e055-000000000001,"Belvidere, Westmeath",289.0,927.3356401384083,0.0,13.84083044982699,44.98269896193772,13.84083044982699,4.5
2ae19629-1b31-13a3-e055-000000000001,"Boherquill, Westmeath",71.0,859.1549295774647,0.0,0.0,126.76056338028168,14.084507042253522,12.7
2ae19629-1b32-13a3-e055-000000000001,"Bracklin, Westmeath",105.0,857.1428571428571,0.0,0.0,133.33333333333334,9.523809523809526,13.3
2ae19629-1b33-13a3-e055-000000000001,"Carn, Westmeath",290.0,955.1724137931035,3.4482758620689653,3.4482758620689653,37.93103448275862,0.0,3.8
2ae19629-1b34-13a3-e055-000000000001,"Carrick, Westmeath",140.0,864.2857142857143,0.0,50.0,42.857142857142854,42.857142857142854,4.3
2ae19629-1b40-13a3-e055-000000000001,"Castle, Westmeath",445.0,923.5955056179776,4.49438202247191,6.741573033707866,62.921348314606746,2.247191011235955,6.3
2ae19629-1b41-13a3-e055-000000000001,"Castledaly, Westmeath",306.0,852.9411764705882,6.5359477124183005,19.607843137254903,111.1111111111111,9.803921568627452,11.1
2ae19629-1b42-13a3-e055-000000000001,"Castlelost, Westmeath",641.0,925.1170046801872,0.0,9.360374414976599,65.5226209048362,0.0,6.6
2ae19629-1b4c-13a3-e055-000000000001,"Castletown, Westmeath",306.0,901.9607843137255,6.5359477124183005,3.2679738562091503,78.43137254901961,9.803921568627452,7.8
2ae19629-1b4d-13a3-e055-000000000001,"Churchtown, Westmeath",122.0,975.4098360655737,0.0,0.0,16.393442622950822,8.196721311475411,1.6
2ae19629-1b57-13a3-e055-000000000001,"Cloghan, Westmeath",128.0,921.875,0.0,0.0,70.3125,7.8125,7.0
2ae19629-1b58-13a3-e055-000000000001,"Clonarney, Westmeath",194.0,891.7525773195877,0.0,0.0,72.16494845360825,36.08247422680412,7.2
2ae19629-1b59-13a3-e055-000000000001,"Clonfad, Westmeath",248.0,903.2258064516129,4.032258064516129,8.064516129032258,64.51612903225806,20.161290322580644,6.5
2ae19629-1b64-13a3-e055-000000000001,"Clonlost, Westmeath",190.0,857.8947368421053,0.0,10.526315789473683,115.78947368421052,15.789473684210527,11.6
2ae19629-1b65-13a3-e055-000000000001,"Collinstown, Westmeath",262.0,870.2290076335878,7.633587786259541,7.633587786259541,95.41984732824429,19.083969465648856,9.5
2ae19629-1b66-13a3-e055-000000000001,"Coole, Westmeath",116.0,844.8275862068966,0.0,0.0,137.9310344827586,17.241379310344826,13.8
2ae19629-1b67-13a3-e055-000000000001,"Coolure, Westmeath",155.0,851.6129032258063,0.0,12.903225806451612,90.32258064516128,45.16129032258064,9.0
2ae19629-1b71-13a3-e055-000000000001,"Copperalley, Westmeath",119.0,941.1764705882352,0.0,0.0,50.42016806722689,8.403361344537815,5.0
2ae19629-1b72-13a3-e055-000000000001,"Delvin, Westmeath",450.0,844.4444444444445,0.0,17.77777777777778,124.44444444444444,13.333333333333334,12.4
2ae19629-1b73-13a3-e055-000000000001,"Derrymore, Westmeath",108.0,870.3703703703703,0.0,18.51851851851852,74.07407407407408,37.03703703703704,7.4
2ae19629-1b74-13a3-e055-000000000001,"Doonis, Westmeath",102.0,921.5686274509803,0.0,19.607843137254903,58.8235294117647,0.0,5.9
2ae19629-1b83-13a3-e055-000000000001,"Drumraney, Westmeath",101.0,881.1881188118812,0.0,0.0,99.00990099009901,19.801980198019802,9.9
2ae19629-1b84-13a3-e055-000000000001,"Dysart, Westmeath",105.0,876.1904761904761,9.523809523809526,0.0,114.28571428571428,0.0,11.4
2ae19629-1b85-13a3-e055-000000000001,"Emper, Westmeath",103.0,786.4077669902913,0.0,9.70873786407767,194.17475728155338,9.70873786407767,19.4
2ae19629-1b86-13a3-e055-000000000001,"Enniscoffey, Westmeath",166.0,885.5421686746988,0.0,12.048192771084338,96.3855421686747,6.024096385542169,9.6
2ae19629-1b97-13a3-e055-000000000001,"Faughalstown, Westmeath",111.0,882.8828828828829,9.00900900900901,18.01801801801802,72.07207207207207,18.01801801801802,7.2
2ae19629-1b98-13a3-e055-000000000001,"Finnea, Westmeath",126.0,801.5873015873017,0.0,15.873015873015872,119.04761904761904,63.49206349206349,11.9
2ae19629-1b99-13a3-e055-000000000001,"Fore East, Westmeath",173.0,895.9537572254336,0.0,5.780346820809248,40.46242774566474,57.80346820809248,4.0
2ae19629-1bb0-13a3-e055-000000000001,"Fore West, Westmeath",175.0,834.2857142857143,0.0,5.714285714285714,125.71428571428572,34.285714285714285,12.6
2ae19629-1bb1-13a3-e055-000000000001,"Gaybrook, Westmeath",147.0,904.7619047619048,0.0,0.0,95.23809523809523,0.0,9.5
2ae19629-1bb2-13a3-e055-000000000001,"Glassan, Westmeath",353.0,849.8583569405099,11.3314447592068,19.8300283286119,90.6515580736544,28.328611898016998,9.1
2ae19629-1bc2-13a3-e055-000000000001,"Glenlough, Westmeath",92.0,750.0,0.0,21.73913043478261,184.78260869565216,43.47826086956522,18.5
2ae19629-1bc3-13a3-e055-000000000001,"Glore, Westmeath",75.0,893.3333333333333,0.0,13.333333333333334,80.0,13.333333333333334,8.0
2ae19629-1bc4-13a3-e055-000000000001,"Greenpark, Westmeath",107.0,915.8878504672897,0.0,9.345794392523365,56.074766355140184,18.69158878504673,5.6
2ae19629-1bcf-13a3-e055-000000000001,"Griffinstown, Westmeath",208.0,923.0769230769231,9.615384615384617,4.807692307692308,52.88461538461539,9.615384615384617,5.3
2ae19629-1bd0-13a3-e055-000000000001,"Heathstown, Westmeath",285.0,891.2280701754386,3.5087719298245617,10.526315789473683,91.2280701754386,3.5087719298245617,9.1
2ae19629-1bd1-13a3-e055-000000000001,"Hilltown, Westmeath",127.0,818.8976377952756,0.0,15.748031496062993,125.98425196850394,39.37007874015748,12.6
2ae19629-1bdd-13a3-e055-000000000001,"Hopestown, Westmeath",215.0,888.3720930232558,0.0,18.6046511627907,74.4186046511628,18.6046511627907,7.4
2ae19629-1bde-13a3-e055-000000000001,"Huntingdon, Westmeath",163.0,920.2453987730062,0.0,12.269938650306749,61.34969325153374,6.134969325153374,6.1
2ae19629-1bdf-13a3-e055-000000000001,"Jamestown, Westmeath",63.0,920.6349206349206,0.0,0.0,47.61904761904761,31.746031746031743,4.8
2ae19629-1b03-13a3-e055-000000000001,"Kilbeggan, Westmeath",758.0,902.3746701846965,5.277044854881266,10.554089709762533,80.47493403693932,1.3192612137203166,8.0
2ae19629-1b04-13a3-e055-000000000001,"Kilbixy, Westmeath",266.0,894.7368421052631,0.0,0.0,93.98496240601503,11.278195488721805,9.4
2ae19629-1b05-13a3-e055-000000000001,"Kilcumny, Westmeath",113.0,769.9115044247787,17.699115044247787,17.699115044247787,97.34513274336283,97.34513274336283,9.7
2ae19629-1b0b-13a3-e055-000000000001,"Kilcumreragh, Westmeath",161.0,863.3540372670807,0.0,6.211180124223602,105.59006211180125,24.844720496894407,10.6
2ae19629-1b0c-13a3-e055-000000000001,"Killare, Westmeath",152.0,809.2105263157895,13.157894736842104,13.157894736842104,131.57894736842104,32.89473684210526,13.2
2ae19629-1b0d-13a3-e055-000000000001,"Killinure, Westmeath",162.0,845.679012345679,0.0,6.172839506172839,61.72839506172839,86.41975308641975,6.2
2ae19629-1b18-13a3-e055-000000000001,"Killua, Westmeath",436.0,878.440366972477,4.587155963302752,9.174311926605505,87.1559633027523,20.642201834862387,8.7
2ae19629-1b19-13a3-e055-000000000001,"Killucan, Westmeath",722.0,939.0581717451524,0.0,15.235457063711912,42.936288088642655,2.770083102493075,4.3
2ae19629-1b1a-13a3-e055-000000000001,"Killulagh, Westmeath",188.0,882.9787234042553,0.0,15.957446808510637,74.46808510638297,26.595744680851062,7.4
2ae19629-1b0e-13a3-e055-000000000001,"Kilpatrick, Westmeath",100.0,840.0,0.0,10.0,90.0,60.0,9.0
2ae19629-1b0f-13a3-e055-000000000001,"Kinnegad, Westmeath",1122.0,924.2424242424242,5.347593582887701,12.477718360071302,57.040998217468804,0.8912655971479501,5.7
2ae19629-1b10-13a3-e055-000000000001,"Kinturk, Westmeath",671.0,871.8330849478391,1.4903129657228018,8.941877794336811,108.79284649776454,8.941877794336811,10.9
2ae19629-1b11-13a3-e055-000000000001,"Knockarrow, Westmeath",61.0,803.2786885245902,0.0,0.0,180.32786885245903,16.393442622950822,18.0
2ae19629-1b1b-13a3-e055-000000000001,"Knockdrin, Westmeath",226.0,884.9557522123894,4.424778761061947,8.849557522123893,101.76991150442478,0.0,10.2
2ae19629-1b1c-13a3-e055-000000000001,"Lackan, Westmeath",35.0,942.8571428571429,0.0,0.0,57.14285714285714,0.0,5.7
2ae19629-1b1d-13a3-e055-000000000001,"Lauree, Westmeath",88.0,829.5454545454546,11.363636363636363,11.363636363636363,147.72727272727275,0.0,14.8
2ae19629-1b28-13a3-e055-000000000001,"Middleton, Westmeath",141.0,886.5248226950354,0.0,14.184397163120567,92.19858156028369,7.092198581560283,9.2
2ae19629-1bd2-13a3-e055-000000000001,"Milltown, Westmeath",115.0,904.3478260869565,0.0,0.0,95.65217391304348,0.0,9.6
2ae19629-1b29-13a3-e055-000000000001,"Moate, Westmeath",1421.0,921.1822660098522,6.333567909922589,7.037297677691766,64.03940886699507,1.4074595355383532,6.4
2ae19629-1b2a-13a3-e055-000000000001,"Mount Temple, Westmeath",258.0,918.6046511627907,0.0,11.627906976744185,69.76744186046511,0.0,7.0
2ae19629-1b35-13a3-e055-000000000001,"Moydrum, Westmeath",1153.0,921.0754553339116,3.469210754553339,11.274934952298352,59.8438855160451,4.336513443191674,6.0
2ae19629-1b36-13a3-e055-000000000001,"Muckanagh, Westmeath",75.0,880.0,0.0,0.0,66.66666666666667,53.333333333333336,6.7
2ae19629-1b9e-13a3-e055-000000000001,"Mullingar North Urban, Westmeath",2540.0,888.9763779527559,1.574803149606299,14.960629921259843,90.15748031496062,4.330708661417323,9.0
2ae19629-1b37-13a3-e055-000000000001,"Mullingar Rural, Westmeath",4102.0,940.2730375426621,1.2189176011701608,15.84592881521209,41.44319843978547,1.2189176011701608,4.1
2ae19629-1b43-13a3-e055-000000000001,"Mullingar South Urban, Westmeath",2251.0,886.7170146601511,3.553976010661928,18.214127054642383,88.40515326521546,3.109729009329187,8.8
2ae19629-1b44-13a3-e055-000000000001,"Multyfarnham, Westmeath",261.0,873.5632183908046,7.662835249042145,11.494252873563218,88.12260536398468,19.157088122605362,8.8
2ae19629-1b45-13a3-e055-000000000001,"Newtown, Westmeath",91.0,890.1098901098901,10.989010989010989,10.989010989010989,76.92307692307693,10.989010989010989,7.7
2ae19629-1b46-13a3-e055-000000000001,"Noughaval, Westmeath",139.0,935.2517985611511,0.0,7.194244604316547,50.35971223021583,7.194244604316547,5.0
2ae19629-1b4e-13a3-e055-000000000001,"Owel, Westmeath",186.0,935.4838709677418,0.0,5.376344086021506,48.387096774193544,10.752688172043012,4.8
2ae19629-1b4f-13a3-e055-000000000001,"Piercetown, Westmeath",52.0,903.8461538461538,0.0,19.230769230769234,76.92307692307693,0.0,7.7
2ae19629-1b50-13a3-e055-000000000001,"Portloman, Westmeath",131.0,916.030534351145,0.0,30.534351145038165,45.80152671755725,7.633587786259541,4.6
2ae19629-1b51-13a3-e055-000000000001,"Raharney, Westmeath",197.0,923.8578680203045,0.0,20.30456852791878,45.68527918781726,10.15228426395939,4.6
2ae19629-1b5a-13a3-e055-000000000001,"Rahugh, Westmeath",123.0,902.439024390244,8.130081300813009,8.130081300813009,73.17073170731707,8.130081300813009,7.3
2ae19629-1b5b-13a3-e055-000000000001,"Rathconrath, Westmeath",148.0,918.918918918919,0.0,6.756756756756757,54.054054054054056,20.27027027027027,5.4
2ae19629-1b5c-13a3-e055-000000000001,"Rathowen, Westmeath",162.0,876.5432098765432,0.0,0.0,98.76543209876543,24.691358024691358,9.9
2ae19629-1b5d-13a3-e055-000000000001,"Riverdale, Westmeath",167.0,946.1077844311377,0.0,11.976047904191617,35.92814371257485,5.9880239520958085,3.6
2ae19629-1b68-13a3-e055-000000000001,"Rosmead, Westmeath",116.0,913.7931034482759,8.620689655172413,0.0,77.58620689655173,0.0,7.8
2ae19629-1b69-13a3-e055-000000000001,"Russellstown, Westmeath",187.0,893.0481283422461,0.0,0.0,85.56149732620321,21.390374331550802,8.6
2ae19629-1b6a-13a3-e055-000000000001,"Skeagh, Westmeath",111.0,864.8648648648649,9.00900900900901,9.00900900900901,117.11711711711712,0.0,11.7
2ae19629-1b6b-13a3-e055-000000000001,"Sonna, Westmeath",136.0,904.4117647058823,0.0,22.058823529411764,58.8235294117647,14.705882352941176,5.9
2ae19629-1b75-13a3-e055-000000000001,"Stonehall, Westmeath",89.0,898.876404494382,0.0,11.235955056179774,78.65168539325842,11.235955056179774,7.9
2ae19629-1b76-13a3-e055-000000000001,"Streamstown, Westmeath",162.0,858.0246913580247,6.172839506172839,24.691358024691358,92.59259259259258,18.51851851851852,9.3
2ae19629-1b77-13a3-e055-000000000001,"Street, Westmeath",135.0,807.4074074074075,0.0,29.62962962962963,111.1111111111111,51.85185185185185,11.1
2ae19629-1b87-13a3-e055-000000000001,"Taghmon, Westmeath",167.0,886.2275449101796,0.0,0.0,83.8323353293413,29.940119760479043,8.4
2ae19629-1b88-13a3-e055-000000000001,"Templepatrick, Westmeath",91.0,846.1538461538462,0.0,10.989010989010989,131.86813186813188,10.989010989010989,13.2
2ae19629-1b89-13a3-e055-000000000001,"Tubbrit, Westmeath",279.0,885.3046594982079,0.0,25.089605734767026,86.0215053763441,3.5842293906810037,8.6
2ae19629-1b9a-13a3-e055-000000000001,"Tullaghan, Westmeath",149.0,926.1744966442953,6.7114093959731544,0.0,67.11409395973155,0.0,6.7
2ae19629-1b9b-13a3-e055-000000000001,"Umma, Westmeath",119.0,873.9495798319327,8.403361344537815,0.0,117.6470588235294,0.0,11.8
2ae19629-1b9c-13a3-e055-000000000001,"Winetown, Westmeath",61.0,819.672131147541,0.0,0.0,147.54098360655738,32.786885245901644,14.8
2ae19629-1b9d-13a3-e055-000000000001,"Woodland, Westmeath",130.0,807.6923076923077,0.0,38.46153846153847,130.76923076923077,23.076923076923077,13.1
2ae19629-1bb3-13a3-e055-000000000001,"Adamstown, Wexford",247.0,939.2712550607288,0.0,16.194331983805668,36.43724696356275,8.097165991902834,3.6
2ae19629-1bb4-13a3-e055-000000000001,"Ardamine, Wexford",2307.0,692.2410056350238,3.4677069787602948,19.939315127871694,52.01560468140442,232.33636757693975,5.2
2ae19629-1bc5-13a3-e055-000000000001,"Ardcavan, Wexford",1232.0,909.9025974025974,1.6233766233766236,17.857142857142858,40.58441558441558,30.032467532467532,4.1
2ae19629-1bc6-13a3-e055-000000000001,"Ardcolm, Wexford",564.0,647.1631205673759,3.5460992907801416,19.50354609929078,51.41843971631206,278.36879432624113,5.1
2ae19629-1bd3-13a3-e055-000000000001,"Artramon, Wexford",287.0,909.4076655052264,6.968641114982578,3.484320557491289,45.29616724738676,34.84320557491289,4.5
2ae19629-1bd4-13a3-e055-000000000001,"Aughwilliam, Wexford",228.0,890.3508771929825,0.0,4.385964912280701,92.10526315789473,13.157894736842104,9.2
2ae19629-1bd5-13a3-e055-000000000001,"Ballindaggan, Wexford",328.0,875.0,3.048780487804878,3.048780487804878,106.70731707317073,12.195121951219512,10.7
2ae19629-1e4d-13a3-e055-000000000001,"Balloughter, Wexford",203.0,916.256157635468,0.0,4.926108374384237,68.9655172413793,9.852216748768473,6.9
2ae19629-1be0-13a3-e055-000000000001,"Ballyanne, Wexford",309.0,889.9676375404531,0.0,22.653721682847898,80.90614886731392,6.472491909385114,8.1
2ae19629-1be1-13a3-e055-000000000001,"Ballybeg, Wexford",220.0,900.0,0.0,0.0,95.45454545454545,4.545454545454545,9.5
2ae19629-1be2-13a3-e055-000000000001,"Ballycanew, Wexford",489.0,903.8854805725971,0.0,12.269938650306749,61.34969325153374,22.494887525562373,6.1
2ae19629-1b06-13a3-e055-000000000001,"Ballycarney, Wexford",171.0,912.2807017543859,5.847953216374268,11.695906432748536,58.47953216374269,11.695906432748536,5.8
2ae19629-1b07-13a3-e055-000000000001,"Ballyellis, Wexford",162.0,913.5802469135801,0.0,18.51851851851852,49.382716049382715,18.51851851851852,4.9
2ae19629-1b08-13a3-e055-000000000001,"Ballygarrett, Wexford",470.0,680.8510638297872,2.127659574468085,10.638297872340425,48.93617021276596,257.4468085106383,4.9
2ae19629-1b12-13a3-e055-000000000001,"Ballyhack, Wexford",863.0,616.4542294322132,9.269988412514484,10.428736964078794,75.31865585168018,288.5283893395133,7.5
2ae19629-1b13-13a3-e055-000000000001,"Ballyhoge, Wexford",507.0,917.1597633136095,1.9723865877712032,17.75147928994083,43.39250493096647,19.723865877712033,4.3
2ae19629-1b14-13a3-e055-000000000001,"Ballyhuskard, Wexford",655.0,893.1297709923665,1.5267175572519083,10.68702290076336,58.01526717557252,36.641221374045806,5.8
2ae19629-1e40-13a3-e055-000000000001,"Ballylarkin, Wexford",350.0,874.2857142857143,0.0,2.857142857142857,91.42857142857143,31.42857142857143,9.1
2ae19629-1e41-13a3-e055-000000000001,"Ballymitty, Wexford",231.0,883.1168831168831,4.329004329004329,21.645021645021643,51.948051948051955,38.96103896103896,5.2
2ae19629-1e4b-13a3-e055-000000000001,"Ballymore, Wexford",198.0,848.4848484848485,0.0,25.252525252525253,90.9090909090909,35.35353535353535,9.1
2ae19629-1e4c-13a3-e055-000000000001,"Ballynestragh, Wexford",464.0,900.8620689655172,2.155172413793103,21.551724137931036,56.03448275862069,19.396551724137932,5.6
2ae19629-1e56-13a3-e055-000000000001,"Ballyvaldon, Wexford",448.0,629.4642857142857,6.696428571428571,6.696428571428571,78.125,279.01785714285717,7.8
2ae19629-1e57-13a3-e055-000000000001,"Bannow, Wexford",626.0,765.1757188498402,6.3897763578274756,9.584664536741213,84.66453674121406,134.18530351437698,8.5
2ae19629-1e58-13a3-e055-000000000001,"Barrack Village, Wexford",38.0,894.7368421052631,0.0,26.31578947368421,78.94736842105263,0.0,7.9
2ae19629-1e62-13a3-e055-000000000001,"Barronstown, Wexford",241.0,900.4149377593361,0.0,12.448132780082986,49.792531120331944,37.344398340248965,5.0
2ae19629-1e63-13a3-e055-000000000001,"Bolaboy, Wexford",505.0,871.2871287128713,0.0,11.881188118811881,77.22772277227723,39.603960396039604,7.7
2ae19629-1e64-13a3-e055-000000000001,"Bree, Wexford",556.0,910.0719424460432,1.7985611510791368,5.39568345323741,75.53956834532374,7.194244604316547,7.6
2ae19629-1e6e-13a3-e055-000000000001,"Bridgetown, Wexford",357.0,899.1596638655462,5.602240896358543,14.005602240896359,47.61904761904761,33.61344537815126,4.8
2ae19629-1e6f-13a3-e055-000000000001,"Cahore, Wexford",334.0,577.8443113772455,2.9940119760479043,26.94610778443114,35.92814371257485,356.2874251497006,3.6
2ae19629-1e70-13a3-e055-000000000001,"Carnagh, Wexford",227.0,859.0308370044053,0.0,4.405286343612335,96.91629955947137,39.647577092511014,9.7
2ae19629-1e7a-13a3-e055-000000000001,"Carrick, Wexford",685.0,915.3284671532847,0.0,23.357664233576642,43.79562043795621,17.51824817518248,4.4
2ae19629-1e7b-13a3-e055-000000000001,"Carrickbyrne, Wexford",226.0,893.8053097345132,4.424778761061947,22.123893805309734,57.52212389380531,22.123893805309734,5.8
2ae19629-1e7c-13a3-e055-000000000001,"Castle Ellis, Wexford",612.0,732.0261437908496,8.169934640522877,13.071895424836601,37.58169934640523,209.15032679738562,3.8
2ae19629-1e87-13a3-e055-000000000001,"Castle Talbot, Wexford",567.0,622.5749559082892,12.345679012345679,12.345679012345679,63.49206349206349,289.2416225749559,6.3
2ae19629-1e86-13a3-e055-000000000001,"Castleboro, Wexford",378.0,888.8888888888888,2.6455026455026456,13.227513227513226,79.36507936507937,15.873015873015872,7.9
2ae19629-1e7f-13a3-e055-000000000001,"Castledockrell, Wexford",183.0,945.3551912568306,0.0,0.0,38.25136612021858,16.393442622950822,3.8
2ae19629-1e88-13a3-e055-000000000001,"Clongeen, Wexford",401.0,880.2992518703242,2.493765586034913,14.962593516209475,62.34413965087282,39.900249376558605,6.2
2ae19629-1e89-13a3-e055-000000000001,"Clonleigh, Wexford",181.0,828.7292817679557,5.524861878453039,27.624309392265193,127.0718232044199,11.049723756906078,12.7
2ae19629-1e93-13a3-e055-000000000001,"Clonroche, Wexford",503.0,914.5129224652088,0.0,7.952286282306162,69.58250497017893,7.952286282306162,7.0
2ae19629-1e94-13a3-e055-000000000001,"Coolgreany, Wexford",443.0,934.5372460496613,0.0,9.029345372460496,49.66139954853273,6.772009029345372,5.0
2ae19629-1e9d-13a3-e055-000000000001,"Courtown, Wexford",1771.0,577.0750988142292,10.163749294184075,16.93958215697346,55.33596837944664,340.4856013551666,5.5
2ae19629-1e9e-13a3-e055-000000000001,"Drinagh, Wexford",439.0,915.7175398633257,0.0,25.056947608200456,52.391799544419136,6.83371298405467,5.2
2ae19629-1ea9-13a3-e055-000000000001,"Duncormick, Wexford",305.0,773.7704918032787,6.557377049180328,16.393442622950822,108.19672131147541,95.08196721311475,10.8
2ae19629-1eaa-13a3-e055-000000000001,"Dunmain, Wexford",126.0,873.015873015873,0.0,0.0,111.1111111111111,15.873015873015872,11.1
2ae19629-1eab-13a3-e055-000000000001,"Edermine, Wexford",586.0,909.5563139931741,1.7064846416382253,18.77133105802048,54.60750853242321,15.358361774744028,5.5
2ae19629-1eb7-13a3-e055-000000000001,"Enniscorthy Rural, Wexford",4402.0,909.3593820990459,1.5901862789641072,9.086778736937756,70.64970467969104,9.3139482053612,7.1
2ae19629-1eb8-13a3-e055-000000000001,"Enniscorthy Urban, Wexford",1498.0,748.9986648865154,1.335113484646195,10.013351134846463,220.96128170894528,18.69158878504673,22.1
2ae19629-1eb9-13a3-e055-000000000001,"Ferns, Wexford",698.0,866.7621776504299,5.730659025787966,12.893982808022923,91.69054441260745,22.922636103151863,9.2
2ae19629-1eba-13a3-e055-000000000001,"Fethard, Wexford",679.0,567.0103092783505,4.418262150220913,10.309278350515465,57.437407952871865,360.82474226804123,5.7
2ae19629-1ec5-13a3-e055-000000000001,"Ford, Wexford",447.0,574.9440715883669,17.89709172259508,20.13422818791946,71.58836689038031,315.43624161073825,7.2
2ae19629-1ec6-13a3-e055-000000000001,"Forth, Wexford",317.0,899.0536277602523,0.0,6.309148264984227,82.01892744479495,12.618296529968454,8.2
2ae19629-1ec7-13a3-e055-000000000001,"Glynn, Wexford",224.0,906.25,4.464285714285714,8.928571428571429,44.642857142857146,35.714285714285715,4.5
2ae19629-1ed5-13a3-e055-000000000001,"Gorey Rural, Wexford",3015.0,931.6749585406302,3.980099502487562,20.563847429519072,39.46932006633499,4.311774461028192,3.9
2ae19629-1ed6-13a3-e055-000000000001,"Gorey Urban, Wexford",1807.0,868.2899833978971,4.427227448810182,33.757609297177645,77.47648035417821,16.048699501936913,7.7
2ae19629-1ed7-13a3-e055-000000000001,"Harperstown, Wexford",199.0,894.4723618090452,10.050251256281408,20.100502512562816,60.30150753768844,15.07537688442211,6.0
2ae19629-1ee3-13a3-e055-000000000001,"Harristown, Wexford",241.0,863.0705394190871,0.0,12.448132780082986,82.98755186721992,41.49377593360996,8.3
2ae19629-1ee4-13a3-e055-000000000001,"Horetown, Wexford",264.0,806.8181818181818,3.787878787878788,30.303030303030305,83.33333333333333,75.75757575757576,8.3
2ae19629-1ee5-13a3-e055-000000000001,"Huntingtown, Wexford",137.0,883.2116788321168,7.299270072992701,7.299270072992701,58.394160583941606,43.79562043795621,5.8
2ae19629-1e2b-13a3-e055-000000000001,"Inch, Wexford",222.0,909.90990990991,4.504504504504505,9.00900900900901,45.04504504504504,31.531531531531527,4.5
2ae19629-1e2c-13a3-e055-000000000001,"Kilbora, Wexford",156.0,910.2564102564103,0.0,12.82051282051282,38.46153846153847,38.46153846153847,3.8
2ae19629-1e2d-13a3-e055-000000000001,"Kilbride, Wexford",131.0,893.1297709923665,15.267175572519083,15.267175572519083,61.06870229007633,15.267175572519083,6.1
2ae19629-1e2e-13a3-e055-000000000001,"Kilcomb, Wexford",430.0,874.4186046511628,0.0,4.651162790697675,88.37209302325581,32.55813953488372,8.8
2ae19629-1e39-13a3-e055-000000000001,"Kilcormick, Wexford",275.0,876.3636363636364,0.0,3.6363636363636362,50.909090909090914,69.0909090909091,5.1
2ae19629-1e3a-13a3-e055-000000000001,"Kilcowan, Wexford",232.0,862.0689655172413,0.0,17.241379310344826,68.9655172413793,51.724137931034484,6.9
2ae19629-1e3b-13a3-e055-000000000001,"Kilgarvan, Wexford",156.0,910.2564102564103,0.0,19.230769230769234,57.69230769230769,12.82051282051282,5.8
2ae19629-1e42-13a3-e055-000000000001,"Kilgorman, Wexford",431.0,675.1740139211137,2.320185614849188,13.921113689095128,41.76334106728538,266.8213457076566,4.2
2ae19629-1e43-13a3-e055-000000000001,"Killag, Wexford",209.0,827.7511961722488,4.784688995215311,4.784688995215311,76.55502392344498,86.1244019138756,7.7
2ae19629-1e4e-13a3-e055-000000000001,"Killann, Wexford",430.0,893.0232558139535,6.976744186046512,20.930232558139533,67.44186046511628,11.627906976744185,6.7
2ae19629-1e4f-13a3-e055-000000000001,"Killenagh, Wexford",255.0,858.8235294117646,3.9215686274509802,7.8431372549019605,50.98039215686274,78.43137254901961,5.1
2ae19629-1e59-13a3-e055-000000000001,"Killesk, Wexford",352.0,823.8636363636364,0.0,19.886363636363637,88.06818181818183,68.18181818181817,8.8
2ae19629-1e5a-13a3-e055-000000000001,"Killincooly, Wexford",348.0,689.6551724137931,2.8735632183908044,8.620689655172413,51.724137931034484,247.1264367816092,5.2
2ae19629-1e65-13a3-e055-000000000001,"Killinick, Wexford",386.0,875.6476683937824,0.0,10.362694300518134,64.76683937823833,49.222797927461144,6.5
2ae19629-1e66-13a3-e055-000000000001,"Killoughrum, Wexford",278.0,917.2661870503597,3.5971223021582737,14.388489208633095,46.76258992805756,17.985611510791365,4.7
2ae19629-1e71-13a3-e055-000000000001,"Killurin, Wexford",277.0,902.5270758122743,3.6101083032490977,3.6101083032490977,57.76173285198556,32.49097472924188,5.8
2ae19629-1e72-13a3-e055-000000000001,"Kilmallock, Wexford",556.0,915.4676258992805,5.39568345323741,10.79136690647482,44.96402877697842,23.38129496402878,4.5
2ae19629-1e73-13a3-e055-000000000001,"Kilmokea, Wexford",339.0,902.6548672566371,0.0,11.799410029498524,67.84660766961652,17.699115044247787,6.8
2ae19629-1e74-13a3-e055-000000000001,"Kilmore, Wexford",1197.0,759.3984962406015,7.518796992481203,10.86048454469507,69.34001670843776,152.88220551378444,6.9
2ae19629-1e7d-13a3-e055-000000000001,"Kilnahue, Wexford",179.0,877.0949720670392,0.0,16.75977653631285,78.2122905027933,27.932960893854748,7.8
2ae19629-1e7e-13a3-e055-000000000001,"Kilpatrick, Wexford",285.0,912.2807017543859,0.0,14.035087719298247,49.12280701754386,24.56140350877193,4.9
2ae19629-1e80-13a3-e055-000000000001,"Kilrush, Wexford",191.0,910.9947643979057,0.0,10.471204188481677,57.59162303664921,20.942408376963353,5.8
2ae19629-1e8a-13a3-e055-000000000001,"Kilscoran, Wexford",455.0,843.9560439560439,4.395604395604396,19.78021978021978,63.73626373626373,68.13186813186813,6.4
2ae19629-1e8b-13a3-e055-000000000001,"Kiltealy, Wexford",213.0,882.6291079812206,0.0,4.694835680751174,93.89671361502347,18.779342723004696,9.4
2ae19629-1e8c-13a3-e055-000000000001,"Lady's Island, Wexford",416.0,586.5384615384615,7.211538461538462,14.423076923076923,52.88461538461539,338.94230769230774,5.3
2ae19629-1e95-13a3-e055-000000000001,"Limerick, Wexford",380.0,894.7368421052631,0.0,21.052631578947366,71.05263157894737,13.157894736842104,7.1
2ae19629-1e96-13a3-e055-000000000001,"Marshalstown, Wexford",426.0,908.4507042253521,4.694835680751174,2.347417840375587,79.81220657276995,4.694835680751174,8.0
2ae19629-1e97-13a3-e055-000000000001,"Mayglass, Wexford",247.0,789.4736842105264,0.0,16.194331983805668,170.04048582995952,24.291497975708502,17.0
2ae19629-1e9f-13a3-e055-000000000001,"Monamolin, Wexford",351.0,863.2478632478633,5.698005698005698,28.49002849002849,54.13105413105413,48.43304843304843,5.4
2ae19629-1ea0-13a3-e055-000000000001,"Monaseed, Wexford",260.0,861.5384615384615,0.0,7.6923076923076925,96.15384615384616,34.61538461538462,9.6
2ae19629-1ea1-13a3-e055-000000000001,"Moyacomb, Wexford",195.0,851.2820512820513,5.128205128205129,5.128205128205129,76.92307692307693,61.53846153846154,7.7
2ae19629-1ea2-13a3-e055-000000000001,"New Ross Rural, Wexford",1582.0,931.0998735777497,2.5284450063211126,15.802781289506951,46.77623261694058,3.7926675094816686,4.7
2ae19629-1eac-13a3-e055-000000000001,"New Ross Urban, Wexford",2147.0,836.5160689333954,2.794597112249651,10.246856078248719,137.40102468560784,13.04145319049837,13.7
2ae19629-1ead-13a3-e055-000000000001,"Newbawn, Wexford",240.0,879.1666666666666,0.0,12.5,87.5,20.833333333333332,8.8
2ae19629-1eae-13a3-e055-000000000001,"Newcastle, Wexford",197.0,908.6294416243654,0.0,15.228426395939087,55.83756345177665,20.30456852791878,5.6
2ae19629-1eaf-13a3-e055-000000000001,"Newtownbarry, Wexford",1012.0,901.1857707509881,2.9644268774703555,6.91699604743083,75.09881422924902,13.83399209486166,7.5
2ae19629-1ebb-13a3-e055-000000000001,"Old Ross, Wexford",163.0,914.1104294478528,6.134969325153374,12.269938650306749,67.48466257668711,0.0,6.7
2ae19629-1eb0-13a3-e055-000000000001,"Oldcourt, Wexford",281.0,839.8576512455516,3.558718861209964,14.234875444839856,78.29181494661921,64.05693950177937,7.8
2ae19629-1ebc-13a3-e055-000000000001,"Rathaspick, Wexford",677.0,923.1905465288035,2.9542097488921715,17.725258493353028,39.881831610044316,16.24815361890694,4.0
2ae19629-1ebd-13a3-e055-000000000001,"Rathroe, Wexford",424.0,813.6792452830189,2.3584905660377355,9.433962264150942,66.0377358490566,108.49056603773585,6.6
2ae19629-1ec8-13a3-e055-000000000001,"Rochestown, Wexford",98.0,846.9387755102041,0.0,30.612244897959183,112.24489795918367,10.204081632653061,11.2
2ae19629-1ec9-13a3-e055-000000000001,"Rosbercon Urban, Wexford",388.0,863.4020618556701,2.577319587628866,18.04123711340206,108.24742268041237,7.731958762886598,10.8
2ae19629-1eca-13a3-e055-000000000001,"Rossard, Wexford",188.0,909.5744680851063,10.638297872340425,5.319148936170213,63.82978723404255,10.638297872340425,6.4
2ae19629-1ecb-13a3-e055-000000000001,"Rosslare, Wexford",1890.0,423.28042328042324,6.878306878306878,9.523809523809526,44.97354497354497,515.3439153439153,4.5
2ae19629-1ecc-13a3-e055-000000000001,"Rossminoge, Wexford",238.0,911.7647058823529,4.201680672268908,12.605042016806722,42.016806722689076,29.41176470588235,4.2
2ae19629-1ecd-13a3-e055-000000000001,"St. Helen's, Wexford",1539.0,649.1228070175439,10.396361273554255,16.244314489928524,56.53021442495126,267.70630279402206,5.7
2ae19629-1ed8-13a3-e055-000000000001,"St. Mary's, Wexford",280.0,935.7142857142857,3.571428571428571,3.571428571428571,39.285714285714285,17.857142857142858,3.9
2ae19629-1ed9-13a3-e055-000000000001,"Tacumshin, Wexford",250.0,812.0,0.0,16.0,76.0,96.0,7.6
2ae19629-1eda-13a3-e055-000000000001,"Taghmon, Wexford",467.0,940.0428265524625,0.0,2.1413276231263385,53.53319057815846,4.282655246252677,5.4
2ae19629-1ee6-13a3-e055-000000000001,"Templeludigan, Wexford",174.0,896.551724137931,11.494252873563218,0.0,80.45977011494253,11.494252873563218,8.0
2ae19629-1ee7-13a3-e055-000000000001,"Templetown, Wexford",489.0,531.6973415132924,57.259713701431494,4.08997955010225,57.259713701431494,349.6932515337423,5.7
2ae19629-1ee8-13a3-e055-000000000001,"The Harrow, Wexford",191.0,921.4659685863874,5.235602094240838,5.235602094240838,57.59162303664921,10.471204188481677,5.8
2ae19629-1ee9-13a3-e055-000000000001,"The Leap, Wexford",378.0,928.5714285714286,5.291005291005291,5.291005291005291,47.61904761904761,13.227513227513226,4.8
2ae19629-1e2f-13a3-e055-000000000001,"Tinnacross, Wexford",381.0,913.3858267716536,2.6246719160104988,7.874015748031496,55.118110236220474,20.99737532808399,5.5
2ae19629-1e30-13a3-e055-000000000001,"Tintern, Wexford",749.0,838.4512683578104,4.005340453938585,5.34045393858478,78.7716955941255,73.43124165554073,7.9
2ae19629-1e3c-13a3-e055-000000000001,"Tombrack, Wexford",301.0,956.8106312292359,6.644518272425249,3.3222591362126246,26.578073089700997,6.644518272425249,2.7
2ae19629-1e3d-13a3-e055-000000000001,"Tomhaggard, Wexford",260.0,780.7692307692307,0.0,7.6923076923076925,142.3076923076923,69.23076923076924,14.2
2ae19629-1e44-13a3-e055-000000000001,"Wells, Wexford",345.0,846.3768115942029,0.0,8.695652173913043,78.26086956521739,66.66666666666667,7.8
2ae19629-1e46-13a3-e055-000000000001,"Wexford No. 1 Urban, Wexford",1066.0,796.4352720450282,6.566604127579738,30.0187617260788,136.96060037523452,30.0187617260788,13.7
2ae19629-1e5d-13a3-e055-000000000001,"Wexford No. 2 Urban, Wexford",2151.0,845.1882845188285,3.2543003254300324,19.06090190609019,106.92701069270106,25.569502556950255,10.7
2ae19629-1e5c-13a3-e055-000000000001,"Wexford No. 3 Urban, Wexford",809.0,792.336217552534,6.1804697156983925,25.95797280593325,160.69221260815823,14.833127317676144,16.1
2ae19629-1e45-13a3-e055-000000000001,"Wexford Rural, Wexford",5650.0,917.8761061946902,1.7699115044247788,13.274336283185841,61.94690265486726,5.132743362831858,6.2
2ae19629-1e50-13a3-e055-000000000001,"Whitechurch, Wexford, 247119",201.0,900.497512437811,4.975124378109452,24.875621890547265,64.67661691542288,4.975124378109452,6.5
2ae19629-1e51-13a3-e055-000000000001,"Whitechurch, Wexford, 247120",272.0,834.5588235294118,11.029411764705882,29.41176470588235,73.52941176470588,51.470588235294116,7.4
2ae19629-1e52-13a3-e055-000000000001,"Whitemoor, Wexford",216.0,921.2962962962963,0.0,13.888888888888888,55.55555555555555,9.25925925925926,5.6
2ae19629-1e5b-13a3-e055-000000000001,"Wingfield, Wexford",376.0,861.7021276595744,5.319148936170213,15.957446808510637,85.1063829787234,31.914893617021274,8.5
2ae19629-1e5e-13a3-e055-000000000001,"Aghowle, Wicklow",112.0,785.7142857142857,8.928571428571429,17.857142857142858,142.85714285714286,44.642857142857146,14.3
2ae19629-1e67-13a3-e055-000000000001,"Altidore, Wicklow",149.0,906.0402684563759,0.0,26.845637583892618,53.691275167785236,13.422818791946309,5.4
2ae19629-1e69-13a3-e055-000000000001,"Arklow No. 1 Urban, Wicklow",4351.0,895.1965065502184,2.068490002298322,12.410940013789933,87.5660767639623,2.757986669731096,8.8
2ae19629-1ee1-13a3-e055-000000000001,"Arklow No. 2 Urban, Wicklow",1234.0,913.290113452188,4.051863857374392,18.638573743922205,52.6742301458671,11.345218800648299,5.3
2ae19629-1e68-13a3-e055-000000000001,"Arklow Rural, Wicklow",570.0,852.6315789473684,3.5087719298245617,8.771929824561402,73.68421052631578,61.40350877192982,7.4
2ae19629-1e6a-13a3-e055-000000000001,"Aughrim, Wicklow",758.0,862.796833773087,3.95778364116095,21.108179419525065,71.2401055408971,40.89709762532981,7.1
2ae19629-1e6b-13a3-e055-000000000001,"Ballinaclash, Wicklow",266.0,890.9774436090225,0.0,26.31578947368421,60.150375939849624,22.55639097744361,6.0
2ae19629-1e75-13a3-e055-000000000001,"Ballinacor, Wicklow",145.0,813.7931034482758,6.896551724137931,20.689655172413794,75.86206896551724,82.75862068965517,7.6
2ae19629-1e76-13a3-e055-000000000001,"Ballinderry, Wicklow",217.0,801.8433179723502,4.608294930875576,18.433179723502302,59.907834101382484,115.2073732718894,6.0
2ae19629-1e77-13a3-e055-000000000001,"Ballingate, Wicklow",171.0,877.1929824561403,5.847953216374268,17.543859649122805,58.47953216374269,40.93567251461988,5.8
2ae19629-1e81-13a3-e055-000000000001,"Ballinglen, Wicklow",93.0,860.2150537634409,10.752688172043012,10.752688172043012,86.0215053763441,32.25806451612903,8.6
2ae19629-1e82-13a3-e055-000000000001,"Ballinguile, Wicklow",60.0,816.6666666666666,0.0,0.0,166.66666666666666,16.666666666666668,16.7
2ae19629-1e83-13a3-e055-000000000001,"Ballyarthur, Wicklow",430.0,920.9302325581396,2.3255813953488373,4.651162790697675,48.83720930232558,23.25581395348837,4.9
2ae19629-1e8d-13a3-e055-000000000001,"Ballybeg, Wicklow",87.0,804.5977011494253,0.0,22.988505747126435,126.43678160919542,45.97701149425287,12.6
2ae19629-1e8e-13a3-e055-000000000001,"Ballycullen, Wicklow",139.0,899.2805755395683,0.0,14.388489208633095,64.74820143884892,21.58273381294964,6.5
2ae19629-1e8f-13a3-e055-000000000001,"Baltinglass, Wicklow",1181.0,910.2455546147334,0.8467400508044031,12.701100762066046,71.97290431837426,4.233700254022015,7.2
2ae19629-1e98-13a3-e055-000000000001,"Blessington, Wicklow",1797.0,894.268224819143,1.1129660545353368,23.928770172509736,76.79465776293823,3.895381190873678,7.7
2ae19629-1ee2-13a3-e055-000000000001,"Bray No. 1, Wicklow",852.0,896.7136150234742,1.1737089201877935,17.605633802816904,83.33333333333333,1.1737089201877935,8.3
2ae19629-1eed-13a3-e055-000000000001,"Bray No. 2, Wicklow",2729.0,913.8878710150237,3.297911322828875,15.390252839868083,60.828142176621476,6.59582264565775,6.1
2ae19629-1e99-13a3-e055-000000000001,"Bray No. 3, Wicklow",2689.0,941.9858683525474,1.4875418371141689,15.24730383042023,40.16362960208256,1.1156563778356265,4.0
2ae19629-1ea3-13a3-e055-000000000001,"Brockagh, Wicklow",313.0,817.8913738019169,12.779552715654951,22.364217252396166,86.26198083067092,60.70287539936102,8.6
2ae19629-1ea4-13a3-e055-000000000001,"Burgage, Wicklow",723.0,907.3305670816044,5.532503457814661,19.363762102351316,45.64315352697095,22.130013831258644,4.6
2ae19629-1eb1-13a3-e055-000000000001,"Calary, Wicklow",139.0,870.5035971223022,21.58273381294964,14.388489208633095,79.13669064748201,14.388489208633095,7.9
2ae19629-1eb2-13a3-e055-000000000001,"Carnew, Wicklow",788.0,892.1319796954315,2.5380710659898473,10.15228426395939,82.48730964467005,12.690355329949238,8.2
2ae19629-1eb3-13a3-e055-000000000001,"Coolattin, Wicklow",124.0,790.3225806451612,0.0,16.129032258064516,88.70967741935485,104.83870967741936,8.9
2ae19629-1ebe-13a3-e055-000000000001,"Coolballintaggart, Wicklow",213.0,816.9014084507043,14.084507042253522,0.0,103.28638497652582,65.72769953051643,10.3
2ae19629-1ebf-13a3-e055-000000000001,"Coolboy, Wicklow",229.0,917.0305676855895,4.366812227074235,8.73362445414847,56.76855895196507,13.100436681222707,5.7
2ae19629-1ec0-13a3-e055-000000000001,"Cronebane, Wicklow",217.0,866.3594470046083,9.216589861751151,9.216589861751151,69.12442396313365,46.082949308755765,6.9
2ae19629-1ece-13a3-e055-000000000001,"Cronelea, Wicklow",84.0,833.3333333333334,11.904761904761903,0.0,95.23809523809523,59.52380952380952,9.5
2ae19629-1ecf-13a3-e055-000000000001,"Delgany, Wicklow",2714.0,939.9410464259396,3.6845983787767134,20.265291083271922,30.950626381724394,5.158437730287399,3.1
2ae19629-1ed0-13a3-e055-000000000001,"Donaghmore, Wicklow",160.0,906.25,6.25,0.0,81.25,6.25,8.1
2ae19629-1ed1-13a3-e055-000000000001,"Donard, Wicklow",234.0,867.5213675213676,4.273504273504274,47.008547008547005,64.1025641025641,17.094017094017097,6.4
2ae19629-1edb-13a3-e055-000000000001,"Dunganstown East, Wicklow",404.0,745.049504950495,2.4752475247524752,29.7029702970297,59.4059405940594,163.36633663366337,5.9
2ae19629-1edc-13a3-e055-000000000001,"Dunganstown South, Wicklow",478.0,665.2719665271967,14.644351464435147,10.460251046025103,35.56485355648536,274.05857740585776,3.6
2ae19629-1eea-13a3-e055-000000000001,"Dunganstown West, Wicklow",197.0,908.6294416243654,0.0,20.30456852791878,45.68527918781726,25.380710659898476,4.6
2ae19629-1eeb-13a3-e055-000000000001,"Dunlavin, Wicklow",582.0,903.7800687285223,1.7182130584192439,15.463917525773196,75.60137457044674,3.4364261168384878,7.6
2ae19629-1eec-13a3-e055-000000000001,"Eadestown, Wicklow",82.0,890.2439024390244,0.0,0.0,85.3658536585366,24.390243902439025,8.5
2ae19629-1e31-13a3-e055-000000000001,"Ennereilly, Wicklow",193.0,829.0155440414508,10.362694300518134,41.45077720207254,41.45077720207254,77.720207253886,4.1
2ae19629-1e32-13a3-e055-000000000001,"Enniskerry, Wicklow",1062.0,913.3709981167608,4.708097928436911,15.065913370998116,59.32203389830509,7.532956685499058,5.9
2ae19629-1e3e-13a3-e055-000000000001,"Glendalough, Wicklow",127.0,858.2677165354331,0.0,0.0,102.36220472440945,39.37007874015748,10.2
2ae19629-1e3f-13a3-e055-000000000001,"Glenealy, Wicklow",1117.0,897.9409131602507,2.6857654431512983,23.276633840644582,59.98209489704566,16.11459265890779,6.0
2ae19629-1e47-13a3-e055-000000000001,"Greystones, Wicklow",3181.0,913.8635649166929,4.715498270983967,28.292989625903804,43.06821754165357,10.059729644765795,4.3
2ae19629-1e48-13a3-e055-000000000001,"Hartstown, Wicklow",114.0,833.3333333333334,0.0,17.543859649122805,122.80701754385964,26.31578947368421,12.3
2ae19629-1e49-13a3-e055-000000000001,"Hollywood, Wicklow",306.0,885.6209150326797,3.2679738562091503,19.607843137254903,39.21568627450981,52.287581699346404,3.9
2ae19629-1e4a-13a3-e055-000000000001,"Humewood, Wicklow",167.0,802.3952095808384,5.9880239520958085,11.976047904191617,149.7005988023952,29.940119760479043,15.0
2ae19629-1e53-13a3-e055-000000000001,"Imael North, Wicklow",101.0,920.7920792079208,0.0,0.0,59.4059405940594,19.801980198019802,5.9
2ae19629-1e54-13a3-e055-000000000001,"Imael South, Wicklow",111.0,873.8738738738738,0.0,18.01801801801802,54.054054054054056,54.054054054054056,5.4
2ae19629-1e55-13a3-e055-000000000001,"Kilballyowen, Wicklow",154.0,883.1168831168831,12.987012987012989,6.493506493506494,64.93506493506493,32.467532467532465,6.5
2ae19629-1e5f-13a3-e055-000000000001,"Kilbride, Wicklow, 257046",399.0,917.2932330827067,7.518796992481203,17.543859649122805,47.61904761904761,10.025062656641603,4.8
2ae19629-1e60-13a3-e055-000000000001,"Kilbride, Wicklow, 257047",347.0,861.671469740634,5.763688760806916,8.645533141210375,60.518731988472624,63.40057636887608,6.1
2ae19629-1e61-13a3-e055-000000000001,"Kilcoole, Wicklow",4350.0,943.448275862069,1.839080459770115,21.60919540229885,31.03448275862069,2.0689655172413794,3.1
2ae19629-1e6c-13a3-e055-000000000001,"Killinure, Wicklow",148.0,864.8648648648649,0.0,13.513513513513514,87.83783783783784,33.78378378378378,8.8
2ae19629-1e6d-13a3-e055-000000000001,"Killiskey, Wicklow",615.0,926.829268292683,4.878048780487805,22.764227642276424,39.02439024390244,6.504065040650406,3.9
2ae19629-1e78-13a3-e055-000000000001,"Kilmacanoge, Wicklow",5215.0,954.3624161073826,1.3422818791946307,14.189837008628956,29.721955896452542,0.38350910834132307,3.0
2ae19629-1e79-13a3-e055-000000000001,"Kilpipe, Wicklow",185.0,859.4594594594595,0.0,32.432432432432435,64.86486486486487,43.24324324324324,6.5
2ae19629-1e84-13a3-e055-000000000001,"Knockrath, Wicklow",106.0,792.4528301886793,18.867924528301884,9.433962264150942,47.16981132075472,132.0754716981132,4.7
2ae19629-1e85-13a3-e055-000000000001,"Lackan, Wicklow",342.0,847.953216374269,5.847953216374268,46.783625730994146,78.94736842105263,20.46783625730994,7.9
2ae19629-1e90-13a3-e055-000000000001,"Lugglass, Wicklow",71.0,774.6478873239437,0.0,14.084507042253522,98.59154929577464,112.67605633802818,9.9
2ae19629-1e91-13a3-e055-000000000001,"Money, Wicklow",65.0,861.5384615384615,0.0,15.384615384615385,76.92307692307693,46.15384615384615,7.7
2ae19629-1e92-13a3-e055-000000000001,"Moneystown, Wicklow",133.0,872.1804511278195,7.518796992481203,15.037593984962406,82.70676691729322,22.55639097744361,8.3
2ae19629-1e9a-13a3-e055-000000000001,"Newcastle Lower, Wicklow",883.0,902.6047565118913,3.3975084937712343,23.78255945639864,53.22763306908267,16.98754246885617,5.3
2ae19629-1e9b-13a3-e055-000000000001,"Newcastle Upper, Wicklow",1711.0,945.0613676212741,1.7533606078316775,19.28696668614845,32.72939801285798,1.1689070718877848,3.3
2ae19629-1e9c-13a3-e055-000000000001,"Oldtown, Wicklow",253.0,897.2332015810277,0.0,15.810276679841897,67.19367588932806,19.76284584980237,6.7
2ae19629-1ea5-13a3-e055-000000000001,"Ovoca, Wicklow",302.0,857.6158940397352,6.622516556291391,9.933774834437086,69.5364238410596,56.29139072847683,7.0
2ae19629-1ea6-13a3-e055-000000000001,"Powerscourt, Wicklow",302.0,930.4635761589403,0.0,19.867549668874172,39.735099337748345,9.933774834437086,4.0
2ae19629-1ea7-13a3-e055-000000000001,"Rath, Wicklow",113.0,929.2035398230089,0.0,8.849557522123893,61.94690265486726,0.0,6.2
2ae19629-1ea8-13a3-e055-000000000001,"Rathdangan, Wicklow",178.0,848.314606741573,5.617977528089887,5.617977528089887,117.97752808988764,22.47191011235955,11.8
2ae19629-1eb4-13a3-e055-000000000001,"Rathdrum, Wicklow",1232.0,896.9155844155844,1.6233766233766236,13.798701298701298,71.42857142857143,16.233766233766232,7.1
2ae19629-1eee-13a3-e055-000000000001,"Rathmichael (Bray), Wicklow",852.0,940.1408450704225,0.0,15.258215962441314,43.42723004694836,1.1737089201877935,4.3
2ae19629-1eb5-13a3-e055-000000000001,"Rathsallagh, Wicklow",106.0,896.2264150943397,0.0,9.433962264150942,75.47169811320754,18.867924528301884,7.5
2ae19629-1eb6-13a3-e055-000000000001,"Shillelagh, Wicklow",283.0,823.321554770318,7.067137809187279,17.6678445229682,98.9399293286219,53.003533568904594,9.9
2ae19629-1ec1-13a3-e055-000000000001,"Stratford, Wicklow",194.0,902.0618556701031,0.0,10.309278350515465,82.47422680412372,5.154639175257732,8.2
2ae19629-1ec2-13a3-e055-000000000001,"Talbotstown, Wicklow",175.0,880.0,0.0,22.857142857142858,91.42857142857143,5.714285714285714,9.1
2ae19629-1ec3-13a3-e055-000000000001,"The Grange, Wicklow",192.0,848.9583333333334,15.625,26.041666666666668,104.16666666666667,5.208333333333333,10.4
2ae19629-1ec4-13a3-e055-000000000001,"Tinahely, Wicklow",693.0,884.5598845598845,5.772005772005772,2.886002886002886,79.36507936507937,27.417027417027416,7.9
2ae19629-1ed2-13a3-e055-000000000001,"Tober, Wicklow",176.0,903.409090909091,11.363636363636363,17.045454545454543,62.5,5.681818181818182,6.3
2ae19629-1ed3-13a3-e055-000000000001,"Togher, Wicklow, 257073",152.0,848.6842105263158,0.0,13.157894736842104,92.10526315789473,46.05263157894736,9.2
2ae19629-1ed4-13a3-e055-000000000001,"Togher, Wicklow, 257074",540.0,903.7037037037037,1.8518518518518519,20.370370370370374,59.25925925925926,14.814814814814815,5.9
2ae19629-1edd-13a3-e055-000000000001,"Trooperstown, Wicklow",136.0,838.2352941176471,14.705882352941176,22.058823529411764,51.470588235294116,73.52941176470588,5.1
2ae19629-1ede-13a3-e055-000000000001,"Tuckmill, Wicklow",114.0,912.2807017543859,8.771929824561402,17.543859649122805,43.859649122807014,17.543859649122805,4.4
2ae19629-1edf-13a3-e055-000000000001,"Wicklow Rural, Wicklow",3671.0,906.564968673386,2.9964587305911197,20.702805774993188,40.86080087169709,28.87496594933261,4.1
2ae19629-1ee0-13a3-e055-000000000001,"Wicklow Urban, Wicklow",3051.0,902.3271058669288,3.2776138970829236,18.682399213372666,68.8298918387414,6.88298918387414,6.9
2ae19629-1fb1-13a3-e055-000000000001,"Abbey, Clare",348.0,609.1954022988506,22.988505747126435,17.241379310344826,112.06896551724138,238.50574712643677,11.2
2ae19629-1fba-13a3-e055-000000000001,"Annagh, Clare",267.0,756.5543071161048,3.745318352059925,3.745318352059925,142.32209737827714,93.63295880149813,14.2
2ae19629-1fbb-13a3-e055-000000000001,"Ayle, Clare",159.0,886.7924528301887,0.0,12.578616352201259,88.0503144654088,12.578616352201259,8.8
2ae19629-1fbc-13a3-e055-000000000001,"Ballagh, Clare",107.0,757.0093457943925,0.0,18.69158878504673,130.8411214953271,93.45794392523364,13.1
2ae19629-1fc3-13a3-e055-000000000001,"Ballyblood, Clare",62.0,806.4516129032257,16.129032258064516,16.129032258064516,129.03225806451613,32.25806451612903,12.9
2ae19629-1fc4-13a3-e055-000000000001,"Ballycannan, Clare",334.0,958.0838323353294,0.0,8.982035928143713,29.940119760479043,2.9940119760479043,3.0
2ae19629-1fc5-13a3-e055-000000000001,"Ballyea, Clare",334.0,880.2395209580839,0.0,23.952095808383234,71.8562874251497,23.952095808383234,7.2
dbab8c3d-d659-4fa5-ad92-f90a6bf64249,"Ballyeighter/Glenroe, Clare",102.0,774.5098039215686,9.803921568627452,9.803921568627452,166.66666666666666,39.21568627450981,16.7
2ae19629-1fd0-13a3-e055-000000000001,"Ballyglass, Clare",2190.0,940.6392694063926,1.36986301369863,12.785388127853881,44.29223744292238,0.91324200913242,4.4
2ae19629-1fd1-13a3-e055-000000000001,"Ballynacally, Clare",105.0,819.047619047619,9.523809523809526,0.0,114.28571428571428,57.14285714285714,11.4
2ae19629-1fd9-13a3-e055-000000000001,"Ballynahinch, Clare",125.0,736.0,0.0,16.0,200.0,48.0,20.0
2ae19629-1fda-13a3-e055-000000000001,"Ballysteen, Clare",337.0,480.71216617210683,20.771513353115726,11.869436201780417,74.1839762611276,412.4629080118694,7.4
2ae19629-1fdb-13a3-e055-000000000001,"Ballyvaskin, Clare",241.0,663.9004149377594,8.298755186721992,8.298755186721992,99.58506224066389,219.91701244813277,10.0
2ae19629-1fe3-13a3-e055-000000000001,"Boherglass, Clare",121.0,876.0330578512396,0.0,24.793388429752067,74.3801652892562,24.793388429752067,7.4
2ae19629-1fe4-13a3-e055-000000000001,"Boston, Clare",160.0,862.5,18.75,0.0,100.0,18.75,10.0
2ae19629-1fe5-13a3-e055-000000000001,"Caher, Clare",104.0,807.6923076923077,0.0,28.846153846153847,134.6153846153846,28.846153846153847,13.5
2ae19629-1fed-13a3-e055-000000000001,"Caherhurly, Clare",87.0,816.0919540229885,0.0,22.988505747126435,149.42528735632186,11.494252873563218,14.9
2ae19629-1fef-13a3-e055-000000000001,"Cahermurphy, Clare",116.0,818.9655172413793,0.0,0.0,94.82758620689654,86.20689655172414,9.5
d2d757ef-f2c3-4a10-b5f8-f976c6c78335,"Cahermurphy/Corlea, Clare",106.0,764.1509433962265,0.0,0.0,160.37735849056602,75.47169811320754,16.0
2ae19629-1ff7-13a3-e055-000000000001,"Cappaghabaun, Clare",77.0,935.0649350649351,12.987012987012989,0.0,51.948051948051955,0.0,5.2
2ae19629-1ff8-13a3-e055-000000000001,"Cappavilla, Clare",345.0,828.9855072463768,130.43478260869566,2.898550724637681,37.68115942028986,0.0,3.8
2ae19629-1ff9-13a3-e055-000000000001,"Carran, Clare",67.0,597.0149253731342,14.925373134328359,0.0,208.955223880597,179.1044776119403,20.9
2ae19629-2003-13a3-e055-000000000001,"Carrowbaun, Clare",88.0,647.7272727272727,11.363636363636363,11.363636363636363,159.0909090909091,170.45454545454544,15.9
2ae19629-2004-13a3-e055-000000000001,"Castlecrine, Clare",167.0,946.1077844311377,5.9880239520958085,0.0,47.90419161676647,0.0,4.8
2ae19629-2005-13a3-e055-000000000001,"Castletown, Clare",45.0,577.7777777777777,0.0,44.44444444444444,200.0,177.77777777777777,20.0
2ae19629-2006-13a3-e055-000000000001,"Clareabbey, Clare",1454.0,915.4057771664375,2.063273727647868,24.759284731774414,53.64511691884457,4.126547455295736,5.4
2ae19629-200e-13a3-e055-000000000001,"Clenagh, Clare",4362.0,926.1806510774874,0.687757909215956,21.779000458505273,49.74782209995415,1.6047684548372307,5.0
2ae19629-200f-13a3-e055-000000000001,"Cloghaun, Clare",129.0,565.8914728682171,15.503875968992247,31.007751937984494,209.30232558139537,178.29457364341087,20.9
2ae19629-2018-13a3-e055-000000000001,"Cloghera, Clare",214.0,883.177570093458,0.0,4.672897196261682,98.13084112149532,14.018691588785046,9.8
2ae19629-2019-13a3-e055-000000000001,"Clondagad, Clare",255.0,890.1960784313725,0.0,7.8431372549019605,82.3529411764706,19.607843137254903,8.2
2ae19629-2021-13a3-e055-000000000001,"Cloonadrum, Clare",258.0,705.4263565891473,7.751937984496124,11.627906976744185,100.7751937984496,174.4186046511628,10.1
2ae19629-2022-13a3-e055-000000000001,"Cloonanaha, Clare",140.0,735.7142857142858,0.0,0.0,207.14285714285717,57.14285714285714,20.7
2ae19629-2029-13a3-e055-000000000001,"Clooncoorha, Clare",170.0,794.1176470588235,5.88235294117647,11.76470588235294,152.94117647058826,35.294117647058826,15.3
2ae19629-202a-13a3-e055-000000000001,"Clooney, Clare, 037034",119.0,781.5126050420168,0.0,8.403361344537815,168.0672268907563,42.016806722689076,16.8
2ae19629-2037-13a3-e055-000000000001,"Clooney, Clare, 037035",200.0,895.0,0.0,20.0,75.0,10.0,7.5
2ae19629-2038-13a3-e055-000000000001,"Cloontra, Clare",97.0,907.2164948453608,0.0,0.0,82.47422680412372,10.309278350515465,8.2
2ae19629-1f9d-13a3-e055-000000000001,"Cloonusker, Clare",96.0,979.1666666666666,10.416666666666666,0.0,10.416666666666666,0.0,1.0
2ae19629-1f9e-13a3-e055-000000000001,"Coolmeen, Clare",117.0,777.7777777777778,8.547008547008549,8.547008547008549,153.84615384615387,51.28205128205128,15.4
2ae19629-1f9f-13a3-e055-000000000001,"Coolreagh, Clare",144.0,548.6111111111112,0.0,6.944444444444444,104.16666666666667,340.27777777777777,10.4
2ae19629-1fa8-13a3-e055-000000000001,"Cooraclare, Clare",257.0,731.5175097276264,11.673151750972762,11.673151750972762,155.64202334630352,89.49416342412451,15.6
2ae19629-1fb2-13a3-e055-000000000001,"Corrofin, Clare",640.0,835.9375,7.8125,20.3125,96.875,39.0625,9.7
2ae19629-1fb3-13a3-e055-000000000001,"Cratloe, Clare",535.0,902.8037383177569,3.7383177570093458,22.429906542056074,63.55140186915888,7.4766355140186915,6.4
2ae19629-1fbd-13a3-e055-000000000001,"Creegh, Clare",202.0,787.1287128712871,14.85148514851485,9.900990099009901,118.8118811881188,69.30693069306932,11.9
2ae19629-1fbe-13a3-e055-000000000001,"Crusheen, Clare",422.0,898.1042654028436,0.0,11.848341232227487,85.30805687203792,4.739336492890995,8.5
2ae19629-1fc6-13a3-e055-000000000001,"Dangan, Clare",100.0,880.0,0.0,0.0,90.0,30.0,9.0
2ae19629-1fc7-13a3-e055-000000000001,"Derreen, Clare",110.0,490.9090909090909,9.09090909090909,18.18181818181818,118.18181818181817,363.6363636363636,11.8
2ae19629-1fc8-13a3-e055-000000000001,"Derrynagittagh, Clare",71.0,859.1549295774647,14.084507042253522,0.0,42.25352112676056,84.50704225352112,4.2
2ae19629-1fd2-13a3-e055-000000000001,"Doonbeg, Clare",473.0,585.6236786469344,4.2283298097251585,6.342494714587738,86.68076109936575,317.1247357293869,8.7
2ae19629-1fd3-13a3-e055-000000000001,"Doora, Clare",770.0,912.987012987013,0.0,22.07792207792208,54.54545454545454,10.38961038961039,5.5
2ae19629-1fdc-13a3-e055-000000000001,"Drumcreehy, Clare",332.0,551.2048192771084,33.13253012048193,18.072289156626507,96.3855421686747,301.20481927710847,9.6
2ae19629-1fdd-13a3-e055-000000000001,"Drumellihy, Clare",240.0,725.0,0.0,8.333333333333334,145.83333333333334,120.83333333333333,14.6
2ae19629-1fe6-13a3-e055-000000000001,"Drumline, Clare",375.0,821.3333333333334,29.333333333333332,37.333333333333336,61.33333333333333,50.666666666666664,6.1
2ae19629-1fe7-13a3-e055-000000000001,"Drummaan, Clare",326.0,766.8711656441718,3.067484662576687,9.202453987730062,98.15950920245399,122.69938650306749,9.8
2ae19629-1ff0-13a3-e055-000000000001,"Dysert, Clare",139.0,884.8920863309353,7.194244604316547,21.58273381294964,71.94244604316546,14.388489208633095,7.2
2ae19629-1ff1-13a3-e055-000000000001,"Einagh, Clare",162.0,716.0493827160493,6.172839506172839,6.172839506172839,191.35802469135803,80.24691358024691,19.1
2ae19629-2034-13a3-e055-000000000001,"Ennis No. 1 Urban, Clare",769.0,858.257477243173,3.9011703511053315,18.205461638491546,114.43433029908972,5.201560468140443,11.4
2ae19629-1ffb-13a3-e055-000000000001,"Ennis No. 2 Urban, Clare",1127.0,879.3256433007986,3.5492457852706303,15.971606033717833,98.49157054125997,2.6619343389529724,9.8
2ae19629-2035-13a3-e055-000000000001,"Ennis No. 3 Urban, Clare",127.0,724.4094488188977,15.748031496062993,15.748031496062993,212.5984251968504,31.496062992125985,21.3
2ae19629-2036-13a3-e055-000000000001,"Ennis No. 4 Urban, Clare",751.0,852.1970705725698,5.326231691078562,19.973368841544605,117.17709720372837,5.326231691078562,11.7
2ae19629-1ffa-13a3-e055-000000000001,"Ennis Rural, Clare",7678.0,912.4772076061474,2.6048450117218027,17.843188330294346,62.255795780151075,4.818963271685335,6.2
2ae19629-1ffc-13a3-e055-000000000001,"Ennistimon, Clare",1633.0,567.0545009185548,6.736068585425597,14.696876913655847,125.53582363747704,285.9767299448867,12.6
2ae19629-2007-13a3-e055-000000000001,"Fahymore, Clare",139.0,920.8633093525181,7.194244604316547,0.0,64.74820143884892,7.194244604316547,6.5
2ae19629-2008-13a3-e055-000000000001,"Feakle, Clare",172.0,965.1162790697675,5.813953488372093,0.0,23.25581395348837,5.813953488372093,2.3
2ae19629-2010-13a3-e055-000000000001,"Formoyle, Clare",100.0,830.0,10.0,10.0,110.0,40.0,11.0
2ae19629-2011-13a3-e055-000000000001,"Furroor, Clare",134.0,753.7313432835821,0.0,14.925373134328359,201.49253731343285,29.850746268656717,20.1
2ae19629-201a-13a3-e055-000000000001,"Glendree, Clare",83.0,891.566265060241,0.0,36.144578313253014,60.24096385542169,12.048192771084338,6.0
2ae19629-201b-13a3-e055-000000000001,"Gleninagh, Clare",123.0,487.8048780487805,0.0,8.130081300813009,154.47154471544715,349.5934959349594,15.4
2ae19629-2023-13a3-e055-000000000001,"Glenmore, Clare",174.0,752.8735632183908,11.494252873563218,34.48275862068965,132.183908045977,68.9655172413793,13.2
474c0dcb-9782-425a-b173-468d6e8de86e,"Inishcaltra South/Inishcaltra North, Clare",164.0,841.4634146341463,6.097560975609756,6.097560975609756,109.7560975609756,36.58536585365854,11.0
2ae19629-202d-13a3-e055-000000000001,"Kilballyowen, Clare",185.0,545.9459459459459,0.0,10.81081081081081,43.24324324324324,400.0,4.3
2ae19629-202e-13a3-e055-000000000001,"Kilchreest, Clare",200.0,785.0,0.0,20.0,170.0,25.0,17.0
2ae19629-202f-13a3-e055-000000000001,"Kilcloher, Clare",274.0,868.6131386861315,14.598540145985401,25.547445255474454,72.992700729927,18.24817518248175,7.3
2ae19629-2039-13a3-e055-000000000001,"Kilfearagh, Clare",382.0,384.81675392670155,15.706806282722512,5.235602094240838,117.80104712041884,476.4397905759162,11.8
2ae19629-203a-13a3-e055-000000000001,"Kilfenora, Clare",235.0,702.1276595744681,8.51063829787234,25.53191489361702,157.4468085106383,106.38297872340425,15.7
2ae19629-1fa0-13a3-e055-000000000001,"Kilfiddane, Clare",168.0,773.8095238095239,0.0,11.904761904761903,154.76190476190476,59.52380952380952,15.5
2ae19629-1fa1-13a3-e055-000000000001,"Kilkee, Clare",1692.0,291.9621749408983,9.456264775413711,4.7281323877068555,38.4160756501182,655.4373522458628,3.8
2ae19629-1fa2-13a3-e055-000000000001,"Kilkishen, Clare",406.0,918.7192118226601,0.0,9.852216748768473,54.187192118226605,17.241379310344826,5.4
2ae19629-1faa-13a3-e055-000000000001,"Killadysert, Clare",456.0,831.140350877193,4.385964912280701,10.964912280701753,107.45614035087719,46.05263157894736,10.7
2ae19629-1fab-13a3-e055-000000000001,"Killaloe, Clare",1106.0,799.2766726943942,9.945750452079567,18.9873417721519,92.2242314647378,79.56600361663654,9.2
2ae19629-1fac-13a3-e055-000000000001,"Killanena, Clare",130.0,761.5384615384615,15.384615384615385,0.0,138.46153846153848,84.61538461538461,13.8
2ae19629-1fb4-13a3-e055-000000000001,"Killanniv, Clare",343.0,842.5655976676385,5.830903790087463,5.830903790087463,122.44897959183673,23.323615160349853,12.2
2ae19629-1fb5-13a3-e055-000000000001,"Killard, Clare",204.0,593.1372549019608,9.803921568627452,9.803921568627452,147.05882352941177,240.19607843137257,14.7
2ae19629-1fb6-13a3-e055-000000000001,"Killaspuglonane, Clare",156.0,750.0,0.0,12.82051282051282,115.38461538461539,121.7948717948718,11.5
2ae19629-1fbf-13a3-e055-000000000001,"Killeely, Clare",311.0,929.2604501607717,0.0,32.15434083601286,35.36977491961415,3.215434083601286,3.5
2ae19629-1fc0-13a3-e055-000000000001,"Killilagh, Clare",425.0,569.4117647058824,4.705882352941176,11.76470588235294,141.1764705882353,272.94117647058823,14.1
2ae19629-1fc9-13a3-e055-000000000001,"Killimer, Clare",226.0,774.3362831858407,4.424778761061947,17.699115044247787,150.4424778761062,53.097345132743364,15.0
2ae19629-1fca-13a3-e055-000000000001,"Killinaboy, Clare",155.0,851.6129032258063,6.451612903225806,25.806451612903224,77.41935483870968,38.70967741935484,7.7
2ae19629-1fcb-13a3-e055-000000000001,"Killofin, Clare",180.0,705.5555555555557,11.11111111111111,11.11111111111111,155.55555555555557,116.66666666666667,15.6
2ae19629-1fcc-13a3-e055-000000000001,"Killokennedy, Clare",62.0,870.9677419354839,16.129032258064516,0.0,112.90322580645162,0.0,11.3
2ae19629-1fd4-13a3-e055-000000000001,"Killone, Clare",234.0,901.7094017094017,4.273504273504274,8.547008547008549,76.92307692307693,8.547008547008549,7.7
2ae19629-1fd5-13a3-e055-000000000001,"Killuran, Clare",193.0,870.4663212435233,0.0,0.0,124.35233160621762,5.181347150259067,12.4
2ae19629-1fde-13a3-e055-000000000001,"Kilmihil, Clare",337.0,821.9584569732938,0.0,23.738872403560833,127.59643916913946,26.706231454005934,12.8
2ae19629-1fdf-13a3-e055-000000000001,"Kilmurry, Clare, 037094",141.0,730.4964539007093,0.0,28.368794326241133,184.39716312056737,56.737588652482266,18.4
2ae19629-1fe8-13a3-e055-000000000001,"Kilmurry, Clare, 037095",503.0,662.0278330019881,23.856858846918488,15.904572564612325,105.36779324055667,192.84294234592446,10.5
2ae19629-1fe9-13a3-e055-000000000001,"Kilnamona, Clare",339.0,938.0530973451328,2.949852507374631,11.799410029498524,38.3480825958702,8.849557522123893,3.8
2ae19629-1ff2-13a3-e055-000000000001,"Kilraghtis, Clare",208.0,889.4230769230769,0.0,4.807692307692308,96.15384615384616,9.615384615384617,9.6
2ae19629-1ff3-13a3-e055-000000000001,"Kilrush Rural, Clare",330.0,833.3333333333334,3.0303030303030303,12.121212121212121,90.9090909090909,60.60606060606061,9.1
2ae19629-1ff4-13a3-e055-000000000001,"Kilrush Urban, Clare",1480.0,763.5135135135134,9.45945945945946,15.540540540540542,145.94594594594597,65.54054054054053,14.6
2ae19629-1ffd-13a3-e055-000000000001,"Kilseily, Clare",300.0,900.0,3.3333333333333335,0.0,83.33333333333333,13.333333333333334,8.3
2ae19629-1ffe-13a3-e055-000000000001,"Kilshanny, Clare",70.0,842.8571428571429,14.285714285714285,28.57142857142857,57.14285714285714,57.14285714285714,5.7
2ae19629-2009-13a3-e055-000000000001,"Kiltannon, Clare",89.0,741.5730337078652,22.47191011235955,22.47191011235955,112.35955056179775,101.12359550561797,11.2
2ae19629-200a-13a3-e055-000000000001,"Kiltenanlea, Clare",700.0,942.8571428571429,0.0,5.714285714285714,47.142857142857146,4.285714285714286,4.7
2ae19629-200b-13a3-e055-000000000001,"Kiltoraght, Clare",111.0,657.6576576576578,9.00900900900901,9.00900900900901,171.17117117117118,153.15315315315314,17.1
2ae19629-2012-13a3-e055-000000000001,"Kinturk, Clare",143.0,853.1468531468531,0.0,0.0,125.87412587412588,20.97902097902098,12.6
2ae19629-2013-13a3-e055-000000000001,"Knock, Clare",132.0,681.8181818181818,7.575757575757576,37.87878787878788,181.8181818181818,90.9090909090909,18.2
2ae19629-201c-13a3-e055-000000000001,"Knocknaboley, Clare",169.0,662.7218934911243,5.9171597633136095,11.834319526627219,189.3491124260355,130.17751479289942,18.9
2ae19629-201d-13a3-e055-000000000001,"Knocknagore, Clare",113.0,654.8672566371681,8.849557522123893,17.699115044247787,176.99115044247787,141.5929203539823,17.7
2ae19629-201e-13a3-e055-000000000001,"Kyle, Clare",140.0,871.4285714285714,7.142857142857142,21.428571428571427,71.42857142857143,28.57142857142857,7.1
2ae19629-2025-13a3-e055-000000000001,"Lackareagh, Clare",54.0,851.8518518518518,18.51851851851852,37.03703703703704,92.59259259259258,0.0,9.3
2ae19629-2026-13a3-e055-000000000001,"Liscannor, Clare",378.0,447.0899470899471,13.227513227513226,21.164021164021165,76.71957671957672,441.7989417989418,7.7
2ae19629-2030-13a3-e055-000000000001,"Liscasey, Clare",239.0,853.5564853556485,0.0,4.184100418410042,121.33891213389121,20.920502092050206,12.1
2ae19629-2031-13a3-e055-000000000001,"Lisdoonvarna, Clare",419.0,720.7637231503579,7.159904534606206,7.159904534606206,183.7708830548926,81.14558472553699,18.4
2ae19629-203b-13a3-e055-000000000001,"Lisheen, Clare",253.0,877.4703557312254,3.952569169960474,0.0,71.14624505928855,47.43083003952569,7.1
2ae19629-203c-13a3-e055-000000000001,"Loughea, Clare",71.0,816.9014084507043,0.0,0.0,126.76056338028168,56.33802816901409,12.7
2ae19629-1fa3-13a3-e055-000000000001,"Lurraga, Clare",144.0,680.5555555555555,13.888888888888888,27.777777777777775,131.94444444444446,145.83333333333334,13.2
2ae19629-1fa4-13a3-e055-000000000001,"Magherareagh, Clare",135.0,851.8518518518518,0.0,7.407407407407407,103.7037037037037,37.03703703703704,10.4
2ae19629-1fad-13a3-e055-000000000001,"Milltown Malbay, Clare",1157.0,607.6058772687986,17.28608470181504,10.371650821089023,121.00259291270528,243.73379429559205,12.1
2ae19629-1fae-13a3-e055-000000000001,"Mount Elva, Clare",55.0,672.7272727272727,0.0,0.0,181.8181818181818,145.45454545454544,18.2
2ae19629-1fb7-13a3-e055-000000000001,"Mountievers, Clare",528.0,890.1515151515151,3.787878787878788,13.257575757575758,85.22727272727272,7.575757575757576,8.5
2ae19629-1fb8-13a3-e055-000000000001,"Mountshannon, Clare",308.0,636.3636363636364,3.246753246753247,6.493506493506494,123.37662337662337,230.5194805194805,12.3
ee73a85e-7ac6-4aa6-82d2-09c321be7258,"Moveen/Tullig, Clare",112.0,607.1428571428571,0.0,17.857142857142858,187.5,187.5,18.8
2ae19629-1fc1-13a3-e055-000000000001,"Moy, Clare",543.0,556.1694290976059,11.049723756906078,11.049723756906078,73.66482504604052,348.0662983425414,7.4
2ae19629-1fc2-13a3-e055-000000000001,"Moyarta, Clare",178.0,550.561797752809,0.0,33.70786516853933,196.6292134831461,219.1011235955056,19.7
2ae19629-1fcd-13a3-e055-000000000001,"Muckanagh, Clare",150.0,840.0,0.0,13.333333333333334,120.0,26.666666666666668,12.0
2ae19629-1fce-13a3-e055-000000000001,"Mullagh, Clare",126.0,666.6666666666666,23.809523809523807,0.0,190.47619047619045,119.04761904761904,19.0
2ae19629-1fd6-13a3-e055-000000000001,"Newgrove, Clare",115.0,843.4782608695652,0.0,8.695652173913043,139.1304347826087,8.695652173913043,13.9
2ae19629-1fd7-13a3-e055-000000000001,"Newmarket, Clare",851.0,868.3901292596945,0.0,16.45123384253819,97.53231492361927,17.626321974148063,9.8
2ae19629-1fd8-13a3-e055-000000000001,"Noughaval, Clare",58.0,637.9310344827587,0.0,34.48275862068965,206.89655172413794,120.6896551724138,20.7
2ae19629-1fe0-13a3-e055-000000000001,"O'briensbridge, Clare",264.0,920.4545454545454,3.787878787878788,15.151515151515152,56.81818181818181,3.787878787878788,5.7
2ae19629-1fe1-13a3-e055-000000000001,"Ogonnelloe, Clare",342.0,783.625730994152,2.923976608187134,20.46783625730994,119.88304093567251,73.09941520467837,12.0
2ae19629-1fe2-13a3-e055-000000000001,"Oughtmama, Clare",82.0,707.3170731707316,24.390243902439025,24.390243902439025,158.53658536585365,85.3658536585366,15.9
2ae19629-1fea-13a3-e055-000000000001,"Querrin, Clare",142.0,577.4647887323944,0.0,7.042253521126761,84.50704225352112,330.98591549295776,8.5
2ae19629-1feb-13a3-e055-000000000001,"Quin, Clare",579.0,920.5526770293609,3.454231433506045,15.544041450777202,50.086355785837654,10.362694300518134,5.0
2ae19629-1fec-13a3-e055-000000000001,"Rahona, Clare",265.0,513.2075471698113,11.320754716981131,11.320754716981131,98.11320754716982,366.03773584905656,9.8
2ae19629-1ff5-13a3-e055-000000000001,"Rath, Clare",137.0,766.4233576642335,36.4963503649635,21.897810218978105,94.8905109489051,80.2919708029197,9.5
2ae19629-1ff6-13a3-e055-000000000001,"Rathborney, Clare",51.0,529.4117647058823,0.0,0.0,176.47058823529412,294.11764705882354,17.6
2ae19629-1fff-13a3-e055-000000000001,"Rathclooney, Clare",62.0,822.5806451612904,0.0,0.0,177.4193548387097,0.0,17.7
2ae19629-2000-13a3-e055-000000000001,"Rinealon, Clare",98.0,775.5102040816327,20.408163265306122,10.204081632653061,153.06122448979593,40.816326530612244,15.3
2ae19629-2001-13a3-e055-000000000001,"Rossroe, Clare",254.0,913.3858267716536,3.937007874015748,3.937007874015748,59.05511811023622,19.68503937007874,5.9
2ae19629-2002-13a3-e055-000000000001,"Ruan, Clare",311.0,887.459807073955,0.0,22.508038585209004,67.52411575562701,22.508038585209004,6.8
2ae19629-200c-13a3-e055-000000000001,"Scarriff, Clare",638.0,896.551724137931,0.0,7.836990595611285,83.07210031347962,12.539184952978056,8.3
2ae19629-200d-13a3-e055-000000000001,"Sixmilebridge, Clare",1062.0,934.0866290018832,2.824858757062147,11.299435028248588,48.0225988700565,3.766478342749529,4.8
2ae19629-2014-13a3-e055-000000000001,"Smithstown, Clare",79.0,759.493670886076,12.658227848101266,0.0,177.21518987341773,50.63291139240506,17.7
2ae19629-2015-13a3-e055-000000000001,"Spancelhill, Clare",269.0,914.4981412639405,3.717472118959108,11.152416356877323,55.762081784386616,14.869888475836431,5.6
2ae19629-2016-13a3-e055-000000000001,"St. Martin's, Clare",58.0,689.6551724137931,0.0,17.241379310344826,137.9310344827586,155.17241379310346,13.8
2ae19629-2017-13a3-e055-000000000001,"Templemaley, Clare",461.0,934.9240780911064,2.1691973969631237,8.676789587852495,47.72234273318872,6.507592190889371,4.8
2ae19629-201f-13a3-e055-000000000001,"Toberbreeda, Clare",78.0,833.3333333333334,0.0,12.82051282051282,115.38461538461539,38.46153846153847,11.5
2ae19629-2020-13a3-e055-000000000001,"Tomfinlough, Clare",261.0,892.7203065134099,0.0,38.314176245210724,65.13409961685824,3.8314176245210727,6.5
2ae19629-2027-13a3-e055-000000000001,"Tulla, Clare",519.0,842.0038535645472,1.9267822736030829,21.19460500963391,115.60693641618496,19.267822736030826,11.6
2ae19629-2032-13a3-e055-000000000001,"Tullycreen, Clare",68.0,794.1176470588235,0.0,58.8235294117647,132.35294117647058,14.705882352941176,13.2
2ae19629-2033-13a3-e055-000000000001,"Urlan, Clare",406.0,881.7733990147783,4.926108374384237,49.26108374384237,54.187192118226605,9.852216748768473,5.4
2ae19749-1f5b-13a3-e055-300000000001,"Ballincollig, Cork City",7165.0,937.8925331472435,2.3726448011165386,21.493370551290997,36.70621074668528,1.5352407536636428,3.7
2ae19629-214b-13a3-e055-000000000001,"Ballinlough A, Cork City",412.0,868.9320388349514,4.854368932038835,21.844660194174757,94.66019417475728,9.70873786407767,9.5
2ae19629-214c-13a3-e055-000000000001,"Ballinlough B, Cork City",766.0,919.0600522193212,1.3054830287206267,14.360313315926893,65.27415143603133,0.0,6.5
2ae19629-214d-13a3-e055-000000000001,"Ballinlough C, Cork City",736.0,918.4782608695651,1.358695652173913,24.456521739130437,54.34782608695652,1.358695652173913,5.4
316a25a0-f7b6-4d01-b188-5efd7bd804c5,"Ballygarvan/Lehenagh, Cork City",1401.0,935.7601713062098,1.4275517487508922,30.692362598144186,32.11991434689507,0.0,3.2
2ae19629-214e-13a3-e055-000000000001,"Ballyphehane A, Cork City",299.0,919.732441471572,0.0,13.377926421404682,66.8896321070234,0.0,6.7
2ae19629-2157-13a3-e055-000000000001,"Ballyphehane B, Cork City",349.0,936.9627507163324,0.0,14.326647564469916,45.845272206303726,2.865329512893983,4.6
2ae19629-2158-13a3-e055-000000000001,"Bishopstown A, Cork City",933.0,814.5766345123259,70.7395498392283,61.09324758842444,38.58520900321544,15.005359056806002,3.9
2ae19629-2159-13a3-e055-000000000001,"Bishopstown B, Cork City",868.0,872.1198156682027,35.714285714285715,29.953917050691242,62.21198156682028,0.0,6.2
2ae19629-215a-13a3-e055-000000000001,"Bishopstown C, Cork City",1794.0,896.3210702341137,15.050167224080267,21.73913043478261,66.33221850613155,0.5574136008918618,6.6
2ae19629-215c-13a3-e055-000000000001,"Bishopstown D, Cork City",694.0,909.221902017291,2.881844380403458,20.172910662824208,67.72334293948126,0.0,6.8
2ae19629-215b-13a3-e055-000000000001,"Bishopstown E, Cork City",1389.0,889.8488120950324,5.759539236861051,23.758099352051836,74.87401007919367,5.759539236861051,7.5
2ae19629-1efc-13a3-e055-000000000001,"Bishopstown, Cork City",142.0,943.6619718309859,7.042253521126761,35.21126760563381,14.084507042253522,0.0,1.4
2ae19629-215d-13a3-e055-000000000001,"Blackpool A, Cork City",353.0,909.3484419263456,2.8328611898017,2.8328611898017,84.98583569405099,0.0,8.5
2ae19629-215e-13a3-e055-000000000001,"Blackpool B, Cork City",1188.0,912.4579124579124,3.3670033670033668,13.468013468013467,70.7070707070707,0.0,7.1
2ae19789-1f5b-13a3-e055-700000000001,"Blarney, Cork City",1958.0,940.755873340143,3.0643513789581203,14.811031664964249,38.304392236976504,3.0643513789581203,3.8
2ae19629-215f-13a3-e055-000000000001,"Browningstown, Cork City",438.0,929.2237442922374,4.5662100456621,29.68036529680365,36.5296803652968,0.0,3.7
2ae19629-1f5b-13a3-e055-200000000001,"Caherlag, Cork City",1506.0,949.5351925630811,0.0,17.264276228419654,32.536520584329345,0.6640106241699867,3.3
591bceee-1721-4c8d-865f-1e0bd869b6ad,"Carrigaline/Monkstown Rural/Douglas, Cork City",8616.0,930.7103064066853,3.249767873723305,24.489322191272052,38.765088207985144,2.785515320334262,3.9
2ae19849-1f5b-13a3-e055-140000000001,"Carrigrohanebeg, Cork City",404.0,905.940594059406,4.9504950495049505,19.801980198019802,66.83168316831683,2.4752475247524752,6.7
2ae19629-2160-13a3-e055-000000000001,"Centre A, Cork City",387.0,914.7286821705426,2.5839793281653747,12.919896640826872,64.59948320413436,5.167958656330749,6.5
2ae19629-2161-13a3-e055-000000000001,"Centre B, Cork City",1219.0,884.3314191960624,7.383100902378999,15.586546349466776,86.13617719442165,6.562756357670222,8.6
2ae19629-2162-13a3-e055-000000000001,"Churchfield, Cork City",649.0,952.2342064714946,0.0,6.163328197226503,41.60246533127889,0.0,4.2
2ae19629-2163-13a3-e055-000000000001,"City Hall A, Cork City",582.0,888.3161512027491,10.309278350515465,25.773195876288657,72.16494845360825,3.4364261168384878,7.2
2ae19629-2164-13a3-e055-000000000001,"City Hall B, Cork City",641.0,878.3151326053043,1.5600624024960998,29.6411856474259,87.3634945397816,3.1201248049921997,8.7
2ae19629-2165-13a3-e055-000000000001,"Commons, Cork City",480.0,881.25,0.0,20.833333333333332,97.91666666666667,0.0,9.8
7c85cece-22eb-4ebb-8d1f-9c0f734eaea8,"Douglas/Lehenagh, Cork City",2598.0,942.6481909160893,1.539645881447267,22.324865280985374,32.33256351039261,1.1547344110854503,3.2
2ae19629-2166-13a3-e055-000000000001,"Evergreen, Cork City",743.0,884.2530282637954,6.7294751009421265,20.188425302826378,87.48317631224764,1.3458950201884252,8.7
2ae19629-2167-13a3-e055-000000000001,"Fair Hill A, Cork City",327.0,899.0825688073395,3.058103975535168,18.34862385321101,79.51070336391437,0.0,8.0
2ae19629-2172-13a3-e055-000000000001,"Fair Hill B, Cork City",409.0,892.4205378973105,0.0,17.114914425427873,88.0195599022005,2.444987775061125,8.8
2ae19629-2173-13a3-e055-000000000001,"Fair Hill C, Cork City",1324.0,956.9486404833837,1.5105740181268883,6.7975830815709966,34.74320241691843,0.0,3.5
2ae19629-2174-13a3-e055-000000000001,"Farranferris A, Cork City",1034.0,885.880077369439,3.8684719535783367,9.671179883945841,100.58027079303675,0.0,10.1
2ae19629-2175-13a3-e055-000000000001,"Farranferris B, Cork City",374.0,943.8502673796792,0.0,13.368983957219251,42.780748663101605,0.0,4.3
2ae19629-2176-13a3-e055-000000000001,"Farranferris C, Cork City",339.0,890.8554572271387,2.949852507374631,20.64896755162242,85.54572271386431,0.0,8.6
2ae19629-2178-13a3-e055-000000000001,"Gillabbey A, Cork City",1100.0,798.1818181818182,28.181818181818183,65.45454545454545,96.36363636363636,11.818181818181818,9.6
2ae19629-2179-13a3-e055-000000000001,"Gillabbey B, Cork City",596.0,813.7583892617449,23.48993288590604,58.7248322147651,104.02684563758389,0.0,10.4
2ae19629-217a-13a3-e055-000000000001,"Gillabbey C, Cork City",845.0,798.8165680473372,75.7396449704142,78.10650887573964,46.15384615384615,1.183431952662722,4.6
2ae19629-217b-13a3-e055-000000000001,"Glasheen A, Cork City",348.0,887.9310344827587,14.367816091954023,51.724137931034484,43.10344827586207,2.8735632183908044,4.3
2ae19629-217c-13a3-e055-000000000001,"Glasheen B, Cork City",360.0,847.2222222222222,16.666666666666668,50.0,86.11111111111111,0.0,8.6
2ae19629-217d-13a3-e055-000000000001,"Glasheen C, Cork City",1278.0,900.6259780907668,6.259780907668231,12.519561815336463,76.68231611893583,3.912363067292645,7.7
2ae19629-217e-13a3-e055-000000000001,"Greenmount, Cork City",891.0,924.8035914702582,1.122334455667789,21.32435465768799,52.749719416386085,0.0,5.3
2ae19629-217f-13a3-e055-000000000001,"Gurranebraher A, Cork City",313.0,945.6869009584664,0.0,6.3897763578274756,47.92332268370607,0.0,4.8
2ae19629-2180-13a3-e055-000000000001,"Gurranebraher B, Cork City",373.0,879.3565683646112,2.680965147453083,16.0857908847185,99.19571045576407,2.680965147453083,9.9
2ae19629-2181-13a3-e055-000000000001,"Gurranebraher C, Cork City",605.0,885.9504132231405,0.0,11.570247933884296,99.17355371900827,3.3057851239669422,9.9
2ae19629-2177-13a3-e055-000000000001,"Gurranebraher D, Cork City",402.0,927.860696517413,0.0,9.950248756218905,62.18905472636816,0.0,6.2
2ae19629-2182-13a3-e055-000000000001,"Gurranebraher E, Cork City",530.0,924.5283018867925,3.7735849056603774,9.433962264150942,62.264150943396224,0.0,6.2
2ae19809-1f5b-13a3-e055-900000000001,"Inishkenny, Cork City",1843.0,925.1220835594139,4.3407487791644055,34.725990233315244,35.268583830710796,0.5425935973955507,3.5
2ae19629-2183-13a3-e055-000000000001,"Knocknaheeny, Cork City",1422.0,971.8706047819971,0.7032348804500703,8.438818565400844,18.9873417721519,0.0,1.9
2ae19629-2184-13a3-e055-000000000001,"Knockrea A, Cork City",700.0,857.1428571428571,8.571428571428571,51.42857142857143,80.0,2.857142857142857,8.0
2ae19629-218c-13a3-e055-000000000001,"Knockrea B, Cork City",455.0,909.8901098901099,2.197802197802198,24.175824175824175,63.73626373626373,0.0,6.4
2ae19629-218d-13a3-e055-000000000001,"Mahon A, Cork City",2238.0,920.017873100983,3.127792672028597,24.575513851653263,50.938337801608576,1.3404825737265416,5.1
2ae19629-218e-13a3-e055-000000000001,"Mahon B, Cork City",2003.0,931.6025961058413,1.99700449326011,15.47678482276585,47.92810783824263,2.9955067398901645,4.8
2ae19629-218f-13a3-e055-000000000001,"Mahon C, Cork City",1389.0,918.6465082793377,2.1598272138228944,28.797696184305256,49.676025917926566,0.7199424046076314,5.0
2ae19629-2190-13a3-e055-000000000001,"Mardyke, Cork City",400.0,832.5,42.5,30.0,75.0,20.0,7.5
2ae19769-1f5b-13a3-e055-500000000001,"Matehy, Cork City",671.0,918.032786885246,1.4903129657228018,8.941877794336811,70.04470938897168,1.4903129657228018,7.0
2ae19629-2191-13a3-e055-000000000001,"Mayfield, Cork City",1242.0,916.2640901771337,2.4154589371980677,11.272141706924316,68.43800322061192,1.6103059581320451,6.8
2ae19629-2192-13a3-e055-000000000001,"Montenotte A, Cork City",881.0,863.7911464245176,2.2701475595913734,18.161180476730987,110.1021566401816,5.675368898978434,11.0
2ae19629-2193-13a3-e055-000000000001,"Montenotte B, Cork City",1026.0,921.0526315789474,1.949317738791423,24.366471734892787,48.732943469785575,3.898635477582846,4.9
2ae19819-1f5b-13a3-e055-110000000001,"Ovens, Cork City",623.0,942.215088282504,3.2102728731942216,24.077046548956663,30.497592295345104,0.0,3.0
2ae19629-2194-13a3-e055-000000000001,"Pouladuff A, Cork City",349.0,925.5014326647565,0.0,14.326647564469916,54.44126074498568,5.730659025787966,5.4
2ae19629-2195-13a3-e055-000000000001,"Pouladuff B, Cork City",728.0,931.3186813186813,2.7472527472527473,10.989010989010989,54.94505494505494,0.0,5.5
2ae19779-1f5b-13a3-e055-600000000001,"Rathcooney, Cork City",3057.0,945.3712790317304,2.2898266274124963,18.31861301929997,31.730454694144587,2.2898266274124963,3.2
2ae19629-1f5b-13a3-e055-100000000001,"Riverstown, Cork City",1326.0,961.5384615384615,0.7541478129713424,12.066365007541478,24.132730015082956,1.5082956259426847,2.4
2ae19629-2196-13a3-e055-000000000001,"Shanakiel, Cork City",1542.0,941.6342412451362,4.539559014267186,15.56420233463035,36.964980544747085,1.297016861219196,3.7
2ae19629-2197-13a3-e055-000000000001,"Shandon A, Cork City",1111.0,907.2907290729073,2.7002700270027002,11.701170117011701,74.70747074707471,3.6003600360036003,7.5
2ae19629-2198-13a3-e055-000000000001,"Shandon B, Cork City",714.0,879.5518207282913,8.403361344537815,5.602240896358543,106.44257703081232,0.0,10.6
2ae19629-2199-13a3-e055-000000000001,"South Gate A, Cork City",1354.0,864.8449039881831,25.110782865583456,24.372230428360414,82.7178729689808,2.9542097488921715,8.3
2ae19629-219a-13a3-e055-000000000001,"South Gate B, Cork City",545.0,884.4036697247707,9.174311926605505,16.51376146788991,88.07339449541286,1.834862385321101,8.8
6b896afd-b53d-4ebc-bd6e-0154e333b3af,"St. Mary's (East), Cork City",739.0,951.2855209742895,2.7063599458728014,20.29769959404601,24.35723951285521,1.3531799729364007,2.4
2ae19629-21cb-13a3-e055-000000000001,"St. Mary's (West), Cork City",1315.0,955.1330798479088,0.7604562737642585,14.448669201520913,28.897338403041825,0.7604562737642585,2.9
2ae19629-21a6-13a3-e055-000000000001,"St. Patrick's A, Cork City",850.0,898.8235294117646,4.705882352941176,23.52941176470588,71.76470588235294,1.176470588235294,7.2
2ae19629-21a7-13a3-e055-000000000001,"St. Patrick's B, Cork City",672.0,858.6309523809523,5.952380952380952,17.857142857142858,116.07142857142857,1.488095238095238,11.6
2ae19629-21a8-13a3-e055-000000000001,"St. Patrick's C, Cork City",484.0,822.314049586777,8.264462809917356,10.330578512396695,157.02479338842974,2.066115702479339,15.7
2ae19629-21a9-13a3-e055-000000000001,"Sunday's Well A, Cork City",353.0,895.1841359773372,0.0,19.8300283286119,79.3201133144476,5.6657223796034,7.9
2ae19629-21aa-13a3-e055-000000000001,"Sunday's Well B, Cork City",523.0,873.8049713193117,15.296367112810707,11.472275334608032,89.86615678776292,9.560229445506693,9.0
2ae19629-21ab-13a3-e055-000000000001,"The Glen A, Cork City",871.0,931.113662456946,0.0,9.184845005740529,58.553386911595865,1.1481056257175661,5.9
2ae19629-21ac-13a3-e055-000000000001,"The Glen B, Cork City",1405.0,948.7544483985765,0.7117437722419929,17.08185053380783,32.74021352313167,0.7117437722419929,3.3
2ae19629-21ad-13a3-e055-000000000001,"The Lough, Cork City",774.0,869.5090439276486,10.335917312661499,20.671834625322997,99.48320413436693,0.0,9.9
2ae19629-21ae-13a3-e055-000000000001,"Tivoli A, Cork City",899.0,830.9232480533926,7.78642936596218,25.583982202447164,131.25695216907675,4.4493882091212456,13.1
2ae19629-21af-13a3-e055-000000000001,"Tivoli B, Cork City",1100.0,940.0,0.9090909090909091,18.18181818181818,38.18181818181819,2.7272727272727275,3.8
2ae19629-21b0-13a3-e055-000000000001,"Togher A, Cork City",939.0,939.297124600639,2.1299254526091587,15.974440894568689,42.598509052183175,0.0,4.3
2ae19629-21b1-13a3-e055-000000000001,"Togher B, Cork City",319.0,921.6300940438872,3.134796238244514,15.67398119122257,59.56112852664577,0.0,6.0
2ae19629-21b2-13a3-e055-000000000001,"Tramore A, Cork City",330.0,854.5454545454545,6.0606060606060606,27.27272727272727,112.12121212121212,0.0,11.2
2ae19629-21b3-13a3-e055-000000000001,"Tramore B, Cork City",462.0,900.4329004329005,8.658008658008658,36.7965367965368,54.112554112554115,0.0,5.4
2ae19629-21b4-13a3-e055-000000000001,"Tramore C, Cork City",1277.0,933.4377447141738,3.915426781519186,21.926389976507437,40.72043852779953,0.0,4.1
2ae19629-21b5-13a3-e055-000000000001,"Turner's Cross A, Cork City",425.0,875.2941176470588,2.352941176470588,40.0,82.3529411764706,0.0,8.2
2ae19629-21b6-13a3-e055-000000000001,"Turner's Cross B, Cork City",609.0,899.8357963875205,3.284072249589491,11.494252873563218,85.38587848932677,0.0,8.5
2ae19629-21b7-13a3-e055-000000000001,"Turner's Cross C, Cork City",349.0,914.0401146131804,0.0,20.05730659025788,63.03724928366762,2.865329512893983,6.3
2ae19629-21c0-13a3-e055-000000000001,"Turner's Cross D, Cork City",231.0,922.077922077922,4.329004329004329,17.316017316017316,56.27705627705628,0.0,5.6
2ae19759-1f5b-13a3-e055-400000000001,"Whitechurch, Cork City",404.0,940.5940594059406,4.9504950495049505,22.277227722772277,29.7029702970297,2.4752475247524752,3.0
2ae19629-203d-13a3-e055-000000000001,"Abbeymahon, Cork County",305.0,800.0,9.836065573770492,9.836065573770492,65.57377049180329,114.75409836065575,6.6
2ae19629-203e-13a3-e055-000000000001,"Adrigole, Cork County",357.0,571.4285714285714,5.602240896358543,8.403361344537815,165.26610644257704,249.29971988795518,16.5
2ae19629-203f-13a3-e055-000000000001,"Aghadown North, Cork County",141.0,815.6028368794326,7.092198581560283,0.0,85.1063829787234,92.19858156028369,8.5
2ae19629-2040-13a3-e055-000000000001,"Aghadown South, Cork County",389.0,645.2442159383033,12.853470437017995,5.141388174807197,107.96915167095115,228.79177377892032,10.8
2ae19629-2041-13a3-e055-000000000001,"Aghern, Cork County",100.0,830.0,0.0,20.0,110.0,40.0,11.0
2ae19629-1f9a-13a3-e055-000000000001,"Aghinagh, Cork County",195.0,861.5384615384615,5.128205128205129,10.256410256410257,102.56410256410255,20.512820512820515,10.3
2ae19629-1f9b-13a3-e055-000000000001,"Aglish, Cork County",521.0,923.2245681381958,1.9193857965451055,13.435700575815739,59.50095969289827,1.9193857965451055,6.0
2ae19629-1f9c-13a3-e055-000000000001,"Ahil, Cork County",120.0,758.3333333333333,0.0,8.333333333333334,150.0,83.33333333333333,15.0
2ae19629-1fa5-13a3-e055-000000000001,"Allow, Cork County",218.0,876.1467889908256,0.0,18.34862385321101,91.74311926605505,13.761467889908257,9.2
2ae19629-1fa6-13a3-e055-000000000001,"Ardagh, Cork County",269.0,903.3457249070632,7.434944237918216,14.869888475836431,55.762081784386616,18.58736059479554,5.6
2ae19629-1fa7-13a3-e055-000000000001,"Ardfield, Cork County",418.0,686.6028708133971,9.569377990430622,23.923444976076556,69.377990430622,210.52631578947367,6.9
2ae19629-1f0b-13a3-e055-000000000001,"Ardskeagh, Cork County",177.0,960.45197740113,5.649717514124294,11.299435028248588,16.949152542372882,5.649717514124294,1.7
2ae19629-1f0c-13a3-e055-000000000001,"Argideen, Cork County",171.0,812.8654970760234,5.847953216374268,17.543859649122805,122.80701754385964,40.93567251461988,12.3
2ae19629-1f0d-13a3-e055-000000000001,"Aultagh, Cork County",150.0,853.3333333333334,0.0,0.0,133.33333333333334,13.333333333333334,13.3
2ae19629-1f17-13a3-e055-000000000001,"Ballinadee, Cork County",227.0,863.4361233480176,0.0,30.837004405286343,61.67400881057269,44.05286343612335,6.2
2ae19629-1f18-13a3-e055-000000000001,"Ballincollig, Cork County",446.0,948.4304932735425,0.0,20.179372197309416,31.390134529147982,0.0,3.1
2ae19629-1f19-13a3-e055-000000000001,"Ballingurteen, Cork County",280.0,889.2857142857142,0.0,3.571428571428571,85.71428571428571,21.428571428571427,8.6
2ae19629-1f21-13a3-e055-000000000001,"Ballinspittle, Cork County",309.0,818.7702265372169,3.236245954692557,9.70873786407767,93.85113268608414,74.4336569579288,9.4
2ae19629-1f22-13a3-e055-000000000001,"Ballintemple, Cork County",239.0,836.8200836820083,4.184100418410042,4.184100418410042,87.86610878661087,66.94560669456067,8.8
2ae19629-1f23-13a3-e055-000000000001,"Ballyarthur, Cork County",125.0,896.0,0.0,0.0,72.0,32.0,7.2
2ae19629-1f2b-13a3-e055-000000000001,"Ballybane, Cork County",165.0,787.8787878787879,6.0606060606060606,30.303030303030305,72.72727272727272,103.03030303030303,7.3
2ae19629-1f2c-13a3-e055-000000000001,"Ballyclogh, Cork County",278.0,920.8633093525181,0.0,7.194244604316547,71.94244604316546,0.0,7.2
2ae19629-1f2d-13a3-e055-000000000001,"Ballycottin, Cork County",897.0,774.8049052396879,15.60758082497213,10.033444816053512,65.77480490523968,133.7792642140468,6.6
2ae19629-1f36-13a3-e055-000000000001,"Ballydehob, Cork County",631.0,637.0839936608558,9.508716323296355,20.602218700475436,112.51980982567353,220.2852614896989,11.3
2ae19629-1f37-13a3-e055-000000000001,"Ballyfeard, Cork County",156.0,878.2051282051282,0.0,12.82051282051282,96.15384615384616,12.82051282051282,9.6
2ae19629-1f38-13a3-e055-000000000001,"Ballyfoyle, Cork County",157.0,847.1337579617834,6.369426751592357,31.84713375796178,76.43312101910827,38.216560509554135,7.6
2ae19629-1f39-13a3-e055-000000000001,"Ballygarvan, Cork County",635.0,959.0551181102362,0.0,14.173228346456693,26.771653543307085,0.0,2.7
2ae19629-1f43-13a3-e055-000000000001,"Ballygroman, Cork County",641.0,926.6770670826833,6.240249609984399,21.8408736349454,45.2418096723869,0.0,4.5
2ae19629-1f44-13a3-e055-000000000001,"Ballyhoolahan, Cork County",116.0,879.3103448275862,0.0,8.620689655172413,86.20689655172414,25.862068965517242,8.6
2ae19629-1f45-13a3-e055-000000000001,"Ballyhooly, Cork County",395.0,913.9240506329114,0.0,10.126582278481013,70.8860759493671,5.063291139240507,7.1
2ae19629-1f46-13a3-e055-000000000001,"Ballymackean, Cork County",164.0,835.3658536585366,0.0,18.29268292682927,36.58536585365854,109.7560975609756,3.7
2ae19629-1f4f-13a3-e055-000000000001,"Ballymartle, Cork County",485.0,927.8350515463918,6.185567010309278,18.556701030927837,43.298969072164944,4.123711340206186,4.3
2ae19629-1f50-13a3-e055-000000000001,"Ballymodan, Cork County",1805.0,908.5872576177285,0.554016620498615,21.052631578947366,68.14404432132964,1.6620498614958448,6.8
2ae19629-1f57-13a3-e055-000000000001,"Ballymoney, Cork County",379.0,849.6042216358838,5.277044854881266,2.638522427440633,126.6490765171504,15.8311345646438,12.7
2ae19629-1f58-13a3-e055-000000000001,"Ballymurphy, Cork County",323.0,950.4643962848297,0.0,6.191950464396285,37.151702786377705,6.191950464396285,3.7
2ae19629-1f59-13a3-e055-000000000001,"Ballynaglogh, Cork County",148.0,918.918918918919,0.0,6.756756756756757,74.32432432432432,0.0,7.4
2ae19629-1f66-13a3-e055-000000000001,"Ballynamona, Cork County",383.0,913.8381201044386,2.6109660574412534,2.6109660574412534,78.3289817232376,2.6109660574412534,7.8
2ae19629-1f67-13a3-e055-000000000001,"Ballynoe, Cork County",292.0,880.1369863013698,0.0,10.273972602739725,95.8904109589041,13.698630136986301,9.6
2ae19629-1f71-13a3-e055-000000000001,"Ballyspillane, Cork County",132.0,916.6666666666666,0.0,15.151515151515152,60.60606060606061,7.575757575757576,6.1
2ae19629-214a-13a3-e055-000000000001,"Bandon, Cork County",1144.0,849.6503496503497,3.4965034965034967,10.48951048951049,132.86713286713285,3.4965034965034967,13.3
2ae19629-1f72-13a3-e055-000000000001,"Banteer, Cork County",348.0,841.9540229885057,2.8735632183908044,17.241379310344826,123.5632183908046,14.367816091954023,12.4
2ae19629-1f74-13a3-e055-000000000001,"Bantry Urban, Cork County",1658.0,810.615199034982,12.062726176115802,24.728588661037396,110.37394451145958,42.21954161640531,11.0
2ae19629-1f80-13a3-e055-000000000001,"Barleyhill, Cork County",229.0,842.7947598253274,0.0,0.0,157.2052401746725,0.0,15.7
2ae19629-1f81-13a3-e055-000000000001,"Barnacurra, Cork County",106.0,820.7547169811321,9.433962264150942,9.433962264150942,132.0754716981132,28.30188679245283,13.2
2ae19629-1f89-13a3-e055-000000000001,"Baurleigh, Cork County",127.0,968.503937007874,0.0,7.874015748031496,23.62204724409449,0.0,2.4
2ae19629-1f8a-13a3-e055-000000000001,"Bawncross, Cork County",167.0,808.3832335329341,0.0,17.964071856287426,143.7125748502994,29.940119760479043,14.4
2ae19629-1f92-13a3-e055-000000000001,"Béal Átha an Ghaorthaidh (Dún Mánmhaí), Corcaigh",92.0,684.7826086956522,10.869565217391305,10.869565217391305,217.3913043478261,76.08695652173914,21.7
2ae19629-1f93-13a3-e055-000000000001,"Béal Átha an Ghaorthaidh (Maigh Chromtha), Corcaigh",267.0,808.9887640449438,0.0,37.453183520599254,112.35955056179775,41.19850187265917,11.2
2ae19629-1ef9-13a3-e055-000000000001,"Bealock, Cork County",120.0,816.6666666666666,8.333333333333334,25.0,116.66666666666667,33.333333333333336,11.7
2ae19629-1efa-13a3-e055-000000000001,"Bear, Cork County",241.0,385.89211618257264,24.896265560165972,8.298755186721992,41.49377593360996,539.4190871369294,4.1
2ae19629-1efb-13a3-e055-000000000001,"Bengour, Cork County",117.0,905.982905982906,0.0,8.547008547008549,85.47008547008546,0.0,8.5
2ae19629-1f05-13a3-e055-000000000001,"Blackpool, Cork County",363.0,944.9035812672176,0.0,8.264462809917356,44.0771349862259,2.7548209366391188,4.4
2ae19629-1f06-13a3-e055-000000000001,"Blarney, Cork County",220.0,936.3636363636364,0.0,4.545454545454545,59.090909090909086,0.0,5.9
2ae19629-1f0e-13a3-e055-000000000001,"Boherboy, Cork County",354.0,858.7570621468926,0.0,8.474576271186441,112.99435028248587,19.77401129943503,11.3
2ae19629-1f0f-13a3-e055-000000000001,"Boulteen, Cork County",263.0,885.9315589353613,7.604562737642586,19.011406844106464,68.44106463878327,19.011406844106464,6.8
2ae19629-1f10-13a3-e055-000000000001,"Bredagh, Cork County",334.0,802.3952095808384,5.9880239520958085,11.976047904191617,137.7245508982036,41.91616766467065,13.8
2ae19629-1f1a-13a3-e055-000000000001,"Brinny, Cork County",254.0,909.4488188976378,0.0,7.874015748031496,66.92913385826772,15.748031496062993,6.7
2ae19629-1f1b-13a3-e055-000000000001,"Butlerstown, Cork County",215.0,693.0232558139535,27.906976744186046,9.30232558139535,116.27906976744185,153.48837209302326,11.6
2ae19629-1f1c-13a3-e055-000000000001,"Buttevant, Cork County",876.0,865.296803652968,3.4246575342465753,5.707762557077626,122.14611872146118,3.4246575342465753,12.2
2ae19629-1f24-13a3-e055-000000000001,"Caheragh, Cork County",134.0,820.8955223880597,0.0,22.388059701492537,97.01492537313433,59.701492537313435,9.7
2ae19629-1f25-13a3-e055-000000000001,"Caherbarnagh, Cork County",231.0,852.8138528138528,4.329004329004329,12.987012987012989,112.55411255411256,17.316017316017316,11.3
2ae19629-1f2e-13a3-e055-000000000001,"Caherduggan, Cork County",251.0,908.3665338645418,0.0,11.952191235059761,75.69721115537848,3.9840637450199203,7.6
2ae19629-1f2f-13a3-e055-000000000001,"Caherlag, Cork County",1368.0,922.514619883041,3.654970760233918,15.350877192982455,53.3625730994152,5.116959064327485,5.3
2ae19629-1f30-13a3-e055-000000000001,"Cahermore, Cork County",188.0,797.8723404255319,5.319148936170213,5.319148936170213,132.9787234042553,58.51063829787234,13.3
2ae19629-1f3a-13a3-e055-000000000001,"Ceann Droma, Corcaigh",146.0,842.4657534246576,0.0,0.0,143.83561643835617,13.698630136986301,14.4
2ae19629-1f3b-13a3-e055-000000000001,"Cannaway, Cork County",234.0,935.8974358974359,0.0,0.0,59.82905982905983,4.273504273504274,6.0
2ae19629-1f3c-13a3-e055-000000000001,"Cléire, Corcaigh",289.0,470.5882352941176,31.141868512110726,34.602076124567475,121.10726643598616,342.560553633218,12.1
2ae19629-1f3d-13a3-e055-000000000001,"Carrig, Cork County, 047069",103.0,844.6601941747573,0.0,29.12621359223301,126.2135922330097,0.0,12.6
2ae19629-1f47-13a3-e055-000000000001,"Carrig, Cork County, 047070",55.0,945.4545454545454,0.0,0.0,36.36363636363636,18.18181818181818,3.6
2ae19629-1f48-13a3-e055-000000000001,"Carrigaline, Cork County, 047071",1193.0,930.4274937133277,0.8382229673093042,18.440905280804692,33.52891869237217,16.764459346186086,3.4
2ae19629-1f49-13a3-e055-000000000001,"Carrigaline, Cork County, 047072",4764.0,943.534844668346,1.4693534844668346,20.151133501259444,31.486146095717885,3.3585222502099077,3.1
2ae19629-1f51-13a3-e055-000000000001,"Carrigbaun, Cork County",176.0,829.5454545454546,5.681818181818182,5.681818181818182,107.95454545454545,51.13636363636364,10.8
2ae19629-1f52-13a3-e055-000000000001,"Carrigboy, Cork County",205.0,848.780487804878,0.0,4.878048780487805,146.34146341463415,0.0,14.6
2ae19629-1f5a-13a3-e055-000000000001,"Carrignavar, Cork County",442.0,954.7511312217196,0.0,4.524886877828055,38.46153846153847,2.2624434389140275,3.8
2ae19629-1f5b-13a3-e055-000000000001,"Carrigrohanebeg, Cork County",232.0,952.5862068965517,0.0,8.620689655172413,30.17241379310345,8.620689655172413,3.0
2ae19629-1f68-13a3-e055-000000000001,"Carrigtohill, Cork County",2952.0,930.2168021680217,1.016260162601626,15.92140921409214,51.490514905149055,1.3550135501355014,5.1
2ae19629-1f69-13a3-e055-000000000001,"Cashel, Cork County",155.0,935.4838709677418,0.0,0.0,64.51612903225806,0.0,6.5
2ae19629-1f6a-13a3-e055-000000000001,"Castle Hyde, Cork County",291.0,924.3986254295534,6.8728522336769755,10.309278350515465,54.982817869415804,3.4364261168384878,5.5
2ae19629-1f75-13a3-e055-000000000001,"Castlecooke, Cork County",77.0,909.090909090909,12.987012987012989,12.987012987012989,64.93506493506493,0.0,6.5
2ae19629-1f76-13a3-e055-000000000001,"Castlecor, Cork County",189.0,904.7619047619048,0.0,0.0,89.94708994708994,5.291005291005291,9.0
2ae19629-1f77-13a3-e055-000000000001,"Castlehaven North, Cork County",501.0,626.746506986028,11.976047904191617,33.93213572854292,123.75249500998004,203.59281437125748,12.4
2ae19629-1f78-13a3-e055-000000000001,"Castlehaven South, Cork County",321.0,601.2461059190031,18.69158878504673,15.576323987538942,87.22741433021807,277.25856697819313,8.7
2ae19629-1f79-13a3-e055-000000000001,"Castlelyons, Cork County",459.0,899.7821350762528,0.0,17.42919389978214,82.78867102396515,0.0,8.3
2ae19629-1f82-13a3-e055-000000000001,"Castlemagner, Cork County",282.0,911.3475177304965,14.184397163120567,3.5460992907801416,70.92198581560284,0.0,7.1
2ae19629-1f83-13a3-e055-000000000001,"Castlemartyr, Cork County",397.0,866.4987405541563,2.5188916876574305,10.075566750629722,85.64231738035265,35.26448362720403,8.6
2ae19629-1f8b-13a3-e055-000000000001,"Castletown, Cork County",205.0,829.2682926829268,4.878048780487805,4.878048780487805,136.58536585365854,24.390243902439025,13.7
2ae19629-1f84-13a3-e055-000000000001,"Castletownroche, Cork County",432.0,861.1111111111112,4.62962962962963,20.833333333333332,94.90740740740742,18.51851851851852,9.5
2ae19629-1f8c-13a3-e055-000000000001,"Castleventry, Cork County",110.0,854.5454545454545,0.0,0.0,118.18181818181817,27.27272727272727,11.8
2ae19629-1f94-13a3-e055-000000000001,"Churchtown, Cork County",509.0,836.9351669941061,11.787819253438114,7.858546168958742,133.59528487229863,9.823182711198427,13.4
2ae19629-1f95-13a3-e055-000000000001,"Claonráth, Corcaigh",103.0,776.6990291262135,0.0,38.83495145631068,165.0485436893204,19.41747572815534,16.5
2ae19629-1ef3-13a3-e055-000000000001,"Clenor, Cork County",150.0,846.6666666666666,0.0,13.333333333333334,126.66666666666667,13.333333333333334,12.7
2ae19629-1ef4-13a3-e055-000000000001,"Cloghdonnell, Cork County",181.0,795.5801104972376,22.099447513812155,11.049723756906078,116.02209944751381,55.248618784530386,11.6
2ae19629-1f11-13a3-e055-000000000001,"Clonakilty Rural, Cork County",922.0,767.8958785249458,16.268980477223426,11.93058568329718,88.93709327548807,114.96746203904556,8.9
2ae19629-1f12-13a3-e055-000000000001,"Clonakilty Urban, Cork County",2012.0,829.0258449304175,5.467196819085488,19.880715705765407,95.42743538767395,50.19880715705766,9.5
2ae19629-1f13-13a3-e055-000000000001,"Clondrohid, Cork County",371.0,870.6199460916441,0.0,8.086253369272237,121.29380053908356,0.0,12.1
2ae19629-1f1d-13a3-e055-000000000001,"Clonfert East, Cork County",162.0,839.5061728395061,6.172839506172839,24.691358024691358,111.1111111111111,18.51851851851852,11.1
2ae19629-1f1e-13a3-e055-000000000001,"Clonfert West, Cork County",71.0,887.3239436619718,14.084507042253522,0.0,98.59154929577464,0.0,9.9
2ae19629-1f26-13a3-e055-000000000001,"Clonmeen, Cork County",124.0,870.9677419354839,0.0,16.129032258064516,96.77419354838709,16.129032258064516,9.7
2ae19629-1f27-13a3-e055-000000000001,"Clonmoyle, Cork County",229.0,890.829694323144,4.366812227074235,13.100436681222707,82.96943231441048,8.73362445414847,8.3
2ae19629-1f28-13a3-e055-000000000001,"Clonmult, Cork County",77.0,831.1688311688313,0.0,12.987012987012989,155.84415584415584,0.0,15.6
2ae19629-1f31-13a3-e055-000000000001,"Clonpriest, Cork County",514.0,774.31906614786,7.782101167315175,7.782101167315175,62.2568093385214,147.85992217898834,6.2
2ae19629-1f32-13a3-e055-000000000001,"Cloonkeen, Cork County",174.0,798.8505747126436,11.494252873563218,11.494252873563218,137.9310344827586,40.229885057471265,13.8
2ae19629-1f3e-13a3-e055-000000000001,"Cloyne, Cork County",1776.0,921.7342342342342,0.5630630630630631,14.076576576576576,57.99549549549549,5.63063063063063,5.8
2ae19629-1f3f-13a3-e055-000000000001,"Cobh Rural, Cork County",3237.0,911.33765832561,9.576768612913192,18.535681186283593,47.265987025023165,13.283904850169911,4.7
2ae19629-1f40-13a3-e055-000000000001,"Cobh Urban, Cork County",3178.0,891.1264946507237,6.293266205160479,15.103838892385149,75.20453115166771,12.271869100062933,7.5
2ae19629-1f4a-13a3-e055-000000000001,"Coolagh, Cork County",114.0,815.7894736842105,0.0,17.543859649122805,35.08771929824561,131.57894736842104,3.5
2ae19629-1f4b-13a3-e055-000000000001,"Coolclogh, Cork County",153.0,908.4967320261438,0.0,6.5359477124183005,65.35947712418302,19.607843137254903,6.5
2ae19629-1f4c-13a3-e055-000000000001,"Coolcraheen, Cork County",293.0,832.7645051194539,6.825938566552901,13.651877133105803,109.21501706484642,37.54266211604096,10.9
2ae19629-1f53-13a3-e055-000000000001,"Coole, Cork County",461.0,878.5249457700651,0.0,15.184381778741864,97.61388286334056,8.676789587852495,9.8
2ae19629-1f54-13a3-e055-000000000001,"Coolmain, Cork County",181.0,872.9281767955802,5.524861878453039,11.049723756906078,44.19889502762431,66.29834254143645,4.4
2ae19629-1f5c-13a3-e055-000000000001,"Coolmountain, Cork County",200.0,770.0,0.0,0.0,135.0,95.0,13.5
2ae19629-1f5d-13a3-e055-000000000001,"Coomlogane, Cork County",468.0,854.7008547008546,6.41025641025641,10.683760683760683,115.38461538461539,12.82051282051282,11.5
2ae19629-1f5e-13a3-e055-000000000001,"Corkbeg, Cork County",1117.0,777.9767233661593,42.07699194270367,6.266786034019696,54.61056401074306,119.06893464637422,5.5
2ae19629-1f5f-13a3-e055-000000000001,"Coulagh, Cork County",442.0,563.3484162895927,24.886877828054295,4.524886877828055,79.18552036199095,328.0542986425339,7.9
2ae19629-1f6b-13a3-e055-000000000001,"Courtmacsherry, Cork County",606.0,569.3069306930693,24.752475247524753,31.35313531353135,66.006600660066,308.5808580858086,6.6
2ae19629-1f6c-13a3-e055-000000000001,"Crinnaloo, Cork County",82.0,890.2439024390244,0.0,24.390243902439025,85.3658536585366,0.0,8.5
2ae19629-1f6d-13a3-e055-000000000001,"Crookhaven, Cork County",355.0,261.97183098591546,11.267605633802818,11.267605633802818,84.50704225352112,630.9859154929578,8.5
2ae19629-1f6e-13a3-e055-000000000001,"Cullen, Cork County, 047120",191.0,931.937172774869,0.0,20.942408376963353,31.413612565445025,15.706806282722512,3.1
2ae19629-1f7a-13a3-e055-000000000001,"Cullen, Cork County, 047121",203.0,847.2906403940887,4.926108374384237,9.852216748768473,108.37438423645321,29.556650246305416,10.8
2ae19629-1f7b-13a3-e055-000000000001,"Curraglass, Cork County",164.0,878.0487804878048,6.097560975609756,0.0,79.26829268292683,36.58536585365854,7.9
2ae19629-1f7c-13a3-e055-000000000001,"Curryglass, Cork County",289.0,608.9965397923876,17.301038062283737,13.84083044982699,100.34602076124567,259.51557093425606,10.0
2ae19629-1f7d-13a3-e055-000000000001,"Dangan, Cork County",90.0,944.4444444444445,0.0,11.11111111111111,44.44444444444444,0.0,4.4
2ae19629-1f85-13a3-e055-000000000001,"Derragh, Cork County",104.0,807.6923076923077,0.0,28.846153846153847,134.6153846153846,28.846153846153847,13.5
2ae19629-1f86-13a3-e055-000000000001,"Derry, Cork County",262.0,740.4580152671756,3.8167938931297707,3.8167938931297707,99.23664122137404,152.67175572519085,9.9
2ae19629-1f8e-13a3-e055-000000000001,"Doire Fhínín, Corcaigh",103.0,825.2427184466019,0.0,0.0,174.75728155339806,0.0,17.5
2ae19629-1f8f-13a3-e055-000000000001,"Derryvillane, Cork County",210.0,900.0,0.0,14.285714285714285,80.95238095238096,4.761904761904763,8.1
2ae19629-1f96-13a3-e055-000000000001,"Doneraile, Cork County",673.0,879.6433878157503,2.9717682020802374,14.858841010401187,89.15304606240713,13.372956909361069,8.9
2ae19629-1f97-13a3-e055-000000000001,"Doonasleen, Cork County",186.0,865.5913978494624,5.376344086021506,0.0,75.26881720430107,53.763440860215056,7.5
2ae19629-1ef5-13a3-e055-000000000001,"Douce, Cork County",133.0,759.3984962406015,7.518796992481203,0.0,172.93233082706766,60.150375939849624,17.3
2ae19629-1ef6-13a3-e055-000000000001,"Douglas, Cork County",52.0,903.8461538461538,0.0,38.46153846153847,57.69230769230769,0.0,5.8
2ae19629-1efd-13a3-e055-000000000001,"Drinagh, Cork County, 047133",167.0,814.3712574850299,5.9880239520958085,11.976047904191617,107.78443113772455,59.880239520958085,10.8
2ae19629-1efe-13a3-e055-000000000001,"Drinagh, Cork County, 047134",117.0,786.3247863247863,8.547008547008549,8.547008547008549,188.03418803418802,8.547008547008549,18.8
2ae19629-1eff-13a3-e055-000000000001,"Dripsey, Cork County",571.0,907.1803852889667,3.502626970227671,12.259194395796849,71.80385288966724,5.253940455341506,7.2
2ae19629-1f07-13a3-e055-000000000001,"Drishane, Cork County",811.0,861.8988902589397,2.466091245376079,6.165228113440198,108.50801479654747,20.96177558569667,10.9
2ae19629-1f00-13a3-e055-000000000001,"Dromdaleague North, Cork County",117.0,871.7948717948718,8.547008547008549,8.547008547008549,102.56410256410255,8.547008547008549,10.3
2ae19629-1f08-13a3-e055-000000000001,"Dromdaleague South, Cork County",265.0,818.867924528302,3.7735849056603774,15.09433962264151,98.11320754716982,64.15094339622641,9.8
2ae19629-1f01-13a3-e055-000000000001,"Dromina, Cork County",265.0,860.377358490566,0.0,3.7735849056603774,124.52830188679245,11.320754716981131,12.5
2ae19629-1f02-13a3-e055-000000000001,"Dromore, Cork County",1043.0,911.7929050814956,2.876318312559923,2.876318312559923,77.66059443911793,4.793863854266539,7.8
2ae19629-1f09-13a3-e055-000000000001,"Dunbeacon, Cork County",131.0,610.6870229007634,0.0,22.900763358778626,76.33587786259542,290.07633587786256,7.6
2ae19629-1f0a-13a3-e055-000000000001,"Dunderrow, Cork County",602.0,925.249169435216,0.0,14.950166112956811,51.495016611295675,8.305647840531561,5.1
2ae19629-1f14-13a3-e055-000000000001,"Dungourney, Cork County",256.0,929.6875,0.0,11.71875,54.6875,3.90625,5.5
2ae19629-1f15-13a3-e055-000000000001,"Dunmanus, Cork County",159.0,622.6415094339623,12.578616352201259,12.578616352201259,69.18238993710692,283.0188679245283,6.9
2ae19629-1f16-13a3-e055-000000000001,"Dunmanway North, Cork County",583.0,850.7718696397941,1.7152658662092624,1.7152658662092624,133.79073756432248,12.006861063464836,13.4
2ae19629-1f1f-13a3-e055-000000000001,"Dunmanway South, Cork County",673.0,870.7280832095097,0.0,14.858841010401187,101.04011887072808,13.372956909361069,10.1
2ae19629-1f20-13a3-e055-000000000001,"Durrus East, Cork County",146.0,719.1780821917808,13.698630136986301,20.54794520547945,54.794520547945204,191.7808219178082,5.5
2ae19629-1f29-13a3-e055-000000000001,"Durrus West, Cork County",420.0,700.0,4.761904761904763,21.428571428571427,102.38095238095238,171.42857142857142,10.2
2ae19629-1f2a-13a3-e055-000000000001,"Farahy, Cork County",182.0,862.6373626373627,0.0,16.483516483516485,87.91208791208791,32.96703296703297,8.8
2ae19629-1f33-13a3-e055-000000000001,"Farranbrien, Cork County",219.0,881.2785388127854,0.0,13.698630136986301,63.926940639269404,41.0958904109589,6.4
2ae19629-1f34-13a3-e055-000000000001,"Fermoy Rural, Cork County",1883.0,934.6787041954328,1.5932023366967605,13.276686139139672,48.85820499203398,1.5932023366967605,4.9
2ae19629-1f35-13a3-e055-000000000001,"Fermoy Urban, Cork County",1300.0,852.3076923076924,3.076923076923077,16.153846153846153,126.15384615384615,2.307692307692308,12.6
2ae19629-1f41-13a3-e055-000000000001,"Firmount, Cork County",260.0,903.8461538461538,3.8461538461538463,3.8461538461538463,84.61538461538461,3.8461538461538463,8.5
2ae19629-1f42-13a3-e055-000000000001,"Garranes, Cork County",164.0,859.7560975609756,6.097560975609756,12.195121951219512,97.5609756097561,24.390243902439025,9.8
2ae19629-1f4d-13a3-e055-000000000001,"Garrown, Cork County",130.0,815.3846153846154,0.0,0.0,115.38461538461539,69.23076923076924,11.5
2ae19629-1f4e-13a3-e055-000000000001,"Garryvoe, Cork County",281.0,839.8576512455516,14.234875444839856,10.676156583629894,53.38078291814947,81.85053380782918,5.3
2ae19629-1f55-13a3-e055-000000000001,"Glanlough, Cork County",181.0,497.23756906077347,27.624309392265193,33.14917127071823,138.12154696132598,303.8674033149171,13.8
2ae19629-1f56-13a3-e055-000000000001,"Glanworth East, Cork County",173.0,890.1734104046243,0.0,5.780346820809248,92.48554913294797,11.560693641618496,9.2
2ae19629-1f60-13a3-e055-000000000001,"Glanworth West, Cork County",467.0,888.6509635974304,2.1413276231263385,6.423982869379015,98.50107066381156,4.282655246252677,9.9
2ae19629-1f61-13a3-e055-000000000001,"Glengarriff, Cork County",641.0,689.5475819032762,21.8408736349454,31.201248049921997,81.1232449297972,176.28705148205927,8.1
2ae19629-1f62-13a3-e055-000000000001,"Glenlara, Cork County",164.0,890.2439024390244,0.0,6.097560975609756,103.65853658536585,0.0,10.4
2ae19629-1f63-13a3-e055-000000000001,"Glenville, Cork County",230.0,952.1739130434784,0.0,17.391304347826086,26.08695652173913,4.3478260869565215,2.6
2ae19629-1f64-13a3-e055-000000000001,"Goleen, Cork County",314.0,321.656050955414,12.738853503184714,15.92356687898089,101.91082802547771,547.7707006369427,10.2
2ae19629-1f65-13a3-e055-000000000001,"Gortmore, Cork County",82.0,926.829268292683,0.0,0.0,73.17073170731707,0.0,7.3
2ae19629-1f6f-13a3-e055-000000000001,"Gortnascreeny, Cork County",240.0,800.0,4.166666666666667,4.166666666666667,108.33333333333334,83.33333333333333,10.8
2ae19629-1f70-13a3-e055-000000000001,"Gortnaskehy, Cork County",127.0,834.6456692913385,0.0,7.874015748031496,157.48031496062993,0.0,15.7
2ae19629-1f7e-13a3-e055-000000000001,"Gort na Tiobratan, Corcaigh",207.0,835.7487922705315,4.830917874396135,9.66183574879227,120.77294685990337,28.985507246376812,12.1
2ae19629-1f7f-13a3-e055-000000000001,"Gortroe, Cork County",288.0,947.9166666666666,0.0,0.0,52.083333333333336,0.0,5.2
2ae19629-1f87-13a3-e055-000000000001,"Gowlane, Cork County",470.0,927.6595744680851,2.127659574468085,4.25531914893617,61.702127659574465,4.25531914893617,6.2
2ae19629-1f88-13a3-e055-000000000001,"Greenane, Cork County",633.0,876.7772511848341,1.5797788309636651,15.79778830963665,101.10584518167457,4.739336492890995,10.1
2ae19629-1f90-13a3-e055-000000000001,"Greenfort, Cork County",270.0,948.1481481481482,0.0,3.7037037037037037,48.148148148148145,0.0,4.8
2ae19629-1f91-13a3-e055-000000000001,"Greenville, Cork County",112.0,883.9285714285714,0.0,0.0,116.07142857142857,0.0,11.6
2ae19629-1f98-13a3-e055-000000000001,"Ightermurragh, Cork County",1173.0,923.2736572890026,2.557544757033248,5.967604433077579,56.265984654731454,11.935208866155158,5.6
2ae19629-1f99-13a3-e055-000000000001,"Imphrick, Cork County",160.0,837.5,0.0,25.0,131.25,6.25,13.1
2ae19629-1ef7-13a3-e055-000000000001,"Inch, Cork County",237.0,873.4177215189874,4.219409282700422,4.219409282700422,59.07172995780591,59.07172995780591,5.9
2ae19629-1ef8-13a3-e055-000000000001,"Inchigeelagh, Cork County",276.0,822.463768115942,0.0,7.246376811594203,148.55072463768116,21.73913043478261,14.9
2ae19629-1f03-13a3-e055-000000000001,"Inishannon, Cork County",770.0,931.1688311688312,0.0,18.18181818181818,45.45454545454545,5.194805194805195,4.5
2ae19629-1f04-13a3-e055-000000000001,"Inishkenny, Cork County",355.0,932.3943661971831,0.0,28.169014084507044,39.43661971830986,0.0,3.9
2ae19629-211e-13a3-e055-000000000001,"Kanturk, Cork County",1057.0,859.9810785241249,3.7842951750236518,20.813623462630087,111.63670766319774,3.7842951750236518,11.2
2ae19629-211f-13a3-e055-000000000001,"Keale, Cork County",147.0,823.1292517006802,0.0,6.802721088435374,129.2517006802721,40.816326530612244,12.9
2ae19629-2126-13a3-e055-000000000001,"Kealkill, Cork County",256.0,808.59375,0.0,7.8125,117.1875,66.40625,11.7
2ae19629-2127-13a3-e055-000000000001,"Kilberrihert, Cork County",293.0,894.19795221843,3.4129692832764507,6.825938566552901,92.15017064846415,3.4129692832764507,9.2
2ae19629-2128-13a3-e055-000000000001,"Kilbonane, Cork County",435.0,954.0229885057471,0.0,6.896551724137931,39.08045977011494,0.0,3.9
2ae19629-2132-13a3-e055-000000000001,"Kilbrin, Cork County",148.0,891.8918918918919,0.0,6.756756756756757,94.5945945945946,6.756756756756757,9.5
2ae19629-2133-13a3-e055-000000000001,"Kilbrittain, Cork County",248.0,899.1935483870967,8.064516129032258,20.161290322580644,44.35483870967742,28.225806451612904,4.4
2ae19629-213c-13a3-e055-000000000001,"Kilbrogan, Cork County",1031.0,942.7740058195926,0.9699321047526673,15.518913676042677,35.887487875848684,4.849660523763337,3.6
2ae19629-213d-13a3-e055-000000000001,"Kilcaskan, Cork County",664.0,558.7349397590361,10.542168674698795,6.024096385542169,155.12048192771087,269.5783132530121,15.5
2ae19629-213e-13a3-e055-000000000001,"Kilcatherine, Cork County",580.0,555.1724137931035,20.689655172413794,12.068965517241379,108.62068965517241,303.44827586206895,10.9
2ae19629-213f-13a3-e055-000000000001,"Kilcoe, Cork County",255.0,698.0392156862745,19.607843137254903,11.76470588235294,125.49019607843137,145.0980392156863,12.5
2ae19629-2140-13a3-e055-000000000001,"Kilcor, Cork County",167.0,910.1796407185628,0.0,5.9880239520958085,71.8562874251497,11.976047904191617,7.2
2ae19629-2141-13a3-e055-000000000001,"Kilcorney, Cork County",142.0,880.2816901408452,0.0,7.042253521126761,98.59154929577464,14.084507042253522,9.9
2ae19629-214f-13a3-e055-000000000001,"Kilcronat, Cork County",69.0,942.0289855072464,0.0,0.0,57.971014492753625,0.0,5.8
2ae19629-2150-13a3-e055-000000000001,"Kilcullen, Cork County",307.0,928.3387622149837,0.0,9.771986970684038,58.63192182410423,3.257328990228013,5.9
2ae19629-2151-13a3-e055-000000000001,"Kilcummer, Cork County",115.0,895.6521739130435,0.0,8.695652173913043,95.65217391304348,0.0,9.6
2ae19629-2168-13a3-e055-000000000001,"Kildinan, Cork County",227.0,916.2995594713657,0.0,13.215859030837004,70.48458149779736,0.0,7.0
2ae19629-2169-13a3-e055-000000000001,"Kildorrery, Cork County",331.0,891.238670694864,3.0211480362537766,9.06344410876133,81.57099697885197,15.105740181268883,8.2
2ae19629-2185-13a3-e055-000000000001,"Kilfaughnabeg, Cork County",410.0,565.8536585365853,7.317073170731708,19.51219512195122,109.7560975609756,297.5609756097561,11.0
2ae19629-2186-13a3-e055-000000000001,"Kilgullane, Cork County",61.0,918.032786885246,0.0,0.0,49.18032786885246,32.786885245901644,4.9
2ae19629-219b-13a3-e055-000000000001,"Kilkerranmore, Cork County",220.0,886.3636363636364,4.545454545454545,13.636363636363635,68.18181818181817,27.27272727272727,6.8
2ae19629-219c-13a3-e055-000000000001,"Killaconenagh, Cork County",949.0,719.7049525816649,8.429926238145416,24.236037934668072,126.44889357218125,121.18018967334037,12.6
2ae19629-219d-13a3-e055-000000000001,"Killathy, Cork County",169.0,840.2366863905326,17.75147928994083,0.0,136.09467455621302,5.9171597633136095,13.6
2ae19629-219e-13a3-e055-000000000001,"Killeagh, Cork County, 047202",582.0,920.9621993127147,1.7182130584192439,17.182130584192443,53.26460481099656,6.8728522336769755,5.3
2ae19629-21b8-13a3-e055-000000000001,"Killeagh, Cork County, 047203",227.0,929.5154185022027,4.405286343612335,8.81057268722467,57.268722466960355,0.0,5.7
2ae19629-21b9-13a3-e055-000000000001,"Killeenleagh, Cork County",171.0,771.9298245614035,5.847953216374268,35.08771929824561,157.89473684210526,29.239766081871345,15.8
2ae19629-21c4-13a3-e055-000000000001,"Kilmacdonogh, Cork County",436.0,844.0366972477065,0.0,16.055045871559635,80.27522935779817,59.633027522935784,8.0
2ae19629-21c5-13a3-e055-000000000001,"Kilmaclenine, Cork County",294.0,901.3605442176871,6.802721088435374,17.006802721088437,68.02721088435375,6.802721088435374,6.8
2ae19629-21d2-13a3-e055-000000000001,"Kilmaloda East, Cork County",150.0,846.6666666666666,0.0,6.666666666666667,126.66666666666667,20.0,12.7
2ae19629-21d3-13a3-e055-000000000001,"Kilmaloda West, Cork County",87.0,839.0804597701149,0.0,11.494252873563218,114.94252873563218,34.48275862068965,11.5
2ae19629-21d4-13a3-e055-000000000001,"Kilmeen, Cork County",140.0,842.8571428571429,7.142857142857142,0.0,142.85714285714286,7.142857142857142,14.3
2ae19629-21dd-13a3-e055-000000000001,"Kilmonoge, Cork County",444.0,934.6846846846847,2.2522522522522523,11.26126126126126,38.288288288288285,13.513513513513514,3.8
2ae19629-21de-13a3-e055-000000000001,"Kilmoylerane, Cork County",115.0,895.6521739130435,0.0,0.0,95.65217391304348,8.695652173913043,9.6
2ae19629-21df-13a3-e055-000000000001,"Kilnagross, Cork County",249.0,863.4538152610442,0.0,8.032128514056224,112.44979919678714,16.064257028112447,11.2
2ae19629-21e0-13a3-e055-000000000001,"Kilnamanagh, Cork County",251.0,609.5617529880478,23.904382470119522,3.9840637450199203,59.76095617529881,302.78884462151393,6.0
2ae19629-21e7-13a3-e055-000000000001,"Cill na Martra, Corcaigh",279.0,888.8888888888888,0.0,3.5842293906810037,89.60573476702508,17.921146953405017,9.0
2ae19629-21e8-13a3-e055-000000000001,"Kilpatrick, Cork County",195.0,928.2051282051283,0.0,5.128205128205129,66.66666666666667,0.0,6.7
2ae19629-21e9-13a3-e055-000000000001,"Kilphelan, Cork County",206.0,927.1844660194175,0.0,0.0,58.25242718446602,14.563106796116505,5.8
2ae19629-21f0-13a3-e055-000000000001,"Kilshannig, Cork County",446.0,892.3766816143498,2.242152466367713,6.72645739910314,96.41255605381166,2.242152466367713,9.6
2ae19629-21f1-13a3-e055-000000000001,"Kilworth, Cork County",682.0,929.6187683284458,2.932551319648094,7.331378299120235,52.78592375366569,7.331378299120235,5.3
2ae19629-2109-13a3-e055-000000000001,"Kinneigh, Cork County",183.0,836.0655737704918,0.0,0.0,147.54098360655738,16.393442622950822,14.8
2ae19629-210a-13a3-e055-000000000001,"Kinsale Rural, Cork County",2267.0,812.086457873842,16.762240846934272,27.34891927657697,62.19673577415086,81.60564622849581,6.2
2ae19629-210b-13a3-e055-000000000001,"Kinsale Urban, Cork County",1417.0,733.2392378263937,14.114326040931546,29.640084685956246,104.44601270289344,118.56033874382499,10.4
2ae19629-2114-13a3-e055-000000000001,"Kinure, Cork County",189.0,708.994708994709,15.873015873015872,26.455026455026452,68.78306878306879,179.89417989417987,6.9
2ae19629-2115-13a3-e055-000000000001,"Knockantota, Cork County",361.0,927.9778393351801,0.0,2.770083102493075,69.25207756232687,0.0,6.9
2ae19629-2120-13a3-e055-000000000001,"Knockatooan, Cork County",159.0,773.5849056603774,0.0,0.0,213.8364779874214,12.578616352201259,21.4
2ae19629-2121-13a3-e055-000000000001,"Knockavilly, Cork County",157.0,923.5668789808917,6.369426751592357,6.369426751592357,63.69426751592356,0.0,6.4
2ae19629-2129-13a3-e055-000000000001,"Knockmourne, Cork County",540.0,890.7407407407408,0.0,1.8518518518518519,81.4814814814815,25.925925925925924,8.1
2ae19629-212a-13a3-e055-000000000001,"Knocknagree, Cork County",311.0,826.3665594855305,9.64630225080386,6.430868167202572,131.8327974276527,25.723472668810288,13.2
2ae19629-212b-13a3-e055-000000000001,"Knockraha, Cork County",570.0,943.859649122807,0.0,8.771929824561402,47.36842105263158,0.0,4.7
2ae19629-212c-13a3-e055-000000000001,"Knockroe, Cork County",284.0,894.3661971830986,3.5211267605633805,17.605633802816904,66.90140845070422,17.605633802816904,6.7
2ae19629-2134-13a3-e055-000000000001,"Knocks, Cork County",120.0,925.0,8.333333333333334,16.666666666666668,50.0,0.0,5.0
2ae19629-2135-13a3-e055-000000000001,"Knockskagh, Cork County",300.0,736.6666666666667,3.3333333333333335,23.333333333333336,90.0,146.66666666666666,9.0
2ae19629-2142-13a3-e055-000000000001,"Knocktemple, Cork County",218.0,848.6238532110092,0.0,4.587155963302752,114.67889908256882,32.11009174311927,11.5
2ae19629-2143-13a3-e055-000000000001,"Laherne, Cork County",231.0,835.4978354978355,12.987012987012989,21.645021645021643,64.93506493506493,64.93506493506493,6.5
2ae19629-2152-13a3-e055-000000000001,"Leighmoney, Cork County",284.0,908.4507042253521,0.0,3.5211267605633805,66.90140845070422,21.12676056338028,6.7
2ae19629-2153-13a3-e055-000000000001,"Leitrim, Cork County",131.0,908.3969465648854,0.0,7.633587786259541,68.70229007633588,15.267175572519083,6.9
2ae19629-2154-13a3-e055-000000000001,"Liscarroll, Cork County",279.0,838.7096774193549,0.0,10.752688172043012,129.03225806451613,21.505376344086024,12.9
2ae19629-216a-13a3-e055-000000000001,"Liscleary, Cork County",1702.0,951.8213866039953,1.7626321974148063,13.513513513513514,29.964747356051706,2.937720329024677,3.0
2ae19629-216b-13a3-e055-000000000001,"Lisgoold, Cork County",363.0,939.3939393939395,2.7548209366391188,8.264462809917356,49.586776859504134,0.0,5.0
2ae19629-216c-13a3-e055-000000000001,"Lowertown, Cork County",167.0,604.7904191616766,23.952095808383234,29.940119760479043,83.8323353293413,257.4850299401197,8.4
2ae19629-216d-13a3-e055-000000000001,"Macloneigh, Cork County",353.0,895.1841359773372,8.4985835694051,2.8328611898017,93.48441926345609,0.0,9.3
2ae19629-216e-13a3-e055-000000000001,"Macroom Urban, Cork County",1894.0,865.3643083421331,2.1119324181626187,10.03167898627244,118.26821541710665,4.223864836325237,11.8
2ae19629-2187-13a3-e055-000000000001,"Magourney, Cork County",455.0,942.8571428571429,2.197802197802198,15.384615384615385,32.96703296703297,6.593406593406593,3.3
2ae19629-2149-13a3-e055-000000000001,"Mallow North Urban, Cork County",2659.0,873.6367055283941,2.2564874012786764,14.29108687476495,108.6874764949229,1.1282437006393382,10.9
2ae19629-2188-13a3-e055-000000000001,"Mallow Rural, Cork County",1819.0,924.6838922484882,2.7487630566245187,9.895547003848268,59.92303463441451,2.7487630566245187,6.0
2ae19629-2189-13a3-e055-000000000001,"Mallow South Urban, Cork County",1378.0,877.3584905660377,0.7256894049346879,14.513788098693759,104.49927431059507,2.9027576197387517,10.4
2ae19629-219f-13a3-e055-000000000001,"Manch, Cork County",226.0,862.8318584070796,4.424778761061947,4.424778761061947,110.61946902654867,17.699115044247787,11.1
2ae19629-21a0-13a3-e055-000000000001,"Marshalstown, Cork County",157.0,904.4585987261147,0.0,19.108280254777068,70.06369426751593,6.369426751592357,7.0
2ae19629-21a1-13a3-e055-000000000001,"Mashanaglass, Cork County",178.0,910.1123595505618,0.0,5.617977528089887,84.26966292134831,0.0,8.4
2ae19629-21ba-13a3-e055-000000000001,"Matehy, Cork County",516.0,937.984496124031,3.875968992248062,5.813953488372093,50.3875968992248,1.937984496124031,5.0
2ae19629-21bb-13a3-e055-000000000001,"Mealagh, Cork County",186.0,779.5698924731182,16.129032258064516,16.129032258064516,123.65591397849462,64.51612903225806,12.4
2ae19629-21c6-13a3-e055-000000000001,"Meens, Cork County",214.0,822.4299065420561,0.0,9.345794392523365,130.8411214953271,37.38317757009346,13.1
2ae19629-21c7-13a3-e055-000000000001,"Midleton Rural, Cork County",3552.0,948.4797297297297,1.6891891891891893,16.32882882882883,31.25,2.2522522522522523,3.1
2ae19629-21c8-13a3-e055-000000000001,"Midleton Urban, Cork County",1813.0,871.4837286265857,3.309431880860452,23.166023166023166,93.21566464423607,8.82515168229454,9.3
2ae19629-21d5-13a3-e055-000000000001,"Milane, Cork County",83.0,795.1807228915662,12.048192771084338,0.0,144.57831325301206,48.19277108433735,14.5
2ae19629-21d6-13a3-e055-000000000001,"Milford, Cork County",287.0,864.1114982578397,0.0,17.421602787456447,111.49825783972125,6.968641114982578,11.1
2ae19629-21d7-13a3-e055-000000000001,"Milltown, Cork County",169.0,911.2426035502958,0.0,0.0,82.84023668639054,5.9171597633136095,8.3
2ae19629-21e1-13a3-e055-000000000001,"Mitchelstown, Cork County",2323.0,874.3004735256135,4.7352561343090835,17.219113215669392,94.70512268618165,9.040034438226431,9.5
2ae19629-21e2-13a3-e055-000000000001,"Mogeely, Cork County",287.0,874.5644599303137,0.0,6.968641114982578,114.98257839721255,3.484320557491289,11.5
2ae19629-21ea-13a3-e055-000000000001,"Monanimy, Cork County",338.0,875.7396449704142,11.834319526627219,14.792899408284024,82.84023668639054,14.792899408284024,8.3
2ae19629-21eb-13a3-e055-000000000001,"Monkstown Rural, Cork County",461.0,930.58568329718,6.507592190889371,19.522776572668114,36.8763557483731,6.507592190889371,3.7
2ae19629-2122-13a3-e055-000000000001,"Monkstown Urban, Cork County",2178.0,912.3048668503214,2.295684113865932,22.497704315886132,56.93296602387511,5.968778696051423,5.7
2ae19629-21f2-13a3-e055-000000000001,"Mountrivers, Cork County",287.0,898.9547038327527,3.484320557491289,6.968641114982578,90.59233449477352,0.0,9.1
2ae19629-21f3-13a3-e055-000000000001,"Moviddy, Cork County",566.0,911.660777385159,3.5335689045936394,15.901060070671377,68.90459363957598,0.0,6.9
2ae19629-210c-13a3-e055-000000000001,"Murragh, Cork County",178.0,921.3483146067416,0.0,5.617977528089887,67.41573033707866,5.617977528089887,6.7
2ae19629-210d-13a3-e055-000000000001,"Myross, Cork County",520.0,617.3076923076924,21.153846153846153,15.384615384615385,67.3076923076923,278.84615384615387,6.7
2ae19629-210e-13a3-e055-000000000001,"Nad, Cork County",43.0,883.7209302325582,23.25581395348837,0.0,93.02325581395348,0.0,9.3
2ae19629-210f-13a3-e055-000000000001,"Newmarket, Cork County",778.0,830.3341902313624,2.5706940874035986,15.424164524421593,132.39074550128535,19.28020565552699,13.2
2ae19629-2116-13a3-e055-000000000001,"Newtown, Cork County",390.0,884.6153846153845,5.128205128205129,10.256410256410257,97.43589743589743,2.5641025641025643,9.7
2ae19629-2117-13a3-e055-000000000001,"Nohaval, Cork County",122.0,926.2295081967213,8.196721311475411,8.196721311475411,49.18032786885246,8.196721311475411,4.9
2ae19629-2118-13a3-e055-000000000001,"Ovens, Cork County",389.0,904.8843187660668,2.5706940874035986,17.994858611825194,53.984575835475574,20.56555269922879,5.4
2ae19629-2123-13a3-e055-000000000001,"Rahalisk, Cork County",236.0,902.542372881356,4.237288135593221,12.711864406779663,76.27118644067797,4.237288135593221,7.6
2ae19629-212d-13a3-e055-000000000001,"Rahan, Cork County",345.0,927.536231884058,0.0,5.797101449275362,63.768115942028984,2.898550724637681,6.4
2ae19629-212e-13a3-e055-000000000001,"Rathbarry, Cork County",339.0,646.0176991150443,8.849557522123893,11.799410029498524,106.19469026548673,227.13864306784663,10.6
2ae19629-212f-13a3-e055-000000000001,"Rathclarin, Cork County",272.0,860.2941176470589,14.705882352941176,3.676470588235294,58.8235294117647,62.5,5.9
2ae19629-2136-13a3-e055-000000000001,"Rathcool, Cork County",230.0,865.2173913043479,0.0,8.695652173913043,95.65217391304348,30.434782608695652,9.6
2ae19629-2137-13a3-e055-000000000001,"Rathcooney, Cork County",137.0,897.8102189781022,14.598540145985401,21.897810218978105,65.69343065693431,0.0,6.6
2ae19629-2138-13a3-e055-000000000001,"Rathcormack, Cork County",952.0,927.5210084033614,3.1512605042016806,12.605042016806722,54.621848739495796,2.100840336134454,5.5
2ae19629-1f8d-13a3-e055-000000000001,"Rathluirc, Cork County",1970.0,878.6802030456853,0.5076142131979696,19.79695431472081,94.9238578680203,6.091370558375634,9.5
2ae19629-2145-13a3-e055-000000000001,"Riverstown, Cork County",293.0,935.1535836177475,0.0,20.477815699658702,44.36860068259386,0.0,4.4
2ae19629-2146-13a3-e055-000000000001,"Roskeen, Cork County",194.0,855.6701030927835,5.154639175257732,25.773195876288657,97.9381443298969,15.463917525773196,9.8
2ae19629-2155-13a3-e055-000000000001,"Rosnalee, Cork County",166.0,879.5180722891565,6.024096385542169,18.072289156626507,90.36144578313252,6.024096385542169,9.0
2ae19629-2156-13a3-e055-000000000001,"Rosscarbery, Cork County",763.0,579.2922673656618,9.174311926605505,14.416775884665794,83.87942332896462,313.2372214941022,8.4
2ae19629-216f-13a3-e055-000000000001,"Rossmore, Cork County",142.0,922.5352112676056,7.042253521126761,7.042253521126761,49.29577464788732,14.084507042253522,4.9
2ae19629-2170-13a3-e055-000000000001,"Rostellan, Cork County",502.0,914.3426294820716,0.0,15.936254980079681,45.81673306772908,23.904382470119522,4.6
2ae19629-2171-13a3-e055-000000000001,"Rowls, Cork County",77.0,831.1688311688313,25.974025974025977,0.0,129.87012987012986,12.987012987012989,13.0
2ae19629-218a-13a3-e055-000000000001,"Scart, Cork County",146.0,780.8219178082192,0.0,0.0,136.986301369863,82.1917808219178,13.7
2ae19629-218b-13a3-e055-000000000001,"Seefin, Cork County",250.0,560.0,32.0,16.0,128.0,264.0,12.8
2ae19629-21a2-13a3-e055-000000000001,"Shanballymore, Cork County",271.0,863.4686346863468,0.0,11.07011070110701,118.08118081180811,7.380073800738007,11.8
2ae19629-21a3-13a3-e055-000000000001,"Sheepshead, Cork County",195.0,420.5128205128205,35.8974358974359,30.76923076923077,138.46153846153848,374.35897435897436,13.8
2ae19629-21a4-13a3-e055-000000000001,"Shreelane, Cork County",170.0,823.5294117647059,17.647058823529413,23.52941176470588,117.6470588235294,17.647058823529413,11.8
2ae19629-21a5-13a3-e055-000000000001,"Skagh, Cork County",177.0,841.8079096045198,0.0,16.949152542372882,96.045197740113,45.19774011299435,9.6
2ae19629-21bc-13a3-e055-000000000001,"Skahanagh, Cork County",72.0,902.7777777777778,13.888888888888888,0.0,69.44444444444444,13.888888888888888,6.9
2ae19629-21bd-13a3-e055-000000000001,"Skibbereen Rural, Cork County",608.0,786.1842105263158,9.868421052631579,13.157894736842104,106.90789473684211,83.88157894736842,10.7
2ae19629-21be-13a3-e055-000000000001,"Skibbereen Urban, Cork County",1577.0,827.5206087507927,6.975269499048827,20.92580849714648,117.94546607482562,26.632847178186427,11.8
2ae19629-21bf-13a3-e055-000000000001,"Skull, Cork County",951.0,475.2891692954784,36.80336487907466,12.618296529968454,77.81282860147213,397.47634069400635,7.8
2ae19629-21c9-13a3-e055-000000000001,"An Sliabh Riabhach, Corcaigh",431.0,860.7888631090486,6.960556844547564,11.600928074245939,104.40835266821345,16.241299303944317,10.4
2ae19629-21ca-13a3-e055-000000000001,"Springfort, Cork County",247.0,914.9797570850202,0.0,0.0,85.02024291497976,0.0,8.5
2ae19629-21d8-13a3-e055-000000000001,"Streamhill, Cork County",47.0,872.3404255319149,0.0,42.5531914893617,85.1063829787234,0.0,8.5
2ae19629-21d9-13a3-e055-000000000001,"Teadies, Cork County",423.0,874.7044917257683,9.456264775413711,7.092198581560283,106.38297872340425,2.3640661938534278,10.6
2ae19629-21e3-13a3-e055-000000000001,"Teerelton, Cork County",253.0,857.707509881423,0.0,3.952569169960474,122.5296442687747,15.810276679841897,12.3
2ae19629-21e4-13a3-e055-000000000001,"Templebodan, Cork County",224.0,897.3214285714286,4.464285714285714,4.464285714285714,93.75,0.0,9.4
2ae19629-21ec-13a3-e055-000000000001,"Templebreedy, Cork County",2071.0,807.3394495412845,6.760019314340898,26.07436021245775,58.908739739256404,100.91743119266056,5.9
2ae19629-21ed-13a3-e055-000000000001,"Templemartin, Cork County",283.0,918.7279151943462,3.5335689045936394,10.60070671378092,67.13780918727916,0.0,6.7
2ae19629-21f4-13a3-e055-000000000001,"Templemary, Cork County",146.0,883.5616438356165,6.8493150684931505,13.698630136986301,89.04109589041096,6.8493150684931505,8.9
2ae19629-21f5-13a3-e055-000000000001,"Templemichael, Cork County",270.0,896.2962962962963,0.0,11.11111111111111,88.88888888888889,3.7037037037037037,8.9
2ae19629-21f6-13a3-e055-000000000001,"Templemolaga, Cork County",145.0,841.3793103448276,0.0,6.896551724137931,144.82758620689657,6.896551724137931,14.5
2ae19629-2110-13a3-e055-000000000001,"Templenacarriga, Cork County",223.0,914.7982062780269,0.0,17.937219730941703,67.26457399103138,0.0,6.7
2ae19629-2111-13a3-e055-000000000001,"Templeomalus, Cork County",334.0,802.3952095808384,5.9880239520958085,11.976047904191617,83.8323353293413,95.80838323353294,8.4
2ae19629-2119-13a3-e055-000000000001,"Timoleague, Cork County",307.0,807.8175895765472,6.514657980456026,13.029315960912053,107.49185667752444,65.14657980456026,10.7
2ae19629-211a-13a3-e055-000000000001,"Tincoora, Cork County",213.0,840.3755868544602,4.694835680751174,32.863849765258216,112.67605633802818,9.389671361502348,11.3
2ae19629-211b-13a3-e055-000000000001,"Toormore, Cork County",208.0,427.88461538461536,28.846153846153847,24.03846153846154,81.73076923076923,437.5,8.2
2ae19629-211c-13a3-e055-000000000001,"Tullagh, Cork County",770.0,433.76623376623377,25.974025974025977,22.07792207792208,100.0,418.18181818181813,10.0
2ae19629-211d-13a3-e055-000000000001,"Tullylease, Cork County",182.0,890.1098901098901,0.0,0.0,104.3956043956044,5.4945054945054945,10.4
2ae19629-2124-13a3-e055-000000000001,"Na hUláin, Corcaigh",279.0,799.2831541218638,3.5842293906810037,14.336917562724015,157.70609318996415,25.089605734767026,15.8
2ae19629-2125-13a3-e055-000000000001,"Wallstown, Cork County",111.0,801.8018018018018,9.00900900900901,0.0,162.16216216216216,27.027027027027028,16.2
2ae19629-2130-13a3-e055-000000000001,"Warrenscourt, Cork County",316.0,886.0759493670886,3.1645569620253164,12.658227848101266,88.60759493670886,9.49367088607595,8.9
2ae19629-2131-13a3-e055-000000000001,"Watergrasshill, Cork County",677.0,945.3471196454948,0.0,1.4771048744460857,53.17577548005909,0.0,5.3
6a372d28-f5c8-4acc-b237-4f7bb4a9ad53,"Whiddy/Bantry Rural, Cork County",561.0,773.6185383244206,10.695187165775401,21.390374331550802,117.6470588235294,76.6488413547237,11.8
2ae19629-213a-13a3-e055-000000000001,"Whitechurch, Cork County",680.0,936.7647058823529,0.0,13.235294117647058,50.0,0.0,5.0
2ae19629-2108-13a3-e055-000000000001,"Williamstown, Cork County",231.0,839.8268398268398,8.658008658008658,12.987012987012989,121.21212121212122,17.316017316017316,12.1
2ae19629-213b-13a3-e055-000000000001,"Woodfort, Cork County",174.0,816.0919540229885,22.988505747126435,17.241379310344826,114.94252873563218,28.735632183908045,11.5
2ae19629-2147-13a3-e055-000000000001,"Youghal Rural, Cork County",555.0,875.6756756756757,3.6036036036036037,23.423423423423422,54.054054054054056,43.24324324324324,5.4
2ae19629-2148-13a3-e055-000000000001,"Youghal Urban, Cork County",3719.0,839.4729766066147,4.571121269158376,15.595590212422694,67.49126109169131,72.86905082011293,6.7
2ae19629-2387-13a3-e055-000000000001,"Abbeydorney, Kerry",530.0,862.2641509433962,0.0,16.9811320754717,98.11320754716982,22.641509433962263,9.8
2ae19629-2388-13a3-e055-000000000001,"Aghadoe, Kerry",358.0,863.1284916201117,5.58659217877095,13.966480446927374,58.659217877094974,58.659217877094974,5.9
2ae19629-2390-13a3-e055-000000000001,"Aglish, Kerry",229.0,790.3930131004366,0.0,8.73362445414847,74.23580786026201,126.63755458515283,7.4
2ae19629-2391-13a3-e055-000000000001,"Arabela, Kerry",529.0,880.9073724007561,0.0,11.342155009451796,92.62759924385632,15.122873345935728,9.3
2ae19629-2392-13a3-e055-000000000001,"Ardagh, Kerry",343.0,778.4256559766764,0.0,5.830903790087463,134.11078717201167,81.63265306122449,13.4
2ae19629-2393-13a3-e055-000000000001,"Ardea, Kerry",200.0,425.0,20.0,40.0,205.0,310.0,20.5
2ae19629-239d-13a3-e055-000000000001,"Ardfert, Kerry",519.0,816.9556840077071,3.8535645472061657,19.267822736030826,121.38728323699422,38.53564547206165,12.1
2ae19629-239e-13a3-e055-000000000001,"Astee, Kerry",259.0,718.1467181467182,11.583011583011583,0.0,189.1891891891892,81.08108108108108,18.9
2ae19629-239f-13a3-e055-000000000001,"Na Beathacha, Ciarraí",111.0,684.6846846846847,18.01801801801802,9.00900900900901,207.2072072072072,81.08108108108108,20.7
2ae19629-23ac-13a3-e055-000000000001,"Ballincloher, Kerry",195.0,871.7948717948718,0.0,25.64102564102564,66.66666666666667,35.8974358974359,6.7
2ae19629-23ad-13a3-e055-000000000001,"Baile an Sceilg, Ciarraí",455.0,378.021978021978,13.186813186813186,2.197802197802198,54.94505494505494,551.6483516483516,5.5
2ae19629-23ae-13a3-e055-000000000001,"Ballinvoher, Kerry",300.0,746.6666666666667,0.0,20.0,100.0,133.33333333333334,10.0
2ae19629-23af-13a3-e055-000000000001,"An Baile Breac, Ciarraí",100.0,410.0,30.0,0.0,290.0,270.0,29.0
2ae19629-22d3-13a3-e055-000000000001,"Ballyconry, Kerry",198.0,813.1313131313132,0.0,10.101010101010102,146.46464646464648,30.303030303030305,14.6
2ae19629-22d4-13a3-e055-000000000001,"Ballyduff, Kerry, 077015",419.0,794.7494033412887,2.3866348448687353,7.159904534606206,145.58472553699283,50.11933174224344,14.6
2ae19629-22d5-13a3-e055-000000000001,"An Baile Dubh, Ciarraí, 077016",92.0,597.8260869565217,10.869565217391305,32.608695652173914,282.6086956521739,76.08695652173914,28.3
2ae19629-22e2-13a3-e055-000000000001,"Ballyegan, Kerry, 077017",142.0,908.4507042253521,0.0,0.0,70.42253521126761,21.12676056338028,7.0
2ae19629-22e3-13a3-e055-000000000001,"Ballyegan, Kerry, 077018",51.0,686.2745098039215,0.0,0.0,235.2941176470588,78.43137254901961,23.5
2ae19629-22e4-13a3-e055-000000000001,"Ballyhar, Kerry",88.0,840.909090909091,22.727272727272727,11.363636363636363,90.9090909090909,34.090909090909086,9.1
2ae19629-22ee-13a3-e055-000000000001,"Ballyheige, Kerry",840.0,677.3809523809524,5.952380952380952,10.714285714285714,95.23809523809523,210.71428571428572,9.5
2ae19629-22ef-13a3-e055-000000000001,"Ballyhorgan, Kerry",206.0,800.9708737864078,0.0,29.12621359223301,111.6504854368932,58.25242718446602,11.2
2ae19629-22fd-13a3-e055-000000000001,"Ballynacourty, Kerry",181.0,651.9337016574585,11.049723756906078,16.574585635359114,259.6685082872928,60.773480662983424,26.0
2ae19629-22fe-13a3-e055-000000000001,"Ballynahaglish, Kerry",851.0,725.0293772032902,7.050528789659225,11.750881316098708,121.0340775558167,135.13513513513513,12.1
2ae19629-230d-13a3-e055-000000000001,"Ballynorig, Kerry",239.0,820.0836820083682,4.184100418410042,8.368200836820083,142.25941422594144,25.10460251046025,14.2
2ae19629-230e-13a3-e055-000000000001,"Ballyseedy, Kerry",699.0,912.7324749642346,1.4306151645207439,20.028612303290416,58.6552217453505,7.15307582260372,5.9
2ae19629-230f-13a3-e055-000000000001,"Banawn, Kerry",130.0,707.6923076923077,30.76923076923077,30.76923076923077,138.46153846153848,92.3076923076923,13.8
2ae19629-231b-13a3-e055-000000000001,"Banna, Kerry",478.0,602.5104602510461,16.736401673640167,8.368200836820083,52.30125523012552,320.08368200836816,5.2
2ae19629-231c-13a3-e055-000000000001,"Baurtregaum, Kerry",186.0,768.8172043010752,10.752688172043012,10.752688172043012,129.03225806451613,80.64516129032258,12.9
2ae19629-231d-13a3-e055-000000000001,"Beal, Kerry",86.0,674.4186046511628,0.0,0.0,290.69767441860466,34.883720930232556,29.1
2ae19629-2329-13a3-e055-000000000001,"Blennerville, Kerry",328.0,841.4634146341463,6.097560975609756,18.29268292682927,106.70731707317073,27.4390243902439,10.7
2ae19629-232a-13a3-e055-000000000001,"Boolteens, Kerry",220.0,795.4545454545454,4.545454545454545,18.18181818181818,136.36363636363635,45.45454545454545,13.6
2ae19629-2336-13a3-e055-000000000001,"Cé Bhréanainn, Ciarraí",141.0,468.0851063829787,0.0,14.184397163120567,283.68794326241135,234.04255319148936,28.4
2ae19629-2337-13a3-e055-000000000001,"Brewsterfield, Kerry",318.0,883.6477987421384,3.1446540880503147,9.433962264150942,66.0377358490566,37.73584905660377,6.6
2ae19629-2342-13a3-e055-000000000001,"Brosna, Kerry",394.0,774.1116751269036,0.0,7.614213197969543,152.28426395939087,65.98984771573605,15.2
2ae19629-2343-13a3-e055-000000000001,"Caher, Kerry",1306.0,626.3399693721286,5.359877488514548,13.782542113323123,167.68759571209802,186.83001531393566,16.8
2ae19629-2344-13a3-e055-000000000001,"Cathair Dónall, Ciarraí",436.0,314.2201834862385,38.9908256880734,6.8807339449541285,57.33944954128441,582.5688073394494,5.7
2ae19629-2353-13a3-e055-000000000001,"Cappagh, Kerry",219.0,675.7990867579908,4.5662100456621,22.831050228310502,187.21461187214612,109.58904109589041,18.7
2ae19629-2363-13a3-e055-000000000001,"Caragh, Kerry",653.0,569.6784073506891,13.782542113323123,10.719754977029096,113.32312404287902,292.49617151607964,11.3
2ae19629-2362-13a3-e055-000000000001,"Carker, Kerry",182.0,862.6373626373627,5.4945054945054945,5.4945054945054945,120.87912087912088,5.4945054945054945,12.1
2ae19629-2364-13a3-e055-000000000001,"Carrig, Kerry",207.0,758.4541062801933,0.0,9.66183574879227,183.57487922705315,48.309178743961354,18.4
2ae19629-2365-13a3-e055-000000000001,"Castlecove, Kerry",326.0,432.5153374233129,15.337423312883436,6.134969325153374,141.1042944785276,404.9079754601227,14.1
2ae19629-2366-13a3-e055-000000000001,"Castlegregory, Kerry",741.0,543.859649122807,21.59244264507422,24.291497975708502,109.31174089068827,300.944669365722,10.9
2ae19629-2378-13a3-e055-000000000001,"Castleisland, Kerry",1648.0,819.1747572815534,1.2135922330097086,6.674757281553398,158.98058252427185,13.95631067961165,15.9
2ae19629-2379-13a3-e055-000000000001,"Castlequin, Kerry",351.0,641.0256410256411,8.547008547008549,5.698005698005698,122.5071225071225,222.2222222222222,12.3
2ae19629-237a-13a3-e055-000000000001,"Causeway, Kerry",300.0,860.0,3.3333333333333335,10.0,103.33333333333333,23.333333333333336,10.3
2ae19629-2389-13a3-e055-000000000001,"Churchtown, Kerry",221.0,787.3303167420814,4.524886877828055,9.04977375565611,99.54751131221718,99.54751131221718,10.0
2ae19629-238a-13a3-e055-000000000001,"An Clochán, Ciarraí",189.0,544.973544973545,10.582010582010582,5.291005291005291,322.75132275132273,116.40211640211639,32.3
2ae19629-2394-13a3-e055-000000000001,"Clogherbrien, Kerry",630.0,888.8888888888888,1.5873015873015872,20.634920634920636,61.904761904761905,26.984126984126984,6.2
2ae19629-2396-13a3-e055-000000000001,"Cloontubbrid, Kerry",132.0,863.6363636363636,7.575757575757576,22.727272727272727,83.33333333333333,22.727272727272727,8.3
2ae19629-23a0-13a3-e055-000000000001,"Clydagh, Kerry",64.0,765.625,31.25,0.0,187.5,15.625,18.8
2ae19629-23a1-13a3-e055-000000000001,"Coolies, Kerry",355.0,842.2535211267606,8.450704225352112,22.535211267605636,76.05633802816901,50.70422535211268,7.6
2ae19629-23a2-13a3-e055-000000000001,"Coom, Kerry",864.0,866.8981481481482,5.787037037037036,12.731481481481481,98.37962962962963,16.203703703703702,9.8
2ae19629-23b0-13a3-e055-000000000001,"Cordal, Kerry",132.0,825.7575757575758,0.0,15.151515151515152,136.36363636363635,22.727272727272727,13.6
2ae19629-23b1-13a3-e055-000000000001,"Crinny, Kerry",136.0,823.5294117647059,0.0,22.058823529411764,102.94117647058823,51.470588235294116,10.3
2ae19629-22c7-13a3-e055-000000000001,"Curraghbeg, Kerry",106.0,641.5094339622641,18.867924528301884,0.0,188.67924528301887,150.94339622641508,18.9
2ae19629-22c8-13a3-e055-000000000001,"Curraghmore, Kerry",182.0,736.2637362637363,0.0,21.978021978021978,170.32967032967034,71.42857142857143,17.0
2ae19629-22c9-13a3-e055-000000000001,"Currans, Kerry",123.0,861.7886178861789,0.0,8.130081300813009,121.95121951219512,8.130081300813009,12.2
2ae19629-22ca-13a3-e055-000000000001,"Doire Fhíonáin, Ciarraí",293.0,276.4505119453925,17.064846416382252,13.651877133105803,44.36860068259386,648.4641638225256,4.4
2ae19629-22cb-13a3-e055-000000000001,"Dawros, Kerry",350.0,642.8571428571429,22.857142857142858,14.285714285714285,88.57142857142857,231.42857142857142,8.9
2ae19629-22cc-13a3-e055-000000000001,"Deelis, Kerry",244.0,590.1639344262295,12.295081967213115,8.196721311475411,118.85245901639344,270.49180327868856,11.9
2ae19629-22d6-13a3-e055-000000000001,"Derreen, Kerry",80.0,875.0,0.0,12.5,75.0,37.5,7.5
842865f1-99a8-46b1-8460-28a9e20b0d17,"Doire Ianna/An Chluain, Ciarraí",154.0,610.3896103896104,32.467532467532465,12.987012987012989,194.80519480519482,149.35064935064935,19.5
2ae19629-22d8-13a3-e055-000000000001,"Dingle, Kerry",1049.0,552.9075309818875,16.205910390848427,21.9256434699714,149.66634890371782,259.2945662535748,15.0
2ae19629-22d9-13a3-e055-000000000001,"Doocarrig, Kerry",275.0,818.1818181818182,7.2727272727272725,3.6363636363636362,152.72727272727275,18.18181818181818,15.3
2ae19629-2218-13a3-e055-000000000001,"Doon, Kerry",260.0,926.9230769230769,3.8461538461538463,11.538461538461538,38.46153846153847,19.230769230769234,3.8
2ae19629-2219-13a3-e055-000000000001,"Dromin, Kerry",347.0,870.3170028818444,2.881844380403458,14.40922190201729,74.9279538904899,37.46397694524495,7.5
2ae19629-221a-13a3-e055-000000000001,"Drommartin, Kerry",224.0,821.4285714285714,13.392857142857142,17.857142857142858,111.60714285714286,35.714285714285715,11.2
2ae19629-2224-13a3-e055-000000000001,"Dromore, Kerry",191.0,628.2722513089005,5.235602094240838,20.942408376963353,167.53926701570683,178.01047120418846,16.8
2ae19629-2225-13a3-e055-000000000001,"Duagh, Kerry",243.0,798.3539094650206,0.0,16.46090534979424,144.0329218106996,41.1522633744856,14.4
2ae19629-222e-13a3-e055-000000000001,"Dunloe, Kerry",415.0,780.722891566265,7.228915662650603,14.457831325301205,101.20481927710844,96.3855421686747,10.1
2ae19629-222f-13a3-e055-000000000001,"Dún Chaoin, Ciarraí",191.0,429.3193717277487,0.0,0.0,68.06282722513089,502.6178010471204,6.8
2ae19629-2230-13a3-e055-000000000001,"Dún Urlann, Ciarraí",456.0,447.36842105263156,35.08771929824561,13.157894736842104,52.63157894736842,451.7543859649123,5.3
2ae19629-2231-13a3-e055-000000000001,"An tImleach, Ciarraí",766.0,497.38903394255874,10.443864229765014,9.138381201044387,69.19060052219321,413.83812010443864,6.9
2ae19629-2232-13a3-e055-000000000001,"Ennismore, Kerry",272.0,808.8235294117648,3.676470588235294,22.058823529411764,128.67647058823528,36.76470588235294,12.9
2ae19629-2233-13a3-e055-000000000001,"Flesk, Kerry",186.0,838.7096774193549,0.0,10.752688172043012,69.89247311827957,80.64516129032258,7.0
2ae19629-2234-13a3-e055-000000000001,"Glanbehy, Kerry",919.0,503.8084874863983,18.498367791077257,5.4406964091403704,80.52230685527748,391.73014145810663,8.1
2ae19629-2235-13a3-e055-000000000001,"Glanlee, Kerry",97.0,731.9587628865979,0.0,20.61855670103093,144.3298969072165,103.09278350515463,14.4
2ae19629-2241-13a3-e055-000000000001,"Glanlough, Kerry",88.0,659.090909090909,22.727272727272727,11.363636363636363,204.54545454545456,102.27272727272728,20.5
2ae19629-2242-13a3-e055-000000000001,"Glanmore, Kerry",199.0,492.46231155778895,50.25125628140704,20.100502512562816,155.77889447236183,281.4070351758794,15.6
2ae19629-2243-13a3-e055-000000000001,"Glinn, Kerry",976.0,657.7868852459017,15.368852459016393,15.368852459016393,88.11475409836066,223.36065573770492,8.8
2ae19629-2244-13a3-e055-000000000001,"Gneeves, Kerry",174.0,850.5747126436781,0.0,11.494252873563218,103.44827586206897,34.48275862068965,10.3
2ae19629-224f-13a3-e055-000000000001,"Greenane, Kerry",204.0,431.37254901960785,4.901960784313726,24.509803921568626,122.54901960784314,416.6666666666667,12.3
2ae19629-2250-13a3-e055-000000000001,"Gullane, Kerry",153.0,732.0261437908496,0.0,6.5359477124183005,137.25490196078434,124.18300653594771,13.7
2ae19629-2251-13a3-e055-000000000001,"Gunsborough, Kerry",168.0,857.1428571428571,0.0,17.857142857142858,95.23809523809523,29.76190476190476,9.5
2ae19629-225d-13a3-e055-000000000001,"Headfort, Kerry",396.0,886.3636363636364,5.050505050505051,7.575757575757576,78.28282828282829,22.727272727272727,7.8
2ae19629-225e-13a3-e055-000000000001,"Inch, Kerry",124.0,540.3225806451612,24.193548387096772,40.32258064516129,80.64516129032258,314.51612903225805,8.1
2ae19629-225f-13a3-e055-000000000001,"Kenmare, Kerry",2152.0,611.5241635687732,15.33457249070632,15.799256505576206,110.13011152416357,247.21189591078067,11.0
2ae19629-2260-13a3-e055-000000000001,"Kerryhead, Kerry",291.0,769.7594501718213,3.4364261168384878,0.0,123.71134020618557,103.09278350515463,12.4
2ae19629-226c-13a3-e055-000000000001,"Kilbonane, Kerry",261.0,881.2260536398468,3.8314176245210727,22.988505747126435,76.62835249042145,15.32567049808429,7.7
2ae19629-226d-13a3-e055-000000000001,"Kilcummin, Kerry",863.0,895.712630359212,3.4762456546929315,9.269988412514484,71.84241019698726,19.698725376593277,7.2
2ae19629-226e-13a3-e055-000000000001,"Kilfeighny, Kerry",440.0,838.6363636363636,2.2727272727272725,2.2727272727272725,120.45454545454545,36.36363636363636,12.0
2ae19629-226f-13a3-e055-000000000001,"Kilfelim, Kerry",106.0,820.7547169811321,0.0,28.30188679245283,141.50943396226415,9.433962264150942,14.2
2ae19629-227a-13a3-e055-000000000001,"Kilflyn, Kerry",130.0,784.6153846153846,0.0,23.076923076923077,161.53846153846155,30.76923076923077,16.2
2ae19629-227b-13a3-e055-000000000001,"Kilgarrylander, Kerry",347.0,746.3976945244957,0.0,14.40922190201729,135.4466858789625,103.7463976945245,13.5
2ae19629-227c-13a3-e055-000000000001,"Kilgarvan, Kerry",431.0,716.9373549883991,6.960556844547564,4.640371229698376,194.89559164733177,76.5661252900232,19.5
2ae19629-2285-13a3-e055-000000000001,"Kilgobban, Kerry",146.0,787.6712328767123,0.0,20.54794520547945,89.04109589041096,102.73972602739725,8.9
2ae19629-2286-13a3-e055-000000000001,"Kilgobnet, Kerry",395.0,822.7848101265823,7.594936708860759,5.063291139240507,93.67088607594937,70.8860759493671,9.4
2ae19629-2287-13a3-e055-000000000001,"Killahan, Kerry",182.0,802.1978021978023,0.0,10.989010989010989,175.82417582417582,10.989010989010989,17.6
2ae19629-2288-13a3-e055-000000000001,"Killarney Rural, Kerry",2895.0,839.0328151986183,5.872193436960276,16.580310880829014,68.04835924006908,70.46632124352331,6.8
2ae19629-2293-13a3-e055-000000000001,"Killarney Urban, Kerry",4529.0,796.8646500331199,10.819165378670787,17.66394347538088,102.00927357032458,72.64296754250387,10.2
2ae19629-2294-13a3-e055-000000000001,"Killeentierna, Kerry",371.0,886.7924528301887,5.3908355795148255,8.086253369272237,86.25336927223721,13.477088948787063,8.6
2ae19629-2295-13a3-e055-000000000001,"Killehenny, Kerry",1513.0,590.8790482485128,12.557832121612691,14.540647719762063,82.61731658955718,299.4051553205552,8.3
2ae19629-229f-13a3-e055-000000000001,"Killinane, Kerry",215.0,562.7906976744185,18.6046511627907,27.906976744186046,139.53488372093022,251.16279069767444,14.0
2ae19629-22a0-13a3-e055-000000000001,"Killorglin, Kerry",2278.0,801.1413520632134,4.8287971905179985,14.486391571553995,106.67251975417032,72.87093942054433,10.7
2ae19629-22a1-13a3-e055-000000000001,"Killury, Kerry",235.0,765.9574468085107,4.25531914893617,4.25531914893617,131.91489361702128,93.61702127659574,13.2
2ae19629-22aa-13a3-e055-000000000001,"Cill Maoilchéadair, Ciarraí",394.0,535.5329949238578,20.30456852791878,17.766497461928935,96.44670050761421,329.9492385786802,9.6
2ae19629-22ab-13a3-e055-000000000001,"Kilmeany, Kerry",325.0,827.6923076923077,6.153846153846154,12.307692307692308,132.30769230769232,21.538461538461537,13.2
2ae19629-22b6-13a3-e055-000000000001,"Kilmurry, Kerry",139.0,863.3093525179855,0.0,14.388489208633095,100.71942446043165,21.58273381294964,10.1
2ae19629-22b7-13a3-e055-000000000001,"Kilnanare, Kerry",448.0,808.0357142857143,4.464285714285714,4.464285714285714,145.08928571428572,37.94642857142857,14.5
2ae19629-22b8-13a3-e055-000000000001,"Cill Chuáin, Ciarraí",309.0,598.705501618123,6.472491909385114,19.41747572815534,116.50485436893204,258.8996763754045,11.7
2ae19629-2201-13a3-e055-000000000001,"Kilshenane, Kerry",122.0,786.8852459016393,8.196721311475411,8.196721311475411,188.52459016393442,8.196721311475411,18.9
2ae19629-2202-13a3-e055-000000000001,"Kiltallagh, Kerry",269.0,817.8438661710037,0.0,7.434944237918216,148.69888475836433,26.022304832713754,14.9
2ae19629-2203-13a3-e055-000000000001,"Kiltomy, Kerry",204.0,799.0196078431374,4.901960784313726,9.803921568627452,156.86274509803923,29.41176470588235,15.7
2ae19629-220f-13a3-e055-000000000001,"Cinn Aird, Ciarraí",205.0,658.5365853658537,9.75609756097561,14.634146341463415,121.95121951219512,195.1219512195122,12.2
2ae19629-2210-13a3-e055-000000000001,"Knockglass, Kerry",180.0,711.1111111111111,22.22222222222222,22.22222222222222,83.33333333333333,161.11111111111111,8.3
2ae19629-221b-13a3-e055-000000000001,"Knocknagashel, Kerry",360.0,802.7777777777778,2.7777777777777777,5.555555555555555,161.11111111111111,27.777777777777775,16.1
2ae19629-221c-13a3-e055-000000000001,"Knocknahoe, Kerry",122.0,901.6393442622951,0.0,16.393442622950822,49.18032786885246,32.786885245901644,4.9
2ae19629-2226-13a3-e055-000000000001,"Lack, Kerry",179.0,620.1117318435754,5.58659217877095,5.58659217877095,145.2513966480447,223.46368715083798,14.5
2ae19629-2227-13a3-e055-000000000001,"Lackabaun, Kerry",202.0,811.8811881188119,4.9504950495049505,14.85148514851485,158.41584158415841,9.900990099009901,15.8
2ae19629-2236-13a3-e055-000000000001,"Lahard, Kerry",316.0,832.2784810126582,0.0,18.9873417721519,94.9367088607595,53.79746835443038,9.5
2ae19629-2237-13a3-e055-000000000001,"Leitrim, Kerry",236.0,817.7966101694916,4.237288135593221,16.949152542372882,101.6949152542373,59.32203389830509,10.2
2ae19629-2238-13a3-e055-000000000001,"Lickeen, Kerry",60.0,616.6666666666667,16.666666666666668,16.666666666666668,233.33333333333334,116.66666666666667,23.3
2ae19629-2245-13a3-e055-000000000001,"Lislaughtin, Kerry",317.0,725.5520504731861,6.309148264984227,12.618296529968454,170.34700315457414,85.17350157728707,17.0
2ae19629-2246-13a3-e055-000000000001,"Lisselton, Kerry",165.0,775.7575757575758,6.0606060606060606,0.0,169.69696969696972,48.484848484848484,17.0
2ae19629-2247-13a3-e055-000000000001,"Listowel Rural, Kerry",767.0,827.9009126466754,1.303780964797914,13.03780964797914,122.55541069100391,35.202086049543674,12.3
2ae19629-2252-13a3-e055-000000000001,"Listowel Urban, Kerry",2325.0,790.9677419354839,4.731182795698925,30.967741935483872,140.21505376344086,33.11827956989247,14.0
2ae19629-2253-13a3-e055-000000000001,"Lixnaw, Kerry",494.0,854.251012145749,4.048582995951417,12.145748987854251,103.23886639676114,26.31578947368421,10.3
2ae19629-2254-13a3-e055-000000000001,"Loughbrin, Kerry",78.0,692.3076923076923,0.0,12.82051282051282,205.1282051282051,89.74358974358974,20.5
2ae19629-2255-13a3-e055-000000000001,"Loch Luíoch, Ciarraí",323.0,427.24458204334366,3.0959752321981426,18.575851393188852,151.70278637770897,399.38080495356036,15.2
2ae19629-2256-13a3-e055-000000000001,"Márthain, Ciarraí",215.0,506.9767441860466,13.953488372093023,9.30232558139535,83.72093023255813,386.04651162790697,8.4
f2b35649-c96c-4cf5-b8ab-60770f0291a9,"Máistir Gaoithe/Ceannúigh, Ciarraí",163.0,552.1472392638037,6.134969325153374,0.0,159.5092024539877,282.2085889570552,16.0
2ae19629-2262-13a3-e055-000000000001,"Maum, Kerry",138.0,768.1159420289855,0.0,7.246376811594203,115.94202898550725,108.69565217391305,11.6
2ae19629-2263-13a3-e055-000000000001,"Millbrook, Kerry",199.0,854.2713567839196,5.025125628140704,15.07537688442211,120.60301507537687,5.025125628140704,12.1
2ae19629-2270-13a3-e055-000000000001,"Milltown, Kerry",1017.0,843.6578171091445,4.916420845624385,10.81612586037365,94.3952802359882,46.214355948869226,9.4
2ae19629-2271-13a3-e055-000000000001,"An Mhin Aird, Ciarraí",246.0,650.4065040650406,16.260162601626018,4.065040650406504,166.66666666666666,162.60162601626016,16.7
2ae19629-2272-13a3-e055-000000000001,"Molahiffe, Kerry",706.0,865.4390934844192,4.24929178470255,18.413597733711047,75.07082152974505,36.827195467422094,7.5
2ae19629-227d-13a3-e055-000000000001,"Mount Eagle, Kerry",76.0,868.421052631579,0.0,0.0,118.42105263157895,13.157894736842104,11.8
2ae19629-227e-13a3-e055-000000000001,"Moynsha, Kerry",237.0,772.1518987341772,4.219409282700422,4.219409282700422,202.53164556962025,16.877637130801688,20.3
2ae19629-2289-13a3-e055-000000000001,"Muckross, Kerry",334.0,685.6287425149701,26.94610778443114,5.9880239520958085,92.81437125748502,188.62275449101796,9.3
2ae19629-228a-13a3-e055-000000000001,"Newtownsandes, Kerry",537.0,839.8510242085661,7.4487895716946,9.31098696461825,104.2830540037244,39.10614525139665,10.4
2ae19629-228b-13a3-e055-000000000001,"Nohaval, Kerry",168.0,839.2857142857143,0.0,0.0,125.0,35.714285714285715,12.5
2ae19629-2296-13a3-e055-000000000001,"O'brennan, Kerry",201.0,880.5970149253732,9.950248756218905,9.950248756218905,79.60199004975124,19.90049751243781,8.0
2ae19629-2297-13a3-e055-000000000001,"Portmagee, Kerry",275.0,549.0909090909091,3.6363636363636362,3.6363636363636362,130.9090909090909,312.72727272727275,13.1
2ae19629-22a2-13a3-e055-000000000001,"Ratass, Kerry",435.0,924.1379310344827,6.896551724137931,18.39080459770115,48.275862068965516,2.2988505747126435,4.8
2ae19629-22a3-13a3-e055-000000000001,"Rathea, Kerry",206.0,805.8252427184466,9.70873786407767,4.854368932038835,121.35922330097088,58.25242718446602,12.1
2ae19629-22ac-13a3-e055-000000000001,"Rathmore, Kerry",861.0,853.6585365853658,6.968641114982578,13.937282229965156,109.1753774680604,16.260162601626018,10.9
2ae19629-22ad-13a3-e055-000000000001,"Reen, Kerry",127.0,543.3070866141733,7.874015748031496,23.62204724409449,110.23622047244095,314.96062992125985,11.0
2ae19629-22ae-13a3-e055-000000000001,"Rockfield, Kerry",162.0,858.0246913580247,0.0,18.51851851851852,104.93827160493827,18.51851851851852,10.5
2ae19629-22b9-13a3-e055-000000000001,"Scartaglin, Kerry",286.0,849.6503496503497,3.4965034965034967,20.97902097902098,125.87412587412588,0.0,12.6
2ae19629-22ba-13a3-e055-000000000001,"Shronowen, Kerry",107.0,859.8130841121496,0.0,18.69158878504673,93.45794392523364,28.037383177570092,9.3
2ae19629-22bb-13a3-e055-000000000001,"Sneem, Kerry",533.0,510.31894934333957,48.78048780487805,5.628517823639775,93.80863039399624,341.4634146341464,9.4
2ae19629-22bc-13a3-e055-000000000001,"Toghroinn Fhíonáin, Ciarraí",129.0,472.8682170542636,31.007751937984494,7.751937984496124,31.007751937984494,457.3643410852713,3.1
2ae19629-22bd-13a3-e055-000000000001,"An Sráidbhaile, Ciarraí",117.0,735.0427350427351,17.094017094017097,17.094017094017097,136.75213675213678,94.01709401709401,13.7
2ae19629-22be-13a3-e055-000000000001,"Tahilla, Kerry",208.0,432.69230769230774,52.88461538461539,19.230769230769234,115.38461538461539,379.80769230769226,11.5
2ae19629-21f9-13a3-e055-000000000001,"Tarbert, Kerry",412.0,774.2718446601941,0.0,4.854368932038835,186.89320388349515,33.980582524271846,18.7
2ae19629-21fa-13a3-e055-000000000001,"Tarmon, Kerry",233.0,789.6995708154507,4.291845493562231,8.583690987124463,128.75536480686694,68.6695278969957,12.9
2ae19629-221d-13a3-e055-000000000001,"Trian Iarthach, Ciarraí, 077159",200.0,635.0,5.0,0.0,170.0,190.0,17.0
2ae19629-221e-13a3-e055-000000000001,"Tralee Rural, Kerry",7888.0,898.8336713995943,4.310344827586206,21.171399594320487,66.68356997971603,9.001014198782963,6.7
2ae19629-221f-13a3-e055-000000000001,"Tralee Urban, Kerry",3381.0,815.4392191659272,8.281573498964804,14.492753623188406,146.70215912451937,15.084294587400176,14.7
2ae19629-2228-13a3-e055-000000000001,"Trienearagh, Kerry",216.0,782.4074074074074,0.0,9.25925925925926,162.03703703703704,46.29629629629629,16.2
2ae19629-2229-13a3-e055-000000000001,"Tubrid, Kerry",359.0,832.8690807799443,2.785515320334262,8.356545961002785,122.56267409470752,33.42618384401114,12.3
2ae19629-222a-13a3-e055-000000000001,"Urlee, Kerry",191.0,774.869109947644,0.0,10.471204188481677,178.01047120418846,36.64921465968586,17.8
2ae19629-2239-13a3-e055-000000000001,"Valencia, Kerry",648.0,405.8641975308642,4.62962962962963,7.716049382716049,52.46913580246913,529.320987654321,5.2
2ae19629-223a-13a3-e055-000000000001,"Ceann Trá, Ciarraí",363.0,490.3581267217631,16.528925619834713,13.774104683195592,143.25068870523415,336.08815426997245,14.3
2ae19629-17cc-13a3-e055-000000000001,"Abbey A, Limerick",1847.0,935.0297780184083,3.789929615592853,16.78397401191121,43.313481321061175,1.0828370330265296,4.3
2ae19629-17cd-13a3-e055-000000000001,"Abbey B, Limerick",1058.0,926.2759924385633,5.671077504725898,9.45179584120983,58.60113421550094,0.0,5.9
2ae19629-17ce-13a3-e055-000000000001,"Abbey C, Limerick",326.0,843.5582822085889,12.269938650306749,3.067484662576687,141.1042944785276,0.0,14.1
2ae19629-17cf-13a3-e055-000000000001,"Abbey D, Limerick",683.0,906.2957540263543,2.9282576866764276,7.320644216691069,83.45534407027819,0.0,8.3
2ae19629-17dd-13a3-e055-000000000001,"Ballinacurra A, Limerick",1075.0,868.8372093023255,10.232558139534882,49.30232558139535,68.83720930232558,2.7906976744186047,6.9
2ae19629-17de-13a3-e055-000000000001,"Ballinacurra B, Limerick",593.0,944.3507588532883,1.6863406408094435,8.431703204047217,45.531197301854974,0.0,4.6
2ae19629-17df-13a3-e055-000000000001,"Ballynanty, Limerick",1172.0,947.098976109215,0.0,5.972696245733789,46.92832764505119,0.0,4.7
2ae19629-17e0-13a3-e055-000000000001,"Castle A, Limerick",521.0,861.8042226487524,11.516314779270633,30.71017274472169,92.13051823416507,3.838771593090211,9.2
2ae19629-17e1-13a3-e055-000000000001,"Castle B, Limerick",280.0,864.2857142857143,14.285714285714285,7.142857142857142,114.28571428571428,0.0,11.4
2ae19629-17e2-13a3-e055-000000000001,"Castle C, Limerick",619.0,882.0678513731825,14.539579967689823,29.079159935379646,64.62035541195476,9.693053311793214,6.5
2ae19629-17e3-13a3-e055-000000000001,"Castle D, Limerick",913.0,870.7557502738225,4.381161007667032,37.239868565169765,83.24205914567361,4.381161007667032,8.3
2ae19629-17e4-13a3-e055-000000000001,"Coolraine, Limerick",774.0,912.1447028423772,6.459948320413436,14.21188630490956,63.307493540051674,3.875968992248062,6.3
2ae19629-17e5-13a3-e055-000000000001,"Custom House, Limerick",419.0,940.3341288782816,0.0,2.3866348448687353,57.279236276849645,0.0,5.7
2ae19629-17e6-13a3-e055-000000000001,"Dock A, Limerick",1360.0,887.5,17.647058823529413,11.76470588235294,79.41176470588235,3.676470588235294,7.9
2ae19629-17e7-13a3-e055-000000000001,"Dock B, Limerick",652.0,875.7668711656443,0.0,9.202453987730062,113.49693251533742,1.5337423312883436,11.3
2ae19629-17e8-13a3-e055-000000000001,"Dock C, Limerick",562.0,855.8718861209964,5.338078291814947,16.014234875444842,120.99644128113879,1.779359430604982,12.1
2ae19629-17e9-13a3-e055-000000000001,"Dock D, Limerick",313.0,853.035143769968,19.169329073482427,38.33865814696485,86.26198083067092,3.1948881789137378,8.6
2ae19629-17ea-13a3-e055-000000000001,"Farranshone, Limerick",429.0,895.1048951048951,6.993006993006993,25.64102564102564,67.5990675990676,4.662004662004662,6.8
2ae19629-17eb-13a3-e055-000000000001,"Galvone A, Limerick",584.0,934.931506849315,3.4246575342465753,5.136986301369863,56.50684931506849,0.0,5.7
2ae19629-17ec-13a3-e055-000000000001,"Galvone B, Limerick",264.0,943.1818181818182,0.0,0.0,56.81818181818181,0.0,5.7
2ae19629-17ed-13a3-e055-000000000001,"Glentworth A, Limerick",331.0,858.0060422960725,0.0,6.042296072507553,135.95166163141994,0.0,13.6
2ae19629-17f4-13a3-e055-000000000001,"Glentworth B, Limerick",566.0,916.9611307420495,3.5335689045936394,21.20141342756184,54.77031802120141,3.5335689045936394,5.5
2ae19629-17f5-13a3-e055-000000000001,"Glentworth C, Limerick",243.0,921.8106995884774,8.23045267489712,4.11522633744856,65.84362139917695,0.0,6.6
2ae19629-17f6-13a3-e055-000000000001,"John's A, Limerick",332.0,900.6024096385541,0.0,15.060240963855422,84.33734939759036,0.0,8.4
2ae19629-17f7-13a3-e055-000000000001,"John's B, Limerick",493.0,943.2048681541581,0.0,6.085192697768763,50.70993914807302,0.0,5.1
2ae19629-17f8-13a3-e055-000000000001,"John's C, Limerick",226.0,938.0530973451328,4.424778761061947,8.849557522123893,48.67256637168141,0.0,4.9
2ae19629-17f9-13a3-e055-000000000001,"Killeely A, Limerick",617.0,920.5834683954619,1.6207455429497568,11.345218800648299,66.45056726094003,0.0,6.6
2ae19629-17fa-13a3-e055-000000000001,"Killeely B, Limerick",406.0,938.423645320197,2.4630541871921183,4.926108374384237,51.724137931034484,2.4630541871921183,5.2
2ae19629-17c0-13a3-e055-000000000001,"Limerick North Rural, Limerick",3045.0,915.2709359605911,9.523809523809526,22.33169129720854,50.57471264367816,2.2988505747126435,5.1
2ae19629-17fb-13a3-e055-000000000001,"Market, Limerick",1006.0,893.6381709741551,3.976143141153081,7.952286282306162,94.43339960238569,0.0,9.4
2ae19629-17fc-13a3-e055-000000000001,"Prospect A, Limerick",630.0,804.7619047619048,19.04761904761905,106.34920634920634,68.25396825396825,1.5873015873015872,6.8
2ae19629-17fd-13a3-e055-000000000001,"Prospect B, Limerick",290.0,917.2413793103448,6.896551724137931,10.344827586206897,62.06896551724138,3.4482758620689653,6.2
2ae19629-17fe-13a3-e055-000000000001,"Rathbane, Limerick",717.0,942.8172942817295,1.3947001394700138,1.3947001394700138,51.60390516039052,2.7894002789400276,5.2
2ae19629-17ff-13a3-e055-000000000001,"Shannon A, Limerick",548.0,961.6788321167883,1.8248175182481752,12.773722627737227,21.897810218978105,1.8248175182481752,2.2
2ae19629-1800-13a3-e055-000000000001,"Shannon B, Limerick",719.0,831.7107093184978,5.563282336578581,8.344923504867872,152.99026425591097,1.3908205841446453,15.3
2ae19629-1801-13a3-e055-000000000001,"Singland A, Limerick",704.0,933.2386363636364,0.0,8.522727272727272,58.23863636363636,0.0,5.8
2ae19629-1802-13a3-e055-000000000001,"Singland B, Limerick",1424.0,948.7359550561798,3.5112359550561796,22.47191011235955,25.280898876404493,0.0,2.5
2ae19629-1803-13a3-e055-000000000001,"St. Laurence, Limerick",332.0,942.7710843373494,0.0,9.036144578313253,48.19277108433735,0.0,4.8
2ae19629-1757-13a3-e055-000000000001,"Abbeyfeale, Limerick",1309.0,822.7654698242933,1.5278838808250572,9.167303284950345,156.60809778456837,9.931245225362872,15.7
2ae19629-1758-13a3-e055-000000000001,"Abbeyville, Limerick",139.0,985.6115107913669,0.0,0.0,14.388489208633095,0.0,1.4
2ae19629-1759-13a3-e055-000000000001,"Abington, Limerick",472.0,917.3728813559322,2.1186440677966103,6.355932203389831,69.91525423728812,4.237288135593221,7.0
2ae19629-175a-13a3-e055-000000000001,"Adare North, Limerick",236.0,889.8305084745763,4.237288135593221,16.949152542372882,80.50847457627118,8.474576271186441,8.1
2ae19629-175b-13a3-e055-000000000001,"Adare South, Limerick",902.0,808.2039911308204,21.064301552106432,31.042128603104214,90.9090909090909,48.78048780487805,9.1
2ae19629-175c-13a3-e055-000000000001,"Anglesborough, Limerick",156.0,846.1538461538462,0.0,25.64102564102564,96.15384615384616,32.05128205128205,9.6
2ae19629-175d-13a3-e055-000000000001,"Ardagh, Limerick",424.0,900.9433962264151,4.716981132075471,7.0754716981132075,70.75471698113208,16.50943396226415,7.1
2ae19629-175e-13a3-e055-000000000001,"Ardpatrick, Limerick",166.0,867.4698795180723,0.0,6.024096385542169,114.4578313253012,12.048192771084338,11.4
2ae19629-174e-13a3-e055-000000000001,"Askeaton East, Limerick",288.0,795.1388888888888,6.944444444444444,13.888888888888888,180.55555555555554,3.472222222222222,18.1
2ae19629-174f-13a3-e055-000000000001,"Askeaton West, Limerick",482.0,900.4149377593361,6.224066390041493,16.597510373443985,74.68879668049793,2.074688796680498,7.5
2ae19629-1750-13a3-e055-000000000001,"Athlacca, Limerick",178.0,876.4044943820224,0.0,5.617977528089887,106.74157303370787,11.235955056179774,10.7
2ae19629-1751-13a3-e055-000000000001,"Aughinish, Limerick",84.0,928.5714285714286,0.0,23.809523809523807,23.809523809523807,23.809523809523807,2.4
2ae19629-1752-13a3-e055-000000000001,"Ballingarry, Limerick",428.0,862.1495327102804,2.336448598130841,9.345794392523365,116.82242990654206,9.345794392523365,11.7
2ae19629-1753-13a3-e055-000000000001,"Ballintober, Limerick",153.0,849.6732026143791,0.0,19.607843137254903,117.6470588235294,13.071895424836601,11.8
2ae19629-175f-13a3-e055-000000000001,"Ballyagran, Limerick",224.0,883.9285714285714,0.0,0.0,111.60714285714286,4.464285714285714,11.2
2ae19629-1760-13a3-e055-000000000001,"Ballyallinan, Limerick",165.0,903.0303030303031,0.0,24.242424242424242,72.72727272727272,0.0,7.3
2ae19629-1767-13a3-e055-000000000001,"Ballybricken, Limerick",669.0,965.6203288490284,1.4947683109118086,1.4947683109118086,31.390134529147982,0.0,3.1
2ae19629-1768-13a3-e055-000000000001,"Ballycummin, Limerick",7222.0,930.351703129327,2.907781777900859,16.47743007477153,48.87842702852396,1.3846579894765993,4.9
2ae19629-1769-13a3-e055-000000000001,"Ballygrennan, Limerick",130.0,830.7692307692308,0.0,15.384615384615385,153.84615384615387,0.0,15.4
2ae19629-176a-13a3-e055-000000000001,"Ballylanders, Limerick",294.0,867.3469387755101,6.802721088435374,6.802721088435374,108.84353741496598,10.204081632653061,10.9
2ae19629-176b-13a3-e055-000000000001,"Ballymacshaneboy, Limerick",202.0,900.990099009901,0.0,4.9504950495049505,79.20792079207921,14.85148514851485,7.9
2ae19629-176c-13a3-e055-000000000001,"Ballynabanoge, Limerick",123.0,926.829268292683,16.260162601626018,0.0,56.91056910569105,0.0,5.7
2ae19629-176d-13a3-e055-000000000001,"Ballynacarriga, Limerick",338.0,917.1597633136095,2.9585798816568047,20.710059171597635,53.25443786982249,5.9171597633136095,5.3
2ae19629-176f-13a3-e055-000000000001,"Ballynoe West, Limerick",137.0,854.0145985401459,0.0,14.598540145985401,124.08759124087591,7.299270072992701,12.4
2ae19629-176e-13a3-e055-000000000001,"Ballynoe, Limerick",196.0,908.1632653061224,5.1020408163265305,10.204081632653061,66.32653061224491,10.204081632653061,6.6
2ae19629-1770-13a3-e055-000000000001,"Ballysimon, Limerick",6067.0,917.2572935552992,19.943959123125104,18.955002472391627,42.52513598153947,1.318608867644635,4.3
2ae19629-1771-13a3-e055-000000000001,"Ballyvarra, Limerick",1609.0,914.2324425108764,8.70105655686762,14.916096954630206,59.04288377874456,3.107520198881293,5.9
2ae19629-1772-13a3-e055-000000000001,"Bilboa, Limerick",173.0,849.7109826589596,0.0,11.560693641618496,109.82658959537572,28.90173410404624,11.0
2ae19629-1773-13a3-e055-000000000001,"Boola, Limerick",61.0,803.2786885245902,0.0,16.393442622950822,180.32786885245903,0.0,18.0
2ae19629-1774-13a3-e055-000000000001,"Broadford, Limerick",403.0,866.0049627791562,2.4813895781637716,7.444168734491315,116.62531017369727,7.444168734491315,11.7
2ae19629-1761-13a3-e055-000000000001,"Bruff, Limerick",620.0,869.3548387096774,4.838709677419355,19.35483870967742,98.38709677419355,8.064516129032258,9.8
2ae19629-1762-13a3-e055-000000000001,"Bruree, Limerick",487.0,831.6221765913757,0.0,10.266940451745379,147.84394250513347,10.266940451745379,14.8
2ae19629-1763-13a3-e055-000000000001,"Bulgaden, Limerick",142.0,852.112676056338,0.0,0.0,147.88732394366198,0.0,14.8
2ae19629-1764-13a3-e055-000000000001,"Caher, Limerick",172.0,784.8837209302325,5.813953488372093,40.697674418604656,133.72093023255812,34.883720930232556,13.4
2ae19629-1765-13a3-e055-000000000001,"Caherconlish East, Limerick",212.0,877.3584905660377,4.716981132075471,9.433962264150942,108.49056603773585,0.0,10.8
2ae19629-1766-13a3-e055-000000000001,"Caherconlish West, Limerick",835.0,926.9461077844311,0.0,10.778443113772456,56.2874251497006,5.9880239520958085,5.6
2ae19629-177c-13a3-e055-000000000001,"Cahercorney, Limerick",294.0,880.952380952381,0.0,10.204081632653061,105.44217687074831,3.401360544217687,10.5
2ae19629-177d-13a3-e055-000000000001,"Caherelly, Limerick",128.0,914.0625,0.0,15.625,62.5,7.8125,6.3
2ae19629-177e-13a3-e055-000000000001,"Cappamore, Limerick",588.0,877.5510204081633,3.401360544217687,8.503401360544219,98.63945578231292,11.904761904761903,9.9
2ae19629-177f-13a3-e055-000000000001,"Carrig, Limerick",223.0,946.1883408071749,13.45291479820628,13.45291479820628,26.90582959641256,0.0,2.7
2ae19629-1780-13a3-e055-000000000001,"Castleconnell, Limerick",1412.0,918.5552407932012,4.24929178470255,12.747875354107649,58.781869688385264,5.6657223796034,5.9
2ae19629-1781-13a3-e055-000000000001,"Castletown, Limerick, 127042",156.0,878.2051282051282,0.0,0.0,121.7948717948718,0.0,12.2
2ae19629-1782-13a3-e055-000000000001,"Castletown, Limerick, 127043",197.0,883.248730964467,5.076142131979695,10.15228426395939,91.37055837563452,10.15228426395939,9.1
2ae19629-1783-13a3-e055-000000000001,"Clarina, Limerick",746.0,934.3163538873994,5.361930294906166,18.766756032171582,41.55495978552279,0.0,4.2
2ae19629-1784-13a3-e055-000000000001,"Cleanglass, Limerick",123.0,821.1382113821138,8.130081300813009,8.130081300813009,146.34146341463415,16.260162601626018,14.6
2ae19629-1785-13a3-e055-000000000001,"Cloncagh, Limerick",128.0,851.5625,7.8125,31.25,109.375,0.0,10.9
2ae19629-1786-13a3-e055-000000000001,"Clonkeen, Limerick",392.0,910.7142857142857,0.0,7.653061224489796,81.63265306122449,0.0,8.2
2ae19629-1787-13a3-e055-000000000001,"Colmanswell, Limerick",222.0,909.90990990991,0.0,0.0,85.58558558558559,4.504504504504505,8.6
2ae19629-1788-13a3-e055-000000000001,"Coolrus, Limerick",168.0,904.7619047619048,11.904761904761903,11.904761904761903,59.52380952380952,11.904761904761903,6.0
2ae19629-1789-13a3-e055-000000000001,"Craggs, Limerick",109.0,844.0366972477065,0.0,0.0,137.61467889908258,18.34862385321101,13.8
2ae19629-1775-13a3-e055-000000000001,"Crean, Limerick",159.0,968.5534591194969,0.0,0.0,25.157232704402517,6.289308176100629,2.5
2ae19629-1776-13a3-e055-000000000001,"Crecora, Limerick",172.0,895.3488372093024,0.0,5.813953488372093,98.83720930232558,0.0,9.9
2ae19629-1777-13a3-e055-000000000001,"Croagh, Limerick",285.0,870.1754385964913,3.5087719298245617,14.035087719298247,105.26315789473684,7.017543859649123,10.5
2ae19629-1778-13a3-e055-000000000001,"Croom, Limerick",707.0,947.6661951909476,5.657708628005658,9.900990099009901,35.36067892503536,1.4144271570014144,3.5
2ae19629-1779-13a3-e055-000000000001,"Cullane, Limerick",157.0,898.0891719745223,0.0,12.738853503184714,70.06369426751593,19.108280254777068,7.0
2ae19629-177a-13a3-e055-000000000001,"Danganbeg, Limerick",185.0,837.8378378378378,0.0,10.81081081081081,145.94594594594597,5.405405405405405,14.6
2ae19629-177b-13a3-e055-000000000001,"Darragh, Limerick",151.0,860.9271523178808,6.622516556291391,0.0,79.47019867549669,52.980132450331126,7.9
2ae19629-178a-13a3-e055-000000000001,"Doon South, Limerick",582.0,867.6975945017182,1.7182130584192439,15.463917525773196,104.81099656357388,10.309278350515465,10.5
2ae19629-178b-13a3-e055-000000000001,"Doon West, Limerick",104.0,913.4615384615385,0.0,0.0,57.69230769230769,28.846153846153847,5.8
2ae19629-1792-13a3-e055-000000000001,"Dromard, Limerick",333.0,900.9009009009009,0.0,12.012012012012011,72.07207207207207,15.015015015015015,7.2
2ae19629-1793-13a3-e055-000000000001,"Dromcolliher, Limerick",455.0,821.978021978022,4.395604395604396,13.186813186813186,151.64835164835165,8.791208791208792,15.2
2ae19629-1794-13a3-e055-000000000001,"Dromin, Limerick",223.0,878.9237668161435,0.0,4.484304932735426,103.13901345291481,13.45291479820628,10.3
2ae19629-1795-13a3-e055-000000000001,"Dromtrasna, Limerick",385.0,872.7272727272726,0.0,12.987012987012989,96.1038961038961,18.18181818181818,9.6
2ae19629-1796-13a3-e055-000000000001,"Dunmoylan East, Limerick",198.0,904.040404040404,5.050505050505051,20.202020202020204,55.55555555555555,15.151515151515152,5.6
2ae19629-1798-13a3-e055-000000000001,"Dunnaman, Limerick",251.0,944.2231075697212,0.0,7.968127490039841,47.808764940239044,0.0,4.8
2ae19629-1799-13a3-e055-000000000001,"Duntryleague, Limerick",157.0,834.3949044585987,0.0,19.108280254777068,108.28025477707007,38.216560509554135,10.8
2ae19629-179a-13a3-e055-000000000001,"Emlygrennan, Limerick",333.0,900.9009009009009,0.0,3.003003003003003,66.06606606606606,30.03003003003003,6.6
2ae19629-179b-13a3-e055-000000000001,"Fedamore, Limerick",474.0,943.0379746835443,2.109704641350211,4.219409282700422,50.63291139240506,0.0,5.1
2ae19629-179c-13a3-e055-000000000001,"Feenagh, Limerick",156.0,833.3333333333334,0.0,0.0,141.02564102564102,25.64102564102564,14.1
2ae19629-179d-13a3-e055-000000000001,"Fleanmore, Limerick",103.0,815.5339805825242,0.0,48.543689320388346,106.79611650485437,29.12621359223301,10.7
2ae19629-179e-13a3-e055-000000000001,"Galbally, Limerick",270.0,822.2222222222222,7.407407407407407,22.22222222222222,144.44444444444443,3.7037037037037037,14.4
2ae19629-178c-13a3-e055-000000000001,"Garrane, Limerick",115.0,939.1304347826087,0.0,26.08695652173913,34.78260869565217,0.0,3.5
2ae19629-178d-13a3-e055-000000000001,"Garryduff, Limerick",123.0,869.9186991869918,0.0,16.260162601626018,89.4308943089431,24.390243902439025,8.9
2ae19629-178e-13a3-e055-000000000001,"Glenagower, Limerick",230.0,873.9130434782609,0.0,8.695652173913043,91.30434782608695,26.08695652173913,9.1
2ae19629-178f-13a3-e055-000000000001,"Glenbrohane, Limerick",209.0,875.5980861244019,0.0,0.0,110.04784688995215,14.354066985645934,11.0
2ae19629-1790-13a3-e055-000000000001,"Glengort, Limerick",302.0,870.8609271523179,6.622516556291391,23.17880794701987,89.40397350993378,9.933774834437086,8.9
2ae19629-1791-13a3-e055-000000000001,"Glensharrold, Limerick",191.0,879.5811518324608,5.235602094240838,26.17801047120419,83.76963350785341,5.235602094240838,8.4
2ae19629-17a6-13a3-e055-000000000001,"Glenstal, Limerick",423.0,905.4373522458628,0.0,14.184397163120567,75.65011820330969,4.7281323877068555,7.6
2ae19629-17a7-13a3-e055-000000000001,"Glin, Limerick",614.0,796.4169381107492,1.6286644951140066,19.543973941368076,151.4657980456026,30.944625407166125,15.1
2ae19629-17a8-13a3-e055-000000000001,"Grange, Limerick",212.0,910.377358490566,9.433962264150942,14.150943396226415,61.320754716981135,4.716981132075471,6.1
2ae19629-17a9-13a3-e055-000000000001,"Grean, Limerick",590.0,900.0,0.0,16.949152542372882,77.96610169491527,5.084745762711864,7.8
2ae19629-17aa-13a3-e055-000000000001,"Griston, Limerick",138.0,840.5797101449275,0.0,0.0,137.68115942028984,21.73913043478261,13.8
2ae19629-17ab-13a3-e055-000000000001,"Hospital, Limerick",568.0,869.7183098591548,1.7605633802816902,17.605633802816904,105.63380281690141,5.28169014084507,10.6
2ae19629-17ac-13a3-e055-000000000001,"Iveruss, Limerick",148.0,844.5945945945946,0.0,20.27027027027027,135.13513513513513,0.0,13.5
2ae19629-17ad-13a3-e055-000000000001,"Kilbeheny, Limerick",113.0,876.1061946902655,8.849557522123893,26.548672566371682,79.64601769911505,8.849557522123893,8.0
2ae19629-17ae-13a3-e055-000000000001,"Kilcornan, Limerick",317.0,873.8170347003155,0.0,6.309148264984227,97.79179810725552,22.082018927444796,9.8
2ae19629-17af-13a3-e055-000000000001,"Kildimo, Limerick",258.0,910.8527131782945,3.875968992248062,31.007751937984494,54.263565891472865,0.0,5.4
2ae19629-17b0-13a3-e055-000000000001,"Kilfergus, Limerick",215.0,823.2558139534883,13.953488372093023,0.0,134.88372093023256,27.906976744186046,13.5
2ae19629-179f-13a3-e055-000000000001,"Kilfinnane, Limerick",585.0,810.2564102564103,1.7094017094017093,13.675213675213675,147.00854700854703,27.35042735042735,14.7
2ae19629-17a0-13a3-e055-000000000001,"Kilfinny, Limerick",116.0,887.9310344827587,0.0,0.0,94.82758620689654,17.241379310344826,9.5
2ae19629-17a1-13a3-e055-000000000001,"Kilflyn, Limerick",110.0,781.8181818181819,18.18181818181818,0.0,118.18181818181817,81.81818181818181,11.8
2ae19629-17a2-13a3-e055-000000000001,"Kilglass, Limerick",128.0,929.6875,7.8125,0.0,54.6875,7.8125,5.5
2ae19629-17a3-13a3-e055-000000000001,"Kilmallock, Limerick",1090.0,868.8073394495412,6.422018348623854,7.339449541284404,108.25688073394495,9.174311926605505,10.8
2ae19629-17a4-13a3-e055-000000000001,"Kilmeedy, Limerick",161.0,826.0869565217391,0.0,0.0,167.70186335403727,6.211180124223602,16.8
2ae19629-17a5-13a3-e055-000000000001,"Kilmoylan, Limerick",211.0,777.2511848341233,0.0,9.47867298578199,170.61611374407585,42.65402843601896,17.1
2ae19629-17b1-13a3-e055-000000000001,"Kilmurry, Limerick",356.0,851.123595505618,8.426966292134832,11.235955056179774,103.93258426966293,25.280898876404493,10.4
2ae19629-17b2-13a3-e055-000000000001,"Kilpeacon, Limerick",207.0,922.7053140096618,0.0,9.66183574879227,62.80193236714976,4.830917874396135,6.3
2ae19629-17ba-13a3-e055-000000000001,"Kilscannell, Limerick",202.0,915.8415841584159,4.9504950495049505,9.900990099009901,69.30693069306932,0.0,6.9
2ae19629-17bb-13a3-e055-000000000001,"Kilteely, Limerick",251.0,880.4780876494024,3.9840637450199203,3.9840637450199203,95.61752988047809,15.936254980079681,9.6
2ae19629-17bc-13a3-e055-000000000001,"Knockaderry, Limerick",200.0,880.0,0.0,25.0,80.0,15.0,8.0
2ae19629-17bd-13a3-e055-000000000001,"Knockainy, Limerick",308.0,902.5974025974026,0.0,9.74025974025974,74.67532467532467,12.987012987012989,7.5
2ae19629-17be-13a3-e055-000000000001,"Knocklong, Limerick",402.0,863.1840796019901,4.975124378109452,2.487562189054726,94.5273631840796,34.82587064676617,9.5
2ae19629-17bf-13a3-e055-000000000001,"Knocknascrow, Limerick",79.0,962.0253164556963,0.0,12.658227848101266,25.31645569620253,0.0,2.5
2ae19629-17c1-13a3-e055-000000000001,"Limerick South Rural, Limerick",748.0,954.5454545454546,1.3368983957219251,10.695187165775401,33.42245989304813,0.0,3.3
2ae19629-17c2-13a3-e055-000000000001,"Lismakeery, Limerick",188.0,872.3404255319149,5.319148936170213,10.638297872340425,106.38297872340425,5.319148936170213,10.6
2ae19629-17c3-13a3-e055-000000000001,"Loghill, Limerick",297.0,848.4848484848485,10.101010101010102,6.7340067340067336,117.84511784511785,16.835016835016834,11.8
2ae19629-17c4-13a3-e055-000000000001,"Mahoonagh, Limerick",208.0,899.0384615384615,0.0,9.615384615384617,81.73076923076923,9.615384615384617,8.2
fbd773f9-3255-4b44-ade1-02facf2621f8,"Mohernagh/Dunmoylan West, Limerick",84.0,880.952380952381,0.0,11.904761904761903,95.23809523809523,11.904761904761903,9.5
2ae19629-17c6-13a3-e055-000000000001,"Monagay, Limerick",489.0,907.9754601226994,0.0,12.269938650306749,75.66462167689161,4.08997955010225,7.6
2ae19629-17c7-13a3-e055-000000000001,"Mountcollins, Limerick",269.0,817.8438661710037,3.717472118959108,22.304832713754646,92.93680297397769,63.197026022304826,9.3
2ae19629-17b3-13a3-e055-000000000001,"Mountplummer, Limerick",154.0,805.1948051948052,0.0,6.493506493506494,168.83116883116884,19.48051948051948,16.9
2ae19629-17b4-13a3-e055-000000000001,"Nantinan, Limerick",304.0,835.5263157894736,6.578947368421052,16.44736842105263,125.0,16.44736842105263,12.5
2ae19629-17b5-13a3-e055-000000000001,"Newcastle Rural, Limerick",962.0,909.5634095634096,7.276507276507277,16.632016632016633,58.21205821205822,8.316008316008316,5.8
2ae19629-17b6-13a3-e055-000000000001,"Newcastle Urban, Limerick",2427.0,869.7981046559538,3.296250515039143,16.481252575195715,102.59579728059333,7.828594973217964,10.3
2ae19629-17b7-13a3-e055-000000000001,"Oola, Limerick",471.0,904.4585987261147,2.1231422505307855,12.738853503184714,72.1868365180467,8.492569002123142,7.2
2ae19629-17b8-13a3-e055-000000000001,"Pallaskenry, Limerick",441.0,886.6213151927437,2.2675736961451247,29.478458049886623,63.49206349206349,18.140589569160998,6.3
2ae19629-17b9-13a3-e055-000000000001,"Particles, Limerick",101.0,831.6831683168316,9.900990099009901,9.900990099009901,99.00990099009901,49.504950495049506,9.9
2ae19629-17d0-13a3-e055-000000000001,"Patrickswell, Limerick",578.0,937.7162629757786,5.190311418685121,6.920415224913495,50.173010380622834,0.0,5.0
2ae19629-17d1-13a3-e055-000000000001,"Port, Limerick",227.0,850.2202643171805,0.0,22.026431718061676,110.13215859030836,17.62114537444934,11.0
2ae19629-17d2-13a3-e055-000000000001,"Rathkeale Rural, Limerick",136.0,830.8823529411765,7.352941176470588,14.705882352941176,117.6470588235294,29.41176470588235,11.8
2ae19629-17d3-13a3-e055-000000000001,"Rathkeale Urban, Limerick",881.0,595.9137343927356,1.1350737797956867,46.53802497162315,272.4177071509648,83.99545970488082,27.2
2ae19629-17d4-13a3-e055-000000000001,"Rathmore, Limerick",114.0,877.1929824561403,0.0,8.771929824561402,105.26315789473684,8.771929824561402,10.5
2ae19629-17d5-13a3-e055-000000000001,"Rathronan, Limerick",414.0,869.5652173913044,2.4154589371980677,12.077294685990339,101.44927536231884,14.492753623188406,10.1
2ae19629-17d6-13a3-e055-000000000001,"Riddlestown, Limerick",225.0,888.8888888888888,0.0,13.333333333333334,62.22222222222222,35.55555555555556,6.2
2ae19629-17d7-13a3-e055-000000000001,"Riversdale, Limerick",110.0,881.8181818181819,0.0,0.0,90.9090909090909,27.27272727272727,9.1
2ae19629-17d8-13a3-e055-000000000001,"Rockhill, Limerick",142.0,873.2394366197183,0.0,7.042253521126761,112.67605633802818,7.042253521126761,11.3
2ae19629-17d9-13a3-e055-000000000001,"Rooskagh, Limerick",117.0,897.4358974358975,0.0,0.0,85.47008547008546,17.094017094017097,8.5
2ae19629-17da-13a3-e055-000000000001,"Roxborough, Limerick",593.0,912.310286677909,0.0,10.118043844856661,74.19898819561551,3.372681281618887,7.4
2ae19629-17db-13a3-e055-000000000001,"Shanagolden, Limerick",435.0,850.5747126436781,9.195402298850574,11.494252873563218,98.85057471264368,29.885057471264368,9.9
2ae19629-17dc-13a3-e055-000000000001,"Shanid, Limerick",234.0,884.6153846153845,0.0,17.094017094017097,85.47008547008546,12.82051282051282,8.5
2ae19629-17c8-13a3-e055-000000000001,"Templebredon, Limerick",223.0,883.4080717488789,0.0,8.968609865470851,89.68609865470852,17.937219730941703,9.0
2ae19629-17c9-13a3-e055-000000000001,"Templeglentan, Limerick",405.0,864.1975308641975,0.0,14.814814814814815,113.58024691358025,7.407407407407407,11.4
2ae19629-17ca-13a3-e055-000000000001,"Tobernea, Limerick",268.0,880.5970149253732,0.0,14.925373134328359,97.01492537313433,7.462686567164179,9.7
2ae19629-17cb-13a3-e055-000000000001,"Uregare, Limerick",249.0,891.566265060241,0.0,0.0,96.3855421686747,12.048192771084338,9.6
2ae19629-19fd-13a3-e055-000000000001,"Abington, Tipperary",267.0,861.4232209737828,3.745318352059925,7.49063670411985,123.59550561797752,3.745318352059925,12.4
2ae19629-19fe-13a3-e055-000000000001,"Aghnameadle, Tipperary",118.0,864.406779661017,0.0,0.0,127.11864406779661,8.474576271186441,12.7
2ae19629-19ff-13a3-e055-000000000001,"Aglishcloghane, Tipperary",124.0,862.9032258064516,0.0,0.0,129.03225806451613,8.064516129032258,12.9
2ae19629-1a0c-13a3-e055-000000000001,"Ardcrony, Tipperary",204.0,926.4705882352941,0.0,19.607843137254903,49.01960784313725,4.901960784313726,4.9
2ae19629-1a21-13a3-e055-000000000001,"Ballina, Tipperary",1292.0,896.2848297213623,7.739938080495356,14.705882352941176,40.247678018575854,41.021671826625386,4.0
2ae19629-1a2b-13a3-e055-000000000001,"Ballingarry, Tipperary, 217011",248.0,862.9032258064516,4.032258064516129,4.032258064516129,96.77419354838709,32.25806451612903,9.7
2ae19629-1a2d-13a3-e055-000000000001,"Ballycahill, Tipperary",178.0,859.5505617977528,5.617977528089887,16.853932584269664,101.12359550561797,16.853932584269664,10.1
2ae19629-198d-13a3-e055-000000000001,"Ballygibbon, Tipperary",265.0,890.5660377358491,3.7735849056603774,15.09433962264151,79.24528301886792,11.320754716981131,7.9
2ae19629-1998-13a3-e055-000000000001,"Ballylusky, Tipperary",138.0,891.3043478260869,0.0,7.246376811594203,101.44927536231884,0.0,10.1
2ae19629-1999-13a3-e055-000000000001,"Ballymackey, Tipperary",233.0,888.4120171673819,0.0,17.167381974248926,85.83690987124463,8.583690987124463,8.6
2ae19629-1bf8-13a3-e055-000000000001,"Ballymurreen, Tipperary",99.0,848.4848484848485,10.101010101010102,10.101010101010102,121.21212121212122,10.101010101010102,12.1
2ae19629-1bf9-13a3-e055-000000000001,"Ballynaclogh, Tipperary",296.0,918.918918918919,3.3783783783783785,23.64864864864865,47.2972972972973,6.756756756756757,4.7
2ae19629-1c10-13a3-e055-000000000001,"Birdhill, Tipperary",288.0,868.0555555555555,6.944444444444444,20.833333333333332,100.69444444444444,3.472222222222222,10.1
2ae19629-1c11-13a3-e055-000000000001,"Borrisnafarney, Tipperary",120.0,808.3333333333334,0.0,8.333333333333334,125.0,58.333333333333336,12.5
2ae19629-1c1a-13a3-e055-000000000001,"Borrisnoe, Tipperary",49.0,816.3265306122449,0.0,20.408163265306122,122.44897959183673,40.816326530612244,12.2
2ae19629-1c1b-13a3-e055-000000000001,"Borrisokane, Tipperary",646.0,857.5851393188855,0.0,7.739938080495356,122.29102167182663,12.38390092879257,12.2
2ae19629-1c1c-13a3-e055-000000000001,"Borrisoleigh, Tipperary",564.0,863.4751773049646,5.319148936170213,3.5460992907801416,118.79432624113475,8.865248226950355,11.9
2ae19629-1c25-13a3-e055-000000000001,"Bourney East, Tipperary",130.0,853.8461538461538,7.6923076923076925,0.0,130.76923076923077,7.6923076923076925,13.1
2ae19629-1c26-13a3-e055-000000000001,"Bourney West, Tipperary",165.0,884.8484848484849,6.0606060606060606,0.0,103.03030303030303,6.0606060606060606,10.3
2ae19629-1c30-13a3-e055-000000000001,"Burgesbeg, Tipperary",168.0,958.3333333333334,0.0,0.0,41.666666666666664,0.0,4.2
2ae19629-1c47-13a3-e055-000000000001,"Carrig, Tipperary",82.0,853.6585365853658,0.0,12.195121951219512,73.17073170731707,60.97560975609756,7.3
2ae19629-1c48-13a3-e055-000000000001,"Carrigatogher, Tipperary",265.0,905.6603773584906,7.547169811320755,7.547169811320755,67.9245283018868,11.320754716981131,6.8
2ae19629-1c55-13a3-e055-000000000001,"Castletown, Tipperary",690.0,808.695652173913,1.4492753623188406,21.73913043478261,89.85507246376811,78.26086956521739,9.0
2ae19629-1c68-13a3-e055-000000000001,"Cloghjordan, Tipperary",526.0,876.425855513308,3.802281368821293,9.505703422053232,96.95817490494296,13.307984790874524,9.7
2ae19629-1c69-13a3-e055-000000000001,"Cloghprior, Tipperary",136.0,779.4117647058823,22.058823529411764,44.11764705882353,73.52941176470588,80.88235294117648,7.4
2ae19629-1c6a-13a3-e055-000000000001,"Clohaskin, Tipperary",101.0,871.2871287128713,9.900990099009901,19.801980198019802,69.30693069306932,29.7029702970297,6.9
2ae19629-1bf2-13a3-e055-000000000001,"Derrycastle, Tipperary",200.0,850.0,5.0,10.0,70.0,65.0,7.0
2ae19629-1bfc-13a3-e055-000000000001,"Dolla, Tipperary",103.0,757.2815533980582,0.0,9.70873786407767,213.59223300970874,19.41747572815534,21.4
2ae19629-1c06-13a3-e055-000000000001,"Drom, Tipperary",453.0,883.0022075055188,4.415011037527594,4.415011037527594,94.92273730684326,13.245033112582782,9.5
2ae19629-1c14-13a3-e055-000000000001,"Finnoe, Tipperary",91.0,769.2307692307693,10.989010989010989,10.989010989010989,131.86813186813188,76.92307692307693,13.2
2ae19629-1c1d-13a3-e055-000000000001,"Foilnaman, Tipperary",163.0,766.8711656441718,12.269938650306749,12.269938650306749,134.96932515337423,73.61963190184049,13.5
2ae19629-1c33-13a3-e055-000000000001,"Glenkeen, Tipperary",187.0,882.3529411764706,16.0427807486631,21.390374331550802,80.21390374331551,0.0,8.0
2ae19629-1c3f-13a3-e055-000000000001,"Gortkelly, Tipperary",225.0,880.0,4.444444444444445,13.333333333333334,93.33333333333334,8.88888888888889,9.3
2ae19629-1c41-13a3-e055-000000000001,"Graigue, Tipperary, 217084",119.0,831.9327731092437,0.0,25.210084033613445,126.05042016806722,16.80672268907563,12.6
2ae19629-1c56-13a3-e055-000000000001,"Holycross, Tipperary",587.0,902.8960817717207,3.4071550255536627,5.110732538330494,71.55025553662692,17.035775127768314,7.2
2ae19629-1c57-13a3-e055-000000000001,"Inch, Tipperary",164.0,902.439024390244,18.29268292682927,6.097560975609756,67.07317073170732,6.097560975609756,6.7
2ae19629-1c60-13a3-e055-000000000001,"Kilbarron, Tipperary",350.0,702.8571428571429,20.0,14.285714285714285,82.85714285714285,180.0,8.3
2ae19629-1c6b-13a3-e055-000000000001,"Kilcomenty, Tipperary",266.0,928.5714285714286,0.0,15.037593984962406,56.39097744360902,0.0,5.6
2ae19629-1c82-13a3-e055-000000000001,"Kilkeary, Tipperary",245.0,938.7755102040817,4.081632653061225,12.244897959183673,40.816326530612244,4.081632653061225,4.1
2ae19629-1c85-13a3-e055-000000000001,"Killavinoge, Tipperary",174.0,867.816091954023,5.747126436781609,0.0,114.94252873563218,11.494252873563218,11.5
2ae19629-1c8f-13a3-e055-000000000001,"Killea, Tipperary",156.0,839.7435897435897,0.0,6.41025641025641,147.43589743589743,6.41025641025641,14.7
2ae19629-1be9-13a3-e055-000000000001,"Killoscully, Tipperary",186.0,913.9784946236559,0.0,0.0,59.13978494623656,26.881720430107528,5.9
2ae19629-1bea-13a3-e055-000000000001,"Kilmore, Tipperary",303.0,854.7854785478548,6.600660066006601,6.600660066006601,122.11221122112212,9.900990099009901,12.2
2ae19629-1bfe-13a3-e055-000000000001,"Kilnaneave, Tipperary",193.0,891.1917098445596,15.544041450777202,15.544041450777202,72.53886010362693,5.181347150259067,7.3
2ae19629-1bff-13a3-e055-000000000001,"Kilnarath, Tipperary",145.0,889.6551724137931,6.896551724137931,6.896551724137931,89.6551724137931,6.896551724137931,9.0
2ae19629-1c0a-13a3-e055-000000000001,"Kilrush, Tipperary",204.0,901.9607843137255,0.0,19.607843137254903,73.52941176470588,4.901960784313726,7.4
2ae19629-1c20-13a3-e055-000000000001,"Knigh, Tipperary",330.0,842.4242424242424,15.151515151515152,12.121212121212121,84.84848484848486,45.45454545454545,8.5
92a3af93-8212-46b6-9978-852f51bdf3c6,"Lackagh/Greenhall, Tipperary",170.0,835.2941176470589,5.88235294117647,17.647058823529413,123.52941176470588,17.647058823529413,12.4
2ae19629-1c2c-13a3-e055-000000000001,"Latteragh, Tipperary",305.0,901.6393442622951,0.0,9.836065573770492,88.52459016393442,0.0,8.9
2ae19629-1c37-13a3-e055-000000000001,"Littleton, Tipperary",423.0,888.8888888888888,2.3640661938534278,21.27659574468085,87.47044917257683,0.0,8.7
2ae19629-1c42-13a3-e055-000000000001,"Longfordpass, Tipperary",117.0,905.982905982906,0.0,8.547008547008549,76.92307692307693,8.547008547008549,7.7
2ae19629-1c43-13a3-e055-000000000001,"Lorrha East, Tipperary",158.0,740.506329113924,12.658227848101266,12.658227848101266,196.20253164556962,37.9746835443038,19.6
2ae19629-1c44-13a3-e055-000000000001,"Lorrha West, Tipperary",153.0,803.921568627451,19.607843137254903,0.0,150.32679738562092,26.143790849673202,15.0
2ae19629-1c4b-13a3-e055-000000000001,"Loughmore, Tipperary",261.0,881.2260536398468,3.8314176245210727,7.662835249042145,95.78544061302682,11.494252873563218,9.6
2ae19629-1c4d-13a3-e055-000000000001,"Mertonhall, Tipperary",72.0,916.6666666666666,0.0,0.0,83.33333333333333,0.0,8.3
2ae19629-1c59-13a3-e055-000000000001,"Monsea, Tipperary",356.0,707.8651685393259,5.617977528089887,25.280898876404493,42.13483146067416,219.1011235955056,4.2
2ae19629-1c62-13a3-e055-000000000001,"Moyaliff, Tipperary",180.0,838.8888888888889,0.0,16.666666666666668,133.33333333333334,11.11111111111111,13.3
2ae19629-1c63-13a3-e055-000000000001,"Moycarky, Tipperary",199.0,939.6984924623115,5.025125628140704,0.0,50.25125628140704,5.025125628140704,5.0
2ae19629-1c64-13a3-e055-000000000001,"Moyne, Tipperary",223.0,820.627802690583,8.968609865470851,8.968609865470851,156.95067264573993,4.484304932735426,15.7
2ae19629-1c51-13a3-e055-000000000001,"Nenagh East Urban, Tipperary",1485.0,892.2558922558923,2.0202020202020203,15.488215488215488,86.1952861952862,4.040404040404041,8.6
2ae19629-1c6f-13a3-e055-000000000001,"Nenagh Rural, Tipperary",753.0,917.6626826029216,3.9840637450199203,6.6401062416998675,59.76095617529881,11.952191235059761,6.0
2ae19629-1c70-13a3-e055-000000000001,"Nenagh West Urban, Tipperary",2722.0,877.6634827332844,4.041146216017634,15.062454077883908,97.3548861131521,5.8780308596620126,9.7
2ae19629-1c7a-13a3-e055-000000000001,"Newport, Tipperary",1164.0,908.0756013745704,0.8591065292096219,4.295532646048111,84.19243986254295,2.577319587628866,8.4
2ae19629-1c93-13a3-e055-000000000001,"Rahelty, Tipperary",283.0,893.9929328621909,3.5335689045936394,10.60070671378092,91.87279151943463,0.0,9.2
2ae19629-1c94-13a3-e055-000000000001,"Rathcabban, Tipperary",132.0,825.7575757575758,0.0,7.575757575757576,136.36363636363635,30.303030303030305,13.6
2ae19629-1bec-13a3-e055-000000000001,"Rathnaveoge, Tipperary",100.0,880.0,0.0,10.0,100.0,10.0,10.0
2ae19629-1bed-13a3-e055-000000000001,"Redwood, Tipperary",56.0,875.0,17.857142857142858,17.857142857142858,35.714285714285715,53.57142857142857,3.6
2ae19629-1bf5-13a3-e055-000000000001,"Riverstown, Tipperary",240.0,891.6666666666667,0.0,4.166666666666667,83.33333333333333,20.833333333333332,8.3
2ae19629-1bf7-13a3-e055-000000000001,"Roscrea, Tipperary",2698.0,900.6671608598962,3.7064492216456633,9.266123054114159,83.02446256486286,3.335804299481097,8.3
2ae19629-1c02-13a3-e055-000000000001,"Templederry, Tipperary",69.0,753.6231884057971,0.0,14.492753623188406,231.8840579710145,0.0,23.2
2ae19629-1c0b-13a3-e055-000000000001,"Templemore, Tipperary",1001.0,828.1718281718282,2.997002997002997,6.993006993006993,159.84015984015983,1.998001998001998,16.0
2ae19629-1c0d-13a3-e055-000000000001,"Templetouhy, Tipperary",374.0,855.6149732620321,0.0,0.0,117.6470588235294,26.737967914438503,11.8
2ae19629-1c0e-13a3-e055-000000000001,"Terryglass, Tipperary",324.0,679.0123456790124,15.432098765432098,15.432098765432098,104.93827160493827,185.18518518518516,10.5
2ae19629-1c18-13a3-e055-000000000001,"Thurles Rural, Tipperary",925.0,918.918918918919,3.243243243243243,10.81081081081081,61.62162162162162,5.405405405405405,6.2
2ae19629-1c19-13a3-e055-000000000001,"Thurles Urban, Tipperary",3419.0,855.2208248025739,5.849663644340451,16.671541386370283,111.72857560690261,10.52939455981281,11.2
2ae19629-1c21-13a3-e055-000000000001,"Timoney, Tipperary",149.0,912.751677852349,6.7114093959731544,0.0,73.8255033557047,6.7114093959731544,7.4
2ae19629-1c3a-13a3-e055-000000000001,"Two-Mile-Borris, Tipperary",315.0,866.6666666666667,3.1746031746031744,34.920634920634924,88.88888888888889,6.349206349206349,8.9
2ae19629-1c45-13a3-e055-000000000001,"Upperchurch, Tipperary",141.0,815.6028368794326,0.0,7.092198581560283,156.02836879432624,21.27659574468085,15.6
2ae19629-1c46-13a3-e055-000000000001,"Uskane, Tipperary",100.0,850.0,0.0,0.0,120.0,30.0,12.0
2ae19629-1c4e-13a3-e055-000000000001,"Youghalarra, Tipperary",377.0,915.1193633952255,0.0,2.6525198938992043,63.6604774535809,18.56763925729443,6.4
2ae19629-1a0b-13a3-e055-000000000001,"Anner, Tipperary",159.0,842.7672955974843,0.0,25.157232704402517,88.0503144654088,44.0251572327044,8.8
2ae19629-1a14-13a3-e055-000000000001,"Ardfinnan, Tipperary",512.0,884.765625,5.859375,17.578125,74.21875,17.578125,7.4
2ae19629-1a15-13a3-e055-000000000001,"Ardmayle, Tipperary",266.0,898.4962406015038,3.7593984962406015,18.796992481203006,56.39097744360902,22.55639097744361,5.6
2ae19629-1a20-13a3-e055-000000000001,"Ardsallagh, Tipperary",191.0,874.3455497382199,5.235602094240838,20.942408376963353,89.00523560209423,10.471204188481677,8.9
2ae19629-1a22-13a3-e055-000000000001,"Ballingarry, Tipperary, 217010",296.0,912.1621621621622,0.0,13.513513513513514,54.054054054054056,20.27027027027027,5.4
2ae19629-1a2c-13a3-e055-000000000001,"Ballybacon, Tipperary",186.0,881.7204301075269,5.376344086021506,5.376344086021506,80.64516129032258,26.881720430107528,8.1
2ae19629-1a37-13a3-e055-000000000001,"Ballycarron, Tipperary",125.0,936.0,0.0,0.0,56.0,8.0,5.6
2ae19629-1a38-13a3-e055-000000000001,"Ballyclerahan, Tipperary",394.0,931.4720812182741,0.0,17.766497461928935,50.76142131979695,0.0,5.1
2ae19629-198e-13a3-e055-000000000001,"Ballygriffin, Tipperary",101.0,920.7920792079208,0.0,9.900990099009901,59.4059405940594,9.900990099009901,5.9
2ae19629-198f-13a3-e055-000000000001,"Ballykisteen, Tipperary",387.0,883.7209302325582,2.5839793281653747,0.0,93.02325581395348,20.671834625322997,9.3
2ae19629-1bfa-13a3-e055-000000000001,"Ballyphilip, Tipperary",159.0,905.6603773584906,0.0,12.578616352201259,69.18238993710692,12.578616352201259,6.9
2ae19629-1c03-13a3-e055-000000000001,"Ballyporeen, Tipperary",427.0,847.7751756440282,9.36768149882904,4.68384074941452,121.77985948477752,16.393442622950822,12.2
2ae19629-1c04-13a3-e055-000000000001,"Ballysheehan, Tipperary",198.0,878.7878787878788,5.050505050505051,15.151515151515152,85.85858585858585,15.151515151515152,8.6
2ae19629-1c0f-13a3-e055-000000000001,"Bansha, Tipperary",401.0,837.9052369077307,9.975062344139651,7.481296758104738,109.72568578553616,34.912718204488776,11.0
2ae19629-1c27-13a3-e055-000000000001,"Bruis, Tipperary",132.0,878.7878787878788,7.575757575757576,15.151515151515152,98.48484848484848,0.0,9.8
2ae19629-1c2f-13a3-e055-000000000001,"Buolick, Tipperary",297.0,868.6868686868687,3.3670033670033668,10.101010101010102,101.01010101010101,16.835016835016834,10.1
2ae19629-1c31-13a3-e055-000000000001,"Burncourt, Tipperary",197.0,898.4771573604061,0.0,10.15228426395939,60.91370558375635,30.456852791878173,6.1
2ae19629-1c32-13a3-e055-000000000001,"Caher, Tipperary",559.0,864.0429338103756,1.7889087656529516,17.889087656529515,100.1788908765653,16.100178890876567,10.0
2ae19629-1c3b-13a3-e055-000000000001,"Cappagh, Tipperary",421.0,878.8598574821854,2.375296912114014,4.750593824228028,102.1377672209026,11.876484560570072,10.2
2ae19629-1c3c-13a3-e055-000000000001,"Carrick-On-Suir Rural, Tipperary",195.0,933.3333333333334,5.128205128205129,20.512820512820515,41.02564102564103,0.0,4.1
2ae19629-1c3d-13a3-e055-000000000001,"Carrick-On-Suir Urban, Tipperary",2000.0,904.0,3.5,13.5,71.5,7.5,7.2
2ae19629-1c3e-13a3-e055-000000000001,"Carrickbeg Urban, Tipperary",665.0,914.2857142857142,4.511278195488722,12.030075187969926,61.65413533834587,7.518796992481203,6.2
2ae19629-1c53-13a3-e055-000000000001,"Cashel Rural, Tipperary",1120.0,919.6428571428571,2.6785714285714284,10.714285714285714,65.17857142857143,1.7857142857142856,6.5
2ae19629-1c54-13a3-e055-000000000001,"Cashel Urban, Tipperary",1253.0,829.2098962490024,3.9904229848363926,7.980845969672785,143.65522745411013,15.163607342378292,14.4
2ae19629-1c5d-13a3-e055-000000000001,"Clogheen, Tipperary",477.0,855.3459119496856,4.1928721174004195,6.289308176100629,100.62893081761007,33.542976939203356,10.1
2ae19629-1c5e-13a3-e055-000000000001,"Clogher, Tipperary",103.0,825.2427184466019,0.0,19.41747572815534,126.2135922330097,29.12621359223301,12.6
2ae19629-1c75-13a3-e055-000000000001,"Clonbeg, Tipperary",354.0,838.9830508474577,2.824858757062147,11.299435028248588,107.34463276836158,39.54802259887006,10.7
2ae19629-1c76-13a3-e055-000000000001,"Cloneen, Tipperary",183.0,901.6393442622951,10.92896174863388,10.92896174863388,71.03825136612022,5.46448087431694,7.1
2ae19629-1c50-13a3-e055-000000000001,"Clonmel East Urban, Tipperary",2058.0,874.6355685131196,2.9154518950437316,14.091350826044703,104.47035957240038,3.887269193391642,10.4
2ae19629-1c7f-13a3-e055-000000000001,"Clonmel Rural, Tipperary",2139.0,939.6914446002805,0.9350163627863488,16.362786348761105,41.14071996259935,1.8700327255726976,4.1
2ae19629-1c80-13a3-e055-000000000001,"Clonmel West Urban, Tipperary",2670.0,898.12734082397,2.6217228464419478,11.235955056179774,86.14232209737828,1.8726591760299625,8.6
2ae19629-1c81-13a3-e055-000000000001,"Clonoulty East, Tipperary",220.0,868.1818181818181,4.545454545454545,18.18181818181818,100.0,9.09090909090909,10.0
2ae19629-1c8d-13a3-e055-000000000001,"Clonoulty West, Tipperary",275.0,898.1818181818182,3.6363636363636362,0.0,87.27272727272728,10.90909090909091,8.7
2ae19629-1c8e-13a3-e055-000000000001,"Colman, Tipperary",172.0,901.1627906976745,0.0,34.883720930232556,58.13953488372093,5.813953488372093,5.8
2ae19629-1be6-13a3-e055-000000000001,"Coolagarranroe, Tipperary",246.0,869.9186991869918,0.0,16.260162601626018,56.91056910569105,56.91056910569105,5.7
2ae19629-1be7-13a3-e055-000000000001,"Cooleagh, Tipperary",227.0,920.7048458149781,0.0,8.81057268722467,66.07929515418502,4.405286343612335,6.6
2ae19629-1be8-13a3-e055-000000000001,"Crohane, Tipperary",105.0,923.8095238095239,0.0,19.04761904761905,47.61904761904761,9.523809523809526,4.8
2ae19629-1bf0-13a3-e055-000000000001,"Cullen, Tipperary",141.0,780.1418439716313,0.0,0.0,219.8581560283688,0.0,22.0
2ae19629-1bf1-13a3-e055-000000000001,"Curraheen, Tipperary",132.0,787.8787878787879,15.151515151515152,0.0,166.66666666666666,30.303030303030305,16.7
2ae19629-1bfb-13a3-e055-000000000001,"Derrygrath, Tipperary",275.0,887.2727272727274,18.18181818181818,21.81818181818182,61.81818181818182,10.90909090909091,6.2
2ae19629-1bfd-13a3-e055-000000000001,"Donohill, Tipperary",282.0,854.6099290780141,0.0,7.092198581560283,120.56737588652481,17.73049645390071,12.1
2ae19629-1c05-13a3-e055-000000000001,"Drangan, Tipperary",262.0,896.9465648854962,3.8167938931297707,15.267175572519083,68.70229007633588,15.267175572519083,6.9
2ae19629-1c07-13a3-e055-000000000001,"Drumwood, Tipperary",233.0,845.4935622317596,4.291845493562231,12.875536480686696,120.1716738197425,17.167381974248926,12.0
2ae19629-1c08-13a3-e055-000000000001,"Emly, Tipperary",345.0,744.927536231884,11.594202898550725,17.391304347826086,205.79710144927535,20.289855072463766,20.6
2ae19629-1c12-13a3-e055-000000000001,"Farranrory, Tipperary",172.0,941.8604651162791,0.0,0.0,46.51162790697674,11.627906976744185,4.7
2ae19629-1c13-13a3-e055-000000000001,"Fennor, Tipperary",216.0,925.925925925926,4.62962962962963,13.888888888888888,55.55555555555555,0.0,5.6
2ae19629-1c4f-13a3-e055-000000000001,"Fethard, Tipperary",502.0,872.5099601593625,3.9840637450199203,29.880478087649404,83.66533864541832,9.9601593625498,8.4
2ae19629-1c1e-13a3-e055-000000000001,"Gaile, Tipperary",298.0,872.48322147651,13.422818791946309,13.422818791946309,77.18120805369128,23.48993288590604,7.7
2ae19629-1c28-13a3-e055-000000000001,"Garrangibbon, Tipperary",279.0,881.7204301075269,3.5842293906810037,7.168458781362007,82.43727598566308,25.089605734767026,8.2
2ae19629-1c29-13a3-e055-000000000001,"Glengar, Tipperary",116.0,793.1034482758621,8.620689655172413,8.620689655172413,172.41379310344828,17.241379310344826,17.2
2ae19629-1c34-13a3-e055-000000000001,"Golden, Tipperary",354.0,884.180790960452,5.649717514124294,14.124293785310734,76.27118644067797,19.77401129943503,7.6
2ae19629-1c40-13a3-e055-000000000001,"Graigue, Tipperary, 217083",56.0,857.1428571428571,0.0,53.57142857142857,53.57142857142857,35.714285714285715,5.4
2ae19629-1c49-13a3-e055-000000000001,"Graystown, Tipperary",172.0,895.3488372093024,5.813953488372093,5.813953488372093,93.02325581395348,0.0,9.3
2ae19629-1c5f-13a3-e055-000000000001,"Inishlounaght, Tipperary",1308.0,948.0122324159022,0.764525993883792,19.877675840978593,28.287461773700304,3.058103975535168,2.8
2ae19629-1c61-13a3-e055-000000000001,"Kilcash, Tipperary",334.0,862.2754491017964,2.9940119760479043,20.958083832335326,83.8323353293413,29.940119760479043,8.4
2ae19629-1c6c-13a3-e055-000000000001,"Kilcommon, Tipperary",1023.0,857.2825024437927,2.932551319648094,5.865102639296188,129.03225806451613,4.887585532746823,12.9
2ae19629-1c6d-13a3-e055-000000000001,"Kilcooly, Tipperary",119.0,873.9495798319327,0.0,0.0,117.6470588235294,8.403361344537815,11.8
2ae19629-1c77-13a3-e055-000000000001,"Kilcoran, Tipperary",228.0,833.3333333333334,0.0,4.385964912280701,96.49122807017544,65.78947368421052,9.6
2ae19629-1c78-13a3-e055-000000000001,"Kilfeakle, Tipperary",218.0,802.7522935779816,0.0,13.761467889908257,137.61467889908258,45.87155963302752,13.8
2ae19629-1c83-13a3-e055-000000000001,"Killadriffe, Tipperary",217.0,889.4009216589862,0.0,9.216589861751151,50.69124423963134,50.69124423963134,5.1
2ae19629-1c15-13a3-e055-000000000001,"Killaloan/Kilsheelan, Tipperary",613.0,907.0146818923328,9.787928221859705,14.68189233278956,60.35889070146819,8.156606851549755,6.0
2ae19629-1c90-13a3-e055-000000000001,"Killeenasteena, Tipperary",249.0,907.6305220883534,0.0,24.096385542168676,64.25702811244979,4.016064257028112,6.4
2ae19629-1c91-13a3-e055-000000000001,"Killenaule, Tipperary",550.0,880.0,3.6363636363636362,9.09090909090909,92.72727272727273,14.545454545454545,9.3
2ae19629-1bf3-13a3-e055-000000000001,"Kilmucklin, Tipperary",210.0,923.8095238095239,0.0,4.761904761904763,71.42857142857143,0.0,7.1
2ae19629-1bf4-13a3-e055-000000000001,"Kilmurry, Tipperary",156.0,852.5641025641025,0.0,32.05128205128205,102.56410256410255,12.82051282051282,10.3
2ae19629-1c09-13a3-e055-000000000001,"Kilpatrick, Tipperary",450.0,833.3333333333334,2.2222222222222223,13.333333333333334,73.33333333333333,77.77777777777779,7.3
2ae19629-1c16-13a3-e055-000000000001,"Kiltinan, Tipperary",134.0,865.6716417910447,7.462686567164179,7.462686567164179,104.4776119402985,14.925373134328359,10.4
2ae19629-1c1f-13a3-e055-000000000001,"Kilvemnon, Tipperary",171.0,906.4327485380117,0.0,17.543859649122805,52.63157894736842,23.391812865497073,5.3
2ae19629-1c2a-13a3-e055-000000000001,"Knockgraffon, Tipperary",307.0,882.7361563517915,0.0,0.0,114.00651465798045,3.257328990228013,11.4
2ae19629-1c35-13a3-e055-000000000001,"Lattin, Tipperary",222.0,882.8828828828829,0.0,9.00900900900901,99.0990990990991,9.00900900900901,9.9
2ae19629-1c36-13a3-e055-000000000001,"Lisronagh, Tipperary",329.0,951.3677811550152,6.079027355623101,9.11854103343465,33.43465045592705,0.0,3.3
2ae19629-1c4c-13a3-e055-000000000001,"Magorban, Tipperary",279.0,863.7992831541219,3.5842293906810037,7.168458781362007,118.27956989247312,7.168458781362007,11.8
2ae19629-1c58-13a3-e055-000000000001,"Modeshil, Tipperary",142.0,915.4929577464789,7.042253521126761,7.042253521126761,42.25352112676056,28.169014084507044,4.2
2ae19629-1c5a-13a3-e055-000000000001,"Mortlestown, Tipperary",628.0,902.8662420382166,3.1847133757961785,7.961783439490445,84.39490445859872,1.5923566878980893,8.4
2ae19629-1c6e-13a3-e055-000000000001,"Mullinahone, Tipperary",373.0,879.3565683646112,0.0,2.680965147453083,101.87667560321715,16.0857908847185,10.2
2ae19629-1c71-13a3-e055-000000000001,"New Birmingham, Tipperary",190.0,900.0,0.0,5.263157894736842,89.47368421052632,5.263157894736842,8.9
2ae19629-1c79-13a3-e055-000000000001,"Newcastle, Tipperary",305.0,859.016393442623,6.557377049180328,9.836065573770492,104.91803278688525,19.672131147540984,10.5
2ae19629-1c86-13a3-e055-000000000001,"Newtown, Tipperary",181.0,872.9281767955802,5.524861878453039,16.574585635359114,77.34806629834254,27.624309392265193,7.7
2ae19629-1c87-13a3-e055-000000000001,"Nodstown, Tipperary",228.0,916.6666666666666,8.771929824561402,8.771929824561402,65.78947368421052,0.0,6.6
2ae19629-1c88-13a3-e055-000000000001,"Oughterleague, Tipperary",211.0,895.7345971563982,0.0,9.47867298578199,85.30805687203792,9.47867298578199,8.5
2ae19629-1c89-13a3-e055-000000000001,"Peppardstown, Tipperary",588.0,908.1632653061224,6.802721088435374,18.707482993197278,62.925170068027214,3.401360544217687,6.3
2ae19629-1c92-13a3-e055-000000000001,"Poyntstown, Tipperary",86.0,755.8139534883721,0.0,11.627906976744185,186.04651162790697,46.51162790697674,18.6
2ae19629-1beb-13a3-e055-000000000001,"Rathlynin, Tipperary",142.0,880.2816901408452,7.042253521126761,21.12676056338028,70.42253521126761,21.12676056338028,7.0
2ae19629-1bf6-13a3-e055-000000000001,"Rodus, Tipperary",120.0,808.3333333333334,0.0,16.666666666666668,150.0,25.0,15.0
2ae19629-1c00-13a3-e055-000000000001,"Shronell, Tipperary",153.0,875.8169934640523,0.0,6.5359477124183005,111.1111111111111,6.5359477124183005,11.1
2ae19629-1c01-13a3-e055-000000000001,"Solloghodbeg, Tipperary",101.0,891.0891089108911,0.0,0.0,79.20792079207921,29.7029702970297,7.9
2ae19629-1c0c-13a3-e055-000000000001,"Templeneiry, Tipperary",182.0,890.1098901098901,0.0,0.0,93.4065934065934,16.483516483516485,9.3
2ae19629-1c17-13a3-e055-000000000001,"Thomastown, Tipperary",165.0,884.8484848484849,0.0,24.242424242424242,72.72727272727272,18.18181818181818,7.3
2ae19629-1c22-13a3-e055-000000000001,"Tipperary East Urban, Tipperary",1246.0,866.7736757624398,9.630818619582664,1.6051364365971108,113.1621187800963,8.828250401284109,11.3
2ae19629-1c23-13a3-e055-000000000001,"Tipperary Rural, Tipperary",886.0,916.4785553047404,3.386004514672686,4.514672686230248,72.23476297968396,3.386004514672686,7.2
2ae19629-1c24-13a3-e055-000000000001,"Tipperary West Urban, Tipperary",1063.0,840.0752587017873,3.7629350893697087,5.644402634054563,142.05079962370647,8.466603951081844,14.2
2ae19629-1c2d-13a3-e055-000000000001,"Tubbrid, Tipperary",275.0,814.5454545454546,3.6363636363636362,3.6363636363636362,134.54545454545456,43.63636363636364,13.5
2ae19629-1c2e-13a3-e055-000000000001,"Tullaghmelan, Tipperary",444.0,898.6486486486486,11.26126126126126,15.765765765765764,67.56756756756756,6.756756756756757,6.8
2ae19629-1c38-13a3-e055-000000000001,"Tullaghorton, Tipperary",120.0,900.0,0.0,8.333333333333334,75.0,16.666666666666668,7.5
2ae19629-1c39-13a3-e055-000000000001,"Tullamain, Tipperary",277.0,902.5270758122743,3.6101083032490977,10.830324909747292,72.20216606498195,10.830324909747292,7.2
2ae19629-1b7e-13a3-e055-000000000001,"Ballybeg North, Waterford",1079.0,963.855421686747,0.9267840593141798,10.194624652455978,25.023169601482856,0.0,2.5
52b67420-9925-451f-8d49-872af209226e,"Ballybeg South/Ballynaneashagh, Waterford",86.0,976.7441860465116,0.0,23.25581395348837,0.0,0.0,0.0
2ae19629-1b80-13a3-e055-000000000001,"Ballybricken, Waterford",102.0,833.3333333333334,9.803921568627452,0.0,156.86274509803923,0.0,15.7
2ae19629-1b81-13a3-e055-000000000001,"Ballymaclode, Waterford",502.0,856.5737051792829,11.952191235059761,31.872509960159363,21.912350597609564,77.68924302788845,2.2
2ae19629-1b82-13a3-e055-000000000001,"Ballynakill, Waterford, 228005",728.0,928.5714285714286,6.868131868131868,23.35164835164835,35.714285714285715,5.4945054945054945,3.6
2ae19629-1b8e-13a3-e055-000000000001,"Ballytruckle, Waterford",2351.0,962.9944704381115,0.8507018290089324,13.611229264142919,21.692896639727774,0.8507018290089324,2.2
2ae19629-1b8f-13a3-e055-000000000001,"Bilberry, Waterford",494.0,805.668016194332,2.0242914979757085,4.048582995951417,182.18623481781376,6.0728744939271255,18.2
2ae19629-1b90-13a3-e055-000000000001,"Centre A, Waterford",457.0,824.945295404814,2.1881838074398248,4.3763676148796495,168.49015317286654,0.0,16.8
2ae19629-1b91-13a3-e055-000000000001,"Centre B, Waterford",198.0,747.4747474747475,15.151515151515152,30.303030303030305,207.07070707070707,0.0,20.7
2ae19629-1b92-13a3-e055-000000000001,"Cleaboy, Waterford",1020.0,954.9019607843138,0.9803921568627451,13.72549019607843,30.392156862745097,0.0,3.0
2ae19629-1b93-13a3-e055-000000000001,"Custom House A, Waterford",245.0,767.3469387755102,0.0,12.244897959183673,220.40816326530611,0.0,22.0
2ae19629-1b94-13a3-e055-000000000001,"Custom House B, Waterford",212.0,740.566037735849,18.867924528301884,33.0188679245283,198.11320754716982,9.433962264150942,19.8
2ae19629-1b95-13a3-e055-000000000001,"Farranshoneen, Waterford",2322.0,939.2764857881137,1.7226528854435832,15.934539190353144,38.32902670111973,4.7372954349698535,3.8
2ae19629-1b96-13a3-e055-000000000001,"Ferrybank, Waterford",458.0,884.2794759825327,4.366812227074235,28.384279475982535,69.86899563318777,13.100436681222707,7.0
2ae19629-1ba2-13a3-e055-000000000001,"Gracedieu, Waterford",784.0,934.9489795918367,1.2755102040816326,11.479591836734695,49.744897959183675,2.5510204081632653,5.0
2ae19629-1bc0-13a3-e055-000000000001,"Grange North, Waterford",436.0,889.9082568807339,9.174311926605505,22.93577981651376,77.9816513761468,0.0,7.8
2ae19629-1ba3-13a3-e055-000000000001,"Grange South, Waterford",1219.0,935.1927809680066,1.6406890894175554,13.945857260049221,47.579983593109105,1.6406890894175554,4.8
2ae19629-1ba4-13a3-e055-000000000001,"Grange Upper, Waterford",978.0,929.4478527607362,1.0224948875255624,32.719836400818,34.764826175869125,2.044989775051125,3.5
2ae19629-1ba5-13a3-e055-000000000001,"Kilbarry, Waterford, 228019",963.0,959.5015576323988,8.307372793354102,11.422637590861891,19.73001038421599,1.0384215991692627,2.0
2ae19629-1ba6-13a3-e055-000000000001,"Kingsmeadow, Waterford",671.0,879.2846497764531,28.315946348733235,23.84500745156483,65.57377049180329,2.9806259314456036,6.6
2ae19629-1ba7-13a3-e055-000000000001,"Larchville, Waterford",445.0,952.808988764045,4.49438202247191,17.97752808988764,24.719101123595507,0.0,2.5
2ae19629-1ba8-13a3-e055-000000000001,"Lisduggan, Waterford",464.0,937.5,4.310344827586206,10.775862068965518,45.258620689655174,2.155172413793103,4.5
2ae19629-1ba9-13a3-e055-000000000001,"Military Road, Waterford",469.0,899.7867803837953,4.264392324093817,12.793176972281449,78.89125799573561,4.264392324093817,7.9
2ae19629-1baa-13a3-e055-000000000001,"Morrisson's Avenue East, Waterford",348.0,893.6781609195402,2.8735632183908044,14.367816091954023,86.20689655172414,2.8735632183908044,8.6
2ae19629-1bab-13a3-e055-000000000001,"Morrisson's Avenue West, Waterford",149.0,859.0604026845638,0.0,20.13422818791946,120.80536912751678,0.0,12.1
2ae19629-1bac-13a3-e055-000000000001,"Morrisson's Road, Waterford",333.0,864.8648648648649,6.006006006006006,9.00900900900901,120.12012012012012,0.0,12.0
2ae19629-1bad-13a3-e055-000000000001,"Mount Sion, Waterford",637.0,813.1868131868132,7.849293563579277,28.257456828885402,149.13657770800629,1.5698587127158556,14.9
2ae19629-1bae-13a3-e055-000000000001,"Newport's Square, Waterford",307.0,879.4788273615635,0.0,6.514657980456026,107.49185667752444,6.514657980456026,10.7
2ae19629-1baf-13a3-e055-000000000001,"Newtown, Waterford, 228029",486.0,870.3703703703703,6.172839506172839,22.63374485596708,98.76543209876543,2.05761316872428,9.9
2ae19629-1bb8-13a3-e055-000000000001,"Park, Waterford",942.0,769.6390658174098,9.554140127388534,52.01698513800425,166.66666666666666,2.1231422505307855,16.7
2ae19629-1bb9-13a3-e055-000000000001,"Poleberry, Waterford",966.0,832.2981366459627,33.126293995859214,39.33747412008282,91.09730848861284,4.140786749482402,9.1
2ae19629-1bba-13a3-e055-000000000001,"Roanmore, Waterford",397.0,891.6876574307305,5.037783375314861,20.151133501259444,83.1234256926952,0.0,8.3
2ae19629-1bbb-13a3-e055-000000000001,"Shortcourse, Waterford",232.0,831.8965517241379,0.0,12.931034482758621,155.17241379310346,0.0,15.5
2ae19629-1bbc-13a3-e055-000000000001,"Slievekeale, Waterford",388.0,878.8659793814433,5.154639175257732,10.309278350515465,97.9381443298969,7.731958762886598,9.8
2ae19629-1bbd-13a3-e055-000000000001,"The Glen, Waterford",488.0,862.704918032787,6.147540983606557,4.0983606557377055,127.04918032786885,0.0,12.7
2ae19629-1bbe-13a3-e055-000000000001,"Ticor North, Waterford",879.0,916.9510807736063,7.963594994311717,30.716723549488055,39.81797497155859,4.550625711035267,4.0
2ae19629-1bbf-13a3-e055-000000000001,"Ticor South, Waterford",195.0,907.6923076923077,20.512820512820515,46.15384615384615,25.64102564102564,0.0,2.6
2ae19629-1c52-13a3-e055-000000000001,"Annestown, Waterford",357.0,859.9439775910365,0.0,5.602240896358543,61.62464985994398,72.82913165266108,6.2
2ae19629-1c5b-13a3-e055-000000000001,"Aird Mhór, Port Láirge, 227002",103.0,786.4077669902913,9.70873786407767,9.70873786407767,48.543689320388346,145.63106796116503,4.9
2ae19629-1c5c-13a3-e055-000000000001,"Ardmore, Waterford, 227003",566.0,524.7349823321555,10.60070671378092,15.901060070671377,30.035335689045933,418.7279151943463,3.0
2ae19629-1c65-13a3-e055-000000000001,"Ballyduff, Waterford",141.0,843.9716312056737,0.0,7.092198581560283,120.56737588652481,28.368794326241133,12.1
2ae19629-1c66-13a3-e055-000000000001,"Ballydurn, Waterford",76.0,894.7368421052631,0.0,0.0,78.94736842105263,26.31578947368421,7.9
2ae19629-1c67-13a3-e055-000000000001,"Ballyhane, Waterford",191.0,926.7015706806283,5.235602094240838,0.0,52.35602094240838,15.706806282722512,5.2
2ae19629-1c72-13a3-e055-000000000001,"Ballyheeny, Waterford",250.0,848.0,8.0,20.0,96.0,28.0,9.6
2ae19629-1c73-13a3-e055-000000000001,"Ballyin, Waterford",236.0,809.322033898305,4.237288135593221,12.711864406779663,135.59322033898306,38.13559322033898,13.6
2ae19629-1c74-13a3-e055-000000000001,"Ballylaneen, Waterford",113.0,858.4070796460177,8.849557522123893,0.0,70.79646017699115,61.94690265486726,7.1
2ae19629-1c7b-13a3-e055-000000000001,"Ballymacarbry, Waterford",217.0,852.5345622119816,0.0,23.041474654377883,92.16589861751153,32.25806451612903,9.2
2ae19629-1c7c-13a3-e055-000000000001,"Baile Mhac Airt, Port Láirge",171.0,824.561403508772,0.0,0.0,93.56725146198829,81.87134502923976,9.4
2ae19629-1c7d-13a3-e055-000000000001,"Ballynakill, Waterford, 227012",129.0,922.4806201550388,0.0,31.007751937984494,46.51162790697674,0.0,4.7
2ae19629-1c7e-13a3-e055-000000000001,"Ballynamult, Waterford",85.0,811.7647058823529,11.76470588235294,11.76470588235294,129.41176470588238,35.294117647058826,12.9
2ae19629-1c8a-13a3-e055-000000000001,"Ballysaggartmore, Waterford",150.0,813.3333333333334,6.666666666666667,0.0,160.0,20.0,16.0
2ae19629-1c8b-13a3-e055-000000000001,"Bohadoon, Waterford",126.0,857.1428571428571,0.0,7.936507936507936,119.04761904761904,15.873015873015872,11.9
2ae19629-1c8c-13a3-e055-000000000001,"Cappagh, Waterford",161.0,881.9875776397515,12.422360248447204,12.422360248447204,80.74534161490683,12.422360248447204,8.1
2ae19629-1c95-13a3-e055-000000000001,"Cappoquin, Waterford",672.0,827.3809523809523,4.464285714285714,8.928571428571429,138.39285714285714,20.833333333333332,13.8
2ae19629-1c96-13a3-e055-000000000001,"Carrickbeg Rural, Waterford",186.0,908.6021505376344,5.376344086021506,21.505376344086024,53.763440860215056,10.752688172043012,5.4
2ae19629-1c97-13a3-e055-000000000001,"Carrigcastle, Waterford",118.0,864.406779661017,0.0,0.0,118.64406779661017,16.949152542372882,11.9
2ae19629-1be3-13a3-e055-000000000001,"Carriglea, Waterford",241.0,838.1742738589212,0.0,12.448132780082986,33.19502074688797,116.18257261410788,3.3
2ae19629-1be4-13a3-e055-000000000001,"Castlerichard, Waterford",220.0,804.5454545454546,0.0,18.18181818181818,118.18181818181817,59.090909090909086,11.8
2ae19629-1be5-13a3-e055-000000000001,"Clashmore, Waterford",200.0,880.0,5.0,5.0,95.0,15.0,9.5
2ae19629-1bee-13a3-e055-000000000001,"Clonea, Waterford, 227023",168.0,916.6666666666666,5.952380952380952,0.0,71.42857142857143,5.952380952380952,7.1
2ae19629-1bef-13a3-e055-000000000001,"Clonea, Waterford, 227024",1014.0,827.4161735700197,3.9447731755424065,19.723865877712033,77.90927021696253,71.00591715976331,7.8
2ae19629-1b1e-13a3-e055-000000000001,"Colligan, Waterford",286.0,902.0979020979021,0.0,10.48951048951049,52.44755244755245,34.96503496503497,5.2
2ae19629-1b1f-13a3-e055-000000000001,"Comeragh, Waterford",226.0,871.6814159292036,4.424778761061947,0.0,66.3716814159292,57.52212389380531,6.6
2ae19629-1b20-13a3-e055-000000000001,"Coumaraglin, Waterford",115.0,817.3913043478261,0.0,0.0,130.43478260869566,52.17391304347826,13.0
2ae19629-1b2b-13a3-e055-000000000001,"Dromana, Waterford",350.0,851.4285714285714,11.428571428571429,0.0,100.0,37.142857142857146,10.0
2ae19629-1b2c-13a3-e055-000000000001,"Dromore, Waterford",120.0,716.6666666666666,0.0,0.0,175.0,108.33333333333334,17.5
2ae19629-1b2d-13a3-e055-000000000001,"Drumcannon, Waterford",150.0,946.6666666666666,0.0,6.666666666666667,46.66666666666667,0.0,4.7
2ae19629-1b38-13a3-e055-000000000001,"Drumroe, Waterford",123.0,845.5284552845529,16.260162601626018,8.130081300813009,65.04065040650407,65.04065040650407,6.5
2ae19629-1b39-13a3-e055-000000000001,"Dungarvan No. 1 Urban, Waterford",2401.0,859.6418159100375,6.663890045814244,16.65972511453561,81.63265306122449,35.40191586838817,8.2
2ae19629-1b3a-13a3-e055-000000000001,"Dungarvan No. 2 Urban, Waterford",1683.0,876.4111705288176,8.9126559714795,17.2311348781937,50.505050505050505,46.93998811645871,5.1
2ae19629-1b3b-13a3-e055-000000000001,"Dungarvan Rural, Waterford",770.0,905.1948051948052,3.896103896103896,15.584415584415584,58.44155844155844,16.88311688311688,5.8
2ae19629-1b3c-13a3-e055-000000000001,"Dunhill, Waterford",98.0,938.7755102040817,0.0,0.0,51.02040816326531,10.204081632653061,5.1
2ae19629-1b47-13a3-e055-000000000001,"Faithlegg, Waterford",933.0,818.8638799571276,5.359056806002144,22.508038585209004,71.81136120042872,81.45766345123258,7.2
2ae19629-1b48-13a3-e055-000000000001,"Fenoagh, Waterford",97.0,783.5051546391752,0.0,41.23711340206186,144.3298969072165,30.927835051546392,14.4
2ae19629-1b49-13a3-e055-000000000001,"Fews, Waterford",132.0,901.5151515151515,0.0,15.151515151515152,68.18181818181817,15.151515151515152,6.8
2ae19629-1b52-13a3-e055-000000000001,"Fox's Castle, Waterford",196.0,913.2653061224489,5.1020408163265305,0.0,56.12244897959184,25.510204081632654,5.6
2ae19629-1b53-13a3-e055-000000000001,"Gardenmorris, Waterford",199.0,778.8944723618091,0.0,15.07537688442211,150.7537688442211,55.276381909547744,15.1
2ae19629-1b54-13a3-e055-000000000001,"Georgestown, Waterford",85.0,894.1176470588235,0.0,0.0,70.58823529411765,35.294117647058826,7.1
2ae19629-1b5e-13a3-e055-000000000001,"Glen, Waterford",181.0,917.1270718232045,11.049723756906078,16.574585635359114,33.14917127071823,22.099447513812155,3.3
2ae19629-1b5f-13a3-e055-000000000001,"Glenwilliam, Waterford",86.0,779.0697674418606,0.0,0.0,93.02325581395348,127.90697674418605,9.3
2ae19629-1b60-13a3-e055-000000000001,"Gortnapeaky, Waterford",85.0,905.8823529411765,11.76470588235294,0.0,70.58823529411765,11.76470588235294,7.1
2ae19629-1b6c-13a3-e055-000000000001,"Graignagower, Waterford",222.0,873.8738738738738,0.0,27.027027027027028,72.07207207207207,27.027027027027028,7.2
2ae19629-1b6d-13a3-e055-000000000001,"Grallagh, Waterford",95.0,863.1578947368421,21.052631578947366,0.0,105.26315789473684,10.526315789473683,10.5
2ae19629-1b6e-13a3-e055-000000000001,"Grange, Waterford",148.0,844.5945945945946,6.756756756756757,0.0,60.810810810810814,87.83783783783784,6.1
2ae19629-1b78-13a3-e055-000000000001,"Gurteen, Waterford",157.0,853.5031847133758,0.0,31.84713375796178,108.28025477707007,6.369426751592357,10.8
2ae19629-1b79-13a3-e055-000000000001,"Islandikane, Waterford",1002.0,913.1736526946108,2.9940119760479043,18.962075848303396,39.920159680638726,24.9500998003992,4.0
2ae19629-1b7a-13a3-e055-000000000001,"Keereen, Waterford",101.0,900.990099009901,0.0,19.801980198019802,59.4059405940594,19.801980198019802,5.9
2ae19629-1b7b-13a3-e055-000000000001,"Kilbarry, Waterford, 227051",82.0,902.439024390244,0.0,12.195121951219512,85.3658536585366,0.0,8.5
2ae19629-1b7c-13a3-e055-000000000001,"Kilbarrymeaden, Waterford",173.0,936.4161849710982,0.0,5.780346820809248,46.24277456647398,11.560693641618496,4.6
2ae19629-1b8a-13a3-e055-000000000001,"Kilcockan, Waterford",111.0,828.8288288288288,9.00900900900901,0.0,135.13513513513513,27.027027027027028,13.5
2ae19629-1b8b-13a3-e055-000000000001,"Killea, Waterford",1090.0,581.651376146789,7.339449541284404,12.844036697247708,33.02752293577982,365.1376146788991,3.3
2ae19629-1b8c-13a3-e055-000000000001,"Killoteran, Waterford",235.0,923.4042553191489,4.25531914893617,12.76595744680851,59.57446808510639,0.0,6.0
2ae19629-1b9f-13a3-e055-000000000001,"Kilmacleague, Waterford",147.0,904.7619047619048,0.0,13.605442176870747,81.63265306122449,0.0,8.2
2ae19629-1ba0-13a3-e055-000000000001,"Kilmacomma, Waterford",183.0,934.4262295081968,5.46448087431694,16.393442622950822,32.786885245901644,10.92896174863388,3.3
2ae19629-1ba1-13a3-e055-000000000001,"Kilmacthomas, Waterford",617.0,868.7196110210697,8.103727714748784,8.103727714748784,89.14100486223663,25.93192868719611,8.9
2ae19629-1bb5-13a3-e055-000000000001,"Kilmeadan, Waterford, 227059",316.0,936.7088607594936,0.0,9.49367088607595,50.63291139240506,3.1645569620253164,5.1
2ae19629-1bb6-13a3-e055-000000000001,"Kilmeadan, Waterford, 227060",294.0,942.1768707482994,0.0,3.401360544217687,44.21768707482993,10.204081632653061,4.4
2ae19629-1bb7-13a3-e055-000000000001,"Kilronan, Waterford",75.0,973.3333333333334,0.0,0.0,26.666666666666668,0.0,2.7
2ae19629-1bc7-13a3-e055-000000000001,"Kilwatermoy East, Waterford",56.0,910.7142857142857,17.857142857142858,0.0,53.57142857142857,17.857142857142858,5.4
2ae19629-1bc8-13a3-e055-000000000001,"Kilwatermoy West, Waterford",90.0,855.5555555555555,11.11111111111111,0.0,100.0,33.333333333333336,10.0
2ae19629-1bc9-13a3-e055-000000000001,"Kinsalebeg, Waterford",292.0,777.3972602739726,0.0,3.4246575342465753,95.8904109589041,123.2876712328767,9.6
2ae19629-1bd6-13a3-e055-000000000001,"Knockaunbrandaun, Waterford",83.0,843.3734939759037,12.048192771084338,12.048192771084338,96.3855421686747,36.144578313253014,9.6
2ae19629-1bd7-13a3-e055-000000000001,"Knockmahon, Waterford",208.0,745.1923076923077,4.807692307692308,4.807692307692308,120.1923076923077,125.0,12.0
2ae19629-1bd8-13a3-e055-000000000001,"Lismore Rural, Waterford",522.0,873.5632183908046,7.662835249042145,19.157088122605362,65.13409961685824,34.48275862068965,6.5
2ae19629-1b63-13a3-e055-000000000001,"Lismore Urban, Waterford",465.0,739.7849462365591,4.301075268817204,10.752688172043012,191.3978494623656,53.763440860215056,19.1
2ae19629-1bd9-13a3-e055-000000000001,"Mocollop, Waterford",102.0,833.3333333333334,0.0,0.0,137.25490196078434,29.41176470588235,13.7
2ae19629-1b09-13a3-e055-000000000001,"Modelligo, Waterford, 227069",137.0,868.6131386861315,7.299270072992701,21.897810218978105,87.59124087591242,14.598540145985401,8.8
2ae19629-1b0a-13a3-e055-000000000001,"Modelligo, Waterford, 227070",127.0,921.2598425196851,0.0,7.874015748031496,70.86614173228347,0.0,7.1
2ae19629-1b15-13a3-e055-000000000001,"Mothel, Waterford",179.0,888.268156424581,5.58659217877095,22.3463687150838,72.62569832402235,11.1731843575419,7.3
2ae19629-1b16-13a3-e055-000000000001,"Mountkennedy, Waterford",176.0,897.7272727272727,5.681818181818182,5.681818181818182,56.81818181818181,34.090909090909086,5.7
2ae19629-1b17-13a3-e055-000000000001,"Mountstuart, Waterford",33.0,848.4848484848485,0.0,0.0,90.9090909090909,60.60606060606061,9.1
2ae19629-1b21-13a3-e055-000000000001,"Newcastle, Waterford",179.0,955.3072625698325,0.0,11.1731843575419,27.932960893854748,5.58659217877095,2.8
2ae19629-1b22-13a3-e055-000000000001,"Newtown, Waterford, 227075",191.0,910.9947643979057,0.0,5.235602094240838,78.53403141361257,5.235602094240838,7.9
2ae19629-1b23-13a3-e055-000000000001,"Pembrokestown, Waterford",195.0,938.4615384615385,5.128205128205129,10.256410256410257,46.15384615384615,0.0,4.6
2ae19629-1b2e-13a3-e055-000000000001,"Portlaw, Waterford",694.0,906.3400576368877,0.0,10.086455331412104,76.36887608069163,7.204610951008645,7.6
2ae19629-1b2f-13a3-e055-000000000001,"Rathgormuck, Waterford",85.0,905.8823529411765,0.0,11.76470588235294,58.8235294117647,23.52941176470588,5.9
2ae19629-1b30-13a3-e055-000000000001,"Rathmoylan, Waterford",568.0,781.6901408450703,7.042253521126761,8.802816901408452,45.774647887323944,156.69014084507043,4.6
2ae19629-1b3d-13a3-e055-000000000001,"Reisk, Waterford",482.0,933.6099585062241,0.0,6.224066390041493,58.09128630705394,2.074688796680498,5.8
2ae19629-1b3e-13a3-e055-000000000001,"An Rinn, Port Láirge",652.0,777.6073619631901,9.202453987730062,9.202453987730062,69.01840490797547,134.96932515337423,6.9
2ae19629-1b3f-13a3-e055-000000000001,"Ross, Waterford",109.0,917.4311926605506,0.0,9.174311926605505,45.87155963302752,27.522935779816514,4.6
2ae19629-1b4a-13a3-e055-000000000001,"Seskinan, Waterford",207.0,845.4106280193237,4.830917874396135,9.66183574879227,115.94202898550725,24.154589371980677,11.6
2ae19629-1b4b-13a3-e055-000000000001,"St. Mary's, Waterford",300.0,900.0,3.3333333333333335,33.333333333333336,50.0,13.333333333333334,5.0
2ae19629-1b55-13a3-e055-000000000001,"Stradbally, Waterford",420.0,809.5238095238095,14.285714285714285,9.523809523809526,47.61904761904761,119.04761904761904,4.8
2ae19629-1b56-13a3-e055-000000000001,"Tallow, Waterford",618.0,847.8964401294498,0.0,6.472491909385114,114.88673139158576,30.744336569579286,11.5
2ae19629-1b61-13a3-e055-000000000001,"Templemichael, Waterford",186.0,854.8387096774194,5.376344086021506,10.752688172043012,80.64516129032258,48.387096774193544,8.1
2ae19629-1b62-13a3-e055-000000000001,"Tinnasaggart, Waterford",42.0,880.952380952381,0.0,0.0,71.42857142857143,47.61904761904761,7.1
2ae19629-1b6f-13a3-e055-000000000001,"Tramore, Waterford",4397.0,853.5365021605639,4.548555833522856,12.735956333864,58.90379804412099,70.27518762792813,5.9
2ae19629-1b70-13a3-e055-000000000001,"Whitechurch, Waterford",82.0,926.829268292683,0.0,12.195121951219512,48.78048780487805,12.195121951219512,4.9
2ae19629-1b7d-13a3-e055-000000000001,"Woodstown, Waterford",285.0,821.0526315789474,3.5087719298245617,17.543859649122805,59.64912280701754,98.24561403508773,6.0
2ae19629-235a-13a3-e055-000000000001,"Ballybaan, Galway City",5441.0,888.255835324389,4.778533357838633,13.416651350854623,91.89487226612755,1.654107700790296,9.2
2ae19629-235b-13a3-e055-000000000001,"Baile an Bhriotaigh, Cathair na Gaillimhe",379.0,934.0369393139841,7.9155672823219,10.554089709762533,44.854881266490764,2.638522427440633,4.5
2ae19629-235c-13a3-e055-000000000001,"Bearna, Cathair na Gaillimhe",6534.0,924.8546066727885,3.8261401897765532,20.508111417202326,42.69972451790634,8.111417202326294,4.3
2ae19629-235d-13a3-e055-000000000001,"An Caisleán Gearr, Cathair na Gaillimhe",1859.0,888.6498117267348,4.303388918773534,15.061861215707369,88.75739644970413,3.2275416890801507,8.9
2ae19629-235e-13a3-e055-000000000001,"Claddagh, Galway City",1389.0,845.9323254139669,10.79913606911447,23.038156947444204,92.87257019438445,27.357811375089994,9.3
2ae19629-235f-13a3-e055-000000000001,"Dangan, Galway City",1813.0,873.138444567016,27.027027027027028,45.780474351902924,47.435190292333154,6.618863761720904,4.7
2ae19629-2360-13a3-e055-000000000001,"Eyre Square, Galway City",1825.0,762.7397260273973,13.698630136986301,19.726027397260275,123.83561643835617,80.0,12.4
2ae19629-2361-13a3-e055-000000000001,"Cnoc na Cathrach, Cathair na Gaillimhe",806.0,756.8238213399504,8.6848635235732,31.017369727047146,58.312655086848636,145.16129032258067,5.8
2ae19629-236f-13a3-e055-000000000001,"Lough Atalia, Galway City",439.0,840.5466970387245,4.555808656036446,18.223234624145785,134.39635535307517,2.277904328018223,13.4
2ae19629-2370-13a3-e055-000000000001,"Mionlach, Cathair na Gaillimhe",2200.0,906.3636363636364,18.636363636363637,19.545454545454547,51.36363636363636,4.090909090909091,5.1
2ae19629-2371-13a3-e055-000000000001,"Mervue, Galway City",930.0,930.1075268817203,2.150537634408602,12.903225806451612,52.68817204301075,2.150537634408602,5.3
2ae19629-2372-13a3-e055-000000000001,"Murroogh, Galway City",1314.0,868.3409436834094,6.0882800608828,42.6179604261796,80.6697108066971,2.28310502283105,8.1
2ae19629-2373-13a3-e055-000000000001,"An Caisleán Nua, Cathair na Gaillimhe",849.0,911.660777385159,14.134275618374557,18.84570082449941,50.647820965842165,4.7114252061248525,5.1
2ae19629-2374-13a3-e055-000000000001,"Oileán Altanach, Cathair na Gaillimhe",871.0,863.3754305396096,11.481056257175661,18.369690011481058,87.25602755453501,19.51779563719862,8.7
2ae19629-2375-13a3-e055-000000000001,"Rahoon, Galway City",1357.0,911.5696389093588,1.4738393515106853,22.844509948415624,58.953574060427414,5.158437730287399,5.9
2ae19629-2376-13a3-e055-000000000001,"Renmore, Galway City",652.0,840.4907975460123,3.067484662576687,26.07361963190184,127.3006134969325,3.067484662576687,12.7
2ae19629-2377-13a3-e055-000000000001,"Rockbarton, Galway City",701.0,851.6405135520685,12.838801711840228,19.971469329529242,72.75320970042796,42.796005706134096,7.3
2ae19629-2382-13a3-e055-000000000001,"Salthill, Galway City",1911.0,771.323914181057,18.838304552590266,18.838304552590266,102.04081632653062,88.95866038723182,10.2
2ae19629-2383-13a3-e055-000000000001,"Shantalla, Galway City",673.0,882.6151560178306,13.372956909361069,23.7741456166419,77.26597325408619,2.9717682020802374,7.7
2ae19629-2384-13a3-e055-000000000001,"Toghroinn San Niocláis, Cathair na Gaillimhe",1499.0,790.5270180120079,27.351567711807874,20.0133422281521,116.74449633088724,45.36357571714476,11.7
2ae19629-2385-13a3-e055-000000000001,"Taylors Hill, Galway City",1275.0,846.2745098039217,12.549019607843137,30.58823529411765,101.1764705882353,9.411764705882351,10.1
2ae19629-2386-13a3-e055-000000000001,"Wellpark, Galway City",719.0,863.6995827538248,1.3908205841446453,19.471488178025034,108.48400556328234,6.954102920723227,10.8
2ae19629-20ff-13a3-e055-000000000001,"Abbey East, Galway County",245.0,873.469387755102,0.0,8.16326530612245,118.36734693877551,0.0,11.8
2ae19629-2100-13a3-e055-000000000001,"Abbey West, Galway County",315.0,914.2857142857142,3.1746031746031744,9.523809523809526,69.84126984126985,3.1746031746031744,7.0
2ae19629-2101-13a3-e055-000000000001,"Abbeygormacan, Galway County",192.0,843.75,0.0,0.0,156.25,0.0,15.6
2ae19629-2102-13a3-e055-000000000001,"Abbeyville, Galway County",139.0,733.8129496402878,0.0,0.0,165.46762589928056,100.71942446043165,16.5
2ae19629-2046-13a3-e055-000000000001,"Addergoole, Galway County",263.0,821.2927756653993,3.802281368821293,15.209125475285171,136.88212927756655,22.813688212927758,13.7
2ae19629-2047-13a3-e055-000000000001,"Ahascragh, Galway County",297.0,737.3737373737373,3.3670033670033668,13.468013468013467,205.3872053872054,40.40404040404041,20.5
2ae19629-204d-13a3-e055-000000000001,"Aille, Galway County",166.0,873.4939759036145,12.048192771084338,6.024096385542169,78.3132530120482,30.120481927710845,7.8
2ae19629-204e-13a3-e055-000000000001,"Annagh, Galway County",163.0,834.3558282208588,0.0,6.134969325153374,128.83435582822085,30.67484662576687,12.9
2ae19629-204f-13a3-e055-000000000001,"Eanach Dhúin, Gaillimh, 067009",785.0,862.4203821656051,1.2738853503184713,10.19108280254777,118.47133757961784,7.643312101910828,11.8
2ae19629-2059-13a3-e055-000000000001,"Annaghdown, Galway County, 067010",537.0,905.0279329608938,0.0,11.1731843575419,81.93668528864059,1.86219739292365,8.2
2ae19629-205a-13a3-e055-000000000001,"Ardamullivan, Galway County",283.0,865.7243816254418,3.5335689045936394,10.60070671378092,91.87279151943463,28.268551236749115,9.2
2ae19629-205b-13a3-e055-000000000001,"Ardrahan, Galway County",224.0,897.3214285714286,8.928571428571429,13.392857142857142,71.42857142857143,8.928571428571429,7.1
2ae19629-2050-13a3-e055-000000000001,"Athenry, Galway County",2344.0,882.2525597269624,5.1194539249146755,11.51877133105802,89.59044368600682,11.51877133105802,9.0
2ae19629-2051-13a3-e055-000000000001,"Aughrim, Galway County, 067014",469.0,929.637526652452,4.264392324093817,8.528784648187633,55.437100213219615,2.1321961620469083,5.5
2ae19629-2052-13a3-e055-000000000001,"Aughrim, Galway County, 067015",239.0,824.2677824267782,4.184100418410042,8.368200836820083,146.44351464435147,16.736401673640167,14.6
2ae19629-205c-13a3-e055-000000000001,"Ballinasloe Rural, Galway County",244.0,860.655737704918,0.0,20.491803278688522,102.45901639344262,16.393442622950822,10.2
2ae19629-205d-13a3-e055-000000000001,"Ballinasloe Urban, Galway County",2982.0,874.916163648558,3.0181086519114686,7.712944332662643,109.32260228034876,5.030181086519114,10.9
2ae19629-205e-13a3-e055-000000000001,"Ballinastack, Galway County",163.0,791.4110429447852,6.134969325153374,0.0,159.5092024539877,42.944785276073624,16.0
2ae19629-205f-13a3-e055-000000000001,"Ballinderry, Galway County",214.0,906.5420560747664,0.0,14.018691588785046,65.42056074766354,14.018691588785046,6.5
2ae19629-2068-13a3-e055-000000000001,"Ballinduff, Galway County",265.0,909.433962264151,3.7735849056603774,3.7735849056603774,60.37735849056604,22.641509433962263,6.0
2ae19629-2069-13a3-e055-000000000001,"Baile an Teampaill, Gaillimh",630.0,896.8253968253969,1.5873015873015872,20.634920634920636,69.84126984126985,11.11111111111111,7.0
2ae19629-2074-13a3-e055-000000000001,"Ballycahalan, Galway County",93.0,881.7204301075269,0.0,0.0,64.51612903225806,53.763440860215056,6.5
2ae19629-2075-13a3-e055-000000000001,"Ballyglass, Galway County",79.0,835.4430379746835,0.0,0.0,113.92405063291139,50.63291139240506,11.4
2ae19629-2076-13a3-e055-000000000001,"Ballymacward, Galway County",147.0,768.7074829931972,0.0,0.0,217.68707482993196,13.605442176870747,21.8
2ae19629-207e-13a3-e055-000000000001,"Ballymoe, Galway County",223.0,677.1300448430493,4.484304932735426,26.90582959641256,260.0896860986547,31.390134529147982,26.0
2ae19629-207f-13a3-e055-000000000001,"Ballynacourty, Galway County",480.0,889.5833333333333,0.0,6.25,85.41666666666667,18.75,8.5
2ae19629-2080-13a3-e055-000000000001,"Ballynagar, Galway County",113.0,716.8141592920354,8.849557522123893,8.849557522123893,168.141592920354,97.34513274336283,16.8
2ae19629-208b-13a3-e055-000000000001,"Ballynakill, Galway County, 067028",263.0,851.7110266159696,11.406844106463879,11.406844106463879,95.05703422053232,30.418250950570343,9.5
2ae19629-208c-13a3-e055-000000000001,"Ballynakill, Galway County, 067029",315.0,647.6190476190477,34.920634920634924,66.66666666666667,98.4126984126984,152.3809523809524,9.8
2ae19629-208d-13a3-e055-000000000001,"Ballynakill, Galway County, 067030",223.0,753.3632286995515,4.484304932735426,8.968609865470851,156.95067264573993,76.23318385650224,15.7
2ae19629-208e-13a3-e055-000000000001,"Ballynapark, Galway County",371.0,902.9649595687331,2.6954177897574128,8.086253369272237,83.55795148247978,2.6954177897574128,8.4
2ae19629-2098-13a3-e055-000000000001,"Bearna, Gaillimh",1483.0,867.1611598111936,6.743088334457181,22.92650033715442,58.66486850977748,44.504383007417395,5.9
2ae19629-2099-13a3-e055-000000000001,"Beagh, Galway County",319.0,858.9341692789969,3.134796238244514,21.9435736677116,90.9090909090909,25.078369905956112,9.1
2ae19629-20a3-13a3-e055-000000000001,"Beaghmore, Galway County",159.0,855.3459119496856,0.0,6.289308176100629,132.0754716981132,6.289308176100629,13.2
2ae19629-20a4-13a3-e055-000000000001,"Belclare, Galway County",319.0,871.4733542319749,3.134796238244514,6.269592476489028,103.44827586206897,15.67398119122257,10.3
2ae19629-20a5-13a3-e055-000000000001,"Belleville, Galway County",249.0,891.566265060241,0.0,4.016064257028112,100.40160642570281,4.016064257028112,10.0
2ae19629-20a6-13a3-e055-000000000001,"Binn an Choire, Gaillimh",122.0,450.81967213114757,8.196721311475411,16.393442622950822,139.34426229508196,385.24590163934425,13.9
2ae19629-20a7-13a3-e055-000000000001,"Boyounagh, Galway County",113.0,769.9115044247787,0.0,8.849557522123893,176.99115044247787,44.24778761061947,17.7
2ae19629-20af-13a3-e055-000000000001,"Bracklagh, Galway County",202.0,846.5346534653465,4.9504950495049505,14.85148514851485,123.76237623762376,9.900990099009901,12.4
2ae19629-20b0-13a3-e055-000000000001,"Bullaun, Galway County",129.0,868.2170542635658,0.0,0.0,116.27906976744185,15.503875968992247,11.6
2ae19629-20b1-13a3-e055-000000000001,"Bunowen, Galway County",422.0,388.6255924170616,9.47867298578199,16.587677725118485,87.67772511848341,497.63033175355446,8.8
2ae19629-20b2-13a3-e055-000000000001,"Cahermore, Galway County",217.0,907.8341013824885,0.0,41.474654377880185,27.64976958525346,23.041474654377883,2.8
2ae19629-20bd-13a3-e055-000000000001,"Caltra, Galway County",165.0,872.7272727272726,0.0,6.0606060606060606,115.15151515151516,6.0606060606060606,11.5
2ae19629-20be-13a3-e055-000000000001,"Camas, Gaillimh",169.0,739.6449704142012,5.9171597633136095,41.42011834319527,136.09467455621302,76.92307692307693,13.6
2ae19629-20bf-13a3-e055-000000000001,"Cappalusk, Galway County",155.0,929.0322580645162,0.0,0.0,64.51612903225806,6.451612903225806,6.5
2ae19629-20c0-13a3-e055-000000000001,"Cappard, Galway County",46.0,913.0434782608695,0.0,0.0,65.21739130434783,21.73913043478261,6.5
2ae19629-20cb-13a3-e055-000000000001,"An Carn Mór, Gaillimh",1046.0,910.1338432122371,1.9120458891013383,15.296367112810707,66.92160611854685,5.736137667304016,6.7
2ae19629-20cc-13a3-e055-000000000001,"Ceathrú an Bhrúnaigh, Gaillimh",320.0,925.0,0.0,25.0,46.875,3.125,4.7
2ae19629-20cd-13a3-e055-000000000001,"Carrownagur, Galway County",178.0,803.3707865168539,5.617977528089887,16.853932584269664,117.97752808988764,56.17977528089887,11.8
2ae19629-20d6-13a3-e055-000000000001,"Carrowrevagh, Galway County",188.0,861.7021276595744,0.0,10.638297872340425,122.34042553191489,5.319148936170213,12.2
2ae19629-20d7-13a3-e055-000000000001,"Castleblakeney, Galway County",224.0,879.4642857142857,0.0,4.464285714285714,102.67857142857143,13.392857142857142,10.3
2ae19629-20d8-13a3-e055-000000000001,"Castleboy, Galway County",232.0,875.0,0.0,21.551724137931036,81.89655172413792,21.551724137931036,8.2
2ae19629-20e0-13a3-e055-000000000001,"Castleffrench, Galway County",221.0,791.8552036199095,4.524886877828055,4.524886877828055,185.52036199095022,13.574660633484163,18.6
2ae19629-20e1-13a3-e055-000000000001,"Castletaylor, Galway County",231.0,930.7359307359308,0.0,21.645021645021643,43.290043290043286,4.329004329004329,4.3
2ae19629-20e2-13a3-e055-000000000001,"Baile Chláir, Gaillimh",856.0,903.0373831775701,2.336448598130841,18.69158878504673,67.75700934579439,8.177570093457943,6.8
2ae19629-20f2-13a3-e055-000000000001,"Claretuam, Galway County",439.0,897.49430523918,2.277904328018223,0.0,84.28246013667426,15.945330296127564,8.4
2ae19629-20f3-13a3-e055-000000000001,"Clarinbridge, Galway County",1622.0,898.8902589395807,2.466091245376079,16.029593094944513,64.11837237977805,18.495684340320594,6.4
2ae19629-20f4-13a3-e055-000000000001,"Cleggan, Galway County",169.0,662.7218934911243,5.9171597633136095,35.50295857988166,94.67455621301775,201.18343195266272,9.5
2ae19629-20f5-13a3-e055-000000000001,"Clifden, Galway County",1309.0,608.0977845683728,9.931245225362872,15.278838808250574,135.21772345301758,231.4744079449962,13.5
2ae19629-2103-13a3-e055-000000000001,"Clonbern, Galway County",161.0,826.0869565217391,0.0,12.422360248447204,136.64596273291926,24.844720496894407,13.7
2ae19629-2104-13a3-e055-000000000001,"Clonbrock, Galway County",258.0,806.2015503875969,0.0,11.627906976744185,162.79069767441862,19.37984496124031,16.3
2ae19629-2105-13a3-e055-000000000001,"Clonfert, Galway County",182.0,851.6483516483516,0.0,5.4945054945054945,131.86813186813188,10.989010989010989,13.2
2ae19629-2048-13a3-e055-000000000001,"Clontuskert, Galway County",109.0,825.6880733944954,0.0,0.0,146.78899082568807,27.522935779816514,14.7
2ae19629-2049-13a3-e055-000000000001,"An Fhairche, Gaillimh",581.0,667.8141135972461,10.327022375215147,3.442340791738382,134.25129087779692,184.16523235800344,13.4
2ae19629-204a-13a3-e055-000000000001,"Cloonkeen, Galway County, 067065",160.0,781.25,0.0,6.25,168.75,43.75,16.9
2ae19629-2053-13a3-e055-000000000001,"Cloonkeen, Galway County, 067066",181.0,867.4033149171271,5.524861878453039,11.049723756906078,99.4475138121547,16.574585635359114,9.9
2ae19629-2054-13a3-e055-000000000001,"Cloonkeen, Galway County, 067067",168.0,857.1428571428571,5.952380952380952,0.0,107.14285714285714,29.76190476190476,10.7
2ae19629-2055-13a3-e055-000000000001,"Colmanstown, Galway County",61.0,918.032786885246,0.0,32.786885245901644,32.786885245901644,16.393442622950822,3.3
e4432984-fa1f-40d8-92f5-5c934939c606,"Conga/An Ros, Gaillimh",398.0,615.5778894472361,7.537688442211055,5.025125628140704,108.04020100502512,263.8190954773869,10.8
2ae19629-22e5-13a3-e055-000000000001,"Cooloo, Galway County",228.0,881.578947368421,4.385964912280701,4.385964912280701,92.10526315789473,17.543859649122805,9.2
2ae19629-22e7-13a3-e055-000000000001,"Craughwell, Galway County",764.0,897.9057591623036,3.926701570680628,19.63350785340314,77.22513089005236,1.3089005235602096,7.7
2ae19629-22f0-13a3-e055-000000000001,"Creggs, Galway County",193.0,720.2072538860103,5.181347150259067,5.181347150259067,233.16062176165804,36.269430051813465,23.3
2ae19629-2300-13a3-e055-000000000001,"Crump Island, Galway County",107.0,598.1308411214953,0.0,37.38317757009346,140.18691588785046,224.29906542056074,14.0
2ae19629-22f1-13a3-e055-000000000001,"An Crompán, Gaillimh",1294.0,739.5672333848532,6.182380216383307,20.09273570324575,137.5579598145286,96.59969088098919,13.8
2ae19629-22f2-13a3-e055-000000000001,"Cummer, Galway County",387.0,912.1447028423772,0.0,2.5839793281653747,56.84754521963824,28.42377260981912,5.7
2ae19629-22f3-13a3-e055-000000000001,"An Chorr, Gaillimh",100.0,660.0,10.0,10.0,120.0,200.0,12.0
2ae19629-22ff-13a3-e055-000000000001,"Curraghmore, Galway County",85.0,776.4705882352941,11.76470588235294,11.76470588235294,141.1764705882353,58.8235294117647,14.1
2ae19629-2301-13a3-e055-000000000001,"Deerpark, Galway County",478.0,933.0543933054394,4.184100418410042,8.368200836820083,43.93305439330543,10.460251046025103,4.4
2ae19629-2302-13a3-e055-000000000001,"Derrew, Galway County",79.0,746.8354430379746,0.0,12.658227848101266,227.84810126582278,12.658227848101266,22.8
2ae19629-2304-13a3-e055-000000000001,"Derryglassaun, Galway County",399.0,832.0802005012531,0.0,2.506265664160401,135.33834586466165,30.075187969924812,13.5
2ae19629-2310-13a3-e055-000000000001,"Derrylaur, Galway County",53.0,830.1886792452831,0.0,0.0,132.0754716981132,37.73584905660377,13.2
268c20e2-7574-4e64-ac7a-9383e368fcb7,"Derrylea/Derrycunlagh, Galway County",273.0,468.86446886446885,14.652014652014651,7.326007326007326,62.27106227106227,446.8864468864469,6.2
2ae19629-2312-13a3-e055-000000000001,"Donaghpatrick, Galway County",232.0,905.1724137931034,4.310344827586206,0.0,64.65517241379311,25.862068965517242,6.5
2ae19629-2313-13a3-e055-000000000001,"Doonbally, Galway County",266.0,789.4736842105264,0.0,11.278195488721805,172.93233082706766,26.31578947368421,17.3
2ae19629-2314-13a3-e055-000000000001,"Doonloughan, Galway County",128.0,296.875,7.8125,15.625,117.1875,562.5,11.7
2ae19629-231e-13a3-e055-000000000001,"Doorus, Galway County",356.0,811.7977528089888,2.8089887640449436,22.47191011235955,75.84269662921349,87.07865168539327,7.6
2ae19629-231f-13a3-e055-000000000001,"Drumacoo, Galway County",585.0,871.7948717948718,8.547008547008549,11.965811965811966,76.92307692307693,30.76923076923077,7.7
2ae19629-2320-13a3-e055-000000000001,"Drumkeary, Galway County",255.0,850.9803921568628,0.0,3.9215686274509802,113.72549019607843,31.372549019607842,11.4
2ae19629-2321-13a3-e055-000000000001,"Drummin, Galway County",191.0,790.5759162303665,5.235602094240838,5.235602094240838,78.53403141361257,120.41884816753927,7.9
2ae19629-2322-13a3-e055-000000000001,"Dunmore North, Galway County",276.0,800.7246376811594,7.246376811594203,3.6231884057971016,163.04347826086956,25.36231884057971,16.3
2ae19629-232b-13a3-e055-000000000001,"Dunmore South, Galway County",435.0,806.8965517241379,4.597701149425287,29.885057471264368,114.94252873563218,43.67816091954023,11.5
2ae19629-232c-13a3-e055-000000000001,"Errislannan, Galway County",244.0,344.2622950819672,32.786885245901644,8.196721311475411,106.55737704918032,508.1967213114754,10.7
2ae19629-232d-13a3-e055-000000000001,"Eyrecourt, Galway County",221.0,855.2036199095022,4.524886877828055,4.524886877828055,126.69683257918551,9.04977375565611,12.7
2ae19629-232e-13a3-e055-000000000001,"Foxhall, Galway County",282.0,847.5177304964539,3.5460992907801416,7.092198581560283,127.6595744680851,14.184397163120567,12.8
2ae19629-2338-13a3-e055-000000000001,"Na Forbacha, Gaillimh",652.0,817.4846625766871,4.601226993865031,18.404907975460123,87.42331288343557,72.08588957055214,8.7
2ae19629-2339-13a3-e055-000000000001,"Galway Rural, Galway County",46.0,956.5217391304349,0.0,21.73913043478261,21.73913043478261,0.0,2.2
2ae19629-233a-13a3-e055-000000000001,"Glennamaddy, Galway County",466.0,776.824034334764,4.291845493562231,23.605150214592275,158.79828326180257,36.48068669527897,15.9
2ae19629-2345-13a3-e055-000000000001,"Gort, Galway County",1476.0,796.0704607046071,2.032520325203252,10.840108401084011,179.53929539295393,11.517615176151761,18.0
2ae19629-2346-13a3-e055-000000000001,"Garmna, Gaillimh",691.0,735.1664254703328,2.894356005788712,11.577424023154848,147.6121562952243,102.74963820549928,14.8
2ae19629-2347-13a3-e055-000000000001,"Graigabbey, Galway County",146.0,924.6575342465753,6.8493150684931505,13.698630136986301,41.0958904109589,13.698630136986301,4.1
2ae19629-2348-13a3-e055-000000000001,"Grange, Galway County",296.0,864.8648648648649,0.0,0.0,131.75675675675674,3.3783783783783785,13.2
2ae19629-2354-13a3-e055-000000000001,"Greethill, Galway County",345.0,942.0289855072464,0.0,2.898550724637681,37.68115942028986,17.391304347826086,3.8
2ae19629-2355-13a3-e055-000000000001,"Headford, Galway County",799.0,868.5857321652065,3.7546933667083855,11.264080100125156,105.13141426783478,11.264080100125156,10.5
2ae19629-2356-13a3-e055-000000000001,"Hillsbrook, Galway County",266.0,883.4586466165414,0.0,11.278195488721805,90.22556390977444,15.037593984962406,9.0
2ae19629-2367-13a3-e055-000000000001,"An Uillinn, Gaillimh",59.0,661.0169491525423,0.0,16.949152542372882,169.4915254237288,152.54237288135593,16.9
2ae19629-2368-13a3-e055-000000000001,"Inishbofin, Galway County",163.0,484.66257668711654,24.539877300613497,36.809815950920246,147.23926380368098,306.7484662576687,14.7
2ae19629-2369-13a3-e055-000000000001,"Árainn, Gaillimh",803.0,625.1556662515566,24.906600249066003,17.4346201743462,102.11706102117061,230.38605230386054,10.2
2ae19629-236a-13a3-e055-000000000001,"Island, Galway County",140.0,692.8571428571429,0.0,14.285714285714285,264.2857142857143,28.57142857142857,26.4
2ae19629-237b-13a3-e055-000000000001,"Kellysgrove, Galway County",155.0,832.258064516129,6.451612903225806,12.903225806451612,148.38709677419354,0.0,14.8
2ae19629-237c-13a3-e055-000000000001,"Kilbeacanty, Galway County",149.0,812.0805369127518,0.0,13.422818791946309,107.38255033557047,67.11409395973155,10.7
2ae19629-237d-13a3-e055-000000000001,"Kilbennan, Galway County",162.0,802.4691358024692,0.0,18.51851851851852,160.49382716049382,18.51851851851852,16.0
2ae19629-238b-13a3-e055-000000000001,"Kilchreest, Galway County",131.0,847.3282442748091,0.0,0.0,152.67175572519085,0.0,15.3
2ae19629-238c-13a3-e055-000000000001,"Kilconickny, Galway County",253.0,849.802371541502,11.857707509881422,23.715415019762844,98.81422924901186,15.810276679841897,9.9
2ae19629-2397-13a3-e055-000000000001,"Kilconierin, Galway County",273.0,871.7948717948718,3.663003663003663,14.652014652014651,95.23809523809523,14.652014652014651,9.5
2ae19629-2398-13a3-e055-000000000001,"Kilconnell, Galway County",270.0,829.6296296296296,0.0,14.814814814814815,125.92592592592591,29.62962962962963,12.6
2ae19629-2399-13a3-e055-000000000001,"Kilcoona, Galway County",241.0,892.1161825726142,0.0,4.149377593360996,91.2863070539419,12.448132780082986,9.1
2ae19629-23a3-13a3-e055-000000000001,"Kilcroan, Galway County",311.0,720.2572347266881,6.430868167202572,9.64630225080386,247.58842443729904,16.07717041800643,24.8
2ae19629-23a4-13a3-e055-000000000001,"Cill Chuimín, Gaillimh, 067121",89.0,662.9213483146067,33.70786516853933,22.47191011235955,146.06741573033707,134.8314606741573,14.6
2ae19629-23a5-13a3-e055-000000000001,"Cill Chuimín, Gaillimh, 067122",682.0,756.5982404692082,5.865102639296188,13.196480938416423,156.89149560117303,67.44868035190615,15.7
2ae19629-23a6-13a3-e055-000000000001,"Killaan, Galway County",240.0,833.3333333333334,0.0,4.166666666666667,116.66666666666667,45.83333333333333,11.7
2ae19629-23a7-13a3-e055-000000000001,"Killallaghtan, Galway County",202.0,881.1881188118812,9.900990099009901,0.0,94.05940594059406,14.85148514851485,9.4
2ae19629-23a8-13a3-e055-000000000001,"Cill Aithnín, Gaillimh",512.0,810.546875,5.859375,13.671875,103.515625,66.40625,10.4
2ae19629-22cd-13a3-e055-000000000001,"Killeany, Galway County",247.0,882.591093117409,0.0,20.242914979757085,76.92307692307693,20.242914979757085,7.7
2ae19629-22ce-13a3-e055-000000000001,"Killeely, Galway County",617.0,923.8249594813615,0.0,11.345218800648299,58.34683954619125,6.482982171799027,5.8
2ae19629-22cf-13a3-e055-000000000001,"Killeen, Galway County",274.0,894.1605839416058,7.299270072992701,3.6496350364963503,83.94160583941606,10.948905109489052,8.4
2ae19629-22da-13a3-e055-000000000001,"Killeenavarra, Galway County",315.0,888.8888888888888,6.349206349206349,9.523809523809526,82.53968253968254,12.698412698412698,8.3
2ae19629-22db-13a3-e055-000000000001,"Killererin, Galway County",299.0,906.3545150501672,0.0,16.72240802675585,70.23411371237458,6.688963210702341,7.0
2ae19629-22e8-13a3-e055-000000000001,"Killeroran, Galway County",629.0,812.4006359300478,4.769475357710651,1.589825119236884,144.67408585055645,36.56597774244833,14.5
2ae19629-22e9-13a3-e055-000000000001,"Killian, Galway County",176.0,789.7727272727273,5.681818181818182,11.363636363636363,136.36363636363635,56.81818181818181,13.6
2ae19629-22ea-13a3-e055-000000000001,"Killimor, Galway County, 067133",319.0,802.5078369905956,9.404388714733543,3.134796238244514,163.00940438871473,21.9435736677116,16.3
2ae19629-22f4-13a3-e055-000000000001,"Killimor, Galway County, 067134",170.0,829.4117647058824,0.0,17.647058823529413,129.41176470588238,23.52941176470588,12.9
2ae19629-22f5-13a3-e055-000000000001,"Killinny, Galway County",197.0,842.6395939086294,5.076142131979695,0.0,96.44670050761421,55.83756345177665,9.6
2ae19629-22f6-13a3-e055-000000000001,"Killogilleen, Galway County",343.0,897.9591836734694,0.0,2.9154518950437316,75.80174927113703,23.323615160349853,7.6
2ae19629-22f7-13a3-e055-000000000001,"Killoran, Galway County",116.0,810.3448275862069,8.620689655172413,8.620689655172413,172.41379310344828,0.0,17.2
2ae19629-2305-13a3-e055-000000000001,"Killower, Galway County",339.0,890.8554572271387,0.0,8.849557522123893,85.54572271386431,14.749262536873156,8.6
2ae19629-2306-13a3-e055-000000000001,"Killure, Galway County",271.0,863.4686346863468,3.6900369003690034,11.07011070110701,110.7011070110701,11.07011070110701,11.1
2ae19629-2315-13a3-e055-000000000001,"Killursa, Galway County",510.0,776.4705882352941,3.9215686274509802,23.52941176470588,96.07843137254902,100.0,9.6
2ae19629-2316-13a3-e055-000000000001,"Kilmacshane, Galway County",98.0,857.1428571428571,0.0,20.408163265306122,91.83673469387756,30.612244897959183,9.2
2ae19629-2317-13a3-e055-000000000001,"Kilmalinoge, Galway County",109.0,788.9908256880734,0.0,0.0,201.83486238532112,9.174311926605505,20.2
2ae19629-2323-13a3-e055-000000000001,"Kilmeen, Galway County",270.0,851.8518518518518,0.0,7.407407407407407,137.03703703703704,3.7037037037037037,13.7
2ae19629-2324-13a3-e055-000000000001,"Kilmoylan, Galway County",420.0,885.7142857142857,0.0,2.3809523809523814,102.38095238095238,9.523809523809526,10.2
2ae19629-2325-13a3-e055-000000000001,"Kilquain, Galway County",133.0,804.5112781954888,0.0,0.0,187.96992481203006,7.518796992481203,18.8
2ae19629-232f-13a3-e055-000000000001,"Kilreekill, Galway County",149.0,865.7718120805368,0.0,20.13422818791946,114.09395973154362,0.0,11.4
2ae19629-2330-13a3-e055-000000000001,"Kilshanvy, Galway County",178.0,814.6067415730337,0.0,5.617977528089887,146.06741573033707,33.70786516853933,14.6
2ae19629-2331-13a3-e055-000000000001,"Kiltartan, Galway County",334.0,862.2754491017964,5.9880239520958085,11.976047904191617,98.80239520958084,20.958083832335326,9.9
2ae19629-233b-13a3-e055-000000000001,"Kilteskill, Galway County",149.0,879.1946308724832,6.7114093959731544,0.0,93.95973154362416,20.13422818791946,9.4
2ae19629-233c-13a3-e055-000000000001,"Kilthomas, Galway County",45.0,911.1111111111111,0.0,22.22222222222222,66.66666666666667,0.0,6.7
2ae19629-233d-13a3-e055-000000000001,"Kiltormer, Galway County",222.0,846.8468468468468,0.0,4.504504504504505,121.62162162162163,27.027027027027028,12.2
2ae19629-2349-13a3-e055-000000000001,"Kiltullagh, Galway County, 067152",291.0,907.2164948453608,3.4364261168384878,10.309278350515465,68.72852233676977,10.309278350515465,6.9
2ae19629-234a-13a3-e055-000000000001,"Kiltullagh, Galway County, 067153",106.0,745.2830188679245,0.0,28.30188679245283,198.11320754716982,28.30188679245283,19.8
2ae19629-234b-13a3-e055-000000000001,"Kinvarra, Galway County",701.0,787.4465049928673,5.706134094151213,21.398002853067048,102.71041369472182,82.73894436519258,10.3
2ae19629-234c-13a3-e055-000000000001,"An Cnoc Buí, Gaillimh",483.0,656.3146997929606,8.281573498964804,4.140786749482402,128.36438923395445,202.8985507246377,12.8
2ae19629-234d-13a3-e055-000000000001,"Kylemore, Galway County",70.0,842.8571428571429,0.0,14.285714285714285,142.85714285714286,0.0,14.3
2ae19629-234e-13a3-e055-000000000001,"Leacach Beag, Gaillimh",573.0,928.4467713787086,0.0,13.961605584642234,54.10122164048865,3.4904013961605584,5.4
2ae19629-2357-13a3-e055-000000000001,"Lackalea, Galway County",129.0,922.4806201550388,0.0,23.25581395348837,54.263565891472865,0.0,5.4
2ae19629-2358-13a3-e055-000000000001,"Laurencetown, Galway County",177.0,796.6101694915254,0.0,0.0,192.090395480226,11.299435028248588,19.2
2ae19629-2359-13a3-e055-000000000001,"Leitrim, Galway County",204.0,877.4509803921569,4.901960784313726,14.705882352941176,83.33333333333333,19.607843137254903,8.3
2ae19629-236b-13a3-e055-000000000001,"Leitir Breacáin, Gaillimh",165.0,515.1515151515151,24.242424242424242,18.18181818181818,181.8181818181818,260.6060606060606,18.2
2ae19629-236c-13a3-e055-000000000001,"Letterfore, Galway County",173.0,618.4971098265895,5.780346820809248,11.560693641618496,127.16763005780346,236.9942196531792,12.7
2ae19629-236d-13a3-e055-000000000001,"Leitir Móir, Gaillimh",444.0,743.2432432432432,9.00900900900901,2.2522522522522523,157.65765765765767,87.83783783783784,15.8
2ae19629-236e-13a3-e055-000000000001,"Levally, Galway County",166.0,891.566265060241,6.024096385542169,0.0,96.3855421686747,6.024096385542169,9.6
2ae19629-237e-13a3-e055-000000000001,"Liscananaun, Galway County",584.0,886.986301369863,0.0,15.410958904109588,82.1917808219178,15.410958904109588,8.2
2ae19629-237f-13a3-e055-000000000001,"Lisín an Bhealaigh, Gaillimh",363.0,933.8842975206611,5.5096418732782375,16.528925619834713,35.81267217630854,8.264462809917356,3.6
2ae19629-2380-13a3-e055-000000000001,"Lismanny, Galway County",113.0,778.7610619469026,0.0,0.0,203.53982300884957,17.699115044247787,20.4
c62169df-44fc-4bf1-98eb-40998a29132a,"Loughatorick/Coos/Marblehill, Galway County",268.0,764.9253731343284,0.0,0.0,171.6417910447761,63.43283582089553,17.2
2ae19629-238d-13a3-e055-000000000001,"Loughrea Rural, Galway County",333.0,921.9219219219219,0.0,6.006006006006006,60.06006006006006,12.012012012012011,6.0
2ae19629-238e-13a3-e055-000000000001,"Loughrea Urban, Galway County",2885.0,868.9774696707105,1.0398613518197573,5.545927209705373,111.26516464471403,13.171577123050259,11.1
2ae19629-239a-13a3-e055-000000000001,"Meelick, Galway County",134.0,723.8805970149253,7.462686567164179,14.925373134328359,216.4179104477612,37.31343283582089,21.6
2ae19629-239b-13a3-e055-000000000001,"Milltown, Galway County",349.0,759.3123209169055,8.595988538681949,11.461318051575931,194.84240687679082,25.787965616045845,19.5
2ae19629-239c-13a3-e055-000000000001,"Moat, Galway County",75.0,733.3333333333333,0.0,0.0,240.0,26.666666666666668,24.0
2ae19629-23a9-13a3-e055-000000000001,"Monivea, Galway County",303.0,897.6897689768977,3.3003300330033003,9.900990099009901,75.90759075907592,13.201320132013201,7.6
2ae19629-23aa-13a3-e055-000000000001,"Mount Bellew, Galway County",856.0,817.7570093457945,2.336448598130841,21.02803738317757,130.8411214953271,28.037383177570092,13.1
2ae19629-23ab-13a3-e055-000000000001,"Mountain, Galway County",119.0,890.7563025210085,0.0,0.0,92.43697478991596,16.80672268907563,9.2
2ae19629-22d0-13a3-e055-000000000001,"Mounthazel, Galway County",234.0,829.0598290598291,0.0,12.82051282051282,136.75213675213678,21.367521367521366,13.7
2ae19629-22d1-13a3-e055-000000000001,"Maigh Cuilinn, Gaillimh",926.0,903.8876889848813,4.319654427645789,14.038876889848812,65.87473002159827,11.879049676025918,6.6
2ae19629-22d2-13a3-e055-000000000001,"Moyne, Galway County",278.0,859.7122302158273,3.5971223021582737,14.388489208633095,100.71942446043165,21.58273381294964,10.1
2ae19629-22dc-13a3-e055-000000000001,"Moyode, Galway County",110.0,909.090909090909,9.09090909090909,0.0,63.63636363636363,18.18181818181818,6.4
2ae19629-22dd-13a3-e055-000000000001,"Maíros, Gaillimh",246.0,565.0406504065041,8.130081300813009,4.065040650406504,105.69105691056912,317.0731707317073,10.6
2ae19629-22de-13a3-e055-000000000001,"Oatfield, Galway County",176.0,846.590909090909,5.681818181818182,11.363636363636363,119.31818181818183,17.045454545454543,11.9
2ae19629-22df-13a3-e055-000000000001,"Oranmore, Galway County",1870.0,911.7647058823529,3.7433155080213902,26.203208556149733,48.1283422459893,10.16042780748663,4.8
2ae19629-22e0-13a3-e055-000000000001,"Oughterard, Galway County",1323.0,786.0922146636432,8.314436885865456,17.384731670445955,102.79667422524567,85.4119425547997,10.3
2ae19629-22e1-13a3-e055-000000000001,"Abhainn Ghabhla, Gaillimh",162.0,703.7037037037037,18.51851851851852,24.691358024691358,148.14814814814815,104.93827160493827,14.8
2ae19629-22eb-13a3-e055-000000000001,"Pallas, Galway County",185.0,756.7567567567568,10.81081081081081,0.0,221.62162162162164,10.81081081081081,22.2
2ae19629-22ec-13a3-e055-000000000001,"Portumna, Galway County",1216.0,790.296052631579,5.75657894736842,13.980263157894736,136.51315789473685,53.453947368421055,13.7
2ae19629-22ed-13a3-e055-000000000001,"Raford, Galway County",242.0,896.694214876033,0.0,16.528925619834713,78.51239669421487,8.264462809917356,7.9
2ae19629-22f8-13a3-e055-000000000001,"Rahasane, Galway County",145.0,827.5862068965517,6.896551724137931,27.586206896551722,117.24137931034483,20.689655172413794,11.7
2ae19629-22f9-13a3-e055-000000000001,"Raheen, Galway County",236.0,822.0338983050848,0.0,4.237288135593221,139.83050847457625,33.898305084745765,14.0
2ae19629-22fa-13a3-e055-000000000001,"Rinvyle, Galway County",735.0,605.4421768707483,16.3265306122449,20.408163265306122,122.44897959183673,235.37414965986395,12.2
2ae19629-22fc-13a3-e055-000000000001,"Cloch na Rón, Gaillimh",494.0,376.5182186234818,14.17004048582996,14.17004048582996,111.33603238866397,483.8056680161943,11.1
2ae19629-2307-13a3-e055-000000000001,"Ryehill, Galway County",304.0,888.1578947368422,3.289473684210526,16.44736842105263,85.52631578947368,6.578947368421052,8.6
2ae19629-2308-13a3-e055-000000000001,"Scregg, Galway County",99.0,828.2828282828283,0.0,10.101010101010102,141.4141414141414,20.202020202020204,14.1
2ae19629-2309-13a3-e055-000000000001,"Sailearna, Gaillimh, 067197",676.0,804.7337278106509,7.396449704142012,11.834319526627219,115.38461538461539,60.650887573964496,11.5
2ae19629-230a-13a3-e055-000000000001,"Shankill, Galway County",159.0,823.8993710691824,6.289308176100629,6.289308176100629,144.65408805031447,18.867924528301884,14.5
2ae19629-230b-13a3-e055-000000000001,"Sillerna, Galway County",366.0,510.92896174863387,35.51912568306011,19.12568306010929,71.03825136612022,363.3879781420765,7.1
2ae19629-230c-13a3-e055-000000000001,"Scainimh, Gaillimh",334.0,697.6047904191616,2.9940119760479043,2.9940119760479043,122.75449101796407,173.65269461077844,12.3
2ae19629-2318-13a3-e055-000000000001,"Skehanagh, Galway County",209.0,875.5980861244019,4.784688995215311,4.784688995215311,66.98564593301435,47.84688995215311,6.7
2ae19629-2319-13a3-e055-000000000001,"Sliabh an Aonaigh, Gaillimh",313.0,894.5686900958466,0.0,12.779552715654951,76.6773162939297,15.974440894568689,7.7
2ae19629-231a-13a3-e055-000000000001,"An Spidéal, Gaillimh",780.0,789.7435897435897,43.589743589743584,10.256410256410257,94.87179487179486,61.53846153846154,9.5
2ae19629-2326-13a3-e055-000000000001,"Stradbally, Galway County",432.0,895.8333333333334,2.314814814814815,11.574074074074073,74.07407407407408,16.203703703703702,7.4
2ae19629-2327-13a3-e055-000000000001,"Taghboy, Galway County",94.0,808.5106382978723,10.638297872340425,10.638297872340425,148.93617021276594,21.27659574468085,14.9
2ae19629-2328-13a3-e055-000000000001,"Templetogher, Galway County",196.0,760.2040816326531,0.0,10.204081632653061,193.87755102040816,35.714285714285715,19.4
2ae19629-2332-13a3-e055-000000000001,"Tiaquin, Galway County",269.0,921.9330855018587,0.0,11.152416356877323,59.479553903345725,7.434944237918216,5.9
2ae19629-2333-13a3-e055-000000000001,"Tiranascragh, Galway County",80.0,812.5,0.0,12.5,125.0,50.0,12.5
2ae19629-2334-13a3-e055-000000000001,"Toberadosh, Galway County",174.0,804.5977011494253,5.747126436781609,11.494252873563218,149.42528735632186,28.735632183908045,14.9
2ae19629-2335-13a3-e055-000000000001,"Toberroe, Galway County",162.0,740.7407407407406,6.172839506172839,6.172839506172839,203.7037037037037,43.20987654320987,20.4
2ae19629-233e-13a3-e055-000000000001,"Tuam Rural, Galway County",2617.0,893.3893771494077,3.056935422239205,17.19526175009553,81.00878868933893,5.349636988918609,8.1
2ae19629-233f-13a3-e055-000000000001,"Tuam Urban, Galway County",1998.0,830.3303303303303,4.004004004004004,17.51751751751752,141.64164164164166,6.506506506506507,14.2
2ae19629-2340-13a3-e055-000000000001,"Tulaigh Mhic Aodháin, Gaillimh",840.0,898.8095238095239,4.761904761904763,15.476190476190476,72.61904761904762,8.333333333333334,7.3
2ae19629-2341-13a3-e055-000000000001,"An Turlach, Gaillimh",315.0,685.7142857142857,19.04761904761905,9.523809523809526,149.20634920634922,136.5079365079365,14.9
2ae19629-234f-13a3-e055-000000000001,"Tynagh, Galway County",207.0,816.4251207729468,4.830917874396135,14.492753623188406,154.58937198067633,9.66183574879227,15.5
2ae19629-2350-13a3-e055-000000000001,"Woodford, Galway County",241.0,800.8298755186722,4.149377593360996,0.0,124.48132780082987,70.53941908713693,12.4
2ae19629-2351-13a3-e055-000000000001,"Wormhole, Galway County",943.0,895.0159066808059,4.241781548250265,10.604453870625663,57.26405090137858,32.87380699893956,5.7
2ae19629-1708-13a3-e055-000000000001,"Aghacashel, Leitrim",45.0,666.6666666666666,0.0,22.22222222222222,177.77777777777777,133.33333333333334,17.8
b166391f-eb14-47de-a3eb-9c2516e63687,"Aghanlish/Aghalateeve, Leitrim",132.0,696.969696969697,7.575757575757576,30.303030303030305,151.51515151515153,113.63636363636363,15.2
2ae19629-170b-13a3-e055-000000000001,"Aghavas, Leitrim",173.0,728.3236994219653,0.0,11.560693641618496,156.0693641618497,104.04624277456648,15.6
2ae19629-170d-13a3-e055-000000000001,"Annaduff, Leitrim",111.0,801.8018018018018,9.00900900900901,9.00900900900901,135.13513513513513,45.04504504504504,13.5
23519126-bd85-4c40-a1e2-26c5d2b7e51c,"Arigna/Drumkeeran/Killarga, Leitrim",377.0,705.5702917771883,2.6525198938992043,0.0,201.59151193633954,90.18567639257294,20.2
2ae19629-16fb-13a3-e055-000000000001,"Ballaghameehan, Leitrim",120.0,641.6666666666667,16.666666666666668,0.0,216.66666666666669,125.0,21.7
2ae19629-16fc-13a3-e055-000000000001,"Ballinamore, Leitrim",712.0,724.7191011235955,7.022471910112359,19.662921348314605,148.87640449438203,99.7191011235955,14.9
2ae19629-16fd-13a3-e055-000000000001,"Barnameenagh, Leitrim",86.0,674.4186046511628,0.0,0.0,244.1860465116279,81.39534883720931,24.4
2ae19629-16fe-13a3-e055-000000000001,"Beihy, Leitrim",164.0,786.5853658536586,6.097560975609756,0.0,121.95121951219512,85.3658536585366,12.2
2ae19629-170e-13a3-e055-000000000001,"Belhavel, Leitrim",162.0,753.0864197530865,18.51851851851852,12.345679012345679,160.49382716049382,55.55555555555555,16.0
2ae19629-170f-13a3-e055-000000000001,"Breandrum, Leitrim",156.0,679.4871794871796,0.0,12.82051282051282,237.17948717948718,70.51282051282051,23.7
2ae19629-1717-13a3-e055-000000000001,"Bunnybeg, Leitrim",79.0,734.1772151898734,0.0,12.658227848101266,126.58227848101266,126.58227848101266,12.7
2ae19629-1718-13a3-e055-000000000001,"Carrick-On-Shannon, Leitrim",2249.0,763.8950644730992,4.891062694530902,18.674966651845263,163.1836371720765,49.355269008448204,16.3
2ae19629-1719-13a3-e055-000000000001,"Carrigallen East, Leitrim",168.0,773.8095238095239,0.0,0.0,142.85714285714286,83.33333333333333,14.3
2ae19629-171a-13a3-e055-000000000001,"Carrigallen West, Leitrim",290.0,751.7241379310344,17.241379310344826,6.896551724137931,193.10344827586206,31.03448275862069,19.3
2ae19629-171b-13a3-e055-000000000001,"Cashel, Leitrim",91.0,802.1978021978023,0.0,0.0,142.85714285714286,54.94505494505494,14.3
2ae19629-171c-13a3-e055-000000000001,"Castlefore, Leitrim",130.0,684.6153846153846,0.0,7.6923076923076925,184.6153846153846,123.07692307692308,18.5
2ae19629-171d-13a3-e055-000000000001,"Cattan, Leitrim",137.0,737.2262773722628,7.299270072992701,0.0,160.5839416058394,94.8905109489051,16.1
2ae19629-171e-13a3-e055-000000000001,"Cloonclare, Leitrim",111.0,603.6036036036037,18.01801801801802,18.01801801801802,189.1891891891892,171.17117117117118,18.9
2ae19629-171f-13a3-e055-000000000001,"Cloone, Leitrim",192.0,765.625,0.0,10.416666666666666,177.08333333333334,46.875,17.7
2ae19629-1720-13a3-e055-000000000001,"Cloonlogher, Leitrim",161.0,739.1304347826086,12.422360248447204,0.0,167.70186335403727,80.74534161490683,16.8
2ae19629-1721-13a3-e055-000000000001,"Cloverhill, Leitrim",192.0,666.6666666666666,0.0,31.25,203.125,98.95833333333333,20.3
2ae19629-1722-13a3-e055-000000000001,"Corrala, Leitrim",114.0,754.3859649122808,8.771929824561402,0.0,192.98245614035088,43.859649122807014,19.3
2ae19629-1723-13a3-e055-000000000001,"Corriga, Leitrim",91.0,736.2637362637363,10.989010989010989,0.0,186.8131868131868,65.93406593406594,18.7
2ae19629-1724-13a3-e055-000000000001,"Drumahaire, Leitrim",825.0,774.5454545454545,1.2121212121212122,12.121212121212121,150.3030303030303,61.81818181818182,15.0
2ae19629-1710-13a3-e055-000000000001,"Drumard, Leitrim",103.0,805.8252427184466,0.0,29.12621359223301,97.08737864077669,67.96116504854369,9.7
2ae19629-172d-13a3-e055-000000000001,"Drumdoo, Leitrim",147.0,789.1156462585034,13.605442176870747,13.605442176870747,129.2517006802721,54.42176870748299,12.9
2ae19629-1712-13a3-e055-000000000001,"Drumod, Leitrim",531.0,708.0979284369114,1.8832391713747645,24.482109227871938,99.81167608286252,165.7250470809793,10.0
2ae19629-1714-13a3-e055-000000000001,"Drumreilly North, Leitrim",106.0,632.0754716981132,28.30188679245283,0.0,103.77358490566039,235.8490566037736,10.4
2ae19629-1715-13a3-e055-000000000001,"Drumreilly South, Leitrim",85.0,776.4705882352941,11.76470588235294,23.52941176470588,94.11764705882352,94.11764705882352,9.4
2ae19629-1716-13a3-e055-000000000001,"Drumreilly West/Drumreilly East, Leitrim",138.0,507.24637681159425,0.0,21.73913043478261,246.3768115942029,224.63768115942028,24.6
2ae19629-172b-13a3-e055-000000000001,"Drumshanbo, Leitrim",818.0,756.7237163814181,17.114914425427873,11.002444987775062,138.14180929095355,77.01711491442542,13.8
2ae19629-172c-13a3-e055-000000000001,"Drumsna, Leitrim",369.0,766.9376693766937,0.0,13.550135501355014,154.47154471544715,65.04065040650407,15.4
2ae19629-172e-13a3-e055-000000000001,"Fenagh, Leitrim",197.0,720.8121827411168,0.0,10.15228426395939,203.0456852791878,65.98984771573605,20.3
2ae19629-172f-13a3-e055-000000000001,"Garadice, Leitrim",301.0,784.0531561461794,9.966777408637872,9.966777408637872,146.1794019933555,49.83388704318937,14.6
2ae19629-1730-13a3-e055-000000000001,"Garvagh, Leitrim",88.0,647.7272727272727,11.363636363636363,68.18181818181817,136.36363636363635,136.36363636363635,13.6
2ae19629-1731-13a3-e055-000000000001,"Glenade, Leitrim",97.0,628.8659793814433,0.0,0.0,216.49484536082474,154.63917525773198,21.6
2ae19629-1732-13a3-e055-000000000001,"Glenaniff, Leitrim",105.0,666.6666666666666,19.04761904761905,0.0,200.0,114.28571428571428,20.0
2ae19629-1733-13a3-e055-000000000001,"Glenboy, Leitrim",116.0,758.6206896551723,0.0,0.0,146.55172413793102,94.82758620689654,14.7
2ae19629-1734-13a3-e055-000000000001,"Glencar, Leitrim",129.0,782.9457364341084,15.503875968992247,23.25581395348837,124.03100775193798,54.263565891472865,12.4
2ae19629-1735-13a3-e055-000000000001,"Glenfarn, Leitrim",90.0,622.2222222222223,0.0,0.0,122.22222222222221,255.55555555555554,12.2
2ae19629-1736-13a3-e055-000000000001,"Gortermone, Leitrim",141.0,751.7730496453901,0.0,14.184397163120567,120.56737588652481,113.47517730496453,12.1
2ae19629-1737-13a3-e055-000000000001,"Gortnagullion, Leitrim",156.0,730.7692307692307,12.82051282051282,0.0,166.66666666666666,89.74358974358974,16.7
2ae19629-1725-13a3-e055-000000000001,"Gowel, Leitrim",172.0,767.4418604651163,0.0,0.0,151.1627906976744,81.39534883720931,15.1
a74249fa-0039-4f59-ad83-53fe986ff7bf,"Greaghglass/Stralongford, Leitrim",191.0,696.3350785340315,10.471204188481677,36.64921465968586,125.6544502617801,130.89005235602093,12.6
2ae19629-1727-13a3-e055-000000000001,"Gubacreeny, Leitrim",447.0,706.9351230425057,11.185682326621924,17.89709172259508,87.24832214765101,176.73378076062642,8.7
2ae19629-1728-13a3-e055-000000000001,"Keeldra, Leitrim",102.0,735.2941176470589,19.607843137254903,0.0,176.47058823529412,68.62745098039217,17.6
2ae19629-1729-13a3-e055-000000000001,"Keshcarrigan, Leitrim",310.0,729.0322580645161,3.225806451612903,12.903225806451612,106.4516129032258,148.38709677419354,10.6
2ae19629-172a-13a3-e055-000000000001,"Killanummery, Leitrim",171.0,801.1695906432749,11.695906432748536,35.08771929824561,122.80701754385964,29.239766081871345,12.3
2ae19629-1739-13a3-e055-000000000001,"Killygar, Leitrim",68.0,779.4117647058823,14.705882352941176,14.705882352941176,147.05882352941177,44.11764705882353,14.7
2ae19629-173a-13a3-e055-000000000001,"Kiltubbrid, Leitrim",110.0,572.7272727272727,27.27272727272727,9.09090909090909,172.72727272727272,218.18181818181816,17.3
2ae19629-1742-13a3-e055-000000000001,"Kiltyclogher, Leitrim",155.0,735.483870967742,12.903225806451612,0.0,212.9032258064516,38.70967741935484,21.3
2ae19629-1743-13a3-e055-000000000001,"Kinlough, Leitrim",509.0,776.0314341846758,1.9646365422396854,5.893909626719057,133.59528487229863,82.51473477406681,13.4
2ae19629-1744-13a3-e055-000000000001,"Leitrim, Leitrim",678.0,737.4631268436577,1.4749262536873156,5.899705014749262,88.49557522123894,166.66666666666666,8.8
2ae19629-1745-13a3-e055-000000000001,"Lisgillock, Leitrim",107.0,719.626168224299,0.0,0.0,242.99065420560748,37.38317757009346,24.3
2ae19629-1746-13a3-e055-000000000001,"Lurganboy, Leitrim",215.0,786.046511627907,4.651162790697675,0.0,162.79069767441862,46.51162790697674,16.3
2ae19629-1747-13a3-e055-000000000001,"Mahanagh, Leitrim",162.0,672.8395061728395,18.51851851851852,24.691358024691358,111.1111111111111,172.8395061728395,11.1
2ae19629-1748-13a3-e055-000000000001,"Manorhamilton, Leitrim",1084.0,786.9003690036901,4.612546125461255,9.22509225092251,155.9040590405904,43.35793357933579,15.6
2ae19629-1749-13a3-e055-000000000001,"Melvin/Aghavoghil, Leitrim",150.0,680.0,6.666666666666667,20.0,126.66666666666667,166.66666666666666,12.7
2ae19629-174a-13a3-e055-000000000001,"Moher, Leitrim",114.0,771.9298245614035,8.771929824561402,8.771929824561402,70.17543859649122,140.35087719298244,7.0
2ae19629-174b-13a3-e055-000000000001,"Mohill, Leitrim",712.0,766.8539325842697,4.213483146067416,8.426966292134832,188.20224719101122,32.30337078651686,18.8
2ae19629-174c-13a3-e055-000000000001,"Munakill, Leitrim",117.0,555.5555555555555,0.0,17.094017094017097,222.2222222222222,205.1282051282051,22.2
2ae19629-174d-13a3-e055-000000000001,"Newtowngore, Leitrim",139.0,841.726618705036,0.0,14.388489208633095,86.33093525179856,57.55395683453238,8.6
2ae19629-173b-13a3-e055-000000000001,"Oughteragh, Leitrim",64.0,718.75,15.625,15.625,140.625,109.375,14.1
2ae19629-173c-13a3-e055-000000000001,"Rinn, Leitrim",293.0,624.5733788395904,6.825938566552901,6.825938566552901,98.97610921501706,262.7986348122867,9.9
2ae19629-173d-13a3-e055-000000000001,"Riverstown, Leitrim",150.0,626.6666666666667,13.333333333333334,13.333333333333334,233.33333333333334,113.33333333333333,23.3
2ae19629-173e-13a3-e055-000000000001,"Roosky, Leitrim",413.0,748.1840193704601,7.263922518159807,26.634382566585955,130.75060532687652,87.16707021791767,13.1
2ae19629-173f-13a3-e055-000000000001,"Rowan, Leitrim",146.0,726.027397260274,13.698630136986301,13.698630136986301,143.83561643835617,102.73972602739725,14.4
2ae19629-1740-13a3-e055-000000000001,"Sramore, Leitrim",178.0,797.752808988764,0.0,22.47191011235955,140.4494382022472,39.32584269662921,14.0
2ae19629-1741-13a3-e055-000000000001,"St. Patrick's, Leitrim",86.0,651.1627906976745,11.627906976744185,11.627906976744185,209.30232558139537,116.27906976744185,20.9
2ae19629-1755-13a3-e055-000000000001,"Tullaghan, Leitrim",483.0,658.3850931677019,16.563146997929607,53.83022774327122,122.15320910973085,149.06832298136646,12.2
2ae19629-1756-13a3-e055-000000000001,"Yugan, Leitrim",171.0,602.3391812865498,11.695906432748536,11.695906432748536,274.8538011695906,99.41520467836257,27.5
2ae19629-193a-13a3-e055-000000000001,"Acaill, Maigh Eo",613.0,559.5432300163133,16.31321370309951,8.156606851549755,92.98531810766721,323.0016313213703,9.3
2ae19629-1944-13a3-e055-000000000001,"Addergoole, Mayo",508.0,667.3228346456693,5.905511811023622,11.811023622047244,185.03937007874015,129.92125984251967,18.5
2ae19629-1945-13a3-e055-000000000001,"Aghagower North, Mayo",413.0,857.1428571428571,2.4213075060532687,7.263922518159807,101.6949152542373,31.476997578692497,10.2
2ae19629-1951-13a3-e055-000000000001,"Aghagower South, Mayo",60.0,800.0,0.0,16.666666666666668,133.33333333333334,50.0,13.3
2ae19629-1952-13a3-e055-000000000001,"Aghamore, Mayo",317.0,753.9432176656151,9.46372239747634,25.236593059936908,154.57413249211356,56.782334384858046,15.5
2ae19629-1953-13a3-e055-000000000001,"Aillemore, Mayo",263.0,574.1444866920152,3.802281368821293,11.406844106463879,133.07984790874525,277.56653992395434,13.3
2ae19629-1954-13a3-e055-000000000001,"An Geata Mór Theas, Mayo",535.0,611.2149532710281,9.345794392523365,9.345794392523365,127.10280373831776,242.99065420560748,12.7
2ae19629-1955-13a3-e055-000000000001,"An Geata Mór Thuaidh, Mayo",529.0,724.007561436673,3.780718336483932,13.232514177693762,120.98298676748583,137.99621928166354,12.1
2ae19629-195f-13a3-e055-000000000001,"Ardagh, Mayo",156.0,839.7435897435897,0.0,6.41025641025641,96.15384615384616,57.69230769230769,9.6
2ae19629-1960-13a3-e055-000000000001,"Ardnaree North, Mayo",406.0,827.5862068965517,0.0,12.315270935960593,96.0591133004926,64.03940886699507,9.6
2ae19629-1961-13a3-e055-000000000001,"Ardnaree South Rural, Mayo",1231.0,883.0219333874898,2.437043054427295,17.059301380991062,68.23720552396425,29.24451665312754,6.8
2ae19629-18bc-13a3-e055-000000000001,"Ardnaree South Urban, Mayo",1182.0,837.5634517766497,4.230118443316413,15.228426395939087,109.98307952622675,32.994923857868024,11.0
2ae19629-196a-13a3-e055-000000000001,"Attymass East, Mayo",188.0,776.595744680851,0.0,5.319148936170213,132.9787234042553,85.1063829787234,13.3
2ae19629-196b-13a3-e055-000000000001,"Attymass West, Mayo",139.0,755.3956834532373,0.0,7.194244604316547,129.49640287769785,107.91366906474819,12.9
2ae19629-1974-13a3-e055-000000000001,"Balla, Mayo",755.0,834.4370860927153,0.0,11.920529801324504,131.12582781456953,22.516556291390728,13.1
2ae19629-1975-13a3-e055-000000000001,"Ballina Rural, Mayo",1268.0,859.621451104101,11.829652996845425,20.50473186119874,82.01892744479495,26.025236593059937,8.2
2ae19629-1976-13a3-e055-000000000001,"Ballina Urban, Mayo",2382.0,761.5449202350966,2.938706968933669,7.556675062972292,201.09151973131821,26.86817800167926,20.1
2ae19629-197f-13a3-e055-000000000001,"Ballinafad, Mayo",254.0,862.2047244094489,0.0,11.811023622047244,114.1732283464567,11.811023622047244,11.4
2ae19629-1980-13a3-e055-000000000001,"Ballinamore, Mayo",154.0,753.2467532467533,0.0,6.493506493506494,201.2987012987013,38.96103896103896,20.1
2ae19629-1981-13a3-e055-000000000001,"Baile an Chalaidh, Maigh Eo",158.0,607.5949367088608,0.0,12.658227848101266,189.873417721519,189.873417721519,19.0
2ae19629-18ca-13a3-e055-000000000001,"Ballindine, Mayo",422.0,815.1658767772511,7.109004739336492,9.47867298578199,127.96208530805686,40.28436018957346,12.8
2ae19629-18cb-13a3-e055-000000000001,"Ballinrobe, Mayo",1905.0,795.8005249343832,4.724409448818897,7.874015748031496,151.70603674540683,39.89501312335958,15.2
2ae19629-18cc-13a3-e055-000000000001,"Ballycastle, Mayo",407.0,626.5356265356265,2.457002457002457,7.371007371007371,142.5061425061425,221.13022113022112,14.3
2ae19629-18cd-13a3-e055-000000000001,"Ballycroy North, Mayo",181.0,602.2099447513813,11.049723756906078,0.0,127.0718232044199,259.6685082872928,12.7
2ae19629-18ce-13a3-e055-000000000001,"Ballycroy South, Mayo",194.0,644.3298969072165,0.0,0.0,170.10309278350516,185.56701030927834,17.0
2ae19629-18d8-13a3-e055-000000000001,"Ballyhaunis, Mayo",1499.0,812.5416944629753,6.00400266844563,21.34756504336224,139.42628418945964,20.68045363575717,13.9
2ae19629-18d9-13a3-e055-000000000001,"Ballyhean, Mayo",251.0,844.6215139442231,3.9840637450199203,7.968127490039841,99.601593625498,43.82470119521913,10.0
2ae19629-18e5-13a3-e055-000000000001,"Ballyhowly, Mayo",231.0,787.8787878787879,8.658008658008658,8.658008658008658,151.51515151515153,43.290043290043286,15.2
2ae19629-18e6-13a3-e055-000000000001,"Ballynagoraher, Mayo",182.0,714.2857142857143,10.989010989010989,5.4945054945054945,175.82417582417582,93.4065934065934,17.6
2ae19629-18f0-13a3-e055-000000000001,"Baile Óbha, Maigh Eo",127.0,653.5433070866142,0.0,7.874015748031496,204.7244094488189,133.85826771653544,20.5
2ae19629-18f1-13a3-e055-000000000001,"Ballysakeery, Mayo",254.0,870.0787401574803,0.0,19.68503937007874,86.61417322834646,23.62204724409449,8.7
2ae19629-18fb-13a3-e055-000000000001,"Bangor, Mayo",294.0,680.2721088435374,3.401360544217687,10.204081632653061,156.4625850340136,149.65986394557822,15.6
2ae19629-18fc-13a3-e055-000000000001,"Barr Rúscaí, Maigh Eo",66.0,651.5151515151515,15.151515151515152,15.151515151515152,196.96969696969697,121.21212121212122,19.7
2ae19629-1908-13a3-e055-000000000001,"Bekan, Mayo",373.0,747.9892761394102,10.723860589812332,16.0857908847185,152.81501340482572,72.38605898123325,15.3
2ae19629-1909-13a3-e055-000000000001,"Béal Deirg Mór, Maigh Eo",96.0,604.1666666666666,10.416666666666666,0.0,135.41666666666666,250.0,13.5
2ae19629-190a-13a3-e055-000000000001,"Bellavary, Mayo",492.0,808.9430894308944,2.032520325203252,10.16260162601626,144.3089430894309,34.552845528455286,14.4
2ae19629-190b-13a3-e055-000000000001,"Béal an Mhuirthead, Maigh Eo",1069.0,753.0402245088868,12.160898035547241,3.7418147801683816,131.89897100093546,99.15809167446211,13.2
2ae19629-190c-13a3-e055-000000000001,"Bohola, Mayo",178.0,713.4831460674156,5.617977528089887,16.853932584269664,235.95505617977528,28.089887640449437,23.6
2ae19629-1914-13a3-e055-000000000001,"Brackloon, Mayo",343.0,685.131195335277,0.0,34.98542274052478,198.25072886297377,81.63265306122449,19.8
2ae19629-1915-13a3-e055-000000000001,"Breaghwy, Mayo",712.0,853.9325842696629,4.213483146067416,9.831460674157302,75.84269662921349,56.17977528089887,7.6
2ae19629-192d-13a3-e055-000000000001,"Burren, Mayo",161.0,801.2422360248447,0.0,31.055900621118013,130.43478260869566,37.267080745341616,13.0
2ae19629-192e-13a3-e055-000000000001,"Burriscarra, Mayo",206.0,805.8252427184466,4.854368932038835,14.563106796116505,101.94174757281553,72.81553398058252,10.2
2ae19629-193b-13a3-e055-000000000001,"Callow, Mayo",235.0,719.1489361702128,0.0,21.27659574468085,114.8936170212766,144.68085106382978,11.5
2ae19629-193c-13a3-e055-000000000001,"An Cheapaigh Dhuibh, Maigh Eo",196.0,704.0816326530612,5.1020408163265305,5.1020408163265305,117.34693877551021,168.3673469387755,11.7
2ae19629-1946-13a3-e055-000000000001,"Caraun, Mayo",164.0,841.4634146341463,6.097560975609756,6.097560975609756,134.14634146341464,12.195121951219512,13.4
2ae19629-1947-13a3-e055-000000000001,"Carrowmore, Mayo",388.0,832.4742268041238,2.577319587628866,7.731958762886598,110.82474226804123,46.391752577319586,11.1
2ae19629-1948-13a3-e055-000000000001,"Castlebar Rural, Mayo",3312.0,901.8719806763285,2.717391304347826,14.794685990338165,69.7463768115942,10.869565217391305,7.0
2ae19629-1949-13a3-e055-000000000001,"Castlebar Urban, Mayo",3259.0,837.6802700214789,7.671064743786438,22.3995090518564,123.04387849033446,9.205277692543724,12.3
2ae19629-194a-13a3-e055-000000000001,"Clare Island, Mayo",151.0,470.19867549668874,33.11258278145696,0.0,231.78807947019865,264.90066225165566,23.2
2ae19629-1956-13a3-e055-000000000001,"Claremorris, Mayo",2068.0,863.6363636363636,4.352030947775629,10.638297872340425,108.80077369439071,12.572533849129593,10.9
2ae19629-1957-13a3-e055-000000000001,"Clogher, Mayo, 157052",253.0,841.897233201581,0.0,11.857707509881422,126.48221343873517,19.76284584980237,12.6
2ae19629-1958-13a3-e055-000000000001,"Clogher, Mayo, 157053",380.0,857.8947368421053,7.894736842105264,23.68421052631579,71.05263157894737,39.473684210526315,7.1
2ae19629-1962-13a3-e055-000000000001,"Cloghermore, Mayo",88.0,715.909090909091,0.0,0.0,238.63636363636365,45.45454545454545,23.9
2ae19629-1963-13a3-e055-000000000001,"Cloonkeen, Mayo",341.0,862.1700879765395,2.932551319648094,14.66275659824047,102.63929618768329,17.595307917888565,10.3
2ae19629-1964-13a3-e055-000000000001,"Cloonmore, Mayo",257.0,758.7548638132296,11.673151750972762,11.673151750972762,132.295719844358,85.60311284046692,13.2
2ae19629-1965-13a3-e055-000000000001,"Cong, Mayo",438.0,742.0091324200914,4.5662100456621,9.1324200913242,143.83561643835617,100.4566210045662,14.4
2ae19629-196c-13a3-e055-000000000001,"Coolnaha, Mayo",236.0,754.2372881355932,8.474576271186441,21.1864406779661,169.4915254237288,46.610169491525426,16.9
2ae19629-196d-13a3-e055-000000000001,"Coonard, Mayo",142.0,845.0704225352113,0.0,7.042253521126761,119.71830985915493,28.169014084507044,12.0
2ae19629-196e-13a3-e055-000000000001,"Corraun, Mayo",473.0,587.737843551797,4.2283298097251585,4.2283298097251585,152.2198731501057,251.58562367864695,15.2
2ae19629-196f-13a3-e055-000000000001,"Course, Mayo",214.0,775.7009345794393,0.0,14.018691588785046,158.87850467289718,51.401869158878505,15.9
2ae19629-1977-13a3-e055-000000000001,"Croaghmoyle, Mayo",84.0,785.7142857142857,11.904761904761903,11.904761904761903,178.57142857142858,11.904761904761903,17.9
2ae19629-1978-13a3-e055-000000000001,"Croaghpatrick, Mayo",423.0,612.2931442080378,14.184397163120567,35.46099290780142,96.92671394799055,241.13475177304963,9.7
2ae19629-1979-13a3-e055-000000000001,"Crossboyne, Mayo",246.0,873.9837398373984,8.130081300813009,8.130081300813009,89.4308943089431,20.32520325203252,8.9
2ae19629-197a-13a3-e055-000000000001,"Crossmolina North, Mayo",549.0,810.5646630236795,9.107468123861567,1.8214936247723132,143.89799635701274,34.60837887067395,14.4
2ae19629-1982-13a3-e055-000000000001,"Crossmolina South, Mayo",489.0,713.7014314928425,4.08997955010225,28.629856850715747,161.55419222903885,92.02453987730061,16.2
2ae19629-1983-13a3-e055-000000000001,"Cuildoo, Mayo",208.0,701.9230769230769,4.807692307692308,14.423076923076923,149.03846153846155,129.80769230769232,14.9
2ae19629-18cf-13a3-e055-000000000001,"Culnacleha, Mayo",247.0,744.9392712550608,4.048582995951417,20.242914979757085,178.13765182186233,52.63157894736842,17.8
2ae19629-18d0-13a3-e055-000000000001,"Dalgan, Mayo",514.0,850.1945525291828,3.8910505836575875,9.72762645914397,122.568093385214,13.618677042801556,12.3
2ae19629-18d1-13a3-e055-000000000001,"Deel, Mayo",224.0,794.6428571428571,0.0,4.464285714285714,160.71428571428572,40.17857142857143,16.1
2ae19629-18d2-13a3-e055-000000000001,"Derry, Mayo",97.0,793.8144329896907,0.0,0.0,154.63917525773198,51.546391752577314,15.5
2ae19629-18d3-13a3-e055-000000000001,"Derryloughan, Mayo",358.0,779.3296089385475,13.966480446927374,13.966480446927374,69.83240223463687,122.90502793296089,7.0
2ae19629-18da-13a3-e055-000000000001,"Doocastle, Mayo",209.0,732.0574162679426,0.0,19.138755980861244,162.67942583732057,86.1244019138756,16.3
2ae19629-18db-13a3-e055-000000000001,"Dumha Éige, Maigh Eo",542.0,450.1845018450185,16.605166051660518,3.6900369003690034,95.9409594095941,433.5793357933579,9.6
2ae19629-18dc-13a3-e055-000000000001,"Drummin, Mayo",102.0,725.4901960784314,9.803921568627452,29.41176470588235,88.23529411764706,147.05882352941177,8.8
2ae19629-18e7-13a3-e055-000000000001,"Emlagh, Mayo",271.0,479.7047970479705,14.760147601476014,3.6900369003690034,99.6309963099631,402.2140221402214,10.0
2ae19629-18e8-13a3-e055-000000000001,"Erriff, Mayo",71.0,591.5492957746479,0.0,0.0,154.9295774647887,253.52112676056336,15.5
2ae19629-18e9-13a3-e055-000000000001,"Fortland, Mayo",228.0,837.7192982456141,0.0,13.157894736842104,122.80701754385964,26.31578947368421,12.3
2ae19629-18f2-13a3-e055-000000000001,"Garrymore, Mayo",225.0,786.6666666666666,8.88888888888889,0.0,155.55555555555557,48.88888888888889,15.6
2ae19629-18f3-13a3-e055-000000000001,"Gleann na Muaidhe, Maigh Eo",110.0,745.4545454545455,18.18181818181818,18.18181818181818,100.0,118.18181818181817,10.0
2ae19629-18f4-13a3-e055-000000000001,"Gleann Chaisil, Maigh Eo",272.0,713.2352941176471,11.029411764705882,11.029411764705882,136.02941176470588,128.67647058823528,13.6
2ae19629-18fe-13a3-e055-000000000001,"Glenhest, Mayo",147.0,707.4829931972789,6.802721088435374,0.0,136.0544217687075,149.65986394557822,13.6
2ae19629-18ff-13a3-e055-000000000001,"Guala Mhór, Maigh Eo",87.0,609.1954022988506,0.0,0.0,149.42528735632186,241.3793103448276,14.9
2ae19629-190d-13a3-e055-000000000001,"Hollymount, Mayo",383.0,788.5117493472585,0.0,5.221932114882507,172.3237597911227,33.942558746736296,17.2
2ae19629-190e-13a3-e055-000000000001,"Houndswood, Mayo",330.0,772.7272727272727,12.121212121212121,3.0303030303030303,106.06060606060606,106.06060606060606,10.6
2ae19629-1916-13a3-e055-000000000001,"Islandeady, Mayo",440.0,861.3636363636364,9.09090909090909,18.18181818181818,88.63636363636364,22.727272727272727,8.9
2ae19629-1917-13a3-e055-000000000001,"Kilbeagh, Mayo",599.0,724.5409015025042,10.016694490818029,18.363939899833056,181.96994991652755,65.1085141903172,18.2
2ae19629-1921-13a3-e055-000000000001,"Kilcolman, Mayo",195.0,815.3846153846154,0.0,15.384615384615385,107.6923076923077,61.53846153846154,10.8
2ae19629-1922-13a3-e055-000000000001,"Kilcommon, Mayo",325.0,790.7692307692308,3.076923076923077,6.153846153846154,166.15384615384616,33.84615384615385,16.6
2ae19629-1923-13a3-e055-000000000001,"Kilfian East, Mayo",113.0,778.7610619469026,0.0,8.849557522123893,159.2920353982301,53.097345132743364,15.9
2ae19629-1924-13a3-e055-000000000001,"Kilfian South, Mayo",128.0,718.75,0.0,7.8125,242.1875,31.25,24.2
2ae19629-192f-13a3-e055-000000000001,"Kilfian West, Mayo",66.0,757.5757575757576,0.0,0.0,227.27272727272725,15.151515151515152,22.7
2ae19629-1930-13a3-e055-000000000001,"Kilgarvan, Mayo",407.0,791.1547911547912,7.371007371007371,7.371007371007371,147.42014742014743,46.68304668304668,14.7
2ae19629-193d-13a3-e055-000000000001,"Kilgeever, Mayo",62.0,677.4193548387096,32.25806451612903,0.0,145.16129032258067,145.16129032258067,14.5
2ae19629-193e-13a3-e055-000000000001,"Kilkelly, Mayo",569.0,669.5957820738138,5.272407732864675,22.847100175746927,205.6239015817223,96.66080843585237,20.6
2ae19629-193f-13a3-e055-000000000001,"Killala, Mayo",702.0,726.4957264957264,5.698005698005698,12.82051282051282,159.54415954415956,95.44159544159544,16.0
2ae19629-194b-13a3-e055-000000000001,"Killavally, Mayo",214.0,845.7943925233645,0.0,9.345794392523365,130.8411214953271,14.018691588785046,13.1
2ae19629-194c-13a3-e055-000000000001,"Killedan, Mayo",355.0,760.5633802816901,0.0,16.901408450704224,154.9295774647887,67.6056338028169,15.5
2ae19629-1959-13a3-e055-000000000001,"Kilmaclasser, Mayo",256.0,886.71875,3.90625,11.71875,58.59375,39.0625,5.9
2ae19629-195a-13a3-e055-000000000001,"Kilmaine, Mayo",470.0,797.8723404255319,0.0,2.127659574468085,172.3404255319149,27.659574468085104,17.2
2ae19629-195b-13a3-e055-000000000001,"Kilmeena, Mayo",736.0,756.7934782608695,13.58695652173913,14.945652173913045,67.93478260869564,146.73913043478262,6.8
2ae19629-1966-13a3-e055-000000000001,"Kilmovee, Mayo",372.0,712.3655913978495,8.064516129032258,43.01075268817205,158.6021505376344,77.95698924731182,15.9
2ae19629-1967-13a3-e055-000000000001,"Kilsallagh, Mayo",354.0,610.1694915254237,19.77401129943503,16.949152542372882,70.62146892655367,282.4858757062147,7.1
2ae19629-1970-13a3-e055-000000000001,"Kiltamagh, Mayo",883.0,780.2944507361268,1.1325028312570782,20.385050962627407,156.28539071347677,41.90260475651189,15.6
2ae19629-1971-13a3-e055-000000000001,"Kilvine, Mayo",340.0,764.7058823529411,2.941176470588235,35.294117647058826,132.35294117647058,64.70588235294119,13.2
2ae19629-197b-13a3-e055-000000000001,"Knappagh, Mayo",363.0,823.6914600550964,2.7548209366391188,16.528925619834713,79.88980716253444,77.13498622589532,8.0
2ae19629-197c-13a3-e055-000000000001,"Knock North, Mayo",559.0,754.9194991055456,5.366726296958855,21.46690518783542,153.84615384615387,64.40071556350627,15.4
2ae19629-1984-13a3-e055-000000000001,"Knock South, Mayo",462.0,694.8051948051948,10.822510822510822,25.974025974025977,218.6147186147186,49.78354978354978,21.9
2ae19629-1985-13a3-e055-000000000001,"Cnoc an Daimh, Maigh Eo",177.0,711.864406779661,5.649717514124294,0.0,152.54237288135593,129.94350282485874,15.3
2ae19629-1986-13a3-e055-000000000001,"Cnoc na Lobhar, Maigh Eo",425.0,689.4117647058824,4.705882352941176,14.11764705882353,190.58823529411765,101.1764705882353,19.1
2ae19629-18c5-13a3-e055-000000000001,"Lackan North, Mayo",225.0,613.3333333333333,8.88888888888889,0.0,137.77777777777777,240.0,13.8
2ae19629-18c6-13a3-e055-000000000001,"Lackan South, Mayo",273.0,663.003663003663,7.326007326007326,3.663003663003663,150.1831501831502,175.82417582417582,15.0
2ae19629-18d4-13a3-e055-000000000001,"Letterbrick, Mayo",73.0,657.5342465753424,0.0,0.0,273.972602739726,68.4931506849315,27.4
2ae19629-18d5-13a3-e055-000000000001,"Loughanboy, Mayo",191.0,685.8638743455498,0.0,10.471204188481677,225.13089005235602,78.53403141361257,22.5
2ae19629-182d-13a3-e055-000000000001,"Louisburgh, Mayo",805.0,554.0372670807453,11.180124223602485,6.211180124223602,89.44099378881988,339.1304347826087,8.9
2ae19629-182e-13a3-e055-000000000001,"Manulla, Mayo",405.0,861.7283950617284,2.4691358024691357,14.814814814814815,96.29629629629629,24.691358024691358,9.6
2ae19629-1838-13a3-e055-000000000001,"Mayo, Mayo",209.0,803.8277511961722,0.0,4.784688995215311,143.54066985645932,47.84688995215311,14.4
2ae19629-1839-13a3-e055-000000000001,"Meelick, Mayo",298.0,697.9865771812081,6.7114093959731544,20.13422818791946,204.6979865771812,70.46979865771812,20.5
2ae19629-1844-13a3-e055-000000000001,"Mount Falcon, Mayo",587.0,783.6456558773425,5.110732538330494,11.92504258943782,161.83986371379896,37.47870528109029,16.2
2ae19629-1845-13a3-e055-000000000001,"Moing na Bó, Maigh Eo",157.0,687.8980891719744,0.0,6.369426751592357,159.2356687898089,146.4968152866242,15.9
2ae19629-1846-13a3-e055-000000000001,"Na Monga, Maigh Eo",132.0,689.3939393939395,0.0,15.151515151515152,151.51515151515153,143.93939393939394,15.2
2ae19629-1850-13a3-e055-000000000001,"Murneen, Mayo",203.0,733.9901477832512,4.926108374384237,9.852216748768473,197.04433497536948,54.187192118226605,19.7
2ae19629-1851-13a3-e055-000000000001,"Neale, Mayo",373.0,796.2466487935657,13.404825737265416,2.680965147453083,150.13404825737265,37.533512064343164,15.0
2ae19629-185b-13a3-e055-000000000001,"Newbrook, Mayo",254.0,791.3385826771654,3.937007874015748,15.748031496062993,118.11023622047244,70.86614173228347,11.8
2ae19629-185c-13a3-e055-000000000001,"Newport East, Mayo",645.0,798.4496124031008,1.550387596899225,10.852713178294573,96.12403100775194,93.02325581395348,9.6
2ae19629-185d-13a3-e055-000000000001,"Newport West, Mayo",533.0,544.0900562851782,24.390243902439025,5.628517823639775,114.44652908067542,311.44465290806755,11.4
2ae19629-185e-13a3-e055-000000000001,"Abhainn Bhrain, Maigh Eo",194.0,500.0,20.61855670103093,0.0,201.03092783505156,278.35051546391753,20.1
7d09d455-0fac-4a81-a63b-1b8dbe0d62b1,"Owennadornaun/Bundorragha, Mayo",75.0,653.3333333333334,53.333333333333336,0.0,120.0,173.33333333333334,12.0
2ae19629-1868-13a3-e055-000000000001,"Pontoon, Mayo",255.0,705.8823529411765,3.9215686274509802,15.686274509803921,156.86274509803923,117.6470588235294,15.7
2ae19629-1869-13a3-e055-000000000001,"Partraí, Maigh Eo",279.0,784.9462365591397,14.336917562724015,17.921146953405017,89.60573476702508,93.1899641577061,9.0
2ae19629-186a-13a3-e055-000000000001,"Cnoc na Ráithe, Maigh Eo",505.0,562.3762376237624,7.920792079207921,7.920792079207921,128.7128712871287,293.0693069306931,12.9
2ae19629-1875-13a3-e055-000000000001,"Rathoma, Mayo",105.0,809.5238095238095,19.04761904761905,19.04761904761905,123.80952380952381,28.57142857142857,12.4
2ae19629-1876-13a3-e055-000000000001,"Roslee, Mayo",184.0,831.5217391304349,0.0,21.73913043478261,130.43478260869566,16.304347826086957,13.0
2ae19629-1877-13a3-e055-000000000001,"Sallymount, Mayo",235.0,727.6595744680851,0.0,21.27659574468085,217.0212765957447,34.04255319148936,21.7
396b71f0-9c69-422b-84df-e2ec984a6b49,"Sheskin/Bunaveela/Glenco, Mayo",102.0,686.2745098039215,0.0,9.803921568627452,225.49019607843138,78.43137254901961,22.5
2ae19629-1881-13a3-e055-000000000001,"Shrule, Mayo",521.0,804.2226487523992,5.758157389635317,5.758157389635317,115.16314779270634,69.0978886756238,11.5
2ae19629-188b-13a3-e055-000000000001,"Slievemahanagh, Mayo",206.0,815.5339805825242,0.0,14.563106796116505,101.94174757281553,67.96116504854369,10.2
2ae19629-188c-13a3-e055-000000000001,"Slievemore, Mayo",1083.0,386.8882733148661,20.313942751615883,12.927054478301015,81.25577100646353,498.6149584487535,8.1
2ae19629-188d-13a3-e055-000000000001,"Sonnagh, Mayo",607.0,746.2932454695223,0.0,28.00658978583196,168.03953871499178,57.66062602965403,16.8
2ae19629-188e-13a3-e055-000000000001,"Sraheen, Mayo",617.0,781.1993517017828,6.482982171799027,32.414910858995135,92.38249594813615,87.52025931928688,9.2
2ae19629-1898-13a3-e055-000000000001,"Srahmore, Mayo",87.0,701.1494252873564,11.494252873563218,0.0,114.94252873563218,172.41379310344828,11.5
2ae19629-1899-13a3-e055-000000000001,"Strade, Mayo",310.0,764.516129032258,9.67741935483871,6.451612903225806,164.51612903225808,54.83870967741936,16.5
2ae19629-189a-13a3-e055-000000000001,"Swineford, Mayo",1488.0,712.3655913978495,4.032258064516129,12.096774193548386,201.61290322580643,69.89247311827957,20.2
2ae19629-189b-13a3-e055-000000000001,"Tagheen, Mayo",89.0,764.0449438202247,0.0,11.235955056179774,202.24719101123594,22.47191011235955,20.2
2ae19629-18a3-13a3-e055-000000000001,"Tamhnaigh na Graí, Maigh Eo",182.0,741.7582417582418,16.483516483516485,21.978021978021978,131.86813186813188,87.91208791208791,13.2
2ae19629-18a4-13a3-e055-000000000001,"Toocananagh, Mayo",223.0,762.3318385650224,8.968609865470851,13.45291479820628,161.43497757847533,53.81165919282512,16.1
2ae19629-18a5-13a3-e055-000000000001,"Toomore, Mayo",951.0,743.4279705573082,7.360672975814932,11.566771819137749,165.0893796004206,72.55520504731862,16.5
2ae19629-18af-13a3-e055-000000000001,"Tumgesh, Mayo",200.0,670.0,5.0,40.0,115.0,170.0,11.5
2ae19629-18b0-13a3-e055-000000000001,"Turlough, Mayo",605.0,876.0330578512396,3.3057851239669422,11.570247933884296,87.60330578512398,21.487603305785125,8.8
2ae19629-18b1-13a3-e055-000000000001,"Urlaur, Mayo",335.0,668.6567164179105,5.970149253731344,14.925373134328359,202.98507462686567,107.46268656716418,20.3
2ae19629-18ba-13a3-e055-000000000001,"Westport Rural, Mayo",769.0,803.6410923276983,7.802340702210663,13.003901170351105,91.02730819245774,84.52535760728217,9.1
2ae19629-18bb-13a3-e055-000000000001,"Westport Urban, Mayo",2975.0,768.0672268907564,7.058823529411765,23.865546218487395,101.1764705882353,99.83193277310924,10.1
2ae19629-1a86-13a3-e055-000000000001,"Aghafin, Roscommon",72.0,722.2222222222222,0.0,13.888888888888888,208.33333333333334,55.55555555555555,20.8
2ae19629-1a92-13a3-e055-000000000001,"Annaghmore, Roscommon",155.0,800.0,0.0,19.35483870967742,154.83870967741936,25.806451612903224,15.5
2ae19629-1a93-13a3-e055-000000000001,"Artagh North, Roscommon",451.0,740.5764966740577,4.434589800443459,11.086474501108649,177.38359201773838,66.51884700665188,17.7
2ae19629-1a9c-13a3-e055-000000000001,"Artagh South, Roscommon",240.0,729.1666666666666,0.0,4.166666666666667,191.66666666666669,75.0,19.2
2ae19629-1a9d-13a3-e055-000000000001,"Athleague East, Roscommon",215.0,855.8139534883721,0.0,0.0,125.58139534883722,18.6046511627907,12.6
2ae19629-1aa7-13a3-e055-000000000001,"Athleague West, Roscommon",289.0,847.7508650519031,3.4602076124567476,0.0,117.6470588235294,31.141868512110726,11.8
2ae19629-1aa8-13a3-e055-000000000001,"Athlone West Rural, Roscommon",1942.0,941.29763130793,2.059732234809475,10.298661174047375,43.76930998970134,2.5746652935118437,4.4
2ae19629-1aa9-13a3-e055-000000000001,"Aughrim East, Roscommon",116.0,741.3793103448277,8.620689655172413,17.241379310344826,181.0344827586207,51.724137931034484,18.1
2ae19629-1ab2-13a3-e055-000000000001,"Aughrim West, Roscommon",93.0,784.9462365591397,0.0,0.0,161.29032258064515,53.763440860215056,16.1
2ae19629-1ab3-13a3-e055-000000000001,"Ballaghaderreen, Roscommon",1691.0,719.692489651094,5.913660555884093,22.47191011235955,209.34358367829685,42.57835600236547,20.9
2ae19629-1abc-13a3-e055-000000000001,"Ballinlough, Roscommon",617.0,752.0259319286872,3.2414910858995136,12.965964343598054,163.69529983792543,68.07131280388978,16.4
2ae19629-1abd-13a3-e055-000000000001,"Ballintober, Roscommon",419.0,756.563245823389,4.773269689737471,7.159904534606206,188.54415274463008,42.959427207637226,18.9
2ae19629-1ac9-13a3-e055-000000000001,"Ballydangan, Roscommon",290.0,896.551724137931,0.0,10.344827586206897,86.20689655172414,6.896551724137931,8.6
2ae19629-1aca-13a3-e055-000000000001,"Ballyfarnan, Roscommon",140.0,814.2857142857143,7.142857142857142,7.142857142857142,150.0,21.428571428571427,15.0
2ae19629-1acb-13a3-e055-000000000001,"Ballyformoyle, Roscommon",97.0,742.2680412371134,10.309278350515465,10.309278350515465,30.927835051546392,206.18556701030926,3.1
2ae19629-1ad5-13a3-e055-000000000001,"Ballygarden, Roscommon",106.0,764.1509433962265,0.0,28.30188679245283,113.20754716981132,94.33962264150944,11.3
2ae19629-1ad6-13a3-e055-000000000001,"Ballynamona, Roscommon",200.0,885.0,0.0,0.0,105.0,10.0,10.5
2ae19629-1ad7-13a3-e055-000000000001,"Baslick, Roscommon",74.0,743.2432432432432,0.0,27.027027027027028,175.67567567567568,54.054054054054056,17.6
2ae19629-1ae2-13a3-e055-000000000001,"Bellanagare, Roscommon",376.0,742.0212765957447,5.319148936170213,13.297872340425531,172.87234042553192,66.48936170212765,17.3
2ae19629-1ae3-13a3-e055-000000000001,"Boyle Rural, Roscommon",752.0,851.063829787234,3.9893617021276593,15.957446808510637,103.72340425531915,25.26595744680851,10.4
2ae19629-1ae4-13a3-e055-000000000001,"Boyle Urban, Roscommon",933.0,754.5551982851018,1.0718113612004287,18.220793140407288,207.9314040728832,18.220793140407288,20.8
2ae19629-1ae5-13a3-e055-000000000001,"Breedoge, Roscommon",130.0,746.1538461538462,0.0,30.76923076923077,161.53846153846155,61.53846153846154,16.2
2ae19629-1aef-13a3-e055-000000000001,"Buckill, Roscommon",201.0,731.3432835820895,4.975124378109452,0.0,174.12935323383087,89.55223880597015,17.4
2ae19629-1af0-13a3-e055-000000000001,"Bumlin, Roscommon",227.0,859.0308370044053,0.0,4.405286343612335,110.13215859030836,26.431718061674008,11.0
2ae19629-1af1-13a3-e055-000000000001,"Caltragh, Roscommon",100.0,910.0,0.0,0.0,80.0,10.0,8.0
2ae19629-1afc-13a3-e055-000000000001,"Cams, Roscommon",188.0,872.3404255319149,5.319148936170213,5.319148936170213,95.74468085106383,21.27659574468085,9.6
2ae19629-1afd-13a3-e055-000000000001,"Carnagh, Roscommon",308.0,899.3506493506493,3.246753246753247,6.493506493506494,71.42857142857143,19.48051948051948,7.1
2ae19629-1afe-13a3-e055-000000000001,"Carrowduff, Roscommon",110.0,727.2727272727273,0.0,18.18181818181818,163.63636363636363,90.9090909090909,16.4
2ae19629-1a39-13a3-e055-000000000001,"Carrowreagh, Roscommon",214.0,869.1588785046729,0.0,9.345794392523365,116.82242990654206,4.672897196261682,11.7
2ae19629-1a3a-13a3-e055-000000000001,"Castleplunket, Roscommon",270.0,766.6666666666667,3.7037037037037037,0.0,192.59259259259258,37.03703703703704,19.3
2ae19629-1a3b-13a3-e055-000000000001,"Castlereagh, Roscommon",1564.0,792.8388746803068,1.9181585677749362,6.39386189258312,187.34015345268543,11.508951406649617,18.7
2ae19629-1a47-13a3-e055-000000000001,"Castlesampson, Roscommon",158.0,873.4177215189874,0.0,6.329113924050633,94.9367088607595,25.31645569620253,9.5
2ae19629-1a48-13a3-e055-000000000001,"Castleteheen, Roscommon",167.0,778.4431137724551,5.9880239520958085,5.9880239520958085,167.6646706586826,41.91616766467065,16.8
2ae19629-1a49-13a3-e055-000000000001,"Cloonburren, Roscommon",88.0,852.2727272727273,0.0,0.0,113.63636363636363,34.090909090909086,11.4
2ae19629-1a4a-13a3-e055-000000000001,"Cloonfinlough, Roscommon",102.0,754.9019607843137,0.0,29.41176470588235,176.47058823529412,39.21568627450981,17.6
2ae19629-19a1-13a3-e055-000000000001,"Cloonfower, Roscommon",186.0,736.5591397849463,0.0,5.376344086021506,198.92473118279568,59.13978494623656,19.9
2ae19629-19a2-13a3-e055-000000000001,"Cloonown, Roscommon",104.0,913.4615384615385,0.0,0.0,67.3076923076923,19.230769230769234,6.7
2ae19629-19a3-13a3-e055-000000000001,"Cloonteen, Roscommon",154.0,792.2077922077923,6.493506493506494,6.493506493506494,84.41558441558442,110.38961038961038,8.4
2ae19629-19ae-13a3-e055-000000000001,"Cloontuskert, Roscommon",639.0,801.2519561815336,7.82472613458529,15.64945226917058,107.98122065727699,67.2926447574335,10.8
2ae19629-19af-13a3-e055-000000000001,"Cloonygormican, Roscommon",202.0,816.8316831683168,0.0,9.900990099009901,103.96039603960395,69.30693069306932,10.4
2ae19629-19b0-13a3-e055-000000000001,"Cloonyquin, Roscommon",139.0,683.4532374100719,7.194244604316547,14.388489208633095,251.79856115107913,43.16546762589928,25.2
2ae19629-19ba-13a3-e055-000000000001,"Coolougher, Roscommon",258.0,755.8139534883721,0.0,7.751937984496124,178.29457364341087,58.13953488372093,17.8
2ae19629-19bb-13a3-e055-000000000001,"Crannagh, Roscommon",422.0,940.7582938388625,7.109004739336492,9.47867298578199,37.91469194312796,4.739336492890995,3.8
2ae19629-19c6-13a3-e055-000000000001,"Creagh, Roscommon",413.0,888.6198547215496,4.842615012106537,12.106537530266344,84.7457627118644,9.685230024213075,8.5
2ae19629-19c7-13a3-e055-000000000001,"Creeve, Roscommon, 197046",75.0,720.0,0.0,13.333333333333334,200.0,66.66666666666667,20.0
2ae19629-19c8-13a3-e055-000000000001,"Creeve, Roscommon, 197047",88.0,693.1818181818182,22.727272727272727,11.363636363636363,204.54545454545456,68.18181818181817,20.5
2ae19629-19d1-13a3-e055-000000000001,"Cregga, Roscommon",73.0,808.2191780821918,0.0,13.698630136986301,136.986301369863,41.0958904109589,13.7
2ae19629-19d2-13a3-e055-000000000001,"Croghan, Roscommon",191.0,795.8115183246073,5.235602094240838,10.471204188481677,130.89005235602093,57.59162303664921,13.1
2ae19629-19d3-13a3-e055-000000000001,"Crossna, Roscommon",133.0,616.5413533834586,7.518796992481203,7.518796992481203,75.18796992481202,293.2330827067669,7.5
2ae19629-19dc-13a3-e055-000000000001,"Culliagh, Roscommon",89.0,853.9325842696629,11.235955056179774,33.70786516853933,89.8876404494382,11.235955056179774,9.0
2ae19629-19dd-13a3-e055-000000000001,"Danesfort, Roscommon",531.0,711.864406779661,5.649717514124294,22.598870056497177,167.60828625235405,92.27871939736347,16.8
2ae19629-19de-13a3-e055-000000000001,"Drumdaff, Roscommon",210.0,871.4285714285714,4.761904761904763,9.523809523809526,114.28571428571428,0.0,11.4
2ae19629-19df-13a3-e055-000000000001,"Drumlosh, Roscommon",140.0,864.2857142857143,0.0,7.142857142857142,121.42857142857143,7.142857142857142,12.1
2ae19629-19e7-13a3-e055-000000000001,"Dunamon, Roscommon",146.0,835.6164383561644,0.0,0.0,130.13698630136986,34.24657534246575,13.0
2ae19629-19e8-13a3-e055-000000000001,"Dysart, Roscommon",118.0,813.5593220338984,8.474576271186441,8.474576271186441,152.54237288135593,16.949152542372882,15.3
2ae19629-19f3-13a3-e055-000000000001,"Edmondstown, Roscommon",230.0,773.9130434782609,4.3478260869565215,26.08695652173913,147.82608695652175,47.82608695652174,14.8
2ae19629-19f4-13a3-e055-000000000001,"Elia, Roscommon",69.0,753.6231884057971,0.0,28.985507246376812,202.8985507246377,14.492753623188406,20.3
2ae19629-19f5-13a3-e055-000000000001,"Elphin, Roscommon",495.0,749.4949494949495,2.0202020202020203,20.202020202020204,208.08080808080808,20.202020202020204,20.8
2ae19629-1a00-13a3-e055-000000000001,"Estersnow, Roscommon",67.0,582.0895522388059,0.0,29.850746268656717,343.2835820895522,44.776119402985074,34.3
2ae19629-1a01-13a3-e055-000000000001,"Fairymount, Roscommon",181.0,740.3314917127071,5.524861878453039,5.524861878453039,132.5966850828729,116.02209944751381,13.3
2ae19629-1a02-13a3-e055-000000000001,"Frenchpark, Roscommon",510.0,764.7058823529411,3.9215686274509802,23.52941176470588,162.7450980392157,45.09803921568627,16.3
2ae19629-1a03-13a3-e055-000000000001,"Fuerty, Roscommon",331.0,854.9848942598187,6.042296072507553,0.0,75.52870090634441,63.4441087613293,7.6
2ae19629-1a0d-13a3-e055-000000000001,"Keadew, Roscommon",281.0,669.0391459074733,10.676156583629894,14.234875444839856,174.37722419928826,131.67259786476868,17.4
2ae19629-1a0e-13a3-e055-000000000001,"Kilbride North, Roscommon",188.0,835.1063829787234,0.0,21.27659574468085,117.02127659574468,26.595744680851062,11.7
2ae19629-1a0f-13a3-e055-000000000001,"Kilbride South, Roscommon",173.0,832.3699421965318,0.0,5.780346820809248,138.72832369942196,23.12138728323699,13.9
2ae19629-1a16-13a3-e055-000000000001,"Kilbryan, Roscommon",217.0,663.594470046083,4.608294930875576,4.608294930875576,105.99078341013825,221.19815668202767,10.6
2ae19629-1a17-13a3-e055-000000000001,"Kilcar, Roscommon",151.0,894.0397350993378,0.0,0.0,79.47019867549669,26.490066225165563,7.9
2ae19629-1a23-13a3-e055-000000000001,"Kilgefin, Roscommon",151.0,788.0794701986755,0.0,13.245033112582782,185.43046357615896,13.245033112582782,18.5
2ae19629-1a24-13a3-e055-000000000001,"Kilglass North, Roscommon",261.0,762.4521072796935,3.8314176245210727,22.988505747126435,76.62835249042145,134.09961685823754,7.7
2ae19629-1a25-13a3-e055-000000000001,"Kilglass South, Roscommon",161.0,844.72049689441,0.0,12.422360248447204,68.32298136645963,74.53416149068323,6.8
2ae19629-1a2e-13a3-e055-000000000001,"Killavackan, Roscommon",105.0,847.6190476190476,0.0,19.04761904761905,76.1904761904762,57.14285714285714,7.6
2ae19629-1a2f-13a3-e055-000000000001,"Killukin, Roscommon, 197074",128.0,773.4375,0.0,23.4375,125.0,78.125,12.5
2ae19629-1a30-13a3-e055-000000000001,"Killukin, Roscommon, 197075",103.0,728.1553398058253,0.0,9.70873786407767,242.71844660194176,19.41747572815534,24.3
2ae19629-1a31-13a3-e055-000000000001,"Killummod, Roscommon",68.0,794.1176470588235,0.0,0.0,176.47058823529412,29.41176470588235,17.6
2ae19629-1990-13a3-e055-000000000001,"Kilmacumsy/Kilcolagh, Roscommon",269.0,721.1895910780669,0.0,14.869888475836431,171.00371747211895,92.93680297397769,17.1
2ae19629-1991-13a3-e055-000000000001,"Kilmore, Roscommon",99.0,696.969696969697,10.101010101010102,30.303030303030305,121.21212121212122,141.4141414141414,12.1
2ae19629-1992-13a3-e055-000000000001,"Kilteevan, Roscommon",228.0,807.0175438596491,4.385964912280701,8.771929824561402,118.42105263157895,61.40350877192982,11.8
2ae19629-199a-13a3-e055-000000000001,"Kiltoom, Roscommon",598.0,891.3043478260869,0.0,15.050167224080267,71.90635451505015,21.73913043478261,7.2
2ae19629-199b-13a3-e055-000000000001,"Kiltullagh, Roscommon",598.0,765.886287625418,0.0,26.755852842809364,148.8294314381271,58.52842809364549,14.9
2ae19629-199c-13a3-e055-000000000001,"Lackan, Roscommon",152.0,828.9473684210526,6.578947368421052,0.0,138.1578947368421,26.31578947368421,13.8
2ae19629-19a4-13a3-e055-000000000001,"Lecarrow, Roscommon",139.0,884.8920863309353,0.0,7.194244604316547,100.71942446043165,7.194244604316547,10.1
869b3460-81b8-43ea-b965-9e0df9601878,"Lisgarve/Mantua, Roscommon",132.0,621.2121212121212,0.0,7.575757575757576,242.42424242424244,128.78787878787878,24.2
2ae19629-19a6-13a3-e055-000000000001,"Lismaha, Roscommon",177.0,807.909604519774,5.649717514124294,16.949152542372882,124.29378531073446,45.19774011299435,12.4
2ae19629-19a7-13a3-e055-000000000001,"Lissonuffy, Roscommon",83.0,771.0843373493976,24.096385542168676,0.0,156.6265060240964,48.19277108433735,15.7
922546d5-3ff0-4121-bfc2-ddab853e004a,"Lough Allen/Altagowlan, Roscommon",178.0,730.3370786516854,5.617977528089887,11.235955056179774,162.92134831460675,89.8876404494382,16.3
2ae19629-19b2-13a3-e055-000000000001,"Loughglinn, Roscommon",436.0,752.2935779816514,4.587155963302752,4.587155963302752,174.3119266055046,64.22018348623854,17.4
2ae19629-19bc-13a3-e055-000000000001,"Moore, Roscommon",131.0,862.5954198473282,7.633587786259541,7.633587786259541,114.50381679389312,7.633587786259541,11.5
2ae19629-19bd-13a3-e055-000000000001,"Mote, Roscommon",406.0,849.7536945812808,0.0,12.315270935960593,100.98522167487685,36.94581280788178,10.1
2ae19629-19be-13a3-e055-000000000001,"Oakport, Roscommon",264.0,750.0,3.787878787878788,34.090909090909086,136.36363636363635,75.75757575757576,13.6
2ae19629-19bf-13a3-e055-000000000001,"Ogulla, Roscommon",202.0,797.0297029702971,4.9504950495049505,19.801980198019802,143.56435643564356,34.65346534653466,14.4
2ae19629-19c9-13a3-e055-000000000001,"Rockhill, Roscommon",173.0,849.7109826589596,11.560693641618496,17.341040462427745,109.82658959537572,11.560693641618496,11.0
2ae19629-19ca-13a3-e055-000000000001,"Rockingham, Roscommon",182.0,736.2637362637363,10.989010989010989,16.483516483516485,153.84615384615387,82.41758241758242,15.4
2ae19629-19cb-13a3-e055-000000000001,"Roosky, Roscommon",401.0,750.6234413965087,4.987531172069826,19.950124688279303,201.99501246882792,22.443890274314214,20.2
2ae19629-19d4-13a3-e055-000000000001,"Roscommon Rural, Roscommon",2081.0,903.8923594425758,2.883229216722729,13.455069678039404,64.39211917347428,15.377222489187892,6.4
2ae19629-19d5-13a3-e055-000000000001,"Roscommon Urban, Roscommon",971.0,841.4006179196705,6.179196704428424,13.388259526261585,126.6735324407827,12.358393408856848,12.7
2ae19629-19d6-13a3-e055-000000000001,"Rosmoylan, Roscommon",86.0,790.6976744186046,11.627906976744185,23.25581395348837,151.1627906976744,23.25581395348837,15.1
2ae19629-19d7-13a3-e055-000000000001,"Rossmore, Roscommon",83.0,698.7951807228916,12.048192771084338,12.048192771084338,204.81927710843374,72.28915662650603,20.5
2ae19629-19e0-13a3-e055-000000000001,"Rushfield, Roscommon",188.0,803.1914893617021,0.0,5.319148936170213,164.89361702127658,26.595744680851062,16.5
2ae19629-19e1-13a3-e055-000000000001,"Scregg, Roscommon",232.0,866.3793103448277,0.0,17.241379310344826,94.82758620689654,21.551724137931036,9.5
2ae19629-19e2-13a3-e055-000000000001,"Strokestown, Roscommon",659.0,802.731411229135,7.587253414264037,13.657056145675266,145.6752655538695,30.349013657056148,14.6
2ae19629-19e9-13a3-e055-000000000001,"Taghboy, Roscommon",216.0,819.4444444444445,4.62962962962963,13.888888888888888,143.5185185185185,18.51851851851852,14.4
2ae19629-19ea-13a3-e055-000000000001,"Taghmaconnell, Roscommon",123.0,861.7886178861789,0.0,16.260162601626018,89.4308943089431,32.520325203252035,8.9
2ae19629-19eb-13a3-e055-000000000001,"Termonbarry, Roscommon",440.0,818.1818181818182,18.18181818181818,15.909090909090908,84.0909090909091,63.63636363636363,8.4
2ae19629-19ec-13a3-e055-000000000001,"Thomastown, Roscommon",292.0,900.6849315068494,0.0,6.8493150684931505,68.4931506849315,23.972602739726025,6.8
2ae19629-19f6-13a3-e055-000000000001,"Tivannagh, Roscommon",127.0,811.0236220472441,7.874015748031496,31.496062992125985,102.36220472440945,47.24409448818898,10.2
2ae19629-19f7-13a3-e055-000000000001,"Tulsk, Roscommon",143.0,804.1958041958042,6.993006993006993,48.95104895104895,132.86713286713285,6.993006993006993,13.3
2ae19629-19f8-13a3-e055-000000000001,"Tumna North, Roscommon",94.0,755.3191489361702,10.638297872340425,10.638297872340425,138.29787234042553,85.1063829787234,13.8
2ae19629-1a04-13a3-e055-000000000001,"Tumna South, Roscommon",131.0,679.3893129770993,0.0,15.267175572519083,145.03816793893128,160.30534351145036,14.5
2ae19629-1a05-13a3-e055-000000000001,"Turrock, Roscommon",139.0,812.9496402877699,7.194244604316547,7.194244604316547,129.49640287769785,43.16546762589928,12.9
2ae19629-1a06-13a3-e055-000000000001,"Achonry East, Sligo",248.0,774.1935483870967,0.0,12.096774193548386,133.06451612903226,80.64516129032258,13.3
2ae19629-1a07-13a3-e055-000000000001,"Achonry West, Sligo",417.0,741.0071942446043,4.796163069544364,4.796163069544364,199.04076738609115,50.35971223021583,19.9
2ae19629-1a10-13a3-e055-000000000001,"Aclare, Sligo",161.0,645.9627329192547,0.0,18.633540372670808,242.2360248447205,93.16770186335403,24.2
2ae19629-1a11-13a3-e055-000000000001,"Aghanagh, Sligo",185.0,772.9729729729729,5.405405405405405,5.405405405405405,113.51351351351352,102.70270270270271,11.4
2ae19629-1a19-13a3-e055-000000000001,"Annagh, Sligo",92.0,804.3478260869565,21.73913043478261,10.869565217391305,130.43478260869566,32.608695652173914,13.0
2ae19629-1a1a-13a3-e055-000000000001,"Aughris, Sligo",102.0,696.078431372549,9.803921568627452,9.803921568627452,127.45098039215685,156.86274509803923,12.7
2ae19629-1a1b-13a3-e055-000000000001,"Ballintogher East, Sligo",264.0,909.090909090909,3.787878787878788,7.575757575757576,64.39393939393939,15.151515151515152,6.4
2ae19629-1a26-13a3-e055-000000000001,"Ballintogher West, Sligo",182.0,813.1868131868132,10.989010989010989,10.989010989010989,131.86813186813188,32.96703296703297,13.2
2ae19629-1a27-13a3-e055-000000000001,"Ballymote, Sligo",1156.0,801.038062283737,0.8650519031141869,14.705882352941176,152.2491349480969,31.141868512110726,15.2
2ae19629-1a28-13a3-e055-000000000001,"Ballynakill, Sligo",194.0,835.0515463917526,0.0,10.309278350515465,113.4020618556701,41.23711340206186,11.3
2ae19629-1a32-13a3-e055-000000000001,"Ballynashee, Sligo",183.0,808.7431693989071,0.0,5.46448087431694,103.82513661202186,81.96721311475409,10.4
2ae19629-1a33-13a3-e055-000000000001,"Ballysadare East, Sligo",636.0,893.0817610062893,4.716981132075471,15.723270440251572,61.320754716981135,25.157232704402517,6.1
2ae19629-1a34-13a3-e055-000000000001,"Ballysadare West, Sligo",157.0,834.3949044585987,0.0,6.369426751592357,114.64968152866243,44.58598726114649,11.5
2ae19629-1987-13a3-e055-000000000001,"Banada, Sligo",314.0,754.7770700636943,6.369426751592357,3.1847133757961785,149.6815286624204,85.9872611464968,15.0
2ae19629-19b5-13a3-e055-000000000001,"Branchfield/Carrownaskeagh, Sligo",77.0,805.1948051948052,0.0,0.0,155.84415584415584,38.96103896103896,15.6
2ae19629-1989-13a3-e055-000000000001,"Breencorragh, Sligo",65.0,723.0769230769231,15.384615384615385,0.0,153.84615384615387,107.6923076923077,15.4
2ae19629-198a-13a3-e055-000000000001,"Bricklieve, Sligo",105.0,809.5238095238095,9.523809523809526,19.04761904761905,142.85714285714286,19.04761904761905,14.3
2ae19629-19a8-13a3-e055-000000000001,"Buncrowey, Sligo",170.0,723.5294117647059,0.0,11.76470588235294,229.41176470588235,35.294117647058826,22.9
2ae19629-19a9-13a3-e055-000000000001,"Calry, Sligo",788.0,826.1421319796955,38.07106598984772,38.07106598984772,78.68020304568527,19.03553299492386,7.9
2ae19629-19aa-13a3-e055-000000000001,"Carney, Sligo",288.0,850.6944444444445,10.416666666666666,20.833333333333332,86.80555555555556,31.25,8.7
2ae19629-19b4-13a3-e055-000000000001,"Carrickbanagher, Sligo",279.0,863.7992831541219,3.5842293906810037,3.5842293906810037,118.27956989247312,10.752688172043012,11.8
2ae19629-19b6-13a3-e055-000000000001,"Cartron, Sligo",78.0,807.6923076923077,0.0,0.0,128.2051282051282,64.1025641025641,12.8
2ae19629-19c0-13a3-e055-000000000001,"Castleconor East, Sligo",110.0,745.4545454545455,0.0,18.18181818181818,200.0,36.36363636363636,20.0
2ae19629-19c1-13a3-e055-000000000001,"Castleconor West, Sligo",539.0,699.443413729128,9.27643784786642,18.55287569573284,98.33024118738403,174.39703153988867,9.8
2ae19629-19cc-13a3-e055-000000000001,"Cliffony North, Sligo",728.0,539.8351648351648,16.483516483516485,19.230769230769234,104.3956043956044,320.05494505494505,10.4
2ae19629-19cd-13a3-e055-000000000001,"Cliffony South, Sligo",289.0,747.4048442906575,3.4602076124567476,17.301038062283737,117.6470588235294,114.18685121107266,11.8
2ae19629-19ce-13a3-e055-000000000001,"Cloonacool, Sligo",145.0,806.8965517241379,6.896551724137931,0.0,151.72413793103448,34.48275862068965,15.2
2ae19629-19d8-13a3-e055-000000000001,"Cloonoghill, Sligo",162.0,734.5679012345679,12.345679012345679,6.172839506172839,216.04938271604937,30.864197530864196,21.6
2ae19629-19d9-13a3-e055-000000000001,"Collooney, Sligo",1462.0,824.8974008207935,3.4199726402188784,14.363885088919288,141.58686730506156,15.73187414500684,14.2
2ae19629-19e3-13a3-e055-000000000001,"Coolaney, Sligo",649.0,858.2434514637904,1.5408320493066257,13.86748844375963,92.44992295839754,33.898305084745765,9.2
2ae19629-19e4-13a3-e055-000000000001,"Coolavin, Sligo",277.0,653.4296028880866,7.220216606498195,7.220216606498195,209.38628158844767,122.74368231046931,20.9
2ae19629-19ed-13a3-e055-000000000001,"Cuilmore, Sligo",313.0,722.0447284345048,6.3897763578274756,6.3897763578274756,172.52396166134184,92.6517571884984,17.3
2ae19629-19ee-13a3-e055-000000000001,"Dromard East, Sligo",96.0,791.6666666666666,0.0,10.416666666666666,114.58333333333333,83.33333333333333,11.5
2ae19629-19ef-13a3-e055-000000000001,"Dromard West, Sligo",86.0,755.8139534883721,0.0,0.0,220.93023255813955,23.25581395348837,22.1
2ae19629-19f9-13a3-e055-000000000001,"Dromore, Sligo",247.0,829.9595141700404,0.0,32.388663967611336,80.97165991902834,56.68016194331984,8.1
2ae19629-19fa-13a3-e055-000000000001,"Drumcliff East, Sligo",338.0,884.6153846153845,2.9585798816568047,17.75147928994083,88.75739644970413,5.9171597633136095,8.9
2ae19629-1a08-13a3-e055-000000000001,"Drumcliff West, Sligo",878.0,766.5148063781321,17.084282460136674,42.14123006833713,84.28246013667426,89.9772209567198,8.4
2ae19629-1a09-13a3-e055-000000000001,"Drumcolumb, Sligo",134.0,783.5820895522388,0.0,0.0,156.71641791044777,59.701492537313435,15.7
2ae19629-1a0a-13a3-e055-000000000001,"Drumfin, Sligo",183.0,819.672131147541,5.46448087431694,32.786885245901644,103.82513661202186,38.25136612021858,10.4
2ae19629-1a12-13a3-e055-000000000001,"Drumrat, Sligo",248.0,814.5161290322582,0.0,0.0,141.12903225806454,44.35483870967742,14.1
2ae19629-1a13-13a3-e055-000000000001,"Easky East, Sligo",322.0,785.7142857142857,3.105590062111801,9.316770186335404,130.43478260869566,71.42857142857143,13.0
2ae19629-1a1c-13a3-e055-000000000001,"Easky West, Sligo",404.0,668.3168316831684,2.4752475247524752,14.85148514851485,136.13861386138615,178.21782178217822,13.6
2ae19629-1a1d-13a3-e055-000000000001,"Glencar, Sligo",100.0,890.0,0.0,10.0,90.0,10.0,9.0
2ae19629-1a1e-13a3-e055-000000000001,"Glendarragh, Sligo",99.0,787.8787878787879,0.0,0.0,111.1111111111111,101.01010101010101,11.1
2ae19629-1a1f-13a3-e055-000000000001,"Kilfree, Sligo",301.0,764.1196013289036,3.3222591362126246,19.933554817275745,126.24584717607974,86.37873754152824,12.6
2ae19629-1a29-13a3-e055-000000000001,"Kilglass, Sligo",1220.0,569.672131147541,6.557377049180328,12.295081967213115,83.60655737704919,327.86885245901635,8.4
2ae19629-1a2a-13a3-e055-000000000001,"Killadoon, Sligo",146.0,678.082191780822,6.8493150684931505,13.698630136986301,219.17808219178082,82.1917808219178,21.9
2ae19629-1a35-13a3-e055-000000000001,"Killaraght, Sligo",252.0,690.4761904761905,3.968253968253968,23.809523809523807,158.73015873015873,123.01587301587301,15.9
2ae19629-1a36-13a3-e055-000000000001,"Kilmacowen, Sligo",926.0,896.328293736501,4.319654427645789,12.958963282937365,75.5939524838013,10.79913606911447,7.6
2ae19629-198b-13a3-e055-000000000001,"Kilmacteige, Sligo",110.0,754.5454545454545,9.09090909090909,9.09090909090909,190.9090909090909,36.36363636363636,19.1
2ae19629-198c-13a3-e055-000000000001,"Kilmactranny, Sligo",183.0,726.775956284153,5.46448087431694,5.46448087431694,163.93442622950818,98.36065573770492,16.4
2ae19629-1993-13a3-e055-000000000001,"Kilshalvy, Sligo",159.0,723.2704402515723,0.0,6.289308176100629,213.8364779874214,56.60377358490566,21.4
2ae19629-1994-13a3-e055-000000000001,"Kilturra, Sligo",94.0,808.5106382978723,0.0,21.27659574468085,127.6595744680851,42.5531914893617,12.8
2ae19629-199d-13a3-e055-000000000001,"Knockaree, Sligo",1773.0,857.8680203045685,6.204173716864072,13.536379018612521,66.55386350817822,55.83756345177665,6.7
2ae19629-199e-13a3-e055-000000000001,"Lakeview, Sligo",237.0,780.590717299578,4.219409282700422,8.438818565400844,151.8987341772152,54.85232067510549,15.2
2ae19629-1995-13a3-e055-000000000001,"Leitrim, Sligo",157.0,840.7643312101911,0.0,0.0,108.28025477707007,50.955414012738856,10.8
2ae19629-1996-13a3-e055-000000000001,"Lisconny, Sligo",150.0,833.3333333333334,0.0,0.0,146.66666666666666,20.0,14.7
2ae19629-1997-13a3-e055-000000000001,"Lissadill East, Sligo",363.0,842.9752066115702,5.5096418732782375,13.774104683195592,88.1542699724518,49.586776859504134,8.8
2ae19629-199f-13a3-e055-000000000001,"Lissadill North, Sligo",635.0,812.5984251968505,12.598425196850393,15.748031496062993,72.44094488188976,86.61417322834646,7.2
2ae19629-19a0-13a3-e055-000000000001,"Lissadill West, Sligo",341.0,718.475073313783,17.595307917888565,5.865102639296188,87.97653958944282,170.08797653958942,8.8
759f966a-c2c8-4bea-a71d-5e9c2d452553,"Loughil, Sligo",36.0,833.3333333333334,0.0,0.0,138.88888888888889,27.777777777777775,13.9
2ae19629-19ad-13a3-e055-000000000001,"Owenmore, Sligo",58.0,775.8620689655172,0.0,17.241379310344826,120.6896551724138,86.20689655172414,12.1
2ae19629-19b7-13a3-e055-000000000001,"Rathmacurkey, Sligo",271.0,800.7380073800738,3.6900369003690034,11.07011070110701,136.53136531365314,47.97047970479705,13.7
2ae19629-19b8-13a3-e055-000000000001,"Riverstown, Sligo",330.0,857.5757575757575,3.0303030303030303,18.18181818181818,93.93939393939394,27.27272727272727,9.4
2ae19629-19b9-13a3-e055-000000000001,"Rossinver East, Sligo",118.0,567.7966101694916,8.474576271186441,8.474576271186441,271.1864406779661,144.0677966101695,27.1
2ae19629-19c2-13a3-e055-000000000001,"Rossinver West, Sligo",114.0,692.9824561403509,0.0,17.543859649122805,157.89473684210526,131.57894736842104,15.8
2ae19629-19c3-13a3-e055-000000000001,"Shancough, Sligo",72.0,680.5555555555555,13.888888888888888,0.0,250.0,55.55555555555555,25.0
2ae19629-19c4-13a3-e055-000000000001,"Skreen, Sligo",93.0,698.9247311827958,21.505376344086024,0.0,193.54838709677418,86.0215053763441,19.4
2ae19629-19fc-13a3-e055-000000000001,"Sligo East, Sligo",2434.0,851.6844700082169,6.162695152013147,15.201314708299098,116.68036154478226,10.271158586688578,11.7
2ae19629-19fb-13a3-e055-000000000001,"Sligo North, Sligo",2895.0,773.7478411053542,53.5405872193437,48.70466321243523,116.40759930915371,7.599309153713299,11.6
2ae19629-19c5-13a3-e055-000000000001,"Sligo West, Sligo",3751.0,873.367102106105,2.932551319648094,11.463609704078912,103.9722740602506,8.264462809917356,10.4
2ae19629-19cf-13a3-e055-000000000001,"Streamstown, Sligo",125.0,784.0,8.0,0.0,136.0,72.0,13.6
2ae19629-19d0-13a3-e055-000000000001,"Temple, Sligo",164.0,804.8780487804878,12.195121951219512,6.097560975609756,140.2439024390244,36.58536585365854,14.0
2ae19629-19da-13a3-e055-000000000001,"Templeboy North, Sligo",147.0,741.4965986394558,13.605442176870747,13.605442176870747,142.85714285714286,88.43537414965986,14.3
2ae19629-19db-13a3-e055-000000000001,"Templeboy South/Mullagheruse, Sligo",123.0,747.9674796747967,8.130081300813009,8.130081300813009,186.99186991869917,48.78048780487805,18.7
2ae19629-19e5-13a3-e055-000000000001,"Templevanny, Sligo",131.0,671.7557251908397,0.0,15.267175572519083,213.74045801526717,99.23664122137404,21.4
2ae19629-19e6-13a3-e055-000000000001,"Tobercurry, Sligo",1463.0,812.0300751879698,3.417634996582365,13.67053998632946,134.6548188653452,36.226930963773064,13.5
2ae19629-19f0-13a3-e055-000000000001,"Toberpatrick East, Sligo",119.0,731.0924369747898,8.403361344537815,8.403361344537815,134.45378151260505,117.6470588235294,13.4
2ae19629-19f1-13a3-e055-000000000001,"Toberpatrick West, Sligo",147.0,782.312925170068,0.0,20.408163265306122,136.0544217687075,61.224489795918366,13.6
2ae19629-19f2-13a3-e055-000000000001,"Toomour, Sligo",123.0,764.2276422764228,0.0,24.390243902439025,130.08130081300814,81.30081300813008,13.0
2ae19629-1e0f-13a3-e055-000000000001,"Ardue, Cavan",333.0,831.8318318318319,6.006006006006006,18.01801801801802,72.07207207207207,72.07207207207207,7.2
2ae19629-1e1a-13a3-e055-000000000001,"Arvagh, Cavan",495.0,775.7575757575758,0.0,16.161616161616163,157.57575757575756,50.505050505050505,15.8
2ae19629-1e1b-13a3-e055-000000000001,"Ashfield, Cavan",164.0,823.170731707317,6.097560975609756,12.195121951219512,128.0487804878049,30.48780487804878,12.8
2ae19629-1c98-13a3-e055-000000000001,"Bailieborough, Cavan",1822.0,848.5181119648738,3.293084522502744,8.23271130625686,131.17453347969266,8.781558726673985,13.1
2ae19629-1c99-13a3-e055-000000000001,"Ballintemple, Cavan",187.0,780.7486631016043,5.347593582887701,0.0,208.55614973262033,5.347593582887701,20.9
2ae19629-1cd8-13a3-e055-000000000001,"Ballyconnell, Cavan",877.0,802.7366020524515,4.561003420752566,19.384264538198405,128.84834663625998,44.469783352337515,12.9
2ae19629-1cd9-13a3-e055-000000000001,"Ballyhaise, Cavan",471.0,874.7346072186837,8.492569002123142,8.492569002123142,91.29511677282377,16.985138004246284,9.1
2ae19629-1cf1-13a3-e055-000000000001,"Ballyjamesduff, Cavan",1304.0,910.2760736196319,0.7668711656441718,13.803680981595091,70.5521472392638,4.601226993865031,7.1
2ae19629-1cf2-13a3-e055-000000000001,"Ballymachugh, Cavan",337.0,810.0890207715133,2.967359050445104,14.836795252225519,89.02077151335313,83.0860534124629,8.9
2ae19629-1d13-13a3-e055-000000000001,"Ballymagauran, Cavan",123.0,772.3577235772358,8.130081300813009,16.260162601626018,170.7317073170732,32.520325203252035,17.1
2ae19629-1d14-13a3-e055-000000000001,"Bawnboy, Cavan",298.0,768.4563758389261,13.422818791946309,20.13422818791946,137.58389261744966,60.40268456375839,13.8
2ae19629-1d32-13a3-e055-000000000001,"Bellananagh, Cavan",687.0,842.7947598253274,1.455604075691412,4.366812227074235,131.00436681222706,20.378457059679768,13.1
2ae19629-1d33-13a3-e055-000000000001,"Belturbet, Cavan",960.0,827.0833333333333,4.166666666666667,11.458333333333332,137.5,19.791666666666664,13.8
2ae19629-1d51-13a3-e055-000000000001,"Bilberry, Cavan",123.0,601.6260162601626,8.130081300813009,16.260162601626018,73.17073170731707,300.8130081300813,7.3
2ae19629-1d52-13a3-e055-000000000001,"Bruce Hall, Cavan",95.0,789.4736842105264,0.0,0.0,147.36842105263156,63.15789473684211,14.7
2ae19629-1d53-13a3-e055-000000000001,"Butler's Bridge, Cavan",225.0,848.8888888888889,4.444444444444445,17.77777777777778,120.0,8.88888888888889,12.0
2ae19629-1d54-13a3-e055-000000000001,"Canningstown, Cavan",251.0,808.7649402390438,0.0,19.9203187250996,131.47410358565736,39.8406374501992,13.1
2ae19629-1d72-13a3-e055-000000000001,"Carn, Cavan",111.0,729.7297297297297,0.0,27.027027027027028,189.1891891891892,54.054054054054056,18.9
2ae19629-1d73-13a3-e055-000000000001,"Carnagarve, Cavan",259.0,861.003861003861,7.722007722007723,19.305019305019304,92.66409266409266,19.305019305019304,9.3
2ae19629-1d74-13a3-e055-000000000001,"Carrafin, Cavan",185.0,789.1891891891893,5.405405405405405,10.81081081081081,140.54054054054055,54.054054054054056,14.1
2ae19629-1d8f-13a3-e055-000000000001,"Castlerahan, Cavan",375.0,826.6666666666666,0.0,18.666666666666668,120.0,34.666666666666664,12.0
2ae19629-1d90-13a3-e055-000000000001,"Castlesaunderson, Cavan",132.0,795.4545454545454,7.575757575757576,7.575757575757576,166.66666666666666,22.727272727272727,16.7
2ae19629-1da9-13a3-e055-000000000001,"Cavan Rural, Cavan",3306.0,886.2673926194798,3.9322444041137325,10.58681185722928,82.2746521476104,16.93889897156685,8.2
2ae19629-1daa-13a3-e055-000000000001,"Cavan Urban, Cavan",1979.0,798.8883274381,3.031834259727135,11.116725618999494,182.92066700353715,4.04244567963618,18.3
2ae19629-1dab-13a3-e055-000000000001,"Clonervy, Cavan",319.0,905.9561128526645,0.0,9.404388714733543,81.50470219435736,3.134796238244514,8.2
2ae19629-1dac-13a3-e055-000000000001,"Cootehill Rural, Cavan",447.0,919.4630872483222,0.0,6.7114093959731544,62.639821029082775,11.185682326621924,6.3
2ae19629-1dbf-13a3-e055-000000000001,"Cootehill Urban, Cavan",882.0,840.1360544217688,2.2675736961451247,10.204081632653061,141.7233560090703,5.668934240362812,14.2
2ae19629-1dc0-13a3-e055-000000000001,"Corr, Cavan",121.0,818.1818181818182,0.0,0.0,140.49586776859505,41.32231404958678,14.0
2ae19629-1dc1-13a3-e055-000000000001,"Corraneary, Cavan",195.0,866.6666666666667,5.128205128205129,25.64102564102564,66.66666666666667,35.8974358974359,6.7
2ae19629-1dd9-13a3-e055-000000000001,"Crossbane, Cavan",251.0,888.4462151394422,0.0,7.968127490039841,83.66533864541832,19.9203187250996,8.4
2ae19629-1dda-13a3-e055-000000000001,"Crossdoney, Cavan",253.0,818.1818181818182,3.952569169960474,7.905138339920948,130.43478260869566,39.52569169960474,13.0
2ae19629-1df9-13a3-e055-000000000001,"Crosskeys, Cavan",287.0,850.1742160278745,3.484320557491289,6.968641114982578,125.43554006968641,13.937282229965156,12.5
2ae19629-1dfa-13a3-e055-000000000001,"Cuttragh, Cavan",163.0,852.7607361963189,0.0,0.0,134.96932515337423,12.269938650306749,13.5
2ae19629-1dfb-13a3-e055-000000000001,"Denn, Cavan",290.0,844.8275862068966,0.0,13.793103448275861,137.9310344827586,3.4482758620689653,13.8
2ae19629-1e10-13a3-e055-000000000001,"Derrin, Cavan",188.0,829.7872340425532,5.319148936170213,15.957446808510637,138.29787234042553,10.638297872340425,13.8
2ae19629-1e11-13a3-e055-000000000001,"Derrylahan, Cavan",60.0,666.6666666666666,0.0,16.666666666666668,166.66666666666666,150.0,16.7
2ae19629-1e1c-13a3-e055-000000000001,"Diamond, Cavan",69.0,840.5797101449275,0.0,14.492753623188406,86.95652173913044,57.971014492753625,8.7
2ae19629-1e1d-13a3-e055-000000000001,"Doogary, Cavan",69.0,768.1159420289855,0.0,0.0,159.42028985507244,72.46376811594203,15.9
2ae19629-1e1e-13a3-e055-000000000001,"Dowra, Cavan",109.0,660.5504587155964,0.0,9.174311926605505,247.70642201834863,82.56880733944955,24.8
2ae19629-1c9a-13a3-e055-000000000001,"Drumanespick, Cavan",187.0,834.2245989304813,10.695187165775401,21.390374331550802,96.2566844919786,37.4331550802139,9.6
2ae19629-1c9b-13a3-e055-000000000001,"Drumcarban, Cavan",276.0,815.2173913043478,10.869565217391305,14.492753623188406,126.81159420289856,32.608695652173914,12.7
2ae19629-1ca9-13a3-e055-000000000001,"Drumcarn, Cavan",225.0,840.0,4.444444444444445,4.444444444444445,137.77777777777777,13.333333333333334,13.8
2ae19629-1caa-13a3-e055-000000000001,"Drumlumman, Cavan",248.0,822.5806451612904,8.064516129032258,0.0,149.19354838709677,20.161290322580644,14.9
2ae19629-1cab-13a3-e055-000000000001,"Drung, Cavan",212.0,867.9245283018868,0.0,14.150943396226415,113.20754716981132,4.716981132075471,11.3
f91caa0f-0c2d-4ce7-a5b0-7a5ac354cb4f,"Dunmakeever/Benbrack/Derrynananta, Cavan",141.0,638.2978723404256,7.092198581560283,7.092198581560283,283.68794326241135,63.82978723404255,28.4
2ae19629-1cba-13a3-e055-000000000001,"Enniskeen, Cavan",175.0,862.8571428571429,0.0,11.428571428571429,108.57142857142857,17.142857142857142,10.9
2ae19629-1cbb-13a3-e055-000000000001,"Eskey, Cavan",125.0,592.0,8.0,24.0,120.0,256.0,12.0
2ae19629-1cac-13a3-e055-000000000001,"Graddum, Cavan",228.0,903.5087719298245,0.0,4.385964912280701,70.17543859649122,21.929824561403507,7.0
2ae19629-1cad-13a3-e055-000000000001,"Grilly, Cavan",196.0,836.7346938775511,5.1020408163265305,10.204081632653061,81.63265306122449,66.32653061224491,8.2
2ae19629-1cbc-13a3-e055-000000000001,"Kilbride, Cavan",407.0,830.4668304668304,0.0,24.570024570024568,113.02211302211303,31.94103194103194,11.3
2ae19629-1cbd-13a3-e055-000000000001,"Kilcogy, Cavan",190.0,794.7368421052632,0.0,15.789473684210527,147.36842105263156,42.10526315789473,14.7
2ae19629-1cda-13a3-e055-000000000001,"Kilconny, Cavan",387.0,573.6434108527131,5.167958656330749,20.671834625322997,82.68733850129199,317.82945736434107,8.3
2ae19629-1cdb-13a3-e055-000000000001,"Kilgolagh, Cavan",145.0,820.6896551724137,6.896551724137931,13.793103448275861,103.44827586206897,55.172413793103445,10.3
2ae19629-1cdc-13a3-e055-000000000001,"Kill, Cavan",156.0,820.5128205128204,0.0,25.64102564102564,147.43589743589743,6.41025641025641,14.7
2ae19629-1cf3-13a3-e055-000000000001,"Killashandra, Cavan",549.0,797.8142076502733,9.107468123861567,10.92896174863388,123.86156648451731,58.287795992714024,12.4
06698531-f7f7-4058-a15f-7d455ef0dd94,"Killinagh/Teebane, Cavan",73.0,671.2328767123288,0.0,27.397260273972602,205.4794520547945,95.8904109589041,20.5
2ae19629-1cf5-13a3-e055-000000000001,"Killinkere, Cavan",200.0,850.0,0.0,10.0,115.0,25.0,11.5
2ae19629-1d15-13a3-e055-000000000001,"Killykeen, Cavan",261.0,823.7547892720306,7.662835249042145,7.662835249042145,99.61685823754789,61.30268199233716,10.0
2ae19629-1d16-13a3-e055-000000000001,"Kilnaleck, Cavan",517.0,851.063829787234,1.9342359767891684,9.671179883945841,131.52804642166345,5.802707930367505,13.2
2ae19629-1d35-13a3-e055-000000000001,"Kinawley, Cavan",62.0,677.4193548387096,0.0,16.129032258064516,209.67741935483872,96.77419354838709,21.0
2ae19629-1d36-13a3-e055-000000000001,"Kingscourt, Cavan",1366.0,898.2430453879941,3.6603221083455346,13.177159590043924,79.79502196193265,5.124450951683748,8.0
2ae19629-1d55-13a3-e055-000000000001,"Knappagh, Cavan",191.0,832.4607329842933,0.0,5.235602094240838,136.12565445026178,26.17801047120419,13.6
2ae19629-1d56-13a3-e055-000000000001,"Larah North, Cavan",192.0,838.5416666666666,5.208333333333333,5.208333333333333,130.20833333333334,20.833333333333332,13.0
2ae19629-1d75-13a3-e055-000000000001,"Larah South, Cavan",209.0,822.9665071770335,4.784688995215311,14.354066985645934,153.11004784688996,4.784688995215311,15.3
2ae19629-1d76-13a3-e055-000000000001,"Lisagoan, Cavan",157.0,866.2420382165606,0.0,6.369426751592357,114.64968152866243,12.738853503184714,11.5
2ae19629-1d77-13a3-e055-000000000001,"Lissanover, Cavan",129.0,813.953488372093,7.751937984496124,46.51162790697674,108.52713178294573,23.25581395348837,10.9
2ae19629-1d91-13a3-e055-000000000001,"Loughdawan, Cavan",167.0,754.4910179640718,0.0,0.0,155.68862275449104,89.82035928143712,15.6
2ae19629-1d92-13a3-e055-000000000001,"Lurgan, Cavan",245.0,861.2244897959183,0.0,16.3265306122449,81.63265306122449,40.816326530612244,8.2
2ae19629-1d93-13a3-e055-000000000001,"Milltown, Cavan",182.0,813.1868131868132,0.0,10.989010989010989,131.86813186813188,43.956043956043956,13.2
2ae19629-1dad-13a3-e055-000000000001,"Moynehall, Cavan",644.0,919.2546583850931,1.5527950310559004,4.658385093167702,65.21739130434783,9.316770186335404,6.5
2ae19629-1dae-13a3-e055-000000000001,"Mullagh, Cavan",950.0,885.2631578947369,0.0,14.736842105263158,89.47368421052632,10.526315789473683,8.9
2ae19629-1dc2-13a3-e055-000000000001,"Munterconnaught, Cavan",448.0,863.8392857142857,8.928571428571429,17.857142857142858,64.73214285714286,44.642857142857146,6.5
2ae19629-1c9d-13a3-e055-000000000001,"Pedara Vohers/Tircahan, Cavan",96.0,781.25,0.0,20.833333333333332,145.83333333333334,52.083333333333336,14.6
2ae19629-1dc4-13a3-e055-000000000001,"Rakenny, Cavan",189.0,899.4708994708994,0.0,0.0,100.52910052910052,0.0,10.1
2ae19629-1ddb-13a3-e055-000000000001,"Redhill, Cavan",201.0,825.8706467661692,0.0,4.975124378109452,104.4776119402985,64.67661691542288,10.4
2ae19629-1ddc-13a3-e055-000000000001,"Scrabby, Cavan",344.0,709.3023255813954,0.0,29.069767441860463,162.79069767441862,98.83720930232558,16.3
2ae19629-1ddd-13a3-e055-000000000001,"Shercock, Cavan",601.0,782.0299500831946,3.327787021630616,9.983361064891847,138.10316139767053,66.55574043261231,13.8
2ae19629-1dfc-13a3-e055-000000000001,"Skeagh, Cavan",184.0,771.7391304347826,5.434782608695652,5.434782608695652,173.91304347826087,43.47826086956522,17.4
2ae19629-1dfd-13a3-e055-000000000001,"Springfield, Cavan",88.0,818.1818181818182,0.0,0.0,113.63636363636363,68.18181818181817,11.4
2ae19629-1e13-13a3-e055-000000000001,"Stradone, Cavan",359.0,813.3704735376045,0.0,22.284122562674096,144.84679665738162,19.498607242339833,14.5
2ae19629-1e14-13a3-e055-000000000001,"Swanlinbar, Cavan",218.0,747.7064220183486,18.34862385321101,41.284403669724774,155.9633027522936,36.69724770642202,15.6
2ae19629-1e1f-13a3-e055-000000000001,"Taghart, Cavan",263.0,806.0836501901141,3.802281368821293,7.604562737642586,133.07984790874525,49.42965779467681,13.3
2ae19629-1e21-13a3-e055-000000000001,"Templeport, Cavan",157.0,707.0063694267516,0.0,12.738853503184714,191.0828025477707,89.17197452229298,19.1
2ae19629-1c9c-13a3-e055-000000000001,"Termon, Cavan",223.0,869.9551569506726,4.484304932735426,4.484304932735426,103.13901345291481,17.937219730941703,10.3
2ae19629-1c9e-13a3-e055-000000000001,"Tuam, Cavan",270.0,529.6296296296297,14.814814814814815,11.11111111111111,229.62962962962962,214.8148148148148,23.0
2ae19629-1cae-13a3-e055-000000000001,"Tullyvin East, Cavan",197.0,868.020304568528,0.0,0.0,116.751269035533,15.228426395939087,11.7
2ae19629-1caf-13a3-e055-000000000001,"Tullyvin West, Cavan",120.0,850.0,0.0,8.333333333333334,125.0,16.666666666666668,12.5
2ae19629-1faf-13a3-e055-000000000001,"Virginia, Cavan",1956.0,884.9693251533743,2.556237218813906,23.006134969325153,81.28834355828221,8.1799591002045,8.1
2ae19629-1fb0-13a3-e055-000000000001,"Waterloo, Cavan",319.0,852.6645768025079,0.0,9.404388714733543,119.12225705329153,18.808777429467085,11.9
2ae19629-21c1-13a3-e055-000000000001,"Allt na Péiste, Dún na nGall",186.0,763.4408602150537,21.505376344086024,5.376344086021506,166.66666666666666,43.01075268817205,16.7
2ae19629-21c2-13a3-e055-000000000001,"Anagaire, Dún na nGall",1519.0,590.5200789993416,9.874917709019092,20.408163265306122,136.27386438446345,242.92297564186964,13.6
2ae19629-21c3-13a3-e055-000000000001,"Árainn Mhór, Dún na nGall",437.0,503.43249427917624,6.864988558352402,2.288329519450801,144.16475972540047,343.24942791762015,14.4
2ae19629-21cc-13a3-e055-000000000001,"Ard an Rátha, Dún na nGall",714.0,711.484593837535,9.803921568627452,11.204481792717086,126.05042016806722,141.45658263305322,12.6
2ae19629-21cd-13a3-e055-000000000001,"Ardmalin, Donegal",514.0,461.08949416342415,17.509727626459146,9.72762645914397,81.71206225680935,429.96108949416345,8.2
2ae19629-21ce-13a3-e055-000000000001,"Ards, Donegal",827.0,324.06287787182583,19.347037484885124,7.255139056831923,37.48488512696493,611.8500604594922,3.7
2ae19629-21cf-13a3-e055-000000000001,"Ballintra, Donegal, 057007",364.0,766.4835164835165,2.7472527472527473,5.4945054945054945,134.6153846153846,90.65934065934066,13.5
2ae19629-21d0-13a3-e055-000000000001,"Ballintra, Donegal, 057008",602.0,475.0830564784053,13.289036544850498,9.966777408637872,96.34551495016612,405.3156146179402,9.6
2ae19629-21da-13a3-e055-000000000001,"Ballyarr, Donegal",282.0,843.9716312056737,10.638297872340425,14.184397163120567,70.92198581560284,60.28368794326241,7.1
2ae19629-21d1-13a3-e055-000000000001,"Ballyliffin, Donegal",770.0,638.961038961039,7.792207792207792,22.07792207792208,90.9090909090909,240.25974025974025,9.1
2ae19629-21db-13a3-e055-000000000001,"Ballymacool, Donegal",1092.0,880.0366300366301,2.7472527472527473,21.062271062271062,80.5860805860806,15.567765567765568,8.1
2ae19629-21e5-13a3-e055-000000000001,"Ballyshannon Rural, Donegal",854.0,727.1662763466043,8.196721311475411,10.53864168618267,93.6768149882904,160.4215456674473,9.4
2ae19629-21dc-13a3-e055-000000000001,"Ballyshannon Urban, Donegal",1085.0,724.4239631336405,0.9216589861751152,19.35483870967742,218.4331797235023,36.866359447004605,21.8
2ae19629-21e6-13a3-e055-000000000001,"An Bhinn Bhán, Dún na nGall",108.0,583.3333333333334,18.51851851851852,27.777777777777775,157.40740740740742,212.96296296296296,15.7
2ae19629-21ee-13a3-e055-000000000001,"Birdstown, Donegal",532.0,821.4285714285714,24.43609022556391,35.714285714285715,107.14285714285714,11.278195488721805,10.7
2ae19629-21ef-13a3-e055-000000000001,"Bonnyglen, Donegal",207.0,685.9903381642513,14.492753623188406,33.81642512077295,96.61835748792271,169.08212560386474,9.7
2ae19629-21f7-13a3-e055-000000000001,"Buncrana Rural, Donegal",1652.0,838.3777239709443,6.053268765133172,30.871670702179177,59.9273607748184,64.76997578692493,6.0
2ae19629-21f8-13a3-e055-000000000001,"Buncrana Urban, Donegal",1757.0,756.9721115537849,5.122367672168469,43.82470119521913,124.07512805919181,70.00569151963575,12.4
2ae19629-2106-13a3-e055-000000000001,"Bundoran Rural, Donegal",622.0,652.7331189710611,4.82315112540193,22.508038585209004,101.28617363344051,218.64951768488746,10.1
2ae19629-2107-13a3-e055-000000000001,"Bundoran Urban, Donegal",1644.0,475.66909975669097,7.907542579075426,20.68126520681265,124.69586374695864,371.0462287104623,12.5
2ae19629-2112-13a3-e055-000000000001,"Burt, Donegal",589.0,838.7096774193549,18.67572156196944,32.25806451612903,95.07640067911714,15.280135823429541,9.5
2ae19629-2113-13a3-e055-000000000001,"Carndonagh, Donegal",1281.0,735.3629976580796,6.24512099921936,19.5160031225605,158.46994535519127,80.40593286494926,15.8
2ae19629-2060-13a3-e055-000000000001,"Carraig Airt, Dún na nGall",675.0,522.9629629629629,7.407407407407407,7.407407407407407,66.66666666666667,395.55555555555554,6.7
2ae19629-2061-13a3-e055-000000000001,"Carrickboy, Donegal",203.0,763.5467980295566,9.852216748768473,9.852216748768473,182.26600985221674,34.48275862068965,18.2
2ae19629-206a-13a3-e055-000000000001,"An Cheathrú Chaol, Dún na nGall",493.0,659.2292089249493,12.170385395537526,14.198782961460447,91.27789046653145,223.1237322515213,9.1
2ae19629-206b-13a3-e055-000000000001,"Carthage, Donegal",468.0,683.7606837606837,2.136752136752137,6.41025641025641,128.2051282051282,179.48717948717947,12.8
2ae19629-206c-13a3-e055-000000000001,"Castlecary, Donegal",341.0,712.6099706744868,8.797653958944283,17.595307917888565,79.17888563049853,181.8181818181818,7.9
2ae19629-2077-13a3-e055-000000000001,"Castlefinn, Donegal",561.0,868.0926916221033,3.5650623885918002,33.8680926916221,85.56149732620321,8.9126559714795,8.6
2ae19629-2078-13a3-e055-000000000001,"Castleforward, Donegal",518.0,853.2818532818533,3.8610038610038613,30.88803088803089,92.66409266409266,19.305019305019304,9.3
2ae19629-2081-13a3-e055-000000000001,"Castlewray, Donegal",1464.0,912.568306010929,4.0983606557377055,23.224043715846996,46.44808743169399,13.66120218579235,4.6
2ae19629-2082-13a3-e055-000000000001,"Cavangarden, Donegal",180.0,844.4444444444445,5.555555555555555,22.22222222222222,77.77777777777779,50.0,7.8
2ae19629-2083-13a3-e055-000000000001,"Mín an Lábáin, Dún na nGall",184.0,766.3043478260869,0.0,21.73913043478261,130.43478260869566,81.52173913043478,13.0
2ae19629-208f-13a3-e055-000000000001,"Cliff, Donegal",117.0,811.965811965812,8.547008547008549,8.547008547008549,94.01709401709401,76.92307692307693,9.4
2ae19629-2090-13a3-e055-000000000001,"An Clochán, Dún na nGall",407.0,776.4127764127763,9.828009828009828,2.457002457002457,154.79115479115478,56.511056511056516,15.5
2ae19629-2091-13a3-e055-000000000001,"Cloghard, Donegal",283.0,823.321554770318,7.067137809187279,28.268551236749115,130.74204946996468,10.60070671378092,13.1
2ae19629-2092-13a3-e055-000000000001,"Clogher, Donegal",369.0,842.8184281842819,2.710027100271003,16.260162601626018,86.72086720867209,51.490514905149055,8.7
2ae19629-209a-13a3-e055-000000000001,"Clonleigh North, Donegal",592.0,876.6891891891892,3.3783783783783785,20.27027027027027,86.14864864864865,13.513513513513514,8.6
2ae19629-209b-13a3-e055-000000000001,"Clonleigh South, Donegal",978.0,871.1656441717791,5.112474437627812,35.787321063394685,85.88957055214725,2.044989775051125,8.6
2ae19629-20a8-13a3-e055-000000000001,"Convoy, Donegal",1071.0,861.811391223156,3.734827264239029,14.005602240896359,106.44257703081232,14.005602240896359,10.6
2ae19629-20a9-13a3-e055-000000000001,"Corkermore, Donegal",152.0,776.3157894736842,19.736842105263158,0.0,85.52631578947368,118.42105263157895,8.6
2ae19629-20b3-13a3-e055-000000000001,"Corravaddy, Donegal",653.0,920.3675344563553,3.0627871362940278,12.251148545176111,52.06738131699847,12.251148545176111,5.2
2ae19629-20b4-13a3-e055-000000000001,"Creamhghort, Dún na nGall",339.0,696.165191740413,5.899705014749262,5.899705014749262,132.7433628318584,159.2920353982301,13.3
2ae19629-20b5-13a3-e055-000000000001,"Críoch na Sméar, Dún na nGall",153.0,705.8823529411765,13.071895424836601,6.5359477124183005,124.18300653594771,150.32679738562092,12.4
2ae19629-20c1-13a3-e055-000000000001,"An Craoslach, Dún na nGall",491.0,670.061099796334,10.183299389002038,4.0733197556008145,105.90631364562118,209.77596741344195,10.6
2ae19629-20c2-13a3-e055-000000000001,"Na Croisbhealaí, Dún na nGall",1312.0,655.4878048780488,9.146341463414634,14.481707317073171,125.0,195.88414634146343,12.5
2ae19629-20c3-13a3-e055-000000000001,"Cró Bheithe, Dún na nGall",99.0,646.4646464646465,0.0,10.101010101010102,252.52525252525254,90.9090909090909,25.3
2ae19629-20c4-13a3-e055-000000000001,"Cró Chaorach, Dún na nGall",93.0,505.3763440860215,0.0,0.0,247.31182795698925,247.31182795698925,24.7
2ae19629-20ce-13a3-e055-000000000001,"Crownarad, Donegal",233.0,562.2317596566523,8.583690987124463,4.291845493562231,103.00429184549357,321.8884120171674,10.3
2ae19629-20cf-13a3-e055-000000000001,"Culdaff, Donegal",640.0,571.875,15.625,14.0625,79.6875,318.75,8.0
2ae19629-20d0-13a3-e055-000000000001,"Dawros, Donegal",690.0,417.39130434782606,23.18840579710145,5.797101449275362,43.47826086956522,510.1449275362319,4.3
2ae19629-20d1-13a3-e055-000000000001,"Desertegny, Donegal",374.0,671.1229946524064,10.695187165775401,34.75935828877005,136.36363636363635,147.05882352941177,13.6
2ae19629-20d9-13a3-e055-000000000001,"Caisleán na dTuath, Dún na nGall",138.0,710.1449275362319,0.0,14.492753623188406,72.46376811594203,202.8985507246377,7.2
2ae19629-20da-13a3-e055-000000000001,"Donegal, Donegal",2109.0,765.7657657657658,3.793266951161688,16.121384542437173,141.7733522996681,72.54623044096728,14.2
2ae19629-20db-13a3-e055-000000000001,"An Dúchoraidh, Dún na nGall",69.0,579.7101449275362,14.492753623188406,0.0,246.3768115942029,159.42028985507244,24.6
2ae19629-20e3-13a3-e055-000000000001,"Dooish, Donegal",482.0,879.6680497925311,2.074688796680498,16.597510373443985,72.61410788381744,29.04564315352697,7.3
2ae19629-20e4-13a3-e055-000000000001,"Dunaff, Donegal",441.0,562.358276643991,9.070294784580499,13.605442176870747,122.44897959183673,292.5170068027211,12.2
2ae19629-20e5-13a3-e055-000000000001,"Dún Fionnachaidh, Dún na nGall",949.0,394.09905163329825,18.967334035827186,30.558482613277135,61.11696522655427,495.2581664910432,6.1
2ae19629-20e6-13a3-e055-000000000001,"An Clochán Liath, Dún na nGall",1150.0,693.0434782608695,8.695652173913043,13.913043478260871,120.8695652173913,163.47826086956522,12.1
2ae19629-20e7-13a3-e055-000000000001,"Dunkineely, Donegal",529.0,663.5160680529301,15.122873345935728,28.35538752362949,88.84688090737241,204.15879017013233,8.9
2ae19629-20e8-13a3-e055-000000000001,"Dún Lúiche, Dún na nGall",462.0,586.5800865800866,12.987012987012989,15.151515151515152,155.84415584415584,229.43722943722943,15.6
2ae19629-20e9-13a3-e055-000000000001,"Eanymore, Donegal",304.0,733.5526315789474,6.578947368421052,9.868421052631579,105.26315789473684,144.73684210526315,10.5
2ae19629-20f6-13a3-e055-000000000001,"Edenacarnan, Donegal",663.0,880.8446455505278,3.0165912518853695,4.524886877828055,102.56410256410255,9.04977375565611,10.3
2ae19629-20f7-13a3-e055-000000000001,"Fahan, Donegal",845.0,644.9704142011834,22.485207100591715,36.68639053254437,99.40828402366864,196.44970414201183,9.9
2ae19629-20f8-13a3-e055-000000000001,"Fánaid Thuaidh, Dún na nGall",417.0,498.80095923261393,16.786570743405274,11.990407673860911,52.75779376498801,419.6642685851319,5.3
2ae19629-20f9-13a3-e055-000000000001,"Fánaid Thiar, Dún na nGall",276.0,550.7246376811594,7.246376811594203,7.246376811594203,86.95652173913044,347.82608695652175,8.7
2ae19629-20fa-13a3-e055-000000000001,"Feddyglass, Donegal",192.0,848.9583333333334,10.416666666666666,15.625,104.16666666666667,20.833333333333332,10.4
2ae19629-204b-13a3-e055-000000000001,"Figart, Donegal",439.0,872.4373576309795,4.555808656036446,9.111617312072893,91.11617312072893,22.779043280182233,9.1
2ae19629-204c-13a3-e055-000000000001,"Baile na Finne, Dún na nGall",159.0,654.0880503144654,6.289308176100629,0.0,251.57232704402514,88.0503144654088,25.2
2ae19629-2057-13a3-e055-000000000001,"Gartán, Dún na nGall",88.0,795.4545454545454,0.0,11.363636363636363,170.45454545454544,22.727272727272727,17.0
2ae19629-2058-13a3-e055-000000000001,"Glen, Donegal",268.0,402.9850746268657,14.925373134328359,18.656716417910445,82.08955223880596,481.34328358208955,8.2
2ae19629-2062-13a3-e055-000000000001,"Glenalla, Donegal",211.0,829.3838862559242,14.218009478672984,9.47867298578199,80.56872037914692,66.35071090047394,8.1
2ae19629-206d-13a3-e055-000000000001,"Gleneely, Donegal, 057073",411.0,703.1630170316301,0.0,46.228710462287104,133.81995133819953,116.78832116788321,13.4
2ae19629-206e-13a3-e055-000000000001,"Gleneely, Donegal, 057074",617.0,897.8930307941653,4.862236628849271,11.345218800648299,74.55429497568882,11.345218800648299,7.5
2ae19629-2079-13a3-e055-000000000001,"Gleneganon, Donegal",316.0,819.620253164557,3.1645569620253164,22.151898734177216,75.9493670886076,79.11392405063292,7.6
2ae19629-206f-13a3-e055-000000000001,"Gleann Gheis, Dún na nGall",405.0,644.4444444444445,4.938271604938271,12.345679012345679,120.98765432098766,217.28395061728395,12.1
2ae19629-2070-13a3-e055-000000000001,"Gleann Léithín, Dún na nGall",116.0,491.37931034482756,17.241379310344826,0.0,250.0,241.3793103448276,25.0
2ae19629-207a-13a3-e055-000000000001,"Na Gleannta, Dún na nGall",860.0,688.3720930232558,2.3255813953488373,11.627906976744185,148.8372093023256,148.8372093023256,14.9
2ae19629-207b-13a3-e055-000000000001,"Glentogher, Donegal",553.0,804.7016274864376,16.2748643761302,32.5497287522604,101.26582278481013,45.20795660036166,10.1
2ae19629-2084-13a3-e055-000000000001,"Goland, Donegal",150.0,820.0,6.666666666666667,13.333333333333334,120.0,40.0,12.0
2ae19629-2085-13a3-e055-000000000001,"Gort an Choirce, Dún na nGall",1063.0,622.7657572906867,10.3480714957667,15.051740357478835,137.34713076199438,214.4873000940734,13.7
2ae19629-2086-13a3-e055-000000000001,"Gortnavern, Donegal",512.0,863.28125,3.90625,7.8125,119.140625,5.859375,11.9
2ae19629-2087-13a3-e055-000000000001,"An Ghrafaidh, Dún na nGall",122.0,524.5901639344263,8.196721311475411,16.393442622950822,327.86885245901635,122.95081967213115,32.8
2ae19629-2088-13a3-e055-000000000001,"Greencastle, Donegal",724.0,574.585635359116,24.861878453038674,12.430939226519337,58.011049723756905,330.11049723756906,5.8
2ae19629-2093-13a3-e055-000000000001,"Grianfort, Dún na nGall",386.0,347.1502590673575,25.906735751295336,5.181347150259067,51.81347150259067,569.9481865284974,5.2
2ae19629-2094-13a3-e055-000000000001,"Grousehall, Donegal",38.0,815.7894736842105,0.0,0.0,184.21052631578945,0.0,18.4
2ae19629-209c-13a3-e055-000000000001,"Haugh, Donegal",92.0,826.0869565217391,0.0,0.0,152.17391304347828,21.73913043478261,15.2
2ae19629-209d-13a3-e055-000000000001,"Illies, Donegal",359.0,846.7966573816155,2.785515320334262,22.284122562674096,64.06685236768803,64.06685236768803,6.4
2ae19629-209e-13a3-e055-000000000001,"Inch Island, Donegal",201.0,696.5174129353235,19.90049751243781,49.75124378109453,114.42786069651741,119.40298507462687,11.4
2ae19629-20aa-13a3-e055-000000000001,"Inis Caoil, Dún na nGall",86.0,418.60465116279073,23.25581395348837,0.0,127.90697674418605,430.2325581395349,12.8
2ae19629-20ab-13a3-e055-000000000001,"Inver, Donegal",399.0,739.3483709273183,2.506265664160401,7.518796992481203,122.80701754385964,127.81954887218045,12.3
2ae19629-20ac-13a3-e055-000000000001,"Cill Charthaigh, Dún na nGall",465.0,559.1397849462365,15.053763440860216,10.752688172043012,131.18279569892474,283.8709677419355,13.1
2ae19629-20b6-13a3-e055-000000000001,"Kilderry, Donegal",923.0,848.3206933911159,18.418201516793065,45.50379198266522,70.42253521126761,17.33477789815818,7.0
2ae19629-20b7-13a3-e055-000000000001,"Cill Ghabhlaigh, Dún na nGall",304.0,500.0,6.578947368421052,13.157894736842104,220.39473684210526,259.86842105263156,22.0
2ae19629-20b8-13a3-e055-000000000001,"Killea, Donegal",771.0,876.7833981841763,15.56420233463035,19.45525291828794,73.92996108949417,14.267185473411153,7.4
2ae19629-20b9-13a3-e055-000000000001,"Killybegs, Donegal",1123.0,782.7248441674087,6.233303650934996,20.480854853072127,120.21371326803205,70.34728406055208,12.0
2ae19629-20ba-13a3-e055-000000000001,"Killygarvan, Donegal",67.0,671.6417910447761,0.0,0.0,119.40298507462687,208.955223880597,11.9
2ae19629-20c5-13a3-e055-000000000001,"Killygordon, Donegal",524.0,854.9618320610687,1.9083969465648853,24.80916030534351,104.96183206106869,13.358778625954198,10.5
2ae19629-20c6-13a3-e055-000000000001,"Killymasny, Donegal",201.0,825.8706467661692,0.0,14.925373134328359,129.35323383084577,29.850746268656717,12.9
2ae19629-20c7-13a3-e055-000000000001,"Kilmacrenan, Donegal",639.0,837.245696400626,3.1298904538341157,21.90923317683881,111.1111111111111,26.604068857589983,11.1
2ae19629-20d2-13a3-e055-000000000001,"Kincraigy, Donegal",365.0,917.8082191780821,2.73972602739726,10.95890410958904,65.75342465753424,2.73972602739726,6.6
2ae19629-20d3-13a3-e055-000000000001,"Knock, Donegal",735.0,904.7619047619048,2.7210884353741496,20.408163265306122,59.86394557823129,12.244897959183673,6.0
2ae19629-20dc-13a3-e055-000000000001,"Cnoc Colbha, Dún na nGall",210.0,533.3333333333334,19.04761904761905,9.523809523809526,185.71428571428572,252.38095238095238,18.6
2ae19629-20dd-13a3-e055-000000000001,"Laghy, Donegal",385.0,750.6493506493507,5.194805194805195,0.0,90.9090909090909,153.24675324675323,9.1
2ae19629-20ea-13a3-e055-000000000001,"An Leargaidh Mhór, Dún na nGall",343.0,629.7376093294461,2.9154518950437316,5.830903790087463,131.1953352769679,230.3206997084548,13.1
2ae19629-20eb-13a3-e055-000000000001,"Letterkenny Rural, Donegal",5331.0,842.8062277246296,10.879759894954043,27.199399737385107,109.36034515100357,9.754267492027763,10.9
2ae19629-20ec-13a3-e055-000000000001,"Letterkenny Urban, Donegal",1627.0,711.1247695144438,6.760909649661954,20.282728948985863,250.76828518746157,11.063306699446834,25.1
2ae19629-20fb-13a3-e055-000000000001,"Leitir Mhic an Bhaird, Dún na nGall",568.0,529.9295774647887,12.32394366197183,8.802816901408452,174.29577464788733,274.6478873239437,17.4
2ae19629-20fc-13a3-e055-000000000001,"Lettermore, Donegal",145.0,868.9655172413793,0.0,6.896551724137931,117.24137931034483,6.896551724137931,11.7
2ae19629-20fd-13a3-e055-000000000001,"Loch Iascaigh, Dún na nGall",92.0,717.391304347826,0.0,0.0,108.69565217391305,173.91304347826087,10.9
2ae19629-20fe-13a3-e055-000000000001,"Loch Caol, Dún na nGall",133.0,796.9924812030075,7.518796992481203,0.0,120.30075187969925,75.18796992481202,12.0
2ae19629-2042-13a3-e055-000000000001,"Maas, Donegal",222.0,468.4684684684685,9.00900900900901,27.027027027027028,103.6036036036036,391.8918918918919,10.4
2ae19629-2043-13a3-e055-000000000001,"Magheraboy, Donegal",581.0,907.0567986230636,6.884681583476764,13.769363166953529,67.12564543889846,5.163511187607574,6.7
2ae19629-2044-13a3-e055-000000000001,"Machaire Chlochair, Dún na nGall",1853.0,606.5839179708581,11.332973556395036,9.174311926605505,130.5990286022666,242.3097679438748,13.1
2ae19629-2045-13a3-e055-000000000001,"An Machaire, Dún na nGall",540.0,537.0370370370371,11.11111111111111,14.814814814814815,88.88888888888889,348.14814814814815,8.9
2ae19629-2064-13a3-e055-000000000001,"Malin, Donegal",446.0,609.8654708520179,13.45291479820628,8.968609865470851,177.13004484304935,190.5829596412556,17.7
2ae19629-2065-13a3-e055-000000000001,"Málainn Bhig, Dún na nGall",254.0,594.488188976378,7.874015748031496,3.937007874015748,177.16535433070865,216.53543307086613,17.7
2ae19629-2066-13a3-e055-000000000001,"Manorcunningham, Donegal",524.0,902.6717557251909,1.9083969465648853,22.900763358778626,70.61068702290078,1.9083969465648853,7.1
2ae19629-2067-13a3-e055-000000000001,"Mín an Chladaigh, Dún na nGall",990.0,528.2828282828283,12.121212121212121,9.09090909090909,88.88888888888889,361.6161616161616,8.9
2ae19629-2071-13a3-e055-000000000001,"Mín Charraigeach, Dún na nGall",57.0,824.561403508772,35.08771929824561,0.0,122.80701754385964,17.543859649122805,12.3
2ae19629-2072-13a3-e055-000000000001,"Millford, Donegal",816.0,742.6470588235294,11.029411764705882,12.254901960784313,158.08823529411765,75.98039215686273,15.8
2ae19629-2073-13a3-e055-000000000001,"Mintiaghs, Donegal",337.0,833.8278931750742,5.934718100890208,17.804154302670625,91.98813056379822,50.445103857566764,9.2
2ae19629-207c-13a3-e055-000000000001,"Moville, Donegal",1365.0,699.6336996336996,8.791208791208792,13.91941391941392,116.48351648351648,161.1721611721612,11.6
2ae19629-207d-13a3-e055-000000000001,"Maol Mosóg, Dún na nGall",130.0,684.6153846153846,0.0,23.076923076923077,192.30769230769232,100.0,19.2
2ae19629-2089-13a3-e055-000000000001,"Newtown Cunningham, Donegal",447.0,827.7404921700223,2.237136465324385,31.319910514541387,123.04250559284117,15.659955257270694,12.3
2ae19629-208a-13a3-e055-000000000001,"Pettigoe, Donegal",236.0,720.3389830508474,4.237288135593221,4.237288135593221,194.91525423728814,76.27118644067797,19.5
2ae19629-2095-13a3-e055-000000000001,"Raphoe, Donegal",699.0,844.062947067239,8.583690987124463,2.8612303290414878,123.03290414878398,21.459227467811157,12.3
2ae19629-2096-13a3-e055-000000000001,"Rathmelton, Donegal",1149.0,813.751087902524,10.443864229765014,14.795474325500436,111.4012184508268,49.60835509138381,11.1
2ae19629-2097-13a3-e055-000000000001,"Rathmullan, Donegal",825.0,432.72727272727275,23.03030303030303,6.0606060606060606,69.0909090909091,469.0909090909091,6.9
2ae19629-209f-13a3-e055-000000000001,"Redcastle, Donegal",436.0,713.302752293578,9.174311926605505,25.22935779816514,107.79816513761469,144.49541284403668,10.8
2ae19629-20a0-13a3-e055-000000000001,"Ros Goill, Dún na nGall",920.0,344.5652173913044,19.565217391304348,7.608695652173913,48.913043478260875,579.3478260869566,4.9
2ae19629-20a1-13a3-e055-000000000001,"Rosnakill, Donegal",135.0,733.3333333333333,7.407407407407407,7.407407407407407,118.51851851851852,133.33333333333334,11.9
2ae19629-20a2-13a3-e055-000000000001,"Inis Mhic an Doirn, Dún na nGall",1195.0,530.5439330543933,14.225941422594143,6.694560669456067,75.31380753138076,373.22175732217573,7.5
2ae19629-20ad-13a3-e055-000000000001,"Suí Corr, Dún na nGall",39.0,923.0769230769231,0.0,0.0,76.92307692307693,0.0,7.7
2ae19629-20ae-13a3-e055-000000000001,"St. Johnstown, Donegal",602.0,888.704318936877,11.627906976744185,23.25581395348837,69.76744186046511,6.644518272425249,7.0
2ae19629-20bb-13a3-e055-000000000001,"Straid, Donegal",623.0,725.5216693418942,6.420545746388443,19.261637239165328,138.04173354735153,110.75441412520064,13.8
2ae19629-20bc-13a3-e055-000000000001,"Stranorlar, Donegal",2167.0,824.1808952468851,1.3844023996308261,12.921089063221043,143.05491462851867,18.458698661744346,14.3
2ae19629-20c8-13a3-e055-000000000001,"Tantallon, Donegal",895.0,743.0167597765363,8.938547486033519,14.52513966480447,121.7877094972067,111.73184357541899,12.2
2ae19629-20c9-13a3-e055-000000000001,"Tawnawully, Donegal",166.0,734.9397590361447,12.048192771084338,12.048192771084338,96.3855421686747,144.57831325301206,9.6
2ae19629-20ca-13a3-e055-000000000001,"Templecarn, Donegal",69.0,666.6666666666666,0.0,0.0,260.8695652173913,72.46376811594203,26.1
2ae19629-20d4-13a3-e055-000000000001,"Templedouglas, Donegal",394.0,878.1725888324872,5.076142131979695,5.076142131979695,88.83248730964468,22.84263959390863,8.9
2ae19629-20d5-13a3-e055-000000000001,"An Tearmann, Dún na nGall",230.0,821.7391304347826,4.3478260869565215,4.3478260869565215,108.69565217391305,60.869565217391305,10.9
2ae19629-20de-13a3-e055-000000000001,"Three Trees, Donegal",310.0,816.1290322580645,19.35483870967742,9.67741935483871,80.64516129032258,74.19354838709677,8.1
2ae19629-20df-13a3-e055-000000000001,"Tieveskeelta, Donegal",74.0,662.1621621621622,27.027027027027028,0.0,162.16216216216216,148.64864864864865,16.2
2ae19629-20ed-13a3-e055-000000000001,"Treantaghmucklagh, Donegal",315.0,885.7142857142857,15.873015873015872,3.1746031746031744,92.06349206349206,3.1746031746031744,9.2
2ae19629-20ee-13a3-e055-000000000001,"Tullynaught, Donegal",261.0,789.272030651341,0.0,15.32567049808429,107.27969348659005,88.12260536398468,10.7
2ae19629-20ef-13a3-e055-000000000001,"Turmone, Donegal",188.0,632.9787234042553,5.319148936170213,47.87234042553192,127.6595744680851,186.17021276595744,12.8
2ae19629-20f0-13a3-e055-000000000001,"Urney West, Donegal",244.0,889.344262295082,8.196721311475411,36.885245901639344,65.57377049180329,0.0,6.6
2ae19629-2063-13a3-e055-000000000001,"West Donegal, Donegal",485.0,562.8865979381443,14.43298969072165,10.309278350515465,220.6185567010309,191.75257731958763,22.1
2ae19629-20f1-13a3-e055-000000000001,"Whitecastle, Donegal",448.0,750.0,20.089285714285715,35.714285714285715,98.21428571428571,95.98214285714286,9.8
2ae19629-1a63-13a3-e055-000000000001,"Aghabog, Monaghan",129.0,829.4573643410853,0.0,7.751937984496124,139.53488372093022,23.25581395348837,14.0
2ae19629-1a64-13a3-e055-000000000001,"Anketell Grove, Monaghan",441.0,907.0294784580499,9.070294784580499,15.873015873015872,56.68934240362812,11.337868480725623,5.7
2ae19629-1a65-13a3-e055-000000000001,"Annayalla, Monaghan",255.0,796.078431372549,11.76470588235294,15.686274509803921,172.54901960784312,3.9215686274509802,17.3
2ae19629-1a6e-13a3-e055-000000000001,"Anny, Monaghan",152.0,815.7894736842105,6.578947368421052,0.0,144.73684210526315,32.89473684210526,14.5
2ae19629-1a6f-13a3-e055-000000000001,"Ballybay Rural, Monaghan",647.0,894.8995363214838,3.0911901081916535,9.27357032457496,81.91653786707883,10.819165378670787,8.2
2ae19629-1a70-13a3-e055-000000000001,"Ballybay Urban, Monaghan",288.0,576.3888888888888,0.0,24.305555555555557,392.3611111111111,6.944444444444444,39.2
2ae19629-1a7b-13a3-e055-000000000001,"Ballymackney, Monaghan",383.0,872.0626631853786,2.6109660574412534,10.443864229765014,109.66057441253264,5.221932114882507,11.0
2ae19629-1a7c-13a3-e055-000000000001,"Bellanode, Monaghan",552.0,896.7391304347826,1.8115942028985508,16.304347826086957,79.71014492753622,5.434782608695652,8.0
2ae19629-1a7d-13a3-e055-000000000001,"Bellatrain, Monaghan",103.0,786.4077669902913,0.0,0.0,174.75728155339806,38.83495145631068,17.5
2ae19629-1a88-13a3-e055-000000000001,"Bocks, Monaghan",268.0,914.179104477612,0.0,11.194029850746269,63.43283582089553,11.194029850746269,6.3
2ae19629-1a89-13a3-e055-000000000001,"Bragan, Monaghan",123.0,845.5284552845529,0.0,24.390243902439025,113.8211382113821,16.260162601626018,11.4
2ae19629-1a8a-13a3-e055-000000000001,"Broomfield, Monaghan",310.0,841.9354838709677,16.129032258064516,6.451612903225806,119.35483870967742,16.129032258064516,11.9
2ae19629-1a94-13a3-e055-000000000001,"Caddagh, Monaghan",202.0,886.1386138613861,0.0,9.900990099009901,94.05940594059406,9.900990099009901,9.4
2ae19629-1a95-13a3-e055-000000000001,"Carrickaslane, Monaghan",265.0,890.5660377358491,3.7735849056603774,3.7735849056603774,90.56603773584905,11.320754716981131,9.1
2ae19629-1a96-13a3-e055-000000000001,"Carrickatee, Monaghan",138.0,855.072463768116,0.0,0.0,130.43478260869566,14.492753623188406,13.0
2ae19629-1a9e-13a3-e055-000000000001,"Carrickmacross Rural, Monaghan",1668.0,910.0719424460432,3.5971223021582737,14.98800959232614,65.34772182254196,5.995203836930456,6.5
2ae19629-1a9f-13a3-e055-000000000001,"Carrickmacross Urban, Monaghan",1141.0,834.3558282208588,6.134969325153374,17.5284837861525,129.71078001752846,12.269938650306749,13.0
2ae19629-1aaa-13a3-e055-000000000001,"Castleblayney Rural, Monaghan",1585.0,913.564668769716,3.7854889589905363,21.45110410094637,57.413249211356465,3.7854889589905363,5.7
2ae19629-1aa0-13a3-e055-000000000001,"Castleblayney Urban, Monaghan",562.0,827.4021352313167,3.558718861209964,19.572953736654803,140.5693950177936,8.896797153024911,14.1
2ae19629-1aab-13a3-e055-000000000001,"Castleshane, Monaghan",384.0,861.9791666666666,7.8125,20.833333333333332,109.375,0.0,10.9
2ae19629-1ab4-13a3-e055-000000000001,"Church Hill, Monaghan",295.0,884.7457627118645,0.0,20.338983050847457,88.13559322033898,6.779661016949152,8.8
2ae19629-1ab6-13a3-e055-000000000001,"Clones Rural, Monaghan",681.0,883.9941262848752,2.936857562408223,13.215859030837004,92.51101321585902,7.342143906020558,9.3
2ae19629-1abe-13a3-e055-000000000001,"Clones Urban, Monaghan",595.0,788.2352941176471,5.04201680672269,15.126050420168067,181.5126050420168,10.08403361344538,18.2
2ae19629-1ab5-13a3-e055-000000000001,"Clones, Monaghan",201.0,885.5721393034826,9.950248756218905,14.925373134328359,69.65174129353234,19.90049751243781,7.0
2ae19629-1abf-13a3-e055-000000000001,"Clontibret, Monaghan",317.0,817.0347003154575,0.0,6.309148264984227,160.8832807570978,15.772870662460567,16.1
2ae19629-1ac0-13a3-e055-000000000001,"Cormeen, Monaghan",209.0,818.1818181818182,4.784688995215311,4.784688995215311,162.67942583732057,9.569377990430622,16.3
2ae19629-1ac1-13a3-e055-000000000001,"Corracharra, Monaghan",125.0,832.0,0.0,8.0,136.0,24.0,13.6
2ae19629-1acc-13a3-e055-000000000001,"Creeve, Monaghan",250.0,912.0,0.0,0.0,88.0,0.0,8.8
2ae19629-1acd-13a3-e055-000000000001,"Cremartin, Monaghan",477.0,865.8280922431866,6.289308176100629,0.0,121.59329140461216,6.289308176100629,12.2
2ae19629-1ace-13a3-e055-000000000001,"Crossalare, Monaghan",266.0,898.4962406015038,3.7593984962406015,15.037593984962406,75.18796992481202,7.518796992481203,7.5
2ae19629-1ad8-13a3-e055-000000000001,"Currin, Monaghan",312.0,814.1025641025641,9.615384615384617,6.41025641025641,153.84615384615387,16.025641025641026,15.4
2ae19629-1ad9-13a3-e055-000000000001,"Dawsongrove, Monaghan",306.0,846.4052287581699,3.2679738562091503,22.87581699346405,120.91503267973856,6.5359477124183005,12.1
2ae19629-1ae6-13a3-e055-000000000001,"Derrygorry, Monaghan",113.0,893.8053097345132,0.0,26.548672566371682,79.64601769911505,0.0,8.0
2ae19629-1ae7-13a3-e055-000000000001,"Donaghmoyne, Monaghan",256.0,894.53125,0.0,11.71875,85.9375,7.8125,8.6
2ae19629-1af2-13a3-e055-000000000001,"Drum, Monaghan",84.0,797.6190476190477,0.0,0.0,154.76190476190476,47.61904761904761,15.5
2ae19629-1af3-13a3-e055-000000000001,"Drumboory, Monaghan",194.0,907.2164948453608,0.0,5.154639175257732,82.47422680412372,5.154639175257732,8.2
2ae19629-1af4-13a3-e055-000000000001,"Drumcarrow, Monaghan",188.0,861.7021276595744,0.0,10.638297872340425,111.70212765957446,15.957446808510637,11.2
2ae19629-1a3c-13a3-e055-000000000001,"Drumgurra, Monaghan",280.0,864.2857142857143,0.0,14.285714285714285,114.28571428571428,7.142857142857142,11.4
2ae19629-1a3d-13a3-e055-000000000001,"Drumhillagh, Monaghan",247.0,939.2712550607288,4.048582995951417,4.048582995951417,52.63157894736842,0.0,5.3
2ae19629-1a3e-13a3-e055-000000000001,"Drummully, Monaghan",52.0,846.1538461538462,19.230769230769234,0.0,134.6153846153846,0.0,13.5
2ae19629-1a4b-13a3-e055-000000000001,"Drumsnat, Monaghan",435.0,901.1494252873563,0.0,6.896551724137931,80.45977011494253,11.494252873563218,8.0
2ae19629-1a4c-13a3-e055-000000000001,"Emyvale, Monaghan",494.0,900.8097165991903,0.0,14.17004048582996,76.92307692307693,8.097165991902834,7.7
2ae19629-1a4d-13a3-e055-000000000001,"Enagh, Monaghan, 177043",197.0,918.7817258883249,0.0,10.15228426395939,65.98984771573605,5.076142131979695,6.6
2ae19629-1a5a-13a3-e055-000000000001,"Enagh, Monaghan, 177044",263.0,889.7338403041824,0.0,7.604562737642586,95.05703422053232,7.604562737642586,9.5
2ae19629-1a5b-13a3-e055-000000000001,"Figullar, Monaghan",193.0,880.8290155440415,0.0,15.544041450777202,93.26424870466322,10.362694300518134,9.3
2ae19629-1a66-13a3-e055-000000000001,"Glaslough, Monaghan",399.0,814.5363408521304,0.0,42.606516290726816,100.25062656641603,42.606516290726816,10.0
2ae19629-1a67-13a3-e055-000000000001,"Greagh, Monaghan",191.0,884.8167539267016,0.0,5.235602094240838,99.47643979057591,10.471204188481677,9.9
2ae19629-1a71-13a3-e055-000000000001,"Inishkeen, Monaghan",456.0,890.3508771929825,0.0,13.157894736842104,89.91228070175438,6.578947368421052,9.0
2ae19629-1a72-13a3-e055-000000000001,"Killeevan, Monaghan",154.0,805.1948051948052,0.0,6.493506493506494,162.33766233766232,25.974025974025977,16.2
2ae19629-1a7e-13a3-e055-000000000001,"Killylough, Monaghan",221.0,909.5022624434389,0.0,9.04977375565611,72.39819004524888,9.04977375565611,7.2
2ae19629-1a7f-13a3-e055-000000000001,"Killynenagh, Monaghan",75.0,933.3333333333334,0.0,0.0,66.66666666666667,0.0,6.7
2ae19629-1a80-13a3-e055-000000000001,"Kilmore, Monaghan",220.0,845.4545454545455,0.0,36.36363636363636,109.09090909090908,9.09090909090909,10.9
2ae19629-1a8b-13a3-e055-000000000001,"Kilmurry, Monaghan",241.0,850.6224066390041,12.448132780082986,12.448132780082986,124.48132780082987,0.0,12.4
2ae19629-1a8c-13a3-e055-000000000001,"Kiltybegs, Monaghan",260.0,869.2307692307693,0.0,3.8461538461538463,123.07692307692308,3.8461538461538463,12.3
2ae19629-1a8d-13a3-e055-000000000001,"Laragh, Monaghan",231.0,852.8138528138528,4.329004329004329,4.329004329004329,138.52813852813853,0.0,13.9
2ae19629-1a97-13a3-e055-000000000001,"Lisnaveane, Monaghan",168.0,875.0,0.0,11.904761904761903,107.14285714285714,5.952380952380952,10.7
2ae19629-1a98-13a3-e055-000000000001,"Lough Fea, Monaghan",258.0,899.2248062015505,3.875968992248062,15.503875968992247,65.89147286821706,15.503875968992247,6.6
2ae19629-1aa1-13a3-e055-000000000001,"Monaghan Rural, Monaghan",2564.0,902.8861154446179,1.5600624024960998,21.06084243369735,70.59282371294852,3.9001560062402496,7.1
2ae19629-1aa2-13a3-e055-000000000001,"Monaghan Urban, Monaghan",1261.0,751.7842981760507,3.9651070578905627,15.06740681998414,227.5971451229183,1.5860428231562251,22.8
2ae19629-1aa3-13a3-e055-000000000001,"Mullyash, Monaghan",157.0,840.7643312101911,0.0,25.477707006369428,133.7579617834395,0.0,13.4
2ae19629-1aac-13a3-e055-000000000001,"Newbliss, Monaghan",359.0,894.150417827298,11.142061281337048,11.142061281337048,64.06685236768803,19.498607242339833,6.4
2ae19629-1aad-13a3-e055-000000000001,"Rackwallace, Monaghan",363.0,865.0137741046832,2.7548209366391188,5.5096418732782375,118.4573002754821,8.264462809917356,11.8
2ae19629-1ab7-13a3-e055-000000000001,"Raferagh, Monaghan",189.0,830.6878306878307,5.291005291005291,5.291005291005291,142.85714285714286,15.873015873015872,14.3
2ae19629-1ab8-13a3-e055-000000000001,"Scotstown, Monaghan",456.0,877.1929824561403,0.0,10.964912280701753,96.49122807017544,15.350877192982455,9.6
2ae19629-1ac2-13a3-e055-000000000001,"Shanmullagh, Monaghan",93.0,924.7311827956988,0.0,10.752688172043012,64.51612903225806,0.0,6.5
2ae19629-1ac3-13a3-e055-000000000001,"Sheskin, Monaghan",270.0,851.8518518518518,14.814814814814815,11.11111111111111,103.7037037037037,18.51851851851852,10.4
2ae19629-1ac4-13a3-e055-000000000001,"St. Tierney, Monaghan",153.0,915.032679738562,0.0,0.0,65.35947712418302,19.607843137254903,6.5
2ae19629-1ac5-13a3-e055-000000000001,"Tedavnet, Monaghan",372.0,895.1612903225806,5.376344086021506,16.129032258064516,77.95698924731182,5.376344086021506,7.8
2ae19629-1acf-13a3-e055-000000000001,"Tehallan, Monaghan",345.0,886.9565217391304,0.0,11.594202898550725,98.55072463768117,2.898550724637681,9.9
2ae19629-1ad0-13a3-e055-000000000001,"Tullycorbet, Monaghan",257.0,883.2684824902724,11.673151750972762,7.782101167315175,93.3852140077821,3.8910505836575875,9.3
IE0,Ireland,2112121.0,869.6130572064764,4.834003354921427,16.473488024597074,77.37861609254394,31.700835321461224,7.7
