"area_code","area_name","A1101","A110101","A110102","A1102","A110201","A110202","A1301","A130101","A130102","A1302","A130201","A130202","A1303","A130301","A130302","A4101","A4200","A5101","A5102","A9101","A9201","E1101","E1501","E2101","E2401","E2501","E3101","E3401","E3501","E4101","E4501","I510120","I5102","I5103"
"R01100","札幌市","1973395","918682","1054713","1933094","897727","1035367","215366","110196","105170","1185724","566874","618850","541242","224966","316276","10352","23843","110212","99469","7908","3558","86","10594","201","5341","87431","106","3114","45295","51","40838","172","1433","1183"
"R01202","函館市","251084","113965","137119","248208","112718","135490","23560","11984","11576","134953","64971","69982","89257","35342","53915","947","4466","7225","7774","734","376","11","774","40","726","8835","22","433","5234","14","5974","26","197","121"
"R01203","小樽市","111299","50136","61163","109971","49441","60530","9169","4678","4491","55643","26790","28853","45426","18009","27417","348","2122","2664","3135","245","132","11","452","17","330","3550","13","227","2077","7","2665","11","76","74"
"R01204","旭川市","329306","152108","177198","325287","150318","174969","34691","17797","16894","178060","85575","92485","112411","46768","65643","1565","5165","8717","9477","1068","557","26","1719","52","1199","13572","27","640","7436","13","8093","33","225","170"
"R01205","室蘭市","82383","40390","41993","81658","39960","41698","7769","3916","3853","43398","23259","20139","30330","12565","17765","343","1441","2460","3137","237","121","8","620","9","226","2859","8","144","1558","6","2415","6","50","39"
"R01206","釧路市","165077","77506","87571","163026","76789","86237","16634","8495","8139","90595","44886","45709","56355","23465","32890","644","2628","4589","5883","464","322","24","1459","25","576","5708","15","316","3275","8","3679","15","78","82"
"R01207","帯広市","166536","79623","86913","165759","79211","86548","19073","9762","9311","96804","48097","48707","49000","20616","28384","902","2171","6208","6773","668","296","11","1065","25","607","6975","13","328","3768","8","4817","17","111","93"
"R01208","北見市","115480","54729","60751","114601","54346","60255","12014","6170","5844","63217","31713","31504","38841","16230","22611","549","1789","3378","3854","355","214","7","432","22","471","4683","13","277","2551","8","2663","12","65","49"
"R01209","夕張市","7334","3381","3953","7247","3373","3874","411","199","212","3093","1609","1484","3828","1571","2257","10","177","129","232","19","8","0","0","1","19","129","1","18","85","1","59","0","5","4"
"R01210","岩見沢市","79306","37105","42201","79031","36970","42061","7859","3961","3898","42391","21004","21387","28880","12062","16818","312","1317","2208","2535","203","82","5","484","14","286","3041","9","179","1762","4","1889","5","60","46"
"R01211","網走市","35759","18060","17699","35429","17962","17467","3731","1932","1799","20405","11042","9363","11259","4818","6441","143","481","1314","1706","116","62","2","125","9","167","1316","6","102","779","2","822","3","18","14"
"R01212","留萌市","20114","9649","10465","19940","9610","10330","1711","885","826","9981","5234","4747","7425","3002","4423","83","360","707","1024","56","25","2","100","5","95","642","2","43","371","1","436","2","16","11"
"R01213","苫小牧市","170113","83522","86591","168873","82739","86134","20426","10593","9833","96847","49324","47523","50022","21637","28385","891","2199","5292","5375","633","357","7","827","22","600","8046","14","357","4320","7","3624","10","93","73"
"R01214","稚内市","33563","16651","16912","33083","16509","16574","3484","1806","1678","18920","10016","8904","11025","4739","6286","128","475","1068","1495","93","48","4","177","10","151","1268","6","91","658","2","729","3","16","10"
"R01215","美唄市","20413","9565","10848","20343","9527","10816","1539","813","726","10169","5143","5026","8642","3575","5067","42","430","428","626","47","29","2","84","2","50","551","2","35","318","2","420","3","11","13"
"R01216","芦別市","12555","5762","6793","12536","5758","6778","845","435","410","5705","2854","2851","5995","2464","3531","32","323","260","349","22","15","1","85","2","38","293","1","19","177","1","119","2","4","8"
"R01217","江別市","121056","57523","63533","119589","56702","62887","13400","6786","6614","69555","34012","35543","36783","15876","20907","575","1484","4289","4029","232","161","5","588","17","431","5842","9","262","3481","5","3672","5","69","64"
"R01218","赤平市","9698","4388","5310","9631","4355","5276","603","299","304","4280","2139","2141","4669","1878","2791","30","241","184","281","13","11","1","21","1","32","219","1","19","145","0","0","2","3","4"
"R01219","紋別市","21215","9901","11314","20674","9803","10871","1971","992","979","11515","5782","5733","7697","3104","4593","81","363","580","869","68","30","1","38","5","101","705","3","52","395","1","380","3","9","9"
"R01220","士別市","17858","8416","9442","17756","8349","9407","1652","855","797","8803","4490","4313","7350","3044","4306","59","279","382","623","46","22","3","109","6","91","559","4","66","361","2","317","1","12","8"
"R01221","名寄市","27282","13322","13960","27014","13167","13847","3018","1561","1457","15232","7893","7339","8747","3682","5065","140","348","992","1384","87","47","3","264","6","121","1098","3","61","535","2","397","4","10","15"
"R01222","三笠市","8040","3631","4409","8025","3621","4404","655","315","340","3566","1845","1721","3819","1471","2348","32","186","264","282","18","9","0","0","2","32","248","2","27","124","1","99","2","4","3"
"R01223","根室市","24636","11762","12874","24249","11666","12583","2396","1217","1179","13370","6832","6538","8648","3550","5098","103","393","597","964","82","49","2","137","4","91","731","2","45","367","1","454","1","7","7"
"R01224","千歳市","97950","49790","48160","97223","49450","47773","13012","6681","6331","62066","32906","29160","22690","10088","12602","657","970","5203","5684","503","185","8","977","18","382","5146","9","190","2621","3","1422","5","57","41"
"R01225","滝川市","39490","18832","20658","39013","18548","20465","3995","2104","1891","21161","10702","10459","13821","5682","8139","164","627","1417","1766","124","68","2","203","6","138","1412","3","81","862","3","1336","4","23","20"
"R01226","砂川市","16486","7607","8879","16450","7588","8862","1388","682","706","8138","3985","4153","6404","2640","3764","55","332","533","623","52","18","1","61","5","76","536","1","29","304","1","167","1","7","8"
"R01227","歌志内市","2989","1399","1590","2979","1393","1586","142","80","62","1252","659","593","1592","658","934","14","82","67","88","4","2","0","0","0","0","0","0","0","0","0","0","1","3","1"
"R01228","深川市","20039","9362","10677","19927","9311","10616","1634","853","781","9802","4981","4821","8544","3482","5062","70","365","543","721","50","14","2","61","6","91","670","2","35","335","2","319","3","13","11"
"R01229","富良野市","21131","9947","11184","20825","9818","11007","2211","1126","1085","11512","5645","5867","7255","3073","4182","110","313","656","864","60","31","4","259","6","103","784","3","52","461","2","518","2","11","13"
"R01230","登別市","46391","22146","24245","46118","22023","24095","4775","2480","2295","24170","12215","11955","17287","7373","9914","166","744","1343","1684","123","71","4","396","8","152","1784","5","89","842","1","317","6","18","17"
"R01231","恵庭市","70331","34088","36243","69840","33832","36008","8701","4476","4225","41413","20687","20726","19673","8560","11113","354","872","3049","2831","196","111","5","659","8","236","3581","5","144","1893","3","1837","5","34","36"
"R01233","伊達市","32826","15176","17650","32644","15144","17500","3355","1714","1641","16832","8168","8664","12601","5268","7333","149","591","921","1104","71","51","2","171","5","110","1223","3","63","703","1","556","2","27","18"
"R01234","北広島市","58171","27763","30408","57695","27517","30178","6395","3267","3128","32140","15829","16311","19380","8514","10866","235","751","2065","2057","135","107","4","357","9","200","2647","8","164","1738","3","2277","5","34","29"
"R01235","石狩市","56869","27324","29545","56418","27146","29272","6821","3502","3319","30645","15273","15372","19402","8549","10853","254","775","1569","1656","105","117","0","0","9","214","2849","6","138","1481","2","1713","4","26","23"
"R01236","北斗市","44302","20542","23760","44002","20505","23497","5444","2808","2636","25434","12184","13250","13332","5541","7791","186","665","1126","1529","104","98","4","272","11","183","1951","5","103","1109","3","521","0","25","15"
"R01303","当別町","15916","7703","8213","15739","7612","8127","1178","589","589","8983","4509","4474","5553","2482","3071","53","228","577","625","26","10","0","0","1","17","212","1","18","137","1","179","0","15","6"
"R01304","新篠津村","3044","1484","1560","3035","1477","1558","300","160","140","1591","852","739","1142","467","675","12","68","67","92","5","3","0","0","1","14","128","1","13","53","0","0","0","3","1"
"R01331","松前町","6260","2805","3455","6218","2800","3418","377","187","190","2611","1272","1339","3266","1343","1923","12","166","155","218","7","7","0","0","3","24","123","1","15","73","1","50","1","3","3"
"R01332","福島町","3794","1755","2039","3758","1753","2005","228","103","125","1711","871","840","1851","778","1073","9","88","93","99","2","0","1","10","2","17","95","1","14","37","1","47","0","3","2"
"R01333","知内町","4167","2060","2107","4104","2052","2052","357","176","181","2160","1156","1004","1649","727","922","15","58","76","143","9","2","0","0","2","22","120","1","16","82","1","129","0","4","2"
"R01334","木古内町","3832","1750","2082","3807","1745","2062","232","113","119","1678","831","847","1908","793","1115","10","105","96","125","7","2","0","0","1","16","81","1","14","65","0","0","1","3","0"
"R01337","七飯町","27686","12679","15007","27574","12661","14913","3215","1637","1578","14743","6996","7747","9719","4040","5679","126","439","823","913","80","51","1","161","4","94","1236","2","48","613","1","284","2","16","9"
"R01343","鹿部町","3760","1779","1981","3646","1756","1890","342","176","166","1901","919","982","1517","684","833","11","45","80","111","9","6","1","42","1","17","115","1","14","84","0","0","0","2","1"
"R01345","森町","14338","6658","7680","14000","6590","7410","1364","682","682","7403","3659","3744","5532","2289","3243","34","275","269","459","27","17","2","51","5","53","468","2","37","293","1","73","2","8","6"
"R01346","八雲町","15826","7894","7932","15526","7746","7780","1591","831","760","8504","4600","3904","5534","2311","3223","66","256","559","665","50","26","1","35","7","86","552","4","55","317","1","192","2","5","7"
"R01347","長万部町","5109","2448","2661","4932","2394","2538","415","200","215","2507","1337","1170","2088","854","1234","22","113","138","216","11","8","0","0","1","17","149","1","11","94","1","39","1","2","2"
"R01361","江差町","7428","3569","3859","7406","3555","3851","589","295","294","3950","2097","1853","2846","1145","1701","27","136","305","394","21","8","0","0","3","45","197","2","27","115","1","179","2","4","3"
"R01362","上ノ国町","4306","1965","2341","4255","1944","2311","388","197","191","2047","986","1061","1868","779","1089","15","104","90","145","6","2","0","0","2","25","147","1","16","86","1","51","0","3","2"
"R01363","厚沢部町","3592","1717","1875","3562","1711","1851","339","181","158","1713","882","831","1540","654","886","6","69","67","125","4","6","0","0","3","34","131","1","15","87","0","0","1","1","1"
"R01364","乙部町","3403","1538","1865","3386","1537","1849","284","142","142","1567","746","821","1552","650","902","7","68","60","107","8","2","0","0","2","19","87","1","16","67","0","0","1","1","1"
"R01367","奥尻町","2410","1280","1130","2402","1276","1126","163","86","77","1250","774","476","997","420","577","8","35","129","216","11","0","2","24","2","21","70","1","15","36","1","53","1","3","0"
"R01370","今金町","5072","2446","2626","5068","2444","2624","468","236","232","2515","1334","1181","2089","876","1213","20","102","110","195","9","5","0","0","2","27","176","1","13","106","0","0","1","4","1"
"R01371","せたな町","7398","3466","3932","7368","3462","3906","587","298","289","3323","1706","1617","3482","1459","2023","22","168","164","232","12","7","0","0","3","36","202","3","42","130","1","163","2","5","4"
"R01391","島牧村","1356","687","669","1354","686","668","112","58","54","680","396","284","564","233","331","6","22","23","42","4","0","0","0","1","10","48","1","13","16","0","0","0","1","0"
"R01392","寿都町","2838","1397","1441","2784","1394","1390","258","139","119","1411","749","662","1167","508","659","12","64","89","126","4","3","0","0","2","22","106","1","14","60","1","70","0","2","2"
"R01393","黒松内町","2791","1353","1438","2775","1348","1427","304","163","141","1385","758","627","1102","432","670","17","77","108","186","9","3","0","0","2","30","105","2","21","72","0","0","0","4","1"
"R01394","蘭越町","4568","2197","2371","4530","2175","2355","453","229","224","2285","1180","1105","1828","786","1042","12","79","159","191","13","4","1","13","2","29","200","1","15","95","1","44","1","3","2"
"R01395","ニセコ町","5074","2624","2450","4799","2445","2354","619","339","280","2797","1484","1313","1307","595","712","25","49","257","285","11","8","1","16","2","34","286","1","15","144","1","88","0","2","2"
"R01396","真狩村","2045","1035","1010","2008","1006","1002","242","131","111","1098","602","496","705","302","403","17","26","74","90","5","1","0","0","1","14","77","1","13","41","1","59","0","3","1"
"R01397","留寿都村","1911","971","940","1798","923","875","234","115","119","1184","638","546","493","218","275","9","24","91","110","4","2","0","0","1","12","80","1","12","46","1","46","0","2","1"
"R01398","喜茂別町","2156","1112","1044","2093","1093","1000","177","92","85","1044","560","484","805","366","439","10","38","80","105","7","2","0","0","2","14","62","1","11","34","0","0","0","2","2"
"R01399","京極町","2941","1420","1521","2887","1410","1477","297","158","139","1446","733","713","1114","483","631","15","48","108","105","3","4","0","0","1","21","109","1","11","69","0","0","0","2","2"
"R01400","倶知安町","15129","7787","7342","14257","7301","6956","1941","999","942","9096","4995","4101","3731","1611","2120","103","170","992","1161","77","26","2","151","5","81","755","1","30","379","2","433","1","10","8"
"R01401","共和町","5772","3047","2725","5763","3044","2719","650","340","310","3273","1884","1389","1826","800","1026","31","77","233","293","22","8","2","21","3","38","233","1","16","128","0","0","0","4","3"
"R01402","岩内町","11648","5500","6148","11599","5477","6122","1106","574","532","6157","3149","3008","4364","1757","2607","42","233","417","437","42","14","2","62","2","40","393","2","33","252","1","193","1","10","7"
"R01403","泊村","1569","784","785","1566","784","782","147","80","67","797","461","336","625","243","382","6","32","68","78","6","1","0","0","1","12","44","1","14","31","0","0","0","3","1"
"R01404","神恵内村","870","400","470","869","399","470","65","28","37","357","195","162","448","177","271","0","20","19","20","1","0","0","0","1","8","20","1","11","13","0","0","0","1","1"
"R01405","積丹町","1831","855","976","1827","851","976","148","81","67","823","427","396","859","346","513","4","60","47","73","0","2","0","0","4","22","56","1","14","31","0","0","0","2","1"
"R01406","古平町","2745","1307","1438","2692","1301","1391","207","111","96","1297","659","638","1154","492","662","5","56","48","63","6","2","0","0","1","17","82","1","12","44","0","0","0","1","2"
"R01407","仁木町","3180","1526","1654","3113","1504","1609","344","178","166","1554","803","751","1282","545","737","13","67","122","101","7","5","0","0","2","23","137","2","28","87","0","0","0","3","2"
"R01408","余市町","18000","8342","9658","17863","8301","9562","1667","839","828","9020","4528","4492","7260","2943","4317","66","376","583","611","35","24","3","190","4","66","659","3","45","347","2","266","1","15","12"
"R01409","赤井川村","1165","606","559","1105","573","532","131","66","65","673","384","289","361","156","205","4","14","58","53","3","2","0","0","2","16","42","1","11","29","0","0","0","1","0"
"R01423","南幌町","7319","3461","3858","7273","3458","3815","693","357","336","4057","1981","2076","2555","1117","1438","38","112","423","224","8","16","1","208","1","28","336","1","18","153","0","0","1","2","5"
"R01424","奈井江町","5120","2405","2715","5091","2389","2702","439","233","206","2490","1268","1222","2189","902","1287","21","100","143","174","11","7","0","0","1","19","179","1","13","93","1","24","1","3","3"
"R01425","上砂川町","2841","1292","1549","2824","1281","1543","182","96","86","1201","613","588","1458","583","875","2","71","64","103","3","5","0","0","1","11","68","1","13","37","0","0","0","4","1"
"R01427","由仁町","4822","2302","2520","4798","2292","2506","401","219","182","2324","1202","1122","2044","851","1193","18","97","104","161","6","5","0","0","1","23","185","1","15","90","0","0","0","6","4"
"R01428","長沼町","10289","4919","5370","10239","4889","5350","1010","520","490","5280","2701","2579","3969","1678","2291","37","189","249","255","26","11","1","50","2","43","446","1","23","251","1","111","1","7","4"
"R01429","栗山町","11272","5176","6096","11233","5152","6081","1083","491","592","5528","2769","2759","4636","1894","2742","42","213","321","402","23","7","0","0","3","47","408","1","24","255","1","121","1","8","8"
"R01430","月形町","3691","2185","1506","3678","2174","1504","214","113","101","2064","1439","625","1376","610","766","11","64","142","169","6","3","0","0","1","16","80","1","11","45","1","36","1","4","2"
"R01431","浦臼町","1732","845","887","1724","843","881","173","83","90","781","417","364","777","344","433","7","38","40","52","2","1","0","0","1","14","55","1","14","43","0","0","0","3","1"
"R01432","新十津川町","6484","2976","3508","6465","2968","3497","719","355","364","3099","1535","1564","2666","1086","1580","26","121","141","160","9","11","1","125","1","26","336","1","18","153","1","96","1","2","3"
"R01433","妹背牛町","2693","1290","1403","2650","1256","1394","217","111","106","1207","638","569","1269","541","728","4","71","53","78","4","1","0","0","1","16","71","1","15","59","0","0","0","1","2"
"R01434","秩父別町","2329","1072","1257","2326","1071","1255","229","104","125","1093","544","549","985","411","574","10","45","66","81","10","0","0","0","1","14","100","1","13","37","0","0","0","2","1"
"R01436","雨竜町","2389","1165","1224","2380","1164","1216","194","101","93","1186","634","552","1009","430","579","8","46","39","71","5","0","0","0","1","14","84","1","15","53","0","0","1","1","1"
"R01437","北竜町","1724","823","901","1718","820","898","162","77","85","787","403","384","775","343","432","4","30","45","48","3","3","0","0","1","14","61","1","13","35","0","0","0","2","1"
"R01438","沼田町","2909","1392","1517","2903","1387","1516","257","122","135","1412","735","677","1240","535","705","13","55","107","108","9","1","0","0","1","17","98","1","12","43","0","0","0","3","2"
"R01452","鷹栖町","6567","3105","3462","6564","3102","3462","804","435","369","3491","1679","1812","2272","991","1281","29","103","183","217","12","11","0","0","2","39","298","1","19","164","1","83","0","2","2"
"R01453","東神楽町","10127","4702","5425","10084","4682","5402","1545","795","750","5638","2664","2974","2929","1232","1697","41","136","324","333","12","17","1","62","3","64","646","1","31","337","0","0","0","4","4"
"R01454","当麻町","6319","2912","3407","6309","2906","3403","649","308","341","3011","1480","1531","2659","1124","1535","29","110","172","179","15","6","1","44","2","33","272","1","18","160","0","0","0","4","2"
"R01455","比布町","3520","1662","1858","3517","1662","1855","353","174","179","1706","871","835","1461","617","844","13","67","84","80","6","2","0","0","0","0","0","0","0","0","0","0","0","3","1"
"R01456","愛別町","2605","1215","1390","2565","1213","1352","221","125","96","1178","585","593","1206","505","701","11","63","68","100","2","3","0","0","1","18","89","1","14","41","0","0","0","2","1"
"R01457","上川町","3500","1708","1792","3452","1688","1764","263","133","130","1687","931","756","1550","644","906","11","78","129","146","6","6","2","25","1","18","88","1","15","48","1","66","0","3","2"
"R01458","東川町","8314","3877","4437","8048","3771","4277","1085","547","538","4469","2162","2307","2759","1168","1591","43","133","454","300","13","19","0","0","4","69","518","1","22","242","1","184","0","3","3"
"R01459","美瑛町","9668","4495","5173","9582","4459","5123","927","430","497","4992","2479","2513","3749","1586","2163","35","154","314","325","31","10","0","0","6","84","372","2","40","238","1","50","1","3","4"
"R01460","上富良野町","10348","5363","4985","10266","5330","4936","1195","642","553","5741","3210","2531","3314","1446","1868","63","127","455","684","45","21","0","0","3","58","442","1","23","256","1","69","1","4","5"
"R01461","中富良野町","4733","2260","2473","4699","2255","2444","594","295","299","2406","1199","1207","1731","764","967","28","75","150","191","5","6","0","0","3","32","197","1","19","126","0","0","1","1","2"
"R01462","南富良野町","2376","1228","1148","2358","1218","1140","250","123","127","1355","772","583","766","328","438","6","37","90","125","5","2","0","0","2","27","114","1","14","38","1","49","0","6","1"
"R01463","占冠村","1306","653","653","1161","572","589","100","46","54","847","432","415","305","142","163","1","13","97","135","2","3","0","0","1","8","30","1","7","9","0","0","0","2","3"
"R01464","和寒町","3192","1497","1695","3170","1482","1688","308","170","138","1470","743","727","1414","584","830","5","59","64","110","1","6","0","0","1","16","109","1","14","71","0","0","0","4","2"
"R01465","剣淵町","2926","1425","1501","2925","1425","1500","279","161","118","1451","749","702","1196","515","681","13","55","57","117","4","0","0","0","1","16","91","1","14","59","1","57","0","3","1"
"R01468","下川町","3126","1491","1635","3100","1479","1621","316","160","156","1514","789","725","1257","523","734","16","63","94","155","4","8","0","0","1","17","114","1","15","58","1","88","1","1","0"
"R01469","美深町","4145","2038","2107","4110","2021","2089","369","197","172","2075","1095","980","1699","744","955","18","84","131","180","6","3","0","0","2","25","124","2","23","86","1","70","1","2","1"
"R01470","音威子府村","706","365","341","705","364","341","44","22","22","432","238","194","208","97","111","2","16","68","100","4","1","1","7","1","5","11","1","7","7","1","110","0","1","0"
"R01471","中川町","1528","805","723","1495","786","709","140","73","67","770","456","314","593","264","329","4","25","67","79","6","1","0","0","1","11","55","1","15","35","0","0","0","2","1"
"R01472","幌加内町","1370","681","689","1368","680","688","120","68","52","691","370","321","559","243","316","3","19","53","70","0","1","0","0","2","17","42","1","14","24","1","44","0","4","1"
"R01481","増毛町","3908","1776","2132","3828","1752","2076","323","172","151","1857","937","920","1728","667","1061","6","105","75","112","6","9","0","0","1","18","118","1","14","73","0","0","0","5","1"
"R01482","小平町","2994","1431","1563","2927","1411","1516","265","146","119","1527","790","737","1201","494","707","7","52","47","105","2","3","2","47","2","24","105","1","13","45","0","0","0","3","2"
"R01483","苫前町","2936","1428","1508","2910","1418","1492","285","153","132","1463","769","694","1186","505","681","8","74","82","106","7","1","0","0","2","26","106","1","16","62","1","39","0","3","2"
"R01484","羽幌町","6548","3163","3385","6526","3150","3376","619","337","282","3096","1680","1416","2832","1145","1687","13","126","212","309","16","11","1","19","3","33","202","3","26","145","2","152","2","3","3"
"R01485","初山別村","1080","518","562","1072","512","560","90","46","44","569","285","284","421","187","234","4","19","32","65","3","1","0","0","1","8","44","1","11","20","0","0","0","4","1"
"R01486","遠別町","2520","1222","1298","2460","1201","1259","248","129","119","1238","658","580","1034","435","599","9","48","53","113","1","2","0","0","1","15","93","1","14","50","1","56","1","1","1"
"R01487","天塩町","2950","1478","1472","2912","1459","1453","300","152","148","1545","848","697","1097","472","625","12","42","106","182","6","7","0","0","2","24","106","1","16","56","1","84","1","1","2"
"R01511","猿払村","2611","1285","1326","2450","1250","1200","366","183","183","1622","832","790","615","264","351","24","31","64","92","8","1","0","0","4","35","148","1","15","64","0","0","1","3","1"
"R01512","浜頓別町","3448","1675","1773","3367","1665","1702","312","151","161","1831","968","863","1293","544","749","17","51","112","171","11","4","0","0","1","18","121","1","13","52","1","87","1","3","1"
"R01513","中頓別町","1637","818","819","1633","816","817","160","80","80","822","459","363","655","279","376","10","33","65","85","3","4","0","0","1","14","54","1","14","33","0","0","1","2","1"
"R01514","枝幸町","7565","3600","3965","7435","3588","3847","790","389","401","4078","2079","1999","2696","1132","1564","36","152","178","312","14","5","0","0","7","66","259","3","44","145","1","123","1","3","4"
"R01516","豊富町","3974","2098","1876","3932","2086","1846","388","218","170","2114","1172","942","1357","613","744","9","60","127","154","8","3","0","0","2","26","139","2","22","90","1","47","0","3","1"
"R01517","礼文町","2509","1284","1225","2481","1280","1201","259","133","126","1340","727","613","910","424","486","13","26","108","145","5","5","0","0","3","23","80","2","23","51","1","52","0","3","2"
"R01518","利尻町","2004","994","1010","2003","993","1010","185","94","91","1010","543","467","809","357","452","7","35","87","106","5","1","0","0","2","18","71","1","16","34","1","60","1","1","2"
"R01519","利尻富士町","2458","1188","1270","2447","1187","1260","252","138","114","1265","657","608","941","393","548","7","41","114","129","4","2","0","0","2","20","85","2","22","53","0","0","0","4","2"
"R01520","幌延町","2371","1290","1081","2343","1275","1068","274","136","138","1416","849","567","681","305","376","12","31","103","152","7","6","0","0","2","23","102","2","17","55","0","0","0","4","1"
"R01543","美幌町","18697","9063","9634","18609","9051","9558","1928","990","938","10043","5189","4854","6713","2872","3841","76","330","457","735","67","25","1","70","3","77","671","2","40","419","1","179","2","7","10"
"R01544","津別町","4373","2096","2277","4363","2093","2270","365","179","186","1940","1056","884","1978","816","1162","13","92","90","127","9","4","0","0","1","24","153","1","15","81","1","63","1","1","0"
"R01545","斜里町","11418","5672","5746","11231","5611","5620","1337","687","650","6221","3307","2914","3839","1659","2180","40","192","315","438","32","12","0","0","2","48","437","1","20","244","1","85","1","3","6"
"R01546","清里町","3883","1882","2001","3879","1879","2000","453","247","206","1868","972","896","1484","628","856","9","67","102","125","12","4","1","36","1","24","182","1","15","104","1","83","0","2","1"
"R01547","小清水町","4623","2207","2416","4600","2206","2394","533","274","259","2312","1171","1141","1772","758","1014","12","79","112","135","11","3","1","0","1","27","216","1","14","109","0","0","1","1","1"
"R01549","訓子府町","4677","2241","2436","4649","2228","2421","531","270","261","2314","1167","1147","1828","800","1028","11","78","112","155","4","6","0","0","2","34","224","1","18","123","1","86","0","2","2"
"R01550","置戸町","2775","1281","1494","2770","1280","1490","270","127","143","1261","652","609","1244","502","742","10","60","90","96","4","2","0","0","1","18","110","1","13","58","1","32","1","1","1"
"R01552","佐呂間町","4875","2296","2579","4653","2267","2386","492","259","233","2458","1212","1246","1924","824","1100","22","84","104","171","12","8","0","0","3","38","149","1","19","112","1","69","0","2","2"
"R01555","遠軽町","19241","9337","9904","19172","9320","9852","1961","1020","941","9521","4972","4549","7230","3041","4189","67","325","607","824","63","21","0","0","8","102","712","7","95","452","1","499","2","14","10"
"R01559","湧別町","8270","3947","4323","8125","3913","4212","781","391","390","4243","2186","2057","3246","1370","1876","40","157","219","251","22","12","0","0","4","35","160","1","17","67","1","98","1","3","3"
"R01560","滝上町","2421","1177","1244","2396","1165","1231","202","106","96","1135","607","528","1084","464","620","12","65","66","103","7","3","0","0","1","16","73","1","15","44","0","0","0","3","1"
"R01561","興部町","3628","1768","1860","3543","1740","1803","450","231","219","1969","1040","929","1209","497","712","12","52","141","197","16","6","1","50","2","26","178","1","13","87","1","35","1","0","2"
"R01562","西興部村","1053","520","533","1025","505","520","104","56","48","576","321","255","373","143","230","4","15","47","72","0","2","0","0","1","15","34","1","12","17","0","0","0","2","1"
"R01563","雄武町","4199","1999","2200","3971","1932","2039","432","221","211","2347","1191","1156","1420","587","833","14","69","116","167","13","8","0","0","2","33","159","1","16","92","1","60","1","2","1"
"R01564","大空町","6775","3287","3488","6762","3281","3481","798","396","402","3470","1790","1680","2507","1101","1406","22","106","159","235","21","6","0","0","2","46","295","2","31","179","1","111","1","4","3"
"R01571","豊浦町","3821","1781","2040","3759","1749","2010","386","194","192","1916","960","956","1512","623","889","17","61","128","160","3","5","0","0","4","41","189","2","20","110","0","0","1","4","1"
"R01575","壮瞥町","2743","1285","1458","2717","1276","1441","227","121","106","1227","619","608","1237","516","721","11","53","89","114","4","0","0","0","2","11","85","1","14","44","1","42","1","1","1"
"R01578","白老町","16212","7706","8506","16014","7666","8348","1104","557","547","7639","3908","3731","7428","3212","4216","38","330","445","548","32","12","1","49","4","62","414","2","30","247","2","550","1","5","7"
"R01581","厚真町","4432","2249","2183","4386","2209","2177","567","302","265","2236","1207","1029","1613","728","885","24","78","159","185","14","10","0","0","2","32","219","2","29","115","1","73","0","3","2"
"R01584","洞爺湖町","8442","3909","4533","8352","3870","4482","706","361","345","4031","1981","2050","3679","1548","2131","24","177","272","325","14","12","1","37","3","44","258","2","32","132","1","48","2","8","3"
"R01585","安平町","7340","3632","3708","7267","3603","3664","754","361","393","3873","2093","1780","2712","1177","1535","23","117","343","360","19","8","0","0","1","15","111","1","13","53","1","58","0","5","4"
"R01586","むかわ町","7651","3779","3872","7509","3687","3822","707","352","355","3781","2035","1746","3122","1361","1761","29","127","232","293","15","13","0","0","2","36","277","2","29","159","2","153","1","3","4"
"R01601","日高町","11279","5712","5567","11019","5509","5510","1209","630","579","6008","3292","2716","4062","1790","2272","48","172","411","524","35","15","1","9","4","57","431","4","58","248","2","98","1","6","6"
"R01602","平取町","4776","2395","2381","4649","2318","2331","553","289","264","2537","1377","1160","1680","725","955","19","72","159","212","12","5","0","0","5","47","215","2","21","114","1","31","1","2","4"
"R01604","新冠町","5309","2603","2706","5163","2502","2661","656","316","340","2894","1538","1356","1747","741","1006","18","89","164","256","14","6","0","0","1","28","251","1","15","120","0","0","0","4","1"
"R01607","浦河町","12074","5975","6099","11818","5758","6060","1242","654","588","6735","3629","3106","4097","1692","2405","52","194","514","655","29","16","0","0","4","58","422","3","43","235","1","267","1","8","6"
"R01608","様似町","4043","1923","2120","4017","1913","2104","363","185","178","1970","984","986","1710","754","956","20","83","76","134","8","7","0","0","1","13","137","1","12","76","0","0","0","3","2"
"R01609","えりも町","4374","2230","2144","4335","2206","2129","537","271","266","2398","1334","1064","1438","624","814","15","82","109","179","20","8","1","7","4","36","199","1","13","114","1","81","0","5","2"
"R01610","新ひだか町","21517","10473","11044","21385","10394","10991","2424","1222","1202","11396","5954","5442","7608","3238","4370","86","335","764","919","76","33","1","68","3","71","887","3","47","493","2","663","3","13","10"
"R01631","音更町","43576","20630","22946","43413","20532","22881","5656","2886","2770","24865","12170","12695","12907","5474","7433","220","538","1426","1408","112","86","2","151","11","239","2152","5","116","1206","1","290","3","17","18"
"R01632","士幌町","5848","2891","2957","5758","2836","2922","734","380","354","3168","1656","1512","1938","848","1090","30","93","149","233","14","7","0","0","3","50","260","1","20","151","1","120","1","2","3"
"R01633","上士幌町","4778","2343","2435","4642","2274","2368","550","282","268","2537","1348","1189","1690","713","977","19","85","229","229","11","7","0","0","1","24","216","1","17","109","1","164","0","3","2"
"R01634","鹿追町","5266","2572","2694","5191","2551","2640","714","353","361","2915","1497","1418","1629","718","911","35","66","170","259","19","8","0","0","5","51","277","2","31","159","1","169","1","3","1"
"R01635","新得町","5817","2900","2917","5784","2888","2896","591","315","276","3027","1622","1405","2199","963","1236","14","135","244","253","20","7","1","14","2","31","211","2","29","122","0","0","0","7","4"
"R01636","清水町","9094","4478","4616","8955","4424","4531","909","466","443","4529","2380","2149","3388","1471","1917","37","168","294","369","18","15","0","0","2","38","349","2","34","236","1","213","1","4","3"
"R01637","芽室町","18048","8612","9436","17978","8577","9401","2462","1254","1208","10010","4905","5105","5535","2423","3112","95","237","539","564","47","17","2","239","4","83","945","3","56","544","2","886","1","5","8"
"R01638","中札内村","3884","1880","2004","3808","1866","1942","491","241","250","2275","1176","1099","1118","463","655","21","32","151","186","11","5","0","0","2","30","197","1","17","123","0","0","0","3","2"
"R01639","更別村","3080","1519","1561","3072","1515","1557","405","221","184","1706","878","828","969","420","549","20","39","88","127","6","2","2","25","2","28","146","1","17","83","1","102","0","2","1"
"R01641","大樹町","5420","2714","2706","5312","2666","2646","612","313","299","2825","1520","1305","1983","881","1102","34","101","234","271","22","8","0","0","1","25","233","1","17","132","1","83","1","3","2"
"R01642","広尾町","6387","3096","3291","6336","3087","3249","609","302","307","3247","1707","1540","2517","1075","1442","17","110","181","230","20","5","0","0","2","34","226","1","16","126","1","76","1","4","3"
"R01643","幕別町","25766","12243","13523","25623","12195","13428","3168","1656","1512","13900","6763","7137","8658","3798","4860","116","370","753","856","55","36","1","84","8","138","1257","5","90","713","1","275","1","13","10"
"R01644","池田町","6294","2967","3327","6272","2961","3311","520","258","262","3029","1558","1471","2743","1149","1594","16","121","183","194","14","6","1","14","1","25","190","1","19","113","1","83","1","6","2"
"R01645","豊頃町","3022","1478","1544","2972","1465","1507","294","147","147","1536","807","729","1192","524","668","11","49","96","133","7","2","0","0","2","25","104","1","16","53","0","0","0","4","1"
"R01646","本別町","6618","3228","3390","6576","3199","3377","579","315","264","3281","1763","1518","2756","1149","1607","20","112","233","289","20","7","0","0","3","34","219","2","26","113","1","85","1","3","4"
"R01647","足寄町","6563","3215","3348","6536","3206","3330","732","391","341","3199","1665","1534","2618","1146","1472","30","118","177","295","15","9","0","0","4","40","266","1","18","142","1","172","1","3","3"
"R01648","陸別町","2264","1138","1126","2223","1125","1098","224","113","111","1154","639","515","886","386","500","4","38","69","68","5","1","0","0","1","12","68","1","14","53","0","0","0","4","1"
"R01649","浦幌町","4387","2138","2249","4353","2122","2231","425","220","205","2088","1118","970","1865","791","1074","16","84","112","157","11","6","0","0","2","24","163","2","26","93","0","0","0","4","2"
"R01661","釧路町","19105","9101","10004","18911","8968","9943","2153","1120","1033","11091","5421","5670","5704","2455","3249","110","270","777","885","59","44","2","110","5","87","807","4","68","403","1","224","0","11","8"
"R01662","厚岸町","8892","4173","4719","8736","4143","4593","900","458","442","4809","2382","2427","3182","1332","1850","38","136","185","273","23","11","2","13","4","47","292","4","43","170","1","76","1","2","5"
"R01663","浜中町","5507","2726","2781","5423","2716","2707","633","327","306","3109","1595","1514","1759","799","960","27","84","151","240","21","8","0","0","4","51","241","4","43","113","1","55","0","2","2"
"R01664","標茶町","7230","3471","3759","7135","3454","3681","861","437","424","3894","1960","1934","2475","1074","1401","33","118","209","275","18","13","0","0","6","67","299","4","36","188","1","174","1","1","2"
"R01665","弟子屈町","6955","3314","3641","6884","3291","3593","605","305","300","3405","1743","1662","2854","1227","1627","26","119","216","309","23","5","0","0","4","42","217","2","25","121","1","62","2","5","3"
"R01667","鶴居村","2558","1254","1304","2523","1247","1276","298","148","150","1339","702","637","910","397","513","11","36","92","103","4","4","0","0","3","31","116","2","23","56","0","0","1","1","1"
"R01668","白糠町","7289","3414","3875","7199","3405","3794","564","300","264","3660","1812","1848","3063","1300","1763","20","130","166","192","26","16","0","0","1","6","8","1","9","9","1","62","0","5","4"
"R01691","別海町","14380","7286","7094","13972","7109","6863","1849","955","894","7996","4210","3786","3992","1795","2197","76","184","393","595","54","22","5","171","8","120","700","8","104","426","1","240","1","6","4"
"R01692","中標津町","23010","11339","11671","22883","11276","11607","3021","1543","1478","13749","7065","6684","6151","2662","3489","109","256","838","972","87","49","5","367","3","96","1018","2","54","555","2","572","2","5","10"
"R01693","標津町","5023","2465","2558","4946","2427","2519","637","312","325","2796","1459","1337","1571","678","893","22","71","141","174","22","7","0","0","2","38","255","2","29","131","1","55","1","2","1"
"R01694","羅臼町","4722","2346","2376","4680","2333","2347","516","251","265","2718","1460","1258","1484","631","853","12","61","118","196","15","5","2","57","2","35","189","1","16","116","1","64","0","2","1"
"R02201","青森市","275192","128049","147143","271454","126081","145373","28040","14189","13851","150122","72936","77186","84787","34223","50564","1278","4225","6052","7212","749","367","24","1137","42","851","11363","21","546","6477","13","7348","15","206","125"
"R02202","弘前市","168466","77251","91215","166298","76408","89890","17417","8953","8464","95115","45946","49169","53922","21384","32538","826","2741","3922","4429","481","226","10","409","33","589","6959","19","384","3799","9","5169","11","157","87"
"R02203","八戸市","223415","106818","116597","220832","105377","115455","25636","13155","12481","126567","63266","63301","69328","29160","40168","1149","3348","5353","6240","690","318","16","593","41","724","10083","26","499","5508","14","7104","16","167","92"
"R02204","黒石市","31946","14789","17157","31778","14737","17041","3214","1645","1569","17723","8693","9030","10943","4419","6524","141","554","559","770","84","44","2","30","4","88","1242","2","58","638","1","590","2","15","9"
"R02205","五所川原市","51415","23252","28163","51001","23043","27958","4852","2448","2404","27798","13231","14567","18363","7323","11040","197","972","1200","1287","123","88","4","66","11","176","1990","6","115","1033","4","1510","5","41","22"
"R02206","十和田市","60378","28685","31693","59560","28363","31197","6398","3297","3101","33001","16559","16442","20320","8514","11806","280","946","1366","1631","138","77","3","105","14","231","2532","10","163","1437","3","1553","3","37","20"
"R02207","三沢市","39152","19602","19550","38211","19154","19057","4994","2573","2421","23094","12228","10866","10385","4326","6059","243","559","1713","2016","181","63","3","210","7","139","1868","5","100","956","2","1000","2","19","14"
"R02208","むつ市","54103","26104","27999","53212","25728","27484","5714","2952","2762","29283","15127","14156","18249","7589","10660","226","962","1649","2067","164","79","6","183","12","208","2196","9","149","1223","3","1239","2","38","17"
"R02209","つがる市","30934","14363","16571","30849","14332","16517","2903","1469","1434","16001","8097","7904","12002","4782","7220","107","616","491","690","53","30","1","47","7","111","1123","5","91","582","1","429","1","11","10"
"R02210","平川市","30567","14188","16379","30515","14177","16338","3282","1667","1615","16504","8166","8338","10777","4354","6423","153","515","563","609","69","33","0","0","9","133","1338","4","72","674","2","351","0","17","8"
"R02301","平内町","10126","4818","5308","10079","4811","5268","906","462","444","5050","2584","2466","4164","1768","2396","29","224","146","207","14","10","1","6","3","46","349","1","24","206","1","21","1","6","3"
"R02303","今別町","2334","1119","1215","2331","1117","1214","105","59","46","939","511","428","1290","549","741","4","73","35","61","4","1","0","0","1","11","38","1","7","14","0","0","0","3","1"
"R02304","蓬田村","2540","1211","1329","2538","1211","1327","247","144","103","1216","591","625","1077","476","601","7","52","31","52","4","3","0","0","1","13","107","1","13","65","0","0","0","2","0"
"R02307","外ヶ浜町","5401","2527","2874","5365","2521","2844","285","162","123","2362","1255","1107","2750","1106","1644","6","155","100","130","8","7","0","0","2","19","93","2","22","58","0","0","1","7","1"
"R02321","鰺ヶ沢町","9044","4145","4899","9022","4136","4886","701","360","341","4299","2151","2148","4034","1628","2406","16","216","141","206","12","7","0","0","2","25","250","1","17","163","1","52","1","5","3"
"R02323","深浦町","7346","3397","3949","7324","3393","3931","481","244","237","3139","1599","1540","3726","1554","2172","17","188","97","159","11","10","0","0","3","32","169","2","25","101","0","0","0","5","2"
"R02343","西目屋村","1265","589","676","1265","589","676","151","69","82","613","321","292","501","199","302","9","43","30","29","2","1","0","0","1","12","72","0","0","0","0","0","0","1","0"
"R02361","藤崎町","14573","6748","7825","14544","6743","7801","1679","849","830","8090","3959","4131","4797","1936","2861","87","228","318","299","37","15","1","21","3","51","658","2","38","358","0","0","1","7","4"
"R02362","大鰐町","8665","3934","4731","8663","3933","4730","631","311","320","4262","2098","2164","3771","1525","2246","18","186","124","181","15","7","0","0","1","18","253","1","16","132","0","0","0","5","2"
"R02367","田舎館村","7326","3425","3901","7312","3420","3892","836","411","425","3845","1961","1884","2639","1048","1591","31","123","173","156","20","9","0","0","1","20","340","1","19","204","0","0","0","2","0"
"R02381","板柳町","12700","5806","6894","12681","5796","6885","1205","618","587","6672","3251","3421","4822","1936","2886","47","244","221","238","26","20","0","0","4","48","455","1","25","255","0","0","1","5","5"
"R02384","鶴田町","12074","5553","6521","12059","5550","6509","1263","637","626","6236","3083","3153","4575","1833","2742","36","209","199","259","22","19","1","17","1","33","494","1","23","261","1","187","0","5","3"
"R02387","中泊町","9657","4432","5225","9593","4413","5180","756","381","375","4612","2259","2353","4289","1792","2497","30","228","158","212","14","7","0","0","4","44","275","2","25","178","0","0","0","8","2"
"R02401","野辺地町","12374","5776","6598","12223","5732","6491","1102","536","566","6556","3308","3248","4713","1931","2782","31","272","247","283","32","14","1","27","2","35","426","1","23","233","2","262","1","4","8"
"R02402","七戸町","14556","6964","7592","14502","6937","7565","1406","708","698","7202","3745","3457","5943","2508","3435","45","319","261","307","28","19","0","0","3","47","528","2","38","298","1","293","1","6","4"
"R02405","六戸町","10447","5084","5363","10366","5045","5321","1394","703","691","5522","2830","2692","3531","1551","1980","60","180","241","281","31","20","0","0","3","56","571","2","33","279","0","0","0","5","3"
"R02406","横浜町","4229","2071","2158","4153","2063","2090","359","188","171","2179","1182","997","1691","701","990","18","80","69","115","7","3","1","8","1","15","137","1","12","80","0","0","0","2","1"
"R02408","東北町","16428","7846","8582","16325","7813","8512","1721","870","851","8396","4339","4057","6300","2629","3671","72","319","258","397","35","20","0","0","3","60","691","2","38","342","0","0","1","9","5"
"R02411","六ヶ所村","10367","5910","4457","10066","5721","4345","1065","549","516","6470","4041","2429","2618","1176","1442","69","133","417","448","43","19","0","0","4","53","381","3","39","208","1","106","0","7","1"
"R02412","おいらせ町","24273","11627","12646","23942","11505","12437","3308","1662","1646","13956","6901","7055","6671","2890","3781","191","324","963","849","82","44","1","65","5","99","1404","3","63","662","1","257","2","10","7"
"R02423","大間町","4718","2375","2343","4705","2373","2332","501","275","226","2496","1368","1128","1711","729","982","26","100","121","168","19","8","1","9","2","21","175","1","15","111","1","126","1","2","1"
"R02424","東通村","5955","3162","2793","5943","3156","2787","633","333","300","3205","1879","1326","2117","950","1167","21","124","143","223","13","7","0","0","1","22","220","1","24","131","0","0","0","5","2"
"R02425","風間浦村","1636","779","857","1633","779","854","125","60","65","751","387","364","757","329","428","1","44","29","59","2","4","0","0","1","10","43","1","11","29","0","0","0","1","0"
"R02426","佐井村","1788","883","905","1787","883","904","124","60","64","802","431","371","858","388","470","10","41","20","59","4","0","0","0","2","14","34","2","10","25","0","0","0","4","1"
"R02441","三戸町","9082","4288","4794","9035","4277","4758","826","414","412","4412","2276","2136","3783","1561","2222","39","163","162","240","18","8","1","0","2","34","292","1","19","192","1","80","1","3","3"
"R02442","五戸町","16042","7676","8366","15970","7651","8319","1436","754","682","8139","4183","3956","6467","2739","3728","50","364","260","370","25","18","2","23","4","62","558","3","45","307","0","0","1","7","5"
"R02443","田子町","4968","2376","2592","4955","2375","2580","417","219","198","2368","1221","1147","2182","936","1246","19","126","73","91","9","4","1","2","1","14","141","1","12","82","0","0","0","3","2"
"R02445","南部町","16809","7884","8925","16776","7879","8897","1558","771","787","8525","4312","4213","6725","2801","3924","57","366","297","350","31","16","1","42","3","51","596","3","46","317","1","141","2","8","5"
"R02446","階上町","13496","6827","6669","13278","6713","6565","1276","657","619","7697","4098","3599","4281","1917","2364","48","216","368","414","21","20","0","0","4","51","527","2","33","238","0","0","0","4","3"
"R02450","新郷村","2197","1069","1128","2189","1068","1121","165","84","81","948","514","434","1084","471","613","2","57","35","56","5","0","0","0","1","14","64","1","13","39","0","0","0","1","0"
"R03201","盛岡市","289731","136919","152812","282387","133025","149362","33602","16995","16607","167894","82155","85739","80035","33055","46980","1596","3737","9281","9993","1022","377","15","1051","43","898","13551","27","594","7485","17","9766","21","258","185"
"R03202","宮古市","50369","24381","25988","50044","24204","25840","5003","2547","2456","25994","13597","12397","19042","7996","11046","215","982","833","1313","108","52","3","281","13","193","1825","11","148","973","4","1141","2","34","17"
"R03203","大船渡市","34728","16679","18049","34275","16547","17728","3379","1756","1623","17943","9178","8765","13055","5490","7565","126","614","580","907","103","47","1","20","11","152","1297","4","80","705","2","645","1","28","15"
"R03205","花巻市","93193","44423","48770","92424","44066","48358","10177","5180","4997","50113","25484","24629","32231","13358","18873","405","1590","2027","2163","249","108","6","233","16","303","4112","11","199","2140","6","2739","5","68","35"
"R03206","北上市","93045","46852","46193","91883","46335","45548","11420","5911","5509","54390","28867","25523","25238","10554","14684","499","1215","3319","3195","343","159","8","439","14","321","4484","9","199","2396","4","2414","2","62","36"
"R03207","久慈市","33043","15883","17160","32588","15732","16856","3697","1951","1746","17697","8877","8820","11006","4637","6369","137","547","575","931","81","45","0","0","13","158","1324","8","122","838","3","860","2","19","12"
"R03208","遠野市","25366","12222","13144","25201","12165","13036","2554","1300","1254","12497","6553","5944","10283","4345","5938","93","523","414","593","54","27","1","24","11","125","941","3","52","543","2","413","1","17","9"
"R03209","一関市","111932","54254","57678","110816","53882","56934","11563","5993","5570","58370","30001","28369","41306","17815","23491","451","2117","1978","2418","274","132","5","163","21","365","4321","15","260","2642","8","2971","9","82","45"
"R03210","陸前高田市","18262","8831","9431","18072","8787","9285","1637","843","794","9223","4815","4408","7356","3137","4219","61","364","303","410","43","15","1","0","8","89","632","2","36","339","1","342","2","10","7"
"R03211","釜石市","32078","15369","16709","31720","15231","16489","2949","1475","1474","16134","8459","7675","12778","5278","7500","119","631","597","968","77","35","2","33","9","132","1098","5","81","616","2","584","4","17","14"
"R03213","二戸市","25513","11993","13520","25261","11935","13326","2541","1285","1256","13330","6699","6631","9509","3931","5578","99","473","485","671","63","20","1","60","8","109","957","3","55","535","1","330","1","18","14"
"R03214","八幡平市","24023","11509","12514","23916","11465","12451","2117","1078","1039","11926","6125","5801","9944","4284","5660","56","458","416","586","35","21","1","21","10","111","848","4","59","456","1","109","2","14","9"
"R03215","奥州市","112937","54840","58097","111896","54341","57555","12501","6438","6063","59785","30892","28893","39997","17092","22905","458","2011","1993","2592","291","125","3","95","18","371","4881","7","210","2702","8","2310","8","86","50"
"R03216","滝沢市","55579","27146","28433","55116","26949","28167","7614","3828","3786","33476","16882","16594","14164","6261","7903","321","561","1823","2022","179","85","1","38","9","199","3066","6","121","1640","2","1032","2","23","19"
"R03301","雫石町","15731","7505","8226","15689","7482","8207","1584","792","792","8066","4087","3979","6078","2625","3453","44","275","272","323","34","11","0","0","5","67","642","1","28","364","1","71","2","10","5"
"R03302","葛巻町","5634","2731","2903","5611","2727","2884","418","220","198","2498","1338","1160","2716","1171","1545","11","150","102","133","6","7","0","0","4","35","144","3","30","90","1","130","1","2","3"
"R03303","岩手町","12285","5970","6315","12120","5851","6269","1081","537","544","6296","3315","2981","4896","2109","2787","39","235","209","295","28","15","0","0","3","43","405","3","40","225","1","77","0","13","5"
"R03321","紫波町","32147","15390","16757","32039","15338","16701","3948","2046","1902","18073","9001","9072","10088","4317","5771","186","450","924","819","78","40","1","97","5","114","1681","3","68","857","1","242","0","18","12"
"R03322","矢巾町","28056","13337","14719","27756","13198","14558","3469","1758","1711","16894","8196","8698","7370","3189","4181","143","291","1091","1070","92","29","0","0","4","87","1383","2","53","699","1","738","4","19","13"
"R03366","西和賀町","5134","2380","2754","5110","2374","2736","360","186","174","2155","1148","1007","2619","1046","1573","7","134","61","121","6","7","0","0","2","24","127","2","21","85","1","106","1","5","2"
"R03381","金ケ崎町","15535","8030","7505","15342","7927","7415","1832","969","863","8824","4909","3915","4765","2079","2686","83","208","572","536","45","22","3","108","5","74","714","1","28","380","1","107","0","15","6"
"R03402","平泉町","7252","3500","3752","7213","3470","3743","791","400","391","3602","1882","1720","2859","1218","1641","25","147","124","146","12","8","1","13","2","34","322","1","17","162","0","0","0","4","2"
"R03441","住田町","5045","2470","2575","4939","2428","2511","376","194","182","2382","1276","1106","2287","1000","1287","14","131","71","106","13","3","0","0","2","27","133","1","13","80","1","61","0","5","2"
"R03461","大槌町","11004","5234","5770","10928","5217","5711","1129","587","542","5641","2836","2805","4199","1795","2404","36","213","206","261","26","15","1","18","1","13","77","1","10","27","1","158","1","9","3"
"R03482","山田町","14320","6898","7422","14251","6864","7387","1374","724","650","7192","3712","3480","5745","2453","3292","60","257","250","420","27","22","1","8","2","45","557","1","30","279","1","73","1","3","2"
"R03483","岩泉町","8726","4327","4399","8665","4305","4360","738","381","357","4103","2232","1871","3863","1693","2170","20","226","133","182","15","12","0","0","5","44","282","3","36","157","1","116","1","7","3"
"R03484","田野畑村","3059","1527","1532","3030","1518","1512","317","160","157","1446","769","677","1296","598","698","10","58","63","74","3","5","0","0","1","15","115","1","11","69","0","0","0","3","2"
"R03485","普代村","2487","1244","1243","2466","1233","1233","219","121","98","1200","655","545","1067","467","600","9","60","53","78","2","3","0","0","1","11","73","1","12","42","0","0","0","2","1"
"R03501","軽米町","8421","4090","4331","8332","4087","4245","765","400","365","4134","2166","1968","3521","1524","1997","20","174","111","170","15","9","0","0","3","35","274","1","16","181","1","107","1","6","3"
"R03503","野田村","3936","1863","2073","3913","1852","2061","429","215","214","1989","1010","979","1513","633","880","16","77","71","86","7","6","0","0","1","18","192","1","17","83","1","68","0","4","1"
"R03506","九戸村","5378","2556","2822","5362","2554","2808","511","275","236","2489","1277","1212","2378","1004","1374","8","112","73","137","12","4","1","0","5","42","195","1","14","112","1","77","0","3","0"
"R03507","洋野町","15091","7101","7990","15040","7079","7961","1365","694","671","7448","3762","3686","6274","2641","3633","37","325","260","304","24","11","0","0","7","85","532","3","41","304","2","138","1","5","5"
"R03524","一戸町","11494","5498","5996","11340","5442","5898","987","524","463","5612","2882","2730","4881","2084","2797","28","266","176","309","9","11","0","0","6","54","361","3","32","212","1","328","1","10","5"
"R04100","仙台市","1096704","531617","565087","1052030","508588","543442","128665","66123","62542","673081","334398","338683","257223","110803","146420","6617","11164","57391","56020","4622","1485","81","9215","126","3389","52265","74","2088","26773","35","30227","47","950","599"
"R04202","石巻市","140151","68338","71813","137686","67255","70431","14579","7467","7112","76979","39552","37427","46507","20023","26484","610","2162","2639","3437","398","219","11","726","32","539","5718","17","316","3010","8","3015","6","96","59"
"R04203","塩竈市","52203","24877","27326","51434","24602","26832","5407","2774","2633","28777","14265","14512","17682","7612","10070","244","817","1560","1476","136","74","5","486","7","167","2311","5","109","1142","1","946","3","43","20"
"R04205","気仙沼市","61147","29905","31242","60187","29508","30679","5427","2765","2662","31637","16398","15239","23437","10252","13185","201","1088","911","1398","124","66","8","273","12","209","2059","9","163","1168","4","1367","2","39","17"
"R04206","白石市","32758","15976","16782","32380","15831","16549","3303","1727","1576","17574","9021","8553","11648","5114","6534","91","598","592","837","53","41","3","161","15","140","1237","6","89","717","2","1452","2","25","13"
"R04207","名取市","78718","38567","40151","77588","37998","39590","11872","6036","5836","47869","23785","24084","17878","8106","9772","549","790","3322","3099","270","131","2","472","10","303","4688","4","159","2376","2","1414","1","58","31"
"R04208","角田市","27976","13797","14179","27717","13678","14039","2910","1462","1448","14931","7794","7137","10015","4462","5553","100","457","704","757","49","32","2","150","5","99","998","2","51","663","1","397","3","13","10"
"R04209","多賀城市","62827","31359","31468","61287","30554","30733","8186","4230","3956","37896","19578","18318","15490","6813","8677","447","666","3335","3472","277","98","7","837","6","208","3326","4","117","1596","2","1041","1","40","24"
"R04211","岩沼市","44068","21684","22384","43553","21435","22118","5840","3027","2813","26065","13216","12849","11755","5152","6603","243","453","1695","1813","157","66","3","439","4","142","2302","4","93","1205","1","864","2","31","17"
"R04212","登米市","76037","37163","38874","75501","36980","38521","8332","4296","4036","40399","20990","19409","26956","11687","15269","317","1275","1167","1576","159","92","7","240","21","331","3241","10","187","1794","3","1362","4","50","25"
"R04213","栗原市","64637","31134","33503","64116","30975","33141","6262","3248","3014","31948","16500","15448","26204","11274","14930","212","1342","896","1268","127","61","10","699","11","201","2135","6","122","1213","4","1044","4","48","28"
"R04214","東松島市","39098","19089","20009","38931","19023","19908","4820","2441","2379","22690","11504","11186","11587","5143","6444","224","487","1070","1217","132","79","3","271","8","159","1927","3","76","986","3","817","2","24","14"
"R04215","大崎市","127330","62429","64901","126036","61814","64222","15025","7591","7434","72656","37418","35238","38738","16817","21921","626","1900","2989","3553","383","184","25","645","18","422","5689","12","300","3258","9","3628","12","78","47"
"R04216","富谷市","51651","25091","26560","51273","24925","26348","8491","4296","4195","31812","15546","16266","11144","5144","6000","313","401","1796","1701","137","52","4","414","8","213","3240","5","142","1968","1","786","2","27","21"
"R04301","蔵王町","11418","5569","5849","11342","5524","5818","1169","590","579","5864","3012","2852","4367","1957","2410","28","210","253","273","26","14","2","106","5","74","463","3","43","242","1","113","1","7","3"
"R04302","七ヶ宿町","1262","620","642","1235","609","626","90","48","42","589","326","263","583","246","337","3","31","46","24","3","3","0","0","1","11","45","1","12","24","2","62","0","3","0"
"R04321","大河原町","23571","11530","12041","23293","11368","11925","3029","1545","1484","13789","6928","6861","6520","2907","3613","116","275","901","941","87","43","1","86","3","91","1235","2","63","686","3","655","1","18","15"
"R04322","村田町","10666","5293","5373","10568","5253","5315","1080","538","542","5749","3025","2724","3784","1709","2075","38","160","224","315","21","16","1","58","2","43","400","2","35","231","1","175","0","9","4"
"R04323","柴田町","38271","19342","18929","37726","19063","18663","4368","2229","2139","22274","11711","10563","11032","5029","6003","182","459","1356","1542","94","60","4","356","6","133","1672","3","74","866","1","418","1","21","13"
"R04324","川崎町","8345","4100","4245","8205","4077","4128","731","394","337","4381","2223","2158","3210","1467","1743","24","164","142","197","7","12","1","0","3","42","274","2","31","165","1","52","2","3","2"
"R04341","丸森町","12262","6117","6145","12117","6038","6079","1061","555","506","5889","3150","2739","5293","2400","2893","26","266","160","257","24","13","0","0","3","46","447","1","24","248","1","144","1","4","5"
"R04361","亘理町","33087","16212","16875","32779","16045","16734","3790","1903","1887","18734","9465","9269","10389","4724","5665","152","437","871","874","81","56","2","109","6","124","1518","4","81","831","1","317","0","23","10"
"R04362","山元町","12046","5978","6068","11977","5943","6034","1074","565","509","6013","3131","2882","4943","2272","2671","44","210","289","268","20","22","2","129","4","56","474","1","21","219","0","0","1","5","2"
"R04401","松島町","13323","6414","6909","13257","6384","6873","1221","652","569","6881","3509","3372","5215","2247","2968","47","258","318","320","34","11","2","46","3","50","497","1","23","246","1","455","1","5","4"
"R04404","七ヶ浜町","18132","9024","9108","18014","8962","9052","1948","1025","923","10511","5380","5131","5644","2603","3041","75","256","438","542","39","24","2","66","3","69","754","2","39","415","0","0","0","7","4"
"R04406","利府町","35182","17162","18020","34963","17061","17902","5045","2582","2463","21264","10504","10760","8649","3956","4693","218","335","1364","1263","103","34","3","389","6","146","2051","3","78","1089","1","782","2","22","12"
"R04421","大和町","28786","14979","13807","28062","14607","13455","4115","2105","2010","17601","9525","8076","6502","2977","3525","196","288","1321","1323","115","44","1","70","6","132","1605","2","56","867","1","415","1","19","10"
"R04422","大郷町","7813","3814","3999","7731","3767","3964","863","466","397","3926","2005","1921","3017","1339","1678","30","161","152","170","12","5","0","0","1","21","348","1","19","190","0","0","0","3","2"
"R04424","大衡村","5849","2938","2911","5790","2897","2893","871","469","402","3263","1705","1558","1709","758","951","25","81","184","162","11","6","0","0","1","25","386","1","18","163","0","0","0","4","1"
"R04444","色麻町","6698","3246","3452","6660","3239","3421","783","395","388","3560","1828","1732","2343","1015","1328","28","114","122","212","9","8","0","0","0","0","0","0","0","0","1","140","1","2","1"
"R04445","加美町","21943","10767","11176","21767","10684","11083","2327","1175","1152","11468","6003","5465","8137","3582","4555","86","378","416","551","56","22","1","107","8","118","887","2","47","518","1","235","0","22","8"
"R04501","涌谷町","15388","7520","7868","15305","7484","7821","1471","737","734","8091","4225","3866","5796","2540","3256","50","275","257","404","35","19","4","116","3","51","553","1","25","307","1","148","2","6","7"
"R04505","美里町","23994","11616","12378","23912","11585","12327","2628","1347","1281","12743","6542","6201","8547","3669","4878","91","395","650","685","57","25","3","219","6","101","1068","3","60","551","2","601","2","11","8"
"R04581","女川町","6430","3351","3079","6218","3300","2918","521","263","258","3554","2049","1505","2333","1017","1316","25","99","147","202","15","5","0","0","1","15","210","1","19","108","0","0","0","3","1"
"R04606","南三陸町","12225","5980","6245","12061","5959","6102","1124","573","551","6387","3299","3088","4707","2102","2605","50","188","168","257","26","16","1","22","5","72","439","2","37","224","1","149","1","5","1"
"R05201","秋田市","307672","145411","162261","302311","142356","159955","32809","16793","16016","172755","84882","87873","95949","40000","55949","1451","4391","7086","7740","966","433","15","890","42","836","12982","23","540","7078","14","7680","14","290","148"
"R05202","能代市","49968","22932","27036","49759","22893","26866","4231","2179","2052","24953","12534","12419","20765","8209","12556","145","1048","951","1134","114","71","2","159","7","132","1532","6","110","936","3","1429","4","49","21"
"R05203","横手市","85555","40326","45229","85023","40160","44863","8532","4360","4172","43422","21841","21581","33401","14002","19399","279","1673","1293","1676","165","90","4","177","14","250","3180","7","171","1911","6","2174","3","72","43"
"R05204","大館市","69237","32551","36686","68649","32328","36321","6479","3356","3123","35272","17892","17380","26998","11008","15990","235","1366","1206","1506","182","87","1","19","17","243","2384","9","168","1449","3","1637","4","47","23"
"R05206","男鹿市","25154","11860","13294","25082","11825","13257","1723","886","837","11474","5879","5595","11809","5009","6800","54","615","380","489","47","24","1","40","6","79","641","2","40","383","2","346","1","25","11"
"R05207","湯沢市","42091","20115","21976","41952","20083","21869","3613","1874","1739","21485","11039","10446","16926","7165","9761","118","813","560","846","71","47","2","83","6","114","1341","6","111","794","3","977","1","34","20"
"R05209","鹿角市","29088","13684","15404","28942","13626","15316","2877","1432","1445","14259","7424","6835","11843","4756","7087","90","627","454","642","44","39","1","28","6","95","1020","4","76","646","1","495","3","16","11"
"R05210","由利本荘市","74707","35842","38865","74032","35551","38481","7467","3834","3633","38918","20169","18749","27783","11553","16230","319","1307","1173","1422","192","59","1","30","13","220","2767","10","180","1657","5","1835","5","58","28"
"R05211","潟上市","31720","14967","16753","31549","14874","16675","3272","1709","1563","17095","8496","8599","11218","4672","6546","177","538","713","704","78","53","1","108","6","105","1383","3","68","666","1","491","2","19","9"
"R05212","大仙市","77657","36287","41370","77124","36099","41025","7611","3881","3730","39751","19961","19790","29871","12264","17607","307","1542","1274","1527","189","96","0","0","20","287","2934","10","192","1611","6","1535","5","71","33"
"R05213","北秋田市","30198","14157","16041","30022","14118","15904","2437","1235","1202","14260","7419","6841","13438","5459","7979","80","749","435","580","44","24","0","0","6","93","847","3","59","529","1","514","1","28","10"
"R05214","にかほ市","23435","11218","12217","23347","11167","12180","2244","1113","1131","12041","6278","5763","9140","3818","5322","73","428","445","468","48","17","1","0","4","68","824","3","51","483","1","118","0","17","8"
"R05215","仙北市","24610","11408","13202","24483","11376","13107","2135","1054","1081","11845","5960","5885","10533","4343","6190","75","504","315","495","41","31","0","0","6","81","767","5","77","491","1","533","2","21","12"
"R05303","小坂町","4780","2232","2548","4747","2224","2523","354","184","170","2281","1188","1093","2145","860","1285","14","127","98","120","7","4","0","0","1","15","131","1","13","83","0","0","0","4","2"
"R05327","上小阿仁村","2063","986","1077","2042","983","1059","117","60","57","839","458","381","1107","468","639","3","76","45","52","1","2","0","0","1","12","44","1","9","21","0","0","0","3","0"
"R05346","藤里町","2896","1380","1516","2870","1377","1493","200","103","97","1283","674","609","1413","603","810","8","67","33","50","3","2","1","25","0","0","0","0","0","0","0","0","0","3","1"
"R05348","三種町","15254","7034","8220","15208","7024","8184","1167","565","602","7151","3636","3515","6935","2832","4103","30","368","201","296","14","16","1","0","5","61","418","3","43","262","0","0","1","10","4"
"R05349","八峰町","6577","3071","3506","6529","3069","3460","442","221","221","3098","1604","1494","3036","1245","1791","5","148","56","118","7","5","0","0","2","29","141","1","15","94","0","0","0","5","2"
"R05361","五城目町","8538","3985","4553","8520","3984","4536","596","296","300","3896","1992","1904","4038","1691","2347","14","182","119","195","8","11","0","0","1","24","233","1","16","133","1","87","0","6","2"
"R05363","八郎潟町","5583","2534","3049","5557","2525","3032","423","205","218","2678","1329","1349","2477","998","1479","9","116","109","112","2","4","0","0","1","14","154","1","12","97","0","0","1","3","1"
"R05366","井川町","4566","2130","2436","4537","2116","2421","332","176","156","2231","1131","1100","1977","810","1167","8","88","63","121","9","5","0","0","0","0","0","0","0","0","0","0","0","3","3"
"R05368","大潟村","3011","1500","1511","2992","1490","1502","350","201","149","1686","875","811","954","411","543","12","56","138","135","6","2","0","0","1","15","129","1","12","77","0","0","0","2","1"
"R05434","美郷町","18613","8701","9912","18561","8695","9866","1770","911","859","9474","4751","4723","7367","3037","4330","58","347","275","356","33","18","0","0","3","57","702","1","31","378","1","141","0","11","5"
"R05463","羽後町","13825","6637","7188","13717","6623","7094","1286","679","607","7085","3599","3486","5437","2350","3087","44","290","152","256","25","9","0","0","4","58","493","1","28","306","1","102","1","6","5"
"R05464","東成瀬村","2704","1491","1213","2637","1432","1205","206","120","86","1455","911","544","1008","425","583","3","51","62","78","6","2","0","0","1","14","69","1","13","43","0","0","0","3","1"
"R06201","山形市","247590","119001","128589","244115","117270","126845","29120","14928","14192","140796","69625","71171","72341","31371","40970","1397","3242","6446","6851","844","291","14","1148","37","795","11527","16","479","6182","14","9940","13","247","137"
"R06202","米沢市","81252","40258","40994","80502","39940","40562","8881","4525","4356","46225","24293","21932","25259","10739","14520","378","1237","1775","2318","195","100","4","279","15","252","3217","7","163","1930","6","2901","5","58","32"
"R06203","鶴岡市","122347","58626","63721","120978","58003","62975","13441","6816","6625","65098","33248","31850","43003","18075","24928","611","2084","2125","2607","339","121","4","233","26","446","5090","12","257","2953","7","3642","5","99","49"
"R06204","酒田市","100273","47838","52435","99235","47475","51760","10305","5227","5078","53031","26996","26035","36091","15193","20898","430","1866","1836","2310","273","105","3","157","22","332","3914","8","182","2177","4","2289","3","92","43"
"R06205","新庄市","34432","16446","17986","33900","16291","17609","3863","1956","1907","18944","9547","9397","11370","4786","6584","166","569","887","1021","87","48","3","193","4","83","867","3","55","459","4","1285","1","30","18"
"R06206","寒河江市","40189","19529","20660","39697","19368","20329","5040","2627","2413","22051","11139","10912","12859","5640","7219","259","527","861","1000","126","51","2","301","9","159","1998","3","83","1051","2","771","1","36","19"
"R06207","上山市","29110","13909","15201","28782","13771","15011","2712","1371","1341","14828","7467","7361","11386","4970","6416","95","494","550","704","71","31","0","0","4","92","1024","3","54","569","1","560","2","22","11"
"R06208","村山市","22516","10937","11579","22331","10906","11425","2193","1148","1045","11389","5785","5604","8903","3981","4922","84","430","398","526","45","17","1","99","7","87","811","2","39","447","1","297","0","21","7"
"R06209","長井市","26543","12953","13590","26167","12794","13373","2897","1493","1404","13989","7210","6779","9449","4096","5353","104","467","490","625","66","36","1","65","6","96","1082","2","47","614","2","650","2","21","11"
"R06210","天童市","62140","30222","31918","61600","29948","31652","8060","4197","3863","35110","17581","17529","18761","8309","10452","404","824","1687","1745","189","94","5","381","12","255","3199","4","128","1571","2","996","3","52","26"
"R06211","東根市","47682","23525","24157","47307","23408","23899","6548","3348","3200","27344","14086","13258","13441","5850","7591","318","627","1762","1738","209","67","0","0","9","185","2655","6","126","1558","1","543","2","34","18"
"R06212","尾花沢市","14971","7320","7651","14890","7312","7578","1459","769","690","7278","3777","3501","6232","2773","3459","46","283","147","354","24","11","0","0","5","67","548","2","32","298","1","77","1","11","3"
"R06213","南陽市","30420","14652","15768","30131","14540","15591","3516","1797","1719","16493","8346","8147","10339","4453","5886","129","484","598","690","106","37","1","51","7","104","1306","3","59","749","1","283","1","26","13"
"R06301","山辺町","13725","6603","7122","13678","6590","7088","1626","848","778","7372","3660","3712","4715","2091","2624","66","203","276","362","33","15","1","50","2","55","651","1","29","359","1","328","0","10","6"
"R06302","中山町","10746","5251","5495","10689","5227","5462","1132","583","549","5779","2967","2812","3835","1701","2134","38","156","172","204","26","4","1","85","2","36","466","1","21","229","0","0","0","6","2"
"R06321","河北町","17641","8528","9113","17454","8456","8998","1908","993","915","9078","4582","4496","6639","2943","3696","59","291","322","359","33","13","2","76","6","80","763","1","28","411","1","158","1","21","9"
"R06322","西川町","4956","2387","2569","4914","2382","2532","425","216","209","2265","1142","1123","2262","1026","1236","12","115","77","102","7","5","0","0","1","15","147","1","13","81","0","0","1","4","3"
"R06323","朝日町","6366","3150","3216","6314","3139","3175","561","296","265","2976","1561","1415","2828","1292","1536","19","172","78","145","14","0","0","0","3","31","189","1","15","113","0","0","1","5","2"
"R06324","大江町","7646","3797","3849","7559","3744","3815","761","422","339","3850","1999","1851","3035","1376","1659","13","155","112","207","14","7","1","46","3","32","313","2","25","172","1","97","0","4","3"
"R06341","大石田町","6577","3213","3364","6499","3208","3291","603","311","292","3342","1715","1627","2632","1187","1445","14","127","102","144","9","9","0","0","3","38","233","1","15","127","0","0","0","5","4"
"R06361","金山町","5071","2466","2605","5014","2464","2550","547","278","269","2646","1358","1288","1878","830","1048","21","109","61","108","10","6","0","0","1","16","201","1","14","111","1","35","0","3","2"
"R06362","最上町","8080","3913","4167","7998","3909","4089","838","424","414","3982","2042","1940","3260","1447","1813","20","153","77","177","9","5","0","0","2","34","315","1","20","187","1","36","1","3","2"
"R06363","舟形町","5007","2420","2587","4974","2420","2554","483","260","223","2421","1253","1168","2103","907","1196","16","119","102","99","9","7","0","0","1","15","178","1","12","97","0","0","0","4","1"
"R06364","真室川町","7203","3408","3795","7168","3390","3778","689","345","344","3508","1782","1726","3006","1281","1725","17","155","113","143","6","6","0","0","3","37","270","1","17","128","1","22","1","4","2"
"R06365","大蔵村","3028","1498","1530","3012","1497","1515","335","171","164","1505","795","710","1188","532","656","6","59","30","61","6","5","0","0","1","13","122","1","12","89","0","0","0","2","0"
"R06366","鮭川村","3902","1887","2015","3876","1885","1991","380","200","180","1942","999","943","1580","688","892","19","76","45","93","4","3","0","0","1","15","161","1","13","89","0","0","0","2","0"
"R06367","戸沢村","4199","1987","2212","4139","1978","2161","367","175","192","2128","1084","1044","1704","728","976","12","87","42","93","5","3","0","0","0","0","0","0","0","0","0","0","0","3","0"
"R06381","高畠町","22463","10950","11513","22264","10863","11401","2709","1407","1302","12134","6172","5962","7597","3355","4242","105","339","376","506","56","35","1","102","6","88","1036","1","44","611","1","141","1","12","9"
"R06382","川西町","14558","7101","7457","14477","7082","7395","1497","723","774","7370","3897","3473","5682","2475","3207","45","243","215","295","31","13","3","148","5","69","561","1","23","314","1","153","2","9","4"
"R06401","小国町","7107","3573","3534","7047","3533","3514","688","338","350","3527","1956","1571","2882","1273","1609","28","149","168","233","9","10","0","0","2","28","252","2","22","165","2","129","1","3","1"
"R06402","白鷹町","12890","6357","6533","12769","6314","6455","1382","745","637","6515","3334","3181","4990","2276","2714","36","239","159","238","17","15","0","0","4","54","502","1","25","322","1","72","1","8","2"
"R06403","飯豊町","6613","3214","3399","6563","3199","3364","755","401","354","3300","1703","1597","2555","1108","1447","23","127","84","156","13","5","0","0","4","41","298","1","16","153","0","0","0","5","0"
"R06426","三川町","7601","3694","3907","7566","3680","3886","994","539","455","3929","2032","1897","2664","1115","1549","41","110","193","184","19","7","1","54","3","42","421","1","25","204","0","0","1","4","3"
"R06428","庄内町","20151","9636","10515","20041","9599","10442","2161","1103","1058","10362","5305","5057","7578","3199","4379","88","364","379","476","47","24","4","178","5","71","838","2","45","457","1","190","1","8","6"
"R06461","遊佐町","13032","6189","6843","12967","6157","6810","1210","611","599","6312","3254","3058","5507","2322","3185","32","293","173","248","20","17","0","0","1","30","452","1","23","275","1","61","1","7","5"
"R07201","福島市","282693","138190","144503","275185","134285","140900","31136","15969","15167","160024","81311","78713","84304","36593","47711","1429","3808","7199","8070","901","347","27","1983","45","844","12612","23","539","6587","15","8175","15","249","131"
"R07202","会津若松市","117376","56063","61313","114836","54958","59878","13716","7018","6698","65104","32693","32411","36307","15185","21122","597","1738","2983","3482","342","166","2","34","18","354","4934","11","239","2870","9","3842","6","100","55"
"R07203","郡山市","327692","161830","165862","320053","157931","162122","39177","20023","19154","193417","98760","94657","86479","37650","48829","1884","3863","8877","9628","1215","509","29","3699","52","1024","15770","26","645","8113","13","9600","19","233","165"
"R07204","いわき市","332931","163525","169406","324313","159711","164602","37979","19513","18466","184720","95531","89189","102319","44397","57922","1638","4708","5626","6549","1042","497","35","1953","60","1135","15287","37","697","7671","18","7094","19","242","152"
"R07205","白河市","59491","29681","29810","58275","29096","29179","6995","3555","3440","34109","17880","16229","17546","7741","9805","273","789","1675","2053","161","96","9","588","13","240","2745","7","145","1559","4","1716","2","47","35"
"R07207","須賀川市","74992","36781","38211","73901","36225","37676","9537","4845","4692","43226","22033","21193","21188","9340","11848","394","1010","1524","1871","225","117","3","189","16","260","3614","9","166","1881","3","1829","5","52","35"
"R07208","喜多方市","44760","21438","23322","44542","21372","23170","4905","2506","2399","23375","11939","11436","16479","6992","9487","209","895","842","1037","118","66","4","96","17","215","2053","7","112","1036","2","706","5","27","20"
"R07209","相馬市","34865","17536","17329","34349","17265","17084","4215","2167","2048","19325","10274","9051","10792","4716","6076","156","469","781","1008","93","61","8","229","9","147","1730","4","86","899","2","925","2","23","17"
"R07210","二本松市","53557","26305","27252","53129","26137","26992","5760","2939","2821","29073","14917","14156","18406","8244","10162","199","899","926","1257","145","48","13","218","16","214","2243","7","119","1174","2","807","3","38","19"
"R07211","田村市","35169","17320","17849","34719","17136","17583","3626","1809","1817","18763","9789","8974","12609","5613","6996","131","621","552","720","80","23","5","144","7","122","1417","6","87","784","1","225","1","31","13"
"R07212","南相馬市","59005","31015","27990","57406","29911","27495","5099","2577","2522","30626","16953","13673","20796","9335","11461","275","957","1534","1788","183","82","10","438","11","204","2102","6","118","1023","3","1011","4","39","23"
"R07213","伊達市","58240","28313","29927","57779","28144","29635","5961","2958","3003","31100","15927","15173","21008","9304","11704","229","985","1190","1377","131","67","3","6","12","222","2446","6","118","1210","2","977","1","41","20"
"R07214","本宮市","30236","15018","15218","30050","14942","15108","3881","2032","1849","17765","9196","8569","8579","3784","4795","170","380","907","860","92","40","6","240","7","129","1596","3","75","826","1","215","1","15","14"
"R07301","桑折町","11459","5491","5968","11413","5475","5938","1200","605","595","5895","2979","2916","4347","1897","2450","38","237","344","312","25","12","1","192","4","52","484","1","22","244","0","0","0","7","7"
"R07303","国見町","8639","4114","4525","8580","4105","4475","727","366","361","4268","2129","2139","3642","1618","2024","18","167","189","186","6","6","1","99","1","23","276","1","19","144","0","0","1","3","3"
"R07308","川俣町","12170","5986","6184","11984","5914","6070","940","458","482","6005","3174","2831","5096","2286","2810","48","241","198","273","21","11","1","0","2","25","328","2","23","197","1","53","1","13","5"
"R07322","大玉村","8900","4427","4473","8843","4396","4447","1322","655","667","5095","2627","2468","2455","1130","1325","60","92","336","247","30","14","2","259","2","41","582","1","22","258","0","0","0","2","1"
"R07342","鏡石町","12318","6030","6288","12268","6012","6256","1684","882","802","7187","3686","3501","3441","1462","1979","81","181","441","420","47","18","1","29","2","46","704","1","25","334","1","584","0","10","3"
"R07344","天栄村","5194","2567","2627","5138","2533","2605","530","280","250","2748","1431","1317","1916","856","1060","22","94","152","148","12","5","2","85","4","35","192","1","16","109","0","0","0","7","2"
"R07362","下郷町","5264","2602","2662","5248","2600","2648","476","244","232","2428","1285","1143","2360","1073","1287","10","127","76","157","10","5","0","0","3","31","156","1","15","111","0","0","0","4","0"
"R07364","檜枝岐村","504","259","245","504","259","245","58","32","26","252","136","116","194","91","103","3","12","15","29","2","2","0","0","1","8","31","1","9","15","0","0","0","1","0"
"R07367","只見町","4044","1976","2068","4014","1962","2052","353","191","162","1783","967","816","1907","817","1090","12","104","84","125","9","5","0","0","3","27","125","1","14","69","1","85","0","2","1"
"R07368","南会津町","14451","7116","7335","14370","7086","7284","1331","661","670","7030","3775","3255","6048","2647","3401","50","308","351","481","23","16","2","31","7","80","469","4","56","270","1","167","1","13","8"
"R07402","北塩原村","2556","1290","1266","2521","1277","1244","258","136","122","1349","725","624","948","428","520","5","47","85","112","3","1","2","33","2","19","73","2","19","55","0","0","0","4","0"
"R07405","西会津町","5770","2789","2981","5732","2782","2950","468","224","244","2582","1373","1209","2718","1190","1528","18","133","95","125","6","5","0","0","1","15","191","1","13","88","1","39","0","8","2"
"R07407","磐梯町","3322","1604","1718","3313","1599","1714","421","205","216","1655","872","783","1246","527","719","13","55","92","121","8","4","1","66","2","23","165","1","11","91","0","0","0","2","0"
"R07408","猪苗代町","13552","6533","7019","13482","6506","6976","1422","738","684","6723","3473","3250","5360","2294","3066","43","259","278","346","32","14","0","0","2","39","538","1","24","287","1","56","1","9","5"
"R07421","会津坂下町","15068","7245","7823","14933","7188","7745","1611","821","790","7909","4032","3877","5522","2374","3148","47","251","272","394","28","19","2","242","2","46","613","1","31","351","1","305","1","9","8"
"R07422","湯川村","3081","1485","1596","3073","1485","1588","421","238","183","1594","789","805","1066","458","608","17","47","64","87","2","5","1","81","2","22","149","1","10","77","0","0","0","1","0"
"R07423","柳津町","3081","1501","1580","3074","1500","1574","310","165","145","1374","740","634","1397","596","801","9","70","50","82","6","3","0","0","2","18","124","1","11","67","0","0","0","4","1"
"R07444","三島町","1452","714","738","1444","711","733","96","52","44","573","318","255","783","344","439","2","29","28","42","3","0","0","0","1","8","43","1","8","15","0","0","1","2","0"
"R07445","金山町","1862","908","954","1851","904","947","89","56","33","638","347","291","1134","505","629","5","48","84","61","5","1","0","0","2","12","34","1","8","15","1","70","0","5","0"
"R07446","昭和村","1246","623","623","1242","623","619","66","34","32","487","283","204","693","306","387","5","39","35","32","1","1","0","0","1","7","26","1","7","12","0","0","0","2","0"
"R07447","会津美里町","19014","9108","9906","18907","9074","9833","1904","969","935","9438","4835","4603","7528","3225","4303","70","374","330","403","37","19","1","0","3","49","583","2","32","274","1","285","1","9","5"
"R07461","西郷村","20808","10636","10172","20387","10429","9958","2805","1449","1356","12432","6569","5863","5185","2373","2812","157","293","983","733","81","31","2","174","5","84","1119","3","57","559","0","0","0","10","5"
"R07464","泉崎村","6213","3061","3152","6095","3020","3075","776","385","391","3451","1773","1678","1986","903","1083","21","90","150","163","12","9","1","135","2","32","325","1","20","173","0","0","0","3","3"
"R07465","中島村","4885","2398","2487","4850","2368","2482","632","305","327","2774","1447","1327","1479","646","833","20","66","106","170","6","5","1","97","2","24","251","1","13","140","0","0","0","3","2"
"R07466","矢吹町","17287","8649","8638","17124","8559","8565","2132","1087","1045","9723","5162","4561","5429","2400","3029","75","242","542","550","56","40","4","185","4","66","857","1","32","453","1","577","1","7","10"
"R07481","棚倉町","13343","6581","6762","13236","6538","6698","1630","823","807","7372","3849","3523","4258","1864","2394","67","247","301","400","34","16","3","210","4","57","625","1","30","364","1","370","0","9","5"
"R07482","矢祭町","5392","2620","2772","5369","2613","2756","600","292","308","2666","1395","1271","2126","933","1193","16","125","103","103","14","4","1","81","1","20","249","1","15","138","0","0","0","4","2"
"R07483","塙町","8302","4079","4223","8191","4041","4150","865","444","421","4214","2188","2026","3196","1429","1767","32","148","127","181","23","9","2","120","2","28","339","1","17","180","0","0","2","4","4"
"R07484","鮫川村","3049","1531","1518","3031","1531","1500","316","157","159","1512","802","710","1221","572","649","10","57","36","105","2","4","0","0","1","12","104","1","12","70","0","0","0","2","1"
"R07501","石川町","14644","7334","7310","14493","7272","7221","1424","754","670","7719","4095","3624","5430","2434","2996","47","252","313","363","28","19","0","0","2","41","499","2","26","416","2","945","0","10","7"
"R07502","玉川村","6392","3202","3190","6319","3155","3164","795","407","388","3565","1877","1688","2024","912","1112","29","102","107","175","13","8","0","0","2","28","285","1","18","171","0","0","0","5","1"
"R07503","平田村","5826","2883","2943","5706","2817","2889","584","299","285","3179","1699","1480","2057","879","1178","21","97","97","155","11","13","0","0","2","26","228","1","15","135","0","0","1","4","3"
"R07504","浅川町","6036","3031","3005","5990","3018","2972","682","353","329","3272","1733","1539","2055","932","1123","23","108","109","132","21","7","1","94","1","20","256","1","18","161","0","0","0","3","2"
"R07505","古殿町","4825","2364","2461","4767","2356","2411","499","243","256","2433","1279","1154","1893","842","1051","11","108","47","112","6","1","0","0","1","14","148","1","13","129","0","0","0","3","2"
"R07521","三春町","17018","8448","8570","16923","8412","8511","1842","959","883","9177","4735","4442","5882","2678","3204","67","239","334","409","31","20","2","67","6","81","796","2","40","411","1","437","1","13","6"
"R07522","小野町","9471","4677","4794","9318","4586","4732","969","495","474","5074","2666","2408","3384","1491","1893","28","177","120","240","13","11","0","0","1","26","363","1","20","221","1","91","1","9","3"
"R07541","広野町","5412","3311","2101","5330","3253","2077","384","198","186","2958","1889","1069","1558","729","829","16","62","228","271","12","5","0","0","1","17","141","2","33","304","1","450","1","3","1"
"R07542","楢葉町","3710","2147","1563","3683","2128","1555","259","132","127","1996","1276","720","1388","672","716","23","119","272","264","26","10","0","0","1","14","153","1","12","65","0","0","0","6","1"
"R07543","富岡町","2128","1542","586","2040","1491","549","60","21","39","1382","1092","290","482","258","224","29","170","435","565","47","14","2","5","1","12","61","1","12","20","1","0","1","6","2"
"R07544","川内村","2044","1035","1009","1947","1003","944","116","60","56","883","499","384","974","441","533","5","57","78","93","2","1","0","0","0","0","0","0","0","0","0","0","0","2","0"
"R07545","大熊町","847","754","93","846","753","93","1","1","0","754","697","57","87","51","36","52","119","256","199","26","17","0","0","0","0","0","0","0","0","1","0","0","2","0"
"R07546","双葉町","0","0","0","0","0","0","0","0","0","0","0","0","0","0","0","18","80","70","116","12","7","1","1","2","16","21","1","12","17","1","0","0","1","0"
"R07547","浪江町","1923","1350","573","1772","1248","524","52","26","26","1056","806","250","568","321","247","54","274","219","526","39","11","2","0","1","12","48","1","12","24","2","0","0","1","2"
"R07548","葛尾村","420","241","179","416","238","178","24","10","14","198","121","77","198","110","88","8","32","33","63","9","0","1","8","1","11","16","1","7","4","0","0","0","1","1"
"R07561","新地町","7905","3945","3960","7847","3905","3942","997","528","469","4286","2229","2057","2597","1170","1427","23","117","168","226","20","8","0","0","3","43","397","1","21","193","0","0","1","5","1"
"R07564","飯舘村","1318","662","656","1299","661","638","34","17","17","525","287","238","755","356","399","7","96","46","147","11","8","0","0","0","0","0","0","0","0","0","0","0","2","0"
"R08201","水戸市","270685","132537","138148","262174","128140","134034","33685","17307","16378","158472","79988","78484","70922","30822","40100","1820","3288","9058","9077","1112","433","23","2095","35","918","13697","19","590","7355","15","11992","24","242","165"
"R08202","日立市","174508","87126","87382","170416","85349","85067","17585","9002","8583","97706","51643","46063","56525","25302","31223","705","2517","3234","4652","488","203","12","490","24","522","6393","16","375","3999","8","4946","12","96","75"
"R08203","土浦市","142074","70935","71139","135299","67408","67891","15510","8049","7461","82307","42866","39441","40903","18096","22807","731","1870","5824","5459","623","233","11","1283","15","379","5754","9","283","3489","8","7697","6","108","82"
"R08204","古河市","139344","69735","69609","135242","67635","67607","16213","8201","8012","82127","42883","39244","39691","18018","21673","689","1807","3452","3821","444","193","7","728","23","499","6457","9","264","3200","5","2669","7","74","62"
"R08205","石岡市","73061","36167","36894","70867","35045","35822","7543","3900","3643","40001","20609","19392","23972","10784","13188","305","1095","1568","1928","207","111","5","439","15","265","2966","6","154","1587","4","1912","7","43","36"
"R08207","結城市","50645","25441","25204","48248","24029","24219","6065","3109","2956","28719","15068","13651","15388","6963","8425","208","689","1183","1364","150","67","3","187","9","207","2385","3","104","1222","3","915","2","27","26"
"R08208","龍ケ崎市","76420","37995","38425","73394","36494","36900","8264","4196","4068","44619","22884","21735","22113","10124","11989","315","965","2038","2235","197","116","4","175","11","242","3221","6","150","1843","4","1513","2","44","41"
"R08210","下妻市","42521","21412","21109","40061","20100","19961","5034","2625","2409","24731","12921","11810","12043","5457","6586","208","551","1012","1220","141","40","5","233","9","180","1962","4","104","1146","2","1540","3","25","18"
"R08211","常総市","60834","30465","30369","55681","27724","27957","6942","3554","3388","35001","18417","16584","18316","8119","10197","239","857","1201","1530","171","80","3","190","13","253","2614","6","151","1587","3","1873","3","27","26"
"R08212","常陸太田市","48602","23705","24897","48398","23613","24785","4303","2222","2081","25419","12778","12641","18808","8662","10146","179","840","775","977","90","29","2","59","8","151","1724","8","137","919","2","839","4","21","20"
"R08214","高萩市","27699","13804","13895","27265","13575","13690","2686","1371","1315","14805","7748","7057","9900","4530","5370","83","437","578","774","61","32","1","15","4","82","1046","3","55","557","2","536","3","17","13"
"R08215","北茨城市","41801","20760","21041","41248","20485","20763","4368","2198","2170","22846","11836","11010","14335","6561","7774","160","675","772","987","91","70","4","414","11","170","1659","4","95","894","1","160","3","18","13"
"R08216","笠間市","73173","35783","37390","71749","35122","36627","8235","4230","4005","40639","20694","19945","23420","10449","12971","313","1024","1749","1698","191","96","5","496","10","233","3178","5","142","1749","2","539","4","39","34"
"R08217","取手市","104524","51476","53048","102280","50389","51891","10593","5474","5119","56760","29042","27718","36052","16262","19790","483","1370","3447","2899","316","147","6","365","15","326","4762","8","223","3094","7","4667","8","57","55"
"R08219","牛久市","84651","41773","42878","82372","40609","41763","10834","5474","5360","48124","24379","23745","24561","11226","13335","382","886","2990","2784","256","127","4","424","7","231","3965","6","164","2307","3","3491","2","61","40"
"R08220","つくば市","241656","121043","120613","218039","109774","108265","34645","17810","16835","143552","74058","69494","45697","20759","24938","2094","2124","13043","10500","1197","401","24","2009","32","766","12251","15","439","5742","7","3604","11","206","131"
"R08221","ひたちなか市","156581","79293","77288","152689","77178","75511","19610","10080","9530","93439","49116","44323","40234","18125","22109","917","1774","4354","4875","570","197","10","1391","17","451","7176","7","248","3579","5","2147","5","94","68"
"R08222","鹿嶋市","66950","34434","32516","65143","33613","31530","8142","4099","4043","36902","19857","17045","20737","9819","10918","360","878","1904","2045","219","111","4","122","12","238","3190","7","174","2076","4","2151","4","38","26"
"R08223","潮来市","27604","13672","13932","27018","13357","13661","2953","1511","1442","15322","7889","7433","9078","4125","4953","127","399","480","638","64","41","0","0","5","88","1156","4","71","555","1","408","0","12","16"
"R08224","守谷市","68421","34163","34258","67001","33583","33418","10301","5321","4980","41920","21235","20685","15847","7464","8383","495","585","2664","2478","252","73","5","888","10","282","4407","4","125","1913","1","667","3","46","43"
"R08225","常陸大宮市","39267","19392","19875","38729","19138","19591","3632","1859","1773","20414","10525","9889","14627","6684","7943","130","659","628","858","78","36","0","0","11","165","1485","4","78","785","2","220","2","23","16"
"R08226","那珂市","53502","26047","27455","52979","25790","27189","6294","3173","3121","29694","14921","14773","17194","7790","9404","287","710","1321","1279","153","75","3","157","9","190","2521","5","123","1259","2","1277","3","30","21"
"R08227","筑西市","100753","50018","50735","97857","48578","49279","11040","5616","5424","56749","29515","27234","32004","14231","17773","460","1460","2046","2345","281","170","2","68","15","326","3747","6","180","2134","4","2057","5","79","53"
"R08228","坂東市","52265","26593","25672","49659","25066","24593","5897","2985","2912","30067","16015","14052","15772","7295","8477","179","707","826","1226","145","74","2","129","13","223","2260","4","107","1217","1","414","2","27","23"
"R08229","稲敷市","39039","19490","19549","37869","18863","19006","3393","1749","1644","21055","11081","9974","14329","6484","7845","100","724","602","871","65","50","3","45","8","125","1237","4","80","732","1","376","1","15","15"
"R08230","かすみがうら市","40087","20341","19746","39044","19766","19278","4376","2273","2103","22859","12150","10709","12779","5866","6913","129","563","1184","1290","120","63","1","161","5","113","1430","3","65","815","1","421","0","24","14"
"R08231","桜川市","39122","19359","19763","38722","19152","19570","3985","2100","1885","21579","11235","10344","13423","5933","7490","121","661","541","803","70","44","0","0","8","130","1125","4","75","658","3","1092","2","21","20"
"R08232","神栖市","95454","49407","46047","92441","48036","44405","12569","6411","6158","59856","32296","27560","22162","10100","12062","606","1015","2677","3063","426","186","4","254","14","324","4617","8","204","2355","3","1115","4","41","32"
"R08233","行方市","32185","15971","16214","31252","15481","15771","3215","1624","1591","17362","9084","8278","11604","5260","6344","108","593","432","564","79","36","3","49","4","105","1255","3","63","663","2","827","1","14","7"
"R08234","鉾田市","45953","23376","22577","43157","21678","21479","4647","2387","2260","25268","13529","11739","15454","7203","8251","179","715","815","943","86","71","4","73","7","142","1835","5","111","1053","2","1350","2","20","17"
"R08235","つくばみらい市","49872","24895","24977","47623","23781","23842","7350","3798","3552","27180","13914","13266","13152","5988","7164","365","579","1876","1792","168","57","4","441","10","268","4185","4","102","1462","1","694","0","25","24"
"R08236","小美玉市","48870","24591","24279","47248","23701","23547","5631","2866","2765","28053","14738","13315","14724","6729","7995","265","701","1311","1437","162","63","3","173","5","112","1518","2","67","849","1","570","4","21","13"
"R08302","茨城町","31401","15563","15838","30780","15216","15564","3271","1716","1555","17040","8870","8170","10983","4920","6063","119","475","879","869","78","40","4","140","4","92","1277","2","54","668","1","169","2","18","12"
"R08309","大洗町","15715","7789","7926","14894","7372","7522","1538","780","758","8766","4650","4116","5225","2248","2977","53","266","277","398","38","16","3","4","2","51","574","2","36","326","1","169","1","10","7"
"R08310","城里町","18097","8913","9184","18027","8892","9135","1559","834","725","9746","4949","4797","6774","3119","3655","51","342","361","426","36","22","0","0","5","68","612","2","38","351","1","84","1","11","6"
"R08341","東海村","37891","19240","18651","37289","18898","18391","5399","2816","2583","22581","11874","10707","9517","4307","5210","250","411","1208","1174","110","56","3","316","6","137","2119","2","80","1103","1","459","2","16","13"
"R08364","大子町","15736","7692","8044","15654","7669","7985","1183","628","555","7262","3810","3452","7266","3243","4023","23","395","232","299","32","19","1","22","6","65","384","4","56","274","1","120","2","5","5"
"R08442","美浦村","14602","7479","7123","14283","7345","6938","1472","764","708","8425","4597","3828","4677","2108","2569","51","224","405","536","35","25","1","86","3","49","512","1","24","271","0","0","1","5","5"
"R08443","阿見町","48553","24237","24316","46989","23468","23521","5983","3067","2916","28352","14624","13728","13360","6018","7342","345","587","2151","1778","184","75","2","203","7","167","2583","4","97","1203","1","1206","2","27","27"
"R08447","河内町","8231","4051","4180","8124","4007","4117","589","303","286","4409","2299","2110","3227","1445","1782","22","165","119","173","21","8","0","0","0","0","0","0","0","0","0","0","0","4","1"
"R08521","八千代町","21026","10991","10035","19907","10075","9832","2369","1238","1131","12114","6723","5391","6459","2966","3493","70","310","312","469","28","26","3","256","5","84","912","2","47","502","1","573","1","5","8"
"R08542","五霞町","8093","4066","4027","7948","3986","3962","730","379","351","4544","2341","2203","2732","1325","1407","20","118","142","212","21","8","0","0","1","24","292","1","22","157","0","0","0","3","2"
"R08546","境町","24201","12274","11927","23274","11721","11553","2912","1434","1478","14152","7531","6621","7018","3225","3793","121","352","765","668","64","35","2","60","5","97","1232","2","52","594","1","689","1","12","10"
"R08564","利根町","15340","7482","7858","15099","7365","7734","1196","603","593","7227","3725","3502","6903","3148","3755","31","240","265","363","18","23","2","53","1","26","413","1","24","281","0","0","0","9","4"
"R09201","宇都宮市","518757","259616","259141","496912","248770","248142","65253","33320","31933","307157","159790","147367","129853","57282","72571","3186","5770","16431","16534","2193","751","24","3101","71","1630","26608","31","971","14147","16","15784","27","438","297"
"R09202","足利市","144746","71405","73341","139706","68622","71084","15176","7661","7515","80642","41740","38902","47023","20759","26264","581","2272","2643","2980","419","187","5","233","22","431","5723","12","252","3110","7","4392","9","108","78"
"R09203","栃木市","155549","77408","78141","150874","74702","76172","17322","8988","8334","87866","45588","42278","49179","22059","27120","677","2169","3287","3291","475","223","5","478","29","533","6907","14","325","3815","8","4929","5","124","77"
"R09204","佐野市","116228","57494","58734","112432","55677","56755","13011","6718","6293","66171","34286","31885","35621","15801","19820","593","1748","2424","2570","360","185","5","326","16","352","4349","7","199","2615","6","3618","3","101","62"
"R09205","鹿沼市","94033","46609","47424","92323","45666","46657","11015","5693","5322","53951","27787","26164","28504","12741","15763","491","1291","1790","1972","304","128","4","323","24","396","4300","10","228","2231","4","2164","2","68","49"
"R09206","日光市","77661","37823","39838","76360","37274","39086","7410","3901","3509","41644","21297","20347","27850","12186","15664","248","1278","1541","1981","181","97","3","101","20","270","2822","14","205","1615","3","853","7","54","35"
"R09208","小山市","166666","84450","82216","158423","80172","78251","20940","11005","9935","101109","52963","48146","41781","19008","22773","1003","1788","5449","5157","644","259","3","82","24","592","8112","10","323","4216","5","2703","8","123","80"
"R09209","真岡市","78190","39482","38708","74451","37646","36805","10200","5189","5011","45955","24033","21922","21215","9758","11457","426","957","1691","2075","271","113","5","220","14","309","4021","9","205","2162","4","2100","3","68","31"
"R09210","大田原市","72087","35407","36680","69751","34352","35399","8176","4111","4065","41342","21135","20207","20726","9289","11437","331","938","1852","2129","228","100","5","465","18","292","3255","9","161","1694","4","1501","4","51","22"
"R09211","矢板市","31165","15415","15750","30762","15238","15524","3244","1708","1536","17357","8908","8449","10334","4636","5698","122","451","680","845","84","41","0","0","6","108","1249","4","72","886","3","1427","2","18","14"
"R09213","那須塩原市","115210","57307","57903","111407","55400","56007","14265","7394","6871","66620","34138","32482","32020","14463","17557","601","1412","3402","3370","407","183","3","508","17","413","5624","8","236","2916","4","2244","6","65","50"
"R09214","さくら市","44513","23102","21411","44114","22892","21222","6015","3079","2936","26570","14566","12004","11734","5321","6413","250","541","1368","1312","137","58","0","0","6","158","2446","2","85","1209","1","701","1","30","14"
"R09215","那須烏山市","24875","12379","12496","24648","12273","12375","2369","1232","1137","13175","6924","6251","9331","4223","5108","57","494","391","578","47","29","1","38","5","93","904","2","52","545","1","374","1","17","12"
"R09216","下野市","59507","29453","30054","57018","28336","28682","7009","3641","3368","34829","17418","17411","14912","6836","8076","375","614","2210","2171","246","87","1","28","8","173","2410","3","95","1270","1","709","3","63","27"
"R09301","上三川町","30806","15842","14964","30236","15522","14714","4073","2084","1989","18972","9958","9014","7262","3411","3851","185","313","1057","1229","98","44","2","550","7","124","1577","3","64","827","1","464","1","18","11"
"R09342","益子町","21898","10871","11027","21586","10750","10836","2467","1258","1209","12195","6258","5937","7041","3258","3783","78","294","435","504","48","34","0","0","4","78","987","3","53","571","1","380","0","15","10"
"R09343","茂木町","11891","5872","6019","11787","5836","5951","986","527","459","5810","3024","2786","5073","2308","2765","24","254","177","246","13","9","0","0","4","51","368","1","19","228","1","433","0","10","5"
"R09344","市貝町","11262","5756","5506","11076","5667","5409","1269","638","631","6568","3490","3078","3317","1561","1756","48","164","225","340","25","13","0","0","3","47","479","1","24","268","0","0","1","8","5"
"R09345","芳賀町","14961","7541","7420","14767","7461","7306","1942","1019","923","8179","4268","3911","4782","2217","2565","90","208","329","355","28","18","0","0","3","64","808","1","30","390","0","0","0","11","7"
"R09361","壬生町","39474","19442","20032","38640","18941","19699","4680","2411","2269","22578","11326","11252","11443","5179","6264","167","516","1161","1118","117","60","2","150","8","157","1847","2","77","1048","1","458","1","35","19"
"R09364","野木町","24913","12401","12512","24588","12216","12372","2908","1528","1380","13897","7032","6865","8095","3829","4266","116","338","679","683","56","26","1","136","5","113","1180","2","55","562","0","0","2","13","8"
"R09384","塩谷町","10354","5135","5219","10299","5119","5180","914","480","434","5282","2772","2510","4157","1882","2275","26","201","118","249","20","6","0","0","3","44","319","1","17","198","0","0","0","7","6"
"R09386","高根沢町","29229","15254","13975","28516","14932","13584","3471","1872","1599","18001","9926","8075","7409","3313","4096","192","337","1256","1163","134","33","2","171","6","110","1311","2","49","709","1","414","2","16","13"
"R09407","那須町","23956","11784","12172","23513","11597","11916","2154","1122","1032","11866","6048","5818","9690","4482","5208","56","431","681","705","37","30","2","49","6","86","840","3","64","611","2","445","0","13","7"
"R09411","那珂川町","15215","7682","7533","15067","7627","7440","1284","652","632","7875","4175","3700","6029","2832","3197","35","270","196","380","22","18","0","0","3","49","457","2","37","277","1","149","1","8","5"
"R10201","前橋市","332149","162298","169851","315078","154047","161031","36764","18891","17873","179561","90203","89358","96390","42199","54191","1817","4421","8892","8565","1167","478","10","709","50","1115","15795","23","631","8281","12","9022","18","340","201"
"R10202","高崎市","372973","182646","190327","363518","178526","184992","46009","23589","22420","215425","109564","105861","105034","46109","58925","2324","4872","10932","10664","1399","537","25","1809","58","1289","17909","26","704","9135","13","10786","24","353","206"
"R10203","桐生市","106445","51392","55053","104389","50463","53926","9973","5129","4844","57199","29309","27890","38392","16402","21990","362","1847","1859","2391","212","136","7","128","16","314","3638","11","223","2279","6","5245","7","96","74"
"R10204","伊勢崎市","211850","106350","105500","197596","98939","98657","27506","13936","13570","127686","66629","61057","53086","23751","29335","1275","2459","5353","5449","840","350","13","929","23","677","10402","12","398","5408","5","3398","8","147","98"
"R10205","太田市","223014","114106","108908","209319","106391","102928","29597","15142","14455","131786","70589","61197","58057","26226","31831","1245","2630","5917","6013","746","360","7","283","25","763","11375","17","474","6145","9","5298","9","152","105"
"R10206","沼田市","45337","21942","23395","44569","21601","22968","4787","2468","2319","24666","12481","12185","15489","6786","8703","174","747","825","1197","118","67","3","32","11","186","1787","9","142","987","4","1180","4","40","24"
"R10207","館林市","75309","37769","37540","72280","36164","36116","8494","4345","4149","44000","23153","20847","22103","9807","12296","311","1027","1708","1898","235","93","5","185","11","256","3205","5","145","1829","3","1620","4","53","41"
"R10208","渋川市","74581","36363","38218","73575","35945","37630","7561","3803","3758","40199","20571","19628","26284","11676","14608","308","1262","1599","1808","196","74","6","241","14","248","2873","9","171","1645","4","2043","6","53","30"
"R10209","藤岡市","63261","30766","32495","62213","30262","31951","6837","3414","3423","35533","18012","17521","20486","9078","11408","279","935","1361","1565","157","96","1","23","11","204","2489","5","132","1515","3","1038","5","44","28"
"R10210","富岡市","47446","23403","24043","46598","23054","23544","5077","2608","2469","25762","13215","12547","16334","7426","8908","158","769","861","1035","101","52","0","0","11","197","1942","5","105","1111","2","962","3","39","17"
"R10211","安中市","54907","26848","28059","54185","26513","27672","5510","2840","2670","29336","14942","14394","19753","8875","10878","211","915","955","1188","139","47","2","193","10","191","2069","4","116","1626","3","1438","5","39","21"
"R10212","みどり市","49648","24562","25086","48806","24141","24665","5904","3037","2867","28254","14565","13689","14832","6606","8226","255","670","1081","1307","153","78","2","193","7","163","2299","4","110","1217","1","342","4","32","20"
"R10344","榛東村","14216","7190","7026","14024","7102","6922","1886","996","890","8497","4451","4046","3776","1710","2066","94","165","750","737","64","32","2","72","2","60","803","1","35","362","0","0","0","5","3"
"R10345","吉岡町","21792","10613","11179","21600","10528","11072","3394","1703","1691","13135","6509","6626","5212","2367","2845","193","229","818","736","93","39","0","0","2","92","1428","1","47","714","0","0","1","16","10"
"R10366","上野村","1128","573","555","1111","573","538","108","59","49","502","269","233","518","245","273","8","28","44","56","3","0","0","0","1","13","57","1","11","16","0","0","0","1","1"
"R10367","神流町","1645","793","852","1634","790","844","59","28","31","575","319","256","1011","446","565","2","59","35","37","3","1","0","0","1","9","20","1","10","15","1","45","0","3","1"
"R10382","下仁田町","6576","3224","3352","6545","3216","3329","352","172","180","2884","1510","1374","3340","1542","1798","10","202","91","130","17","2","0","0","1","14","122","1","11","72","1","50","1","4","2"
"R10383","南牧村","1611","762","849","1606","759","847","38","24","14","522","278","244","1051","460","591","4","55","34","45","2","0","0","0","0","0","0","0","0","0","0","0","0","5","1"
"R10384","甘楽町","12491","6175","6316","12323","6077","6246","1276","660","616","6643","3355","3288","4274","1993","2281","47","238","259","257","29","15","0","0","3","48","525","1","24","311","0","0","0","11","8"
"R10421","中之条町","15386","7498","7888","15153","7386","7767","1365","717","648","7654","3901","3753","6294","2826","3468","55","323","278","343","29","20","3","42","2","45","481","3","43","321","2","477","3","16","6"
"R10424","長野原町","5095","2529","2566","5034","2496","2538","434","235","199","2621","1393","1228","1991","873","1118","14","93","147","233","20","13","2","62","2","28","152","1","16","99","1","62","2","4","1"
"R10425","嬬恋村","8850","4522","4328","8698","4407","4291","915","483","432","4635","2529","2106","3285","1498","1787","36","138","248","267","19","10","2","98","2","34","323","1","19","190","1","48","0","4","3"
"R10426","草津町","6049","3034","3015","5701","2877","2824","435","224","211","2882","1554","1328","2348","1040","1308","23","135","293","324","15","10","0","0","1","19","174","1","14","93","0","0","2","4","3"
"R10428","高山村","3511","1745","1766","3318","1620","1698","354","188","166","1858","967","891","1299","590","709","10","60","60","79","4","6","1","66","1","14","121","1","12","71","0","0","0","6","1"
"R10429","東吾妻町","12728","6268","6460","12483","6173","6310","1078","557","521","6379","3302","3077","5253","2395","2858","37","260","161","280","7","14","5","136","5","73","397","1","25","236","0","0","1","8","3"
"R10443","片品村","3993","1949","2044","3943","1919","2024","331","159","172","2001","1051","950","1639","725","914","11","73","66","96","5","6","0","0","1","16","103","1","12","80","0","0","0","3","1"
"R10444","川場村","3480","1593","1887","3470","1589","1881","361","188","173","1553","781","772","1566","624","942","12","48","48","84","3","6","0","0","1","19","141","1","13","85","0","0","1","3","1"
"R10448","昭和村","6953","3455","3498","6517","3266","3251","799","446","353","3869","1946","1923","2281","1061","1220","27","115","117","130","16","6","0","0","3","44","305","1","17","184","0","0","0","2","1"
"R10449","みなかみ町","17195","8349","8846","16959","8229","8730","1500","773","727","8653","4426","4227","7014","3128","3886","50","350","370","466","37","18","0","0","6","82","595","1","29","313","1","355","2","6","7"
"R10464","玉村町","36054","17594","18460","34289","16795","17494","3777","1954","1823","20898","10260","10638","9207","4249","4958","199","425","1013","1095","123","51","2","117","6","140","1739","2","70","833","1","226","1","19","15"
"R10521","板倉町","14083","7031","7052","13691","6842","6849","1361","697","664","7812","4035","3777","4735","2197","2538","28","220","198","329","24","16","2","126","2","45","493","1","28","340","1","168","0","7","6"
"R10522","明和町","10882","5465","5417","10590","5328","5262","1284","672","612","6202","3189","3013","3316","1546","1770","34","130","200","240","25","16","0","0","2","38","485","1","24","296","1","419","1","5","2"
"R10523","千代田町","10861","5470","5391","10468","5293","5175","1257","680","577","6215","3224","2991","3374","1554","1820","43","145","236","297","35","20","0","0","2","42","490","1","24","271","0","0","0","5","4"
"R10524","大泉町","42089","22282","19807","34140","18120","16020","5097","2592","2505","26575","14773","11802","9464","4335","5129","195","378","1286","1457","135","54","3","320","4","139","1929","3","78","980","2","976","1","23","15"
"R10525","邑楽町","25522","12852","12670","24790","12460","12330","2824","1458","1366","14259","7449","6810","8241","3815","4426","99","320","498","586","49","28","2","88","4","87","1090","2","47","604","0","0","1","15","8"
"R11100","さいたま市","1324025","652920","671105","1276491","630173","646318","168805","86414","82391","821211","416997","404214","304992","135350","169642","9389","13364","70638","63926","5825","1841","98","13433","108","3892","70833","67","2307","36408","34","35596","35","1028","685"
"R11201","川越市","354571","177480","177091","323232","164161","159071","36460","18703","17757","181655","92689","88966","89061","40124","48937","2005","3973","12132","11065","1310","495","24","3571","33","1001","17320","26","666","9966","15","13278","18","220","181"
"R11202","熊谷市","194415","97087","97328","189946","94969","94977","21814","11224","10590","113744","59350","54394","57262","25737","31525","909","2582","6530","6481","650","267","11","1054","29","643","8536","17","405","4439","7","5051","10","149","106"
"R11203","川口市","594274","299238","295036","555098","279135","275963","72665","37212","35453","373347","194020","179327","137923","61595","76328","3497","6393","20943","21678","2717","965","38","5505","52","1602","28661","28","855","13723","7","6602","21","339","274"
"R11206","行田市","78617","38736","39881","76691","37803","38888","8240","4151","4089","44778","23104","21674","25010","11209","13801","379","1155","2010","2056","201","125","8","938","12","242","3218","8","159","1763","1","816","2","39","41"
"R11207","秩父市","59674","29068","30606","58967","28767","30200","6590","3335","3255","32459","16610","15849","20342","8939","11403","258","1002","975","1294","136","79","1","3","13","230","2546","8","144","1361","2","1296","4","60","31"
"R11208","所沢市","342464","168197","174267","311495","156622","154873","33050","16969","16081","174266","86788","87478","87050","38962","48088","1891","3802","12340","12089","1278","513","20","2641","33","913","15880","15","465","7534","6","5065","20","225","164"
"R11209","飯能市","80361","40294","40067","78588","39382","39206","8424","4363","4061","45590","23587","22003","25204","11664","13540","361","1027","2219","2128","211","118","5","459","12","256","3450","9","184","2180","3","2314","4","46","34"
"R11210","加須市","111623","55982","55641","108900","54587","54313","12547","6521","6026","64960","33591","31369","33283","15442","17841","532","1406","3233","2946","321","177","14","580","22","407","4906","9","234","3011","3","3209","5","49","50"
"R11211","本庄市","78569","39216","39353","75074","37358","37716","8894","4447","4447","45696","23856","21840","22661","10103","12558","396","1115","2479","2459","255","104","4","266","13","291","3548","6","164","2139","5","4640","10","51","44"
"R11212","東松山市","91791","46187","45604","87453","43979","43474","10582","5424","5158","52871","27444","25427","25995","12105","13890","508","1060","3152","2780","275","138","8","1069","11","290","4382","6","164","2374","3","3105","6","64","50"
"R11214","春日部市","229792","113467","116325","225799","111498","114301","21178","10917","10261","116707","58934","57773","68663","30872","37791","1110","2962","7142","6911","739","379","16","2148","22","615","9411","12","392","5569","6","6043","12","130","109"
"R11215","狭山市","148699","74178","74521","145231","72421","72810","15467","7906","7561","84070","43670","40400","47661","21642","26019","742","1779","5234","4871","495","210","9","736","16","405","6420","9","242","3545","6","3843","9","77","69"
"R11216","羽生市","52862","26142","26720","49849","24786","25063","5295","2667","2628","29391","15110","14281","15821","7204","8617","236","712","1465","1367","152","77","3","309","11","205","2297","3","92","1200","4","1153","2","34","26"
"R11217","鴻巣市","116828","57673","59155","114669","56543","58126","13254","6795","6459","67954","34434","33520","34993","16048","18945","605","1396","3619","3299","328","157","5","583","17","383","5340","8","192","2685","3","1719","3","69","60"
"R11218","深谷市","141268","70200","71068","137413","68297","69116","16815","8572","8243","81390","42073","39317","40881","18620","22261","755","1929","3824","3551","429","193","9","594","19","481","6592","11","286","3540","5","3951","8","92","65"
"R11219","上尾市","226940","112288","114652","217223","108149","109074","25395","13078","12317","127746","64559","63187","61216","27452","33764","1356","2610","8378","7536","799","309","16","2703","22","627","10786","12","353","5345","5","3773","4","123","91"
"R11221","草加市","248304","125213","123091","241115","121722","119393","29088","14982","14106","157501","82508","74993","61664","27692","33972","1421","2636","10006","9457","1034","420","15","2517","21","633","11269","11","349","5631","4","3552","6","134","116"
"R11222","越谷市","341621","168747","172874","334953","165526","169427","43497","22267","21230","210444","107119","103325","87123","38985","48138","2058","3579","11272","11119","1410","518","19","3506","29","959","17236","16","544","8865","8","8623","12","200","171"
"R11223","蕨市","74283","37470","36813","67534","34036","33498","7885","4065","3820","48527","25434","23093","17247","7580","9667","405","801","3911","3883","397","100","3","371","7","192","3215","4","178","1565","2","2574","3","50","37"
"R11224","戸田市","140899","71388","69511","131679","67112","64567","20025","10168","9857","93035","48316","44719","23065","10552","12513","1050","1162","6608","7326","792","238","10","1433","12","439","7888","6","228","3690","2","1666","5","94","62"
"R11225","入間市","145651","71803","73848","143118","70495","72623","16610","8476","8134","85174","43264","41910","42924","19506","23418","648","1641","3960","4533","403","192","9","1364","16","413","6456","12","257","3443","5","3707","8","66","68"
"R11227","朝霞市","141083","70696","70387","136913","68622","68291","19106","9711","9395","93817","48307","45510","27533","12297","15236","1086","1285","7921","7136","725","209","8","1668","10","384","7712","5","199","3374","2","2103","3","83","69"
"R11228","志木市","75346","36945","38401","73293","36019","37274","9897","5077","4820","46217","23397","22820","18689","8222","10467","459","741","3288","3270","290","114","7","982","8","237","4147","5","129","1998","3","2413","2","40","34"
"R11229","和光市","83989","43138","40851","81671","41922","39749","11397","5860","5537","57416","30409","27007","15040","6824","8216","607","578","6221","6327","545","148","4","684","9","257","4350","3","117","1932","2","1186","4","41","34"
"R11230","新座市","166017","81781","84236","159171","78712","80459","20924","10611","10313","98647","50543","48104","42180","18732","23448","992","1828","7009","6238","533","201","10","1537","17","509","8459","8","315","4960","5","4234","6","71","56"
"R11231","桶川市","74748","36950","37798","73642","36328","37314","8611","4433","4178","43586","22221","21365","22126","10010","12116","370","949","2500","2350","218","100","4","534","7","201","3430","4","121","1749","2","1139","2","46","32"
"R11232","久喜市","150582","74607","75975","146370","72746","73624","16537","8466","8071","86097","44137","41960","46097","21260","24837","674","1944","5123","4371","456","175","8","592","22","479","6655","10","258","3387","5","3666","6","83","93"
"R11233","北本市","65201","32214","32987","64404","31794","32610","6593","3357","3236","37112","18900","18212","21183","9732","11451","308","916","2273","1938","194","85","7","832","7","175","2560","4","102","1316","1","392","2","43","36"
"R11234","八潮市","93363","47995","45368","87987","45438","42549","11335","5796","5539","58742","31557","27185","21283","9754","11529","680","879","4446","4212","546","153","5","989","10","263","4223","5","137","2036","2","885","3","45","35"
"R11235","富士見市","111859","54871","56988","107437","52657","54780","13657","6999","6658","68450","34307","34143","27171","12095","15076","783","1193","5411","5136","465","155","6","819","11","328","5648","6","174","2659","1","579","5","64","58"
"R11237","三郷市","142145","71486","70659","136429","68414","68015","18162","9217","8945","83860","43426","40434","38602","17883","20719","831","1560","4987","4688","508","264","8","1152","18","474","7447","8","226","3241","3","1638","6","67","60"
"R11238","蓮田市","61499","30468","31031","60884","30162","30722","6739","3443","3296","34826","17941","16885","19902","9062","10840","324","735","2077","2020","242","80","4","317","8","173","2673","5","112","1342","1","368","3","37","31"
"R11239","坂戸市","100275","50041","50234","96386","48054","48332","11428","5760","5668","57702","29940","27762","29435","13398","16037","403","1147","3835","3363","270","170","8","1050","12","333","4470","7","183","2514","4","3370","5","64","53"
"R11240","幸手市","50066","24979","25087","48820","24367","24453","4917","2552","2365","27131","14094","13037","17633","8145","9488","159","740","1486","1354","116","67","5","509","9","178","1890","3","82","1149","1","504","4","31","30"
"R11241","鶴ヶ島市","70117","34585","35532","68440","33723","34717","7872","3990","3882","41523","20967","20556","20241","9308","10933","396","779","2718","2758","222","105","5","624","8","212","2968","5","119","1561","1","571","2","43","29"
"R11242","日高市","54571","26953","27618","53715","26605","27110","6286","3158","3128","30041","15339","14702","17966","8319","9647","216","654","1595","1423","118","79","2","251","4","128","1962","4","91","1177","1","417","3","19","18"
"R11243","吉川市","71979","35800","36179","70375","35019","35356","10383","5330","5053","44153","22486","21667","17315","7893","9422","418","712","2269","2564","242","137","6","862","8","238","4015","4","132","2041","1","601","1","41","34"
"R11245","ふじみ野市","113597","56085","57512","109942","54169","55773","14377","7274","7103","68512","35152","33360","29317","12817","16500","601","1294","4770","4283","353","158","8","832","13","341","5972","6","183","2937","1","572","3","69","57"
"R11246","白岡市","52214","25764","26450","51492","25420","26072","6495","3284","3211","30722","15665","15057","14597","6631","7966","342","656","1735","1735","204","69","4","662","6","181","2676","4","95","1242","1","401","3","29","24"
"R11301","伊奈町","44841","22539","22302","43975","22043","21932","6227","3189","3038","27222","14157","13065","10920","4911","6009","243","445","1663","1532","135","69","3","547","4","139","2307","5","119","1617","3","4394","4","19","16"
"R11324","三芳町","38434","18949","19485","37638","18561","19077","4634","2391","2243","22185","11395","10790","11530","5127","6403","161","449","1288","1168","88","37","2","245","5","115","1792","3","77","1006","0","0","4","13","10"
"R11326","毛呂山町","35366","17534","17832","34293","17085","17208","2960","1520","1440","19956","10289","9667","11594","5318","6276","101","472","1101","1089","72","56","3","107","4","86","1081","3","56","700","1","712","3","16","17"
"R11327","越生町","11029","5494","5535","10876","5425","5451","933","472","461","6055","3123","2932","3984","1863","2121","41","185","313","332","30","15","1","42","2","38","353","1","18","213","2","1191","0","9","4"
"R11341","滑川町","19732","10070","9662","19058","9709","9349","3063","1559","1504","11854","6229","5625","4611","2168","2443","132","147","681","586","54","30","1","144","3","77","1276","1","38","595","1","811","0","8","9"
"R11342","嵐山町","17889","8941","8948","17258","8634","8624","1665","853","812","10248","5344","4904","5868","2690","3178","70","260","504","545","42","20","1","52","3","68","683","3","61","501","1","335","1","13","8"
"R11343","小川町","28524","14190","14334","28189","14011","14178","2287","1163","1124","15045","7771","7274","11093","5199","5894","72","454","661","696","50","28","1","80","5","84","855","3","55","533","1","584","3","26","17"
"R11346","川島町","19378","9823","9555","19018","9652","9366","1804","945","859","10545","5532","5013","6970","3299","3671","42","300","415","475","41","24","0","0","4","66","672","2","40","389","0","0","1","13","9"
"R11347","吉見町","18192","9127","9065","18008","9041","8967","1526","799","727","10488","5394","5094","6146","2912","3234","60","279","480","494","35","23","1","45","6","84","599","1","25","336","0","0","0","6","5"
"R11348","鳩山町","13560","6556","7004","13420","6502","6918","942","449","493","6383","3223","3160","6226","2878","3348","35","215","286","307","21","10","1","10","3","47","405","1","20","196","1","156","1","6","6"
"R11349","ときがわ町","10540","5333","5207","10364","5212","5152","880","441","439","5568","2960","2608","4092","1932","2160","24","208","236","230","13","13","1","35","3","39","360","2","29","208","0","0","0","8","4"
"R11361","横瀬町","7979","3966","4013","7905","3942","3963","845","419","426","4403","2280","2123","2713","1256","1457","40","152","220","265","23","2","0","0","1","25","307","1","17","178","0","0","0","4","2"
"R11362","皆野町","9302","4583","4719","9218","4544","4674","936","496","440","4756","2436","2320","3578","1632","1946","30","158","208","213","22","8","1","31","3","44","344","1","23","234","1","49","2","6","5"
"R11363","長瀞町","6807","3321","3486","6781","3308","3473","624","318","306","3481","1783","1698","2697","1217","1480","17","150","120","159","9","6","1","32","1","20","247","1","18","149","0","0","0","5","3"
"R11365","小鹿野町","10928","5382","5546","10821","5331","5490","1038","529","509","5624","2921","2703","4248","1922","2326","20","222","134","225","18","14","0","0","4","49","324","1","25","255","1","112","1","10","5"
"R11369","東秩父村","2709","1352","1357","2700","1350","1350","173","84","89","1275","658","617","1261","610","651","2","59","25","55","2","5","0","0","1","14","59","1","17","35","0","0","0","2","0"
"R11381","美里町","11039","5540","5499","10882","5437","5445","1159","594","565","6121","3238","2883","3720","1681","2039","48","208","300","258","20","13","0","0","3","45","474","1","26","251","0","0","0","11","4"
"R11383","神川町","13359","6755","6604","12921","6530","6391","1354","691","663","7480","3901","3579","4381","2073","2308","44","251","372","348","26","21","1","36","4","61","522","1","27","292","0","0","0","10","4"
"R11385","上里町","30343","15012","15331","28181","14004","14177","3384","1729","1655","17011","8580","8431","8322","3779","4543","140","427","1038","846","79","43","2","124","5","108","1348","2","59","770","0","0","0","23","11"
"R11408","寄居町","32374","16053","16321","31858","15814","16044","3219","1648","1571","18169","9413","8756","10904","4932","5972","149","486","801","985","78","49","1","194","6","109","1237","3","63","654","1","550","2","21","17"
"R11442","宮代町","34147","17182","16965","33353","16800","16553","3711","1892","1819","18897","9949","8948","10974","5034","5940","184","454","1365","1040","83","38","4","291","4","104","1578","3","62","727","1","516","0","16","11"
"R11464","杉戸町","43845","21927","21918","43138","21600","21538","4655","2411","2244","24567","12728","11839","14406","6696","7710","189","581","1320","1338","114","47","4","376","6","130","1798","4","102","1396","3","2986","1","20","16"
"R11465","松伏町","28266","14208","14058","27935","14046","13889","3069","1605","1464","16785","8711","8074","8405","3886","4519","104","359","715","857","72","42","1","99","3","79","1200","2","54","692","1","501","3","10","10"
"R12100","千葉市","974951","481246","493705","920287","455073","465214","110929","56863","54066","569887","289316","280571","249963","111731","138232","5570","10952","48919","42621","3772","1420","86","9565","110","2744","45105","59","1644","23865","29","26231","42","717","549"
"R12202","銚子市","58431","28248","30183","56057","27064","28993","4470","2251","2219","31241","16097","15144","22053","9483","12570","105","1121","870","1178","112","69","2","150","11","176","1603","5","104","1018","3","1833","5","31","35"
"R12203","市川市","496676","251351","245325","470504","237638","232866","57265","29323","27942","323110","168695","154415","103359","45560","57799","3326","4413","24667","23818","2648","774","35","3337","41","1261","23170","20","755","11762","14","11592","10","321","260"
"R12204","船橋市","642907","318860","324047","615289","305831","309458","80576","41408","39168","396514","203988","192526","152773","67299","85474","3937","6628","26792","25172","2830","854","39","5620","56","1714","32354","27","949","16249","15","13286","19","380","316"
"R12205","館山市","45153","21846","23307","43913","21290","22623","4121","2172","1949","21071","10657","10414","17734","7706","10028","203","808","1561","1654","120","60","7","233","10","177","1598","3","84","984","3","1181","4","43","24"
"R12206","木更津市","136166","68450","67716","131959","66649","65310","17144","8782","8362","79146","41564","37582","37370","16818","20552","848","1692","5514","4634","577","253","12","1744","19","485","7274","14","314","3896","6","6001","10","93","63"
"R12207","松戸市","498232","247210","251022","476848","236451","240397","56850","29204","27646","305487","156709","148778","127595","56220","71375","2867","5488","19811","17998","2038","753","39","5113","46","1248","22648","23","733","11389","10","8572","18","277","259"
"R12208","野田市","152638","76195","76443","147915","73918","73997","17426","8984","8442","86231","44995","41236","47051","21315","25736","723","1958","4514","4165","422","273","9","1090","20","489","6766","12","294","3840","4","2500","6","77","79"
"R12210","茂原市","86782","42643","44139","84512","41727","42785","8635","4430","4205","47894","24401","23493","28774","13077","15697","378","1280","2549","2463","241","140","6","435","12","265","3425","6","148","1911","4","2514","7","63","54"
"R12211","成田市","132906","66231","66675","125185","62272","62913","16794","8639","8155","81731","41602","40129","31352","14274","17078","689","1422","5780","5794","537","183","9","811","20","411","6004","9","256","3551","5","3380","5","88","65"
"R12212","佐倉市","168743","82421","86322","165043","80759","84284","18589","9613","8976","94196","47217","46979","55000","25157","29843","690","2173","4605","4749","445","204","8","1017","23","507","7508","11","301","3924","4","2600","6","119","85"
"R12213","東金市","58219","29251","28968","55979","28112","27867","6040","3077","2963","33761","17538","16223","17163","7896","9267","233","739","2134","2220","152","96","5","202","8","177","2380","4","106","1286","3","1294","2","39","26"
"R12215","旭市","63745","31379","32366","62151","30537","31614","7170","3646","3524","36134","18635","17499","19843","8710","11133","370","900","1314","1645","191","83","4","405","15","265","2782","5","136","1486","2","657","3","33","34"
"R12216","習志野市","176197","87882","88315","170458","85295","85163","22186","11318","10868","111019","57522","53497","40483","17746","22737","1109","1663","8106","7857","691","219","9","925","16","486","8895","8","301","5000","4","3735","5","113","105"
"R12217","柏市","426468","210824","215644","407361","200646","206715","53333","27178","26155","251739","127936","123803","110212","49184","61028","2881","4468","18402","15618","1531","679","21","3942","42","1262","22125","26","797","12155","14","12773","16","270","220"
"R12218","勝浦市","16927","8704","8223","16756","8610","8146","1145","581","564","8357","4796","3561","7290","3215","4075","31","343","489","614","32","10","0","0","5","70","430","1","27","239","0","0","1","10","7"
"R12219","市原市","269524","138438","131086","259640","133522","126118","30046","15460","14586","154641","82219","72422","78661","36924","41737","1346","3355","7609","7823","901","434","22","2851","41","863","11884","21","522","6375","7","3492","11","160","122"
"R12220","流山市","199849","98431","101418","194858","96088","98770","31172","15894","15278","118860","59995","58865","46047","20640","25407","1991","1867","10026","8603","912","269","10","2033","20","744","14205","10","355","5285","4","2930","6","128","108"
"R12221","八千代市","199498","97920","101578","193727","95236","98491","25580","13162","12418","122780","61930","60850","50490","22415","28075","1270","2250","8380","7337","786","331","15","2218","19","570","9792","12","350","5475","6","6933","6","129","110"
"R12222","我孫子市","130510","63546","66964","127855","62368","65487","14296","7358","6938","74457","37732","36725","39879","17638","22241","672","1545","4198","3885","379","172","8","1001","13","382","5457","6","197","2777","4","2883","7","69","68"
"R12223","鴨川市","32116","15224","16892","31548","15006","16542","2991","1561","1430","16205","7852","8353","12375","5509","6866","125","592","966","1226","107","43","0","0","7","110","1029","3","63","589","2","525","6","17","9"
"R12224","鎌ケ谷市","109932","53592","56340","106876","52240","54636","12558","6354","6204","63683","32360","31323","31488","13988","17500","579","1301","4595","4077","399","175","9","1483","9","296","4880","5","172","2647","2","1367","5","66","62"
"R12225","君津市","82206","41928","40278","80285","41016","39269","8427","4347","4080","45829","24783","21046","26366","11805","14561","389","1184","2344","2573","275","116","4","551","12","245","3294","8","168","1812","3","1558","4","48","32"
"R12226","富津市","42465","21529","20936","41532","21081","20451","3665","1908","1757","21976","11946","10030","16118","7310","8808","119","762","995","1133","91","51","3","382","8","139","1413","3","68","817","2","661","3","29","20"
"R12227","浦安市","171362","83506","87856","164767","79942","84825","21564","11055","10509","116855","56964","59891","29971","13692","16279","966","1090","8926","8616","817","216","19","1357","17","458","8202","10","276","3877","4","3567","6","105","94"
"R12228","四街道市","93576","46347","47229","90549","44802","45747","12477","6536","5941","53027","27166","25861","27066","12240","14826","617","1048","2886","2849","298","160","8","1195","12","308","5288","5","169","2565","4","3190","4","52","43"
"R12229","袖ケ浦市","63883","32214","31669","62361","31435","30926","8622","4340","4282","37221","19369","17852","17057","7929","9128","466","707","2313","2125","244","117","3","407","7","234","3762","5","126","1635","1","823","1","41","25"
"R12230","八街市","67455","34113","33342","64693","32815","31878","6273","3204","3069","39431","20643","18788","20912","9858","11054","206","872","1650","1909","174","98","5","283","9","182","2316","4","119","1454","2","1375","3","26","32"
"R12231","印西市","102609","50574","52035","100332","49531","50801","16789","8527","8262","61663","30461","31202","23698","11293","12405","906","900","3458","3185","236","152","7","1228","18","456","7808","9","228","3181","1","580","2","61","40"
"R12232","白井市","62441","30916","31525","60845","30079","30766","8616","4376","4240","36076","18313","17763","17101","7891","9210","272","660","1608","1842","119","90","6","786","9","199","3267","5","135","1888","1","690","3","31","29"
"R12233","富里市","49735","25303","24432","46654","23686","22968","5381","2766","2615","29894","15562","14332","14035","6716","7319","266","543","1785","1884","180","73","5","444","7","138","2026","3","80","1109","1","557","2","25","21"
"R12234","南房総市","35831","17011","18820","35441","16909","18532","3001","1482","1519","15867","8053","7814","16895","7435","9460","89","733","670","736","55","40","6","227","6","110","1180","5","82","633","1","360","3","23","14"
"R12235","匝瑳市","35040","17251","17789","34631","17085","17546","3471","1802","1669","18984","9883","9101","12581","5562","7019","111","593","616","744","61","38","1","16","10","162","1361","3","72","769","2","844","2","27","15"
"R12236","香取市","72356","35626","36730","71011","35069","35942","6637","3440","3197","38325","20003","18322","26659","11857","14802","224","1272","1296","1578","169","78","2","64","15","258","2521","7","144","1476","4","1915","6","46","39"
"R12237","山武市","48444","24200","24244","47376","23634","23742","4321","2268","2053","26518","13761","12757","17329","7993","9336","144","808","991","1240","114","52","1","67","11","181","1661","4","101","964","2","1120","1","26","19"
"R12238","いすみ市","35544","17362","18182","35101","17185","17916","3162","1657","1505","17316","8917","8399","15065","6787","8278","124","747","837","840","60","34","0","0","9","147","1266","3","71","755","1","270","2","20","15"
"R12239","大網白里市","48129","23549","24580","47286","23189","24097","5090","2563","2527","26858","13446","13412","15770","7285","8485","200","676","1423","1482","137","81","5","464","7","159","1991","3","85","1178","1","382","2","36","20"
"R12322","酒々井町","20745","10155","10590","19957","9835","10122","2009","995","1014","11533","5894","5639","6810","3098","3712","77","237","804","839","49","28","1","51","2","52","730","1","30","425","1","1276","1","8","12"
"R12329","栄町","20127","9869","10258","19880","9779","10101","1645","811","834","10633","5380","5253","7840","3672","4168","70","276","531","571","45","24","2","209","4","66","668","1","26","367","0","0","1","6","7"
"R12342","神崎町","5816","2938","2878","5619","2832","2787","506","255","251","3227","1738","1489","2011","912","1099","25","97","163","140","13","7","0","0","2","24","207","1","16","104","0","0","0","2","1"
"R12347","多古町","13735","6941","6794","13261","6675","6586","1242","620","622","7279","3911","3368","5097","2328","2769","52","256","264","286","25","30","0","0","3","53","503","1","23","276","1","213","1","8","4"
"R12349","東庄町","13228","6575","6653","12972","6401","6571","1254","664","590","6748","3557","3191","5187","2328","2859","43","233","168","297","22","9","1","64","1","34","471","1","27","262","0","0","1","5","5"
"R12403","九十九里町","14639","7203","7436","14284","7022","7262","1111","578","533","7499","3911","3588","5920","2645","3275","30","286","288","362","34","19","1","10","3","50","418","1","24","254","1","100","1","6","5"
"R12409","芝山町","7033","3474","3559","6839","3394","3445","605","304","301","3778","1982","1796","2629","1173","1456","24","112","141","217","12","11","1","26","1","23","254","1","17","142","0","0","1","4","4"
"R12410","横芝光町","22075","10767","11308","21752","10634","11118","2224","1177","1047","11549","5889","5660","8295","3698","4597","74","429","489","477","47","28","1","57","5","91","924","2","50","503","1","204","1","11","11"
"R12421","一宮町","11897","5824","6073","11644","5707","5937","1443","765","678","6378","3229","3149","3890","1708","2182","58","183","521","461","35","16","0","0","2","46","631","1","27","362","1","356","0","11","8"
"R12422","睦沢町","6760","3259","3501","6718","3248","3470","664","342","322","3250","1641","1609","2843","1273","1570","22","116","141","110","7","10","0","0","1","23","271","1","19","148","0","0","0","3","2"
"R12423","長生村","13803","6801","7002","13715","6772","6943","1275","659","616","7786","3981","3805","4740","2159","2581","41","237","380","443","30","27","0","0","3","46","494","1","24","289","0","0","0","10","5"
"R12424","白子町","10305","5115","5190","10219","5080","5139","944","490","454","5176","2653","2523","4162","1956","2206","31","220","227","279","30","14","0","0","3","42","389","1","18","208","0","0","0","5","4"
"R12426","長柄町","6721","3295","3426","6651","3269","3382","492","260","232","3264","1700","1564","2960","1331","1629","12","106","118","147","11","6","0","0","2","26","183","1","18","121","0","0","2","3","1"
"R12427","長南町","7198","3527","3671","7172","3521","3651","515","274","241","3468","1796","1672","3215","1457","1758","19","152","105","150","11","10","1","53","1","21","231","1","19","120","0","0","0","6","4"
"R12441","大多喜町","8885","4307","4578","8784","4256","4528","771","392","379","4213","2146","2067","3883","1756","2127","20","185","203","214","13","8","0","0","2","31","281","2","24","199","1","384","2","6","3"
"R12443","御宿町","6874","3260","3614","6836","3246","3590","465","225","240","2817","1393","1424","3570","1628","1942","11","175","270","205","5","8","0","0","2","27","181","1","16","101","0","0","0","5","4"
"R12463","鋸南町","6993","3356","3637","6926","3336","3590","519","279","240","3109","1560","1549","3361","1513","1848","7","149","145","183","9","6","1","42","1","19","193","1","15","112","0","0","1","4","4"
"R13101","千代田区","66680","33637","33043","63790","32065","31725","8976","4588","4388","46517","24136","22381","10852","4665","6187","575","436","6028","6230","612","118","12","989","11","311","5235","14","385","6508","18","10682","15","555","331"
"R13102","中央区","169179","80931","88248","161672","77263","84409","23086","11669","11417","121217","58810","62407","24683","10353","14330","1751","1064","20121","12632","1544","372","14","915","17","524","9365","6","151","2317","2","1229","4","778","452"
"R13103","港区","260486","123410","137076","234966","110007","124959","34714","17733","16981","174886","83880","91006","42546","17325","25221","2355","1711","18514","18750","1838","531","30","2412","21","654","12033","22","593","9811","18","12521","13","953","593"
"R13104","新宿区","349385","174822","174563","298415","148196","150219","29202","14761","14441","223593","114521","109072","63185","27132","36053","1992","2892","26746","26485","2277","519","30","1159","30","695","10928","16","387","6489","11","8039","13","766","427"
"R13105","文京区","240069","115483","124586","217429","103879","113550","28065","14269","13796","152818","74459","78359","42020","17512","24508","1820","1754","16220","14858","1419","283","27","2260","24","740","13681","27","592","9556","25","14949","9","309","258"
"R13106","台東区","211444","108586","102858","197051","101367","95684","18648","9551","9097","142955","75922","67033","47510","22080","25430","1433","2108","17708","15131","2069","327","19","1156","19","450","7087","9","214","2968","8","4910","7","277","232"
"R13107","墨田区","272085","134787","137298","261231","130116","131115","28028","14365","13663","183630","93676","89954","60108","26500","33608","2123","2734","21419","19245","2589","493","15","953","25","676","10473","13","354","5708","7","5835","13","245","194"
"R13108","江東区","524310","258015","266295","492456","243169","249287","66472","33996","32476","341716","173311","168405","110002","48178","61824","3582","4591","30945","29533","2826","846","28","2272","45","1368","24584","26","627","9446","12","7106","20","471","316"
"R13109","品川区","422488","208688","213800","390799","192236","198563","47036","23838","23198","272685","138081","134604","79532","33927","45605","3093","3538","29863","26234","2797","620","28","2226","32","865","14583","15","387","6302","12","9379","15","498","352"
"R13110","目黒区","288088","135820","152268","275731","129698","146033","31547","16182","15365","196916","94873","102043","55811","23133","32678","1949","2243","21530","20278","1983","475","22","1910","24","680","11062","15","335","4913","10","8274","9","348","276"
"R13111","大田区","748081","372464","375617","700751","348501","352250","77231","39408","37823","475656","243431","232225","161855","70939","90916","4548","7403","45347","39624","4316","974","47","4829","61","1701","29984","30","775","11656","14","9530","24","613","525"
"R13112","世田谷区","943664","445592","498072","916972","432101","484871","108940","55950","52990","638629","307904","330725","190042","78845","111197","5906","7681","53640","49647","5182","1273","62","6366","70","2305","42583","52","1349","21950","38","24943","27","952","767"
"R13113","渋谷区","243883","117907","125976","214511","102183","112328","22984","11651","11333","154258","75693","78565","41261","17025","24236","1608","1705","18033","17695","1648","422","21","1198","21","578","9623","13","338","5122","10","8526","15","722","432"
"R13114","中野区","344880","172525","172355","315718","158474","157244","29123","14850","14273","231515","121148","110367","65878","28075","37803","2092","2996","25461","24012","2446","521","21","1873","22","660","11844","15","423","6789","12","9259","8","325","242"
"R13115","杉並区","591108","284301","306807","551816","263795","288021","58944","30083","28861","380639","186108","194531","117072","49081","67991","3675","5110","37348","34483","3214","663","42","3590","42","1310","23381","31","747","11123","19","15844","20","542","428"
"R13116","豊島区","301599","151020","150579","272053","136359","135694","26489","13465","13024","211034","109537","101497","58539","25291","33248","1675","2501","20151","19808","1782","406","20","1119","24","634","10489","17","445","7702","17","12104","14","509","321"
"R13117","北区","355213","176289","178924","334774","166128","168646","36527","18658","17869","229948","119167","110781","87381","37587","49794","2257","3923","22364","20371","2031","435","36","2998","34","930","14498","21","520","7498","15","9920","17","294","226"
"R13118","荒川区","217475","107683","109792","199289","98955","100334","24470","12428","12042","141156","72237","68919","50411","22315","28096","1442","2353","13055","11528","1264","325","14","737","24","576","8963","12","288","4325","4","2436","12","194","124"
"R13119","板橋区","584483","286179","298304","543391","265687","277704","60014","30821","29193","367976","184716","183260","132602","57258","75344","3220","5882","33341","29679","3052","760","33","3961","52","1365","24164","27","706","11745","12","9885","41","399","329"
"R13120","練馬区","752608","361770","390838","714410","344488","369922","85920","43973","41947","478648","236655","241993","159298","68154","91144","4880","7217","40255","36646","3436","970","43","6448","67","1904","34220","39","973","15480","14","8313","17","593","444"
"R13121","足立区","695043","347408","347635","644285","322261","322024","75589","38692","36897","424335","219784","204551","170261","74792","95469","3761","8358","33665","28571","3386","1131","51","5437","67","1821","29127","37","952","14046","11","7352","54","454","368"
"R13122","葛飾区","453093","225758","227335","432623","216134","216489","51556","26487","25069","285968","148207","137761","111893","49424","62469","2613","5434","22334","19598","2012","736","27","2844","49","1246","20289","27","636","9206","8","5119","21","368","270"
"R13123","江戸川区","697932","351327","346605","650161","327003","323158","86270","44123","42147","449387","232990","216397","145764","64620","81144","4110","6873","31106","29814","3197","1073","38","5573","67","1889","32110","34","936","15052","10","9539","22","463","356"
"R13201","八王子市","579355","291307","288048","554415","278465","275950","62867","32420","30447","344893","179495","165398","153504","68640","84864","2624","6514","20556","19344","1673","749","29","3760","69","1641","23656","46","1059","14625","18","13938","28","392","280"
"R13202","立川市","183581","91191","92390","179304","89196","90108","21828","11219","10609","115971","60115","55856","45524","19759","25765","1102","1997","9823","9026","831","261","12","1741","20","535","8767","9","257","3780","4","4050","8","183","126"
"R13203","武蔵野市","150149","71868","78281","143186","68271","74915","17232","8872","8360","95301","46473","48828","31725","13327","18398","1010","1367","9113","9057","750","174","12","1392","15","485","8102","11","280","4498","6","3870","8","227","154"
"R13204","三鷹市","195391","94489","100902","185052","89733","95319","23468","12098","11370","123039","61414","61625","41623","17721","23902","1141","1774","10459","9692","806","264","17","1894","16","524","9874","9","277","4404","3","2866","6","151","103"
"R13205","青梅市","133535","66654","66881","131357","65672","65685","13763","7073","6690","76704","40231","36473","42492","18985","23507","539","1896","4381","3760","381","178","6","314","17","382","5216","11","260","2825","2","1285","8","91","58"
"R13206","府中市","262790","131468","131322","251627","126350","125277","32986","16961","16025","165586","86141","79445","56764","25099","31665","1509","2413","12761","11435","961","329","17","2380","24","773","13860","12","387","6376","6","4965","12","188","149"
"R13207","昭島市","113949","56639","57310","110425","54890","55535","13780","6979","6801","68947","35538","33409","30003","13373","16630","691","1297","5564","4205","412","148","7","631","14","376","5816","7","198","2766","3","2073","8","63","61"
"R13208","調布市","242614","117044","125570","230300","111474","118826","28754","14630","14124","153175","76631","76544","50414","21430","28984","1590","2263","12505","11649","1007","300","13","1735","22","708","12567","12","390","6261","7","4589","6","211","156"
"R13209","町田市","431079","210533","220546","416777","203111","213666","51174","26206","24968","253130","127768","125362","116470","50596","65874","2221","4898","16130","14406","1273","622","34","4290","44","1310","21436","24","781","12192","12","8851","16","341","238"
"R13210","小金井市","126074","61759","64315","120520","59144","61376","14879","7653","7226","80498","40707","39791","25591","11065","14526","896","1039","7090","6749","581","147","7","817","10","347","6881","9","238","3981","6","4002","4","94","72"
"R13211","小平市","198739","97507","101232","188185","91890","96295","25072","12968","12104","121648","61306","60342","45060","19436","25624","1227","2010","8982","8694","619","245","15","2512","21","635","10874","11","333","5231","6","5816","8","136","93"
"R13212","日野市","190435","94918","95517","181908","90814","91094","22894","11730","11164","115015","59846","55169","45652","20035","25617","1190","1911","9215","7710","721","233","13","1395","17","546","9309","8","270","4318","3","2861","6","132","92"
"R13213","東村山市","151815","73827","77988","146966","71307","75659","17720","9135","8585","90285","45286","44999","40749","17524","23225","833","1880","6100","5447","405","193","10","1476","15","409","6828","11","273","4105","5","3072","9","92","66"
"R13214","国分寺市","129242","62985","66257","122391","59838","62553","15082","7796","7286","81431","41002","40429","27184","11696","15488","872","1178","7372","6685","520","154","4","802","11","374","6938","6","181","3040","2","1979","2","112","78"
"R13215","国立市","77130","37515","39615","73679","35750","37929","8448","4452","3996","48511","24068","24443","17748","7570","10178","402","747","4346","3878","273","98","9","682","11","316","4552","5","148","2274","4","2993","2","84","70"
"R13218","福生市","56414","28023","28391","52577","26178","26399","5692","2905","2787","34800","18122","16678","15153","6696","8457","288","700","2589","2564","244","102","4","269","7","168","2131","3","89","1096","2","1347","4","45","27"
"R13219","狛江市","84772","41043","43729","81557","39335","42222","9736","5028","4708","52699","26208","26491","19961","8461","11500","474","898","4412","4273","303","98","3","628","6","225","3927","4","102","1397","1","992","1","66","38"
"R13220","東大和市","83901","41034","42867","82703","40561","42142","10661","5381","5280","50007","25368","24639","22923","10157","12766","488","925","3126","2730","319","115","3","503","10","259","4223","5","141","2045","2","1652","2","53","45"
"R13221","清瀬市","76208","36550","39658","73650","35232","38418","8710","4425","4285","44106","21880","22226","21482","9124","12358","407","944","3604","2918","213","111","7","1158","10","251","3626","6","139","1817","2","956","9","45","35"
"R13222","東久留米市","115271","55647","59624","112209","54284","57925","13735","6997","6738","67397","33960","33437","32745","14126","18619","618","1426","4539","4071","331","168","6","1168","13","371","5936","8","203","2803","3","1745","3","67","54"
"R13223","武蔵村山市","70829","35260","35569","68476","34142","34334","9375","4804","4571","41663","21463","20200","18847","8435","10412","322","839","2470","2454","192","139","4","614","9","238","3632","5","139","1940","3","2755","4","27","26"
"R13224","多摩市","146951","71611","75340","144361","70464","73897","16577","8425","8152","87607","44358","43249","42582","18734","23848","633","1620","6435","5540","431","209","8","1235","18","461","6800","11","276","3866","3","1706","5","114","63"
"R13225","稲城市","93151","46879","46272","90418","45350","45068","13130","6804","6326","58186","29916","28270","20087","9072","11015","636","735","3925","3756","325","100","7","1390","12","328","5445","7","164","2336","2","1140","4","57","47"
"R13227","羽村市","54326","27471","26855","52873","26754","26119","6531","3376","3155","32849","17369","15480","14728","6569","8159","277","621","2181","2222","183","81","6","458","7","171","2464","3","96","1352","1","613","2","38","30"
"R13228","あきる野市","79292","39230","40062","77709","38510","39199","9235","4718","4517","43149","22082","21067","23792","10799","12993","383","1172","2612","2323","224","121","6","579","11","255","3885","7","180","2230","3","2039","3","48","39"
"R13229","西東京市","207388","100992","106396","197586","95726","101860","24707","12558","12149","128947","64704","64243","48446","20596","27850","1214","2141","9223","8777","662","258","14","2194","18","571","9928","11","307","4810","5","3535","5","151","113"
"R13303","瑞穂町","31765","15992","15773","31026","15591","15435","3443","1761","1682","18609","9789","8820","9517","4330","5187","126","457","1167","998","85","64","3","213","5","108","1421","2","54","739","1","504","1","14","11"
"R13305","日の出町","16958","8267","8691","16784","8179","8605","2235","1157","1078","8095","4245","3850","6538","2809","3729","53","363","571","471","39","31","1","72","3","69","943","2","48","513","0","0","2","16","6"
"R13307","檜原村","2003","983","1020","1998","982","1016","131","71","60","806","451","355","1058","455","603","5","79","85","72","3","1","0","0","1","16","59","1","16","23","0","0","0","3","0"
"R13308","奥多摩町","4750","2389","2361","4698","2367","2331","337","191","146","1998","1130","868","2410","1066","1344","14","197","186","135","6","5","0","0","2","31","141","1","17","63","0","0","1","7","2"
"R13361","大島町","7102","3667","3435","7016","3596","3420","710","372","338","3679","2066","1613","2713","1229","1484","20","139","411","478","23","13","0","0","3","47","290","3","46","142","2","297","0","3","4"
"R13362","利島村","327","197","130","322","194","128","50","28","22","197","126","71","80","43","37","0","2","31","40","0","0","0","0","0","0","0","0","0","0","0","0","0","1","0"
"R13363","新島村","2441","1204","1237","2430","1200","1230","272","128","144","1202","647","555","967","429","538","8","52","129","131","6","6","0","0","2","27","98","2","30","60","1","32","0","3","0"
"R13364","神津島村","1855","952","903","1850","948","902","274","144","130","994","535","459","587","273","314","8","32","92","106","6","3","0","0","1","14","106","1","17","52","1","45","0","2","0"
"R13381","三宅村","2273","1269","1004","2242","1260","982","225","123","102","1151","703","448","894","441","453","11","42","168","191","5","2","0","0","1","18","96","1","16","38","1","23","0","2","1"
"R13382","御蔵島村","323","181","142","313","172","141","60","36","24","205","114","91","58","31","27","2","1","42","34","1","1","0","0","1","11","29","1","11","9","0","0","0","1","0"
"R13401","八丈町","7042","3534","3508","6955","3524","3431","799","426","373","3415","1825","1590","2801","1262","1539","30","151","352","392","24","9","0","0","3","44","318","3","48","141","1","137","1","2","7"
"R13402","青ヶ島村","169","102","67","169","102","67","21","12","9","117","69","48","31","21","10","1","0","37","32","0","0","0","0","1","8","6","1","12","3","0","0","0","1","0"
"R13421","小笠原村","2929","1805","1124","2905","1792","1113","416","231","185","2099","1327","772","413","246","167","23","14","237","355","16","11","0","0","2","28","138","2","26","81","1","57","0","3","1"
"R14100","横浜市","3777491","1867305","1910186","3618590","1787120","1831470","441810","226591","215219","2316309","1179199","1137110","920583","407795","512788","22190","38964","174966","166348","15648","5319","233","29435","348","10859","174496","176","5748","89309","91","80096","113","3201","2118"
"R14130","川崎市","1538262","775772","762490","1465906","739466","726440","189490","97260","92230","1001271","519940","481331","301151","134157","166994","10995","13550","87017","82474","8964","2166","78","11791","118","4259","74486","58","2210","33782","25","21567","33","1060","743"
"R14150","相模原市","725493","362193","363300","690937","344898","346039","82532","42298","40234","435860","224715","211145","185236","83633","101603","3866","7914","27813","26517","2632","1065","42","5498","72","2112","33187","38","1158","16858","17","15078","32","453","356"
"R14201","横須賀市","388078","193513","194565","382667","190970","191697","40747","20867","19880","221918","117046","104872","124727","55166","69561","1607","5509","11632","12642","1169","626","29","2955","47","1176","15831","25","700","8828","12","10389","12","304","206"
"R14203","平塚市","258422","129056","129366","249623","124684","124939","29331","14997","14334","151095","78245","72850","72510","32492","40018","1296","3141","8216","7030","829","384","22","2262","29","771","11611","17","454","5966","6","4948","7","189","136"
"R14204","鎌倉市","172710","81097","91613","170631","80086","90545","19587","9975","9612","98856","48270","50586","53378","22482","30896","810","2195","6417","6175","539","235","19","1864","19","522","8919","16","402","6164","10","7061","11","184","132"
"R14205","藤沢市","436905","215596","221309","425047","209132","215915","56803","29091","27712","265260","135142","130118","106517","46383","60134","2903","4547","16950","15659","1775","623","32","4769","38","1266","24346","25","765","13384","15","12046","14","437","276"
"R14206","小田原市","188856","91321","97535","183545","89142","94403","20684","10672","10012","108355","54551","53804","56588","24748","31840","927","2535","6072","5527","643","270","16","1147","26","587","8138","13","339","4368","7","5355","11","152","105"
"R14207","茅ヶ崎市","242389","117608","124781","238852","115694","123158","31061","15857","15204","144452","72042","72410","64882","28473","36409","1439","2609","8087","7486","850","352","14","2151","20","695","12769","14","410","6170","5","4811","6","161","128"
"R14208","逗子市","57060","26719","30341","55543","26011","29532","6386","3254","3132","31144","15093","16051","17948","7594","10354","267","801","1798","1941","164","76","4","359","6","171","2658","5","132","1941","3","1804","2","71","43"
"R14210","三浦市","42069","20142","21927","41643","19946","21697","3472","1790","1682","21264","10780","10484","17158","7504","9654","121","782","979","1087","72","50","2","259","8","129","1312","3","76","756","1","524","1","26","20"
"R14211","秦野市","162439","82134","80305","156966","79142","77824","17797","9242","8555","93225","48891","44334","48518","22187","26331","668","1964","4743","4545","459","250","9","571","13","465","7021","9","300","3825","3","2528","4","101","71"
"R14212","厚木市","223705","115343","108362","213520","110131","103389","26156","13421","12735","136825","73877","62948","57522","26468","31054","1160","2319","7941","7841","806","357","18","2276","24","693","10244","13","411","5517","5","4536","9","160","102"
"R14213","大和市","239169","119582","119587","226223","112710","113513","28937","14656","14281","146702","75667","71035","56696","25248","31448","1703","2475","10549","9650","1121","386","16","2670","20","779","11869","10","397","5928","6","4687","8","174","142"
"R14214","伊勢原市","101780","51486","50294","97675","49517","48158","11659","5917","5742","61640","32564","29076","26579","12106","14473","519","1152","3819","3832","388","137","5","718","10","328","4574","4","163","2277","3","3102","3","67","42"
"R14215","海老名市","136516","68631","67885","132164","66290","65874","17660","9121","8539","82979","42904","40075","33825","15416","18409","985","1313","6229","4970","612","195","7","1602","13","424","7092","6","211","3394","3","2659","4","107","57"
"R14216","座間市","132325","66001","66324","126292","63234","63058","14957","7602","7355","80388","41761","38627","33638","15177","18461","701","1422","5245","5006","448","200","9","1453","11","365","5933","6","201","3050","3","2571","4","64","59"
"R14217","南足柄市","40841","20000","20841","40292","19729","20563","4492","2292","2200","22509","11516","10993","13440","5991","7449","135","554","1123","1188","99","63","6","238","5","134","1746","3","83","1008","1","716","2","24","16"
"R14218","綾瀬市","83913","42581","41332","79277","40101","39176","10852","5568","5284","48874","26033","22841","23186","10565","12621","447","952","2836","2946","234","148","9","1267","10","306","4324","5","161","2353","2","1866","1","30","26"
"R14301","葉山町","31665","14914","16751","31126","14607","16519","3955","2043","1912","17156","8284","8872","10071","4307","5764","133","439","910","1049","65","45","5","521","4","126","1751","2","63","825","0","0","1","15","15"
"R14321","寒川町","48348","24466","23882","47069","23788","23281","6165","3191","2974","28431","14863","13568","13250","6083","7167","293","557","1610","1573","184","83","2","370","5","153","2578","3","86","1277","1","582","1","22","17"
"R14341","大磯町","31634","15411","16223","31484","15338","16146","3569","1846","1723","17192","8680","8512","10853","4870","5983","134","439","1018","997","59","42","3","199","4","98","1520","4","81","810","1","822","1","20","15"
"R14342","二宮町","27564","13285","14279","27278","13165","14113","2828","1471","1357","14887","7412","7475","9682","4331","5351","99","392","799","821","61","31","5","473","3","77","1135","2","46","580","1","687","0","22","17"
"R14361","中井町","9300","4664","4636","8967","4488","4479","839","403","436","4836","2559","2277","3303","1499","1804","23","139","213","199","14","13","0","0","2","30","305","1","21","195","0","0","1","9","4"
"R14362","大井町","17129","8437","8692","16897","8332","8565","2019","1011","1008","10031","5166","4865","4963","2214","2749","115","207","666","596","39","30","3","131","3","68","744","1","31","441","1","211","1","11","6"
"R14363","松田町","10836","5404","5432","10661","5320","5341","1030","543","487","6030","3173","2857","3651","1609","2042","47","148","408","350","28","13","2","80","2","34","413","1","25","209","1","1225","1","9","5"
"R14364","山北町","9761","4826","4935","9688","4789","4899","821","411","410","5039","2654","2385","3873","1745","2128","28","173","192","195","11","10","1","20","1","21","342","1","20","189","1","558","0","6","3"
"R14366","開成町","18329","8911","9418","18150","8832","9318","2709","1374","1335","10804","5430","5374","4768","2086","2682","134","184","605","614","57","23","1","152","2","70","1150","1","36","533","1","365","1","17","9"
"R14382","箱根町","11293","5423","5870","10768","5191","5577","683","340","343","5940","2995","2945","4120","1773","2347","26","165","761","889","22","21","1","6","5","58","275","2","28","189","1","89","1","7","4"
"R14383","真鶴町","6722","3124","3598","6659","3099","3560","446","214","232","3344","1651","1693","2923","1255","1668","13","140","156","197","9","15","1","19","1","17","196","1","14","101","0","0","0","2","2"
"R14384","湯河原町","23426","10884","12542","23045","10739","12306","1749","929","820","11477","5759","5718","9961","4096","5865","60","529","863","809","69","33","2","36","3","58","618","1","37","431","0","0","3","22","12"
"R14401","愛川町","39869","20883","18986","36633","19117","17516","4231","2189","2042","23225","12718","10507","11947","5679","6268","142","507","1161","1124","101","81","3","184","6","140","1638","3","81","914","1","577","1","21","11"
"R14402","清川村","3038","1556","1482","3016","1548","1468","306","143","163","1600","881","719","1131","531","600","5","27","56","104","5","1","1","19","2","16","107","2","22","59","0","0","0","2","1"
"R15100","新潟市","789275","379741","409534","772337","371024","401313","91023","46594","44429","450987","225131","225856","230990","98975","132015","4429","10614","25467","25877","2580","910","24","1249","107","2399","36444","61","1462","19287","28","19521","35","651","480"
"R15202","長岡市","266936","131011","135925","264201","129993","134208","31270","16036","15234","149389","76696","72693","83371","36371","47000","1432","3930","5143","5910","785","277","4","109","55","970","12108","29","598","6756","11","6556","9","182","116"
"R15204","三条市","94642","45815","48827","93563","45265","48298","10607","5410","5197","51991","26450","25541","31258","13604","17654","415","1414","1605","1878","258","108","3","88","19","336","3624","8","174","1940","4","2120","6","65","46"
"R15205","柏崎市","81526","40556","40970","79760","39637","40123","8633","4443","4190","44253","23311","20942","27398","11955","15443","319","1343","1579","1876","219","114","5","253","19","302","3198","11","193","1699","5","1948","4","55","35"
"R15206","新発田市","94927","45963","48964","93973","45581","48392","11067","5710","5357","52607","26905","25702","30646","13027","17619","492","1504","1920","2226","283","113","1","10","15","372","4435","10","215","2339","6","3478","5","77","50"
"R15208","小千谷市","34096","16830","17266","33810","16745","17065","3823","1915","1908","17981","9389","8592","12092","5419","6673","145","511","558","762","90","33","0","0","8","140","1377","5","94","837","2","997","2","27","12"
"R15209","加茂市","25441","12406","13035","25324","12354","12970","2407","1229","1178","13607","7037","6570","9356","4087","5269","84","448","325","468","40","20","3","85","6","91","887","5","66","519","3","1452","1","19","11"
"R15210","十日町市","49820","24339","25481","49464","24263","25201","5255","2709","2546","24595","12827","11768","19838","8725","11113","190","826","651","1043","97","57","1","32","17","225","1992","10","133","985","4","1191","2","36","16"
"R15211","見附市","39237","19050","20187","38908","18941","19967","4495","2320","2175","21682","10991","10691","12939","5661","7278","219","610","704","791","95","51","2","109","8","167","1838","4","90","931","1","273","1","30","21"
"R15212","村上市","57418","27474","29944","57104","27380","29724","5520","2789","2731","29209","15132","14077","22619","9501","13118","195","1059","705","1185","112","75","2","62","13","237","2123","7","117","1008","3","810","5","40","28"
"R15213","燕市","77201","37629","39572","76352","37204","39148","8863","4513","4350","43797","22394","21403","24060","10424","13636","427","1115","1535","1636","231","121","0","0","14","279","3448","5","144","1779","2","370","2","69","37"
"R15216","糸魚川市","40765","20068","20697","40242","19841","20401","4005","2095","1910","20213","10770","9443","16296","7045","9251","132","801","637","902","90","35","3","112","13","185","1469","4","90","864","3","839","2","30","15"
"R15217","妙高市","30383","14740","15643","30075","14643","15432","3139","1636","1503","15826","8153","7673","11319","4883","6436","126","527","630","686","58","27","0","0","7","130","1268","3","65","649","1","433","2","13","11"
"R15218","五泉市","47625","22890","24735","47129","22783","24346","4857","2512","2345","25570","12989","12581","17143","7352","9791","196","787","559","825","98","38","1","6","9","171","1893","4","87","1054","2","684","2","37","21"
"R15222","上越市","188047","91929","96118","185027","90696","94331","22044","11322","10722","102314","52708","49606","61460","26748","34712","954","2708","3531","4261","587","236","5","342","48","797","8501","21","425","4508","10","4334","7","140","92"
"R15223","阿賀野市","40696","19570","21126","40371","19449","20922","4501","2320","2181","22065","11180","10885","14011","5996","8015","194","691","562","721","79","51","1","54","7","151","1752","4","89","965","1","93","2","22","15"
"R15224","佐渡市","51492","24881","26611","51208","24797","26411","5143","2709","2434","24279","12668","11611","21927","9415","12512","186","1263","894","1180","117","48","2","21","22","245","1945","13","165","1048","4","955","2","38","19"
"R15225","魚沼市","34483","16802","17681","34209","16691","17518","3610","1823","1787","17816","9163","8653","12899","5722","7177","140","538","479","772","86","34","2","37","8","136","1347","5","83","725","2","545","1","28","11"
"R15226","南魚沼市","54851","26777","28074","53962","26479","27483","6561","3342","3219","29347","14865","14482","18391","8233","10158","274","764","881","1282","136","64","0","0","16","243","2546","4","106","1391","4","1201","4","28","13"
"R15227","胎内市","28509","13959","14550","28219","13802","14417","2968","1533","1435","15165","7884","7281","10262","4474","5788","96","467","509","651","68","35","0","0","5","105","1210","4","66","605","2","635","1","23","13"
"R15307","聖籠町","14259","7172","7087","13930","7018","6912","2073","1088","985","8390","4499","3891","3716","1531","2185","110","154","377","404","50","21","1","50","3","78","879","1","37","440","0","0","2","7","6"
"R15342","弥彦村","7705","3733","3972","7685","3727","3958","925","466","459","4305","2179","2126","2471","1084","1387","17","88","160","152","12","6","0","0","1","27","339","1","19","205","0","0","0","5","2"
"R15361","田上町","11227","5395","5832","11183","5375","5808","1019","530","489","5960","3043","2917","4228","1808","2420","33","166","155","230","24","6","1","49","2","35","412","1","23","230","0","0","0","5","5"
"R15385","阿賀町","9965","4825","5140","9929","4818","5111","673","365","308","4346","2330","2016","4944","2128","2816","18","270","90","238","10","5","0","0","3","39","221","2","25","143","1","49","1","8","8"
"R15405","出雲崎町","4113","1978","2135","4099","1974","2125","372","171","201","1936","1029","907","1803","776","1027","9","94","81","90","1","3","0","0","1","18","148","1","12","74","1","81","0","3","0"
"R15461","湯沢町","7767","3946","3821","7640","3894","3746","678","333","345","4012","2143","1869","2958","1389","1569","29","157","399","367","20","5","0","0","1","24","261","1","19","141","0","0","1","3","3"
"R15482","津南町","8989","4322","4667","8886","4311","4575","882","455","427","4273","2217","2056","3767","1635","2132","23","172","115","177","17","6","0","0","3","42","353","1","15","116","0","0","1","8","3"
"R15504","刈羽村","4380","2244","2136","4353","2228","2125","558","283","275","2379","1281","1098","1408","649","759","16","42","78","148","6","6","0","0","1","21","223","1","12","119","0","0","0","1","1"
"R15581","関川村","5144","2444","2700","5122","2439","2683","467","234","233","2458","1291","1167","2219","919","1300","15","116","64","117","11","6","0","0","1","19","174","1","13","99","0","0","0","4","2"
"R15586","粟島浦村","353","181","172","351","181","170","42","17","25","165","97","68","146","67","79","1","6","25","28","2","0","0","0","1","5","11","1","9","17","0","0","0","1","0"
"R16201","富山市","413938","202281","211657","403780","197226","206554","48134","24651","23483","235817","120942","114875","122767","52314","70453","2460","5562","8833","9156","1508","480","14","785","65","1407","18868","28","780","10265","19","11413","38","337","187"
"R16202","高岡市","166393","80482","85911","159520","77095","82425","16902","8745","8157","86993","44125","42868","54956","23278","31678","857","2577","3705","3703","562","176","4","171","20","512","6903","11","295","3592","10","4970","12","135","80"
"R16204","魚津市","40535","19729","20806","39869","19453","20416","3923","1982","1941","21193","11115","10078","13906","5829","8077","186","634","867","1025","119","35","1","6","5","122","1539","2","72","866","4","1122","4","28","22"
"R16205","氷見市","43950","20883","23067","43525","20717","22808","4022","2055","1967","22499","11504","10995","17391","7309","10082","151","813","474","864","94","45","1","144","9","141","1454","4","88","864","1","595","3","29","12"
"R16206","滑川市","32349","15750","16599","31902","15533","16369","4047","2128","1919","18432","9489","8943","9744","4048","5696","193","448","800","809","112","43","1","24","7","131","1618","2","64","806","1","564","2","17","8"
"R16207","黒部市","39638","19514","20124","39171","19293","19878","4645","2434","2211","21761","11343","10418","12517","5311","7206","229","572","978","1117","126","35","1","27","9","159","1823","2","69","1019","1","553","4","25","16"
"R16208","砺波市","48154","23419","24735","47060","22869","24191","5911","3015","2896","27087","13793","13294","14593","6270","8323","267","650","1183","1266","174","56","0","0","8","177","2220","4","102","1259","2","817","5","35","18"
"R16209","小矢部市","28983","13991","14992","28413","13756","14657","2940","1514","1426","15086","7667","7419","10817","4724","6093","163","482","380","539","48","24","0","0","5","97","1132","4","64","606","3","727","4","17","11"
"R16210","南砺市","47937","22940","24997","47104","22630","24474","4979","2561","2418","24165","12266","11899","18753","8089","10664","186","844","640","913","106","41","0","0","7","154","1863","6","100","993","2","793","4","31","17"
"R16211","射水市","90742","44253","46489","88002","42779","45223","11269","5869","5400","51219","26166","25053","27743","11867","15876","491","1161","1771","2045","265","116","4","176","16","377","4610","6","178","2344","3","1270","4","48","33"
"R16321","舟橋村","3132","1521","1611","3081","1494","1587","528","277","251","1971","985","986","631","257","374","32","24","118","102","5","4","0","0","1","15","194","1","13","112","0","0","0","1","2"
"R16322","上市町","19351","9255","10096","19133","9160","9973","1852","959","893","10280","5223","5057","7199","3058","4141","66","311","300","431","37","10","0","0","7","91","713","1","33","411","1","347","1","11","5"
"R16323","立山町","24792","12002","12790","24573","11911","12662","2780","1429","1351","13698","6977","6721","8273","3571","4702","130","350","478","500","48","30","0","0","6","101","1068","1","43","605","1","362","1","12","7"
"R16342","入善町","23839","11385","12454","23305","11144","12161","2342","1206","1136","12621","6458","6163","8780","3673","5107","62","463","393","473","53","23","0","0","6","96","837","2","46","512","1","525","2","15","7"
"R16343","朝日町","11081","5232","5849","10950","5185","5765","903","470","433","5230","2690","2540","4938","2065","2873","39","204","137","252","19","8","0","0","2","38","354","1","21","204","0","0","2","3","6"
"R17201","金沢市","463254","224549","238705","446412","215482","230930","56073","28609","27464","271778","136161","135617","121222","51449","69773","2829","5196","13945","13850","1751","573","23","1969","56","1414","22591","31","836","12412","20","17024","36","419","221"
"R17202","七尾市","50300","23970","26330","49257","23522","25735","4997","2593","2404","25395","12682","12713","19370","8321","11049","215","864","753","1706","121","42","0","0","10","167","1816","4","98","1067","5","1530","4","40","28"
"R17203","小松市","106216","52182","54034","102830","50152","52678","13834","7080","6754","60584","31068","29516","30443","13162","17281","702","1351","2836","2892","408","121","7","396","22","420","5375","9","218","2756","7","4228","8","67","44"
"R17204","輪島市","24608","11714","12894","24360","11597","12763","1807","928","879","11351","6007","5344","11327","4696","6631","70","554","331","1806","50","28","0","0","10","73","403","4","48","286","3","925","1","24","12"
"R17205","珠洲市","12929","5933","6996","12838","5903","6935","926","446","480","5309","2697","2612","6673","2778","3895","29","330","161","966","23","7","1","0","7","69","209","2","29","125","1","232","1","10","5"
"R17206","加賀市","63220","29939","33281","62143","29453","32690","6715","3472","3243","33589","16915","16674","22681","9422","13259","274","1139","1179","1429","157","66","1","31","17","259","2596","6","125","1457","4","851","3","45","26"
"R17207","羽咋市","20407","9669","10738","20262","9621","10641","1928","967","961","10189","5150","5039","8231","3507","4724","95","384","476","509","50","15","0","0","5","73","757","2","39","386","3","828","1","18","14"
"R17209","かほく市","34889","16875","18014","34500","16640","17860","4696","2427","2269","19657","9830","9827","10314","4502","5812","299","455","1217","914","109","45","0","0","6","132","1993","3","74","905","0","0","2","21","7"
"R17210","白山市","110408","53670","56738","108485","52493","55992","15154","7596","7558","63630","31948","31682","30899","13742","17157","742","1306","2700","2433","323","140","5","530","19","422","6092","10","224","3062","4","920","4","68","31"
"R17211","能美市","48523","24129","24394","47278","23328","23950","6811","3510","3301","28783","14897","13886","12692","5555","7137","351","493","1347","1258","160","63","0","0","8","190","2696","3","101","1405","1","271","3","28","11"
"R17212","野々市市","57238","29550","27688","55606","28658","26948","8322","4279","4043","35979","19327","16652","11203","4837","6366","509","418","3155","2842","300","90","1","75","5","184","3255","2","98","1566","1","861","3","57","28"
"R17324","川北町","6135","3030","3105","6072","2986","3086","1057","566","491","3630","1818","1812","1448","646","802","37","65","108","140","11","10","0","0","3","45","403","1","20","207","0","0","0","3","3"
"R17361","津幡町","36957","18044","18913","36527","17789","18738","5057","2627","2430","22675","11315","11360","9040","3977","5063","262","398","1115","969","123","51","1","41","9","158","2023","2","75","1051","1","290","2","20","10"
"R17365","内灘町","26574","12774","13800","25988","12461","13527","3305","1714","1591","15554","7619","7935","7081","3107","3974","120","287","630","851","69","38","0","0","7","111","1402","2","50","730","1","178","2","15","9"
"R17384","志賀町","18630","8878","9752","18467","8836","9631","1656","814","842","8605","4450","4155","8312","3571","4741","54","401","234","553","44","21","0","0","2","50","590","2","35","374","1","108","1","12","6"
"R17386","宝達志水町","12121","5718","6403","11944","5664","6280","1081","537","544","6236","3122","3114","4795","2053","2742","31","206","236","286","19","10","0","0","5","61","411","1","21","240","1","91","1","5","3"
"R17407","中能登町","16540","7977","8563","16361","7925","8436","1968","1030","938","8418","4276","4142","6147","2665","3482","73","294","312","398","32","19","1","0","3","61","774","1","34","436","1","298","0","6","5"
"R17461","穴水町","7890","3793","4097","7781","3732","4049","555","311","244","3400","1827","1573","3872","1607","2265","24","217","138","399","12","7","0","0","2","26","173","1","17","107","1","90","1","11","4"
"R17463","能登町","15687","7377","8310","15581","7302","8279","1154","598","556","6621","3459","3162","7910","3318","4592","41","388","223","672","30","10","0","0","5","64","394","4","53","213","1","184","2","10","5"
"R18201","福井市","262328","127867","134461","255176","124372","130804","33046","17092","15954","148658","75252","73406","75805","32656","43149","1744","3345","5522","6149","982","349","21","286","53","952","12451","28","631","6945","13","10456","23","253","131"
"R18202","敦賀市","64264","31785","32479","62655","31094","31561","8110","4160","3950","36222","18717","17505","18473","8056","10417","358","854","1651","1889","218","90","3","118","11","231","3174","6","139","1717","4","1666","3","50","21"
"R18204","小浜市","28991","14317","14674","27905","13830","14075","3479","1799","1680","15326","8067","7259","9278","3964","5314","152","421","624","737","100","37","0","0","9","140","1413","2","63","753","2","1160","2","17","9"
"R18205","大野市","31286","14997","16289","30786","14838","15948","3346","1688","1658","16078","8148","7930","11680","5033","6647","110","543","399","589","80","36","6","14","9","130","1336","2","57","650","2","713","4","22","8"
"R18206","勝山市","22150","10581","11569","21856","10506","11350","2468","1272","1196","11304","5624","5680","8275","3591","4684","91","342","232","441","53","19","1","10","10","119","955","4","63","528","1","294","1","12","6"
"R18207","鯖江市","68302","33323","34979","67087","32737","34350","9599","4894","4705","39408","19913","19495","18757","8187","10570","509","764","1649","1587","260","91","4","62","12","266","3716","3","137","2061","1","815","6","39","25"
"R18208","あわら市","27524","13067","14457","26977","12827","14150","2984","1509","1475","14873","7425","7448","9349","3959","5390","139","454","562","584","66","26","0","0","10","115","1168","2","56","608","1","658","3","17","7"
"R18209","越前市","80611","39657","40954","75526","37034","38492","10151","5288","4863","45994","23525","22469","23740","10381","13359","478","1081","1535","1643","282","95","10","178","17","310","3939","8","182","2065","3","2230","6","48","31"
"R18210","坂井市","88481","42719","45762","86348","41736","44612","11535","5878","5657","50701","25321","25380","25434","11135","14299","527","1165","1784","1828","307","111","12","30","19","357","4540","5","188","2428","3","1419","4","47","25"
"R18322","永平寺町","18965","9231","9734","18546","9033","9513","2127","1064","1063","10848","5485","5363","5640","2471","3169","97","230","402","479","51","14","1","16","7","86","784","3","53","471","0","0","1","12","7"
"R18382","池田町","2423","1196","1227","2409","1183","1226","195","103","92","1150","620","530","1078","473","605","5","49","38","57","1","1","0","0","1","11","69","1","12","40","0","0","0","4","1"
"R18404","南越前町","10002","4804","5198","9945","4781","5164","1163","626","537","5072","2582","2490","3767","1596","2171","36","175","129","190","18","10","0","0","4","55","428","1","24","253","0","0","0","8","1"
"R18423","越前町","20118","9725","10393","19943","9616","10327","2327","1175","1152","10595","5397","5198","7177","3138","4039","100","357","330","412","56","21","0","0","8","97","883","4","64","513","1","330","2","9","5"
"R18442","美浜町","9179","4610","4569","9062","4567","4495","997","536","461","4816","2630","2186","3294","1400","1894","47","142","212","273","31","8","0","0","3","43","367","1","21","187","0","0","0","10","2"
"R18481","高浜町","10326","5424","4902","10119","5344","4775","1201","620","581","5571","3111","2460","3285","1449","1836","63","150","222","276","39","7","0","0","5","50","457","2","31","247","0","0","1","8","2"
"R18483","おおい町","7910","3968","3942","7834","3957","3877","1088","536","552","4241","2316","1925","2548","1088","1460","43","124","184","236","36","13","0","0","4","55","413","2","34","249","0","0","0","7","3"
"R18501","若狭町","14003","6702","7301","13894","6640","7254","1728","861","867","7127","3621","3506","5104","2191","2913","64","230","191","314","40","14","0","0","9","105","662","2","42","387","1","440","1","8","3"
"R19201","甲府市","189591","92850","96741","180962","88457","92505","21391","10917","10474","108390","55747","52643","54487","22908","31579","1070","2642","6354","6481","735","301","24","1369","30","646","8814","18","379","5175","13","8818","11","219","129"
"R19202","富士吉田市","46530","22645","23885","44903","21869","23034","5088","2576","2512","26184","13169","13015","14006","6201","7805","239","607","1293","1402","142","51","4","421","8","177","2079","5","100","1134","4","1713","1","54","31"
"R19204","都留市","31016","14949","16067","30122","14542","15580","3133","1607","1526","18015","8917","9098","8772","3913","4859","128","450","1089","1154","90","31","2","130","7","122","1195","3","57","628","1","379","2","16","13"
"R19205","山梨市","33435","16081","17354","33005","15877","17128","3754","1932","1822","18013","8962","9051","11396","5015","6381","134","551","769","791","74","50","3","148","9","145","1457","3","68","766","2","1028","3","26","14"
"R19206","大月市","22512","10924","11588","22208","10779","11429","1657","801","856","11464","5837","5627","9093","4121","4972","61","418","426","552","38","18","2","32","5","78","613","2","43","409","1","494","1","20","13"
"R19207","韮崎市","29067","14500","14567","28547","14264","14283","3164","1654","1510","16909","8806","8103","8906","3982","4924","136","380","860","945","102","41","2","156","5","100","1119","2","52","620","2","1100","4","38","13"
"R19208","南アルプス市","69459","34164","35295","68331","33656","34675","9188","4765","4423","40547","20514","20033","19302","8646","10656","475","859","1945","1608","223","115","1","138","16","309","3722","8","170","1897","2","945","4","36","28"
"R19209","北杜市","44053","21492","22561","43545","21289","22256","4257","2195","2062","22112","11273","10839","17619","7973","9646","141","767","1582","1200","106","54","0","0","9","157","1732","9","125","1080","4","1348","2","23","19"
"R19210","甲斐市","75313","37238","38075","73488","36302","37186","9721","4932","4789","42576","21598","20978","19088","8428","10660","560","771","2691","2680","344","118","3","116","11","293","3925","6","158","2036","2","1048","4","67","31"
"R19211","笛吹市","66947","32447","34500","65266","31707","33559","7915","4029","3886","37628","18890","18738","19870","8698","11172","435","953","1874","1974","253","109","1","44","14","294","3037","5","138","1558","1","649","8","41","28"
"R19212","上野原市","22669","11331","11338","22315","11117","11198","1834","936","898","12395","6472","5923","8254","3805","4449","60","337","419","618","56","20","3","84","4","70","692","3","48","379","2","1157","1","16","10"
"R19213","甲州市","29237","14068","15169","29045","13998","15047","3032","1554","1478","15440","7737","7703","10717","4743","5974","139","476","591","724","64","31","1","30","14","177","1230","5","82","650","1","185","2","24","14"
"R19214","中央市","31216","15509","15707","28809","14351","14458","3512","1761","1751","17372","8825","8547","7548","3416","4132","151","313","1127","1109","98","40","0","0","7","127","1480","3","62","771","0","0","1","23","13"
"R19346","市川三郷町","14700","7164","7536","14467","7050","7417","1418","751","667","7372","3802","3570","5525","2400","3125","47","284","273","332","35","14","2","122","6","80","600","4","51","279","1","797","1","9","6"
"R19364","早川町","1098","627","471","1091","624","467","72","43","29","573","393","180","451","190","261","2","31","45","45","4","4","0","0","2","15","27","1","10","16","0","0","0","7","0"
"R19365","身延町","10663","5226","5437","10562","5164","5398","665","339","326","4898","2631","2267","5065","2224","2841","24","300","166","322","19","6","1","0","3","35","235","1","20","156","2","251","3","11","5"
"R19366","南部町","7156","3496","3660","7097","3457","3640","568","295","273","3464","1829","1635","3124","1372","1752","15","152","130","174","13","5","1","13","3","36","209","1","16","133","0","0","0","9","3"
"R19368","富士川町","14219","6848","7371","13948","6742","7206","1530","770","760","7635","3937","3698","4929","2082","2847","60","230","337","382","43","10","2","88","3","51","557","2","36","334","0","0","2","11","8"
"R19384","昭和町","20909","10451","10458","19697","9934","9763","3283","1651","1632","13097","6806","6291","3984","1747","2237","180","170","1187","1018","84","44","0","0","3","87","1325","1","40","613","1","690","1","35","15"
"R19422","道志村","1607","811","796","1598","806","792","146","77","69","847","447","400","614","287","327","6","20","42","61","2","2","0","0","1","11","52","1","9","25","0","0","0","1","1"
"R19423","西桂町","4041","1947","2094","4012","1934","2078","443","212","231","2367","1177","1190","1231","558","673","17","49","75","147","12","6","0","0","1","18","192","1","12","94","0","0","0","2","2"
"R19424","忍野村","9237","5137","4100","8980","5010","3970","1377","712","665","6032","3612","2420","1809","806","1003","107","88","494","532","95","10","1","64","1","36","573","1","20","289","0","0","0","6","3"
"R19425","山中湖村","5179","2559","2620","5055","2487","2568","606","316","290","2822","1432","1390","1731","801","930","27","55","241","224","18","6","0","0","2","32","234","1","16","94","0","0","0","3","1"
"R19429","鳴沢村","2824","1390","1434","2802","1380","1422","329","172","157","1498","755","743","957","443","514","12","44","102","86","10","1","0","0","1","13","139","0","0","0","0","0","0","4","1"
"R19430","富士河口湖町","26082","12839","13243","25613","12634","12979","3439","1728","1711","15422","7855","7567","6860","3033","3827","166","299","974","1002","97","30","0","0","9","143","1501","4","72","725","1","472","1","22","16"
"R19442","小菅村","684","344","340","676","339","337","68","35","33","306","162","144","310","147","163","3","6","33","48","3","1","0","0","1","7","20","1","11","16","0","0","0","1","0"
"R19443","丹波山村","530","272","258","529","272","257","39","20","19","255","142","113","236","110","126","2","15","32","34","3","0","0","0","1","10","15","1","7","6","0","0","0","2","1"
"R20201","長野市","372760","181284","191476","361952","176290","185662","42777","21735","21042","201890","101348","100542","108243","46914","61329","2147","4817","9366","9803","1338","455","22","2154","58","1157","17387","28","803","9669","19","9329","22","297","202"
"R20202","松本市","241145","118271","122874","234020","115245","118775","30107","15507","14600","139128","71247","67881","66647","28806","37841","1406","2899","7991","8202","997","348","15","1400","33","791","11885","25","543","6344","11","7659","13","231","138"
"R20203","上田市","154055","75365","78690","149325","73037","76288","18338","9361","8977","86410","44014","42396","47130","20702","26428","869","2193","3648","3836","528","249","12","709","24","506","7279","12","325","3950","6","4862","11","100","69"
"R20204","岡谷市","47790","23213","24577","47015","22885","24130","5452","2767","2685","25609","13216","12393","16522","7109","9413","210","746","1139","1291","122","58","3","123","7","149","1981","4","97","1064","3","1383","3","30","28"
"R20205","飯田市","98164","47280","50884","95551","46162","49389","12373","6388","5985","52701","26314","26387","31987","13914","18073","627","1440","2200","2572","324","112","0","0","19","378","4741","9","231","2627","5","3224","6","85","59"
"R20206","諏訪市","48729","23809","24920","47199","23123","24076","5926","3052","2874","27232","14026","13206","15034","6480","8554","270","588","1549","1724","192","61","1","86","6","161","2201","5","122","1401","3","1822","2","47","30"
"R20207","須坂市","49559","24324","25235","48692","23950","24742","6025","3077","2948","27198","13973","13225","16017","7090","8927","269","611","1159","1236","136","65","4","197","11","183","2350","4","106","1246","3","1873","2","39","22"
"R20208","小諸市","40991","19972","21019","40172","19708","20464","4731","2418","2313","22257","11321","10936","13773","6077","7696","203","587","1191","1220","142","81","4","449","6","137","1855","2","73","1017","2","838","2","31","16"
"R20209","伊那市","66125","32437","33688","64391","31680","32711","8183","4160","4023","36480","18705","17775","20663","9151","11512","384","954","1955","1857","222","95","1","73","15","282","3345","6","176","1704","4","1971","3","58","33"
"R20210","駒ヶ根市","32202","15729","16473","31351","15372","15979","3953","2036","1917","17956","9163","8793","9921","4354","5567","173","452","839","941","90","37","3","92","5","102","1498","2","66","843","2","947","1","33","14"
"R20211","中野市","42338","20552","21786","41448","20237","21211","5086","2642","2444","23236","11609","11627","13670","6104","7566","199","538","969","1088","109","45","1","86","7","142","2088","4","100","1062","2","1107","2","29","21"
"R20212","大町市","26029","12594","13435","25470","12427","13043","2460","1331","1129","13174","6653","6521","9891","4315","5576","104","414","639","702","69","28","1","53","4","81","835","1","42","476","1","580","1","25","11"
"R20213","飯山市","19539","9498","10041","19326","9415","9911","2003","1031","972","10049","5120","4929","7445","3320","4125","59","335","395","550","33","19","1","43","7","99","745","2","44","415","1","495","1","16","6"
"R20214","茅野市","56400","28241","28159","54927","27526","27401","7050","3635","3415","31411","16426","14985","17059","7682","9377","304","714","1756","1681","172","93","1","63","9","194","2769","4","116","1373","2","1024","1","40","22"
"R20215","塩尻市","67241","33620","33621","65443","32711","32732","8360","4317","4043","39154","20410","18744","19155","8554","10601","413","806","2196","2135","259","83","3","172","8","197","3114","5","153","1491","3","1878","5","43","29"
"R20217","佐久市","98199","48035","50164","95778","46864","48914","12480","6399","6081","54115","27466","26649","30170","13336","16834","573","1374","3194","2766","322","138","5","642","16","356","5113","8","244","2792","5","3499","7","83","56"
"R20218","千曲市","58852","28404","30448","57849","28019","29830","6880","3530","3350","32027","16162","15865","19628","8562","11066","325","840","1508","1343","176","98","1","169","9","202","2820","5","126","1620","2","1129","3","41","20"
"R20219","東御市","30122","14776","15346","29657","14576","15081","3652","1832","1820","17120","8665","8455","9333","4269","5064","152","379","715","812","76","42","1","74","5","111","1415","2","64","772","1","308","1","13","10"
"R20220","安曇野市","94222","45398","48824","92609","44780","47829","11364","5796","5568","52221","26051","26170","29932","13212","16720","545","1310","2771","2386","285","137","1","73","10","295","4607","7","202","2379","4","1461","3","81","42"
"R20303","小海町","4353","2140","2213","4284","2088","2196","404","218","186","2095","1087","1008","1831","821","1010","16","84","121","110","14","5","0","0","1","13","142","1","12","113","1","133","1","3","3"
"R20304","川上村","4344","2591","1753","3519","1815","1704","449","228","221","2697","1778","919","1196","583","613","20","51","45","110","15","4","0","0","2","22","182","1","12","76","0","0","0","2","1"
"R20305","南牧村","3242","1807","1435","2788","1382","1406","338","165","173","1894","1178","716","996","455","541","12","50","69","102","8","3","0","0","2","24","115","1","11","73","0","0","0","6","1"
"R20306","南相木村","962","473","489","941","463","478","95","53","42","474","249","225","392","170","222","0","17","33","25","5","5","0","0","1","12","55","0","0","0","0","0","0","1","0"
"R20307","北相木村","752","378","374","718","347","371","104","57","47","378","203","175","270","118","152","6","15","25","31","2","1","0","0","1","10","49","0","0","0","0","0","0","1","0"
"R20309","佐久穂町","10218","4966","5252","10139","4938","5201","1055","545","510","5188","2627","2561","3958","1782","2176","42","175","239","243","13","9","0","0","2","45","624","2","31","294","0","0","1","7","4"
"R20321","軽井沢町","19188","9178","10010","18660","8890","9770","2133","1032","1101","9991","4822","5169","6148","2788","3360","97","268","1246","1071","55","25","3","151","3","67","1008","1","34","437","2","387","1","21","8"
"R20323","御代田町","15555","7703","7852","14943","7445","7498","1914","970","944","9036","4584","4452","4323","1982","2341","88","206","1006","781","75","27","2","111","2","53","838","1","29","402","0","0","1","10","4"
"R20324","立科町","6612","3328","3284","6496","3256","3240","624","313","311","3529","1848","1681","2441","1157","1284","23","132","161","154","18","13","0","0","1","18","252","1","15","133","1","159","0","4","3"
"R20349","青木村","4121","1976","2145","4091","1958","2133","478","230","248","2018","1024","994","1624","721","903","21","74","69","89","5","7","0","0","1","15","177","1","12","85","0","0","0","2","0"
"R20350","長和町","5600","2774","2826","5552","2759","2793","524","266","258","2696","1416","1280","2380","1092","1288","13","105","123","138","10","8","0","0","2","25","196","0","0","0","0","0","1","3","2"
"R20361","下諏訪町","19155","9238","9917","18825","9101","9724","2056","1052","1004","9581","4948","4633","7360","3141","4219","81","336","422","551","44","27","0","0","2","53","764","2","39","399","1","493","3","14","14"
"R20362","富士見町","14084","6839","7245","13820","6725","7095","1651","832","819","7229","3668","3561","5115","2285","2830","62","191","406","352","27","17","0","0","3","54","672","1","28","345","1","216","1","8","4"
"R20363","原村","7680","3771","3909","7552","3724","3828","979","523","456","4009","2022","1987","2667","1213","1454","38","100","262","191","18","12","1","16","1","23","412","1","19","202","0","0","0","5","3"
"R20382","辰野町","18555","9016","9539","18166","8854","9312","2014","1014","1000","9499","4893","4606","6999","3094","3905","81","303","428","448","44","22","1","46","5","78","823","1","34","417","1","325","1","13","9"
"R20383","箕輪町","24989","12511","12478","24199","12151","12048","3043","1584","1459","13137","6865","6272","7168","3196","3972","148","300","784","754","98","31","0","0","5","94","1169","1","52","717","1","269","1","14","9"
"R20384","飯島町","9004","4392","4612","8781","4286","4495","1003","531","472","4671","2395","2276","3329","1465","1864","38","130","210","205","12","11","0","0","2","36","415","1","19","195","0","0","0","6","4"
"R20385","南箕輪村","15797","7851","7946","15463","7694","7769","2494","1266","1228","9492","4886","4606","3699","1629","2070","144","147","592","645","50","30","0","0","2","73","1039","1","37","501","1","478","0","8","3"
"R20386","中川村","4651","2189","2462","4588","2175","2413","609","287","322","2365","1165","1200","1677","737","940","24","59","89","99","10","7","0","0","2","27","234","1","17","148","0","0","0","3","1"
"R20388","宮田村","8569","4162","4407","8282","4037","4245","1190","627","563","4814","2426","2388","2543","1096","1447","45","100","198","222","20","11","0","0","1","29","465","1","21","274","0","0","0","3","3"
"R20402","松川町","12530","6069","6461","12416","6007","6409","1535","786","749","6667","3340","3327","4324","1941","2383","76","189","253","319","32","10","0","0","2","44","630","1","26","333","1","292","1","4","5"
"R20403","高森町","12811","6153","6658","12602","6059","6543","1785","903","882","6777","3364","3413","4162","1825","2337","79","181","305","362","42","13","0","0","2","45","698","1","28","398","0","0","1","9","4"
"R20404","阿南町","4299","2071","2228","4258","2062","2196","393","211","182","1926","1010","916","1953","843","1110","5","137","115","128","14","6","0","0","4","42","153","2","21","87","1","133","1","5","1"
"R20407","阿智村","6068","2894","3174","5941","2843","3098","794","425","369","3017","1497","1520","2257","972","1285","19","105","140","156","6","5","0","0","5","60","329","1","22","178","1","225","0","7","0"
"R20409","平谷村","387","192","195","384","189","195","46","27","19","210","108","102","131","57","74","0","7","27","21","1","1","0","0","1","7","17","0","0","0","0","0","0","1","0"
"R20410","根羽村","852","411","441","837","410","427","57","31","26","348","174","174","447","206","241","2","29","42","39","1","0","0","0","0","0","0","0","0","0","0","0","0","2","0"
"R20411","下條村","3545","1709","1836","3509","1702","1807","467","213","254","1832","924","908","1246","572","674","23","67","87","91","5","5","0","0","1","16","164","1","12","94","0","0","0","2","1"
"R20412","売木村","548","252","296","541","246","295","57","23","34","219","101","118","260","119","141","1","9","34","27","1","2","0","0","1","6","18","1","9","21","0","0","0","1","1"
"R20413","天龍村","1178","558","620","1165","552","613","72","40","32","374","203","171","732","315","417","4","48","32","51","0","1","0","0","2","8","33","2","11","18","0","0","0","2","0"
"R20414","泰阜村","1542","726","816","1516","716","800","188","92","96","704","352","352","650","282","368","8","35","48","57","3","0","0","0","1","13","72","1","10","34","0","0","0","2","1"
"R20415","喬木村","5973","2908","3065","5915","2886","3029","803","405","398","3043","1578","1465","2126","924","1202","27","95","137","153","15","6","0","0","2","29","302","1","20","177","0","0","0","3","2"
"R20416","豊丘村","6426","3185","3241","6307","3141","3166","877","471","406","3432","1750","1682","2117","964","1153","51","97","141","181","16","9","0","0","2","29","335","1","19","204","0","0","0","2","2"
"R20417","大鹿村","1023","539","484","1011","532","479","98","49","49","460","269","191","465","221","244","3","20","30","30","5","1","0","0","1","9","42","1","11","23","0","0","0","3","0"
"R20422","上松町","4131","2044","2087","4076","2034","2042","375","193","182","2003","1101","902","1753","750","1003","9","91","121","110","5","3","0","0","1","19","148","1","11","88","0","0","0","4","1"
"R20423","南木曽町","3915","1896","2019","3882","1883","1999","414","216","198","1806","946","860","1683","724","959","16","70","88","133","11","4","0","0","1","14","138","1","17","113","1","105","0","2","1"
"R20425","木祖村","2692","1235","1457","2668","1231","1437","284","126","158","1240","615","625","1168","494","674","15","53","36","57","4","0","0","0","1","13","95","1","11","57","0","0","0","2","1"
"R20429","王滝村","715","340","375","702","337","365","41","20","21","365","188","177","308","131","177","0","22","29","26","0","2","0","0","1","8","11","1","0","0","0","0","0","1","0"
"R20430","大桑村","3439","1682","1757","3363","1637","1726","283","141","142","1673","897","776","1482","643","839","11","68","68","121","6","4","0","0","1","14","105","1","11","61","0","0","0","4","1"
"R20432","木曽町","10584","5155","5429","10423","5107","5316","916","481","435","5090","2678","2412","4426","1901","2525","32","192","265","317","18","13","0","0","4","51","346","3","38","223","1","309","1","8","8"
"R20446","麻績村","2593","1219","1374","2575","1214","1361","241","132","109","1189","603","586","1163","484","679","10","70","41","45","8","0","0","0","1","14","94","1","12","34","0","0","0","2","1"
"R20448","生坂村","1639","818","821","1628","818","810","169","94","75","774","408","366","696","316","380","8","40","51","68","4","3","0","0","1","15","65","1","10","33","0","0","0","1","1"
"R20450","山形村","8400","4103","4297","8237","4046","4191","1121","571","550","4830","2454","2376","2436","1070","1366","40","103","191","214","20","12","0","0","1","31","442","0","0","0","0","0","0","5","2"
"R20451","朝日村","4279","2110","2169","4238","2096","2142","525","269","256","2379","1217","1162","1375","624","751","26","58","117","122","5","4","0","0","1","16","204","1","28","376","0","0","0","1","2"
"R20452","筑北村","4149","2046","2103","4121","2035","2086","314","169","145","1905","1034","871","1930","843","1087","10","107","112","113","4","3","0","0","1","14","120","1","12","65","1","98","0","2","1"
"R20481","池田町","9382","4552","4830","9258","4485","4773","926","489","437","4730","2409","2321","3708","1648","2060","20","179","245","236","13","7","0","0","2","30","388","1","19","195","1","188","1","7","3"
"R20482","松川村","9599","4605","4994","9455","4551","4904","1069","534","535","5188","2590","2598","3305","1457","1848","43","136","396","267","30","18","0","0","1","26","435","1","21","232","0","0","0","8","5"
"R20485","白馬村","8575","4257","4318","8222","4046","4176","961","478","483","4726","2391","2335","2785","1319","1466","49","105","317","426","28","16","1","53","2","35","362","1","23","235","1","141","0","6","3"
"R20486","小谷村","2647","1367","1280","2586","1332","1254","269","129","140","1364","762","602","1014","476","538","11","40","74","100","10","4","0","0","1","14","98","1","11","63","0","0","0","2","1"
"R20521","坂城町","14004","6909","7095","13607","6668","6939","1530","775","755","7333","3809","3524","5018","2249","2769","61","207","242","334","29","17","1","43","3","54","566","1","29","314","1","172","0","11","5"
"R20541","小布施町","10660","5122","5538","10611","5108","5503","1396","725","671","5504","2711","2793","3748","1676","2072","57","144","288","232","30","9","0","0","1","29","572","1","25","310","0","0","1","8","4"
"R20543","高山村","6617","3242","3375","6519","3176","3343","718","383","335","3458","1753","1705","2441","1106","1335","18","99","145","144","14","11","0","0","1","20","253","1","17","157","0","0","0","3","1"
"R20561","山ノ内町","11352","5519","5833","11179","5478","5701","976","504","472","5580","2879","2701","4762","2121","2641","48","210","245","313","26","12","0","0","3","35","379","1","19","198","0","0","0","5","3"
"R20562","木島平村","4375","2114","2261","4326","2098","2228","470","229","241","2074","1050","1024","1761","790","971","13","100","102","133","9","6","0","0","1","17","209","1","16","107","1","160","0","4","1"
"R20563","野沢温泉村","3279","1571","1708","3247","1553","1694","375","188","187","1629","829","800","1257","543","714","15","74","87","85","13","3","0","0","1","14","140","1","13","58","0","0","0","4","1"
"R20583","信濃町","7739","3812","3927","7680","3786","3894","661","345","316","3661","1894","1767","3416","1572","1844","26","135","148","224","19","6","0","0","0","0","0","0","0","0","0","0","1","3","3"
"R20588","小川村","2215","1100","1115","2199","1093","1106","188","103","85","1010","543","467","1017","454","563","6","52","57","75","4","3","0","0","1","13","69","1","12","51","0","0","0","1","1"
"R20590","飯綱町","10296","5019","5277","10252","4996","5256","1019","510","509","5094","2592","2502","4182","1917","2265","45","167","257","235","13","8","0","0","2","31","415","1","20","231","1","155","1","3","2"
"R20602","栄村","1660","800","860","1645","797","848","103","57","46","654","344","310","902","398","504","7","42","64","44","1","2","0","0","2","14","44","1","12","18","0","0","0","3","1"
"R21201","岐阜市","402557","191679","210878","377921","180113","197808","45760","23410","22350","219393","106802","112591","113093","48199","64894","2378","5083","10718","10506","1447","550","37","5406","47","1192","18985","27","741","10446","18","14490","28","398","252"
"R21202","大垣市","158286","76994","81292","152167","73980","78187","20339","10483","9856","92709","46527","46182","43465","19024","24441","973","1960","4000","4173","560","250","13","651","18","499","7723","9","278","3930","8","6227","6","133","94"
"R21203","高山市","84419","40483","43936","83650","40146","43504","10547","5403","5144","45399","22824","22575","28093","11976","16117","496","1277","1897","2167","246","95","3","342","19","362","4005","12","217","2262","4","2411","3","76","33"
"R21204","多治見市","106732","51437","55295","104293","50364","53929","12253","6224","6029","60458","30141","30317","33321","14735","18586","484","1385","2349","2742","291","140","9","674","13","295","4761","9","200","2680","4","2561","4","83","51"
"R21205","関市","85283","41657","43626","82699","40379","42320","10487","5377","5110","47961","24152","23809","25999","11603","14396","400","1099","1840","2196","228","104","6","629","17","351","3998","9","214","2378","3","2031","2","70","30"
"R21206","中津川市","76570","37414","39156","74256","36295","37961","9113","4793","4320","41736","21486","20250","24980","10751","14229","349","1159","1368","1822","219","84","4","389","16","282","3551","12","190","1904","5","1517","2","53","30"
"R21207","美濃市","19247","9289","9958","18725","9045","9680","2112","1066","1046","10121","5074","5047","6973","3114","3859","66","298","395","476","45","19","0","0","5","95","805","2","46","464","1","515","1","15","9"
"R21208","瑞浪市","37150","18156","18994","36064","17617","18447","4187","2180","2007","21105","10945","10160","11639","4927","6712","181","497","893","1065","106","33","8","150","7","131","1632","4","94","966","3","1792","2","32","19"
"R21209","羽島市","65649","32303","33346","64062","31460","32602","8480","4337","4143","38380","19398","18982","18140","8162","9978","350","755","1654","1666","188","101","3","502","8","204","3308","4","116","1785","1","437","1","45","39"
"R21210","恵那市","47774","23138","24636","46751","22659","24092","5499","2814","2685","25118","12899","12219","16856","7261","9595","164","800","856","1108","101","62","1","109","14","203","2119","8","128","1209","3","1102","2","40","19"
"R21211","美濃加茂市","56689","28141","28548","50418","24996","25422","8277","4076","4201","32868","16660","16208","12916","5775","7141","359","535","1561","1465","185","81","2","271","9","247","3543","3","122","1788","3","2273","3","35","28"
"R21212","土岐市","55348","26803","28545","53526","25938","27588","6553","3352","3201","30878","15590","15288","17692","7715","9977","254","926","1037","1372","143","71","4","164","8","182","2496","6","129","1396","3","918","2","36","26"
"R21213","各務原市","144521","71220","73301","140275","68931","71344","18832","9645","9187","83147","42309","40838","40954","18282","22672","858","1683","4090","4317","504","182","13","1996","17","480","7443","8","278","3810","3","2138","4","114","61"
"R21214","可児市","99968","49202","50766","91223","44980","46243","12949","6639","6310","57717","29125","28592","27764","12735","15029","505","1078","2439","2660","332","149","9","1301","12","374","5363","6","202","2840","3","1675","4","66","36"
"R21215","山県市","25280","12184","13096","24668","12000","12668","2616","1362","1254","13520","6674","6846","9115","4142","4973","111","404","363","618","51","32","1","243","9","122","1008","3","59","584","1","207","1","23","9"
"R21216","瑞穂市","56388","28105","28283","53139","26476","26663","8590","4425","4165","34645","17565","17080","11829","5367","6462","501","493","1916","1963","273","92","1","158","7","222","3334","3","121","1743","0","0","0","35","19"
"R21217","飛騨市","22538","10860","11678","22407","10803","11604","2393","1214","1179","11032","5760","5272","9102","3875","5227","91","447","406","512","41","18","0","0","6","91","953","3","52","507","2","421","2","23","7"
"R21218","本巣市","32928","15936","16992","32205","15616","16589","4187","2140","2047","18511","9252","9259","10038","4445","5593","156","414","798","857","85","44","9","633","7","131","1572","3","77","896","2","1205","0","23","12"
"R21219","郡上市","38997","19051","19946","38474","18787","19687","4575","2319","2256","19746","10209","9537","14612","6467","8145","165","718","561","820","88","39","4","156","17","227","1800","8","122","1001","2","749","4","25","15"
"R21220","下呂市","30428","14471","15957","29921","14240","15681","3246","1656","1590","14670","7399","7271","12298","5275","7023","108","593","486","739","49","32","0","0","9","133","1174","6","82","763","1","452","2","27","13"
"R21221","海津市","32735","16045","16690","32000","15686","16314","3270","1667","1603","18152","9207","8945","11257","5134","6123","90","511","411","685","72","42","0","0","6","109","1186","3","62","763","1","270","1","22","14"
"R21302","岐南町","25881","12664","13217","24976","12263","12713","3774","1913","1861","15941","7967","7974","5822","2626","3196","257","240","1223","1224","129","53","0","0","3","89","1431","1","44","704","1","324","0","26","13"
"R21303","笠松町","22208","10513","11695","21670","10284","11386","2740","1399","1341","13011","6322","6689","6210","2655","3555","128","283","927","868","97","45","2","289","3","74","1028","1","38","533","1","974","2","19","12"
"R21341","養老町","26882","13116","13766","26413","12854","13559","2848","1479","1369","14822","7504","7318","9162","4094","5068","77","376","356","565","62","30","0","0","7","102","1028","2","53","687","1","691","1","15","11"
"R21361","垂井町","26402","12985","13417","25607","12570","13037","3272","1685","1587","14765","7531","7234","8280","3718","4562","125","339","480","587","67","35","0","0","7","108","1181","2","54","727","1","221","1","15","11"
"R21362","関ケ原町","6610","3202","3408","6462","3132","3330","584","302","282","3338","1693","1645","2649","1180","1469","12","116","77","152","12","7","0","0","1","17","195","1","16","138","0","0","0","5","4"
"R21381","神戸町","18585","9099","9486","18192","8922","9270","2177","1070","1107","10309","5244","5065","5973","2729","3244","90","249","361","445","31","24","4","54","4","71","842","1","35","454","0","0","0","13","11"
"R21382","輪之内町","9654","4807","4847","9175","4509","4666","1300","651","649","5753","2999","2754","2571","1139","1432","41","103","145","258","22","10","0","0","3","44","452","1","25","269","0","0","0","5","2"
"R21383","安八町","14355","7036","7319","14041","6883","7158","1875","956","919","8306","4186","4120","4111","1851","2260","52","165","349","343","39","16","0","0","3","56","744","2","45","546","0","0","0","11","6"
"R21401","揖斐川町","19529","9366","10163","19306","9237","10069","1993","1022","971","10003","5040","4963","7523","3299","4224","53","347","306","424","30","21","1","165","7","84","651","4","54","470","2","334","0","22","6"
"R21403","大野町","22041","10778","11263","21750","10627","11123","2794","1467","1327","12579","6333","6246","6608","2941","3667","81","270","358","557","41","27","1","75","7","100","1096","3","52","625","0","0","0","13","9"
"R21404","池田町","23360","11425","11935","22827","11143","11684","2976","1532","1444","13427","6821","6606","6911","3049","3862","76","282","354","554","49","19","1","177","5","93","1207","1","50","689","1","371","1","9","9"
"R21421","北方町","18139","8652","9487","17702","8459","9243","2501","1271","1230","11063","5393","5670","4455","1917","2538","148","182","674","763","65","23","1","175","0","0","0","0","0","0","1","826","0","22","14"
"R21501","坂祝町","8071","4168","3903","7506","3832","3674","1046","549","497","4686","2533","2153","2254","1028","1226","60","104","292","239","43","21","1","75","1","32","453","1","19","208","0","0","0","5","2"
"R21502","富加町","5626","2705","2921","5491","2631","2860","792","405","387","3016","1515","1501","1817","784","1033","33","71","188","127","14","10","0","0","1","22","347","1","25","333","0","0","0","4","2"
"R21503","川辺町","9860","4865","4995","9648","4742","4906","1239","660","579","5449","2772","2677","3158","1423","1735","47","146","224","228","30","6","0","0","3","49","519","1","23","262","0","0","0","7","2"
"R21504","七宗町","3402","1608","1794","3375","1607","1768","283","148","135","1551","777","774","1568","683","885","6","81","42","94","4","5","0","0","2","25","103","2","21","59","0","0","0","4","1"
"R21505","八百津町","10195","4905","5290","10050","4855","5195","999","511","488","5089","2579","2510","4097","1809","2288","32","159","152","217","18","7","0","0","4","55","419","2","29","219","1","211","1","11","2"
"R21506","白川町","7412","3485","3927","7308","3439","3869","586","285","301","3355","1677","1678","3471","1523","1948","16","179","97","191","14","4","0","0","4","44","209","2","26","137","0","0","1","3","0"
"R21507","東白川村","2016","964","1052","1996","952","1044","185","91","94","921","488","433","910","385","525","10","34","27","56","2","4","0","0","1","11","69","1","11","48","0","0","0","2","0"
"R21521","御嵩町","17516","8770","8746","16906","8448","8458","2090","1095","995","9755","5056","4699","5565","2542","3023","75","225","383","462","47","14","1","140","3","61","875","3","54","449","2","895","1","10","4"
"R21604","白川村","1511","755","756","1482","746","736","201","93","108","810","443","367","500","219","281","11","23","44","57","6","1","0","0","0","0","0","0","0","0","0","0","0","3","1"
"R22100","静岡市","693389","337812","355577","676457","329508","346949","78274","40321","37953","395897","200965","194932","209628","91095","118533","3620","9313","20917","21885","2450","880","29","2466","85","1976","30551","57","1277","17580","27","18291","22","555","341"
"R22130","浜松市","790718","392900","397818","764849","380278","384571","101461","52415","49046","457684","235578","222106","220925","98712","122213","4561","9547","19740","20585","2928","1051","102","6729","99","2437","39990","58","1541","21683","28","21672","25","650","376"
"R22203","沼津市","189386","93046","96340","183966","90388","93578","19162","9690","9472","107423","55661","51762","60488","26398","34090","827","2819","5197","5696","678","305","15","1402","24","534","7719","19","365","4340","11","8214","8","151","125"
"R22205","熱海市","34208","15438","18770","33383","15084","18299","1993","1008","985","15252","7445","7807","16376","6658","9718","74","836","1498","1611","81","33","4","32","7","83","715","4","53","447","1","113","5","34","24"
"R22206","三島市","107783","52421","55362","105537","51387","54150","13054","6665","6389","61582","31152","30430","31677","13910","17767","538","1373","3346","3749","371","148","13","716","14","335","5024","9","198","2921","4","3523","5","96","60"
"R22207","富士宮市","128105","63364","64741","125528","62020","63508","15768","8111","7657","73531","38055","35476","37925","16656","21269","592","1685","2856","3254","383","214","9","706","23","402","6040","14","274","3548","5","3524","3","90","57"
"R22208","伊東市","65491","30668","34823","64442","30242","34200","5503","2835","2668","30839","15256","15583","27965","12019","15946","204","1287","1932","1903","149","106","15","260","7","145","2015","5","103","1251","1","689","1","54","42"
"R22209","島田市","95719","46725","48994","94095","46026","48069","12022","6104","5918","53013","26955","26058","30176","13347","16829","504","1339","1938","2124","284","98","5","392","13","335","4795","7","185","2724","5","2390","1","63","38"
"R22210","富士市","245392","120694","124698","239087","117801","121286","30431","15511","14920","143917","73864","70053","69314","30522","38792","1348","3110","5265","5592","918","439","15","1495","26","730","12010","16","436","6297","6","4107","9","182","124"
"R22211","磐田市","166672","83980","82692","157073","78871","78202","21544","11040","10504","94843","49623","45220","47581","21710","25871","849","1917","3902","4099","542","213","17","1187","22","587","8524","12","336","4609","5","4056","6","123","70"
"R22212","焼津市","136845","66952","69893","131992","64679","67313","16571","8546","8025","78621","39991","38630","40865","18017","22848","719","1768","2932","3300","453","191","17","1512","13","393","6266","9","243","3379","4","2538","4","76","56"
"R22213","掛川市","114954","57655","57299","110464","55464","55000","15655","8010","7645","66367","34432","31935","32043","14668","17375","685","1376","3160","3094","433","122","4","432","22","462","6289","9","241","3165","4","2439","3","77","46"
"R22214","藤枝市","141342","68793","72549","139161","67796","71365","18165","9211","8954","79594","39960","39634","42602","19133","23469","720","1713","3611","3822","406","179","11","893","17","438","7168","12","284","4017","6","3871","4","104","56"
"R22215","御殿場市","86614","44454","42160","84088","43270","40818","11327","5732","5595","52570","28596","23974","22176","9788","12388","515","998","3128","3737","356","136","8","606","11","269","4128","6","158","2279","3","1573","7","45","36"
"R22216","袋井市","87864","44534","43330","82773","41950","40823","12764","6637","6127","52796","27597","25199","21310","9796","11514","618","956","2327","2591","364","123","9","364","12","337","4922","4","171","2610","2","1184","2","65","24"
"R22219","下田市","20183","9675","10508","19971","9593","10378","1684","862","822","9887","5165","4722","8535","3598","4937","63","418","565","678","56","35","0","0","7","80","641","1","27","405","1","485","2","19","11"
"R22220","裾野市","50911","25773","25138","49896","25271","24625","6853","3436","3417","30028","15964","14064","13667","6205","7462","313","557","1627","1967","180","83","8","361","9","179","2468","6","128","1582","2","604","2","32","20"
"R22221","湖西市","57885","29625","28260","54565","27790","26775","6973","3570","3403","34646","18565","16081","16070","7394","8676","279","706","1503","1790","160","62","2","124","6","168","2672","5","119","1477","2","886","2","40","19"
"R22222","伊豆市","28190","13342","14848","27992","13281","14711","2328","1152","1176","13861","6961","6900","11999","5227","6772","82","606","810","910","55","50","0","0","6","81","835","3","47","492","2","371","5","14","11"
"R22223","御前崎市","31103","15803","15300","29928","15225","14703","3673","1869","1804","17564","9401","8163","9537","4309","5228","151","408","609","876","71","48","3","137","5","107","1426","2","62","843","1","307","1","16","9"
"R22224","菊川市","47789","24173","23616","44020","22263","21757","6711","3382","3329","27785","14609","13176","12864","5923","6941","262","546","1178","1326","160","65","2","153","9","186","2557","4","101","1446","3","1567","1","28","20"
"R22225","伊豆の国市","46804","22459","24345","45977","22033","23944","5328","2739","2589","25354","12635","12719","15750","6852","8898","185","724","1275","1479","127","92","4","209","6","142","2124","3","83","1144","2","1333","6","29","27"
"R22226","牧之原市","43502","21414","22088","41325","20296","21029","5064","2572","2492","24348","12643","11705","13834","6071","7763","175","636","840","1148","96","62","0","0","9","153","1990","3","74","973","2","916","1","32","16"
"R22301","東伊豆町","11488","5440","6048","11348","5402","5946","774","356","418","5189","2630","2559","5516","2448","3068","17","249","398","445","27","17","1","23","2","25","294","2","24","175","1","219","2","8","5"
"R22302","河津町","6870","3317","3553","6826","3302","3524","644","325","319","3266","1661","1605","2960","1331","1629","15","155","170","204","14","9","1","51","1","20","233","1","17","139","0","0","1","5","5"
"R22304","南伊豆町","7877","3722","4155","7829","3705","4124","659","309","350","3339","1721","1618","3873","1689","2184","27","194","194","199","18","8","0","0","3","37","227","2","26","154","1","61","0","9","1"
"R22305","松崎町","6038","2837","3201","6016","2831","3185","463","245","218","2620","1325","1295","2948","1260","1688","11","138","110","154","8","5","1","21","1","11","162","1","14","97","1","155","0","5","5"
"R22306","西伊豆町","7090","3352","3738","6996","3311","3685","435","217","218","2972","1540","1432","3654","1579","2075","17","196","144","179","7","7","0","0","2","23","129","1","12","107","0","0","1","5","4"
"R22325","函南町","36794","17916","18878","36503","17766","18737","4286","2219","2067","20397","10289","10108","12069","5378","6691","162","502","1047","1183","109","57","6","296","5","111","1721","2","66","896","1","579","2","24","18"
"R22341","清水町","31710","15388","16322","30294","14676","15618","4012","2135","1877","19101","9476","9625","8285","3591","4694","210","370","1252","1266","109","44","4","265","3","96","1562","2","62","827","1","525","2","24","22"
"R22342","長泉町","43336","21434","21902","42629","21103","21526","6880","3496","3384","26520","13525","12995","9556","4228","5328","352","454","2220","1952","197","68","4","297","3","140","2604","2","80","1295","1","828","2","29","22"
"R22344","小山町","18568","9845","8723","18372","9769","8603","2165","1101","1064","10794","6282","4512","5569","2424","3145","78","267","698","910","65","22","0","0","5","70","863","3","49","404","1","374","2","7","6"
"R22424","吉田町","28919","14413","14506","27238","13683","13555","3689","1900","1789","17590","9118","8472","7468","3303","4165","128","341","737","935","88","34","2","230","3","89","1353","1","50","776","0","0","1","16","9"
"R22429","川根本町","6206","3055","3151","6119","3034","3085","403","201","202","2727","1484","1243","3076","1370","1706","13","145","103","159","8","4","1","0","0","0","0","0","0","0","1","84","0","8","4"
"R22461","森町","17457","8699","8758","17078","8460","8618","2005","1056","949","9341","4859","4482","6001","2712","3289","55","277","246","368","36","18","5","104","3","60","803","2","36","384","1","551","1","9","5"
"R23100","名古屋市","2332176","1146669","1185507","2184995","1074998","1109997","275484","140965","134519","1388348","704963","683385","566154","247113","319041","15701","25709","130709","121493","11499","3698","159","18056","265","7034","110507","127","3847","58360","63","65057","110","2272","1426"
"R23201","豊橋市","371920","186160","185760","350303","174992","175311","48558","24797","23761","221467","115065","106402","95757","42579","53178","2124","4116","7365","8431","1330","539","19","1527","52","1314","19092","23","803","10564","11","9713","17","252","178"
"R23202","岡崎市","384654","193719","190935","368415","186304","182111","54174","27921","26253","234846","122478","112368","89678","40722","48956","2502","3541","10286","11089","1667","526","20","3506","48","1384","21624","22","775","11614","11","10803","12","234","167"
"R23203","一宮市","380073","184934","195139","368050","178865","189185","48805","25082","23723","221207","110247","110960","102543","45158","57385","2130","4403","8628","8841","1284","548","21","2871","42","1204","19263","20","684","10474","12","9296","14","257","179"
"R23204","瀬戸市","127792","62586","65206","122745","60186","62559","15806","8102","7704","72686","37131","35555","38195","16895","21300","643","1554","2727","3114","329","164","7","1593","17","488","6553","8","271","3832","6","3492","6","67","57"
"R23205","半田市","117884","59364","58520","112672","56564","56108","15247","7923","7324","72492","37631","34861","28591","12861","15730","692","1308","3312","3706","454","205","8","1049","14","398","5892","6","238","3172","5","3528","3","86","50"
"R23206","春日井市","308681","152320","156361","297652","146989","150663","40928","20884","20044","182975","93376","89599","79532","35534","43998","2085","3301","9176","9903","1273","419","17","2835","38","1019","16083","17","584","8651","8","6871","11","205","135"
"R23207","豊川市","184661","91964","92697","177239","88142","89097","25338","12869","12469","109442","56579","52863","48237","21418","26819","1204","2118","4656","4672","788","262","5","1034","26","699","9948","10","372","5245","6","4237","12","106","76"
"R23208","津島市","60942","29664","31278","59227","28873","30354","6588","3450","3138","35520","18011","17509","18299","7923","10376","264","783","1540","1768","156","88","3","155","8","183","2414","4","116","1465","3","2148","4","55","35"
"R23209","碧南市","72458","37286","35172","66802","34189","32613","9872","5120","4752","44522","23870","20652","17247","7753","9494","454","852","1715","1899","211","94","5","375","7","252","3918","5","155","2030","2","1671","4","43","35"
"R23210","刈谷市","153834","80203","73631","147066","76934","70132","20887","10725","10162","96421","52206","44215","31028","14212","16816","1312","1299","6831","6904","924","226","2","219","15","510","8616","6","280","4235","5","3916","6","97","63"
"R23211","豊田市","422330","220716","201614","400702","209599","191103","56365","28893","27472","261645","142113","119532","97411","45347","52064","2536","3843","11413","12889","1751","518","19","1430","75","1621","21842","28","883","11742","14","9698","14","244","140"
"R23212","安城市","187990","96093","91897","179259","91832","87427","27665","14261","13404","119010","63087","55923","39497","17926","21571","1325","1672","6066","6522","797","270","5","962","21","690","10790","8","354","5498","5","5196","2","129","76"
"R23213","西尾市","169046","85594","83452","159336","80273","79063","23576","12041","11535","100848","53218","47630","43373","19548","23825","967","1870","3427","3789","486","222","5","685","25","659","9527","9","354","5143","5","3745","5","89","67"
"R23214","蒲郡市","79538","39336","40202","75822","37637","38185","9583","5079","4504","45717","23674","22043","23404","10177","13227","431","1077","1741","1787","240","96","3","512","13","297","3666","7","173","2007","3","1734","3","62","40"
"R23215","犬山市","73090","36240","36850","70376","34728","35648","8825","4465","4360","42172","21793","20379","21416","9523","11893","344","838","1898","2086","195","89","5","597","10","241","3292","4","134","1874","2","1175","4","48","31"
"R23216","常滑市","58710","28575","30135","56500","27576","28924","8495","4346","4149","34460","17309","17151","14737","6465","8272","341","697","1988","1888","186","73","1","30","9","241","3522","4","132","1852","1","691","1","40","23"
"R23217","江南市","98255","47920","50335","93572","45917","47655","11679","5934","5745","54529","27172","27357","26630","11870","14760","528","1234","2617","2729","321","137","2","450","10","314","4950","6","212","3317","4","3513","2","73","53"
"R23219","小牧市","148831","75290","73541","138972","70448","68524","19321","9824","9497","91387","47984","43403","37160","16886","20274","798","1531","4832","5144","553","207","9","1128","16","501","7472","9","306","4066","4","2698","3","103","64"
"R23220","稲沢市","134751","66415","68336","130832","64421","66411","17241","8850","8391","79173","40220","38953","37287","16845","20442","767","1574","3481","3670","477","165","4","726","23","499","6789","9","251","3535","5","1867","4","100","67"
"R23221","新城市","44355","22002","22353","43264","21444","21820","4732","2444","2288","23319","12073","11246","16032","7295","8737","127","671","750","978","87","36","0","0","13","216","1881","6","111","1057","3","872","3","33","20"
"R23222","東海市","113787","59158","54629","110079","57405","52674","16453","8563","7890","69809","37949","31860","25005","11383","13622","873","1050","4242","4199","588","172","3","808","12","403","6616","6","230","3513","3","2740","3","76","53"
"R23223","大府市","93123","47374","45749","88574","44869","43705","14194","7166","7028","57143","30072","27071","19927","9047","10880","760","765","3326","3361","380","144","2","423","9","333","5724","4","183","2784","3","2024","3","74","36"
"R23224","知多市","84364","42346","42018","81839","41183","40656","10966","5760","5206","49179","25403","23776","23461","10791","12670","462","900","2525","2729","285","105","4","509","10","280","4159","5","165","2344","1","825","2","42","33"
"R23225","知立市","72193","38127","34066","66343","35064","31279","9755","5139","4616","46716","25555","21161","14360","6598","7762","574","629","3556","3344","419","109","4","755","7","241","3817","3","148","1963","2","1760","2","36","28"
"R23226","尾張旭市","83144","40453","42691","81078","39479","41599","11404","5812","5592","49283","24530","24753","21475","9551","11924","526","850","2533","2547","261","115","4","577","9","274","4602","3","139","2261","1","1066","1","74","47"
"R23227","高浜市","46106","23790","22316","42490","21935","20555","6997","3580","3417","29738","15949","13789","8896","3998","4898","306","451","1483","1709","167","86","3","387","5","179","2894","2","100","1572","1","543","1","25","15"
"R23228","岩倉市","47983","23866","24117","44522","22176","22346","5890","2995","2895","28702","14734","13968","11995","5412","6583","341","506","1853","2015","259","50","2","282","5","161","2290","2","87","1112","1","701","1","28","28"
"R23229","豊明市","69295","35061","34234","65397","32946","32451","8577","4493","4084","41574","21736","19838","18123","8230","9893","449","740","2229","2428","276","101","4","932","8","238","3419","4","133","1816","2","2135","2","41","32"
"R23230","日進市","91520","45149","46371","89895","44286","45609","13492","6911","6581","51836","25798","26038","18044","8005","10039","829","731","3714","3809","447","130","4","714","10","342","6192","5","191","2876","4","2335","4","83","54"
"R23231","田原市","59360","30138","29222","57899","29622","28277","7422","3830","3592","33453","17679","15774","16698","7533","9165","283","799","1339","1555","156","78","0","0","18","300","3034","4","116","1581","3","1125","1","37","24"
"R23232","愛西市","60829","29536","31293","59796","29057","30739","6865","3429","3436","34544","17300","17244","19192","8680","10512","280","917","1308","1455","138","82","3","557","12","237","2690","7","151","1575","3","2049","0","40","25"
"R23233","清須市","67352","33520","33832","61185","30723","30462","8696","4454","4242","36320","18457","17863","15188","6764","8424","599","711","2887","3009","406","113","1","105","8","251","3961","4","125","1881","1","940","2","44","37"
"R23234","北名古屋市","86385","43041","43344","83633","41752","41881","12192","6250","5942","52510","27184","25326","20797","9236","11561","640","853","3108","3372","428","136","5","1077","10","314","4784","6","172","2404","1","1031","2","53","41"
"R23235","弥富市","43025","21465","21560","40802","20184","20618","5294","2675","2619","25765","13413","12352","11260","4969","6291","253","521","1416","1535","186","51","0","0","8","169","2054","3","97","1152","2","637","2","33","18"
"R23236","みよし市","61952","32105","29847","58362","30319","28043","8981","4653","4328","40028","21269","18759","11234","5352","5882","471","449","2195","2463","261","80","5","1057","8","235","3651","4","134","1812","1","813","2","45","27"
"R23237","あま市","86126","42561","43565","83979","41431","42548","11511","5922","5589","51573","26360","25213","23031","10271","12760","556","1003","2585","2732","333","134","4","602","12","330","4678","5","177","2398","2","1475","1","54","30"
"R23238","長久手市","60162","29144","31018","55657","27031","28626","10084","5092","4992","36234","17736","18498","9840","4401","5439","511","371","3009","2805","290","85","3","603","6","244","4464","3","127","2085","2","2253","2","51","27"
"R23302","東郷町","43903","21931","21972","42122","21070","21052","6537","3331","3206","26144","13459","12685","10206","4567","5639","258","400","1398","1389","141","81","1","140","6","196","2634","3","98","1394","1","699","0","32","22"
"R23342","豊山町","15613","7937","7676","14728","7551","7177","2285","1165","1120","8756","4557","4199","3444","1550","1894","103","137","745","709","81","25","1","128","3","71","953","1","30","490","0","0","0","8","7"
"R23361","大口町","24305","12261","12044","23585","11938","11647","3456","1808","1648","13797","7127","6670","5769","2598","3171","159","198","712","933","92","33","2","332","3","93","1512","1","43","683","0","0","1","17","10"
"R23362","扶桑町","34133","16839","17294","33289","16440","16849","4616","2322","2294","20033","10272","9761","8992","3997","4995","217","365","1270","1223","150","39","1","172","4","117","1906","2","66","982","2","1471","0","22","16"
"R23424","大治町","32399","16304","16095","30915","15594","15321","4890","2471","2419","19868","10310","9558","6667","3062","3605","251","309","1265","1228","166","57","2","329","3","117","2066","1","66","996","0","0","0","14","8"
"R23425","蟹江町","37338","18428","18910","35190","17330","17860","4552","2354","2198","22565","11421","11144","9473","4220","5253","262","411","1161","1304","195","57","1","351","5","118","1737","2","62","912","0","0","2","26","14"
"R23427","飛島村","4575","2251","2324","4328","2096","2232","647","334","313","2504","1301","1203","1419","611","808","20","71","88","71","6","2","0","0","0","0","0","0","0","0","0","0","0","5","2"
"R23441","阿久比町","28383","13965","14418","27890","13710","14180","4817","2490","2327","15837","8010","7827","7513","3334","4179","164","286","642","703","64","31","1","103","4","130","2130","1","62","1070","1","781","0","21","10"
"R23442","東浦町","49596","24726","24870","47856","23842","24014","6701","3396","3305","29566","15315","14251","12836","5803","7033","264","497","1552","1578","163","74","0","0","7","183","2779","3","99","1418","1","467","0","27","17"
"R23445","南知多町","16617","8079","8538","16196","7875","8321","1471","740","731","8614","4455","4159","6451","2835","3616","38","318","228","429","33","23","0","0","5","70","551","2","43","338","1","139","0","11","8"
"R23446","美浜町","22496","11213","11283","21975","10909","11066","2216","1190","1026","12971","6642","6329","6820","3067","3753","77","307","535","634","44","29","0","0","5","90","874","2","47","467","1","725","2","7","9"
"R23447","武豊町","43535","22116","21419","41900","21162","20738","5869","2976","2893","26033","13787","12246","10795","4843","5952","281","461","1302","1233","142","58","0","0","4","136","2346","2","84","1232","1","175","2","22","16"
"R23501","幸田町","42449","21504","20945","41137","20822","20315","6979","3575","3404","26024","13581","12443","9198","4184","5014","299","340","1183","1303","183","62","3","448","6","186","2832","3","99","1463","1","592","0","26","14"
"R23561","設楽町","4437","2165","2272","4394","2134","2260","328","169","159","1828","979","849","2263","999","1264","11","112","92","122","6","2","0","0","4","38","115","1","18","85","1","65","0","7","4"
"R23562","東栄町","2942","1417","1525","2925","1409","1516","256","146","110","1176","611","565","1490","640","850","9","72","61","77","4","2","0","0","1","15","91","1","16","58","0","0","0","4","1"
"R23563","豊根村","1017","482","535","997","474","523","80","39","41","404","213","191","533","230","303","1","36","30","33","1","0","0","0","1","15","36","1","11","17","0","0","0","2","1"
"R24201","津市","274537","133537","141000","263787","127855","135932","33180","17085","16095","156532","79044","77488","80745","35083","45662","1569","3654","6799","7704","966","349","28","1168","50","1019","13047","23","606","7403","12","8231","19","270","131"
"R24202","四日市市","305424","152669","152755","292356","146386","145970","37575","19202","18373","184945","96747","88198","78647","34803","43844","1915","3569","8735","9276","1350","465","25","2991","38","944","15007","25","590","8109","13","9443","12","256","145"
"R24203","伊勢市","122765","58161","64604","120782","57182","63600","14205","7228","6977","68102","33445","34657","39098","16669","22429","617","1812","2703","3024","363","146","8","403","22","427","5478","11","230","3047","8","4732","4","128","72"
"R24204","松阪市","159145","76360","82785","154343","74296","80047","19629","10142","9487","90248","44555","45693","47785","20828","26957","861","2228","3498","3808","528","259","20","707","40","670","7501","12","355","4273","5","3777","7","142","71"
"R24205","桑名市","138613","68084","70529","133240","65286","67954","17826","9108","8718","81466","41113","40353","37083","16542","20541","740","1572","3723","4283","486","183","16","1107","29","616","7260","11","293","3873","5","3557","7","99","64"
"R24207","鈴鹿市","195670","97350","98320","178822","89456","89366","22929","11660","11269","108792","55252","53540","47973","21515","26458","1188","2118","5173","5746","794","319","10","1238","30","695","9523","10","365","4998","6","4004","8","142","80"
"R24208","名張市","76387","36853","39534","75035","36170","38865","9146","4639","4507","41820","20651","21169","24835","11232","13603","359","970","1576","2010","227","128","2","220","14","288","3650","5","160","1958","2","1331","2","67","34"
"R24209","尾鷲市","16252","7562","8690","15903","7407","8496","1396","700","696","7323","3623","3700","7122","2994","4128","47","366","405","477","40","23","1","0","8","58","488","4","33","322","1","447","1","21","8"
"R24210","亀山市","49835","25161","24674","46951","23706","23245","6292","3261","3031","26400","13749","12651","12773","5712","7061","265","618","1392","1426","153","66","5","386","11","230","2772","3","105","1380","1","588","3","36","16"
"R24211","鳥羽市","17525","8255","9270","17282","8160","9122","1596","852","744","8890","4401","4489","6885","2906","3979","54","347","354","555","31","23","1","24","7","85","584","4","55","329","1","142","0","17","7"
"R24212","熊野市","15965","7384","8581","15833","7327","8506","1525","759","766","7265","3608","3657","7113","2974","4139","55","398","385","458","29","21","1","39","19","91","621","10","54","307","1","482","0","26","9"
"R24214","いなべ市","44973","23106","21867","42758","21816","20942","5479","2826","2653","26529","14433","12096","12301","5461","6840","243","512","1325","1433","121","53","0","0","11","189","2160","4","101","1133","1","831","3","24","16"
"R24215","志摩市","46057","21206","24851","45497","21003","24494","3968","1989","1979","22746","11025","11721","18818","7911","10907","125","947","780","1107","91","46","1","112","7","114","1525","6","95","900","2","304","3","45","25"
"R24216","伊賀市","88766","43446","45320","82535","40093","42442","9603","4886","4717","47834","24912","22922","28933","12426","16507","378","1414","1423","2012","275","143","2","159","18","365","3717","11","223","2150","5","1966","3","69","33"
"R24303","木曽岬町","6023","3032","2991","5494","2722","2772","540","264","276","3118","1646","1472","2010","900","1110","13","87","74","144","8","4","0","0","1","17","205","1","14","138","0","0","0","3","2"
"R24324","東員町","25784","12614","13170","25189","12269","12920","3520","1783","1737","14229","7110","7119","8011","3700","4311","148","253","564","588","65","24","6","182","6","111","1455","2","50","698","0","0","0","16","9"
"R24341","菰野町","40559","19868","20691","39310","19149","20161","5598","2840","2758","23816","12094","11722","10630","4644","5986","227","482","1018","1131","123","67","5","142","5","138","2320","2","72","1203","1","424","1","24","13"
"R24343","朝日町","11021","5488","5533","10810","5353","5457","2069","1027","1042","6797","3511","3286","2104","918","1186","82","108","458","383","44","11","1","45","1","42","693","1","30","453","0","0","0","7","4"
"R24344","川越町","15123","7798","7325","14545","7446","7099","2173","1128","1045","10045","5414","4631","2848","1227","1621","146","128","845","820","94","37","1","102","2","55","867","1","34","460","1","870","0","8","5"
"R24441","多気町","14021","6753","7268","13882","6712","7170","1752","905","847","7320","3693","3627","4848","2066","2782","69","233","297","316","16","22","0","0","5","75","688","2","41","450","1","574","0","10","5"
"R24442","明和町","22445","10666","11779","22193","10537","11656","2906","1481","1425","12450","6122","6328","7009","3031","3978","132","285","534","548","55","32","0","0","5","90","1227","1","42","590","0","0","2","15","7"
"R24443","大台町","8668","4103","4565","8557","4074","4483","807","407","400","4093","2047","2046","3755","1645","2110","26","168","173","247","14","7","0","0","4","43","306","2","28","181","1","199","1","8","4"
"R24461","玉城町","15041","7184","7857","14806","7102","7704","2096","1088","1008","8548","4174","4374","4258","1842","2416","84","170","396","386","45","23","0","0","4","65","854","1","31","466","0","0","1","10","5"
"R24470","度会町","7847","3798","4049","7790","3788","4002","878","471","407","4120","2067","2053","2834","1252","1582","36","139","131","183","25","9","0","0","1","26","336","1","21","203","1","76","0","5","3"
"R24471","大紀町","7815","3652","4163","7731","3614","4117","565","307","258","3312","1648","1664","3934","1693","2241","15","196","129","148","10","7","0","0","4","43","204","2","22","117","0","0","0","8","1"
"R24472","南伊勢町","10989","5095","5894","10905","5075","5830","648","338","310","4442","2268","2174","5867","2471","3396","31","294","134","268","16","12","0","0","3","35","242","2","22","120","1","3","1","11","4"
"R24543","紀北町","14604","6758","7846","14313","6633","7680","1165","601","564","6692","3283","3409","6686","2819","3867","38","317","229","346","34","10","1","8","8","76","418","4","49","251","0","0","2","15","8"
"R24561","御浜町","8079","3765","4314","8032","3762","4270","859","435","424","3916","1948","1968","3301","1381","1920","26","170","231","228","12","9","0","0","4","46","325","3","33","183","1","192","1","8","3"
"R24562","紀宝町","10321","4767","5554","10195","4751","5444","1165","607","558","5262","2541","2721","3867","1605","2262","35","189","208","303","24","17","1","42","5","62","492","2","29","229","0","0","0","8","5"
"R25201","大津市","345070","166673","178397","334545","161092","173453","45482","23222","22260","200166","98283","101883","90578","40020","50558","2334","3575","10882","9925","1215","495","35","2131","38","1182","18480","21","701","9349","13","9267","13","304","144"
"R25202","彦根市","113647","56492","57155","109859","54673","55186","14888","7703","7185","67948","34951","32997","28299","12532","15767","699","1198","3552","3627","440","169","8","451","17","463","5849","8","253","3241","6","4701","3","88","51"
"R25203","長浜市","113636","55406","58230","108099","52697","55402","14546","7521","7025","63648","31872","31776","32349","14251","18098","659","1420","1805","2551","392","135","9","395","23","458","5508","10","250","2997","5","2583","3","93","46"
"R25204","近江八幡市","81122","39676","41446","79187","38686","40501","11335","5729","5606","46578","23559","23019","22493","10043","12450","530","917","2561","2313","347","101","6","371","12","330","4562","5","186","2546","4","3348","2","59","28"
"R25206","草津市","143913","72646","71267","133964","67692","66272","19712","10158","9554","86272","45213","41059","30057","13499","16558","1039","1173","6302","5645","543","176","13","1080","14","523","8297","7","271","3976","6","4763","6","139","64"
"R25207","守山市","83236","40872","42364","81266","39947","41319","13642","6963","6679","50266","25001","25265","18098","8217","9881","649","629","2818","2725","302","87","6","651","9","357","5520","6","243","3560","3","2252","3","68","35"
"R25208","栗東市","68820","34110","34710","67317","33355","33962","11355","5784","5571","43973","22235","21738","13138","5923","7215","747","519","2884","3233","412","120","7","659","9","280","4161","3","135","2022","2","1248","1","58","25"
"R25209","甲賀市","88358","44014","44344","84041","41585","42456","11240","5867","5373","50912","26203","24709","24909","11177","13732","484","1040","1857","2244","275","97","1","106","21","401","4410","7","209","2458","4","1647","4","53","33"
"R25210","野洲市","50513","25121","25392","49474","24586","24888","7139","3726","3413","29647","15186","14461","13189","5989","7200","342","522","1612","1610","219","77","4","454","6","202","2766","3","114","1416","1","326","2","47","18"
"R25211","湖南市","54460","28168","26292","50648","26046","24602","7187","3747","3440","33062","17662","15400","13387","6234","7153","291","482","1519","1741","184","98","2","172","9","233","2925","4","129","1445","2","1032","2","33","18"
"R25212","高島市","46377","22762","23615","45715","22420","23295","4959","2610","2349","24449","12514","11935","16648","7454","9194","203","777","1108","1283","143","46","2","11","13","208","1834","6","109","1106","2","774","3","51","19"
"R25213","東近江市","112819","56296","56523","107969","53604","54365","15176","7795","7381","65768","34027","31741","30209","13480","16729","705","1294","2840","3113","413","157","5","188","22","489","5915","9","256","3152","4","2198","7","79","43"
"R25214","米原市","37225","18051","19174","36417","17711","18706","4759","2445","2314","20960","10523","10437","11058","4840","6218","189","501","803","941","102","52","1","10","9","180","2001","6","105","1026","2","1038","0","25","14"
"R25383","日野町","20964","10555","10409","20149","10055","10094","2575","1343","1232","11656","6125","5531","6424","2886","3538","95","295","493","536","66","23","4","163","5","107","1042","1","41","534","1","427","1","14","7"
"R25384","竜王町","11789","6192","5597","11650","6110","5540","1506","786","720","6897","3842","3055","3315","1516","1799","43","113","282","416","31","22","1","73","2","45","591","1","30","338","0","0","0","9","5"
"R25425","愛荘町","20893","10373","10520","18815","9377","9438","3150","1590","1560","11474","5856","5618","4595","2032","2563","135","214","611","721","85","53","2","202","4","107","1378","2","55","749","1","292","0","11","7"
"R25441","豊郷町","7132","3458","3674","6908","3321","3587","1035","512","523","4069","2051","2018","1983","869","1114","42","83","192","223","24","18","1","45","2","36","417","1","24","220","0","0","1","4","1"
"R25442","甲良町","6362","3060","3302","6243","3012","3231","714","377","337","3477","1734","1743","2118","925","1193","17","85","119","140","19","8","0","0","2","36","294","1","24","158","0","0","0","2","1"
"R25443","多賀町","7274","3504","3770","7235","3490","3745","969","494","475","3559","1782","1777","2464","1075","1389","46","118","162","162","18","9","0","0","2","36","465","1","18","188","0","0","0","6","2"
"R26100","京都市","1463723","692279","771444","1369358","644756","724602","153005","78495","74510","847046","412684","434362","394406","165609","228797","7692","16856","61338","62941","5477","2071","111","8888","165","4003","58488","90","2526","33200","54","40874","89","1622","783"
"R26201","福知山市","77306","38504","38802","75194","37445","37749","10041","5118","4923","42693","22462","20231","22974","9923","13051","483","1018","2327","2762","281","106","4","327","14","313","3915","11","219","2167","7","3442","5","71","36"
"R26202","舞鶴市","80336","40244","40092","78084","39108","38976","9756","4870","4886","43185","23278","19907","25438","10906","14532","413","1147","2684","3340","255","93","8","546","18","333","3705","7","186","1941","4","1274","6","60","35"
"R26203","綾部市","31846","15239","16607","31169","14950","16219","3462","1761","1701","15767","8029","7738","12313","5259","7054","140","585","771","845","68","36","1","16","10","161","1336","6","103","714","2","811","3","27","13"
"R26204","宇治市","179630","86301","93329","177026","85020","92006","21985","11434","10551","103635","51306","52329","53800","23466","30334","943","2071","4835","5405","501","231","12","1136","22","543","8268","11","369","4857","6","4628","9","134","79"
"R26205","宮津市","16758","7942","8816","16620","7902","8718","1595","832","763","7873","4028","3845","7245","3046","4199","53","356","403","519","43","24","4","53","5","90","580","2","41","250","3","757","1","23","6"
"R26206","亀岡市","86174","41654","44520","84393","40852","43541","10707","5512","5195","48207","23810","24397","25959","11710","14249","490","1051","1968","2141","226","131","5","459","14","334","4050","5","178","2110","2","1153","4","65","33"
"R26207","城陽市","74607","35864","38743","73382","35213","38169","8530","4431","4099","40018","19704","20314","25105","11153","13952","378","906","1778","1975","218","101","7","512","10","242","3342","5","150","1744","2","1656","4","59","28"
"R26208","向日市","56859","27119","29740","55852","26654","29198","7849","4015","3834","32857","16052","16805","15164","6546","8618","397","588","1852","1948","192","57","3","508","7","235","3623","3","100","1400","2","1225","1","48","26"
"R26209","長岡京市","80608","38793","41815","79500","38196","41304","11065","5623","5442","46950","23233","23717","22021","9576","12445","608","824","2953","2877","310","92","5","933","10","296","4493","5","225","2826","3","2192","4","71","41"
"R26210","八幡市","70433","34030","36403","68543","32990","35553","8188","4147","4041","39701","19809","19892","22054","9848","12206","301","769","1674","2002","192","130","3","189","8","227","2995","4","140","1643","2","367","4","40","26"
"R26211","京田辺市","73753","36111","37642","70681","34483","36198","10641","5485","5156","43138","21480","21658","17311","7655","9656","468","617","2579","2453","181","90","9","558","9","274","4323","4","140","2409","2","1553","4","58","33"
"R26212","京丹後市","50860","24357","26503","50235","24157","26078","5662","2901","2761","25593","13096","12497","19292","8182","11110","261","924","822","1159","142","85","0","0","16","246","2302","6","140","1138","4","1021","4","36","19"
"R26213","南丹市","31629","15392","16237","30964","15033","15931","3252","1707","1545","16680","8536","8144","11139","4828","6311","131","508","815","1016","73","43","3","120","7","146","1299","6","120","818","5","761","3","30","12"
"R26214","木津川市","77907","37295","40612","76459","36632","39827","12926","6626","6300","44873","21681","23192","19188","8587","10601","506","747","2015","2347","234","110","4","293","14","380","5537","6","178","2490","2","1391","1","57","29"
"R26303","大山崎町","15953","7710","8243","15781","7623","8158","2327","1170","1157","9183","4578","4605","4351","1908","2443","175","181","600","637","68","27","1","179","2","70","911","1","31","402","0","0","0","9","3"
"R26322","久御山町","15250","7432","7818","14503","7079","7424","1772","906","866","8361","4227","4134","4875","2164","2711","76","188","361","540","51","19","0","0","3","59","595","1","29","350","1","691","2","8","6"
"R26343","井手町","7406","3594","3812","7165","3475","3690","677","367","310","4124","2113","2011","2562","1087","1475","32","123","178","152","27","8","0","0","3","36","244","1","24","138","0","0","0","4","1"
"R26344","宇治田原町","8911","4501","4410","8551","4245","4306","1017","531","486","5187","2724","2463","2683","1226","1457","29","114","187","292","11","17","1","13","2","32","392","1","20","212","0","0","0","4","3"
"R26364","笠置町","1144","541","603","1120","533","587","48","24","24","470","241","229","582","253","329","4","37","17","33","3","2","0","0","1","15","21","0","0","0","0","0","0","2","1"
"R26365","和束町","3478","1617","1861","3459","1608","1851","237","117","120","1584","784","800","1655","714","941","6","69","50","103","9","5","0","0","1","15","89","1","15","64","0","0","0","5","1"
"R26366","精華町","36198","17226","18972","35785","17041","18744","5089","2575","2514","21907","10483","11424","9035","4090","4945","170","325","950","1118","83","39","3","676","5","137","1979","3","77","976","1","577","2","27","19"
"R26367","南山城村","2391","1125","1266","2366","1114","1252","154","85","69","1077","521","556","1158","518","640","7","52","41","56","5","4","0","0","1","14","58","1","15","44","0","0","0","2","1"
"R26407","京丹波町","12907","6113","6794","12721","6050","6671","1083","535","548","6045","3067","2978","5705","2466","3239","24","276","233","338","28","17","0","0","5","68","424","3","46","213","1","119","2","6","6"
"R26463","伊根町","1928","946","982","1920","944","976","178","100","78","814","438","376","934","406","528","9","46","48","54","4","2","0","0","2","22","81","1","11","33","0","0","0","3","1"
"R26465","与謝野町","20092","9539","10553","19933","9482","10451","2219","1144","1075","10248","5122","5126","7544","3225","4319","86","357","378","512","49","21","1","8","6","103","854","3","66","541","1","182","1","17","9"
"R27100","大阪市","2752412","1326875","1425537","2550968","1229030","1321938","290649","148667","141982","1686757","835340","851417","676821","292460","384361","17795","33222","171047","153421","16056","5057","166","17012","293","8297","115643","154","5011","61314","86","69301","170","3734","2183"
"R27140","堺市","826161","393961","432200","799358","380576","418782","102091","52220","49871","471667","232514","239153","233131","99256","133875","5081","10093","30890","31698","3110","1345","42","5472","94","2828","39841","47","1649","21113","24","16975","39","744","460"
"R27202","岸和田市","190658","90424","100234","185196","87830","97366","23665","12078","11587","110325","54307","56018","53497","22729","30768","1144","2487","4114","4637","638","401","23","1041","24","695","9130","11","394","4624","5","4090","15","145","96"
"R27203","豊中市","401558","188931","212627","396053","186280","209773","54916","28227","26689","240797","116117","124680","105379","44292","61087","2901","4548","16664","16385","1630","582","25","3938","39","1451","21491","19","758","10355","9","10212","17","430","246"
"R27204","池田市","104993","49992","55001","100902","48020","52882","12844","6485","6359","61529","30451","31078","27786","11770","16016","641","1143","4223","3948","391","126","7","893","10","353","5274","5","195","2749","4","3268","3","103","69"
"R27205","吹田市","385567","185305","200262","370207","177448","192759","51990","26643","25347","231248","113550","117698","88508","37326","51182","2947","3551","19939","17761","1743","488","29","4781","36","1357","21320","20","724","10553","8","7890","14","373","208"
"R27206","泉大津市","74412","35224","39188","72022","34148","37874","8927","4542","4385","45189","22084","23105","18939","7988","10951","556","794","2403","2620","337","123","2","82","8","254","3379","3","125","1725","1","681","4","70","44"
"R27207","高槻市","352698","168081","184617","344704","163931","180773","43042","21967","21075","200510","98166","102344","102233","43811","58422","2168","3977","9944","9748","1248","460","21","1989","42","1231","16963","21","736","9466","9","7374","14","297","185"
"R27208","貝塚市","84443","40482","43961","83018","39780","43238","10856","5594","5262","49800","24574","25226","23013","9904","13109","368","1038","1786","2432","275","115","6","227","10","300","3902","4","166","2084","2","1398","4","57","31"
"R27209","守口市","143096","69204","73892","138362","66830","71532","15437","7939","7498","83146","41659","41487","40885","17450","23435","983","1968","5763","5249","638","266","5","612","12","404","5416","8","251","2803","4","3516","6","139","74"
"R27210","枚方市","397289","188191","209098","377108","178574","198534","45276","22906","22370","212620","102473","110147","110284","47779","62505","2383","4667","11127","11215","1259","552","19","2972","45","1439","19570","21","762","10111","9","7813","22","284","208"
"R27211","茨木市","287730","138658","149072","279012","134101","144911","39221","20116","19105","171964","84334","87630","68701","29902","38799","2171","2775","10794","10419","1299","386","21","3090","32","1025","15538","16","587","8279","9","8008","12","246","154"
"R27212","八尾市","264642","125858","138784","254472","120953","133519","31874","16215","15659","153071","75448","77623","74907","31672","43235","1605","3383","6698","6984","934","408","7","1513","27","861","12093","15","470","5970","5","3465","10","212","133"
"R27213","泉佐野市","100131","47828","52303","97349","46457","50892","11488","5936","5552","60883","29962","30921","26232","10997","15235","619","1215","3802","3611","404","170","2","348","13","391","4486","5","187","2160","3","2206","9","89","45"
"R27214","富田林市","108699","50919","57780","106571","49841","56730","12109","6164","5945","62665","29924","32741","32782","14286","18496","549","1392","2794","3253","298","174","18","869","17","422","4814","11","269","2934","5","2811","7","87","55"
"R27215","寝屋川市","229733","110807","118926","222654","107158","115496","25895","13336","12559","129383","64693","64690","68059","29122","38937","1349","3008","6912","6758","828","384","6","828","24","754","10308","14","441","5945","5","4093","13","182","117"
"R27216","河内長野市","101692","47392","54300","100308","46769","53539","10330","5299","5031","54254","25740","28514","36016","15905","20111","404","1401","2206","2530","252","146","8","610","13","328","4035","8","222","2484","3","2771","8","76","56"
"R27217","松原市","117641","56535","61106","113842","54407","59435","12546","6475","6071","66990","33278","33712","35266","15052","20214","676","1573","3606","3365","436","212","7","1290","15","402","4868","7","228","2470","4","3848","5","96","60"
"R27218","大東市","119367","57939","61428","113702","55352","58350","13870","7099","6771","70833","35664","35169","31451","13761","17690","704","1331","3487","3708","455","240","5","957","13","419","5509","10","322","3745","5","5083","5","80","52"
"R27219","和泉市","184495","88751","95744","180355","86489","93866","24884","12601","12283","109891","54077","55814","46995","20399","26596","1022","1940","5104","4989","545","332","9","1325","20","647","8789","9","389","4920","3","1938","10","128","85"
"R27220","箕面市","136868","64992","71876","132176","62950","69226","20385","10401","9984","80023","38902","41121","35261","15161","20100","780","1319","5464","4823","346","183","7","897","15","605","8934","10","333","4412","5","2663","9","135","91"
"R27221","柏原市","68775","32955","35820","66678","31795","34883","7611","3891","3720","40004","19714","20290","19964","8645","11319","382","773","1938","2038","234","117","3","551","10","235","2896","7","163","1471","2","1468","2","48","33"
"R27222","羽曳野市","108736","51034","57702","107037","50242","56795","12338","6214","6124","61958","30154","31804","33318","14141","19177","622","1413","3162","3245","347","179","9","480","13","352","4449","5","178","2288","1","444","6","69","44"
"R27223","門真市","119764","58772","60992","115558","56551","59007","11764","6004","5760","70541","36213","34328","35573","15508","20065","615","1626","4267","4423","524","225","5","856","13","361","4162","6","208","2237","2","1189","5","115","66"
"R27224","摂津市","87456","43166","44290","84206","41583","42623","10852","5536","5316","52197","26762","25435","22099","9782","12317","652","924","3829","3728","464","149","3","468","10","307","4177","6","181","2103","3","1985","4","58","41"
"R27225","高石市","55635","26336","29299","54653","25861","28792","7006","3563","3443","32402","15892","16510","15666","6608","9058","378","673","1832","2025","244","112","1","81","7","207","2848","5","160","2338","3","3259","3","51","40"
"R27226","藤井寺市","63688","29951","33737","62269","29283","32986","7725","3992","3733","36982","17846","19136","18074","7715","10359","372","794","2140","2214","229","112","4","189","8","261","3146","4","132","1601","4","2402","4","70","49"
"R27227","東大阪市","493940","240288","253652","434587","213352","221235","52269","26704","25565","283589","142872","140717","135791","58263","77528","2865","6209","15334","14394","2061","796","17","1576","49","1402","18533","25","874","10389","14","10769","19","397","281"
"R27228","泉南市","60102","28718","31384","58905","28177","30728","7512","3865","3647","34209","16868","17341","17776","7732","10044","336","729","1284","1677","160","87","4","503","10","255","2771","4","131","1508","1","592","6","40","19"
"R27229","四條畷市","55177","26744","28433","54477","26380","28097","6925","3536","3389","32625","16300","16325","15149","6594","8555","337","611","1588","1932","192","83","3","242","6","194","2553","3","105","1259","1","1076","3","36","23"
"R27230","交野市","75033","35805","39228","74472","35536","38936","9641","4926","4715","43621","21263","22358","21581","9531","12050","479","852","2439","2251","216","111","4","535","9","272","4033","5","171","2481","2","1673","2","55","37"
"R27231","大阪狭山市","58435","27409","31026","57309","26831","30478","7924","4026","3898","33101","15798","17303","16429","7001","9428","404","629","1720","1690","182","97","3","148","7","224","3274","3","113","1496","1","704","6","56","38"
"R27232","阪南市","51254","24250","27004","50808","24026","26782","5615","2873","2742","28470","13780","14690","17072","7555","9517","204","678","1009","1336","120","80","4","200","8","185","2072","4","107","1224","1","87","3","43","26"
"R27301","島本町","30927","14604","16323","30668","14487","16181","4589","2294","2295","17749","8562","9187","8491","3681","4810","202","312","1502","864","81","40","2","277","4","137","1939","3","90","979","2","970","1","24","10"
"R27321","豊能町","18279","8676","9603","18183","8634","9549","1201","625","576","8387","4016","4371","8666","4019","4647","30","282","368","503","25","17","1","74","4","70","481","2","41","276","0","0","0","14","7"
"R27322","能勢町","9079","4361","4718","8979","4310","4669","606","295","311","4579","2245","2334","3767","1740","2027","14","148","242","299","9","10","0","0","0","0","0","0","0","0","1","78","0","7","3"
"R27341","忠岡町","16567","7965","8602","16112","7730","8382","1968","1003","965","9791","4968","4823","4778","1977","2801","88","248","400","536","56","45","0","0","2","61","736","1","35","390","0","0","1","14","9"
"R27361","熊取町","43763","21310","22453","42825","20811","22014","5665","2955","2710","24799","12298","12501","12444","5562","6882","240","445","1031","1101","106","63","1","162","5","157","2268","4","98","1226","1","742","1","33","16"
"R27362","田尻町","8434","4176","4258","8270","4104","4166","1165","608","557","5202","2693","2509","1996","848","1148","48","99","1061","1069","34","13","0","0","1","31","435","1","28","227","0","0","0","8","5"
"R27366","岬町","14741","6816","7925","14478","6738","7740","1173","619","554","7404","3622","3782","5966","2518","3448","51","261","279","360","34","24","3","74","4","59","474","1","28","233","1","310","1","11","4"
"R27381","太子町","13009","6331","6678","12830","6219","6611","1553","803","750","7476","3731","3745","3844","1708","2136","63","148","316","361","32","21","2","141","2","47","615","1","30","294","1","508","0","7","4"
"R27382","河南町","15697","7621","8076","15320","7426","7894","1685","905","780","8615","4235","4380","4901","2196","2705","51","197","390","476","35","19","0","0","2","48","651","1","32","370","0","0","0","9","3"
"R27383","千早赤阪村","4909","2319","2590","4893","2310","2583","417","215","202","2258","1105","1153","2232","999","1233","13","88","117","139","6","6","0","0","2","30","150","1","21","96","0","0","0","5","1"
"R28100","神戸市","1525152","716452","808700","1402061","654287","747774","171315","87893","83422","843645","403562","440083","419161","178066","241095","8497","18248","59878","61423","5692","2363","99","7707","167","4637","69884","103","2721","38407","56","37604","98","1643","898"
"R28201","姫路市","530495","256616","273879","516789","249848","266941","69356","35490","33866","310280","155233","155047","142411","60919","81492","3492","6212","12265","12805","2112","846","38","1734","66","1688","25857","38","984","13857","22","12170","31","418","284"
"R28202","尼崎市","459593","222293","237300","407327","196102","211225","47978","24690","23288","246316","121181","125135","120113","51240","68873","3267","5768","16647","15455","2357","771","27","3779","42","1266","19811","20","638","9514","13","8445","23","490","240"
"R28203","明石市","303601","146746","156855","295326","142096","153230","41155","21041","20114","177638","88285","89353","79617","34406","45211","2730","3269","10562","9391","1322","490","30","2775","29","1075","17751","13","544","7843","8","6455","19","248","157"
"R28204","西宮市","485587","226105","259482","472036","220126","251910","64958","33125","31833","293519","138943","154576","115944","48968","66976","3323","4572","17324","18086","1949","640","59","5489","42","1485","25547","26","860","13161","16","11736","23","553","275"
"R28205","洲本市","41236","19635","21601","40665","19343","21322","4339","2274","2065","21327","10544","10783","15169","6580","8589","206","707","1235","1344","108","65","2","180","13","197","1663","6","104","1011","3","1285","2","51","26"
"R28206","芦屋市","93922","42008","51914","91172","40724","50448","11455","5816","5639","52989","24085","28904","27654","11339","16315","484","1037","3529","3829","251","107","8","414","8","267","4407","5","156","2201","4","2430","3","150","81"
"R28207","伊丹市","198138","95630","102508","195319","94268","101051","27159","13830","13329","119497","59705","59792","51476","22091","29385","1381","2099","6721","6994","767","328","13","1771","17","673","10905","8","344","5220","5","3793","10","184","113"
"R28208","相生市","28355","13592","14763","27903","13348","14555","3238","1660","1578","14479","7356","7123","10414","4440","5974","112","454","585","714","77","39","7","273","7","120","1274","3","63","655","2","1177","4","20","14"
"R28209","豊岡市","77489","37303","40186","76516","36888","39628","9482","4846","4636","41006","20772","20234","26522","11385","15137","389","1216","1377","1951","234","89","4","50","22","371","3602","10","209","2221","5","2155","3","70","26"
"R28210","加古川市","260878","127473","133405","255588","124970","130618","32871","16848","16023","151933","76621","75312","72332","32198","40134","1588","3042","6839","7142","948","427","18","1022","26","804","12474","11","439","6759","6","4812","12","179","115"
"R28212","赤穂市","45892","22095","23797","45210","21733","23477","5217","2727","2490","25047","12547","12500","15093","6501","8592","199","689","956","1193","120","54","11","636","10","187","1990","5","108","1086","1","607","4","39","20"
"R28213","西脇市","38673","18540","20133","37647","18016","19631","4568","2392","2176","20732","10412","10320","12974","5507","7467","177","577","814","998","111","50","0","0","8","153","1743","4","88","956","3","1433","2","37","17"
"R28214","宝塚市","226432","103655","122777","223032","102156","120876","29195","14803","14392","129846","60273","69573","63689","26801","36888","1161","2530","7044","6962","587","282","21","2299","26","850","13166","14","446","5976","6","4290","7","225","133"
"R28215","三木市","75294","36259","39035","73407","35241","38166","8230","4198","4032","40261","20050","20211","26408","11759","14649","371","1005","1560","2035","209","116","2","24","13","271","3252","6","147","1709","4","1755","5","60","41"
"R28216","高砂市","87722","42379","45343","86145","41630","44515","11169","5591","5578","50316","25176","25140","25596","11297","14299","476","1115","2197","2515","333","140","1","17","10","292","4314","7","210","2927","4","2561","2","64","39"
"R28217","川西市","152321","71289","81032","151029","70639","80390","18392","9463","8929","84625","40407","44218","49188","21364","27824","849","1896","4460","4534","407","228","9","790","16","480","7174","7","256","3692","3","2188","8","125","75"
"R28218","小野市","47562","23232","24330","46502","22670","23832","6325","3333","2992","27104","13641","13463","13844","6107","7737","276","595","1122","1303","123","67","2","46","8","186","2371","4","112","1325","2","1334","5","39","24"
"R28219","三田市","109238","52322","56916","108024","51728","56296","13945","7207","6738","65910","31508","34402","28853","13321","15532","474","995","2926","3290","270","113","17","1366","20","419","5822","9","245","3565","6","4218","7","81","51"
"R28220","加西市","42700","21077","21623","41399","20365","21034","4596","2335","2261","23521","12202","11319","14366","6371","7995","178","608","896","1049","115","63","0","0","11","182","1870","4","85","911","2","581","3","29","19"
"R28221","丹波篠山市","39611","18811","20800","38570","18445","20125","4470","2288","2182","20427","10001","10426","13862","6068","7794","202","570","856","1031","101","48","11","207","14","215","1879","5","117","1006","3","856","4","31","15"
"R28222","養父市","22129","10623","11506","22006","10587","11419","2447","1285","1162","10876","5480","5396","8750","3823","4927","102","406","296","466","57","24","0","0","8","107","829","3","56","429","2","693","1","18","9"
"R28223","丹波市","61471","29464","32007","60447","28928","31519","7433","3775","3658","32235","16165","16070","21535","9349","12186","313","996","1131","1414","153","76","0","0","20","336","2918","6","162","1572","3","933","2","47","29"
"R28224","南あわじ市","44137","21114","23023","43424","20832","22592","5190","2635","2555","22362","11152","11210","15956","7000","8956","184","762","882","1078","107","45","4","33","15","215","2168","5","109","1153","1","552","5","39","23"
"R28225","朝来市","28989","13893","15096","28614","13773","14841","3394","1738","1656","14817","7457","7360","10351","4431","5920","132","480","566","767","75","37","0","0","9","149","1369","5","85","727","3","431","1","27","14"
"R28226","淡路市","41967","19872","22095","41488","19649","21839","4495","2242","2253","20946","10380","10566","16265","7103","9162","172","782","1052","1140","93","50","0","0","11","181","1936","5","106","987","2","753","3","41","21"
"R28227","宍粟市","34819","16635","18184","34552","16549","18003","4000","2084","1916","18121","9060","9061","12648","5460","7188","126","619","491","799","71","29","2","26","11","177","1472","7","116","885","3","695","1","28","13"
"R28228","加東市","40645","19956","20689","38177","18759","19418","5119","2569","2550","23844","12124","11720","10757","4785","5972","250","461","1311","1476","131","67","1","65","8","178","1890","3","82","1007","1","698","2","32","18"
"R28229","たつの市","74316","35918","38398","72643","35063","37580","8995","4669","4326","40382","20156","20226","22963","9937","13026","391","1006","1487","1828","177","96","0","0","17","335","3729","6","168","1901","2","1631","8","45","25"
"R28301","猪名川町","29680","13975","15705","29491","13894","15597","3839","1954","1885","16422","7769","8653","9411","4247","5164","74","318","576","777","37","37","2","68","6","121","1426","2","65","863","1","468","1","25","9"
"R28365","多可町","19261","9311","9950","18977","9117","9860","1951","1004","947","9809","5001","4808","7306","3204","4102","37","363","273","434","34","22","0","0","5","84","734","3","62","456","1","139","2","13","8"
"R28381","稲美町","30268","14775","15493","29785","14500","15285","3820","2002","1818","16615","8345","8270","9716","4349","5367","164","379","742","737","64","32","5","232","5","116","1649","2","59","820","1","705","1","20","14"
"R28382","播磨町","33604","16332","17272","32868","15928","16940","4785","2435","2350","19308","9654","9654","9160","4062","5098","244","377","1002","1119","118","64","2","212","4","138","2082","2","66","1021","1","466","1","22","14"
"R28442","市川町","11231","5482","5749","11082","5396","5686","1124","572","552","5894","2975","2919","4184","1919","2265","26","170","156","253","20","14","0","0","4","61","438","1","29","254","1","385","0","5","4"
"R28443","福崎町","19377","9461","9916","18514","9101","9413","2442","1249","1193","10516","5214","5302","5454","2365","3089","107","231","505","599","63","29","0","0","4","84","1011","2","52","546","1","467","0","21","10"
"R28446","神河町","10616","4958","5658","10553","4936","5617","1151","564","587","5399","2638","2761","4055","1747","2308","44","175","154","268","23","14","3","94","3","53","416","1","24","258","1","201","1","8","4"
"R28464","太子町","33477","16253","17224","33011","16025","16986","4844","2539","2305","19172","9485","9687","9045","4016","5029","207","356","1005","1035","92","43","4","210","4","129","1866","2","80","1011","1","594","1","23","13"
"R28481","上郡町","13879","6717","7162","13760","6654","7106","1239","669","570","6882","3497","3385","5454","2395","3059","61","236","244","390","31","7","0","0","3","52","500","2","45","501","2","960","0","10","6"
"R28501","佐用町","15863","7567","8296","15712","7497","8215","1462","753","709","7533","3868","3665","6853","2934","3919","52","286","175","343","31","21","1","14","4","64","533","4","57","287","1","401","3","13","5"
"R28585","香美町","16064","7636","8428","15965","7623","8342","1661","840","821","7870","4035","3835","6530","2759","3771","43","298","220","323","34","14","7","79","9","94","599","3","49","370","2","350","2","10","8"
"R28586","新温泉町","13318","6302","7016","13191","6256","6935","1401","714","687","6442","3311","3131","5464","2270","3194","54","266","169","264","25","13","0","0","6","72","485","2","35","297","1","201","2","13","7"
"R29201","奈良市","354630","164846","189784","346733","160779","185954","39706","20229","19477","197673","93359","104314","110212","47204","63008","1770","4446","9993","9828","1080","435","24","1798","48","1315","17220","30","755","9947","14","9718","21","400","193"
"R29202","大和高田市","61744","28981","32763","60995","28659","32336","5978","3044","2934","35924","17354","18570","19318","8376","10942","338","789","1782","1905","213","101","8","343","8","208","2280","3","92","1156","3","2199","3","53","38"
"R29203","大和郡山市","83285","39249","44036","82022","38641","43381","9044","4573","4471","45680","22270","23410","27301","11810","15491","421","1124","2289","2351","278","101","8","297","11","278","3528","6","176","2346","3","1986","6","75","45"
"R29204","天理市","63889","31275","32614","62432","30528","31904","7701","3964","3737","38373","19405","18968","16877","7419","9458","369","773","1902","2289","206","92","8","365","10","258","3094","5","136","1620","3","2486","5","39","30"
"R29205","橿原市","120922","57336","63586","118165","55849","62316","14419","7355","7064","69671","33603","36068","34502","15062","19440","722","1360","3522","3682","465","190","19","838","15","386","5513","6","223","2803","3","2388","7","117","65"
"R29206","桜井市","54857","25909","28948","53981","25516","28465","6330","3211","3119","30665","14902","15763","17491","7629","9862","318","797","1372","1467","173","99","8","392","11","219","2458","4","107","1257","3","1516","3","46","27"
"R29207","五條市","27927","13180","14747","27640","13071","14569","2049","992","1057","13295","6584","6711","10360","4452","5908","74","487","402","628","64","41","0","0","4","94","965","4","90","717","3","1111","1","31","12"
"R29208","御所市","24096","11122","12974","23764","11010","12754","1843","935","908","12075","5896","6179","10102","4262","5840","66","429","465","660","60","32","4","81","7","113","710","5","75","605","2","768","2","29","17"
"R29209","生駒市","116675","55107","61568","114942","54229","60713","16057","8227","7830","66351","31611","34740","33430","14818","18612","610","1213","3073","3303","297","142","12","966","12","396","6337","8","220","2970","2","1996","6","96","60"
"R29210","香芝市","78113","36925","41188","76817","36372","40445","11918","6017","5901","46856","22398","24458","18430","8119","10311","564","706","2268","2394","294","103","7","381","11","334","4709","5","183","2554","2","1221","3","56","41"
"R29211","葛城市","36832","17526","19306","36460","17306","19154","5610","2898","2712","20796","10019","10777","10338","4556","5782","258","381","938","901","103","54","5","357","5","169","2371","2","80","1098","0","0","1","22","16"
"R29212","宇陀市","28121","13374","14747","27833","13257","14576","2481","1288","1193","13770","6814","6956","11793","5234","6559","78","520","429","641","57","27","2","58","6","114","986","4","69","536","1","370","2","23","11"
"R29322","山添村","3226","1543","1683","3185","1524","1661","255","132","123","1401","721","680","1557","685","872","3","66","59","63","4","2","0","0","1","15","85","1","12","60","1","32","0","5","1"
"R29342","平群町","18009","8446","9563","17882","8385","9497","1815","938","877","9177","4386","4791","6968","3096","3872","65","259","417","446","25","18","1","133","3","69","755","1","28","349","0","0","0","12","10"
"R29343","三郷町","23219","10877","12342","23002","10781","12221","2785","1427","1358","12779","6207","6572","7530","3172","4358","125","291","761","727","83","27","3","310","2","77","1074","1","42","519","1","535","2","14","6"
"R29344","斑鳩町","27587","12979","14608","27322","12855","14467","3831","1949","1882","15222","7301","7921","8393","3671","4722","212","314","784","749","72","33","2","85","3","107","1516","2","59","779","1","935","0","21","10"
"R29345","安堵町","7225","3387","3838","7005","3300","3705","650","322","328","3966","1940","2026","2544","1088","1456","30","86","160","197","20","7","0","0","1","24","232","1","15","117","0","0","0","3","2"
"R29361","川西町","8167","3944","4223","7998","3838","4160","978","509","469","4360","2145","2215","2809","1274","1535","23","117","175","205","21","12","1","36","1","29","388","1","31","320","0","0","0","7","4"
"R29362","三宅町","6439","3049","3390","6354","3010","3344","632","311","321","3475","1702","1773","2330","1035","1295","38","96","165","174","7","6","0","0","1","24","232","0","0","0","0","0","0","1","0"
"R29363","田原本町","31177","14870","16307","30885","14730","16155","3677","1891","1786","17273","8422","8851","9959","4395","5564","227","400","867","921","125","51","4","307","5","106","1459","2","59","714","1","765","2","25","14"
"R29385","曽爾村","1295","595","700","1280","586","694","85","40","45","542","269","273","668","286","382","2","26","39","37","4","2","0","0","0","0","0","0","0","0","0","0","0","1","0"
"R29386","御杖村","1479","694","785","1470","688","782","50","24","26","534","291","243","891","377","514","1","48","32","43","5","1","0","0","1","13","28","1","9","10","0","0","0","2","1"
"R29401","高取町","6729","3139","3590","6699","3133","3566","610","301","309","3304","1636","1668","2782","1189","1593","14","122","85","135","11","4","1","22","1","21","244","1","16","137","1","651","0","9","4"
"R29402","明日香村","5179","2439","2740","5154","2427","2727","526","268","258","2517","1243","1274","2131","926","1205","21","105","87","124","12","5","1","37","1","21","233","1","17","112","0","0","0","6","2"
"R29424","上牧町","21714","10117","11597","21577","10053","11524","2105","1069","1036","11826","5753","6073","7783","3295","4488","99","349","604","625","40","30","2","206","3","74","835","2","42","432","0","0","3","13","8"
"R29425","王寺町","24043","11375","12668","23647","11161","12486","3507","1839","1668","13527","6369","7158","6735","3002","3733","153","263","772","831","84","27","2","152","0","0","0","0","0","0","1","528","1","29","15"
"R29426","広陵町","33810","16045","17765","33517","15897","17620","4980","2503","2477","19828","9473","10355","8849","4010","4839","203","377","829","861","84","52","3","82","5","144","2164","2","68","917","1","271","0","25","15"
"R29427","河合町","17018","7918","9100","16887","7849","9038","1714","903","811","8648","4134","4514","6574","2826","3748","62","249","426","429","39","15","0","0","2","53","629","3","82","993","1","1103","0","17","10"
"R29441","吉野町","6229","2840","3389","6164","2797","3367","373","194","179","2620","1251","1369","3236","1395","1841","10","177","66","138","13","6","0","0","1","18","130","1","14","87","0","0","1","5","6"
"R29442","大淀町","16728","7936","8792","16479","7827","8652","1641","854","787","9261","4580","4681","5784","2492","3292","38","286","267","420","38","24","0","0","3","53","565","1","36","352","1","310","2","12","6"
"R29443","下市町","5037","2356","2681","5000","2342","2658","325","182","143","2353","1155","1198","2359","1019","1340","12","99","71","138","11","4","0","0","0","0","0","0","0","0","0","0","0","4","3"
"R29444","黒滝村","623","296","327","617","292","325","43","23","20","236","122","114","344","151","193","3","6","17","27","2","1","1","2","1","7","10","1","9","9","0","0","0","1","1"
"R29446","天川村","1176","567","609","1175","566","609","96","56","40","482","257","225","598","254","344","3","29","35","44","4","1","1","19","0","0","0","0","0","0","0","0","0","1","1"
"R29447","野迫川村","357","176","181","351","171","180","12","9","3","164","95","69","180","72","108","0","6","13","14","1","1","0","0","0","0","0","0","0","0","0","0","0","1","0"
"R29449","十津川村","3061","1663","1398","3043","1651","1392","230","118","112","1526","967","559","1305","578","727","6","85","94","132","11","1","0","0","2","24","98","1","12","50","1","56","0","5","1"
"R29450","下北山村","753","361","392","746","356","390","53","30","23","334","178","156","366","153","213","3","21","26","28","3","2","0","0","0","0","0","0","0","0","0","0","0","1","1"
"R29451","上北山村","444","227","217","443","226","217","15","10","5","199","112","87","230","105","125","1","10","21","33","2","0","0","0","0","0","0","0","0","0","0","0","0","1","0"
"R29452","川上村","1156","554","602","1143","544","599","69","33","36","444","243","201","642","277","365","1","23","40","47","4","0","0","0","0","0","0","0","0","0","0","0","0","1","1"
"R29453","東吉野村","1502","703","799","1480","702","778","78","47","31","548","274","274","875","381","494","0","37","28","32","4","2","1","8","1","10","31","1","10","17","0","0","0","4","0"
"R30201","和歌山市","356729","167947","188782","352193","166025","186168","42340","21601","20739","201722","98698","103024","109950","45956","63994","2235","5238","6877","7534","1379","586","22","1917","53","1240","16522","25","706","9615","14","10886","34","416","219"
"R30202","海南市","48369","22548","25821","47835","22335","25500","4867","2466","2401","25370","12413","12957","17720","7468","10252","212","817","1047","1124","112","60","6","145","12","212","1891","7","114","915","1","658","5","50","30"
"R30203","橋本市","60818","28621","32197","60238","28359","31879","6957","3543","3414","33405","16002","17403","20116","8865","11251","285","915","1159","1376","141","82","2","21","15","275","2784","8","158","1426","4","1510","3","62","31"
"R30204","有田市","26538","12576","13962","26242","12441","13801","2769","1436","1333","14289","7104","7185","9270","3925","5345","120","402","440","604","65","40","2","99","7","120","1018","1","50","610","1","333","2","29","15"
"R30205","御坊市","23481","11404","12077","22999","11178","11821","2496","1282","1214","13155","6755","6400","7333","3077","4256","115","351","461","688","73","32","5","114","6","110","947","5","72","511","2","1149","3","33","17"
"R30206","田辺市","69870","32790","37080","68975","32434","36541","7944","3965","3979","37608","18503","19105","23429","9884","13545","315","1165","1521","1833","221","125","8","288","25","337","3002","15","223","1841","5","2045","4","77","38"
"R30207","新宮市","27171","12610","14561","26508","12275","14233","2869","1494","1375","13339","6465","6874","10111","4133","5978","120","498","696","835","71","43","1","29","5","102","1137","6","87","671","3","1196","2","35","25"
"R30208","紀の川市","58816","27815","31001","58120","27475","30645","6553","3293","3260","32440","15918","16522","19449","8427","11022","291","884","1317","1392","152","103","2","140","17","278","2627","7","131","1337","2","883","4","63","26"
"R30209","岩出市","53967","25969","27998","52937","25413","27524","7295","3831","3464","32952","15977","16975","12849","5651","7198","346","570","1588","1605","215","129","2","378","6","205","2854","2","108","1352","1","835","3","48","22"
"R30304","紀美野町","8256","3796","4460","8221","3780","4441","585","299","286","3662","1848","1814","4009","1649","2360","15","197","124","188","9","9","0","0","3","35","228","2","21","143","2","83","1","12","3"
"R30341","かつらぎ町","15967","7428","8539","15864","7381","8483","1643","829","814","7867","3934","3933","6425","2644","3781","59","298","297","361","39","17","2","15","5","72","672","2","39","325","2","624","1","18","11"
"R30343","九度山町","3856","1782","2074","3850","1780","2070","286","149","137","1773","855","918","1792","774","1018","9","93","110","139","7","0","2","12","3","18","110","2","22","87","0","0","0","4","0"
"R30344","高野町","2970","1499","1471","2936","1481","1455","227","127","100","1502","863","639","1220","493","727","5","48","97","135","11","6","0","0","3","21","89","2","11","48","1","120","0","4","1"
"R30361","湯浅町","11122","5196","5926","11018","5142","5876","1185","615","570","5766","2830","2936","4089","1703","2386","39","195","218","291","32","11","1","62","5","62","433","1","30","271","1","562","1","14","6"
"R30362","広川町","6781","3195","3586","6717","3150","3567","818","425","393","3521","1724","1797","2413","1025","1388","22","116","98","153","15","10","1","17","5","42","290","2","25","160","0","0","0","4","2"
"R30366","有田川町","25258","11953","13305","25167","11910","13257","3273","1665","1608","13621","6713","6908","8325","3547","4778","168","398","442","607","94","47","0","0","12","118","1325","4","72","637","2","200","2","28","16"
"R30381","美浜町","6867","3217","3650","6831","3205","3626","690","343","347","3590","1800","1790","2566","1059","1507","38","159","209","237","20","13","0","0","2","28","268","1","17","122","0","0","1","8","1"
"R30382","日高町","7673","3657","4016","7644","3646","3998","1197","641","556","4135","2019","2116","2317","983","1334","58","105","246","226","19","12","0","0","2","42","501","1","23","238","0","0","0","3","3"
"R30383","由良町","5364","2685","2679","5314","2647","2667","500","265","235","2724","1474","1250","2088","901","1187","18","92","90","162","13","4","0","0","1","18","157","1","13","93","0","0","0","5","3"
"R30390","印南町","7720","3660","4060","7684","3640","4044","942","477","465","3910","1922","1988","2855","1248","1607","35","134","135","172","18","7","0","0","4","50","349","4","43","161","0","0","0","4","1"
"R30391","みなべ町","11818","5608","6210","11710","5568","6142","1427","728","699","6413","3154","3259","3929","1694","2235","39","190","188","281","32","15","1","0","5","71","547","3","43","291","1","266","0","9","4"
"R30392","日高川町","9219","4449","4770","9185","4427","4758","1093","565","528","4737","2475","2262","3388","1409","1979","51","173","206","290","15","10","0","0","7","76","408","5","59","303","2","62","0","9","2"
"R30401","白浜町","20262","9440","10822","19989","9314","10675","1940","973","967","10121","5031","5090","8017","3321","4696","71","394","618","785","62","26","2","20","9","118","753","4","53","383","0","0","2","18","7"
"R30404","上富田町","15236","7246","7990","15095","7184","7911","2148","1123","1025","8838","4302","4536","4112","1756","2356","109","234","540","469","52","31","1","81","5","94","899","1","32","402","1","589","1","14","7"
"R30406","すさみ町","3685","1747","1938","3649","1723","1926","301","167","134","1568","830","738","1795","737","1058","12","76","69","122","8","5","0","0","1","14","116","1","13","58","0","0","1","5","1"
"R30421","那智勝浦町","14137","6531","7606","14016","6491","7525","1351","698","653","6556","3251","3305","6200","2561","3639","53","259","302","391","28","16","0","0","6","78","528","4","53","278","0","0","2","10","12"
"R30422","太地町","2791","1229","1562","2779","1226","1553","202","101","101","1335","624","711","1251","503","748","12","86","118","75","7","7","0","0","1","17","104","1","11","32","0","0","0","3","2"
"R30424","古座川町","2480","1130","1350","2468","1129","1339","184","106","78","926","482","444","1370","542","828","5","78","44","62","2","3","0","0","3","27","76","2","20","77","0","0","0","6","1"
"R30427","北山村","404","183","221","404","183","221","40","14","26","182","103","79","182","66","116","1","9","12","16","0","2","0","0","1","8","26","1","6","10","0","0","0","1","0"
"R30428","串本町","14959","7140","7819","14820","7074","7746","1238","663","575","6677","3446","3231","6930","2953","3977","43","361","263","416","32","15","1","24","9","90","460","4","46","216","1","209","3","16","5"
"R31201","鳥取市","188465","91356","97109","185241","89741","95500","23684","12179","11505","106218","53662","52556","54990","23291","31699","1123","2540","3449","4186","624","261","9","434","40","751","8843","17","420","4806","10","4915","10","149","97"
"R31202","米子市","147317","69740","77577","143338","68075","75263","19171","9758","9413","82094","40531","41563","42337","17630","24707","1060","1910","4173","4564","612","238","8","897","23","557","7753","13","344","4082","9","4593","11","165","77"
"R31203","倉吉市","46485","21840","24645","45956","21593","24363","5723","3007","2716","24287","11922","12365","16034","6641","9393","270","772","1034","1223","145","74","0","0","10","211","2181","5","120","1125","5","1826","8","48","28"
"R31204","境港市","32740","15775","16965","32151","15594","16557","3912","2031","1881","17948","9161","8787","10736","4504","6232","177","516","901","915","115","41","1","64","6","131","1598","3","70","804","2","835","2","27","12"
"R31302","岩美町","10799","5178","5621","10718","5138","5580","1143","610","533","5598","2845","2753","4053","1721","2332","58","182","229","250","20","12","0","0","3","50","470","1","25","251","1","196","1","5","3"
"R31325","若桜町","2864","1355","1509","2834","1351","1483","191","107","84","1279","659","620","1393","588","805","10","67","45","63","2","2","0","0","1","12","74","1","12","32","0","0","0","3","2"
"R31328","智頭町","6427","3005","3422","6359","2989","3370","621","318","303","3005","1519","1486","2801","1168","1633","16","151","107","128","18","7","0","0","1","25","245","1","20","118","1","93","1","4","2"
"R31329","八頭町","15937","7611","8326","15868","7603","8265","1853","949","904","8289","4135","4154","5792","2525","3267","54","279","283","352","42","15","0","0","4","73","723","1","35","391","1","707","0","12","7"
"R31364","三朝町","6060","2875","3185","5995","2849","3146","676","352","324","2962","1502","1460","2408","1015","1393","13","129","79","109","10","4","0","0","1","27","271","1","22","142","0","0","1","3","2"
"R31370","湯梨浜町","16055","7657","8398","15955","7636","8319","2264","1158","1106","8602","4253","4349","5139","2220","2919","111","275","452","435","41","31","0","0","3","81","917","2","53","539","1","80","0","11","5"
"R31371","琴浦町","16365","7682","8683","16166","7630","8536","1979","976","1003","8356","4147","4209","6028","2558","3470","79","321","225","370","31","19","0","0","5","86","763","2","47","437","0","0","0","12","6"
"R31372","北栄町","14228","6818","7410","14121","6792","7329","1793","950","843","7352","3691","3661","5060","2161","2899","77","201","274","309","33","23","0","0","2","62","751","2","43","398","1","223","0","3","3"
"R31384","日吉津村","3501","1628","1873","3448","1612","1836","507","246","261","1979","974","1005","986","397","589","22","39","161","155","7","6","0","0","1","24","228","0","0","0","0","0","0","5","1"
"R31386","大山町","15370","7390","7980","15251","7343","7908","1684","868","816","7491","3852","3639","6195","2670","3525","70","317","265","273","37","17","0","0","4","70","726","3","45","338","0","0","0","10","5"
"R31389","南部町","10323","4925","5398","10228","4883","5345","1179","588","591","5261","2657","2604","3879","1677","2202","39","151","239","257","23","13","0","0","3","48","466","2","32","265","0","0","1","5","1"
"R31390","伯耆町","10696","5051","5645","10636","5032","5604","1282","633","649","5148","2578","2570","4243","1831","2412","58","168","259","290","28","10","0","0","4","61","505","2","35","289","0","0","2","6","3"
"R31401","日南町","4196","1982","2214","4168","1964","2204","296","153","143","1708","940","768","2190","887","1303","13","109","69","108","9","3","0","0","1","12","106","1","14","61","0","0","1","1","1"
"R31402","日野町","2907","1323","1584","2884","1322","1562","183","84","99","1253","650","603","1471","589","882","7","86","52","95","6","4","0","0","0","0","0","0","0","0","1","84","1","2","1"
"R31403","江府町","2672","1241","1431","2662","1240","1422","189","93","96","1172","605","567","1311","543","768","6","77","66","68","7","1","0","0","0","0","0","0","0","0","0","0","0","3","0"
"R32201","松江市","203616","98544","105072","198573","95843","102730","25931","13359","12572","113547","57385","56162","59498","25123","34375","1282","2666","5256","5682","741","248","24","397","32","681","9433","17","423","4881","12","5648","8","220","79"
"R32202","浜田市","54592","27298","27294","53624","26919","26705","5940","3024","2916","28524","15611","12913","19445","8160","11285","244","906","1237","1709","133","66","3","39","15","229","2279","8","145","1219","3","934","3","59","22"
"R32203","出雲市","172775","83469","89306","166846","80284","86562","23315","11956","11359","95332","47887","47445","51944","22402","29542","1196","2352","4133","3824","642","237","25","702","34","688","9663","16","416","4843","8","4296","9","162","60"
"R32204","益田市","45003","21355","23648","44089","20959","23130","5284","2751","2533","21988","11045","10943","17017","7181","9836","205","754","967","1148","124","68","5","57","15","234","2089","9","159","1157","4","1467","2","47","25"
"R32205","大田市","32846","15742","17104","32347","15516","16831","3655","1944","1711","15778","8042","7736","13264","5677","7587","154","635","589","856","91","28","1","13","15","177","1437","6","92","797","2","610","1","36","12"
"R32206","安来市","37062","17743","19319","36697","17609","19088","4277","2204","2073","18817","9609","9208","13835","5866","7969","168","576","554","830","87","41","4","29","17","199","1653","5","99","917","2","598","2","32","9"
"R32207","江津市","22959","10890","12069","22650","10779","11871","2403","1199","1204","11467","5879","5588","9008","3744","5264","94","433","493","639","53","27","0","0","7","106","944","4","63","481","4","788","2","28","7"
"R32209","雲南市","36007","17316","18691","35771","17249","18522","4041","2082","1959","17487","8875","8612","14422","6325","8097","154","730","587","788","72","38","7","89","15","195","1610","6","114","882","3","688","2","28","14"
"R32343","奥出雲町","11849","5705","6144","11759","5684","6075","1160","593","567","5341","2806","2535","5130","2230","2900","40","266","212","307","23","5","0","0","9","91","459","2","39","244","1","198","1","10","3"
"R32386","飯南町","4577","2157","2420","4535","2147","2388","463","245","218","1998","1030","968","2114","880","1234","19","91","104","151","9","8","0","0","4","40","161","2","26","98","1","166","1","6","1"
"R32441","川本町","3248","1556","1692","3229","1552","1677","320","160","160","1477","784","693","1433","605","828","12","66","143","161","11","1","0","0","1","15","126","1","11","59","1","250","1","2","2"
"R32448","美郷町","4355","2080","2275","4337","2074","2263","498","261","237","1772","937","835","2084","881","1203","14","103","92","108","8","3","0","0","2","26","162","2","24","112","0","0","0","8","1"
"R32449","邑南町","10163","4874","5289","10063","4821","5242","1084","548","536","4478","2349","2129","4582","1967","2615","40","243","184","247","19","7","0","0","8","79","428","3","36","224","1","269","1","18","3"
"R32501","津和野町","6875","3221","3654","6823","3216","3607","593","310","283","2944","1528","1416","3337","1382","1955","17","174","188","266","18","2","0","0","4","45","235","2","31","131","1","165","1","6","2"
"R32505","吉賀町","6077","2944","3133","5855","2816","3039","573","282","291","2745","1494","1251","2720","1129","1591","26","128","152","205","12","6","0","0","5","49","228","3","32","89","1","95","1","7","2"
"R32525","海士町","2267","1113","1154","2255","1107","1148","244","123","121","1118","581","537","905","409","496","7","28","188","172","2","2","0","0","2","24","104","1","12","60","1","150","0","2","1"
"R32526","西ノ島町","2788","1430","1358","2757","1407","1350","253","142","111","1246","706","540","1289","582","707","8","55","122","129","9","0","0","0","1","13","104","1","11","48","0","0","1","4","1"
"R32527","知夫村","634","323","311","631","321","310","69","28","41","281","158","123","284","137","147","5","5","45","53","2","1","0","0","1","9","24","1","8","9","0","0","0","1","1"
"R32528","隠岐の島町","13433","6531","6902","13356","6508","6848","1538","791","747","6316","3352","2964","5570","2381","3189","74","250","415","489","39","11","0","0","7","89","646","4","51","305","2","346","1","13","6"
"R33100","岡山市","724691","348630","376061","694651","333235","361416","92756","47526","45230","424785","210504","214281","185732","79007","106725","4871","8045","27642","28063","3020","1097","49","2941","91","2413","36310","44","1357","18948","26","20444","50","625","417"
"R33202","倉敷市","474592","228261","246331","440084","213135","226949","58486","29868","28618","249921","122761","127160","125532","54731","70801","3318","5712","10665","11153","1986","744","53","3691","62","1649","25388","28","931","13248","22","12179","32","345","220"
"R33203","津山市","99937","48012","51925","97681","46907","50774","12449","6450","5999","55234","27746","27488","30544","12829","17715","614","1426","2425","2917","354","158","4","302","27","452","4822","9","231","2631","5","3321","7","91","43"
"R33204","玉野市","56531","27437","29094","55556","26991","28565","5608","2950","2658","28734","14685","14049","21774","9570","12204","228","959","1147","1350","122","64","5","94","14","232","2239","7","121","1106","4","1490","7","48","34"
"R33205","笠岡市","46088","21866","24222","45238","21511","23727","4419","2247","2172","23004","11443","11561","17064","7285","9779","187","797","855","1089","110","62","1","1","16","204","1812","11","129","1065","4","1633","3","40","21"
"R33207","井原市","38384","18353","20031","37788","18151","19637","3880","1977","1903","20028","10142","9886","14355","6156","8199","155","697","623","842","72","43","13","156","13","183","1441","5","94","835","3","694","3","27","20"
"R33208","総社市","69030","33425","35605","66634","32346","34288","9589","4986","4603","39165","19494","19671","19408","8508","10900","497","873","1916","1771","219","107","15","719","13","298","3846","3","132","1902","2","1415","3","46","28"
"R33209","高梁市","29072","14225","14847","28056","13597","14459","2546","1291","1255","14264","7622","6642","11904","5065","6839","80","552","535","866","56","30","9","46","14","154","981","6","83","527","5","862","3","30","13"
"R33210","新見市","28079","13411","14668","27757","13296","14461","2676","1426","1250","13644","6927","6717","11606","4960","6646","82","545","489","766","57","23","0","0","15","154","971","5","71","558","2","503","4","27","10"
"R33211","備前市","32320","15516","16804","31623","15054","16569","2961","1538","1423","16406","8415","7991","12732","5397","7335","117","612","618","805","61","43","0","0","10","144","1152","5","75","608","2","377","4","31","16"
"R33212","瀬戸内市","36048","17319","18729","35407","17048","18359","4071","2185","1886","19264","9640","9624","12422","5347","7075","187","543","923","908","101","56","6","164","9","172","1677","3","83","933","1","334","4","29","16"
"R33213","赤磐市","42661","20454","22207","42018","20107","21911","5745","2985","2760","22267","10898","11369","14377","6402","7975","228","638","947","1084","99","58","6","224","12","223","2456","6","139","1540","1","507","1","34","25"
"R33214","真庭市","42725","20397","22328","42384","20254","22130","4863","2507","2356","20687","10589","10098","17061","7230","9831","189","835","677","973","122","58","1","0","21","234","1969","6","106","979","2","642","5","49","17"
"R33215","美作市","25939","12452","13487","25456","12146","13310","2612","1349","1263","12356","6355","6001","10800","4642","6158","96","566","501","721","57","31","2","12","8","125","1050","5","74","519","1","277","3","24","10"
"R33216","浅口市","32772","15760","17012","32437","15648","16789","3589","1854","1735","17005","8550","8455","12047","5290","6757","155","543","684","808","88","37","3","102","8","132","1393","4","100","1091","3","1805","2","17","13"
"R33346","和気町","13623","6468","7155","13351","6330","7021","1266","649","617","6727","3446","3281","5598","2358","3240","37","262","293","358","20","19","0","0","3","53","507","2","36","257","1","285","2","10","5"
"R33423","早島町","12368","5930","6438","12285","5894","6391","2027","1058","969","6881","3336","3545","3433","1518","1915","121","149","440","423","41","22","1","118","1","51","871","1","31","380","0","0","1","10","6"
"R33445","里庄町","10950","5206","5744","10795","5156","5639","1525","809","716","5965","2901","3064","3454","1491","1963","70","144","226","285","17","17","2","65","2","48","663","1","27","314","0","0","1","5","4"
"R33461","矢掛町","13414","6412","7002","13039","6230","6809","1423","706","717","6726","3418","3308","5207","2263","2944","59","263","275","284","28","9","0","0","7","91","580","1","24","254","1","290","2","9","6"
"R33586","新庄村","813","380","433","802","370","432","99","45","54","368","187","181","346","148","198","3","11","19","35","2","0","0","0","1","8","33","1","9","17","0","0","0","1","1"
"R33606","鏡野町","12062","5810","6252","11950","5769","6181","1485","814","671","5873","2949","2924","4674","2029","2645","79","217","274","353","32","19","1","12","5","72","617","1","26","306","0","0","2","11","7"
"R33622","勝央町","10888","5204","5684","10835","5184","5651","1580","817","763","5821","2877","2944","3465","1499","1966","63","146","307","347","37","18","0","0","2","47","624","1","28","304","1","291","1","6","4"
"R33623","奈義町","5578","2788","2790","5552","2774","2778","736","372","364","2864","1572","1292","1977","844","1133","38","92","225","391","20","9","0","0","1","24","290","1","16","139","0","0","0","5","2"
"R33643","西粟倉村","1398","651","747","1392","647","745","178","86","92","725","360","365","495","205","290","6","22","39","30","6","0","1","20","1","12","65","1","12","52","0","0","0","1","1"
"R33663","久米南町","4530","2173","2357","4493","2162","2331","398","194","204","2098","1068","1030","2034","911","1123","18","90","87","116","12","3","0","0","3","41","139","1","15","75","0","0","0","5","2"
"R33666","美咲町","13053","6230","6823","12978","6218","6760","1423","726","697","6205","3194","3011","5421","2306","3115","52","305","234","321","26","13","0","0","2","32","281","1","16","154","0","0","1","11","5"
"R33681","吉備中央町","10886","5275","5611","10658","5209","5449","962","509","453","5377","2828","2549","4529","1923","2606","25","237","264","287","16","10","0","0","10","116","423","2","42","209","1","225","2","13","5"
"R34100","広島市","1200754","579415","621339","1159414","559326","600088","158290","80812","77478","706497","349371","357126","300882","130009","170873","7868","12639","51653","53221","5007","1850","80","7392","146","4057","62524","79","2238","33920","41","31489","73","1206","674"
"R34202","呉市","214592","103816","110776","210692","101713","108979","23037","11704","11333","114245","59028","55217","75706","32156","43550","867","3470","4898","6631","657","269","14","870","36","668","8472","27","417","4703","10","4004","21","209","127"
"R34203","竹原市","23993","11434","12559","23661","11266","12395","2126","1074","1052","11643","5953","5690","10082","4316","5766","85","481","604","722","55","21","0","0","7","82","615","2","37","326","2","271","3","22","11"
"R34204","三原市","90573","43155","47418","88139","41925","46214","10438","5431","5007","47477","23755","23722","32182","13705","18477","382","1453","1836","2233","210","115","19","518","22","357","4174","13","230","2459","5","2362","7","62","48"
"R34205","尾道市","131170","63468","67702","127797","61021","66776","14313","7337","6976","68334","35201","33133","47641","20352","27289","516","2226","2689","3276","306","173","12","487","24","473","5468","17","285","2958","8","2706","10","118","63"
"R34207","福山市","460930","224246","236684","446471","216471","230000","60655","31047","29608","260383","131056","129327","132167","57503","74664","3053","5683","8888","10085","1766","749","40","2194","73","1682","23613","36","858","12777","19","10669","35","344","222"
"R34208","府中市","37655","18115","19540","37039","17797","19242","3922","2039","1883","19284","9941","9343","14371","6097","8274","131","657","625","897","74","45","1","60","6","93","794","2","39","412","3","943","3","33","19"
"R34209","三次市","50681","24220","26461","49622","23670","25952","5947","3045","2902","25685","13083","12602","18437","7715","10722","276","918","1133","1371","159","65","2","195","21","255","2276","13","188","1288","3","1045","4","52","21"
"R34210","庄原市","33633","16014","17619","33126","15782","17344","3438","1744","1694","15411","8010","7401","14579","6138","8441","111","731","545","818","57","46","1","35","15","177","1352","7","104","678","4","645","5","35","18"
"R34211","大竹市","26319","12820","13499","25944","12609","13335","2859","1474","1385","13975","7270","6705","9406","4021","5385","115","431","783","912","78","33","1","103","4","81","1175","3","49","575","1","341","3","25","14"
"R34212","東広島市","196608","99690","96918","185140","94175","90965","26734","13759","12975","118251","62572","55679","45736","20250","25486","1234","1903","6376","6029","701","297","8","920","33","758","10986","18","427","5982","9","3934","14","133","83"
"R34213","廿日市市","114173","54393","59780","112237","53425","58812","14927","7712","7215","63443","30726","32717","34962","15448","19514","716","1414","3208","3274","324","154","7","924","17","429","6382","11","222","3031","5","2493","9","95","58"
"R34214","安芸高田市","26448","12614","13834","25724","12285","13439","2621","1333","1288","12684","6532","6152","11112","4723","6389","115","549","486","672","49","35","2","38","7","119","1069","6","93","590","2","328","1","28","17"
"R34215","江田島市","21930","11025","10905","21315","10632","10683","1657","871","786","10656","6062","4594","9572","4058","5514","66","448","1051","1046","63","19","0","0","6","81","678","4","58","352","1","90","3","18","10"
"R34302","府中町","51155","25007","26148","50362","24638","25724","7520","3867","3653","30651","15393","15258","12570","5557","7013","442","554","1810","2265","213","61","5","673","5","177","3251","2","73","1224","1","613","1","41","28"
"R34304","海田町","29636","14588","15048","28701","14140","14561","4391","2227","2164","18016","9203","8813","7061","3069","3992","318","313","1341","1349","166","47","3","385","4","125","1834","3","68","904","2","2289","2","34","19"
"R34307","熊野町","22834","10958","11876","22601","10841","11760","2886","1484","1402","11778","5834","5944","8136","3616","4520","137","311","751","639","66","41","3","188","4","99","1182","2","52","617","1","380","0","15","13"
"R34309","坂町","12582","5984","6598","12385","5857","6528","1826","910","916","7021","3468","3553","3716","1593","2123","82","169","496","608","38","25","0","0","3","63","697","2","26","346","1","610","1","10","3"
"R34368","安芸太田町","5740","2675","3065","5698","2666","3032","466","221","245","2283","1202","1081","2991","1252","1739","8","145","154","207","11","8","0","0","4","32","197","2","30","90","1","113","1","5","4"
"R34369","北広島町","17763","8768","8995","17065","8346","8719","1805","899","906","8732","4768","3964","6917","2911","4006","77","352","396","478","37","26","0","0","7","87","591","4","60","411","3","611","3","13","10"
"R34431","大崎上島町","7158","3663","3495","7012","3564","3448","553","273","280","3228","1979","1249","3305","1350","1955","12","166","300","334","16","7","1","23","3","32","177","2","35","202","2","230","0","11","5"
"R34462","世羅町","15125","7156","7969","14859","7065","7794","1560","769","791","6893","3495","3398","6342","2713","3629","50","342","340","438","22","15","0","0","4","76","640","3","45","348","1","274","1","8","4"
"R34545","神石高原町","8250","3932","4318","8159","3909","4250","707","373","334","3484","1805","1679","4058","1753","2305","21","208","139","215","8","2","1","24","6","69","320","2","28","163","1","170","1","4","5"
"R35201","下関市","255051","118683","136368","249196","115771","133425","28155","14387","13768","133298","65281","68017","90326","36995","53331","1205","4164","5014","6059","704","325","18","1286","42","827","10898","24","470","5589","14","5036","20","260","126"
"R35202","宇部市","162570","77793","84777","159420","76240","83180","18676","9644","9032","87786","44239","43547","54008","22734","31274","992","2500","3683","4465","531","262","20","1691","24","533","7435","14","302","4078","8","3801","14","153","77"
"R35203","山口市","193966","92352","101614","189145","89856","99289","24166","12354","11812","109862","54160","55702","56173","23682","32491","1152","2497","6334","6650","623","246","17","1349","32","722","9694","20","441","5296","10","4594","13","163","89"
"R35204","萩市","44626","20610","24016","44203","20464","23739","3910","1987","1923","20919","10405","10514","19613","8095","11518","136","966","923","1194","97","42","0","0","21","184","1426","15","156","890","3","893","6","47","24"
"R35206","防府市","113979","54951","59028","111943","54098","57845","14658","7565","7093","63274","32104","31170","35036","14808","20228","771","1626","4246","4282","380","189","15","1450","17","426","5971","12","243","3244","5","3302","8","83","51"
"R35207","下松市","55887","27405","28482","55204","26958","28246","7779","3957","3822","31231","16083","15148","16521","7066","9455","459","703","2058","2044","249","89","8","731","8","194","3041","3","108","1567","3","1302","3","47","23"
"R35208","岩国市","129125","60981","68144","126304","59769","66535","14495","7374","7121","67305","33430","33875","46114","19605","26509","656","2169","3065","3926","447","181","25","1384","38","469","5608","21","304","3132","9","2489","15","116","60"
"R35210","光市","49798","23711","26087","49062","23332","25730","5702","2945","2757","25763","12949","12814","17834","7577","10257","249","732","1124","1393","149","61","7","307","12","206","2269","6","118","1236","2","1175","5","40","20"
"R35211","長門市","32519","15040","17479","32030","14847","17183","3039","1573","1466","15077","7462","7615","14318","5939","8379","102","693","613","762","48","39","3","188","11","139","1141","5","81","661","2","677","3","25","13"
"R35212","柳井市","30799","14345","16454","30424","14198","16226","3241","1674","1567","15268","7569","7699","12004","4964","7040","139","572","901","913","90","38","3","50","12","145","1231","3","63","733","3","966","3","33","19"
"R35213","美祢市","23247","10857","12390","23011","10712","12299","1963","1025","938","11302","5646","5656","9898","4126","5772","62","474","505","665","48","27","2","107","11","120","644","5","70","428","2","477","2","19","9"
"R35215","周南市","137540","66686","70854","132140","63816","68324","15493","7914","7579","72235","36833","35402","44734","19145","25589","799","2091","3631","4034","488","199","20","1410","34","487","6151","17","292","3369","6","2922","12","110","58"
"R35216","山陽小野田市","60326","28635","31691","59330","28116","31214","7337","3778","3559","32095","16079","16016","20451","8554","11897","273","928","1686","1754","182","105","7","416","12","206","2880","7","138","1503","4","1163","5","56","30"
"R35305","周防大島町","14798","6828","7970","14699","6796","7903","934","492","442","5778","2935","2843","8071","3387","4684","40","460","393","352","20","12","1","0","8","76","352","2","26","193","1","219","2","14","8"
"R35321","和木町","6034","2947","3087","5929","2891","3038","1010","507","503","3349","1680","1669","1646","740","906","40","94","149","264","15","14","0","0","1","24","385","1","20","193","0","0","0","6","2"
"R35341","上関町","2342","1084","1258","2338","1082","1256","147","66","81","874","487","387","1321","531","790","4","88","46","67","3","6","1","0","2","13","53","2","11","31","0","0","0","6","2"
"R35343","田布施町","14483","6908","7575","14387","6873","7514","1558","779","779","7651","3825","3826","5230","2279","2951","51","224","307","456","39","22","2","64","4","59","555","1","26","329","1","328","0","5","6"
"R35344","平生町","11914","5553","6361","11799","5509","6290","1083","551","532","5654","2781","2873","5138","2200","2938","43","204","297","350","30","12","1","11","2","38","403","1","22","239","1","197","1","8","4"
"R35502","阿武町","3055","1367","1688","3029","1363","1666","262","135","127","1271","624","647","1521","607","914","16","68","64","74","2","4","0","0","2","16","95","1","12","58","1","52","0","3","1"
"R36201","徳島市","252391","120188","132203","232205","110343","121862","26272","13371","12901","130393","63687","66706","70811","29640","41171","1667","3319","6280","6827","924","371","17","1103","33","871","12303","19","505","6262","12","7297","39","272","161"
"R36202","鳴門市","54622","25858","28764","53818","25540","28278","5592","2911","2681","29282","14365","14917","19121","8296","10825","208","870","1212","1341","154","62","8","526","13","220","2213","6","116","1126","2","1405","5","48","28"
"R36203","小松島市","36149","17461","18688","35668","17245","18423","3683","1924","1759","19522","9846","9676","12528","5442","7086","164","527","786","1164","123","34","1","26","11","148","1287","2","65","722","2","1003","7","28","19"
"R36204","阿南市","69470","33694","35776","68518","33338","35180","8291","4236","4055","37365","19125","18240","23131","10037","13094","369","1123","1379","1750","211","85","11","368","26","310","3258","11","188","1860","4","1789","5","58","31"
"R36205","吉野川市","38772","18231","20541","38028","17920","20108","3896","1976","1920","19597","9562","10035","14666","6346","8320","161","733","701","892","114","37","0","0","10","167","1540","5","96","885","2","642","4","47","27"
"R36206","阿波市","34713","16476","18237","34280","16351","17929","3531","1794","1737","17908","8814","9094","13202","5832","7370","122","615","518","675","75","39","0","0","11","163","1406","4","93","773","2","601","3","27","19"
"R36207","美馬市","28055","13342","14713","27647","13202","14445","2767","1463","1304","14275","7137","7138","10953","4701","6252","111","575","477","645","69","42","3","36","8","113","1061","7","84","591","2","617","5","29","16"
"R36208","三好市","23605","11117","12488","23418","11066","12352","1961","1014","947","10739","5497","5242","10868","4580","6288","66","592","368","551","52","22","11","37","16","143","779","6","61","432","3","651","4","26","14"
"R36301","勝浦町","4837","2317","2520","4806","2308","2498","433","235","198","2275","1157","1118","2128","924","1204","11","96","69","102","14","6","0","0","2","28","179","1","15","85","1","79","1","1","2"
"R36302","上勝町","1380","651","729","1375","649","726","97","47","50","511","268","243","772","336","436","5","35","33","53","3","1","0","0","1","14","47","1","12","22","0","0","0","4","0"
"R36321","佐那河内村","2058","998","1060","2053","996","1057","163","94","69","909","472","437","986","432","554","7","44","32","35","12","1","0","0","1","10","73","1","11","43","0","0","0","2","0"
"R36341","石井町","24833","11752","13081","24510","11651","12859","3045","1573","1472","13480","6529","6951","8199","3587","4612","131","354","572","631","55","40","6","282","6","106","1237","2","51","626","1","313","1","22","17"
"R36342","神山町","4647","2183","2464","4593","2167","2426","277","157","120","1845","948","897","2525","1078","1447","9","145","132","123","14","6","0","0","2","27","138","1","14","69","1","77","0","5","3"
"R36368","那賀町","7367","3521","3846","7350","3513","3837","559","298","261","2981","1589","1392","3808","1621","2187","11","184","132","213","14","6","0","0","6","35","232","4","37","118","1","172","1","11","2"
"R36383","牟岐町","3743","1735","2008","3722","1726","1996","232","117","115","1495","775","720","2016","843","1173","13","87","62","114","6","3","0","0","1","16","87","1","13","50","0","0","1","7","3"
"R36387","美波町","6222","2923","3299","6168","2907","3261","482","237","245","2668","1378","1290","3071","1308","1763","22","161","87","153","3","12","0","0","5","26","167","4","30","101","0","0","1","8","3"
"R36388","海陽町","8358","3965","4393","8143","3884","4259","623","329","294","3813","1894","1919","3873","1710","2163","25","211","148","199","12","9","1","23","3","43","251","2","27","139","1","290","1","6","6"
"R36401","松茂町","14583","7193","7390","14446","7141","7305","1879","950","929","8772","4503","4269","3916","1732","2184","102","152","622","714","75","26","4","88","3","56","679","1","26","367","0","0","2","10","6"
"R36402","北島町","22745","10976","11769","22366","10776","11590","3410","1768","1642","13241","6522","6719","5799","2527","3272","196","211","890","888","89","32","3","193","3","96","1456","1","44","633","0","0","2","19","16"
"R36403","藍住町","35246","16868","18378","34653","16557","18096","5186","2666","2520","20635","9925","10710","8993","4031","4962","279","357","1184","1219","127","57","4","473","4","144","2129","2","67","974","0","0","2","28","14"
"R36404","板野町","13042","6262","6780","12842","6201","6641","1400","741","659","7226","3597","3629","4375","1898","2477","85","230","337","344","36","28","4","163","4","56","547","1","24","268","1","385","2","10","6"
"R36405","上板町","11384","5431","5953","11270","5379","5891","1202","622","580","6141","3022","3119","4040","1786","2254","40","172","240","258","36","15","4","129","4","56","461","1","24","265","0","0","0","7","7"
"R36468","つるぎ町","7715","3608","4107","7685","3599","4086","583","324","259","3531","1769","1762","3596","1512","2084","25","211","122","164","20","10","5","56","5","30","229","4","26","142","1","412","2","5","4"
"R36489","東みよし町","13622","6515","7107","13520","6473","7047","1565","791","774","7053","3541","3512","4969","2159","2810","74","259","314","354","39","12","2","55","4","62","595","2","36","340","0","0","2","8","7"
"R37201","高松市","417496","202029","215467","399190","192046","207144","52018","26622","25396","233651","116433","117218","115270","49699","65571","2711","5303","11589","11753","1696","662","42","3208","53","1451","21846","29","852","11530","14","11358","29","404","234"
"R37202","丸亀市","109513","53018","56495","106424","51377","55047","14667","7513","7154","61951","31022","30929","31435","13760","17675","692","1422","3256","3235","452","187","6","414","18","403","5844","10","259","3430","5","2632","9","86","50"
"R37203","坂出市","50624","24145","26479","49498","23615","25883","5584","2868","2716","26502","13342","13160","18171","7709","10462","253","889","1176","1396","132","72","5","358","10","188","2382","4","108","1353","4","1900","5","48","29"
"R37204","善通寺市","31631","15725","15906","31105","15467","15638","3866","1978","1888","17733","9406","8327","9666","4160","5506","188","453","1205","1369","155","56","9","417","8","144","1427","2","67","703","2","1198","3","30","13"
"R37205","観音寺市","57438","27578","29860","56249","27078","29171","6689","3464","3225","30577","15344","15233","19433","8329","11104","313","905","1073","1362","168","86","2","158","10","210","2689","5","114","1192","2","1366","4","46","27"
"R37206","さぬき市","47003","22484","24519","46251","22136","24115","4566","2292","2274","24407","12314","12093","17369","7567","9802","152","753","804","1052","113","62","6","152","7","144","1715","3","79","954","4","1197","2","39","24"
"R37207","東かがわ市","28279","13358","14921","27964","13246","14718","2467","1242","1225","13640","6787","6853","11990","5244","6746","83","520","471","567","58","30","0","0","3","74","988","3","59","520","1","364","3","20","13"
"R37208","三豊市","61857","29770","32087","60930","29374","31556","6963","3558","3405","32067","16271","15796","22573","9810","12763","273","1069","1030","1267","132","74","13","584","19","286","2845","7","156","1657","3","1177","6","39","21"
"R37322","土庄町","12846","6044","6802","12763","6019","6744","1222","618","604","6072","3021","3051","5528","2385","3143","51","282","262","388","25","12","0","0","2","39","478","2","34","272","0","0","0","9","5"
"R37324","小豆島町","13870","6621","7249","13731","6571","7160","1238","641","597","6500","3350","3150","6117","2616","3501","47","295","302","382","32","18","6","36","4","62","497","1","33","251","1","402","2","8","5"
"R37341","三木町","26878","12943","13935","26454","12734","13720","3441","1764","1677","14700","7211","7489","8445","3802","4643","133","357","659","688","61","33","5","298","4","111","1442","1","54","750","1","453","3","18","11"
"R37364","直島町","3103","1646","1457","3067","1630","1437","312","155","157","1691","973","718","1027","463","564","16","44","151","188","17","6","0","0","1","14","110","1","13","54","0","0","0","2","1"
"R37386","宇多津町","18699","9180","9519","17973","8845","9128","2655","1356","1299","11637","5877","5760","3964","1719","2245","141","163","865","1060","90","37","3","298","2","59","934","1","32","462","0","0","1","9","8"
"R37387","綾川町","22693","10999","11694","22345","10790","11555","2618","1338","1280","11814","5943","5871","8188","3674","4514","103","365","517","585","46","26","0","0","5","95","1121","1","43","527","1","256","2","18","8"
"R37403","琴平町","8468","3938","4530","8284","3837","4447","772","412","360","4201","2086","2115","3471","1424","2047","35","163","192","233","23","4","0","0","3","45","293","1","23","156","1","524","2","10","5"
"R37404","多度津町","22445","11373","11072","21474","10603","10871","2568","1319","1249","12310","6679","5631","7244","3123","4121","87","321","446","627","64","33","3","108","4","86","990","1","38","506","1","523","3","16","7"
"R37406","まんのう町","17401","8346","9055","17182","8276","8906","2111","1100","1011","8603","4374","4229","6642","2847","3795","87","349","366","386","32","26","2","87","6","95","847","1","35","471","0","0","1","14","6"
"R38201","松山市","511192","240292","270900","489817","229315","260502","61680","31519","30161","286198","137229","148969","139574","58123","81451","3084","6472","12965","13532","1854","801","38","4551","60","1462","25367","32","900","13214","16","14219","36","475","244"
"R38202","今治市","151672","71799","79873","147778","69509","78269","16907","8635","8272","79655","39899","39756","53977","22710","31267","680","2462","2774","3514","439","207","9","723","26","491","6417","16","301","3535","9","3381","27","109","82"
"R38203","宇和島市","70809","33213","37596","70122","32914","37208","7204","3795","3409","34997","17458","17539","28193","11687","16506","293","1378","1287","1874","173","104","6","173","30","291","2735","6","129","1404","5","1361","6","72","40"
"R38204","八幡浜市","31987","14971","17016","31684","14866","16818","3055","1565","1490","15625","7815","7810","13094","5452","7642","125","602","678","900","62","33","4","119","12","138","1134","4","65","679","3","903","4","38","16"
"R38205","新居浜市","115938","56004","59934","113361","54678","58683","14205","7303","6902","62529","31991","30538","37325","15559","21766","705","1770","2546","3060","426","191","7","726","16","373","5572","12","251","3008","5","2657","9","81","51"
"R38206","西条市","104791","50615","54176","102779","49317","53462","12925","6571","6354","56521","28874","27647","34403","14638","19765","534","1579","2165","2467","334","143","10","475","25","467","5114","10","237","2644","5","1997","9","81","49"
"R38207","大洲市","40575","19423","21152","39996","19154","20842","4560","2344","2216","20500","10293","10207","14954","6457","8497","157","701","810","1125","110","61","5","147","12","152","1781","8","105","1043","5","1074","5","51","24"
"R38210","伊予市","35133","16385","18748","34808","16288","18520","4295","2242","2053","18720","9045","9675","11996","5046","6950","161","520","929","936","76","47","2","147","9","144","1792","4","79","946","1","547","1","26","13"
"R38213","四国中央市","82754","40468","42286","78462","38609","39853","8843","4546","4297","42207","21567","20640","26658","11542","15116","419","1284","1435","1986","220","122","5","85","19","326","3706","7","167","2054","3","1479","8","53","33"
"R38214","西予市","35388","16635","18753","35049","16552","18497","3571","1840","1731","16127","8186","7941","15578","6554","9024","121","724","646","837","90","38","4","68","12","132","1348","5","78","790","3","418","3","38","17"
"R38215","東温市","33903","16180","17723","33378","15889","17489","4147","2100","2047","19105","9378","9727","10216","4444","5772","189","438","1246","1199","88","54","5","223","7","134","1673","2","69","858","1","586","4","30","13"
"R38356","上島町","6509","3421","3088","6196","3127","3069","455","235","220","3088","1884","1204","2953","1293","1660","10","128","272","292","15","4","0","0","4","35","192","3","24","89","1","81","0","6","2"
"R38386","久万高原町","7404","3513","3891","7325","3483","3842","551","282","269","3110","1645","1465","3655","1542","2113","31","212","163","236","21","6","9","42","9","62","218","2","23","122","1","103","1","11","4"
"R38401","松前町","29630","13911","15719","29402","13823","15579","3933","2000","1933","16323","7906","8417","9267","3941","5326","172","412","1018","1012","79","42","1","41","3","101","1679","3","68","838","1","522","1","26","16"
"R38402","砥部町","20480","9519","10961","20255","9432","10823","2425","1209","1216","10864","5193","5671","6987","3017","3970","104","269","567","599","55","29","1","41","4","83","1029","1","48","510","1","116","1","16","7"
"R38422","内子町","15322","7303","8019","15268","7299","7969","1610","854","756","7437","3728","3709","6267","2714","3553","48","282","242","357","25","17","2","25","7","83","612","4","54","374","2","360","1","14","7"
"R38442","伊方町","8397","4036","4361","8330","4018","4312","636","322","314","3780","2012","1768","3979","1701","2278","25","252","170","276","15","10","0","0","5","44","213","3","30","138","1","155","0","10","4"
"R38484","松野町","3674","1725","1949","3656","1725","1931","303","143","160","1635","842","793","1733","738","995","9","89","91","110","6","6","0","0","2","19","122","1","11","63","0","0","0","6","1"
"R38488","鬼北町","9682","4463","5219","9596","4451","5145","874","475","399","4280","2087","2193","4528","1901","2627","31","246","228","236","18","11","0","0","6","57","328","2","27","172","1","231","2","12","4"
"R38506","愛南町","19601","9186","10415","19544","9153","10391","1585","825","760","9037","4517","4520","8942","3818","5124","52","445","291","419","52","27","1","11","9","84","611","4","47","333","1","254","3","20","9"
"R39201","高知市","326545","152455","174090","317204","147276","169928","38125","19395","18730","182962","88347","94615","95909","39118","56791","1792","4295","7253","8959","1090","598","18","1339","41","1029","14971","25","699","8672","16","10146","52","243","185"
"R39202","室戸市","11742","5648","6094","11649","5571","6078","801","409","392","4850","2593","2257","6040","2618","3422","29","329","182","324","22","7","0","0","5","48","310","4","46","164","1","119","1","8","5"
"R39203","安芸市","16243","7754","8489","16062","7657","8405","1490","766","724","7941","4057","3884","6638","2823","3815","61","320","395","493","45","21","0","0","12","89","541","5","50","374","1","319","2","15","9"
"R39204","南国市","46664","22130","24534","45890","21800","24090","5633","2876","2757","25521","12694","12827","14850","6231","8619","286","654","1808","1682","147","76","1","37","14","223","2289","6","115","968","4","1784","9","29","16"
"R39205","土佐市","25732","12384","13348","25342","12164","13178","2842","1496","1346","13332","6816","6516","9463","4018","5445","165","463","636","716","71","36","1","56","10","120","1159","3","57","417","2","191","3","14","9"
"R39206","須崎市","20590","10068","10522","20162","9782","10380","1940","988","952","10177","5404","4773","8356","3595","4761","73","369","539","755","34","27","1","3","8","88","686","6","79","496","2","1066","3","10","10"
"R39208","宿毛市","19033","8914","10119","18805","8825","9980","1980","998","982","9209","4607","4602","7367","3067","4300","69","352","388","581","45","24","1","44","7","92","775","5","67","429","2","502","5","12","11"
"R39209","土佐清水市","12388","5842","6546","12301","5794","6507","895","461","434","5220","2650","2570","6259","2720","3539","31","288","227","326","21","20","1","30","10","40","326","5","23","174","1","124","3","7","5"
"R39210","四万十市","32694","15455","17239","32449","15357","17092","3644","1838","1806","16570","8280","8290","12018","5045","6973","164","557","907","1047","100","50","1","111","26","173","1464","12","91","817","3","732","5","30","17"
"R39211","香南市","32207","15545","16662","31744","15289","16455","3949","2033","1916","17585","8945","8640","10452","4432","6020","194","492","1058","1113","105","50","3","186","7","150","1616","4","86","735","1","67","1","25","13"
"R39212","香美市","26513","12848","13665","25915","12568","13347","2632","1353","1279","13352","7121","6231","10123","4156","5967","114","552","769","750","58","17","2","95","8","111","1094","4","58","471","1","328","3","20","13"
"R39301","東洋町","2194","1085","1109","2153","1054","1099","133","66","67","945","528","417","1116","491","625","7","63","67","56","2","6","0","0","2","14","45","2","17","21","0","0","0","2","1"
"R39302","奈半利町","3034","1399","1635","3015","1389","1626","254","140","114","1353","679","674","1418","574","844","8","80","109","115","5","2","0","0","1","11","102","1","14","44","0","0","0","4","2"
"R39303","田野町","2498","1174","1324","2491","1174","1317","235","112","123","1182","614","568","1060","436","624","11","51","77","85","5","3","0","0","1","14","102","1","14","39","1","51","1","1","2"
"R39304","安田町","2370","1144","1226","2365","1141","1224","210","111","99","1069","561","508","1081","463","618","7","60","51","73","3","0","0","0","1","14","98","1","11","29","0","0","0","1","1"
"R39305","北川村","1146","552","594","1143","550","593","102","49","53","539","291","248","505","212","293","1","23","34","50","1","2","0","0","1","10","34","1","7","15","0","0","0","0","0"
"R39306","馬路村","745","358","387","743","356","387","82","38","44","358","186","172","305","134","171","4","15","23","42","2","0","0","0","2","13","33","2","17","17","0","0","0","2","0"
"R39307","芸西村","3694","1724","1970","3620","1683","1937","399","203","196","1806","936","870","1489","585","904","12","81","111","86","4","9","1","50","1","16","174","1","14","71","0","0","1","3","1"
"R39341","本山町","3261","1516","1745","3239","1511","1728","280","130","150","1419","758","661","1560","627","933","10","98","119","122","11","5","0","0","2","20","108","1","14","63","1","104","1","2","1"
"R39344","大豊町","3252","1546","1706","3219","1535","1684","183","98","85","1160","631","529","1907","816","1091","2","98","54","108","5","3","0","0","0","0","0","0","0","0","0","0","1","7","1"
"R39363","土佐町","3753","1780","1973","3720","1776","1944","363","193","170","1588","833","755","1801","753","1048","16","85","108","89","7","4","0","0","1","15","154","1","14","68","0","0","1","4","1"
"R39364","大川村","366","189","177","365","188","177","45","24","21","171","96","75","150","69","81","1","8","20","19","0","0","0","0","0","0","0","0","0","0","0","0","0","1","0"
"R39386","いの町","21374","10179","11195","21214","10098","11116","2042","1047","995","10725","5349","5376","8404","3645","4759","75","410","534","585","49","23","3","14","17","119","910","6","87","343","2","334","3","17","8"
"R39387","仁淀川町","4827","2306","2521","4788","2287","2501","347","194","153","1790","975","815","2685","1134","1551","15","139","96","182","13","5","0","0","3","27","115","2","26","81","0","0","1","5","1"
"R39401","中土佐町","6002","2782","3220","5960","2750","3210","502","235","267","2602","1321","1281","2895","1224","1671","17","162","123","150","5","3","0","0","3","25","186","2","21","111","0","0","1","7","2"
"R39402","佐川町","12323","5751","6572","12252","5729","6523","1327","671","656","5916","2891","3025","5058","2173","2885","54","224","337","353","34","17","0","0","4","58","493","3","37","240","1","107","2","9","3"
"R39403","越知町","5187","2390","2797","5171","2387","2784","421","213","208","2323","1164","1159","2441","1013","1428","16","122","115","119","11","5","0","0","1","18","147","1","11","81","0","0","4","2","2"
"R39405","檮原町","3307","1611","1696","3302","1607","1695","320","158","162","1456","784","672","1531","669","862","11","67","92","113","10","7","0","0","1","10","131","1","17","60","1","130","1","4","1"
"R39410","日高村","4812","2282","2530","4794","2277","2517","432","236","196","2307","1162","1145","2073","884","1189","19","105","117","130","10","5","0","0","3","33","232","2","29","105","0","0","0","4","1"
"R39411","津野町","5291","2516","2775","5263","2511","2752","552","286","266","2351","1201","1150","2388","1029","1359","17","131","94","145","12","5","0","0","2","25","208","2","29","119","0","0","0","5","2"
"R39412","四万十町","15607","7442","8165","15472","7398","8074","1479","770","709","7061","3624","3437","6979","2995","3984","53","346","284","420","33","15","0","0","15","107","624","6","48","280","2","144","2","10","7"
"R39424","大月町","4434","2128","2306","4415","2115","2300","312","155","157","1946","1004","942","2176","969","1207","9","111","77","106","13","5","1","0","1","14","104","1","15","74","0","0","1","1","2"
"R39427","三原村","1437","690","747","1424","685","739","104","63","41","657","358","299","676","269","407","4","36","30","50","2","3","0","0","1","12","41","1","11","17","0","0","0","2","0"
"R39428","黒潮町","10262","4944","5318","10111","4831","5280","891","467","424","4757","2487","2270","4614","1990","2624","33","252","168","227","10","12","0","0","9","68","363","2","31","168","1","106","0","8","6"
"R40100","北九州市","939029","443269","495760","898013","423283","474730","109590","55857","53733","503800","247580","256220","286177","117819","168358","5514","13100","36187","37349","3614","1602","93","10267","132","3016","44640","73","1757","24260","37","23607","76","941","625"
"R40130","福岡市","1612392","761148","851244","1504528","705628","798900","204973","104834","100139","990298","475234","515064","338930","140781","198149","11733","14745","105552","94847","8329","2621","116","14791","151","5003","84309","83","3002","43018","41","42893","102","1693","1044"
"R40202","大牟田市","111281","51262","60019","109466","50476","58990","12194","6271","5923","56397","27655","28742","41290","16663","24627","554","2011","2303","2799","305","139","12","817","19","338","4773","11","226","2755","7","3819","19","110","71"
"R40203","久留米市","303316","144522","158794","279016","132557","146459","37877","19379","18498","160800","78227","82573","80051","33470","46581","2170","3767","9960","10233","1186","471","20","2064","45","1150","17068","20","635","8860","12","7242","27","303","194"
"R40204","直方市","56212","26403","29809","55438","25964","29474","7336","3839","3497","29633","14766","14867","19005","7678","11327","323","888","1922","1898","202","123","7","388","11","235","2861","4","109","1543","4","2439","4","66","39"
"R40205","飯塚市","126364","60174","66190","124259","59037","65222","16215","8306","7909","68782","34585","34197","39727","16235","23492","813","1874","4079","4075","494","245","9","887","20","446","6707","12","286","3552","4","3417","10","131","70"
"R40206","田川市","46203","21056","25147","45379","20689","24690","5711","2831","2880","23890","11510","12380","15939","6386","9553","287","763","1439","1665","168","102","2","92","9","187","2235","3","114","1138","4","1788","5","52","24"
"R40207","柳川市","64475","30437","34038","63541","29932","33609","7632","3912","3720","34830","17167","17663","21580","9103","12477","309","1005","1388","1565","158","80","3","38","19","274","3002","6","137","1565","3","2324","5","59","38"
"R40210","八女市","60608","28451","32157","59770","28147","31623","7024","3581","3443","30942","15283","15659","22037","9287","12750","355","1112","1485","1440","175","84","5","350","13","221","2796","9","174","1789","4","2044","7","57","36"
"R40211","筑後市","48827","23400","25427","48146","23100","25046","7103","3635","3468","28176","13859","14317","13329","5761","7568","367","605","1756","1652","180","92","1","116","12","219","2943","3","99","1361","2","1416","2","50","28"
"R40212","大川市","32988","15427","17561","32633","15268","17365","3451","1720","1731","17544","8546","8998","11791","5071","6720","154","594","770","1017","67","40","4","202","8","126","1323","2","51","661","1","271","2","29","15"
"R40213","行橋市","71426","34120","37306","69983","33359","36624","9417","4833","4584","39439","19620","19819","21649","9132","12517","481","922","2850","2736","268","154","6","634","11","281","3986","6","148","1767","2","1280","6","56","42"
"R40214","豊前市","24391","11378","13013","23943","11157","12786","2818","1422","1396","12298","6105","6193","9127","3779","5348","94","401","516","734","44","32","1","42","10","135","1107","4","64","507","1","828","1","29","15"
"R40215","中間市","40362","18961","21401","39786","18585","21201","4405","2297","2108","20583","10209","10374","15106","6266","8840","205","697","1401","1388","129","88","6","356","6","142","1721","4","93","962","2","1153","1","32","27"
"R40216","小郡市","59360","27825","31535","58257","27311","30946","8115","4093","4022","33967","16295","17672","16834","7216","9618","332","654","2167","2210","142","75","4","502","9","281","3605","5","142","1650","2","942","7","50","37"
"R40217","筑紫野市","103311","49289","54022","101594","48276","53318","14813","7618","7195","60682","29282","31400","26417","11546","14871","834","1035","4566","4477","372","135","8","1137","11","378","6086","5","203","3008","4","5215","7","76","54"
"R40218","春日市","111023","53099","57924","108364","51906","56458","16905","8758","8147","67730","32786","34944","24377","10716","13661","726","1002","5529","5807","380","177","9","1185","12","455","7056","6","247","3698","1","1305","5","86","59"
"R40219","大野城市","102085","48887","53198","99328","47262","52066","15654","8002","7652","61537","29836","31701","22374","9678","12696","935","899","5331","4869","434","151","6","744","10","376","6401","5","205","3087","1","1375","7","70","53"
"R40220","宗像市","97095","46143","50952","94596","45081","49515","13338","6815","6523","53601","26165","27436","28276","12312","15964","626","1142","3683","3498","297","135","7","981","14","386","5606","7","215","3005","2","2226","7","67","49"
"R40221","太宰府市","73164","34743","38421","71500","33787","37713","10355","5323","5032","41044","19765","21279","20332","8781","11551","481","831","3300","3035","240","105","5","571","8","270","4374","5","173","2462","4","4316","3","44","33"
"R40223","古賀市","58786","27924","30862","57941","27540","30401","8364","4254","4110","34049","16529","17520","16247","7054","9193","365","642","2356","2310","183","110","4","1102","8","243","3481","3","141","1756","2","1480","5","42","37"
"R40224","福津市","67033","31286","35747","66116","30887","35229","10984","5580","5404","36478","17424","19054","18887","8008","10879","584","772","3001","2390","260","106","6","811","7","288","5032","3","140","2175","2","1563","4","50","35"
"R40225","うきは市","27981","13145","14836","27624","12982","14642","3377","1757","1620","13999","6975","7024","9876","4031","5845","148","464","590","734","84","45","1","73","7","131","1401","2","57","734","1","350","2","29","15"
"R40226","宮若市","26298","12379","13919","25856","12148","13708","3141","1612","1529","13393","6732","6661","9644","3975","5669","140","463","746","959","85","42","2","86","4","101","1291","2","55","667","1","316","4","20","15"
"R40227","嘉麻市","35473","16400","19073","35211","16275","18936","3893","2004","1889","17155","8529","8626","14340","5797","8543","134","607","764","1068","88","54","5","94","5","77","629","2","43","356","2","511","6","25","18"
"R40228","朝倉市","50273","23546","26727","49166","23062","26104","6071","3025","3046","26115","12867","13248","17523","7369","10154","234","784","1449","1530","125","66","5","258","11","219","2548","6","139","1297","3","1522","4","53","28"
"R40229","みやま市","35861","16675","19186","35576","16587","18989","3992","2002","1990","18024","8757","9267","13749","5864","7885","149","652","679","846","73","38","3","90","7","127","1576","4","79","789","1","430","1","31","16"
"R40230","糸島市","98877","46984","51893","97546","46316","51230","13669","7068","6601","55280","26838","28442","29578","12892","16686","624","1222","3896","3100","264","183","8","740","16","430","6319","7","226","2911","2","1588","6","86","46"
"R40231","那珂川市","50112","24194","25918","49561","23865","25696","8136","4118","4018","29916","14647","15269","11704","5210","6494","357","446","1827","1972","172","113","2","191","8","219","3135","4","129","1648","1","588","2","37","23"
"R40341","宇美町","37671","18964","18707","37066","18559","18507","5331","2757","2574","21789","11356","10433","10408","4758","5650","236","463","1300","1327","102","60","3","527","5","148","2161","3","89","1075","1","586","3","21","16"
"R40342","篠栗町","31209","15014","16195","30957","14881","16076","4654","2416","2238","18481","9106","9375","7985","3448","4537","232","297","1432","1255","142","61","2","166","4","130","1801","2","78","936","0","0","4","14","9"
"R40343","志免町","46377","22291","24086","45661","21918","23743","7487","3821","3666","27314","13498","13816","11034","4571","6463","336","431","2093","2181","169","92","4","787","4","182","2854","2","104","1490","0","0","4","33","21"
"R40344","須恵町","28628","13760","14868","28155","13502","14653","4777","2475","2302","15750","7847","7903","7847","3324","4523","221","274","1308","1249","101","49","1","67","3","134","2080","2","77","990","1","985","2","17","7"
"R40345","新宮町","32927","15894","17033","32367","15633","16734","6820","3395","3425","19912","9728","10184","6024","2663","3361","238","292","1415","1618","92","58","3","336","5","164","2681","3","113","1491","1","1226","2","29","16"
"R40348","久山町","9068","4281","4787","8797","4234","4563","1511","786","725","5048","2440","2608","2471","1031","1440","59","105","350","279","19","20","1","115","2","48","686","1","24","311","0","0","1","8","3"
"R40349","粕屋町","48190","23840","24350","47148","23252","23896","8617","4361","4256","30431","15424","15007","8514","3664","4850","503","360","2589","2852","300","97","4","132","4","207","3242","2","119","1676","1","820","3","28","19"
"R40381","芦屋町","13545","6629","6916","13455","6578","6877","1645","800","845","7531","4003","3528","4363","1822","2541","62","188","824","877","46","22","2","175","3","53","664","1","26","326","0","0","1","10","4"
"R40382","水巻町","28114","13074","15040","27605","12843","14762","3500","1754","1746","15191","7424","7767","9305","3851","5454","212","414","1122","1059","122","54","1","84","5","99","1438","2","54","670","0","0","3","23","17"
"R40383","岡垣町","31007","14481","16526","30808","14377","16431","4075","2104","1971","16217","7827","8390","10309","4369","5940","190","443","1086","959","69","42","1","238","5","113","1733","2","61","854","0","0","1","25","10"
"R40384","遠賀町","18723","8795","9928","18505","8700","9805","2387","1229","1158","9789","4722","5067","6497","2821","3676","99","270","601","578","58","31","1","151","3","74","985","2","46","537","1","360","4","13","8"
"R40401","小竹町","7151","3406","3745","6955","3246","3709","605","317","288","3523","1865","1658","3021","1224","1797","13","137","250","247","15","7","0","0","3","40","248","1","18","124","0","0","1","6","4"
"R40402","鞍手町","15080","7074","8006","14885","6951","7934","1653","825","828","7501","3753","3748","5915","2487","3428","59","255","383","432","42","25","1","81","6","86","671","1","27","373","0","0","1","8","7"
"R40421","桂川町","12878","6018","6860","12776","5968","6808","1618","853","765","6690","3252","3438","4523","1905","2618","73","197","381","413","40","25","1","29","2","58","638","1","29","304","1","376","1","8","5"
"R40447","筑前町","29591","14061","15530","29320","13941","15379","4128","2115","2013","16156","7997","8159","9238","3903","5335","214","416","1481","1047","92","47","4","290","4","126","1826","2","62","838","0","0","2","18","10"
"R40448","東峰村","1899","868","1031","1888","861","1027","184","90","94","846","419","427","869","359","510","7","53","27","68","5","5","0","0","1","17","59","1","12","41","0","0","0","4","2"
"R40503","大刀洗町","15521","7438","8083","15193","7286","7907","2339","1206","1133","8798","4340","4458","4351","1873","2478","111","193","593","576","57","31","0","0","4","95","965","1","38","452","0","0","1","8","7"
"R40522","大木町","13820","6545","7275","13687","6502","7185","2097","1071","1026","7666","3749","3917","4036","1714","2322","88","187","369","389","32","20","1","97","3","56","826","1","29","453","0","0","1","12","6"
"R40544","広川町","19969","9589","10380","19494","9353","10141","2671","1343","1328","10991","5565","5426","6002","2511","3491","98","238","619","647","73","35","1","175","3","66","1139","1","36","546","0","0","4","14","11"
"R40601","香春町","10191","4737","5454","10141","4712","5429","1135","568","567","4795","2366","2429","4238","1786","2452","52","239","284","336","19","20","0","0","0","0","0","0","0","0","1","511","0","7","5"
"R40602","添田町","8801","4128","4673","8791","4125","4666","856","449","407","4018","2032","1986","3926","1647","2279","25","210","193","233","16","17","0","0","5","49","330","1","23","202","0","0","1","13","6"
"R40604","糸田町","8407","3843","4564","8369","3821","4548","1135","572","563","4055","1959","2096","3215","1310","1905","54","191","268","323","28","20","0","0","1","32","463","1","26","246","0","0","1","9","4"
"R40605","川崎町","15176","6918","8258","15077","6874","8203","1787","921","866","7456","3557","3899","5932","2439","3493","60","336","365","509","34","36","0","0","4","71","668","1","28","347","0","0","4","9","9"
"R40608","大任町","5008","2262","2746","4999","2262","2737","731","381","350","2327","1112","1215","1948","767","1181","40","112","202","164","15","9","0","0","2","35","306","1","19","136","0","0","0","6","2"
"R40609","赤村","2774","1295","1479","2771","1294","1477","352","181","171","1301","630","671","1119","483","636","13","65","88","88","7","7","0","0","2","15","152","1","17","74","0","0","0","5","1"
"R40610","福智町","21398","9984","11414","21277","9925","11352","2691","1402","1289","10637","5192","5445","8066","3387","4679","102","414","633","647","45","51","1","78","4","76","698","2","45","398","0","0","2","12","9"
"R40621","苅田町","37684","19639","18045","35390","18280","17110","5185","2700","2485","21919","12031","9888","8879","3867","5012","295","378","1978","2248","170","84","4","551","6","149","2126","2","73","1059","1","430","3","27","20"
"R40625","みやこ町","18825","8803","10022","18675","8711","9964","1907","961","946","8998","4482","4516","7915","3358","4557","68","327","455","545","25","25","1","17","6","82","727","5","81","729","1","460","1","14","5"
"R40642","吉富町","6536","3068","3468","6462","3030","3432","853","429","424","3540","1758","1782","2115","867","1248","47","113","198","241","21","13","1","3","1","24","330","1","28","339","0","0","1","10","5"
"R40646","上毛町","7251","3453","3798","7217","3439","3778","984","518","466","3651","1805","1846","2615","1129","1486","40","119","164","171","17","11","0","0","4","56","439","1","21","205","0","0","0","8","1"
"R40647","築上町","17189","8272","8917","17048","8198","8850","1911","977","934","8650","4509","4141","6566","2741","3825","67","337","550","701","58","30","1","25","8","97","702","2","37","367","1","334","1","13","7"
"R41201","佐賀市","233301","110191","123110","225564","106544","119020","30064","15374","14690","129142","62695","66447","64802","26938","37864","1480","3016","6794","7109","765","335","23","1269","36","972","12632","25","627","7000","13","9104","23","234","128"
"R41202","唐津市","117373","55015","62358","116391","54731","61660","16016","8273","7743","62594","30479","32115","38363","16034","22329","695","1884","2227","2757","395","159","1","112","33","574","6215","21","393","3761","7","3316","13","101","58"
"R41203","鳥栖市","74196","35528","38668","72035","34354","37681","11203","5766","5437","43865","21501","22364","17938","7566","10372","500","790","3056","2998","285","110","5","542","8","320","4323","5","187","2427","3","1873","7","71","38"
"R41204","多久市","18295","8555","9740","18121","8468","9653","2110","1028","1082","9416","4681","4735","6753","2835","3918","96","295","372","518","42","22","0","0","0","0","0","0","0","0","1","342","2","11","7"
"R41205","伊万里市","52629","25445","27184","51983","25010","26973","7293","3736","3557","28119","14359","13760","16919","7154","9765","341","747","1289","1510","201","86","1","62","13","257","2763","6","135","1449","3","1490","6","40","25"
"R41206","武雄市","47914","22727","25187","47438","22537","24901","6547","3401","3146","25940","12765","13175","15064","6377","8687","316","644","1388","1519","146","65","2","74","14","237","2532","6","140","1576","1","700","4","45","23"
"R41207","鹿島市","27892","13140","14752","27705","13059","14646","3784","1964","1820","14918","7231","7687","9141","3914","5227","160","358","595","755","94","37","1","27","8","135","1500","2","64","725","2","683","4","18","14"
"R41208","小城市","43952","20772","23180","43559","20626","22933","6124","3109","3015","24623","11903","12720","12599","5446","7153","347","589","1506","1489","179","70","1","17","8","214","2431","4","108","1223","2","869","3","31","20"
"R41209","嬉野市","25848","11995","13853","25643","11901","13742","3225","1617","1608","13334","6503","6831","9219","3836","5383","166","409","647","696","78","32","1","21","9","132","1265","4","74","636","2","401","4","18","11"
"R41210","神埼市","31022","14884","16138","30472","14652","15820","3934","2047","1887","16890","8427","8463","9762","4176","5586","173","480","992","1111","109","41","0","0","7","135","1520","3","70","776","2","799","3","22","15"
"R41327","吉野ヶ里町","16323","7990","8333","16004","7864","8140","2430","1249","1181","9759","4921","4838","3970","1728","2242","145","175","753","813","78","34","2","120","2","64","923","2","43","454","0","0","1","11","6"
"R41341","基山町","17250","8174","9076","16899","8045","8854","2169","1100","1069","9595","4574","5021","5344","2419","2925","113","219","650","602","41","20","1","94","2","73","1006","2","54","518","1","291","1","13","8"
"R41345","上峰町","9286","4455","4831","9017","4327","4690","1391","734","657","5258","2544","2714","2422","1057","1365","84","110","512","481","28","12","0","0","1","38","567","1","28","319","0","0","1","7","4"
"R41346","みやき町","25511","12170","13341","25291","12090","13201","3337","1730","1607","13258","6587","6671","8842","3815","5027","175","356","915","739","79","39","3","145","4","117","1460","3","66","610","1","581","2","17","12"
"R41387","玄海町","5609","3067","2542","5601","3064","2537","610","319","291","3081","1847","1234","1774","762","1012","26","90","107","176","24","10","0","0","0","0","0","0","0","0","1","135","0","4","1"
"R41401","有田町","19010","8780","10230","18862","8720","10142","2433","1218","1215","9841","4808","5033","6717","2746","3971","82","278","430","549","51","28","0","0","4","86","1008","2","50","504","1","484","1","19","6"
"R41423","大町町","6293","2903","3390","6269","2893","3376","643","329","314","3072","1511","1561","2566","1054","1512","35","126","150","177","23","4","0","0","0","0","0","0","0","0","1","185","1","5","4"
"R41424","江北町","9566","4460","5106","9493","4447","5046","1434","727","707","5366","2592","2774","2723","1121","1602","89","117","353","319","37","13","1","10","1","43","569","1","25","250","0","0","2","5","4"
"R41425","白石町","22051","10358","11693","21874","10312","11562","2605","1378","1227","11436","5675","5761","7984","3291","4693","89","353","411","579","56","25","0","0","8","122","994","1","49","550","2","692","3","19","9"
"R41441","太良町","8121","3842","4279","8064","3820","4244","889","456","433","4072","2058","2014","3159","1327","1832","32","163","124","199","19","8","0","0","2","31","330","2","28","181","1","185","1","2","3"
"R42201","長崎市","409118","188519","220599","401784","184557","217227","46771","23975","22796","223535","106195","117340","132604","54621","77983","2149","5946","10010","11658","1230","557","28","1478","72","1446","18576","49","877","9618","20","10108","34","499","264"
"R42202","佐世保市","243223","115131","128092","239760","113274","126486","31507","16035","15472","131710","65430","66280","77173","32069","45104","1541","3541","7090","8686","894","390","27","2266","45","910","12214","27","550","6611","14","6197","18","215","117"
"R42203","島原市","43338","20157","23181","42870","19982","22888","5462","2841","2621","22194","10831","11363","15523","6388","9135","268","746","1045","1217","119","37","2","0","10","180","2219","5","97","1119","5","1578","7","43","28"
"R42204","諫早市","133852","63544","70308","132986","63192","69794","17924","9307","8617","75013","36789","38224","40900","17439","23461","816","1840","4783","4372","448","174","10","772","28","520","7272","17","329","4168","8","6117","15","130","64"
"R42205","大村市","95397","45448","49949","94077","44705","49372","14964","7696","7268","55134","26664","28470","24034","10309","13725","828","1024","4992","3917","394","151","3","505","15","401","6416","6","219","3041","4","2937","6","90","50"
"R42207","平戸市","29365","13771","15594","29180","13692","15488","3382","1730","1652","13778","6995","6783","12151","5015","7136","131","589","603","813","71","44","1","24","15","176","1315","8","103","702","3","514","6","17","8"
"R42208","松浦市","21271","10278","10993","21012","10181","10831","2575","1278","1297","10573","5481","5092","7843","3353","4490","96","391","453","699","48","32","0","0","9","125","1016","7","93","562","1","182","3","15","7"
"R42209","対馬市","28502","14060","14442","28322","13977","14345","3311","1751","1560","14166","7548","6618","10989","4736","6253","144","525","1092","1430","92","38","3","30","15","179","1203","11","139","637","3","529","2","34","13"
"R42210","壱岐市","24948","11837","13111","24846","11814","13032","3213","1661","1552","12062","6154","5908","9640","4013","5627","112","486","616","827","50","26","8","148","18","200","1213","4","72","665","2","611","5","15","8"
"R42211","五島市","34391","16141","18250","34220","16070","18150","3611","1800","1811","16677","8314","8363","14002","5961","8041","163","727","1033","1234","88","45","3","184","13","146","1330","10","116","777","4","700","4","38","14"
"R42212","西海市","26275","13120","13155","25815","12745","13070","2836","1440","1396","13084","7103","5981","10182","4404","5778","119","516","565","851","54","23","3","84","11","121","1136","6","67","593","3","360","1","23","9"
"R42213","雲仙市","41096","19378","21718","40625","19270","21355","4914","2501","2413","21437","10641","10796","14677","6197","8480","249","699","971","1185","108","62","0","0","17","228","1999","7","104","980","2","289","3","36","20"
"R42214","南島原市","42330","19598","22732","42066","19558","22508","4735","2350","2385","20469","9983","10486","17109","7252","9857","168","822","587","966","77","34","1","50","15","191","1807","8","115","960","2","298","4","34","21"
"R42307","長与町","40780","19196","21584","40574","19115","21459","5932","3027","2905","23607","11256","12351","11105","4838","6267","254","416","1487","1664","101","48","1","175","5","147","2369","3","77","1046","1","830","3","37","18"
"R42308","時津町","29339","14116","15223","29127","13988","15139","4532","2471","2061","16883","8197","8686","7859","3396","4463","221","301","1137","1354","108","43","3","254","4","116","1669","3","94","1394","1","611","3","30","12"
"R42321","東彼杵町","7721","3686","4035","7665","3660","4005","853","438","415","3855","1947","1908","2991","1288","1703","29","144","264","257","18","7","0","0","3","41","373","2","24","195","0","0","1","6","4"
"R42322","川棚町","13377","6300","7077","13255","6257","6998","1723","892","831","7195","3497","3698","4411","1885","2526","80","205","389","479","32","17","0","0","3","55","653","1","24","328","1","260","1","10","5"
"R42323","波佐見町","14291","6753","7538","14236","6733","7503","1968","1030","938","7676","3738","3938","4598","1957","2641","86","205","472","424","41","18","0","0","3","54","773","1","28","392","1","236","1","10","7"
"R42383","小値賀町","2288","1054","1234","2282","1052","1230","196","89","107","930","462","468","1162","503","659","10","64","80","95","1","1","0","0","2","16","75","1","14","40","1","20","0","2","1"
"R42391","佐々町","13912","6591","7321","13854","6567","7287","2321","1212","1109","7650","3687","3963","3922","1679","2243","146","160","552","599","70","19","0","0","2","55","939","1","29","460","1","443","0","13","8"
"R42411","新上五島町","17503","8234","9269","17458","8207","9251","1573","814","759","8449","4273","4176","7478","3146","4332","46","376","466","647","30","22","2","55","9","95","548","4","54","328","2","271","1","20","10"
"R43100","熊本市","738865","349115","389750","718502","338800","379702","99199","50625","48574","429187","207631","221556","191066","80083","110983","5345","8178","36609","35208","2992","1153","37","3975","93","2583","40582","53","1534","21353","27","25641","75","654","403"
"R43202","八代市","123067","57298","65769","120072","56474","63598","14679","7487","7192","65046","31566","33480","42131","17647","24484","697","2003","2552","3152","361","197","8","176","24","444","5959","16","314","3132","8","3327","7","113","62"
"R43203","人吉市","31108","14363","16745","30761","14199","16562","3709","1893","1816","15261","7436","7825","11649","4748","6901","155","559","1035","1166","70","45","3","79","6","131","1473","3","71","808","2","1183","7","38","24"
"R43204","荒尾市","50832","23900","26932","50418","23703","26715","6383","3280","3103","26066","12844","13222","18248","7707","10541","283","807","1256","1330","140","77","8","331","10","201","2561","3","96","1272","2","722","3","45","21"
"R43205","水俣市","23557","10913","12644","23485","10889","12596","2673","1408","1265","11219","5527","5692","9624","3946","5678","78","416","457","634","42","27","2","41","8","100","1000","5","68","527","1","426","5","23","9"
"R43206","玉名市","64292","30410","33882","63190","29776","33414","7960","4128","3832","34050","16728","17322","21983","9413","12570","345","993","1410","1773","193","81","4","311","15","251","3257","7","150","1748","5","2540","2","55","31"
"R43208","山鹿市","49025","23000","26025","48591","22874","25717","5867","3011","2856","24416","12036","12380","18601","7875","10726","250","796","1138","1229","133","77","2","57","8","194","2411","5","110","1250","4","1735","5","42","21"
"R43210","菊池市","46416","22076","24340","45671","21824","23847","6100","3117","2983","24328","12015","12313","15807","6853","8954","260","740","1447","1455","153","87","3","184","10","203","2398","5","116","1263","3","870","4","38","18"
"R43211","宇土市","36122","17272","18850","35681","17052","18629","4863","2480","2383","20084","9929","10155","10885","4687","6198","238","507","1153","1194","119","80","2","107","7","156","1962","4","100","1200","1","642","0","21","13"
"R43212","上天草市","24563","11502","13061","24422","11452","12970","2541","1276","1265","11653","5775","5878","10321","4431","5890","102","517","458","748","36","34","0","0","11","134","957","5","74","519","1","145","1","21","8"
"R43213","宇城市","57032","26991","30041","56446","26739","29707","7189","3695","3494","29603","14528","15075","19919","8567","11352","358","906","1538","1729","177","86","1","65","12","237","2897","5","136","1540","2","702","6","44","28"
"R43214","阿蘇市","24930","11763","13167","24495","11631","12864","2778","1426","1352","12035","6050","5985","10051","4250","5801","105","464","654","778","70","29","2","83","5","106","1137","3","66","570","1","314","3","19","9"
"R43215","天草市","75783","35420","40363","75328","35225","40103","8436","4364","4072","35883","17789","18094","31011","13064","17947","351","1565","1477","1923","146","84","6","80","17","296","3160","13","217","1816","5","1640","11","72","36"
"R43216","合志市","61772","29702","32070","61404","29522","31882","11505","5903","5602","35085","17206","17879","14960","6511","8449","538","652","2489","2122","190","107","2","268","8","307","5098","4","168","2384","0","0","4","41","23"
"R43348","美里町","9392","4361","5031","9329","4336","4993","778","382","396","4198","2119","2079","4416","1860","2556","29","232","145","206","18","9","1","29","3","33","273","2","29","170","0","0","2","6","4"
"R43364","玉東町","5045","2399","2646","5019","2382","2637","704","366","338","2508","1255","1253","1833","778","1055","26","83","113","103","12","4","0","0","2","26","321","1","18","158","0","0","0","2","2"
"R43367","南関町","8979","4282","4697","8831","4185","4646","951","476","475","4484","2261","2223","3529","1537","1992","46","163","153","228","16","15","1","48","4","53","372","1","18","179","0","0","0","5","5"
"R43368","長洲町","15372","7668","7704","14777","7190","7587","1843","951","892","8024","4218","3806","5492","2487","3005","85","226","337","468","27","20","0","0","4","61","778","1","30","344","0","0","1","7","6"
"R43369","和水町","9342","4397","4945","9303","4374","4929","950","489","461","4410","2237","2173","3961","1653","2308","45","187","206","200","20","15","0","0","2","32","420","2","31","195","0","0","1","4","4"
"R43403","大津町","35187","17449","17738","34522","17135","17387","5980","3118","2862","21234","10843","10391","7632","3264","4368","305","327","1863","1717","168","63","1","26","7","168","2447","2","91","1273","2","1632","1","23","12"
"R43404","菊陽町","43337","21220","22117","42337","20777","21560","7429","3759","3670","26215","13189","13026","9043","3979","5064","394","278","2217","2346","190","67","1","257","6","207","2999","2","97","1463","0","0","4","35","24"
"R43423","南小国町","3750","1781","1969","3679","1745","1934","431","214","217","1806","919","887","1511","647","864","22","74","156","179","9","4","0","0","3","28","163","1","14","78","0","0","0","2","1"
"R43424","小国町","6590","3135","3455","6549","3132","3417","699","364","335","3106","1595","1511","2775","1169","1606","24","131","202","237","10","3","1","31","1","24","266","1","17","126","1","143","1","3","3"
"R43425","産山村","1382","714","668","1355","695","660","145","77","68","645","357","288","592","280","312","9","18","42","54","6","1","0","0","0","0","0","0","0","0","0","0","0","2","0"
"R43428","高森町","5789","2788","3001","5727","2768","2959","628","335","293","2633","1350","1283","2503","1091","1412","20","113","201","223","9","11","1","41","1","18","213","1","22","150","1","164","0","4","2"
"R43432","西原村","6426","3109","3317","6339","3085","3254","900","471","429","3496","1717","1779","2026","917","1109","30","101","337","201","26","8","0","0","2","37","396","1","19","207","0","0","0","4","2"
"R43433","南阿蘇村","9836","4796","5040","9682","4702","4980","1005","543","462","4551","2331","2220","4201","1872","2329","62","180","333","318","25","21","0","0","3","50","410","1","22","233","0","0","1","8","3"
"R43441","御船町","16303","7762","8541","16226","7730","8496","2239","1138","1101","8275","4036","4239","5663","2518","3145","141","221","687","539","52","23","1","63","6","94","1031","1","37","487","1","494","0","13","6"
"R43442","嘉島町","9547","4584","4963","9443","4511","4932","1707","839","868","5299","2662","2637","2531","1074","1457","99","137","452","351","39","26","0","0","2","54","837","1","27","335","0","0","2","12","6"
"R43443","益城町","32510","15602","16908","32304","15513","16791","5144","2635","2509","17502","8526","8976","9742","4368","5374","273","420","1318","1189","116","68","1","95","5","156","2283","2","76","1095","0","0","2","22","7"
"R43444","甲佐町","10132","4813","5319","10065","4765","5300","1277","652","625","4863","2452","2411","3987","1705","2282","51","180","244","271","16","20","0","0","4","57","530","1","25","294","1","88","2","5","3"
"R43447","山都町","13503","6439","7064","13399","6389","7010","1241","625","616","5455","2824","2631","6771","2977","3794","45","324","223","333","26","12","1","0","5","61","473","3","48","272","1","127","4","12","5"
"R43468","氷川町","11094","5083","6011","10924","5068","5856","1206","619","587","5321","2562","2759","4298","1780","2518","52","218","227","278","13","16","3","70","3","51","456","2","35","275","0","0","1","8","4"
"R43482","芦北町","15681","7370","8311","15650","7362","8288","1619","835","784","7030","3537","3493","7025","2994","4031","56","385","266","402","19","15","0","0","5","65","595","3","52","365","1","193","3","16","6"
"R43484","津奈木町","4254","1993","2261","4247","1990","2257","460","231","229","1984","992","992","1790","759","1031","13","96","81","103","7","2","0","0","1","16","183","1","16","89","0","0","0","3","1"
"R43501","錦町","10288","4891","5397","10233","4861","5372","1529","778","751","5330","2647","2683","3420","1459","1961","67","133","251","343","29","17","0","0","3","55","601","1","31","316","1","311","0","10","3"
"R43505","多良木町","9076","4263","4813","8994","4231","4763","1026","514","512","4130","2081","2049","3879","1642","2237","32","180","168","269","28","11","0","0","6","48","368","1","22","248","0","0","1","9","4"
"R43506","湯前町","3627","1700","1927","3622","1698","1924","391","203","188","1635","835","800","1601","662","939","16","101","87","110","5","5","0","0","1","14","151","1","14","99","0","0","0","3","2"
"R43507","水上村","2033","938","1095","2026","937","1089","264","141","123","867","443","424","902","354","548","11","50","36","49","3","1","0","0","0","0","0","0","0","0","0","0","0","4","1"
"R43510","相良村","4070","1929","2141","4055","1919","2136","437","223","214","1879","959","920","1754","747","1007","15","63","85","107","10","5","0","0","2","19","177","1","13","107","0","0","0","3","0"
"R43511","五木村","931","447","484","928","447","481","72","34","38","409","221","188","446","191","255","2","23","23","29","2","0","0","0","1","8","23","1","11","14","1","14","0","1","0"
"R43512","山江村","3238","1498","1740","3233","1497","1736","513","258","255","1520","725","795","1168","497","671","13","48","81","105","2","9","0","0","2","21","214","1","17","104","0","0","0","0","0"
"R43513","球磨村","2433","1174","1259","2432","1174","1258","245","128","117","1094","560","534","1087","483","604","7","79","44","131","0","4","0","0","0","0","0","0","0","0","0","0","0","1","0"
"R43514","あさぎり町","14676","6783","7893","14463","6761","7702","1936","967","969","7082","3419","3663","5633","2379","3254","83","259","297","376","41","19","2","29","5","75","730","1","33","443","1","344","1","11","5"
"R43531","苓北町","7114","3388","3726","7046","3381","3665","735","381","354","3297","1717","1580","3071","1282","1789","11","132","129","179","6","5","0","0","4","42","269","1","16","162","0","0","3","6","2"
"R44201","大分市","475614","228421","247193","465298","223082","242216","62944","32030","30914","271307","133532","137775","129289","55740","73549","3249","5419","12312","12493","1921","815","34","3095","56","1510","24982","33","952","13283","20","14157","41","392","224"
"R44202","別府市","115321","52398","62923","109278","49613","59665","11840","6066","5774","59108","28125","30983","39018","15498","23520","579","1846","3939","3791","366","192","20","698","15","344","4882","8","193","2628","4","2542","20","114","55"
"R44203","中津市","82863","40307","42556","79812","38562","41250","10962","5575","5387","45200","23334","21866","24828","10352","14476","485","1138","2672","2857","294","141","13","414","21","329","4463","10","199","2269","5","2506","10","69","38"
"R44204","日田市","62657","29676","32981","62106","29463","32643","7768","3984","3784","32326","16177","16149","22379","9428","12951","318","1047","1392","1595","143","86","7","242","18","259","2950","12","185","1673","5","2211","14","50","32"
"R44205","佐伯市","66851","30885","35966","66163","30522","35641","6959","3521","3438","31984","15764","16220","27348","11242","16106","232","1285","1187","1536","146","91","7","219","21","267","2665","15","187","1507","3","1464","7","55","30"
"R44206","臼杵市","36158","17093","19065","35810","16847","18963","3741","1957","1784","17485","8807","8678","14828","6262","8566","151","679","699","947","95","34","2","105","13","180","1435","5","87","830","2","632","4","31","16"
"R44207","津久見市","16100","7499","8601","16057","7482","8575","1420","710","710","7430","3711","3719","7238","3071","4167","38","341","290","422","25","15","4","66","9","57","499","5","31","323","1","346","1","16","10"
"R44208","竹田市","20332","9506","10826","20081","9449","10632","1810","942","868","8675","4379","4296","9808","4158","5650","56","460","458","555","42","17","3","60","11","115","696","4","60","380","3","560","2","25","6"
"R44209","豊後高田市","22112","10498","11614","21455","10319","11136","2432","1295","1137","11010","5517","5493","8551","3595","4956","105","394","582","649","50","31","3","103","11","131","1023","6","81","475","1","379","2","15","11"
"R44210","杵築市","27999","13437","14562","27502","13198","14304","2943","1517","1426","13487","6867","6620","10378","4425","5953","110","508","695","879","73","29","7","53","10","116","1139","3","61","663","1","585","2","24","7"
"R44211","宇佐市","52771","24882","27889","51881","24520","27361","6164","3121","3043","26878","13409","13469","19292","8129","11163","231","959","1265","1412","144","74","3","224","27","290","2444","7","123","1350","4","1481","7","42","25"
"R44212","豊後大野市","33695","15699","17996","33413","15607","17806","3364","1721","1643","15270","7582","7688","14895","6299","8596","118","721","710","861","66","34","2","7","11","155","1278","7","104","730","1","368","3","30","15"
"R44213","由布市","32772","15599","17173","32254","15385","16869","4161","2171","1990","17206","8551","8655","11195","4758","6437","209","486","1456","1374","105","51","8","134","10","171","1758","3","70","839","1","264","4","26","11"
"R44214","国東市","26232","12504","13728","25802","12353","13449","2325","1186","1139","12383","6356","6027","11309","4855","6454","73","574","683","890","49","25","6","13","7","86","730","3","50","437","1","450","3","21","12"
"R44322","姫島村","1725","804","921","1722","802","920","133","76","57","650","330","320","942","398","544","5","42","26","34","4","0","1","14","1","10","54","1","12","25","0","0","0","1","0"
"R44341","日出町","27723","13230","14493","27417","13066","14351","3803","1954","1849","15187","7470","7717","8510","3668","4842","213","403","937","986","100","34","5","118","5","101","1503","2","54","766","1","337","3","16","10"
"R44461","九重町","8541","4036","4505","8452","3996","4456","897","459","438","3782","1938","1844","3857","1635","2222","25","180","189","253","14","8","0","0","6","68","364","1","20","206","0","0","0","7","4"
"R44462","玖珠町","14386","6940","7446","14232","6890","7342","1606","818","788","7159","3730","3429","5527","2328","3199","62","274","446","541","52","18","2","38","8","69","591","1","29","332","1","333","3","13","8"
"R45201","宮崎市","401339","189342","211997","387494","181783","205711","53799","27377","26422","224620","107985","116635","110618","47051","63567","2746","4853","11378","12244","1514","701","30","1614","48","1409","22111","34","912","12159","17","13699","31","396","222"
"R45202","都城市","160640","75308","85332","158140","74381","83759","22179","11329","10850","86299","42006","44293","50665","21257","29408","1126","2397","6858","4829","608","272","14","913","38","671","9321","20","411","4823","8","4170","23","124","63"
"R45203","延岡市","118394","56100","62294","116548","55028","61520","14483","7459","7024","61670","30813","30857","40712","16875","23837","690","2058","2655","3250","438","206","7","408","27","466","5799","17","321","3132","7","3596","14","88","52"
"R45204","日南市","50848","23930","26918","50413","23648","26765","5974","3051","2923","25172","12546","12626","19600","8256","11344","207","931","1160","1330","104","80","2","29","15","214","2240","10","149","1294","3","1296","6","43","19"
"R45205","小林市","43670","20327","23343","43060","20157","22903","5409","2786","2623","21866","10601","11265","16228","6840","9388","232","748","1042","1443","113","60","6","149","12","189","2082","9","134","1120","3","1262","9","27","14"
"R45206","日向市","59629","28372","31257","58997","28116","30881","8052","4113","3939","31701","15743","15958","19265","8203","11062","378","933","1535","1900","204","114","7","369","15","252","3074","8","152","1650","3","1402","4","45","23"
"R45207","串間市","16822","7876","8946","16649","7801","8848","1934","982","952","7565","3774","3791","7193","3037","4156","66","391","356","562","30","28","0","0","11","107","793","1","32","410","1","191","2","17","3"
"R45208","西都市","28610","13423","15187","28251","13283","14968","3287","1685","1602","14167","6962","7205","10826","4622","6204","126","526","719","811","71","42","2","118","8","125","1337","6","93","747","1","599","5","24","13"
"R45209","えびの市","17638","8339","9299","17490","8311","9179","1924","959","965","8188","4117","4071","7471","3229","4242","63","404","477","665","34","23","1","12","5","76","746","4","62","433","2","320","2","20","8"
"R45341","三股町","25591","11932","13659","25388","11846","13542","4410","2281","2129","13875","6541","7334","7248","3070","4178","165","334","833","929","85","53","2","148","6","135","1893","1","56","981","1","811","0","15","8"
"R45361","高原町","8639","4127","4512","8571","4084","4487","932","490","442","4050","2018","2032","3609","1584","2025","31","187","170","258","9","8","1","43","4","50","406","2","25","201","0","0","1","7","3"
"R45382","国富町","18398","8609","9789","18268","8538","9730","2106","1040","1066","9411","4617","4794","6854","2935","3919","89","330","554","492","42","28","1","0","4","78","868","3","49","429","1","286","2","14","4"
"R45383","綾町","6934","3267","3667","6917","3260","3657","974","502","472","3406","1652","1754","2554","1113","1441","29","114","200","232","18","11","1","52","1","28","347","1","20","220","0","0","0","4","2"
"R45401","高鍋町","19922","9497","10425","19829","9450","10379","2614","1336","1278","10717","5338","5379","6500","2752","3748","100","315","777","843","68","38","3","82","2","61","991","2","47","578","2","758","2","21","12"
"R45402","新富町","16564","8096","8468","16406","8028","8378","2212","1150","1062","9093","4626","4467","5255","2317","2938","86","262","713","804","80","28","1","55","3","67","906","3","50","480","0","0","0","13","4"
"R45403","西米良村","1000","492","508","999","491","508","136","82","54","427","231","196","437","179","258","2","29","28","52","3","0","0","0","1","11","57","1","9","25","0","0","0","3","1"
"R45404","木城町","4895","2250","2645","4889","2247","2642","761","361","400","2312","1115","1197","1822","774","1048","26","92","104","147","12","14","0","0","0","0","0","0","0","0","0","0","0","6","2"
"R45405","川南町","15194","7147","8047","14948","7111","7837","1946","1007","939","7807","3769","4038","5428","2361","3067","65","256","324","455","32","25","2","42","5","82","727","2","40","419","0","0","2","7","3"
"R45406","都農町","9906","4677","5229","9844","4652","5192","1246","611","635","4816","2416","2400","3838","1646","2192","65","156","262","296","18","13","1","59","4","62","536","1","23","250","0","0","1","6","4"
"R45421","門川町","17379","8276","9103","17276","8228","9048","2367","1212","1155","9045","4515","4530","5946","2534","3412","105","276","464","526","60","31","1","0","3","63","930","1","37","494","1","301","3","6","7"
"R45429","諸塚村","1486","725","761","1484","724","760","150","88","62","657","335","322","678","302","376","6","36","40","63","3","0","1","32","2","16","58","1","11","26","0","0","0","3","1"
"R45430","椎葉村","2503","1268","1235","2499","1268","1231","298","160","138","1063","593","470","1142","515","627","9","54","75","123","8","2","0","0","5","34","113","1","12","48","0","0","1","2","1"
"R45431","美郷町","4826","2337","2489","4814","2336","2478","422","228","194","1915","1009","906","2489","1100","1389","15","150","144","184","7","6","3","40","0","0","0","0","0","0","0","0","1","7","3"
"R45441","高千穂町","11642","5604","6038","11602","5586","6016","1326","695","631","5286","2701","2585","5017","2198","2819","51","227","299","376","22","9","1","21","5","58","489","2","31","258","1","263","1","5","5"
"R45442","日之影町","3635","1745","1890","3632","1744","1888","378","173","205","1600","851","749","1657","721","936","13","74","85","81","5","2","0","0","3","26","121","1","11","81","0","0","1","2","1"
"R45443","五ヶ瀬町","3472","1697","1775","3463","1693","1770","454","238","216","1527","790","737","1491","669","822","11","79","142","164","4","2","0","0","4","31","120","1","11","68","0","0","1","1","1"
"R46201","鹿児島市","593128","276130","316998","563096","260548","302548","75680","39072","36608","321038","149460","171578","158804","67201","91603","4085","7175","17611","18491","2194","940","37","3636","82","2166","32810","45","1363","18018","23","17469","73","538","362"
"R46203","鹿屋市","101096","48390","52706","99258","47493","51765","15134","7726","7408","54584","26817","27767","29928","12960","16968","788","1535","3783","4150","384","181","5","445","23","473","6137","12","273","3125","6","3094","10","71","43"
"R46204","枕崎市","20033","9178","10855","19631","9127","10504","2031","1050","981","9758","4662","5096","8192","3436","4756","61","395","420","557","36","24","2","52","4","71","811","4","60","407","2","435","7","13","9"
"R46206","阿久根市","19270","9064","10206","19140","9025","10115","1967","1030","937","9177","4600","4577","8050","3393","4657","87","420","411","509","46","30","0","0","9","97","781","3","53","408","1","218","2","15","7"
"R46208","出水市","51994","24237","27757","50854","23923","26931","6822","3517","3305","27139","12985","14154","17372","7393","9979","300","805","1403","1535","148","86","8","130","14","237","2760","7","140","1429","5","1860","3","41","23"
"R46210","指宿市","39011","18107","20904","38589","17996","20593","4554","2371","2183","18928","9007","9921","15411","6656","8755","188","659","928","1169","77","45","4","92","9","160","1766","5","91","945","3","767","7","35","19"
"R46213","西之表市","14708","7049","7659","14630","7023","7607","1820","937","883","7284","3734","3550","5598","2372","3226","76","263","788","826","37","24","2","53","11","109","710","1","32","355","1","243","1","5","5"
"R46214","垂水市","13819","6397","7422","13552","6361","7191","1270","651","619","6482","3120","3362","5898","2530","3368","37","280","306","407","25","14","2","20","8","73","469","1","23","270","1","76","1","8","6"
"R46215","薩摩川内市","92403","44570","47833","91176","44010","47166","12750","6516","6234","49189","24862","24327","29697","12741","16956","655","1444","2871","3097","338","149","10","225","23","403","4712","11","238","2559","4","2194","9","96","36"
"R46216","日置市","47153","22167","24986","46801","21981","24820","6134","3201","2933","24323","11755","12568","16626","7170","9456","261","743","1584","1678","118","62","2","188","14","207","2259","6","124","1298","4","2155","8","41","20"
"R46217","曽於市","33310","15556","17754","32919","15473","17446","3654","1868","1786","15819","7754","8065","13797","5906","7891","159","697","688","937","75","37","1","36","17","183","1464","3","66","794","1","365","5","23","11"
"R46218","霧島市","123135","58976","64159","120880","57986","62894","17537","8931","8606","69521","34205","35316","33905","14780","19125","849","1620","4767","4953","484","215","6","513","35","601","7148","14","347","3750","6","2343","14","96","60"
"R46219","いちき串木野市","27490","12742","14748","27268","12659","14609","3165","1610","1555","14107","6744","7363","10172","4362","5810","95","446","719","802","61","43","2","30","9","118","1232","6","103","879","3","1706","5","26","14"
"R46220","南さつま市","32887","15107","17780","32645","15047","17598","3656","1898","1758","15698","7414","8284","13016","5569","7447","156","730","1007","1098","84","34","1","84","7","116","1146","3","59","570","3","1694","6","34","13"
"R46221","志布志市","29329","13998","15331","28832","13794","15038","4016","2053","1963","14579","7175","7404","10513","4629","5884","159","522","731","992","58","46","0","0","16","209","1611","5","87","815","2","995","1","24","12"
"R46222","奄美市","41390","19778","21612","41234","19707","21527","5685","2917","2768","22168","11147","11021","13441","5657","7784","242","661","1894","2229","130","104","6","433","21","241","2229","12","163","1133","3","1171","6","33","15"
"R46223","南九州市","33080","15447","17633","32705","15308","17397","3684","1867","1817","16138","7931","8207","13247","5640","7607","130","670","676","886","57","28","2","0","16","190","1457","3","65","767","3","551","4","28","16"
"R46224","伊佐市","24453","11327","13126","24304","11281","13023","2754","1427","1327","11490","5651","5839","10166","4223","5943","104","548","501","715","63","29","1","5","14","168","1043","3","66","532","3","303","5","21","8"
"R46225","姶良市","76348","35748","40600","75733","35439","40294","10978","5609","5369","40949","19520","21429","23946","10315","13631","578","1054","3204","2824","281","137","6","370","17","357","4804","5","189","2461","4","2350","9","65","34"
"R46303","三島村","405","191","214","402","189","213","95","45","50","203","104","99","107","42","65","3","5","53","69","1","2","0","0","0","0","0","0","0","0","0","0","0","4","0"
"R46304","十島村","740","412","328","731","404","327","143","77","66","393","232","161","204","103","101","4","12","116","110","2","1","0","0","0","0","0","0","0","0","0","0","0","7","0"
"R46392","さつま町","20243","9439","10804","19827","9325","10502","2199","1137","1062","9553","4758","4795","8447","3512","4935","63","374","431","618","31","26","1","26","6","98","802","1","42","488","1","207","3","19","8"
"R46404","長島町","9705","4706","4999","9627","4676","4951","1384","725","659","4768","2451","2317","3545","1525","2020","69","192","160","266","26","6","2","25","7","77","541","5","57","255","0","0","0","9","1"
"R46452","湧水町","9119","4403","4716","9031","4386","4645","890","470","420","4201","2225","1976","4026","1706","2320","39","195","302","319","25","8","1","6","5","62","328","2","30","197","0","0","1","8","3"
"R46468","大崎町","12385","5868","6517","12082","5817","6265","1417","741","676","6082","2976","3106","4869","2139","2730","53","235","276","376","18","18","0","0","6","79","571","1","29","311","0","0","0","7","5"
"R46482","東串良町","6237","2946","3291","6110","2922","3188","878","479","399","3066","1494","1572","2287","970","1317","34","142","207","203","10","8","1","4","2","32","362","1","21","185","0","0","0","8","1"
"R46490","錦江町","6944","3259","3685","6875","3246","3629","699","330","369","3011","1520","1491","3233","1408","1825","24","187","180","278","12","13","1","9","6","51","221","2","25","163","0","0","1","10","4"
"R46491","南大隅町","6481","3078","3403","6458","3073","3385","583","294","289","2701","1419","1282","3197","1365","1832","19","164","130","223","10","7","0","0","2","24","190","2","27","151","1","81","0","8","2"
"R46492","肝付町","14227","6982","7245","14159","6948","7211","1654","916","738","6687","3476","3211","5886","2590","3296","66","311","445","535","25","26","2","0","5","66","617","5","75","498","1","145","2","9","6"
"R46501","中種子町","7539","3549","3990","7519","3545","3974","951","468","483","3618","1853","1765","2967","1226","1741","27","140","278","362","17","12","1","90","7","60","351","1","18","182","1","199","0","5","3"
"R46502","南種子町","5445","2726","2719","5432","2720","2712","725","380","345","2751","1497","1254","1963","843","1120","19","100","336","332","12","13","0","0","8","66","332","1","18","136","0","0","1","3","1"
"R46505","屋久島町","11858","5800","6058","11754","5770","5984","1607","804","803","5926","3026","2900","4315","1963","2352","40","213","570","654","37","21","1","11","9","100","678","4","47","291","1","189","1","11","3"
"R46523","大和村","1364","673","691","1363","672","691","141","84","57","636","338","298","586","250","336","7","36","75","81","2","2","0","0","5","24","63","1","11","26","0","0","0","3","0"
"R46524","宇検村","1621","792","829","1617","788","829","203","101","102","718","370","348","700","321","379","7","38","97","86","4","2","0","0","4","28","98","4","26","38","0","0","0","3","0"
"R46525","瀬戸内町","8546","4215","4331","8510","4191","4319","1043","526","517","4227","2287","1940","3251","1387","1864","59","184","429","505","32","14","2","130","12","59","384","10","49","193","1","89","1","10","4"
"R46527","龍郷町","5817","2812","3005","5798","2800","2998","918","484","434","2990","1471","1519","1906","854","1052","44","105","399","304","23","9","0","0","7","70","396","3","29","181","0","0","0","8","2"
"R46529","喜界町","6629","3255","3374","6590","3250","3340","824","411","413","3118","1656","1462","2663","1178","1485","32","151","253","253","16","11","2","61","2","31","306","1","19","162","1","132","1","3","3"
"R46530","徳之島町","10147","4967","5180","10105","4961","5144","1533","795","738","5246","2662","2584","3368","1510","1858","87","192","445","592","42","20","5","115","8","86","611","6","48","276","1","261","2","4","2"
"R46531","天城町","5517","2788","2729","5487","2787","2700","769","409","360","2701","1461","1240","2047","918","1129","41","115","215","221","14","14","2","18","6","55","319","3","30","150","1","241","0","3","2"
"R46532","伊仙町","6139","3074","3065","6115","3067","3048","985","491","494","2831","1516","1315","2323","1067","1256","37","146","244","245","18","11","7","27","8","76","382","3","33","224","0","0","0","3","2"
"R46533","和泊町","6246","3081","3165","6138","3047","3091","904","468","436","3075","1609","1466","2267","1004","1263","22","115","251","368","11","12","1","12","4","49","362","2","28","173","0","0","0","4","2"
"R46534","知名町","5750","2862","2888","5683","2857","2826","798","390","408","2745","1430","1315","2163","1024","1139","34","122","298","318","13","8","0","0","5","51","328","2","24","143","1","241","1","4","4"
"R46535","与論町","5115","2460","2655","5103","2457","2646","747","366","381","2576","1317","1259","1792","777","1015","28","76","252","218","14","8","0","0","3","39","322","1","20","162","1","126","1","3","2"
"R47201","那覇市","317625","154042","163583","304596","147035","157561","46166","23507","22659","189536","94267","95269","72287","30775","41512","2202","3443","13068","14809","1300","640","6","452","36","1081","18041","20","711","9967","12","11043","15","263","171"
"R47205","宜野湾市","100125","48826","51299","94625","45803","48822","16651","8398","8253","60492","29913","30579","18925","8259","10666","969","827","4643","4871","503","222","12","644","10","421","6962","5","219","3248","4","2559","3","50","44"
"R47207","石垣市","47637","24001","23636","46604","23409","23195","8162","4158","4004","28172","14429","13743","10482","4863","5619","415","534","2983","3401","237","122","11","111","20","308","3324","9","161","1637","3","1459","3","30","19"
"R47208","浦添市","115690","55977","59713","113147","54713","58434","19722","10035","9687","71286","35105","36181","23180","10209","12971","994","1002","4719","4955","533","261","1","77","11","465","7424","6","288","4336","6","4446","7","85","57"
"R47209","名護市","63554","31606","31948","61504","30516","30988","10536","5398","5138","37252","18741","18511","13901","6430","7471","586","621","3111","2936","285","145","14","314","14","346","4367","10","226","2282","4","1918","6","45","24"
"R47210","糸満市","61007","30707","30300","59864","30031","29833","10960","5559","5401","36069","18523","17546","13522","6394","7128","569","656","2608","2942","214","136","2","155","11","301","4496","7","193","2132","2","1701","2","30","21"
"R47211","沖縄市","142752","69489","73263","136475","65838","70637","23829","12183","11646","85673","42248","43425","28854","12633","16221","1306","1348","5437","5978","693","342","19","854","16","577","9372","9","326","4831","6","4193","7","82","58"
"R47212","豊見城市","64612","31465","33147","63684","31035","32649","12526","6347","6179","38759","19216","19543","12729","5657","7072","663","535","2903","3211","305","123","1","66","8","310","5203","4","178","2402","3","1840","4","42","23"
"R47213","うるま市","125303","63049","62254","123914","62084","61830","21184","10930","10254","75679","38886","36793","28050","12985","15065","1115","1350","4707","4186","512","265","4","144","19","564","8942","12","319","4337","6","3683","3","55","36"
"R47214","宮古島市","52931","26481","26450","51750","26000","25750","8402","4350","4052","29513","15249","14264","14079","6410","7669","382","746","3261","3151","230","131","11","225","16","296","3395","11","202","1635","3","1367","4","40","24"
"R47215","南城市","44043","22164","21879","43646","21932","21714","7734","3974","3760","24757","12721","12036","11409","5383","6026","409","523","2332","1785","156","73","1","6","9","237","3480","6","164","1641","0","0","1","16","11"
"R47301","国頭村","4517","2317","2200","4485","2297","2188","587","301","286","2380","1253","1127","1550","763","787","24","80","208","201","10","5","0","0","5","46","224","1","16","118","0","0","0","3","2"
"R47302","大宜味村","3092","1640","1452","3068","1628","1440","351","173","178","1594","866","728","1146","600","546","11","53","105","138","6","2","0","0","1","13","134","1","15","69","1","113","0","4","1"
"R47303","東村","1598","884","714","1587","875","712","198","109","89","813","466","347","587","309","278","11","35","72","85","2","2","2","16","3","23","99","1","9","28","0","0","0","1","1"
"R47306","今帰仁村","8894","4466","4428","8848","4441","4407","1335","665","670","4538","2332","2206","3019","1469","1550","56","147","332","348","20","15","0","0","3","50","572","1","24","299","1","289","1","2","2"
"R47308","本部町","12530","6337","6193","12348","6245","6103","1796","906","890","6547","3353","3194","4107","2035","2072","78","188","568","564","39","26","4","100","5","64","786","4","46","396","1","132","1","4","4"
"R47311","恩納村","10869","5497","5372","10121","5096","5025","1585","765","820","6663","3475","3188","2621","1257","1364","64","146","711","764","36","17","4","39","4","67","658","1","25","315","0","0","0","3","1"
"R47313","宜野座村","5833","2907","2926","5789","2873","2916","1157","569","588","3179","1653","1526","1491","681","810","72","82","410","256","32","17","3","71","3","48","504","1","24","265","1","215","1","2","2"
"R47314","金武町","10806","5371","5435","10701","5309","5392","1874","946","928","5920","3109","2811","3006","1311","1695","100","159","500","435","68","26","1","0","3","63","800","1","35","413","0","0","1","7","3"
"R47315","伊江村","4118","2074","2044","4092","2066","2026","623","328","295","2071","1094","977","1424","652","772","32","68","162","147","9","5","2","81","2","26","245","1","15","131","0","0","0","2","1"
"R47324","読谷村","41206","20242","20964","40338","19757","20581","7073","3585","3488","24950","12364","12586","9050","4225","4825","340","403","1736","1547","172","90","7","450","5","168","2973","2","104","1516","1","949","0","21","11"
"R47325","嘉手納町","13521","6561","6960","13354","6465","6889","2307","1168","1139","7862","3929","3933","3273","1414","1859","105","190","500","551","57","34","3","292","2","57","960","1","33","417","1","448","1","4","5"
"R47326","北谷町","28201","13483","14718","26731","12762","13969","4780","2434","2346","16975","8186","8789","5765","2572","3193","235","249","1536","1487","176","68","4","224","4","127","2095","2","70","1031","1","748","2","14","16"
"R47327","北中城村","17969","8667","9302","17453","8331","9122","2973","1474","1499","10528","5156","5372","4294","1925","2369","161","176","903","848","71","34","1","57","3","84","1334","1","41","541","1","821","3","7","7"
"R47328","中城村","22157","11036","11121","21274","10551","10723","3865","1966","1899","13021","6590","6431","4113","1868","2245","228","186","1205","1228","75","35","1","137","3","92","1524","1","36","542","0","0","2","10","7"
"R47329","西原町","34984","17647","17337","34058","17033","17025","5637","2892","2745","21351","10956","10395","7514","3518","3996","263","260","1788","1751","100","66","3","159","5","164","2895","3","104","1556","1","944","2","22","9"
"R47348","与那原町","19695","9554","10141","19282","9367","9915","3750","1945","1805","11665","5699","5966","3902","1759","2143","226","180","1050","1088","96","50","3","193","2","90","1424","1","60","685","1","953","1","8","6"
"R47350","南風原町","40440","19825","20615","39978","19574","20404","8161","4162","3999","24111","11898","12213","7862","3628","4234","467","291","2197","1812","194","91","5","590","4","191","3362","3","114","1724","2","1488","4","29","16"
"R47353","渡嘉敷村","718","387","331","712","383","329","138","74","64","434","235","199","146","78","68","1","11","73","88","2","4","1","18","2","16","51","1","9","22","0","0","0","1","1"
"R47354","座間味村","892","486","406","877","476","401","160","94","66","545","292","253","187","100","87","8","9","87","93","6","2","3","32","3","19","45","3","17","31","0","0","0","2","0"
"R47355","粟国村","683","384","299","681","384","297","82","38","44","346","205","141","248","138","110","4","15","47","56","2","0","1","15","1","10","30","1","9","13","0","0","0","2","1"
"R47356","渡名喜村","346","206","140","344","205","139","29","20","9","174","111","63","143","75","68","0","10","23","25","2","0","1","3","1","6","10","1","6","3","0","0","0","1","1"
"R47357","南大東村","1285","744","541","1254","732","522","202","98","104","767","468","299","316","178","138","13","16","77","83","7","6","1","34","1","11","69","1","9","45","0","0","0","1","1"
"R47358","北大東村","590","367","223","585","364","221","98","58","40","365","230","135","127","79","48","5","1","44","61","4","0","1","14","1","10","36","1","9","11","0","0","0","1","1"
"R47359","伊平屋村","1126","607","519","1118","606","512","195","94","101","598","334","264","333","179","154","8","20","81","81","8","1","1","9","2","13","62","2","17","38","0","0","0","1","1"
"R47360","伊是名村","1322","718","604","1299","705","594","207","102","105","707","414","293","408","202","206","2","25","44","70","6","2","1","22","1","14","83","1","12","47","0","0","0","2","1"
"R47361","久米島町","7192","3823","3369","7152","3802","3350","1075","568","507","3965","2172","1793","2145","1079","1066","60","116","351","444","19","20","2","60","6","71","394","2","26","230","1","161","1","3","2"
"R47362","八重瀬町","30941","15244","15697","30805","15148","15657","5977","3047","2930","17990","9003","8987","6925","3173","3752","310","326","1597","1248","97","71","0","0","4","171","2830","2","86","1263","3","1289","1","14","8"
"R47375","多良間村","1058","575","483","1047","574","473","150","80","70","585","328","257","323","167","156","2","17","52","72","1","3","1","17","1","11","57","1","11","35","0","0","0","1","0"
"R47381","竹富町","3942","2033","1909","3898","2013","1885","707","362","345","2308","1194","1114","905","463","442","42","45","580","638","26","12","3","31","10","75","270","9","63","147","0","0","0","15","2"
"R47382","与那国町","1676","923","753","1661","913","748","302","148","154","1014","598","416","360","177","183","11","21","232","240","5","6","3","32","3","25","106","2","15","58","0","0","0","3","0"
