geo_code,turkey_citizens_per1000,serbia_citizens_per1000,north_macedonia_citizens_per1000,sri_lanka_citizens_per1000
0001,2.506265664160401,0.0,0.0,0.0
0002,4.502406458624438,17.388604253997826,10.94550535631113,3.6485017854370443
0003,1.9257703081232493,0.7002801120448179,1.9257703081232493,0.7002801120448179
0004,3.2903062515818777,1.771703366236396,2.0248038471273095,2.5310048089091373
0005,6.746626686656672,5.247376311844078,4.997501249375313,0.0
0006,3.61794500723589,0.0,0.0,0.0
0007,1.2165450121654502,2.83860502838605,0.8110300081103001,3.6496350364963503
0008,5.908419497784343,1.4771048744460857,0.0,1.4771048744460857
0009,1.3881658858233559,4.511539128925906,2.429290300190873,0.6940829429116779
0010,3.6906559302130515,11.742996141586982,7.7168260359000165,2.0130850528434827
0011,2.0181634712411705,2.0181634712411705,6.390850992263707,0.0
0012,5.084745762711864,0.0,0.847457627118644,0.0
0013,4.348938347403428,3.837298541826554,1.0232796111537479,0.25581990278843697
0014,0.37474236462432076,0.7494847292486415,3.1853100993067267,1.3115982761851228
0022,0.0,0.0,1.1325028312570782,2.2650056625141564
0023,0.0,6.791171477079796,0.0,0.0
0024,1.876172607879925,0.0,0.0,0.0
0025,0.5192107995846313,1.557632398753894,0.5192107995846313,2.0768431983385254
0026,0.0,0.0,1.3736263736263736,0.0
0027,5.977130977130978,2.858627858627859,12.993762993762994,1.2993762993762994
0028,0.6693440428380187,2.677376171352075,5.35475234270415,0.0
0029,3.947368421052632,3.289473684210526,3.289473684210526,0.0
0031,4.268032437046522,1.2804097311139564,1.2804097311139564,0.0
0033,6.255585344057194,6.255585344057194,2.680965147453083,0.8936550491510277
0034,2.735229759299781,0.5470459518599562,1.6411378555798686,0.0
0035,5.025125628140704,0.5025125628140704,1.0050251256281408,2.0100502512562817
0037,8.174386920980925,0.0,7.084468664850136,2.7247956403269753
0038,4.5420136260408785,8.327024981074944,3.785011355034065,0.0
0039,0.9960159362549801,1.9920318725099602,5.9760956175298805,0.9960159362549801
0040,0.0,1.8115942028985508,3.6231884057971016,0.0
0041,2.1834061135371177,2.1834061135371177,13.100436681222707,0.0
0043,0.0,0.0,0.0,0.0
0291,1.6299918500407498,2.988318391741375,2.988318391741375,0.54333061668025
0292,0.33932813030200204,0.33932813030200204,1.0179843909060062,0.0
0051,10.032664489034065,13.065795613625758,11.432571161922539,2.099860009332711
0052,11.218600113811886,9.755304446792945,8.129420372327454,3.4143565563775304
0053,13.954627060551656,13.056960992329037,12.077688917904357,3.7130732821935695
0054,6.851874922137785,12.457954403886882,9.094306714837424,5.481499937710228
0055,7.130434782608695,3.3043478260869565,3.130434782608696,4.521739130434782
0056,17.091541135573582,12.746234067207416,9.173426033217458,5.793742757821553
0057,5.059021922428331,3.372681281618887,2.951096121416526,4.63743676222597
0058,11.585141596175065,4.413387274733358,4.965060684075028,4.781169547627805
0059,0.9925558312655087,1.488833746898263,7.444168734491315,4.4665012406947895
0060,12.626262626262626,23.56902356902357,22.16610549943883,5.050505050505051
0061,3.656307129798903,1.8281535648994516,0.0,1.8281535648994516
0062,13.341307448129918,19.137875511800157,10.397018907852969,7.912775451994295
0063,5.985915492957746,4.225352112676056,2.8169014084507045,0.35211267605633806
0064,7.676560900716479,4.435346298191743,9.723643807574206,2.3882633913340157
0065,3.5398230088495577,0.0,1.7699115044247788,0.0
0066,20.831400204138443,19.857103089913707,14.5680616126937,6.912870000927902
0067,5.0325015726567415,0.8387502621094569,10.065003145313483,0.8387502621094569
0068,6.648936170212766,7.978723404255319,6.648936170212766,8.311170212765957
0069,11.25809175344779,10.413734871939205,7.4866310160427805,1.5761328454826906
0070,8.417508417508417,0.0,0.0,0.0
0071,1.9083969465648853,0.6361323155216285,0.0,6.997455470737914
0072,4.128981517892253,2.162799842705466,2.162799842705466,1.1797090051120724
0081,4.424778761061947,0.0,0.0,0.0
0082,2.807017543859649,2.807017543859649,0.7017543859649122,0.0
0083,12.925969447708578,8.519388954171562,12.191539365452408,4.406580493537016
0084,23.510971786833856,12.091356918943125,12.763098969995522,5.150022391401702
0085,26.79528403001072,7.502679528403001,15.541264737406216,4.82315112540193
0086,9.962825278810408,14.572490706319703,26.765799256505577,3.5687732342007434
0087,1.0449320794148382,0.0,8.359456635318706,2.0898641588296765
0088,3.3052884615384617,1.8028846153846154,2.403846153846154,2.1033653846153846
0089,9.442527692028328,12.166333757036499,14.526965680043581,3.9949155620119847
0090,12.541459369817579,9.535655058043117,13.370646766169154,3.4203980099502487
0091,12.242460435951031,2.9859659599880564,3.5831591519856674,7.166318303971335
0092,11.966031909418424,17.37004632012352,21.487390633041688,8.106021616057642
0093,4.199475065616798,5.774278215223097,2.099737532808399,7.349081364829396
0094,10.259917920656635,2.3939808481532148,4.7879616963064295,0.0
0095,2.092050209205021,2.092050209205021,0.0,0.0
0096,14.939355093186077,18.390691253328075,25.096144364461097,3.7964697761561976
0097,8.734683974281207,16.013587286182215,21.83670993570302,2.062355938371952
0098,0.0,0.0,1.152073732718894,0.0
0099,6.373937677053824,0.708215297450425,3.5410764872521248,0.0
0100,4.480651731160896,0.4073319755600815,5.295315682281059,1.2219959266802445
0101,3.4983853606027986,7.265877287405813,13.72443487621098,2.1528525296017222
0102,17.428167687235046,8.007536504945831,6.5944418276024495,4.239284032030146
0111,1.3597513597513597,1.3597513597513597,2.5252525252525255,0.0
0112,5.743375538441456,1.1747813601357526,1.0442500978984468,1.435843884610364
0113,5.591451292246521,2.485089463220676,10.064612326043738,4.348906560636183
0114,1.1252813203300824,0.37509377344336087,3.750937734433608,1.1252813203300824
0115,2.7345591702027345,2.5459688826025464,4.997642621404998,1.0372465818010372
0116,1.8013381369016985,2.8306742151312405,2.573340195573855,2.3160061760164696
0117,5.350723183680294,5.4343282334252985,7.190034278070395,2.257336343115124
0118,11.178783439981498,6.938555238609205,11.949734022049187,3.5463726775113718
0119,7.534246575342466,1.36986301369863,8.21917808219178,0.0
0120,10.546139359698682,6.214689265536723,10.357815442561206,2.542372881355932
0121,13.789524409682322,7.265448344886385,13.641249953664232,2.3353226822849096
0131,6.23334841401498,5.17770069873825,6.6354999245965915,5.0771628210928474
0135,3.1635558367605188,1.8981335020563113,1.4763260571549088,0.7381630285774544
0136,8.268482490272374,4.985408560311284,9.48443579766537,2.9182879377431905
0137,6.120178041543026,2.040059347181009,0.0,1.112759643916914
0138,5.4945054945054945,2.2951731812491305,2.782028098483795,2.016970371400751
0139,2.9659694036840465,1.4049328754292851,0.6244146113019045,0.1561036528254761
0141,6.7520120996056825,2.7008048398422733,1.7285150974990549,0.7562253551558364
0293,7.391845627139745,5.174291938997822,4.39620292561469,2.684407096171802
0295,11.079881054218095,5.01038738848833,2.1996822681168275,1.0591062772414355
0151,3.8147138964577656,0.9082652134423251,1.2715712988192551,1.4532243415077202
0152,1.6224188790560472,1.9174041297935103,2.359882005899705,1.4749262536873156
0153,3.160418482999128,4.686137750653879,8.391455972101133,3.269398430688753
0154,1.8459915611814346,1.0548523206751055,2.505274261603376,0.19778481012658228
0155,4.164187983343248,2.2945525622503613,3.7392708421857734,1.6146851363984023
0156,2.289870689655172,1.8857758620689655,3.1654094827586206,0.8755387931034483
0157,6.601941747572815,12.815533980582524,23.106796116504853,6.019417475728155
0158,2.9699049630411825,2.573917634635692,4.553854276663147,1.7819429778247096
0159,3.9021461803992192,1.2006603631997599,4.952723998199009,1.05057781779979
0160,6.6041014946124434,1.0427528675703859,4.344803614876607,2.0855057351407718
0161,1.9876325088339222,2.134864546525324,0.14723203769140164,0.5153121319199058
0172,7.554845270957431,3.0509952055789626,14.52854859799506,2.1792822896992594
0173,3.526448362720403,1.7632241813602014,0.2518891687657431,0.0
0176,4.258218361437574,8.346107988417646,21.12076307273037,4.769204564810083
0177,10.27450980392157,6.03921568627451,11.843137254901961,1.8039215686274508
0178,3.452740612861459,4.100129477772983,7.9844626672421235,1.0789814415192058
0180,2.574370709382151,1.7162471395881005,3.7185354691075516,1.7162471395881005
0181,0.473260766682442,1.893043066729768,7.09891150023663,0.473260766682442
0182,1.9743336623889436,0.0,0.0,0.9871668311944718
0296,10.306375309754449,9.067357512953366,27.37102951115116,5.068709168731696
0297,4.890453834115807,2.9342723004694835,22.300469483568076,2.7386541471048513
0191,8.90362592490252,8.842221608179054,7.70624174879494,2.732492094194222
0192,5.899035734543392,2.495745887691435,6.466250709018719,1.0209869540555871
0193,5.707170281207844,4.565736224966275,5.188336619279859,2.801701774411124
0194,5.718502121379819,7.009776793949456,5.534034311012728,1.4757424829367274
0195,4.410143329658214,2.113193678794561,2.4807056229327453,1.470047776552738
0196,5.56844547563805,3.480278422273782,8.352668213457077,4.176334106728539
0197,10.666666666666666,5.904761904761905,7.428571428571429,4.761904761904763
0198,6.618712906490168,5.360610453190383,8.533216639772448,2.5982550665973796
0199,11.634935025687518,8.91508008461771,16.923541855545484,2.6191195728820387
0200,11.456825856246985,12.542209358417752,18.692715870718768,3.859141341051616
0211,0.0,1.2919896640826873,0.0,0.0
0213,0.0,0.0,4.450378282153983,0.8900756564307966
0214,3.4512510785159622,0.0,0.8628127696289906,0.8628127696289906
0215,1.1918951132300357,0.0,0.0,0.0
0216,1.1554015020219526,0.5777007510109763,7.510109763142692,0.0
0218,12.6953125,3.90625,3.90625,0.0
0219,7.439712673165726,4.617752693689072,10.774756285274501,2.308876346844536
0220,5.136986301369863,0.8561643835616438,10.273972602739725,0.0
0221,1.2395413696932136,2.1691973969631237,1.2395413696932136,0.9296560272699101
0223,4.509973980919341,2.2549869904596704,5.377276669557675,0.17346053772766695
0224,21.204819277108435,7.46987951807229,19.75903614457831,2.6506024096385543
0225,3.8596491228070176,1.7543859649122808,4.2105263157894735,4.56140350877193
0226,1.2738853503184713,0.0,6.369426751592357,0.0
0227,6.633291614518147,2.2528160200250316,12.265331664580726,2.2528160200250316
0228,10.377358490566037,7.547169811320755,19.81132075471698,4.905660377358491
0230,18.101614939855118,9.237721805010965,17.063201967169537,2.533727653352828
0231,10.42737553238361,7.783815538258187,12.189748861800558,0.8811866647084741
0294,6.570048309178744,9.082125603864734,20.67632850241546,1.1594202898550725
0298,4.707266843189172,0.7355104442483084,5.29567519858782,1.4710208884966167
0241,0.0,0.6027727546714888,0.0,0.0
0242,4.878048780487805,3.929539295392954,5.826558265582656,2.032520325203252
0243,26.54179183601343,18.201095599929314,26.859869234847146,7.563173705601696
0244,14.118975903614459,14.871987951807228,14.118975903614459,4.329819277108434
0245,14.752675730402082,13.450969048307782,9.690483077813132,2.7480474399768586
0246,5.829770695685969,9.327633113097551,10.104935872522347,1.554605518849592
0247,12.309352165170909,16.674022853219558,19.71457996174783,8.484135157667598
0248,1.403755044744692,0.8773469029654326,0.1754693805930865,0.0
0249,10.126582278481013,8.05523590333717,5.523590333716916,3.452243958573072
0250,9.140245644101686,13.519946681900409,8.854612967723506,2.7611158716557176
0251,11.942051683633517,8.02662490211433,31.910728269381362,2.153484729835552
0261,7.89827534469054,5.790846888450606,2.819830901773218,3.158852001255294
0431,1.6492578339747115,1.0995052226498077,0.0,0.0
0432,0.0,0.0,0.0,0.0
0433,1.5151515151515151,0.0,0.0,0.0
0434,2.7643400138217,4.8375950241879755,0.0,0.0
0435,0.0,0.0,0.0,0.0
0437,0.0,0.0,0.0,0.0
0438,0.0,0.0,0.0,0.0
0441,1.0449320794148382,0.0,0.0,0.0
0442,0.0,0.0,0.0,0.0
0443,6.374348078037474,2.3179447556499904,2.897430944562488,0.0
0444,0.5238344683080147,2.095337873232059,0.0,0.0
0445,0.0,0.0,0.0,0.0
0446,3.5963613285381846,0.8462026655383964,2.1155066638459914,0.0
0448,4.329004329004329,0.0,0.0,0.0
0449,1.2062726176115801,0.0,16.887816646562122,0.0
0450,2.0242914979757085,0.0,6.578947368421052,0.0
0681,0.0,0.0,0.0,0.0
0683,0.0,0.0,0.0,0.0
0687,0.0,0.0,0.0,0.0
0690,0.0,0.7293946024799417,0.0,0.0
0691,0.0,0.0,0.0,0.0
0692,0.0,0.0,0.0,0.0
0694,0.0,0.0,0.0,0.0
0696,0.0,0.0,0.0,0.0
0700,8.682469680264608,4.134509371554576,4.8235942668136715,0.41345093715545755
0701,0.0,2.0833333333333335,4.166666666666667,2.0833333333333335
0703,7.980845969672785,2.793296089385475,1.1971268954509178,1.9952114924181963
0704,0.0,0.0,0.0,0.0
0706,6.211180124223602,0.0,0.0,3.105590062111801
0707,0.0,0.0,0.0,0.0
0708,0.0,0.0,0.0,0.0
0709,0.0,0.0,0.0,0.0
0711,0.0,0.0,0.0,0.0
0713,10.841654778887305,1.1412268188302426,11.697574893009985,1.4265335235378032
0715,0.0,0.0,0.0,0.0
0716,33.057851239669425,0.0,0.0,0.0
0717,0.754906894816306,2.264720684448918,1.2581781580271767,1.7614494212380474
0723,2.103049421661409,0.2628811777076761,0.2628811777076761,1.3144058885383807
0724,0.0,0.0,0.0,0.0
0726,0.46360686138154844,0.46360686138154844,0.0,0.0
0371,13.955286839145106,6.924915635545556,11.600112485939256,3.5503374578177724
0372,0.0,0.0,1.1290929619872037,0.0
0387,20.179372197309416,13.280441531562609,22.42152466367713,10.693342531907554
0390,7.570543702684102,6.194081211286993,11.011699931176874,0.0
0392,10.161042944785276,6.7101226993865035,19.171779141104295,5.943251533742331
0731,1.6174686615446825,6.06550748079256,35.17994338859685,6.874241811564901
0732,0.5552470849528041,1.1104941699056081,0.0,0.0
0733,7.096774193548388,4.731182795698925,12.688172043010752,7.741935483870968
0739,1.2923235978288963,3.1015766347893514,1.809253036960455,1.5507883173946757
0740,0.0,0.0,0.0,0.0
0742,0.0,1.1350737797956867,0.0,0.0
0743,16.021551113001557,8.365234651921169,4.111725506876506,4.111725506876506
0744,8.894159501927067,3.5576638007708272,15.713015120071155,2.0753038837829827
0745,3.329918032786885,2.0491803278688527,3.329918032786885,0.7684426229508197
0746,2.430724355858046,0.9722897423432182,1.9445794846864364,0.0
0747,9.345794392523365,0.0,0.0,0.0
0748,2.898550724637681,0.0,0.0,0.0
0750,1.4306151645207439,0.7153075822603719,1.4306151645207439,0.0
0756,0.8517887563884157,0.8517887563884157,0.0,0.0
0301,6.0606060606060606,2.8138528138528143,10.173160173160172,4.545454545454545
0302,0.0,0.0,10.036496350364963,2.737226277372263
0303,0.32573289902280134,0.32573289902280134,0.6514657980456027,2.6058631921824107
0304,0.447427293064877,0.0,4.47427293064877,0.447427293064877
0305,0.0,1.4194464158978,0.0,0.0
0306,10.991665660103877,4.771107621693441,20.775455972943593,4.831501389056649
0309,0.0,0.0,0.7782101167315175,0.0
0310,1.4787430683918668,0.3696857670979667,1.1090573012939,5.175600739371534
0311,0.2642706131078224,0.2642706131078224,0.0,1.0570824524312896
0312,0.3091190108191654,0.9273570324574962,3.0911901081916535,1.8547140649149925
0381,5.73394495412844,0.573394495412844,0.0,5.160550458715597
0382,0.0,1.0917030567685588,0.0,1.0917030567685588
0383,4.20388859695218,3.152916447714136,19.180241723594325,7.619548081975828
0385,1.9011406844106464,0.0,0.0,0.0
0386,8.860759493670887,3.1645569620253164,1.2658227848101267,1.8987341772151898
0388,0.7347538574577516,2.9390154298310063,0.7347538574577516,0.0
0389,0.0,0.0,0.0,0.0
0391,0.0,0.0,0.0,0.0
0393,0.0,0.0,0.0,3.4482758620689653
0394,0.0,0.0,0.0,0.0
0491,0.0,3.1201248049921997,24.960998439937597,0.0
0492,4.30416068866571,0.7173601147776184,4.30416068866571,0.0
0493,0.0,0.0,10.526315789473683,0.0
0494,0.0,0.0,1.1778563015312131,1.1778563015312131
0495,1.968503937007874,1.968503937007874,0.0,4.921259842519685
0496,0.2647603918453799,0.7942811755361397,12.973259200423616,1.5885623510722795
0497,0.0,0.0,0.0,0.0
0498,2.4213075060532687,3.6319612590799033,40.55690072639225,1.2106537530266344
0499,0.0,0.0,0.0,0.0
0500,0.0,0.0,2.336448598130841,0.0
0501,0.0,0.0,2.012072434607646,10.060362173038229
0502,0.0,0.0,0.0,0.0
0734,0.0,0.0,0.0,0.0
0735,0.0,0.0,0.0,0.0
0736,0.0,0.0,0.0,0.0
0737,0.0,0.0,0.0,0.0
0738,1.5151515151515151,0.0,0.0,0.0
0741,0.0,0.0,0.0,0.0
0749,13.005371783997738,8.199038733389878,37.602487984167375,8.481764206955047
0751,1.297016861219196,0.648508430609598,1.297016861219196,0.0
0754,0.9569377990430622,0.0,0.0,0.0
0755,3.4416826003824093,4.2065009560229445,7.265774378585086,1.9120458891013383
0321,6.233118637024725,14.959484728859339,8.310824849366298,2.2854768335757325
0322,0.0,0.0,0.0,0.0
0323,0.0,0.0,1.4749262536873156,0.0
0324,1.2836970474967906,2.567394094993581,0.0,0.0
0325,0.0,0.0,0.0,0.0
0326,0.0,0.0,0.0,0.0
0329,15.054829316647048,8.673564215352208,14.49724304566012,9.664828697106747
0331,2.8787333573227776,7.556675062972292,13.314141777617849,6.477150053976251
0332,0.3003003003003003,0.3003003003003003,0.0,0.9009009009009009
0333,4.61133069828722,8.563899868247693,4.61133069828722,5.928853754940711
0335,0.0,0.0,0.0,0.0
0336,0.0,0.0,0.0,0.0
0337,3.835740072202166,2.707581227436823,7.671480144404332,4.512635379061372
0338,1.2507817385866167,0.6253908692933083,0.0,6.253908692933083
0339,0.0,0.0,5.333333333333333,2.6666666666666665
0340,1.7182130584192439,0.0,0.0,0.0
0341,0.0,0.0,0.0,0.0
0342,9.47867298578199,6.9696124895455815,11.708948982436576,13.102871480345692
0344,0.0,0.0,0.0,1.1074197120708749
0345,10.582010582010582,8.23045267489712,9.994121105232217,1.763668430335097
0953,1.4958863126402393,0.7479431563201197,0.7479431563201197,1.4958863126402393
0954,3.505355404089581,3.505355404089581,6.2317429406037,8.568646543330088
0959,0.0,0.0,0.0,0.0
0960,0.0,0.0,0.0,0.0
0971,1.9404915912031049,1.29366106080207,3.2341526520051747,1.29366106080207
0972,0.0,0.0,0.0,0.0
0973,1.445086705202312,1.445086705202312,2.890173410404624,0.0
0975,4.424778761061947,0.0,0.0,0.0
0976,2.967359050445104,0.0,0.0,0.0
0977,5.742411812961444,0.0,0.8203445447087777,4.1017227235438884
0979,14.796054385497202,4.265529192215409,23.860303918954948,6.9314849373500405
0980,1.4792899408284024,0.0,0.0,0.0
0981,14.396256973186972,14.396256973186972,16.735648731329853,0.3599064243296743
0982,5.546311702717693,4.437049362174155,3.327787021630616,0.0
0983,7.672634271099745,6.649616368286445,6.138107416879795,2.557544757033248
0985,0.0,0.0,0.0,0.0
0987,0.0,0.0,0.0,0.0
0988,0.6253908692933083,0.0,2.5015634771732334,0.6253908692933083
0989,0.8382229673093042,3.352891869237217,2.5146689019279127,0.0
0990,0.0,0.0,0.0,0.0
0991,0.0,0.0,0.0,0.0
0992,4.794520547945206,8.904109589041095,3.4246575342465753,0.684931506849315
0995,7.535795026375283,14.318010550113037,8.289374529012811,3.7678975131876413
0401,3.5087719298245617,3.5087719298245617,0.0,6.140350877192983
0402,0.0,0.0,0.0,0.0
0404,8.558871154291001,6.187832523710386,14.86236409900532,6.766134628730049
0405,0.0,0.4921259842519685,0.4921259842519685,2.952755905511811
0406,11.46384479717813,0.8818342151675485,2.9394473838918285,7.054673721340388
0407,0.6138735420503376,0.6138735420503376,0.0,0.0
0408,0.0,0.0,4.694835680751174,0.0
0409,1.0737294201861132,11.095204008589835,2.5053686471009304,5.72655690765927
0410,19.76284584980237,0.0,7.905138339920948,0.0
0411,0.0,5.617977528089887,14.9812734082397,0.0
0412,10.300574130361364,4.559270516717325,17.73049645390071,4.052684903748734
0413,3.9456378781236303,2.1920210434020166,3.068829460762823,4.822446295484436
0414,0.8399832003359933,0.0,0.41999160016799664,1.6799664006719865
0415,3.369272237196766,5.3908355795148255,6.064690026954178,11.455525606469003
0418,8.695652173913043,11.37123745819398,14.381270903010034,14.046822742474918
0420,20.080321285140563,10.843373493975903,24.899598393574298,24.096385542168676
0421,0.0,0.0,0.0,0.0
0422,0.0,0.0,0.0,0.0
0423,0.0,0.0,0.0,0.0
0424,0.0,0.0,0.47687172150691465,3.3381020505484025
0533,0.0,1.1851851851851851,3.851851851851852,5.037037037037037
0552,1.5663459386887446,6.041620049228015,3.356455582904453,1.790109644215708
0554,0.9689922480620154,0.9689922480620154,0.0,10.65891472868217
0556,0.0,3.0959752321981426,0.0,9.287925696594426
0901,0.0,0.0,0.0,0.0
0902,5.326927094213495,0.8355964069354501,2.193440568205557,5.535826195947357
0903,1.1061946902654867,0.3687315634218289,2.5811209439528024,2.2123893805309733
0904,0.0,0.0,0.0,0.0
0905,0.41841004184100417,0.41841004184100417,1.6736401673640167,0.0
0906,0.0,4.329004329004329,0.0,0.0
0907,2.223869532987398,1.111934766493699,0.0,1.111934766493699
0908,0.0,0.7830853563038371,0.0,0.7830853563038371
0909,0.0,0.6622516556291391,0.0,33.11258278145696
0951,0.0,0.0,0.0,1.6515276630883566
0952,0.0,0.0,0.0,0.0
0955,5.489478499542543,0.9149130832570906,0.4574565416285453,6.861848124428179
0956,2.7314112291350527,0.9104704097116845,0.9104704097116845,3.0349013657056148
0957,7.487041658667691,0.1919754271453254,4.60741025148781,10.366673065847571
0958,0.0,0.0,0.0,1.0917030567685588
0307,2.307692307692308,0.0,0.0,3.4615384615384617
0351,8.855393311351861,3.942171817819486,8.058262980542773,4.855248378564441
0352,7.373705679322247,0.6275494195167869,1.4119861939127707,4.549733291496706
0353,0.6781193490054249,1.5822784810126582,0.2260397830018083,1.3562386980108498
0354,3.8910505836575875,0.598623166716552,0.0,0.8979347500748278
0355,8.504183138733106,2.6891606141399285,6.573503723453158,9.03282155005976
0356,7.365810968494749,1.823220536756126,1.3127187864644108,1.750291715285881
0357,0.0,0.0,0.0,0.0
0358,21.57210401891253,0.5910165484633569,9.75177304964539,10.638297872340425
0359,0.8358408559010365,0.5015045135406219,4.012036108324975,3.343363423604146
0360,10.556932026284606,0.6463427771194658,5.063018420769148,1.7235807389852418
0361,20.96454145457683,6.729358985419722,14.494003968596324,6.556811319126909
0362,22.605231248917374,9.527108955482419,8.920838385588082,12.645071886367575
0363,15.769944341372913,7.0391793080868705,10.204081632653061,15.006002400960384
0403,0.0,0.0,0.8936550491510277,0.0
0535,0.0,0.0,0.0,0.0
0538,2.728264823572208,0.18188432157148055,1.6369588941433248,4.910876682429974
0540,2.0435967302452314,2.7247956403269753,6.8119891008174385,3.576294277929155
0541,0.0,0.0,0.0,0.0
0543,0.0,0.0,0.0,1.669449081803005
0544,23.82671480144404,7.701564380264741,13.477737665463298,15.643802647412757
0546,13.462976813762154,4.674644727000748,17.857142857142858,7.853403141361256
0551,19.251336898395724,7.18105423987777,12.834224598930481,6.875477463712758
0553,0.0,0.0,0.0,0.0
0557,0.0,0.0,0.0,0.0
0602,0.0,0.0,0.0,0.0
0603,0.5387931034482758,0.0,0.0,5.387931034482759
0605,0.0,0.0,0.0,0.7733952049497294
0606,0.0,0.0,0.0,0.0
0607,0.0,0.0,0.0,2.207505518763797
0608,0.4912797838368951,2.4563989191844757,0.9825595676737902,0.24563989191844754
0609,0.0,0.0,0.0,0.0
0610,0.0,0.0,0.0,0.0
0611,0.0,0.0,8.080808080808081,0.0
0612,0.9115770282588879,1.6408386508659982,5.104831358249773,7.657247037374658
0613,0.0,0.0,0.0,0.0
0614,0.0,0.0,0.0,0.0
0615,0.0,0.0,0.0,0.0
0616,1.8392213962755766,2.3756609701892866,12.568012874549774,4.368150816154495
0617,0.0,0.0,0.0,0.0
0619,2.4174053182917006,2.1488047273704,6.177813591189901,1.3430029546065003
0620,0.0,0.0,0.0,0.0
0622,0.0,0.0,0.0,3.0303030303030303
0623,2.4187975120939877,2.4187975120939877,0.691085003455425,7.601935038009675
0626,0.5467468562055768,0.0,0.5467468562055768,0.0
0627,10.435532557136696,7.503234152652005,3.5360068995256575,6.727037516170763
0628,4.796163069544364,0.5995203836930455,0.0,2.398081534772182
0629,0.0,0.0,0.0,0.0
0630,0.0,3.7593984962406015,0.0,1.8796992481203008
0632,2.4630541871921183,1.3434841021047916,0.6717420510523958,0.8956560680698612
0662,2.3942537909018355,0.0,3.9904229848363926,2.3942537909018355
0663,14.285714285714285,4.081632653061225,2.7210884353741496,2.0408163265306123
0665,0.0,0.0,0.0,0.0
0666,0.0,0.0,0.0,0.0
0667,4.870624048706241,1.82648401826484,11.872146118721462,3.3485540334855406
0668,12.592831772683242,1.2915724895059735,1.2915724895059735,0.32289312237649337
0669,5.1020408163265305,0.0,3.401360544217687,5.1020408163265305
0670,4.188481675392671,2.0942408376963355,10.99476439790576,8.202443280977313
0671,0.0,0.0,0.0,2.631578947368421
0852,0.0,0.0,0.0,0.0
0853,0.0,0.0,0.0,0.0
0855,0.14716703458425312,0.44150110375275936,0.14716703458425312,3.679175864606328
0861,11.09404335210787,2.474825055470217,8.619218296637651,7.595152756443079
0866,0.0,6.917755572636433,0.0,3.074558032282859
0868,0.0,0.0,3.278688524590164,0.0
0869,0.0,0.0,0.9082652134423251,0.0
0870,18.201284796573873,13.918629550321198,4.282655246252677,6.423982869379015
0872,2.1586616297895307,1.0793308148947653,0.5396654074473827,0.5396654074473827
0877,1.9193857965451055,0.0,0.0,0.0
0879,13.819095477386936,0.314070351758794,0.0,6.28140703517588
0880,0.0,0.0,0.0,2.865329512893983
0884,3.3821871476888385,2.254791431792559,2.6305900037579857,6.38857572341225
0888,0.0,0.8347245409015025,0.0,5.0083472454090145
0889,1.941747572815534,0.0,0.0,4.368932038834951
0767,0.0,2.1536252692031588,1.4357501794687726,0.0
0770,0.0,0.0,0.0,0.0
0863,0.9354536950420954,0.0,0.0,2.806361085126286
0867,0.0,0.0,0.0,0.0
0883,0.4570383912248629,0.0,0.9140767824497258,1.8281535648994516
0885,0.0,0.0,0.9191176470588235,4.595588235294118
0886,0.30959752321981426,0.0,0.30959752321981426,0.30959752321981426
0921,0.0,0.0,0.0,0.0
0922,0.0,0.0,1.529051987767584,0.0
0923,0.0,0.0,0.0,0.0
0924,0.0,0.0,0.0,0.0
0925,0.0,0.0,0.0,0.0
0927,0.0,5.547850208044383,0.0,0.0
0928,5.085464048594434,1.5538917926260771,3.6728351462070914,1.5538917926260771
0929,0.4884004884004884,0.4884004884004884,0.0,0.0
0931,0.0,0.0,0.0,0.0
0932,0.0,0.0,0.0,0.0
0934,0.7927070947284979,2.378121284185493,2.7744748315497425,1.1890606420927465
0935,0.0,0.0,0.0,0.0
0936,0.0,0.0,0.0,0.0
0938,0.20529665366454525,0.4105933073290905,0.0,0.0
0939,3.6185996019540436,1.0855798805862131,5.246969422833364,1.6283698208793198
0940,0.0,0.0,0.0,0.0
0941,0.0,0.3938558487593541,1.1815675462780622,0.7877116975187082
0942,3.6260623229461757,3.2407932011331444,8.045325779036826,4.4645892351274785
0943,0.0,0.0,0.0,0.0
0944,0.8241305422778968,2.8020438437448494,1.6482610845557937,1.318608867644635
0945,0.0,0.0,0.0,0.9328358208955224
0946,0.0,0.0,0.0,0.0
0948,0.0,0.0,0.0,0.0
0791,0.0,0.0,3.1446540880503147,0.0
0792,0.0,0.4306632213608958,0.0,0.0
0793,0.0,0.0,0.0,0.0
0794,0.32690421706440015,1.9614253023864008,4.576659038901602,0.0
0841,0.9727626459143969,2.9182879377431905,0.0,0.0
0842,0.0,0.0,0.0,0.0
0843,1.1554015020219526,6.932409012131715,0.5777007510109763,0.0
0561,0.0,0.0,1.1695906432748537,0.0
0562,0.0,1.2903225806451613,0.0,0.0
0563,0.4225352112676057,0.4225352112676057,1.9718309859154928,1.4084507042253522
0564,0.0,0.0,0.0,0.0
0565,0.7698229407236336,1.539645881447267,0.0,0.0
0566,0.0,0.0,0.0,0.0
0567,0.0,0.5274261603375527,0.0,0.0
0761,0.0,0.0,1.152073732718894,0.0
0762,0.0,1.736111111111111,0.0,0.0
0763,0.0,0.0,0.0,1.1554015020219526
0766,0.0,0.0,0.0,0.0
0768,2.4733922950082445,2.698246140008994,1.9487333233398292,3.597661520011992
0769,0.3656307129798903,0.7312614259597806,0.0,1.0968921389396709
0571,8.950366151342555,0.0,0.8136696501220504,1.6273393002441008
0572,0.0,1.7946877243359654,0.0,1.0768126346015794
0573,2.14987714987715,1.8427518427518428,2.14987714987715,1.8427518427518428
0574,0.0,0.0,0.0,0.0
0575,0.0,0.0,2.403846153846154,0.0
0576,0.5089058524173028,0.0,0.0,0.5089058524173028
0577,0.0,0.0,0.0,0.0
0578,0.0,0.0,0.0,0.0
0579,0.0,0.0,0.0,0.0
0580,0.0,0.0,0.0,0.0
0581,2.6130981544994283,4.082965866405357,1.9598236158745712,5.552833578311286
0582,0.0,0.0,0.0,0.0
0584,1.287001287001287,0.858000858000858,0.0,0.429000429000429
0585,0.0,1.6597510373443982,0.0,0.0
0586,0.0,0.0,0.0,0.0
0587,4.284694120447512,0.47607712449416806,0.23803856224708403,3.3325398714591765
0588,0.0,0.0,2.73224043715847,0.0
0589,2.079002079002079,0.0,0.0,0.0
0590,1.5065913370998116,0.3766478342749529,1.5065913370998116,0.7532956685499058
0591,0.0,0.0,0.0,0.0
0592,0.0,0.0,0.0,0.0
0593,0.5255781359495445,3.1534688156972672,2.452697967764541,2.2775052557813598
0594,2.5289017341040463,0.361271676300578,0.0,5.780346820809248
0782,0.0,0.0,0.0,0.0
0783,0.0,0.0,0.0,0.0
0784,0.0,0.0,0.0,0.0
0785,1.6618196925633568,2.077274615704196,0.0,2.4927295388450355
0786,0.0,0.0,0.0,0.0
1061,8.581302038639052,8.824825474870702,4.070320291300415,7.015794234292739
1051,3.7386505251913835,0.5340929321701976,0.5340929321701976,1.424247819120527
1052,6.17011899515205,13.368591156162772,7.49228735125606,2.0567063317173497
1053,3.5608308605341246,11.869436201780417,7.71513353115727,2.967359050445104
1054,13.051122531782527,14.200703272923993,7.438463619150663,2.704895861509332
1055,5.9405940594059405,10.561056105610561,4.62046204620462,3.9603960396039604
1056,7.383100902378999,0.8203445447087777,1.6406890894175554,0.0
1057,6.90846286701209,5.181347150259067,5.181347150259067,0.0
1058,4.235948662831131,3.7301637478662197,4.4888411203135865,1.833470316747803
1059,7.764596107704612,9.164222873900293,5.43188483071181,3.93228472407358
1062,3.940010167768175,4.194204372140315,14.87036095577021,4.448398576512456
1063,3.0788967286722255,0.8980115458627325,0.0,0.7697241821680564
1064,0.6269592476489029,0.6269592476489029,1.8808777429467085,0.0
1065,9.069920844327177,14.017150395778364,15.50131926121372,4.617414248021109
1066,0.0,0.0,0.0,0.0
1067,0.8080808080808081,0.8080808080808081,1.2121212121212122,0.40404040404040403
1068,0.6775067750677507,0.6775067750677507,0.0,0.0
1069,1.4871468026343744,1.4871468026343744,0.21244954323348203,0.42489908646696406
1021,1.3764624913971093,3.4411562284927735,1.3764624913971093,0.0
1023,1.4084507042253522,0.0,1.056338028169014,2.8169014084507045
1024,7.0817621631564425,21.705141175388576,20.81608878261136,3.6481805082927132
1025,0.0,0.9578544061302682,9.578544061302681,0.9578544061302682
1026,0.2646202699126753,5.292405398253506,2.9108229690394287,0.5292405398253506
1030,3.4505422280644105,3.121919158724942,9.03713440683536,4.436411436082813
1031,4.768054037945763,11.026124962749577,3.476706069335452,3.2780371510877124
1032,0.0,0.4061738424045491,0.8123476848090982,0.0
1033,1.7099863201094392,4.7879616963064295,2.0519835841313268,4.1039671682626535
1037,0.0,1.508750754375377,3.017501508750754,0.30175015087507545
1039,0.5592841163310962,0.0,0.5592841163310962,2.237136465324385
1040,1.3989571410403154,8.012209080503624,2.543558438255119,1.7804909067785832
1041,0.0,1.8709073900841908,0.0,0.9354536950420954
1081,2.6354319180087846,2.1961932650073206,3.074670571010249,1.0248901903367498
1082,6.502890173410405,16.61849710982659,20.59248554913295,2.5289017341040463
1083,4.3029259896729775,2.294893861158921,2.008032128514056,1.1474469305794606
1084,1.142857142857143,0.0,0.0,0.0
1085,15.640938456307378,21.7613056783407,8.84053043182591,5.440326419585175
1086,3.40522133938706,3.9727582292849033,4.256526674233825,5.10783200908059
1088,1.199040767386091,0.0,0.0,0.0
1089,1.9872813990461047,1.589825119236884,2.7821939586645468,0.0
1091,0.6622516556291391,1.3245033112582782,0.0,1.3245033112582782
1093,3.0432978281920047,4.011619864434915,3.0432978281920047,0.8299903167796375
1094,0.7281553398058253,0.24271844660194175,2.912621359223301,1.941747572815534
1095,1.1750881316098707,4.896200548374461,0.9792401096748924,1.9584802193497848
1097,3.8619979402677656,13.64572605561277,5.149330587023687,2.317198764160659
1098,2.386951332714494,0.6630420368651372,1.193475666357247,0.39782522211908233
1099,0.0,0.0,0.0,0.9624639076034649
1100,0.0,0.992063492063492,0.0,0.0
1102,1.82648401826484,0.45662100456621,2.054794520547945,0.0
1103,5.802883307643485,7.888294496327863,6.61891377278085,5.349533049233838
1104,7.71887060735324,8.531383302864107,10.359536867763557,2.2344099126548853
1121,8.16326530612245,8.16326530612245,0.0,1.3605442176870748
1122,0.9861932938856016,0.9861932938856016,14.792899408284024,0.0
1123,0.0,3.403014098201264,4.861448711716092,0.4861448711716091
1125,2.498334443704197,8.660892738174551,6.162558294470353,0.1665556295802798
1127,3.605769230769231,7.211538461538462,6.610576923076923,6.610576923076923
1128,2.066115702479339,1.721763085399449,1.3774104683195594,2.7548209366391188
1129,5.524861878453039,1.3812154696132597,19.337016574585636,0.0
1131,1.0869565217391304,0.0,0.0,0.0
1132,2.05761316872428,2.05761316872428,1.5432098765432098,0.0
1135,0.0,0.0,0.0,0.0
1136,0.31756113051762463,4.12829469672912,4.7634169577643695,5.398539218799619
1137,7.140428425705543,16.6609996599796,11.900714042842571,6.120367222033322
1139,7.2020165646380985,6.841915736406193,3.9611091105509546,2.5207057976233345
1140,4.300234558248631,10.424811050299713,33.620015637216575,3.2577534532186605
1142,1.2642225031605563,0.0,0.0,0.0
1143,7.050765511684126,3.8275584206285256,5.439161966156326,1.4101531023368252
1145,2.176278563656148,5.4406964091403704,0.0,0.0
1146,1.8796992481203008,25.56390977443609,13.533834586466165,3.7593984962406015
1147,5.322687957418497,6.65335994677312,13.30671989354624,5.9880239520958085
1150,0.9070294784580499,0.9070294784580499,6.802721088435374,2.7210884353741496
1151,2.055832070980307,4.328067517853278,6.05929452499459,1.7312270071413114
1001,0.0,2.4271844660194173,0.0,0.0
1002,2.0455873758036236,0.5844535359438924,0.0,6.428988895382817
1004,1.0764262648008611,0.0,3.767491926803014,0.5382131324004306
1005,0.0,0.0,0.0,1.0857763300760044
1007,0.0,0.0,0.0,0.0
1008,3.50385423966363,1.8687222611539358,2.102312543798178,0.0
1009,4.126547455295736,3.2095369096744615,3.6680421824850984,5.0435580009170105
1010,0.21934634788330776,1.0967317394165388,0.4386926957666155,1.3160780872998463
1107,7.373077733305245,13.271539919949442,9.058352643775017,5.8984621866441955
1201,12.238263696338082,8.222583420977148,0.8605029161487714,2.7727316187015965
1202,0.6337135614702154,0.0,0.0,2.5348542458808616
1203,1.6787912702853947,1.1191941801902632,0.0,0.0
1205,1.281722635221738,2.819789797487824,0.7690335811330429,4.101512432709562
1206,8.583690987124463,9.08861398636708,2.019691996970462,11.613228982580155
1207,3.380009657170449,2.897151134717528,0.0,3.380009657170449
1208,0.0,0.0,2.1834061135371177,0.0
1209,10.266940451745379,0.0,0.0,0.0
1210,0.0,0.0,0.0,0.0
1211,0.0,0.0,0.0,0.0
1212,0.0,0.0,0.0,0.0
1213,6.180694419196509,5.6353390292674055,0.5453553899291038,2.5449918196691512
1214,0.9718172983479105,0.48590864917395526,0.48590864917395526,2.4295432458697763
1215,0.0,0.0,1.358695652173913,0.0
1216,1.9636720667648502,1.9636720667648502,0.0,0.0
1217,2.5316455696202533,0.0,0.0,15.189873417721518
1218,1.1350737797956867,0.0,0.0,0.0
1219,0.0,0.0,0.0,0.0
1220,6.960556844547564,2.320185614849188,0.0,6.960556844547564
1301,3.2059037019114442,7.86353738204694,5.081054923784176,5.020566174691507
1311,2.0308692120227456,7.311129163281885,0.4061738424045491,0.0
1321,5.178571428571428,1.7857142857142856,0.17857142857142858,0.5357142857142857
1322,5.813953488372093,9.689922480620154,2.8188865398167726,3.347427766032417
1323,2.3696682464454977,2.3696682464454977,2.5013164823591367,1.05318588730911
1331,3.746112524738479,3.8874752615210633,4.664970313825275,3.8167938931297707
1341,7.406409911123081,7.002423915970913,2.8279019660651765,4.443845946673849
1342,7.688083470620538,10.067728354384037,12.081274025260845,2.562694490206846
1343,0.0,0.0,0.0,0.0
1344,9.759680973869242,11.018994647916886,10.809109035575611,3.568055409801658
1345,17.096075126414643,17.096075126414643,16.614495545388877,0.7223693715386468
1346,17.218407297324998,37.101568104950296,11.273957158962796,7.48180793276622
1347,6.341885269530124,5.1888152205246465,2.017872585759585,0.0
1348,0.0,0.0,0.0,0.966183574879227
1349,5.5525703027046385,11.642486118574244,2.5076123947698368,3.4031882500447788
1361,6.329113924050633,0.0,0.0,0.0
1362,7.186202491216863,13.973171510699457,13.893324816352601,4.471414883423826
1363,0.0,0.0,0.0,0.0
1364,5.5509007121910345,10.682865521575199,6.702974444909929,8.483452031839128
1365,11.314186248912097,0.8703220191470844,0.0,0.0
1366,5.079825834542816,2.9027576197387517,0.7256894049346879,7.982583454281567
1367,3.3491487580240022,0.0,8.931063354730673,0.8372871895060006
1368,1.0917030567685588,1.0917030567685588,0.0,5.458515283842795
1369,0.0,0.0,0.0,0.0
1370,10.789980732177264,6.936416184971098,18.497109826589597,0.7707129094412332
1371,1.936108422071636,2.420135527589545,0.0,0.484027105517909
1372,7.053386841785236,15.93092545299769,7.479022254651587,5.107624954396206
1373,2.9146793852676205,2.649708532061473,3.179650238473768,2.9146793852676205
1374,1.0362694300518134,0.0,0.0,0.0
1375,0.4038772213247173,0.4038772213247173,0.0,1.6155088852988693
1401,4.300414682844417,3.532483489479343,16.433727538012594,4.607587160190446
1402,0.9057971014492754,0.4528985507246377,0.22644927536231885,2.717391304347826
1403,2.507522567703109,1.7552657973921766,0.7522567703109327,2.2567703109327986
1404,1.0746085354620818,1.84218606079214,5.219527172244397,7.215228738102549
1405,4.343629343629344,2.8957528957528957,2.413127413127413,0.0
1406,0.9435742592942065,3.0194376297414607,1.5097188148707303,1.6984336667295716
1407,4.419075676670963,2.11747376173817,6.168293132019886,4.603203829865586
1501,0.8081896551724138,1.0775862068965516,0.5387931034482758,0.0
1502,6.018602954586905,4.194783877439358,13.496261170891849,5.289075323727887
1503,1.0689470871191875,0.5344735435595938,3.206841261357563,4.810261892036344
1504,0.5995203836930455,0.5995203836930455,0.0,0.0
1505,2.815843814529754,2.064952130655153,2.815843814529754,4.505350103247607
1506,10.6928999144568,0.42771599657827203,0.0,4.277159965782721
1507,5.082592121982211,2.7001270648030498,1.2706480304955527,4.923761118170266
1508,0.0,1.6134236850596966,0.6453694740238787,0.32268473701193934
1509,9.050305594734368,2.1156558533145278,1.1753643629525152,6.582040432534086
1510,4.876066639577408,2.031694433157253,1.219016659894352,0.2031694433157253
1511,1.8859028760018859,3.7718057520037718,0.0,1.4144271570014144
1630,12.973245835436648,13.780918727915195,17.92024230186774,6.4109035840484605
1631,8.578811369509044,2.7906976744186047,1.0335917312661498,6.614987080103359
1632,14.589476951730559,16.45196337110042,14.201458947695173,12.261368927518237
1701,13.477843545032794,6.039033754599264,8.518637018077108,6.119020956646937
1702,14.119192250861927,8.154107152629562,3.7760630438351663,3.6118863897553766
1703,5.572893446277307,3.901025412394115,1.3374944271065536,1.2260365581810075
1704,10.425531914893618,6.382978723404255,4.042553191489362,4.8936170212765955
1705,4.352987732489117,9.893153937475267,0.0,3.1658092599920855
1706,3.8005472788081485,2.432350258437215,0.9121313469139556,5.776831863788386
1707,7.024156244646223,8.05208154874079,7.366798012677745,7.538118896693507
1708,9.423983075295702,13.078180594287913,7.116068852774305,1.8270987594961055
1709,4.634017904160085,11.795681937862033,1.790416008425487,8.846761453396525
1710,2.002503128911139,1.5018773466833542,0.2503128911138924,3.504380475594493
1711,9.121474378930328,7.004545171533529,4.763090716642799,3.2687877467156468
2008,3.787878787878788,1.893939393939394,0.0,0.0
2011,0.0,0.0,3.940886699507389,0.0
2016,0.778816199376947,0.778816199376947,0.0,0.0
2022,0.0,0.0,0.0,0.0
2025,0.0,0.0,4.078303425774878,0.0
2027,0.0,11.235955056179774,0.0,0.0
2029,2.304906157392163,0.3292723081988804,0.3292723081988804,0.0
2035,0.0,0.0,0.0,0.0
2038,0.0,0.0,0.0,0.0
2041,0.0,0.4926108374384236,2.4630541871921183,0.4926108374384236
2043,0.0,0.0,0.0,0.0
2044,0.0,0.0,0.0,0.0
2045,0.0,0.0,0.0,0.0
2050,0.6361323155216285,1.272264631043257,0.0,0.0
2051,0.0,0.0,0.0,0.0
2053,1.3012361743656475,9.59661678594665,4.39167208848406,0.3253090435914119
2054,0.7530829332580251,2.4475195330885815,1.4120304998587971,0.09413536665725314
2055,0.4020908725371934,0.0,0.8041817450743868,0.0
2061,0.0,0.0,0.0,0.0
2063,0.0,3.3222591362126246,0.0,0.0
2066,0.0,0.0,0.0,0.0
2067,0.0,0.0,0.0,0.0
2068,0.0,0.0,2.3255813953488373,0.0
2072,0.0,0.0,0.0,0.0
2079,0.0,0.0,0.0,0.0
2086,1.6778523489932886,0.0,0.0,0.0
2087,0.0,0.0,0.8598452278589854,0.0
2089,0.0,1.8050541516245489,0.0,0.0
2096,9.14435009797518,10.450685826257349,3.7557152188112344,1.1430437622468974
2097,0.0,0.6180469715698392,1.854140914709518,1.2360939431396785
2099,1.4953271028037383,1.1214953271028036,1.1214953271028036,0.0
2102,1.7133066818960594,6.567675613934894,0.0,0.0
2113,0.0,0.0,0.419639110365086,0.0
2114,0.0,0.0,0.0,0.0
2115,2.73972602739726,0.91324200913242,0.0,0.0
2117,0.41511000415110005,0.0,0.0,0.41511000415110005
2121,0.0,0.5636978579481398,1.1273957158962795,0.0
2122,1.4720314033366044,1.4720314033366044,1.9627085377821392,0.0
2123,0.0,0.0,0.0,0.0
2124,3.5112359550561796,0.0,4.564606741573034,0.7022471910112359
2125,6.78941736467289,6.383528283089185,5.387255082838271,1.8449503708350246
2128,0.0,0.0,0.0,0.0
2129,0.0,0.0,0.9596928982725528,3.838771593090211
2130,0.0,0.0,0.0,0.0
2131,0.0,0.0,0.0,0.0
2134,3.3222591362126246,0.0,0.0,0.0
2135,0.0,0.42753313381787084,0.8550662676357417,1.2825994014536126
2137,0.0,0.0,0.0,0.0
2138,0.0,0.0,0.0,0.0
2140,0.4694835680751174,0.0,0.9389671361502347,0.0
2143,2.594033722438392,6.485084306095979,0.0,0.0
2145,0.7215007215007215,0.0,0.0,0.0
2147,0.0,0.0,0.0,0.0
2148,4.774897680763983,3.751705320600273,5.457025920873124,0.0
2149,0.5104645227156713,0.0,0.5104645227156713,0.0
2152,0.0,0.0,0.0,0.0
2153,0.0,0.0,0.9066183136899365,0.0
2155,0.8849557522123894,1.7699115044247788,0.8849557522123894,0.0
2160,3.87747188832881,1.1632415664986429,0.7754943776657619,0.0
2162,0.5793742757821553,0.0,0.5793742757821553,0.0
2163,1.832172957127153,0.36643459142543056,0.0,0.36643459142543056
2173,0.0,1.1904761904761907,3.571428571428571,0.0
2174,5.643919958953309,3.078501795792714,6.670087224217547,6.670087224217547
2175,4.055619930475086,0.28968713789107764,50.11587485515643,6.952491309385863
2177,3.386004514672686,0.0,0.0,1.128668171557562
2183,0.6602839220864972,0.6602839220864972,0.9904258831297459,0.6602839220864972
2186,6.540222367560497,0.6540222367560498,1.962066710268149,0.0
2194,0.0,0.0,0.0,0.0
2196,18.211539935122985,2.6819238333631326,5.287221271487319,3.9590304206789098
2197,20.82730691350882,1.1570726063060457,11.281457911483946,1.4463407578825573
2198,10.293748430831032,2.510670348983178,4.519206628169721,3.766005523474768
2200,10.411736867013724,3.786086133459536,7.09891150023663,0.473260766682442
2206,16.66305994373512,1.8394286950876435,4.869075957584938,3.246050638389959
2208,15.215110178384052,0.0,0.5246589716684156,0.0
2211,2.788428023701638,0.34855350296270476,3.485535029627048,0.34855350296270476
2216,0.0,0.0,0.0,0.0
2217,0.0,0.0,5.076142131979695,0.0
2220,3.5778175313059033,0.2981514609421586,2.9815146094215863,0.5963029218843172
2226,1.8270401948842874,0.0,0.6090133982947624,0.0
2228,16.47077636523547,3.198209002958343,4.717358279363556,5.836731430398976
2230,0.0,0.0,0.0,0.0
2233,1.4847809948032664,1.4847809948032664,1.4847809948032664,0.3711952487008166
2234,0.9057971014492754,0.0,0.0,0.0
2235,0.6858710562414265,0.0,2.743484224965706,0.0
2236,2.8595257953056117,1.5489098057905397,3.455260335994281,0.0
2237,4.462474645030426,2.028397565922921,4.056795131845842,0.4056795131845842
2238,0.41288191577208916,1.6515276630883566,1.2386457473162675,0.41288191577208916
2250,2.05761316872428,3.429355281207133,21.94787379972565,4.801097393689987
2254,5.544005544005544,3.465003465003465,7.1032571032571035,2.772002772002772
2257,2.705139765554554,0.0,0.9017132551848511,0.0
2258,0.0,0.0,0.0,0.0
2261,0.0,0.0,0.0,0.0
2262,1.0695187165775402,3.2085561497326203,3.4224598930481283,0.0
2265,0.7317965605561654,0.5488474204171241,38.78521770947677,4.939626783754116
2266,0.0,1.4184397163120568,1.4184397163120568,1.4184397163120568
2271,0.0,0.0,0.0,0.0
2272,4.575707154742097,9.151414309484194,1.663893510815308,0.415973377703827
2274,0.0,0.0,0.0,0.0
2275,3.0360134003350083,3.14070351758794,26.90536013400335,1.8844221105527637
2276,0.0,1.6168148746968471,5.658852061438965,0.0
2278,0.0,0.0,0.0,0.0
2284,0.6577504933128699,0.6577504933128699,1.0962508221881166,3.5080026310019736
2292,0.0,0.0,0.0,0.0
2293,6.472136902150066,14.699429574374726,6.252742430890742,3.07152259763054
2294,4.697592483852025,0.0,2.3487962419260127,1.7615971814445097
2295,2.0833333333333335,1.7857142857142856,1.1904761904761907,2.6785714285714284
2296,2.136752136752137,0.0,0.0,0.0
2299,0.0,2.437043054427295,3.7909558624424586,0.0
2300,8.272058823529411,0.0,0.0,0.0
2301,6.86695278969957,0.0,0.0,0.0
2303,0.0,0.0,2.819548872180451,0.0
2304,2.8188865398167726,0.7047216349541932,0.7047216349541932,0.0
2305,5.600933488914819,7.467911318553092,4.667444574095682,3.9673278879813303
2306,4.23623224520309,5.606777971592325,4.9838026414154,1.99352105656616
2307,2.894356005788712,0.0,0.723589001447178,1.447178002894356
2308,0.4110152075626798,0.0,0.4110152075626798,0.0
2309,5.6759545923632615,6.363949088407293,35.25971792225662,7.39594083247334
2321,0.8123476848090982,1.6246953696181965,2.437043054427295,0.0
2323,0.6277463904582549,3.138731952291274,5.021971123666039,0.0
2325,1.5934441156385157,4.211245162758934,4.325062599590257,0.11381743683132256
2328,0.0,0.0,0.0,0.0
2333,0.0,1.4015416958654519,8.409250175192712,0.7007708479327259
2335,0.0,0.0,0.0,0.0
2336,0.0,0.0,0.6377551020408163,0.0
2337,0.0,0.0,0.0,0.0
2338,0.7407407407407407,0.0,1.4814814814814814,0.0
2401,31.315240083507305,14.613778705636742,12.526096033402924,7.8868012062166555
2402,8.983717012914093,2.807411566535654,5.053340819764178,2.2459292532285233
2403,2.653927813163482,5.8386411889596594,1.0615711252653928,0.0
2404,8.764607679465776,4.173622704507513,4.173622704507513,0.0
2405,11.185682326621924,5.219985085756898,8.202833706189411,0.0
2406,19.534497090606816,9.975062344139651,16.62510390689942,2.493765586034913
2407,29.338418659234264,30.952031685492152,18.189819568725248,3.2272260525157694
2408,3.274662300450266,2.865329512893983,1.637331150225133,2.865329512893983
2421,1.6863406408094435,0.0,1.6863406408094435,0.0
2422,20.731707317073173,15.701219512195122,30.335365853658537,4.115853658536586
2424,0.0,0.0,0.0,1.644736842105263
2425,5.134788189987162,2.567394094993581,2.567394094993581,5.134788189987162
2426,4.787234042553192,2.127659574468085,5.8510638297872335,0.5319148936170213
2427,0.0,5.6777856635912,0.0,0.0
2428,3.224506247480855,2.4183796856106405,2.015316404675534,0.0
2430,4.1356492969396195,0.0,0.0,2.4813895781637716
2445,0.0,0.0,0.0,0.0
2455,0.0,5.543237250554324,4.434589800443459,0.0
2457,0.6675567423230975,2.67022696929239,0.0,0.0
2461,5.952380952380952,0.0,0.0,0.0
2463,0.0,0.0,0.0,0.0
2464,2.6223776223776225,0.0,0.0,0.0
2465,1.3495276653171389,0.0,1.3495276653171389,0.0
2471,5.033557046979865,3.3557046979865772,0.8389261744966443,5.033557046979865
2472,0.9285051067780873,2.785515320334262,0.0,5.571030640668524
2473,6.810607158382843,3.4777568468337923,2.608317635125344,2.7532241704100855
2474,0.0,0.0,1.0706638115631693,0.0
2475,3.1201248049921997,0.0,0.0,0.0
2476,3.8212815990593767,1.4697236919459142,0.0,6.466784244562022
2477,3.0364372469635628,1.0121457489878543,0.0,3.0364372469635628
2478,3.219575016097875,3.8634900193174504,0.0,5.1513200257566
2479,7.102272727272727,0.7102272727272727,0.0,1.4204545454545454
2480,0.9191176470588235,0.0,0.0,0.0
2481,7.333333333333333,2.0,0.0,2.0
2491,0.0,0.0,0.0,2.932551319648094
2492,0.0,0.0,0.0,0.0
2493,2.1797045289416324,2.1797045289416324,1.453136352627755,0.2421893921046258
2495,21.856639247943598,11.045828437132785,21.151586368977675,6.110458284371328
2497,17.670682730923694,10.040160642570282,28.112449799196785,2.008032128514056
2499,0.7942811755361397,0.7942811755361397,3.177124702144559,0.0
2500,34.87014881820834,11.380215932302306,21.155529617741465,24.365334111467757
2501,5.845104724792986,5.35801266439357,4.38382854359474,1.948368241597662
2502,6.8493150684931505,0.0,0.0,0.0
2503,5.085653104925054,4.014989293361884,1.8736616702355462,3.4796573875802994
2511,0.7530120481927711,1.5060240963855422,0.0,0.0
2513,18.22943949711891,15.295966474594028,15.191199580932427,12.257726558407542
2514,0.0,0.0,0.0,3.4662045060658575
2516,2.9940119760479043,1.7108639863130881,0.42771599657827203,6.8434559452523525
2517,33.64643207626525,17.524183373054814,16.12224870321043,11.35567082573952
2518,12.160898035547241,2.806361085126286,1.8709073900841908,2.806361085126286
2519,52.22734254992319,21.164021164021165,31.575354155999317,15.873015873015872
2520,1.1890606420927465,0.0,3.5671819262782405,0.0
2523,4.241781548250265,0.0,2.1208907741251326,3.181336161187699
2524,0.0,0.0,0.0,0.0
2525,6.224066390041493,4.840940525587829,2.074688796680498,4.840940525587829
2526,3.39328130302002,1.3573125212080082,3.7326094333220223,0.0
2527,17.454350161117077,13.426423200859292,4.833512352309345,3.490870032223416
2528,7.109004739336492,3.9494470774091623,4.739336492890995,6.3191153238546605
2529,5.592841163310962,4.47427293064877,1.1185682326621924,1.1185682326621924
2530,7.266121707538601,8.174386920980925,12.26158038147139,0.45413260672116257
2532,20.0060624431646,9.699909063352532,10.609275538041832,4.849954531676266
2534,44.821131447587355,37.437603993344425,24.126455906821963,21.214642262895172
2535,0.0,0.0,1.366120218579235,0.0
2541,17.391304347826086,0.0,0.0,0.0
2542,29.33765298776098,24.478041756659465,17.81857451403888,7.379409647228221
2543,17.645879286143973,12.63284539803489,5.41407659915781,6.617204732303991
2544,0.9337068160597572,2.8011204481792715,0.0,0.0
2545,0.9505703422053232,3.802281368821293,2.8517110266159698,15.209125475285171
2546,22.36318675411246,27.470164498441026,34.458660359101174,10.482743790990215
2547,2.4896265560165975,0.0,0.8298755186721991,0.0
2548,1.3908205841446453,0.0,0.0,0.0
2549,0.0,0.0,0.0,0.0
2550,11.846510430079835,4.120525366984291,5.4081895441668815,2.0602626834921454
2551,3.708281829419036,0.6180469715698392,0.0,0.0
2553,0.55005500550055,1.6501650165016502,0.0,0.0
2554,3.0303030303030303,3.463203463203463,1.7316017316017316,4.761904761904763
2555,9.138381201044387,1.9582245430809397,1.9582245430809397,0.0
2556,8.94308943089431,6.233062330623307,6.233062330623307,5.420054200542006
2571,6.150061500615006,14.760147601476014,8.610086100861007,2.4600246002460024
2572,30.26358607224211,5.206638464041653,16.270745200130165,0.3254149040026033
2573,62.56880733944954,14.495412844036696,43.669724770642205,2.7522935779816518
2574,8.823529411764707,8.823529411764707,41.1764705882353,0.0
2575,4.393190554640308,1.098297638660077,2.196595277320154,2.196595277320154
2576,16.493366798135533,6.812477590534241,16.13481534600215,7.529580494801004
2578,8.84433962264151,4.127358490566038,4.716981132075471,2.94811320754717
2579,20.75863370447254,8.6808831855067,15.663332704283828,1.1322891111530478
2580,16.844469399213924,11.510387422796182,8.702975856260528,3.0881527231892196
2581,24.145714135740906,7.9785838013752555,19.316571308592724,9.97322975171907
2582,9.90916597853014,14.037985136251033,8.257638315441783,9.90916597853014
2583,29.792017987633503,9.555930297920181,15.551808131909311,6.9327337455499345
2584,22.22222222222222,1.5151515151515151,10.101010101010102,3.0303030303030303
2585,3.8860103626943006,0.0,12.953367875647668,0.0
2586,17.35357917570499,16.630513376717282,12.111352133044107,4.6999276934201015
2601,20.181634712411707,12.643200569834391,3.739538196711581,9.022377871431114
2611,5.025125628140704,2.512562814070352,1.256281407035176,2.512562814070352
2612,0.0,0.0,0.0,0.0
2613,8.474576271186441,13.055428309665597,4.351809436555199,9.161704076958314
2614,1.6326530612244898,6.938775510204081,6.122448979591836,10.204081632653061
2615,9.307135470527404,1.0341261633919339,0.0,6.204756980351602
2616,1.6666666666666667,1.6666666666666667,0.0,0.0
2617,0.0,7.707129094412331,0.0,0.0
2618,5.186721991701245,0.0,1.037344398340249,1.037344398340249
2619,0.0,1.670843776106934,6.683375104427736,0.0
2620,0.0,0.0,0.0,0.0
2621,2.5214321734745333,3.0257186081694405,7.060010085728694,0.5042864346949067
2622,4.279600570613409,0.0,0.0,5.706134094151213
2701,30.01053099886806,8.993585664325819,10.660524522585332,4.07724234249962
2702,7.818608287724785,0.0,0.7818608287724785,0.0
2703,11.981894026803941,4.17147421673915,3.8164551344634776,0.9763024762580989
2761,24.51288497800126,7.54242614707731,2.603932836490976,5.2976564604471585
2762,15.301286391333784,5.0552922590837275,3.2046941999548637,9.433536447754458
2763,8.80395104144299,1.3957483358385225,3.6504187245007516,1.3957483358385225
2764,1.721664275466284,0.28694404591104733,0.28694404591104733,2.2955523672883786
2765,14.140659066841089,4.360555659378309,1.86880956830499,8.222762100541955
2766,30.73240785064624,10.818573480134035,7.754906653901388,10.244135950215414
2767,11.69090390647277,1.568291987453664,1.8534359851725122,4.4197319646421445
2768,15.627806718160588,1.975929585054787,1.796299622777079,3.951859170109574
2769,24.644778036445373,6.82347274624709,5.137673597174279,8.428995745364052
2770,21.192052980132452,5.077262693156733,4.856512141280353,5.298013245033113
2771,9.886264216972878,3.3245844269466316,0.8748906386701663,1.4873140857392826
2772,3.315375051802735,0.8288437629506837,0.41442188147534187,1.2432656444260257
2773,27.21121314644756,5.123247945867569,4.639922667955534,3.914934751087482
2774,0.6693440428380187,0.6693440428380187,0.0,0.0
2775,12.246913580246913,4.839506172839506,1.4814814814814814,3.9506172839506175
2781,2.828854314002829,2.828854314002829,0.0,0.0
2782,11.851015801354402,1.693002257336343,4.514672686230248,18.623024830699777
2783,3.4965034965034967,0.0,0.0,0.0
2784,8.108108108108109,5.405405405405405,2.7027027027027026,8.108108108108109
2785,6.785934608266502,6.785934608266502,1.8507094386181369,2.4676125848241828
2786,34.218590398365684,3.575076608784474,11.235955056179774,5.107252298263534
2787,15.196564255037991,8.919722497522299,10.406342913776015,11.892963330029731
2788,3.6199095022624435,5.4298642533936645,4.524886877828055,1.8099547511312217
2789,2.136752136752137,0.0,0.0,2.136752136752137
2790,0.0,0.0,0.0,0.0
2791,2.060793405461103,6.697578567748583,0.0,2.575991756826378
2792,9.422110552763819,5.025125628140704,5.025125628140704,13.819095477386936
2793,27.036516853932586,15.44943820224719,5.969101123595506,10.182584269662922
2821,1.7301038062283738,1.7301038062283738,3.4602076124567476,1.1534025374855825
2822,24.83900643974241,13.799448022079117,1.8399264029438822,6.439742410303588
2823,14.997794441993825,2.867225408028231,12.35112483458315,4.631671812968682
2824,36.68621259960908,12.479326417080138,15.336039693279206,8.419786498270938
2825,32.76955602536998,14.587737843551798,10.359408033826638,9.725158562367865
2826,12.32394366197183,14.964788732394366,10.56338028169014,5.28169014084507
2827,0.0,0.0,0.0,0.0
2828,28.71219843696908,9.004417261297997,11.043153244988108,10.533469249065579
2829,23.762005737807158,13.720843208182611,9.479855307471624,9.729325183984033
2830,0.0,1.9169329073482428,0.0,0.0
2831,59.00096525096525,22.381756756756758,25.15685328185328,8.807915057915057
2832,0.0,0.0,0.0,0.0
2833,4.559270516717325,0.0,0.7598784194528876,3.799392097264438
2834,11.124121779859484,2.34192037470726,5.269320843091335,3.51288056206089
2841,0.0,1.8281535648994516,0.0,1.8281535648994516
2842,18.669778296382727,0.0,11.668611435239207,2.333722287047841
2843,1.3986013986013985,4.195804195804196,15.384615384615385,5.594405594405594
2844,8.818342151675484,0.8818342151675485,0.0,7.054673721340388
2845,5.9880239520958085,3.592814371257485,8.383233532934131,8.383233532934131
2846,14.86528336946423,7.74233508826262,7.587488386497368,4.335707649427067
2847,0.0,0.0,0.0,0.0
2848,0.0,0.0,0.0,0.0
2849,16.98342094621917,4.448038819247877,3.639304488475536,9.704811969268095
2850,0.0,0.0,0.0,0.0
2851,0.0,0.0,0.0,0.0
2852,1.4134275618374557,0.7067137809187278,0.7067137809187278,0.0
2853,1.0460251046025104,0.0,0.0,4.184100418410042
2854,0.0,0.0,0.0,0.0
2855,0.0,0.0,0.0,0.0
2856,5.894736842105264,2.526315789473684,0.8421052631578948,3.789473684210526
2857,1.7543859649122808,3.5087719298245617,0.0,0.0
2858,1.2360939431396785,1.2360939431396785,0.0,0.0
2859,2.28310502283105,6.8493150684931505,0.0,13.698630136986301
2860,1.2594458438287153,0.0,5.037783375314861,0.0
2861,7.107629823034523,6.5274151436031325,13.92515230635335,3.3362344067304903
2862,15.91187270501836,15.91187270501836,25.703794369645042,11.015911872705018
2863,1.0660980810234542,7.462686567164179,0.0,0.0
2864,14.393420150788211,13.708019191226867,5.483207676490747,5.483207676490747
2865,2.8089887640449436,1.4044943820224718,0.0,0.0
2866,0.0,1.6611295681063123,0.0,0.0
2867,0.0,0.0,0.0,0.0
2868,0.0,0.0,0.0,3.8535645472061657
2869,13.978494623655914,4.659498207885305,15.053763440860216,1.7921146953405018
2881,8.223684210526315,0.0,0.0,1.644736842105263
2882,0.0,0.0,0.0,0.0
2883,5.434782608695652,0.0,0.0,0.0
2884,9.129640900791236,0.6086427267194157,0.0,3.0432136335970785
2885,0.0,0.0,0.0,0.0
2886,7.567158531971245,6.053726825576996,5.675368898978434,16.64774877033674
2887,1.721170395869191,0.0,0.0,0.0
2888,11.282051282051283,0.0,4.102564102564102,1.0256410256410255
2889,0.0,0.0,0.0,0.0
2890,19.230769230769234,0.0,0.0,0.0
2891,16.82557487380819,5.047672462142457,6.16937745372967,16.264722378014582
2892,17.85021342646488,9.313154831199068,17.462165308498253,10.477299185098952
2893,1.8832391713747645,1.2554927809165097,3.138731952291274,1.8832391713747645
2894,0.0,0.0,0.0,0.0
2895,9.786476868327401,13.345195729537368,0.0,0.0
2901,1.943634596695821,0.0,3.887269193391642,0.0
2903,4.263093788063338,2.4360535931790497,3.045066991473812,0.0
2904,4.511278195488722,2.255639097744361,14.285714285714285,0.0
2914,0.0,2.28310502283105,15.981735159817351,0.0
2915,0.946969696969697,0.946969696969697,1.893939393939394,2.840909090909091
2917,3.947368421052632,0.0,0.0,0.0
2919,0.0,4.056795131845842,0.0,0.0
2920,8.331916340758374,9.01207277673865,7.651759904778099,1.3603128719605508
2931,11.695906432748536,0.0,8.771929824561402,5.847953216374268
2932,5.124312013664832,5.503890681343709,18.40956538242551,1.1387360030366294
2933,0.0,0.0,2.2598870056497176,0.0
2936,0.0,1.1049723756906078,4.419889502762431,0.0
2937,21.12557039040054,18.167990535744465,54.503971607233396,4.5631232043265175
2938,2.4539877300613497,0.0,0.0,0.0
2939,17.375012832358074,7.1347910892105535,16.117441741094343,10.188892310851042
2951,0.0,0.0,0.0,0.0
2952,1.6260162601626016,2.710027100271003,2.710027100271003,0.0
2953,0.0,1.1261261261261262,2.2522522522522523,0.0
2961,26.785714285714285,0.0,0.0,2.976190476190476
2962,0.0,0.0,0.0,0.0
2963,2.416918429003021,0.6042296072507553,16.314199395770395,0.0
2964,2.3872679045092835,4.774535809018567,10.079575596816976,2.3872679045092835
2971,4.539826661163846,2.8889806025588114,34.667767230705735,1.650846058605035
2972,0.0,0.0,0.0,0.0
2973,1.6155088852988693,0.0,0.0,0.0
2974,0.5753739930955121,2.3014959723820483,0.5753739930955121,2.3014959723820483
3001,18.628865332747914,21.137803424700497,2.8852788057454686,6.7114093959731544
3002,1.0362694300518134,1.0362694300518134,0.0,0.0
3003,1.7953321364452424,0.0,0.0,0.0
3004,6.426735218508997,1.9280205655526992,5.141388174807197,0.0
3005,1.3360053440213762,1.3360053440213762,0.0,5.344021376085505
3006,5.899705014749262,7.585335018963337,0.8428150021070375,1.2642225031605563
3007,3.2137118371719335,13.39046598821639,1.6068559185859668,0.0
3021,12.409513960703205,20.682523267838675,13.960703205791106,2.5853154084798344
3022,1.9144862795149968,0.6381620931716656,0.0,2.2335673261008298
3023,3.109729009329187,1.5548645046645935,1.9991115059973343,0.888494002665482
3024,3.373198405397117,1.3799448022079117,0.0,0.7666360012266176
3025,2.6638252530633992,1.0655301012253595,1.0655301012253595,7.991475759190196
3031,11.156186612576064,2.028397565922921,0.0,0.0
3032,7.30093543235227,3.650467716176135,2.737850787132101,2.96600501939311
3033,3.785011355034065,0.757002271006813,0.0,6.813020439061317
3034,2.333722287047841,0.0,0.0,1.1668611435239205
3035,4.2674253200568995,0.0,0.0,0.0
3036,4.3057050592034445,2.1528525296017222,0.0,0.0
3037,7.789678675754625,0.48685491723466406,0.0,4.381694255111977
3038,3.1779661016949157,1.0593220338983051,0.5296610169491526,0.5296610169491526
3101,9.514435695538058,5.741469816272966,6.889763779527559,4.593175853018373
3102,0.6784260515603798,0.6784260515603798,4.07055630936228,0.0
3104,0.8936550491510277,0.0,0.0,0.0
3111,0.0,0.0,0.0,1.0330578512396695
3112,2.2920759659463,0.9823182711198427,0.0,1.14603798297315
3201,0.7012622720897616,0.0,2.805049088359046,0.7012622720897616
3202,1.5810276679841897,3.1620553359683794,2.3715415019762847,2.3715415019762847
3203,10.49922016661806,15.026057847152657,12.439293458275744,4.818482685162878
3204,17.550778939065275,21.001774797870244,17.35357917570499,3.2537960954446854
3212,2.8759244042728023,1.6433853738701725,0.0,0.4108463434675431
3441,3.7313432835820897,1.3992537313432836,0.4664179104477612,1.8656716417910448
3442,8.262565985770026,6.770713793894881,9.524902455818223,1.4918521918751435
3443,10.35796704771105,25.65341061557452,14.1147426608705,3.7031073901143134
3444,0.5592841163310962,1.3982102908277405,0.8389261744966443,3.3557046979865772
3211,1.936108422071636,2.904162633107454,0.0,0.0
3213,9.506286415210058,10.528467750178882,24.941224573239293,2.657671470918941
3214,1.6344320348678834,0.5448106782892945,0.27240533914464726,0.27240533914464726
3215,18.979949386801636,24.917266887288303,57.42651352929726,5.255985984037376
3216,12.57128045619492,18.14411612234318,18.27371695178849,2.4624157594608604
3217,13.962580284836637,11.170064227869311,7.819044959508517,2.234012845573862
3218,3.121098626716604,1.2484394506866416,0.0,0.0
3219,0.966183574879227,1.932367149758454,0.0,0.0
3237,8.406893652795292,4.90402129746392,6.725514922236234,0.980804259492784
3231,14.140009272137227,27.468706536856747,21.094112192860454,5.099675475197033
3232,8.253358925143953,13.62763915547025,9.788867562380037,2.6871401151631478
3233,4.990019960079841,7.734530938123752,3.992015968063872,0.499001996007984
3234,7.637988182735264,8.790892059374551,17.72589710332901,0.7205649228995532
3235,8.537279453614115,14.797951052931133,9.391007398975526,9.10643141718839
3236,29.77076510866329,51.503423637987495,45.84697826734147,9.973206311402203
3238,7.109232395042751,18.15736381977135,25.362666922855222,2.4017677010279566
3251,7.551069072410779,50.472935378745724,11.843255703044273,3.258882441777283
3252,0.6184291898577613,4.94743351886209,0.0,0.0
3253,2.7662517289073305,9.22083909635777,4.149377593360996,0.0
3254,2.880614531099968,13.76293609303318,15.896724634588713,0.2133788541555532
3255,11.424069332282844,36.241875123104194,26.98443962970258,3.1514674020090605
3256,3.79794910748196,9.115077857956702,4.937333839726548,0.379794910748196
3271,7.907109274825474,23.15144607493945,30.702379256304315,3.7754665906824334
3272,6.706008583690988,4.291845493562231,10.1931330472103,0.0
3273,1.736111111111111,9.882478632478632,4.273504273504274,0.8012820512820512
3274,7.106759317751106,13.581806696146558,8.054327226784586,0.4737839545167404
3275,10.903714655331731,28.46054333764554,37.885788209203476,6.468305304010349
3276,3.3958891867739056,11.61751563896336,27.167113494191245,9.115281501340482
3291,1.60069848661234,16.880093131548314,4.2200232828870785,6.40279394644936
3292,5.0,28.14814814814815,45.18518518518518,0.5555555555555556
3293,4.488049264168667,12.629161882893225,25.98893643669763,4.488049264168667
3294,1.2315270935960592,3.078817733990148,0.0,1.2315270935960592
3295,8.373590982286634,14.814814814814815,1.6103059581320451,1.932367149758454
3296,11.337868480725623,30.234315948601665,36.734693877551024,11.337868480725623
3297,2.1480179652411637,12.497559070494045,20.308533489552822,3.51493848857645
3298,3.20620992237597,16.70604117448532,8.943638204522443,0.3374957813027337
3311,7.890583903208837,0.5260389268805892,0.0,1.0520778537611783
3312,1.9524894240156199,2.9287341360234302,5.206638464041653,7.8099576960624795
3313,3.333987056285546,12.159246911159052,14.120415767797608,6.079623455579526
3315,1.9175455417066154,7.4304889741131355,3.3557046979865772,2.876318312559923
3316,0.5268703898840885,6.322444678609062,4.7418335089567965,2.107481559536354
3338,17.83132530120482,6.265060240963855,8.433734939759036,2.4096385542168677
3339,13.924410343847685,15.061096902529128,7.672634271099745,2.557544757033248
3340,8.930122658883214,6.011327704228778,3.0230376316063796,3.9959692831578586
3341,1.5739769150052467,2.973067506121021,0.5246589716684156,1.224204267226303
3342,8.084940580557179,6.331579972725502,7.403078121955971,2.142996298460939
3352,15.780574863798611,2.8179597971068944,11.271839188427577,0.0
3359,0.7689350249903883,1.5378700499807767,0.0,0.0
3360,0.2570694087403599,1.5424164524421595,0.0,0.0
3374,6.071929005137786,10.275572162540868,7.006071929005137,4.203643157403083
3379,18.2214948172395,12.547735951991271,23.349699945444627,7.528641571194762
3392,17.66928812174446,12.154018997038097,39.21969155346747,1.1234807476253703
3393,3.6452004860267313,7.290400972053463,24.90886998784933,1.8226002430133657
3394,1.0063737001006372,0.3354579000335458,0.0,0.3354579000335458
3395,6.746626686656672,3.935532233883058,16.116941529235383,0.5622188905547226
3396,2.64797507788162,2.492211838006231,1.557632398753894,0.15576323987538943
3401,3.557874762808349,6.404174573055029,7.827324478178369,1.4231499051233396
3402,12.415349887133182,28.404815650865313,38.56282919488337,4.608728367193378
3405,2.004008016032064,2.50501002004008,8.517034068136272,2.50501002004008
3407,12.753967076968708,11.419249592169658,28.32567106629097,2.224529141331751
3408,13.31503088538092,20.452985586822237,49.69114619080302,2.127659574468085
3422,1.962066710268149,3.2701111837802483,2.616088947024199,0.6540222367560498
3423,0.6079027355623101,0.0,9.11854103343465,0.6079027355623101
3424,10.79136690647482,7.829030892932713,15.02327549724926,0.21159542953872196
3426,2.7816411682892905,2.1855752036558713,12.914762567057421,2.582952513411484
3427,12.670797585001589,11.51890689545599,61.96377502383222,4.011757229107086
3506,0.36603221083455345,1.8301610541727673,0.0,0.0
3513,0.0,0.0,1.9305019305019306,0.0
3514,0.0,0.0,0.0,0.0
3542,0.0,0.0,0.0,0.0
3543,0.4056795131845842,0.8113590263691683,0.8113590263691683,0.0
3544,0.0,0.0,0.0,0.0
3551,0.0,0.0,0.0,0.0
3561,0.0,0.0,0.0,0.0
3746,0.0,3.14070351758794,2.512562814070352,0.0
3752,0.0,2.6666666666666665,0.0,0.0
3762,0.2199736031676199,1.3198416190057192,0.2199736031676199,0.0
3764,0.0,0.0,0.0,0.0
3847,0.0,0.0,0.0,0.0
3721,1.9635343618513326,0.2805049088359046,1.1220196353436185,0.5610098176718092
3722,5.838894184938036,10.009532888465206,10.009532888465206,7.7454718779790275
3723,1.8610421836228288,4.3424317617866,3.101736972704715,0.0
3731,0.0,3.811503811503812,3.118503118503119,1.0395010395010396
3732,2.412129565816678,0.34458993797381116,0.6891798759476223,0.0
3733,0.0,8.994276369582993,1.635322976287817,0.0
3734,0.0,0.0,0.0,0.0
3945,6.133177570093458,0.5841121495327103,0.29205607476635514,2.0443925233644857
3946,0.3739715781600598,1.8698578908002992,2.617801047120419,3.3657442034405385
3947,2.167434299647792,1.896505012191818,5.689515036575454,5.960444324031428
3951,0.0,0.0,0.0,0.0
3952,0.0,0.0,2.074688796680498,0.0
3953,3.061849357011635,3.061849357011635,0.612369871402327,0.0
3954,0.39541320680110714,0.0,0.39541320680110714,0.0
3955,13.414106447425358,14.495889225443532,8.762440501947209,4.759844223279965
3781,0.0,8.090614886731391,0.0,0.0
3782,0.0,1.4134275618374557,0.7067137809187278,0.0
3783,0.0,0.0,0.0,0.0
3784,0.0,2.8957528957528957,0.9652509652509653,0.0
3785,0.0,0.0,0.0,0.0
3786,0.0,3.7917959324370907,4.825922095829024,0.0
3787,0.20012007204322593,0.6003602161296778,1.6009605763458075,0.0
3788,1.402524544179523,0.0,0.0,0.0
3789,2.824858757062147,0.0,0.0,0.0
3790,0.0,0.0,0.0,0.0
3791,5.718954248366012,0.0,0.8169934640522876,0.0
3792,0.0,1.257071024512885,0.0,0.0
3804,0.0,0.0,0.0,0.0
3805,0.0,0.0,0.0,0.0
3808,0.0,0.0,0.0,0.0
3810,0.0,0.0,0.0,0.0
3821,0.0,0.0,0.0,0.0
3822,0.0,0.0,2.828854314002829,0.0
3823,0.0,0.0,0.0,0.0
3831,1.3888888888888888,1.3888888888888888,0.0,0.0
3832,5.063291139240507,0.0,0.0,0.0
3834,5.647590361445783,2.6355421686746987,0.0,0.0
3835,0.0,6.243496357960457,0.0,0.0
3837,0.0,0.0,0.0,0.0
3901,9.546417540904102,4.977410215177272,2.9098705873344053,7.172575745973402
3911,8.514664143803218,1.8921475875118259,2.838221381267739,0.47303689687795647
3921,9.180120291231402,2.2158911047799936,0.31655587211142766,0.9496676163342831
3932,0.0,0.0,0.0,0.0
3851,2.320400965286802,6.125858548357156,0.2784481158344162,1.9491368108409133
3861,0.0,0.0,0.0,0.0
3862,0.0,0.0,0.0,0.0
3863,0.0,0.0,0.0,2.577319587628866
3871,0.4466279589102278,2.4564537740062526,0.0,0.0
3881,0.0,0.0,0.0,0.0
3882,3.2967032967032965,2.197802197802198,10.989010989010989,0.0
3891,3.552397868561279,0.0,0.0,1.1841326228537594
3961,11.029411764705882,2.7573529411764706,0.0,0.9191176470588235
3962,3.6752422318743734,4.677581022385566,0.0,8.35282325425994
3972,8.275862068965518,10.344827586206897,6.896551724137931,0.689655172413793
3572,0.0,0.0,0.0,0.0
3575,9.039010466222646,0.0,0.0,0.0
3581,0.0,0.0,0.0,0.0
3582,0.0,0.0,0.0,0.0
3603,0.0,1.04384133611691,0.0,0.0
3618,0.0,0.0,0.0,0.0
3619,2.170909808565226,0.19735543714229328,0.0,0.19735543714229328
3672,0.0,0.0,0.0,0.0
3981,0.0,2.9308323563892147,1.7584994138335288,0.0
3982,8.079847908745247,0.4752851711026616,0.0,0.0
3983,0.0,0.0,0.0,0.0
3985,0.0,0.0,0.0,0.0
3986,0.0,0.0,0.0,3.336113427856547
3987,6.134969325153374,0.8764241893076249,0.0,0.0
3988,1.7241379310344827,0.0,0.0,0.0
3633,0.0,0.0,0.0,0.0
3637,0.0,0.0,0.0,0.0
3638,0.0,0.0,0.0,0.0
3640,0.0,9.221311475409836,0.0,0.0
3661,4.510045100451004,8.200082000820007,0.0,12.300123001230013
3662,0.0,0.0,0.0,0.0
3663,1.8832391713747645,0.0,0.0,0.0
3668,1.7446932247746438,8.141901715615004,1.163128816516429,8.432683919744113
3669,0.0,0.0,0.0,0.0
3670,0.0,0.0,0.0,0.0
3673,1.3262599469496021,0.0,0.0,0.0
3681,0.0,0.0,0.0,0.0
3695,0.0,0.0,0.0,0.0
3701,2.1668472372697725,4.333694474539545,8.66738894907909,0.0
3711,0.0,0.0,0.0,0.0
3712,0.0,0.0,0.0,0.0
3713,0.0,0.0,0.0,0.0
3714,0.0,0.0,0.0,0.0
3715,0.0,0.0,0.0,0.0
4001,14.222809335094672,7.970057243505064,4.9757815940114485,3.963011889035667
4002,0.6035003017501509,0.0,0.0,0.0
4003,39.924626074667295,18.254622541514543,11.423860558238134,9.3039689082558
4004,2.6007802340702213,0.0,1.3003901170351106,0.0
4005,6.898038370338435,3.4490191851692176,3.8801465833153697,5.389092476826902
4006,27.841693511274734,10.23930050621261,4.1417395306028535,2.8762080073630925
4007,7.941009642654565,2.8360748723766305,0.0,1.7016449234259785
4008,5.145062169501215,5.145062169501215,1.4291839359725598,2.143775903958839
4009,5.8679706601467,10.02444987775061,2.6894865525672373,1.466992665036675
4010,42.8124301363738,19.114688128772634,10.954616588419405,7.042253521126761
4012,45.70887492467935,18.67952139106482,7.316863217698201,7.919428423861582
4013,21.75824175824176,10.109890109890111,8.351648351648352,1.978021978021978
4021,9.474699199262147,8.720077139143923,7.8396847356726616,4.946966838552802
4022,1.8987341772151898,6.329113924050633,0.0,0.0
4023,4.004004004004004,2.3356690023356688,1.668335001668335,1.001001001001001
4024,9.458577951728635,1.9569471624266144,5.544683626875408,3.2615786040443573
4026,1.890359168241966,2.700513097488523,1.890359168241966,0.0
4027,14.332247557003257,7.980456026058631,10.749185667752442,5.863192182410423
4028,0.0,0.9090909090909091,3.6363636363636362,0.0
4029,16.87618391596349,12.743240916135697,14.120888582744962,4.47735491648011
4030,12.152777777777779,19.097222222222225,18.663194444444443,4.774305555555556
4031,6.134969325153374,2.556237218813906,0.0,2.556237218813906
4032,13.888888888888888,12.992831541218637,6.272401433691757,17.921146953405017
4033,13.926254154138313,13.134989713562273,26.58648520335496,6.171862636493116
4034,34.19452887537994,35.171515414676506,33.76031263569258,9.227095093356493
4035,5.963791267305644,3.4078807241746536,4.259850905218317,3.8338658146964857
4037,6.064847212502915,5.831583858175881,3.2656869605784933,0.0
4038,16.506803479812625,17.845192951148785,30.67142538478697,3.457506134285077
4039,1.4312977099236641,3.3396946564885495,0.9541984732824427,1.9083969465648853
4040,28.442043378088506,40.27965361086835,50.21053467863669,3.654564232938746
4041,5.903187721369539,4.329004329004329,3.148366784730421,0.0
4044,14.336917562724015,9.472606246799796,23.553507424475168,4.224270353302612
4045,15.556368960468522,10.706442166910689,20.58931185944363,3.248535871156662
4046,7.008086253369272,2.15633423180593,4.8517520215633425,5.929919137466307
4047,8.741923223109083,7.98175598631699,26.6058532877233,1.9004180919802356
4048,5.338335016592122,5.915452315683162,9.378156110229405,1.8756312220458808
4049,3.043831168831169,3.246753246753247,1.0146103896103895,6.493506493506494
4061,0.5032712632108707,1.509813789632612,5.032712632108707,2.0130850528434827
4062,3.4,6.6,5.8,2.0
4063,10.145417653026715,4.39634764964491,4.847255100890543,9.356329613346862
4064,1.7094017094017093,1.7094017094017093,3.4188034188034186,11.11111111111111
4065,27.953958186516328,8.22175240779892,25.839793281653744,5.402865867982147
4066,5.687203791469194,0.9478672985781991,4.739336492890995,0.0
4067,2.308136180034622,2.885170225043278,4.039238315060588,5.1933064050779
4068,6.568778979907265,4.250386398763524,3.4775888717156107,0.0
4071,0.42607584149978694,2.1303792074989345,2.982530890498509,0.8521516829995739
4072,4.631161098246775,4.631161098246775,0.33079722130334105,2.6463777704267284
4073,0.45310376076121434,0.45310376076121434,1.8124150430448573,0.9062075215224287
4074,1.1419870574800153,1.903311762466692,0.7613247049866768,0.0
4075,6.459948320413436,12.058570198105082,17.441860465116278,0.8613264427217916
4076,2.51414204902577,1.5713387806411063,3.4569453174104336,0.9428032683846638
4077,2.585649644473174,5.171299288946348,3.878474466709761,3.232062055591467
4078,1.8050541516245489,0.0,0.0,0.0
4079,1.777251184834123,1.1848341232227488,0.5924170616113744,2.3696682464454977
4080,17.350157728706623,6.794467362290706,19.291434117932543,6.673137587964086
4081,1.5727391874180865,4.456094364351245,3.931847968545216,0.5242463958060288
4082,16.726537943421643,15.996856757970363,37.83116299955096,7.128423888639425
4083,12.841418671015084,5.707297187117815,4.688136975132491,0.6114961271911944
4084,1.445086705202312,0.0,0.0,0.0
4091,0.0,3.442340791738382,3.442340791738382,1.1474469305794606
4092,21.25025789147927,23.93232927584073,46.21415308438209,11.347225087683103
4093,4.127966976264189,5.159958720330238,6.191950464396285,8.255933952528379
4095,19.735383250794587,16.409195062458423,9.830733978860227,8.722004582748172
4099,0.0,0.0,0.0,0.0
4100,17.488076311605724,10.863804981452041,10.333863275039745,2.649708532061473
4104,8.820935019112026,19.112025874742724,8.232872684504558,4.116436342252279
4105,0.0,0.0,0.0,0.0
4106,0.0,2.544529262086514,0.0,0.0
4107,6.4338235294117645,0.0,0.9191176470588235,2.7573529411764706
4110,2.1739130434782608,1.4492753623188406,0.0,0.0
4111,12.755102040816327,2.5510204081632653,3.826530612244898,10.841836734693878
4112,5.63063063063063,2.2522522522522523,0.0,0.0
4117,0.0,4.184100418410042,0.0,0.0
4120,1.25,3.75,4.375,3.75
4121,3.137606454504706,1.344688480502017,5.8269834155087405,5.378753922008068
4122,7.624633431085044,1.7595307917888563,2.932551319648094,1.1730205278592376
4123,27.96516619649209,17.662210229363424,19.624678032626026,7.8498712130504105
4124,1.1792452830188678,0.0,0.0,0.0
4125,3.6555645816409426,6.904955320877335,3.249390739236393,4.87408610885459
4131,5.915568701263781,1.3444474321054047,6.7222371605270235,0.8066684592632428
4132,3.536067892503536,0.7072135785007072,7.072135785007072,2.1216407355021216
4134,6.545454545454545,4.363636363636364,0.0,0.0
4135,9.95925758261657,8.148483476686284,3.62154821186057,0.0
4136,9.07543959160522,4.53771979580261,5.104934770277936,4.53771979580261
4137,5.524861878453039,0.0,0.0,0.0
4138,6.622516556291391,0.0,0.0,0.0
4139,22.486162361623617,23.75461254612546,23.869926199261993,2.7675276752767526
4140,43.665233212041024,12.57029440952696,9.26232219649355,0.9923916639100231
4141,25.534565082001244,40.68922565912394,31.658708739879597,4.048162756902636
4142,0.0,1.1198208286674132,2.2396416573348263,0.0
4143,2.586206896551724,0.0,0.0,0.0
4144,7.595486111111111,6.727430555555556,1.3020833333333333,0.0
4145,13.311148086522463,10.537992235163616,13.865779256794232,6.100942872989462
4146,41.56800841883715,17.100762957116547,22.36253617469087,3.1570639305445933
4147,3.620564808110065,0.724112961622013,4.344677769732078,0.0
4161,4.769475357710651,2.7821939586645468,7.154213036565978,5.961844197138316
4163,17.218095881161375,6.75219446320054,15.36124240378123,4.388926401080351
4164,0.8865248226950354,0.0,0.0,0.0
4165,3.0872137895549265,1.0290712631849757,5.9171597633136095,1.2863390789812195
4169,3.054989816700611,0.0,1.6972165648336728,2.715546503733876
4170,16.588906168999483,2.0736132711249353,3.36962156557802,5.961638154484189
4172,0.9285051067780873,6.49953574744661,9.285051067780872,6.49953574744661
4173,0.0,0.0,0.0,0.0
4175,0.8438818565400844,0.0,3.3755274261603376,0.0
4176,0.0,2.7472527472527473,6.868131868131868,0.0
4177,3.0248033877797944,4.839685420447672,10.88929219600726,3.629764065335753
4181,1.3995801259622112,7.697690692792162,2.7991602519244223,0.0
4182,0.0,0.0,0.9285051067780873,3.714020427112349
4183,0.7905138339920948,7.1146245059288535,4.743083003952569,2.3715415019762847
4184,4.595588235294118,6.893382352941177,6.893382352941177,0.45955882352941174
4185,2.3809523809523814,1.3605442176870748,15.986394557823129,3.401360544217687
4186,5.999250093738283,4.874390701162355,3.749531308586427,0.7499062617172854
4191,0.0,1.2468827930174564,0.0,8.728179551122194
4192,7.909604519774011,6.779661016949152,1.694915254237288,0.0
4193,6.521739130434782,8.695652173913043,1.0869565217391304,6.521739130434782
4194,15.650741350906095,7.413509060955519,8.649093904448105,4.5304777594728165
4195,6.853582554517134,2.492211838006231,3.7383177570093458,2.492211838006231
4196,9.46372239747634,2.7602523659305995,9.858044164037855,6.703470031545741
4197,16.6015625,9.765625,5.859375,0.9765625
4198,6.4888248017303525,0.7209805335255948,0.7209805335255948,2.883922134102379
4199,14.012738853503185,6.369426751592357,22.292993630573246,10.828025477707005
4200,32.633500684618895,6.161570059333638,18.94112277498859,3.8795070743952533
4201,18.826232985681454,6.540569206293088,6.982499558069648,6.0102527841612154
4202,2.719033232628399,3.6253776435045317,1.8126888217522659,0.3021148036253776
4203,26.869861640264688,8.822939643071987,7.018247443352718,8.822939643071987
4204,22.589753933037517,10.28640580879387,10.084711577248891,13.311819281968535
4205,16.72979797979798,8.522727272727272,18.93939393939394,14.204545454545453
4206,19.264729491090062,13.645850056188793,5.458340022475518,2.2475517739605073
4207,12.995245641838352,4.120443740095087,3.1695721077654517,4.437400950871632
4208,2.447708055184691,4.672897196261682,2.0026702269692924,0.4450378282153983
4209,32.73177636234961,9.200283085633405,6.723283793347488,5.8386411889596594
4210,9.541117673784642,5.452067242162653,5.452067242162653,1.5901862789641072
4221,2.6785714285714284,0.8928571428571428,0.8928571428571428,5.357142857142857
4222,0.6238303181534622,0.6238303181534622,6.238303181534623,1.2476606363069245
4223,2.607561929595828,3.911342894393742,11.299435028248588,0.869187309865276
4224,0.0,1.5278838808250572,0.0,4.583651642475172
4226,0.0,0.0,1.5698587127158556,0.0
4227,2.793296089385475,0.0,1.3966480446927374,0.0
4228,2.2479126525369297,11.881824020552344,6.74373795761079,6.422607578676943
4229,1.606425702811245,3.21285140562249,0.0,1.606425702811245
4230,0.7710100231303006,3.855050115651504,6.168080185042405,3.855050115651504
4231,0.7057163020465773,0.7057163020465773,0.0,0.7057163020465773
4232,0.0,4.149377593360996,0.0,0.0
4233,0.0,0.0,0.0,0.0
4234,2.3118417672745952,11.559208836372978,21.32031852042127,1.0274852298998203
4235,3.711952487008166,1.4847809948032664,9.651076466221232,1.4847809948032664
4236,4.591368227731864,15.955004591368226,12.167125803489439,5.39485766758494
4237,1.2269938650306749,4.9079754601226995,5.521472392638037,6.134969325153374
4238,2.0833333333333335,2.0833333333333335,0.0,8.333333333333334
4239,9.352037408149632,8.684034736138946,4.230683589401024,4.676018704074816
4240,2.824858757062147,2.824858757062147,2.5109855618330195,5.021971123666039
4251,1.176470588235294,0.0,0.0,0.0
4252,22.321428571428573,11.332417582417582,12.01923076923077,0.6868131868131868
4253,4.62962962962963,0.0,3.0864197530864197,1.5432098765432098
4254,10.71209061375011,5.619457371147599,7.1121257353586795,4.30239704978488
4255,7.677543186180422,7.037747920665387,19.83365323096609,2.5591810620601407
4256,1.8501387604070305,0.0,0.0,2.7752081406105455
4257,2.7777777777777777,0.0,0.0,0.0
4258,22.431259044862518,5.93342981186686,8.683068017366137,4.413892908827785
4259,2.2650056625141564,0.0,0.0,0.0
4260,9.965831435079727,15.09111617312073,19.646924829157175,5.125284738041002
4261,2.905569007263922,0.0,0.48426150121065376,0.9685230024213075
4262,1.9665683382497543,5.899705014749262,0.0,2.949852507374631
4263,4.322200392927309,2.357563850687623,0.3929273084479371,2.357563850687623
4264,7.700770077007701,0.0,6.600660066006601,3.3003300330033003
4271,40.484467870359985,16.597510373443985,18.05539979813839,3.36436021083324
4273,3.4762456546929315,0.0,0.0,0.0
4274,1.6132749481447337,0.9218713989398478,2.9960820465545055,2.5351463470845816
4275,5.330490405117271,0.0,1.0660980810234542,0.0
4276,12.338425381903642,6.854680767724246,16.059537798668234,9.204857030943987
4277,5.235602094240838,6.282722513089006,0.0,1.0471204188481678
4279,11.508951406649617,4.475703324808184,6.074168797953964,3.516624040920716
4280,29.76190476190476,20.833333333333332,22.883597883597883,4.365079365079366
4281,0.0,0.0,4.9352251696483656,0.0
4282,16.67340339531124,11.014551333872271,7.17461600646726,2.324171382376718
4283,15.550755939524837,10.367170626349893,6.695464362850973,7.775377969762419
4284,2.93040293040293,0.7326007326007326,8.05860805860806,0.0
4285,13.338564142801099,9.807767752059632,12.946253432718713,4.315417810906237
4286,0.0,0.0,1.3879250520471893,0.0
4287,8.337420304070623,2.4521824423737124,0.0,0.4904364884747425
4288,0.0,0.0,0.0,0.0
4289,12.659210935073004,6.290773532152842,7.921714818266543,2.485243864554209
4303,34.67406380027739,21.2667591308368,11.789181692094314,3.005085529357374
4304,25.65226923920193,12.058759044069284,14.032010524007895,1.0962508221881166
4305,1.472211998527788,4.048582995951417,2.2083179977916823,0.0
4306,3.3057851239669422,3.3057851239669422,0.0,11.570247933884296
4307,0.0,0.0,2.9615004935834155,0.0
4309,12.702702702702704,5.675675675675675,8.91891891891892,3.5135135135135136
4310,21.4168039538715,20.86765513454146,2.196595277320154,4.393190554640308
4311,5.607476635514018,1.8691588785046729,3.7383177570093458,1.2461059190031154
4312,3.3840947546531304,3.045685279187817,2.3688663282571913,2.0304568527918785
4313,10.638297872340425,3.6824877250409167,6.546644844517186,2.0458265139116203
4314,0.0,0.0,0.0,0.0
4318,1.278772378516624,3.19693094629156,0.0,0.0
4319,1.2515644555694618,6.257822277847309,12.515644555694617,6.257822277847309
4320,0.0,3.067484662576687,4.601226993865031,3.067484662576687
4324,16.194817658349326,8.157389635316697,9.357005758157388,3.238963531669866
4401,24.397700868289107,12.290571114100526,19.322489910725206,3.118503118503119
4406,1.366120218579235,0.0,0.0,2.73224043715847
4411,1.9305019305019306,3.281853281853282,7.722007722007723,0.19305019305019305
4416,4.477611940298508,0.0,11.940298507462687,0.746268656716418
4421,2.5276461295418637,3.7914691943127963,1.8957345971563981,0.0
4426,0.9950248756218905,0.0,1.990049751243781,0.0
4431,2.6071842410196986,0.28968713789107764,1.4484356894553883,0.28968713789107764
4436,23.85935537881959,8.957722896609459,54.834658853076604,5.609041439933026
4441,25.751072961373392,12.262415695892091,50.889025137952174,0.0
4446,1.4858841010401187,0.0,5.943536404160475,0.0
4451,2.082248828735034,1.041124414367517,4.164497657470068,0.5205622071837585
4461,14.848505116714602,7.558022874724099,66.6845027088489,2.073439903685372
4536,0.0,0.0,26.288117770767613,0.0
4545,6.52489125181247,1.4499758337361044,33.107781536974386,1.9333011116481391
4546,0.0,0.0,0.0,1.0598834128245893
4561,2.4752475247524752,3.094059405940594,13.923267326732674,0.9282178217821782
4566,7.527953060998561,4.907930181925533,15.830842466511678,5.203144027454888
4571,0.8628127696289906,1.5099223468507335,5.608283002588439,1.5099223468507335
4590,2.207505518763797,1.1037527593818985,5.518763796909493,0.0
4591,7.893905904641617,8.525418377012947,12.946005683612253,0.0
4601,0.0,0.0,0.0,0.0
4606,0.7836990595611285,0.0,0.7836990595611285,0.0
4611,0.5757052389176742,0.0,0.5757052389176742,0.5757052389176742
4616,0.0,0.0,4.389815627743635,0.0
4621,4.065040650406504,0.6775067750677507,1.3550135501355014,4.065040650406504
4801,1.0449320794148382,1.0449320794148382,0.0,1.0449320794148382
4806,1.5600624024960998,4.160166406656266,7.280291211648466,0.0
4811,0.0,1.7006802721088434,5.1020408163265305,2.5510204081632653
4816,0.6357279084551812,0.0,1.2714558169103625,0.0
4821,1.1217049915872126,0.5608524957936063,5.608524957936063,0.0
4826,1.4204545454545454,2.840909090909091,2.840909090909091,7.102272727272727
4831,4.791853848457622,0.5989817310572028,11.680143755615454,0.0
4841,1.7706949977866313,3.098716246126605,4.426737494466578,2.213368747233289
4864,0.7400098667982239,2.220029600394672,12.826837691169215,5.426739023186975
4871,4.843918191603875,0.5382131324004306,10.22604951560818,2.1528525296017222
4641,2.5477707006369426,0.42462845010615713,2.9723991507431,0.0
4643,7.4183976261127595,0.0,1.483679525222552,1.112759643916914
4646,3.439153439153439,2.1164021164021167,8.730158730158731,0.7936507936507936
4651,0.0,0.0,0.0,0.0
4656,1.1117287381878822,0.5558643690939411,12.229016120066703,0.0
4666,1.0574550581600282,1.4099400775467041,3.1723651744800847,1.0574550581600282
4671,17.601572179262615,6.3656171230828384,43.064040671593965,2.2215576536933397
4681,0.6653359946773121,0.6653359946773121,1.3306719893546242,2.6613439787092483
4683,2.2271714922048997,3.34075723830735,10.02227171492205,0.5567928730512249
4691,11.818426000537201,4.834810636583401,9.938221864088101,4.2976094547408
4696,3.3009352649917476,2.2006235099944984,19.255455712451862,1.4670823399963322
4701,0.0,0.8539709649871904,1.7079419299743808,0.0
4846,0.0,0.0,0.0,0.0
4851,0.0,0.0,1.375515818431912,0.0
4551,4.183673469387755,5.918367346938775,22.755102040816325,0.20408163265306123
4716,0.7451564828614009,2.9806259314456036,15.64828614008942,0.0
4721,0.33003300330033003,0.0,11.55115511551155,0.33003300330033003
4723,2.2123893805309733,3.3185840707964602,0.0,1.1061946902654867
4724,5.085435313262815,8.54353132628153,9.967453213995118,0.4068348250610252
4726,1.321003963011889,1.6512549537648613,3.6327608982826947,0.0
4741,0.0,6.010518407212622,12.021036814425244,1.5026296018031555
4746,20.582329317269075,8.534136546184738,13.55421686746988,0.8366800535475234
4751,14.374387455080038,14.047696831100946,79.38582162691931,0.9800718719372753
4761,11.097560975609756,10.609756097560977,32.19512195121951,1.5853658536585367
4776,2.3121387283236996,9.826589595375722,14.45086705202312,0.0
4781,5.7255676209279365,3.3563672260612045,20.33563672260612,0.9871668311944718
4786,1.5961691939345573,0.3990422984836393,13.966480446927374,2.793296089385475
4471,2.805049088359046,11.999376655758143,27.73881876266168,0.31167212092878294
4476,5.778894472361809,4.522613065326633,49.246231155778894,4.2713567839195985
4486,0.0,0.9505703422053232,0.4752851711026616,0.0
4495,0.0,0.0,15.267175572519083,0.0
4501,6.358087487283825,6.866734486266531,44.506612410986776,1.2716174974567651
4506,12.764932562620423,6.021194605009634,62.86127167630058,4.5761078998073215
4511,5.716463414634147,1.9054878048780488,14.481707317073171,4.954268292682927
4711,1.0416666666666667,4.513888888888888,15.972222222222221,0.0
4756,0.0,0.0,0.0,0.0
4791,0.0,0.0,0.0,0.0
4881,0.7072135785007072,0.0,0.7072135785007072,1.4144271570014144
4891,0.8356545961002785,3.342618384401114,5.013927576601671,1.1142061281337048
4901,0.0,0.0,15.406162464985995,0.0
4911,23.72393961179008,7.668344116942248,49.84423676012461,6.230529595015576
4921,3.4416826003824093,1.9120458891013383,5.353728489483747,2.6768642447418736
4941,0.6648936170212766,1.6622340425531914,16.622340425531913,5.319148936170213
4946,11.756238003838773,5.598208573256558,25.031989763275753,4.798464491362764
4951,0.3787878787878788,0.0,8.712121212121213,0.3787878787878788
5001,5.426356589147287,2.9069767441860463,2.7131782945736433,0.0
5002,4.85597616157157,3.9730714049221936,2.118971415958504,1.059485707979252
5003,8.301404853128991,18.51851851851852,1.5964240102171137,1.277139208173691
5009,0.0,4.9504950495049505,0.0,0.0
5010,1.187648456057007,1.7814726840855108,1.7814726840855108,0.0
5017,2.620741295394983,4.492699363534257,0.3743916136278548,0.7487832272557096
5048,0.0,1.670378619153675,0.0,0.0
5049,0.0,0.0,0.0,0.0
5050,0.0,1.4492753623188406,0.0,0.0
5061,0.6887052341597797,1.3774104683195594,2.7548209366391188,0.0
5063,0.0,0.0,0.0,0.0
5064,10.40582726326743,2.081165452653486,5.202913631633715,1.040582726326743
5071,0.0,0.0,0.0,0.0
5072,5.914972273567467,8.133086876155268,0.0,0.0
5073,14.9812734082397,1.2484394506866416,1.2484394506866416,0.0
5076,0.0,0.0,0.0,0.0
5077,1.0869565217391304,0.0,0.0,0.0
5078,2.6595744680851063,5.319148936170213,0.0,0.0
5079,0.0,7.55939524838013,4.319654427645789,0.0
5091,0.5636978579481398,1.6910935738444193,3.0063885757234123,0.0
5096,2.293577981651376,0.0,0.0,0.0
5097,0.6176652254478073,1.2353304508956147,0.6176652254478073,0.0
5108,0.0,0.6209894431794659,2.6909542537776856,0.0
5112,3.9904229848363926,7.980845969672785,7.182761372705507,0.0
5113,4.030780505679736,6.1072431904238424,18.32172957127153,0.6107243190423843
5115,1.9325107774639512,2.3784748030325553,4.162330905306972,0.1486546751895347
5117,0.0,0.0,0.0,0.0
5118,1.0927468925010244,1.3659336156262807,6.28329463188089,0.0
5120,6.609642301710731,2.7216174183514776,27.6049766718507,1.944012441679627
5121,0.0,0.0,0.0,0.0
5125,0.0,1.9157088122605364,0.0,0.0
5131,8.547008547008549,3.2419687592101383,6.4839375184202765,0.0
5136,0.0,0.0,4.524886877828055,0.0
5138,3.4989503149055285,2.099370188943317,1.0496850944716585,0.0
5396,1.1173184357541899,0.37243947858473,1.86219739292365,0.37243947858473
5397,0.0,0.0,0.0,0.0
5398,1.1942675159235667,3.781847133757962,0.0,0.19904458598726116
5399,3.865979381443299,0.0,0.0,1.288659793814433
5141,3.513394817742644,8.563899868247693,1.0979358805445762,1.0979358805445762
5143,0.0,0.0,0.0,0.0
5144,0.0,0.0,0.0,0.0
5146,0.0,0.0,0.0,0.0
5148,0.6622516556291391,4.635761589403974,0.0,0.0
5149,0.0,0.0,0.0,0.0
5151,1.785076758300607,1.0710460549803642,0.0,0.0
5154,0.0,1.075268817204301,0.0,0.0
5160,0.0,2.109704641350211,0.0,0.0
5161,0.0,6.329113924050633,0.0,0.0
5162,0.0,8.201892744479496,0.0,0.0
5167,4.575707154742097,2.4958402662229617,0.0,1.2479201331114809
5171,3.6363636363636362,1.8181818181818181,2.2727272727272725,0.0
5176,0.0,0.9149130832570906,0.0,0.0
5180,1.3486176668914363,0.0,0.0,2.6972353337828725
5181,0.0,1.7035775127768313,0.0,0.0
5186,8.547008547008549,12.82051282051282,2.136752136752137,2.136752136752137
5187,2.8612303290414878,5.007153075822604,0.0,0.0
5189,2.8457598178713717,10.244735344336938,0.0,0.0
5192,6.019267943862076,9.539675305285325,1.1787078219051061,2.074525766552987
5193,0.0,3.082614056720099,0.0,0.0
5194,1.4566642388929352,0.7283321194464676,0.0,0.0
5196,5.58905721429622,24.121194293278425,0.29416090601559053,1.617884983085748
5198,2.8011204481792715,3.361344537815126,0.0,0.0
5199,0.0,3.599712023038157,0.0,0.0
5200,0.0,6.825938566552901,0.0,0.0
5203,1.402524544179523,23.842917251051894,2.805049088359046,0.0
5205,0.0,1.2422360248447206,0.0,0.0
5206,0.0,3.048780487804878,0.0,0.0
5207,5.88235294117647,0.0,0.0,0.0
5208,0.0,2.6212319790301444,0.0,0.0
5210,4.53327838450443,14.42406758705955,1.0302905419328252,0.0
5212,0.0,3.0643513789581203,2.553626149131767,0.0
5214,0.0,0.5824111822947001,0.0,0.0
5216,0.7380073800738007,1.4760147601476015,0.0,0.0
5221,2.1968365553602816,13.620386643233743,0.43936731107205623,0.8787346221441125
5225,0.0,5.038937242327073,0.0,0.0
5226,1.042131904123865,1.191007890427274,0.4466279589102278,0.0
5227,6.154842889536767,5.183025591188857,0.0,0.0
5230,0.0,0.0,0.0,0.0
5231,2.042900919305414,5.107252298263534,0.0,0.0
5233,2.450980392156863,0.0,0.0,2.450980392156863
5236,1.223740566999796,3.8751784621660206,0.0,0.0
5237,0.0,2.8776978417266186,0.0,0.0
5238,0.6343835906111228,2.326073165574117,0.4229223937407486,0.0
5239,5.1183621241202815,1.9193857965451055,0.3198976327575176,0.0
5240,1.3311148086522462,0.6655574043261231,0.0,0.6655574043261231
5242,0.8939213349225268,2.9797377830750893,0.0,0.29797377830750893
5249,0.0,0.0,0.0,1.3262599469496021
5250,1.5864621893178212,2.6441036488630356,0.5288207297726071,5.156002115282919
5251,2.117148906139732,0.35285815102328866,0.0,3.8814396612561755
5254,1.126947298641034,0.9943652635067948,0.6629101756711965,1.4584023864766325
5257,1.1332728921124207,3.173164097914778,0.0,1.1332728921124207
5260,0.42735042735042733,0.42735042735042733,0.0,1.7094017094017093
5263,2.226345083487941,1.1131725417439704,0.0,0.0
5266,2.4325519681556833,1.3268465280849182,0.0,5.970809376382132
5268,0.8593526210254941,0.8593526210254941,0.0,0.0
5269,0.0,0.5293806246691372,0.0,0.0
5281,7.901951298177712,7.256894049346879,2.9027576197387517,0.0
5287,3.513703443429374,2.3424689622862496,0.9369875849144998,1.8739751698289997
5304,0.0,0.0,0.0,0.0
5307,0.0,0.0,0.0,0.0
5309,0.0,0.0,0.0,0.0
5310,0.0,0.0,1.8001800180018002,0.0
5315,0.0,0.0,0.0,0.0
5317,0.0,0.7479431563201197,0.0,0.0
5323,0.0,0.0,0.0,0.0
5324,0.0,3.259452411994785,0.0,0.0
5401,9.275017018379849,5.190605854322668,12.338325391422737,4.765146358066712
5402,23.41364099083814,2.7146250424160163,7.465218866644045,3.6195000565546884
5403,0.0,1.8975332068311195,3.795066413662239,0.0
5404,0.0,0.0,0.0,0.0
5405,1.9749835418038184,0.0,0.0,0.0
5406,0.0,11.822660098522169,0.0,2.9556650246305423
5407,4.099480732440558,6.832467887400929,0.0,1.0931948619841485
5408,0.823045267489712,2.4691358024691357,7.407407407407407,1.646090534979424
5409,2.5544337671816084,0.8514779223938694,0.48655881279649676,0.0
5410,0.0,0.0,0.0,3.2206119162640903
5411,0.0,0.0,0.6978367062107467,0.0
5412,4.214963119072708,20.021074815595362,6.322444678609062,1.053740779768177
5413,4.012036108324975,10.53159478435306,4.012036108324975,0.5015045135406219
5414,6.7892035105149855,15.896671634376553,10.432190760059614,5.630071203841696
5415,0.9017132551848511,6.311992786293959,4.508566275924256,0.0
5451,6.564102564102564,9.846153846153847,8.41025641025641,0.41025641025641024
5456,0.5305039787798408,0.0,0.5305039787798408,0.5305039787798408
5458,0.0,2.2346368715083798,0.0,0.0
5464,1.9299696719051558,0.27570995312930796,0.0,0.0
5663,0.0,0.0,0.0,0.0
5665,0.0,0.0,0.0,0.0
5669,0.0,0.0,0.0,0.0
5671,0.0,0.0,0.0,0.0
5673,0.0,0.0,0.0,0.0
5674,0.0,0.0,0.0,0.0
5675,7.179054054054054,2.5337837837837838,4.434121621621621,6.33445945945946
5678,17.905507071922962,7.372855853144749,10.081251880830575,4.814926271441469
5683,0.0,0.0,4.3478260869565215,4.3478260869565215
5684,0.0,0.0,0.0,0.0
5688,0.0,0.0,0.0,13.245033112582782
5690,0.0,0.0,0.0,0.0
5692,0.0,0.0,0.0,0.0
5785,0.0,0.0,8.016032064128256,0.0
5798,1.8867924528301887,1.8867924528301887,1.8867924528301887,0.0
5803,0.0,0.0,0.0,0.0
5812,0.0,0.0,0.0,0.0
5813,0.0,0.0,0.0,0.0
5816,8.718980549966465,3.35345405767941,5.030181086519114,0.0
5817,0.0,0.0,0.0,0.0
5819,2.1321961620469083,2.1321961620469083,0.0,12.793176972281449
5821,2.6109660574412534,2.6109660574412534,0.0,0.0
5822,9.574270310466629,8.365867261572783,8.27291318088864,1.6731734523145567
5827,0.0,3.1446540880503147,3.1446540880503147,0.0
5828,0.0,0.0,0.0,0.0
5830,0.0,1.9120458891013383,1.9120458891013383,0.0
5831,2.9197080291970803,4.37956204379562,1.4598540145985401,0.29197080291970806
5471,0.0,3.0959752321981426,0.0,0.0
5472,0.0,0.0,0.0,0.0
5473,0.9940357852882703,0.0,3.976143141153081,0.0
5480,0.0,0.0,0.0,0.0
5487,0.0,0.0,0.0,0.0
5489,6.195786864931847,1.2391573729863692,0.0,0.0
5495,2.5244556642473968,4.102240454402019,4.102240454402019,0.6311139160618492
5496,1.5424164524421595,2.056555269922879,7.712082262210797,0.0
5501,0.8156606851549756,3.2626427406199023,3.2626427406199023,0.0
5503,3.7257824143070044,0.0,0.7451564828614009,0.0
5511,1.7472335468841003,3.4944670937682005,1.1648223645894002,0.0
5512,0.0,4.464285714285714,5.208333333333333,2.232142857142857
5514,0.7385524372230429,0.0,0.7385524372230429,0.0
5515,1.1123470522803114,1.1123470522803114,6.674082313681869,0.0
5516,2.511661284535343,1.4352350197344816,5.382131324004306,0.3588087549336204
5518,4.464950141390088,2.232475070695044,32.74296770352731,0.4464950141390088
5520,0.0,3.502626970227671,0.0,0.8756567425569177
5521,0.8396305625524769,0.8396305625524769,0.8396305625524769,0.0
5522,0.0,0.0,7.604562737642586,0.0
5523,4.763649688530597,0.7328691828508611,0.36643459142543056,1.099303774276292
5527,0.0,0.8658008658008658,0.0,2.5974025974025974
5529,6.633499170812604,3.316749585406302,0.0,0.0
5530,0.0,0.0,10.434782608695652,0.0
5531,0.0,0.0,2.3255813953488373,0.0
5533,0.0,1.176470588235294,5.88235294117647,0.0
5534,0.0,0.0,0.0,3.289473684210526
5535,0.0,0.0,0.0,0.0
5537,0.0,0.0,3.058103975535168,0.764525993883792
5539,0.0,0.0,2.680965147453083,2.680965147453083
5540,0.0,1.6025641025641024,1.6025641025641024,0.0
5541,0.8291873963515755,0.0,5.804311774461028,0.0
5661,0.0,0.0,0.0,0.0
5680,0.0,0.0,0.0,0.0
5693,0.34965034965034963,0.6993006993006993,1.7482517482517483,0.34965034965034963
5804,0.6353240152477764,0.6353240152477764,0.0,0.6353240152477764
5923,0.0,0.0,0.0,0.0
5551,0.0,0.0,0.0,0.0
5552,0.0,1.4684287812041115,0.0,0.0
5553,2.803738317757009,0.9345794392523364,0.0,0.0
5554,0.0,0.975609756097561,0.0,4.878048780487805
5555,0.0,0.0,0.0,0.0
5556,0.0,0.0,0.0,0.0
5557,0.0,0.0,0.0,0.0
5559,0.0,0.0,0.0,0.0
5560,0.0,0.0,0.0,0.0
5561,6.1946902654867255,5.604719764011799,2.6548672566371683,0.5899705014749262
5562,0.0,0.0,0.0,0.0
5563,0.0,0.0,0.0,0.0
5564,0.0,0.0,0.0,0.0
5565,0.0,0.0,0.0,0.0
5566,2.444987775061125,0.0,0.0,0.0
5568,7.394434714925083,3.1134461957579296,0.1945903872348706,2.1404942595835768
5571,0.0,0.0,0.0,0.0
5741,0.0,0.0,0.0,0.0
5742,0.0,2.688172043010753,16.129032258064516,0.0
5743,11.527377521613833,1.440922190201729,0.0,0.0
5744,9.0311986863711,1.6420361247947455,0.0,0.0
5745,0.0,0.0,0.8583690987124463,0.0
5746,0.0,1.9212295869356388,0.0,0.0
5747,0.0,0.0,0.0,0.0
5748,0.0,0.0,0.0,0.0
5749,2.3897058823529416,4.411764705882353,14.88970588235294,4.779411764705883
5750,0.0,0.0,0.0,0.0
5752,0.0,0.0,0.0,2.4813895781637716
5754,0.0,0.0,0.0,0.0
5755,0.0,0.0,0.0,0.0
5756,0.0,2.044989775051125,0.0,2.044989775051125
5757,6.643268989721735,6.643268989721735,20.431185760842318,1.8801704687891703
5758,0.0,0.0,0.0,0.0
5759,0.0,0.0,0.0,0.0
5760,7.858546168958742,1.9646365422396854,0.0,0.0
5761,0.0,1.7857142857142856,0.0,0.0
5762,0.0,0.0,0.0,0.0
5763,0.0,0.0,0.0,0.0
5764,2.083815698078259,1.6207455429497568,3.009956008335263,2.083815698078259
5765,0.0,0.0,0.0,0.0
5766,0.0,0.0,0.0,1.644736842105263
5871,7.787151200519144,0.6489292667099286,0.0,0.0
5872,5.04944245739533,0.21039343572480537,0.21039343572480537,2.945508100147275
5873,0.0,0.0,0.0,0.0
5902,2.247191011235955,0.0,2.247191011235955,0.0
5903,0.0,0.0,0.0,0.0
5904,0.0,0.0,0.0,0.0
5905,0.0,1.3812154696132597,0.0,0.0
5907,0.0,0.0,6.211180124223602,0.0
5908,0.0,0.0,0.0,0.0
5909,1.358695652173913,1.358695652173913,0.0,0.0
5910,0.0,2.347417840375587,0.0,0.0
5911,4.149377593360996,0.0,0.0,0.0
5912,0.0,0.0,0.0,0.0
5913,0.0,0.0,0.0,0.0
5914,0.0,0.0,0.0,0.0
5919,0.0,0.0,4.137931034482759,0.0
5921,0.0,0.0,0.0,0.0
5922,0.0,1.2820512820512822,0.0,0.0
5924,0.0,0.0,0.0,0.0
5925,0.0,9.345794392523365,0.0,0.0
5926,0.0,0.0,0.0,0.0
5928,5.154639175257732,0.0,0.0,0.0
5929,0.0,1.5082956259426847,0.0,0.0
5930,0.0,0.0,0.0,0.0
5931,0.0,0.0,0.0,11.650485436893204
5932,0.0,0.0,0.0,0.0
5933,0.0,0.0,0.0,0.0
5934,0.0,0.0,0.0,0.0
5935,0.0,0.0,0.0,0.0
5937,0.0,0.0,0.0,0.0
5938,6.800475373035785,13.36986663145385,8.054931995246271,4.621682292354417
5939,0.5675368898978433,0.5675368898978433,0.0,1.70261066969353
5582,0.8252527336496802,5.364142768722922,4.126263668248401,0.6189395502372601
5584,3.331650681474003,1.4134275618374557,1.3124684502776374,1.110550227158001
5585,0.0,3.3829499323410013,0.0,0.0
5586,6.246850689914615,4.928454577457497,3.271831190076826,5.245974060038793
5587,4.721435316336166,1.8885741265344667,0.5246039240373519,0.9442870632672333
5592,3.4714186530895623,4.628558204119417,6.942837306179125,0.4628558204119417
5581,1.0217113665389528,0.5108556832694764,0.0,0.5108556832694764
5588,1.9880715705765406,1.9880715705765406,2.6507620941020544,5.964214711729622
5590,3.633944108915959,1.9961101443341183,1.0748285392568329,0.46064080253864265
5601,0.8845643520566122,0.8845643520566122,11.057054400707651,0.0
5604,0.0,2.3957834211787254,3.3540967896502156,0.0
5606,5.208817784392149,0.5580876197563017,0.9301460329271696,0.4650730164635848
5607,2.3537323470073974,2.017484868863484,16.812373907195695,0.6724949562878278
5609,0.0,0.0,0.0,0.0
5610,0.0,0.0,0.0,0.0
5611,0.2843332385555871,0.2843332385555871,0.5686664771111742,1.1373329542223485
5613,1.281112737920937,0.5490483162518301,1.6471449487554906,0.0
5790,0.0,0.0,0.0,0.0
5792,0.0,0.0,1.524390243902439,4.573170731707317
5799,0.4488330341113106,0.4488330341113106,0.4488330341113106,0.0
5805,5.046522630499921,3.4694843084686955,4.258003469484309,0.15770383220312253
5806,0.6271558482282847,0.6271558482282847,0.6271558482282847,3.4493571652555657
5422,0.5186721991701245,0.0,0.5186721991701245,0.0
5423,0.0,0.0,10.362694300518134,0.0
5424,0.0,3.3003300330033003,0.0,0.0
5425,0.5991611743559018,1.797483523067705,4.1941282204913115,0.5991611743559018
5426,0.0,0.0,0.0,0.0
5427,5.417118093174431,1.0834236186348862,0.0,0.0
5428,3.2560032560032557,2.849002849002849,2.035002035002035,0.0
5431,3.0864197530864197,0.0,0.0,0.0
5435,0.0,0.0,0.0,0.0
5436,0.0,0.0,0.0,0.0
5437,0.0,0.0,0.0,0.0
5474,0.0,0.0,0.0,0.0
5475,0.0,0.0,0.0,0.0
5476,2.890173410404624,2.890173410404624,5.780346820809248,0.0
5477,3.678724708767627,2.043735949315349,5.92683425301451,0.6131207847946045
5479,0.0,0.0,3.5650623885918002,0.0
5481,0.0,0.0,0.0,0.0
5482,1.6528925619834711,0.8264462809917356,6.6115702479338845,0.0
5483,6.472491909385114,0.0,0.0,0.0
5484,3.75234521575985,2.8142589118198873,0.0,0.0
5485,0.0,0.0,0.0,0.0
5486,0.0,0.0,0.0,0.0
5488,0.0,0.0,0.0,0.0
5490,0.0,0.0,0.0,0.0
5491,8.064516129032258,0.0,0.0,0.0
5492,0.0,0.0,5.302226935312832,0.0
5493,0.0,0.0,0.0,0.0
5497,1.0729613733905579,1.0729613733905579,2.1459227467811157,0.0
5498,1.9120458891013383,0.0,8.413001912045889,0.3824091778202677
5499,8.333333333333334,0.0,2.0833333333333335,0.0
5621,1.7094017094017093,1.7094017094017093,0.0,0.0
5622,0.0,1.6286644951140066,1.6286644951140066,0.0
5623,1.4577259475218658,0.0,0.0,0.0
5628,0.0,0.0,0.0,0.0
5629,0.0,0.0,0.0,0.0
5631,0.0,0.0,2.6954177897574128,0.0
5632,2.185792349726776,5.46448087431694,11.475409836065573,0.0
5633,8.669556518839613,1.000333444481494,6.668889629876626,0.33344448149383127
5634,2.1725636250775913,0.0,0.0,0.0
5636,0.337609723160027,1.688048615800135,1.350438892640108,0.0
5637,0.0,0.0,0.0,0.0
5638,1.8288222384784198,1.463057790782736,7.681053401609363,0.365764447695684
5639,1.1961722488038278,0.0,0.0,0.0
5640,0.0,0.0,0.0,1.3908205841446453
5642,6.8357719902830345,4.463024687870742,4.067566804135359,0.6779278006892265
5643,6.273764258555134,1.9011406844106464,3.2319391634980987,0.19011406844106463
5645,0.0,0.0,4.405286343612335,0.0
5646,3.0690537084398977,1.023017902813299,1.1935208866155158,0.0
5649,2.0682523267838677,1.0341261633919339,6.72182006204757,0.0
5650,0.0,0.0,0.0,0.0
5652,0.0,0.0,0.0,0.0
5653,0.0,0.0,0.0,0.0
5654,0.0,0.0,0.0,0.0
5655,1.335113484646195,0.0,0.6675567423230975,0.0
5656,0.9126169290440338,0.4563084645220169,1.5970796258270592,0.0
5851,0.0,0.0,0.0,0.0
5429,0.0,1.7985611510791368,0.0,0.0
5430,0.0,0.0,0.0,0.0
5434,0.0,5.550416281221091,1.8501387604070305,0.9250693802035153
5701,0.0,0.0,0.0,0.0
5702,0.3369272237196766,0.3369272237196766,1.3477088948787064,0.0
5703,0.0,0.0,0.0,0.0
5704,0.9828009828009828,0.0,0.0,0.0
5705,1.0090817356205852,1.0090817356205852,0.0,0.0
5706,0.0,0.0,0.8726003490401396,0.0
5707,0.0,1.445086705202312,2.167630057803468,0.0
5708,4.0691759918616475,0.0,0.0,0.0
5709,0.7818608287724785,0.0,0.0,0.0
5710,1.9267822736030829,0.0,0.0,0.0
5711,0.0,0.3363605785401951,0.0,0.0
5712,4.331683168316832,1.2376237623762376,0.0,0.0
5713,0.40899795501022496,0.40899795501022496,0.0,0.0
5714,3.1372549019607843,0.0,0.7843137254901961,0.0
5715,0.0,5.263157894736842,0.0,0.0
5716,4.509582863585118,0.0,3.3821871476888385,0.0
5717,2.3917087430241826,1.5944724953494553,0.0,0.0
5718,0.49701789264413515,2.982107355864811,0.0,0.0
5719,0.0,0.0,0.0,0.0
5720,0.0,0.0,0.0,0.0
5721,2.9312933438192608,1.5013941517123042,0.9294344748695217,0.4289697576320869
5722,0.0,0.0,0.0,0.0
5723,5.963302752293578,0.45871559633027525,1.834862385321101,0.0
5724,3.0833797267782965,0.8993190869770031,2.398184231938675,2.441008950366151
5725,0.4682744088035589,1.4048232264106766,0.4682744088035589,0.0
5726,0.0,0.0,0.8361204013377926,0.0
5727,0.0,0.9970089730807576,0.9970089730807576,0.0
5728,0.0,0.0,0.0,0.0
5729,1.7182130584192439,0.0,0.0,0.0
5730,0.0,0.0,0.7012622720897616,0.0
5731,0.0,0.731528895391368,0.0,0.0
5732,1.6920473773265652,0.0,16.920473773265652,0.0
5852,0.0,0.0,11.278195488721805,0.0
5853,1.2285012285012284,0.0,0.0,0.0
5854,0.0,0.0,0.0,0.0
5855,1.6129032258064515,0.0,0.0,0.0
5856,0.0,0.0,0.0,0.0
5857,2.7758501040943786,0.6939625260235947,1.3879250520471893,0.0
5858,0.0,0.0,0.0,0.0
5859,0.3633720930232558,0.3633720930232558,0.3633720930232558,0.0
5860,0.0,11.363636363636363,1.893939393939394,0.0
5861,5.045871559633028,0.6116207951070336,9.785932721712538,0.1529051987767584
5862,0.0,4.25531914893617,0.0,0.0
5863,0.0,0.0,0.0,0.0
5583,14.705882352941176,8.055451479955039,5.994754589733983,1.7796927688272761
5589,6.035428750587867,8.622041072268381,6.897632857814704,4.624549302398495
5591,18.708509354254677,14.948238243349891,9.42388932732928,2.7389629079429922
5624,6.533700137551582,5.15818431911967,8.081155433287483,2.1492434662998625
5627,25.168815224063845,8.491917331696337,15.55146306527522,2.9670554532432987
5635,13.24453756360371,11.598323855133193,15.863513917988625,1.1224184375935349
5648,6.401551891367604,3.103782735208535,0.19398642095053345,0.0
5651,6.295907660020987,5.246589716684155,0.0,3.1479538300104934
5841,0.27374760470845877,0.8212428141253764,0.0,0.27374760470845877
5842,0.0,0.0,0.0,0.0
5843,0.0,2.4600246002460024,0.0,0.0
5882,0.5993407252022775,0.5993407252022775,0.2996703626011388,0.0
5883,3.4482758620689653,2.155172413793103,0.43103448275862066,1.7241379310344827
5884,9.748892171344165,5.612998522895126,12.407680945347119,0.2954209748892171
5885,4.149377593360996,1.037344398340249,0.0,0.0
5886,7.197180485995177,8.384344277499535,5.416434798738638,2.7824151363383414
5889,5.385576022478927,7.180768029971901,4.370902279113331,0.3122073056509522
5890,9.333730513355178,7.645715420514348,18.121338496673616,3.872505212987787
5891,9.633911368015413,12.524084778420038,0.0,0.0
5892,2.7278562259306804,0.8023106546854942,0.7220795892169448,0.0
6002,4.472843450479234,6.3897763578274756,8.803691870784522,1.2779552715654952
6004,0.0,0.0,0.0,0.0
6007,1.7800262319655238,6.276934607457373,13.584410717631627,0.09368559115608019
6008,0.0,0.8658008658008658,8.658008658008658,0.0
6009,0.0,0.0,0.0,0.0
6010,0.0,0.0,0.0,0.0
6011,0.0,0.0,0.0,0.0
6021,10.951760104302478,1.303780964797914,3.1290743155149934,0.2607561929595828
6022,3.189792663476874,1.139211665527455,0.0,0.0
6023,5.420918367346939,2.657312925170068,16.475340136054424,3.2950680272108848
6024,0.9570686354935739,1.7774131802023516,1.0937927262783702,0.9570686354935739
6025,4.390613171839515,3.4822104466313397,7.57002271006813,3.9364118092354277
6032,0.0,0.0,0.0,0.0
6033,0.0,0.0,0.0,0.0
6034,0.0,0.0,0.0,0.0
6035,0.0,0.0,0.0,0.0
6037,0.18336847895846703,1.742000550105437,0.0,0.0
6052,0.0,0.0,0.0,0.0
6054,0.0,0.0,0.0,0.0
6056,0.0,0.0,0.0,0.0
6057,0.0,8.791208791208792,0.0,0.0
6058,0.0,0.0,0.0,0.0
6061,0.0,0.0,0.0,0.0
6076,0.0,0.0,0.0,0.0
6077,0.8703220191470844,0.0,0.0,0.0
6082,1.797348910357223,0.0,0.2246686137946529,0.0
6083,0.0,0.0,0.0,0.0
6084,0.0,0.0,0.0,0.0
6087,0.0,0.0,0.0,0.0
6089,0.0,0.5050505050505051,0.0,0.0
6090,0.0,0.8424599831508003,1.6849199663016006,0.0
6101,6.7114093959731544,8.053691275167786,10.738255033557046,0.0
6102,0.0,0.0,0.0,0.0
6104,0.0,0.0,0.0,0.0
6109,0.0,0.0,0.0,0.0
6110,7.373271889400922,1.6129032258064515,11.751152073732719,0.0
6111,4.207573632538569,5.610098176718092,9.1164095371669,1.402524544179523
6112,0.0,0.0,0.0,0.0
6113,0.0,12.12471131639723,12.12471131639723,0.0
6116,0.0,8.571428571428571,0.0,0.0
6117,0.0,0.0,0.0,0.0
6118,4.895416110369382,1.7801513128615931,9.345794392523365,0.0
6119,13.201320132013201,0.0,20.627062706270628,0.0
6131,0.0,0.0,0.0,0.0
6133,2.255639097744361,4.6186895810955955,0.5370569280343717,0.0
6134,0.0,0.0,0.0,0.0
6135,2.833663927458203,1.9835647492207424,0.0,0.0
6136,4.360138445633119,5.933384276531667,1.3934463073672856,1.2136467838360228
6137,0.0,0.4231908590774439,0.0,0.0
6139,0.0,0.26673779674579884,0.0,1.6004267804747934
6140,0.6337135614702154,0.0,0.3168567807351077,0.0
6141,1.7510775862068966,5.926724137931034,2.155172413793103,2.4245689655172415
6142,0.0,0.0,0.0,0.0
6151,0.0,0.0,0.0,0.0
6152,1.9898517560441746,3.8802109242861405,9.55128842901204,0.5969555268132525
6153,9.279647687952187,4.928174478347489,4.299045821537171,1.2582573136206354
6154,1.5381234893430016,4.174906613931004,3.2959789057350033,1.757855416392002
6155,9.191176470588236,0.0,0.0,2.7573529411764706
6156,0.0,0.19912385503783353,0.0,0.0
6157,1.8648018648018647,0.4662004662004662,0.0,0.4662004662004662
6158,0.3306878306878307,1.6534391534391533,0.6613756613756614,1.6534391534391533
6159,7.287112221528211,2.7066416822819073,2.9148448886112845,1.2492192379762648
6172,0.0,0.0,0.0,0.0
6173,1.7513134851138354,1.7513134851138354,0.8756567425569177,0.8756567425569177
6177,2.398081534772182,0.0,0.0,0.0
6181,0.0,4.545454545454545,0.0,0.0
6191,0.0,4.6875,0.0,0.0
6192,0.0,0.0,0.0,0.0
6193,0.0,1.303780964797914,0.0,0.0
6194,0.0,0.0,0.0,0.0
6195,0.0,8.064516129032258,0.0,0.0
6197,0.0,0.0,0.0,0.0
6198,0.0,0.0,0.0,5.34045393858478
6199,5.928853754940711,2.9644268774703555,11.363636363636363,4.446640316205534
6201,0.0,0.0,2.08768267223382,0.0
6202,0.0,0.0,0.0,0.0
6203,2.635046113306983,0.0,0.0,0.0
6204,6.373117033603708,2.8968713789107765,12.16685979142526,5.214368482039397
6205,0.0,4.140786749482402,0.0,0.0
6211,1.1507479861910241,0.0,0.0,0.0
6212,0.8984725965858041,0.0,0.0,0.0
6213,0.0,0.0,1.3333333333333333,0.0
6214,19.138755980861244,0.0,0.0,0.0
6215,0.9407337723424272,0.4703668861712136,4.703668861712135,0.0
6217,3.0283365779796667,4.758814622539477,4.109885355829548,2.5957170668397143
6218,0.0,0.0,0.6688963210702341,0.0
6219,1.5560165975103732,4.149377593360996,3.1120331950207465,0.0
6220,0.0,0.0,0.0,0.0
6232,0.0,3.0557677616501144,1.0185892538833714,0.0
6235,1.238390092879257,11.76470588235294,13.003095975232197,0.0
6238,1.9561815336463224,3.1298904538341157,4.303599374021909,0.0
6239,0.0,0.0,0.0,0.0
6240,1.75054704595186,1.0940919037199124,0.2188183807439825,0.0
6246,0.0,1.141552511415525,0.0,0.0
6248,5.8331931123450556,8.805878063828594,2.8044197655505076,1.1778563015312131
6252,0.0,0.0,0.0,0.0
6253,0.9527439024390244,6.955030487804878,0.8574695121951219,0.19054878048780488
6254,2.343916471340294,3.6224163647986365,0.0,0.0
6261,0.0,0.0,0.0,0.0
6263,1.2619888944977284,0.0,0.2523977788995457,0.0
6265,0.12080212611741967,0.24160425223483933,0.12080212611741967,0.0
6266,5.167680465091242,3.2298002906820265,3.68735533186198,2.3146902083221184
6267,0.0,0.0,0.0,0.0
6281,5.772005772005772,2.886002886002886,5.050505050505051,2.1645021645021645
6282,0.0,0.0,0.0,0.0
6283,0.0,0.0,0.0,0.0
6285,0.0,3.0395136778115504,0.0,0.0
6286,0.0,5.263157894736842,30.263157894736842,0.0
6287,0.0,0.0,0.0,0.0
6288,0.0,0.0,0.0,0.0
6289,0.0,0.0,5.865102639296188,0.0
6290,0.0,7.326007326007326,2.442002442002442,0.0
6291,0.0,5.676442762535478,13.245033112582782,0.0
6292,0.0,0.0,6.0922541340295915,3.4812880765883376
6293,0.0,0.0,0.0,0.0
6294,0.0,1.7825311942959001,0.0,0.0
6295,0.7662835249042146,0.7662835249042146,0.7662835249042146,0.0
6296,0.0,0.0,0.0,0.0
6297,6.223127404390134,7.8071961982348945,25.910839556460736,6.336275175379045
6298,3.0349013657056148,0.0,0.0,0.0
6299,0.0,0.0,5.633802816901409,0.0
6300,0.0,1.6396130513198885,9.181833087391375,0.0
6404,3.7992718062371376,0.9498179515592844,0.9498179515592844,3.7992718062371376
6408,9.153318077803204,1.4562096941959641,0.8321198252548366,0.6240898689411275
6413,1.4771048744460857,1.4771048744460857,0.0,0.0
6416,1.289213579716373,1.1817791147400085,0.7520412548345509,1.5040825096691017
6417,1.5169574168382274,1.6253115180409579,0.10835410120273052,0.0
6421,9.52127659574468,1.968085106382979,1.0638297872340425,3.24468085106383
6422,0.0,0.0,0.0,0.0
6423,0.930232558139535,0.0,0.0,0.0
6432,0.0,0.0,0.0,0.0
6433,0.0,0.0,0.0,0.0
6434,0.0,0.0,0.0,0.0
6435,0.0,0.0,0.0,0.0
6436,3.484001100210874,1.1002108737508023,0.4584211973961676,1.6503163106262033
6437,0.0,0.0,0.0,0.0
6451,1.7835909631391202,0.0,0.5945303210463733,2.378121284185493
6452,4.488778054862843,3.99002493765586,0.997506234413965,0.4987531172069825
6453,0.0,10.60070671378092,0.0,0.0
6454,7.501875468867216,1.5003750937734435,0.0,1.875468867216804
6455,2.7944969905417025,2.1496130696474633,2.5795356835769563,1.934651762682717
6456,0.0,0.0,0.0,0.0
6458,7.504027897327242,1.6111589308967313,1.1035335143128295,2.560197753205765
6459,1.876172607879925,0.31269543464665417,0.0,0.0
6461,4.308023694130318,2.3335128343205884,0.3590019745108598,2.5130138215760187
6487,1.7129153819801302,0.7993605115907274,0.5709717939933768,0.513874614594039
6504,2.1141649048625792,0.0,0.0,0.0
6511,0.0,0.0,0.0,0.0
6512,0.7482929566925451,1.5901225329716584,0.09353661958656814,0.09353661958656814
6601,2.557544757033248,0.0,0.0,0.0
6602,19.898556379243075,1.5606710885680843,0.0,0.7803355442840422
6603,0.0,0.5727376861397481,0.5727376861397481,0.5727376861397481
6604,1.41643059490085,0.0,0.0,0.0
6605,2.75049115913556,1.1787819253438114,0.0,1.9646365422396854
6606,9.744214372716199,0.0,2.9232643118148602,0.48721071863581
6607,6.569474442044637,0.6299496040316774,0.9899208063354932,0.6299496040316774
6608,6.848096762717894,1.1561721807186054,1.8676627534685164,1.9565990750622553
6609,0.0,0.9523809523809523,0.0,0.0
6610,1.160092807424594,0.0,0.0,0.0
6611,4.206730769230769,3.605769230769231,0.0,0.0
6612,3.974341096081439,1.882582624459629,0.8367033886487241,1.464230930135267
6613,6.2643558154103145,2.088118605136772,0.6264355815410315,1.774900814366256
6614,3.246753246753247,0.0,0.0,0.0
6615,1.800720288115246,0.0,0.0,0.0
6616,3.933819275714451,2.8925141733194493,0.11570056693277797,0.0
6617,4.479840716774515,1.327360212377634,0.49776007964161273,1.1614401858304297
6618,2.8552602679551944,0.21963540522732264,0.21963540522732264,0.0
6619,0.0,0.0,0.4323389537397319,0.0
6620,2.1881838074398248,1.0940919037199124,2.735229759299781,0.0
6621,6.151314688057552,2.2864140131349227,1.6789358129923801,2.7025604966971364
6622,3.495281370150297,0.34952813701502966,0.0,0.34952813701502966
6623,10.258765885775532,1.6842749961721022,1.3014852243148063,3.8278977185729595
6624,0.0,0.0,0.0,0.0
6625,0.0,0.0,0.0,0.0
6626,0.0,0.0,0.0,0.0
6627,0.0,0.0,0.0,0.0
6628,6.414557556563515,1.8250624010306236,1.583510024423629,1.315118494860302
6629,4.349927501208313,0.4833252779120348,0.0,0.0
6630,10.791233970213236,2.1434642817546843,4.730403932148269,2.5130270889537676
6631,4.9167327517842985,1.9032513877874702,2.7491408934707904,0.5286809410520751
6632,2.1186440677966103,0.0,0.6053268765133172,0.0
6633,4.841621532906614,2.1335959297554568,0.5744296733957,0.3282455276546857
6634,6.100422336931018,3.050211168465509,0.0,1.4077897700610043
6635,15.536723163841808,0.0,0.0,0.0
6636,1.5220700152207,2.663622526636225,0.0,0.380517503805175
6637,5.524861878453039,0.0,0.0,0.0
6638,12.942923827710588,0.6365372374283895,0.21217907914279652,0.0
6639,0.0,0.0,0.0,0.0
6640,7.614968171812719,3.0340888809566304,1.4278065322148847,1.0708548991611637
6641,0.9538950715421304,0.6359300476947536,0.0,0.0
6642,3.9603960396039604,0.0,0.0,0.0
6643,8.325184343367603,3.515077833866321,4.175806750006607,2.642915664561144
6644,8.645327236353245,3.0723063732495,3.000857387825093,1.2146327522149185
6645,5.295821266032272,2.5651634257343816,0.330988829127017,1.323955316508068
6702,1.040582726326743,0.0,0.0,0.0
6703,0.0,3.802281368821293,0.0,0.0
6704,0.0,0.0,0.0,0.0
6706,2.2271714922048997,0.0,0.0,0.0
6708,12.205044751830757,3.2546786004882016,0.5424464334147003,1.6273393002441008
6709,5.808887598024978,1.7426662794074934,1.1617775196049958,2.3235550392099915
6710,3.2281205164992826,0.0,0.3586800573888092,0.0
6711,7.960664949660501,4.370561148833216,3.199875126824319,8.194802154062282
6712,2.871500358937545,0.7178750897343863,0.0,0.0
6713,0.0,0.0,0.0,0.0
6715,0.0,0.0,0.0,0.0
6716,0.0,0.0,0.0,0.0
6718,0.0,0.0,0.0,0.0
6719,0.0,0.0,0.0,0.0
6721,6.756756756756757,1.3513513513513513,1.3513513513513513,0.0
6722,0.0,0.0,0.0,0.0
6724,0.0,0.0,0.0,2.207505518763797
6729,3.7568764256004292,5.0986180061720106,6.172011270629277,0.670870790285791
6730,0.6116207951070336,0.6116207951070336,0.3058103975535168,0.3058103975535168
6741,0.0,0.0,0.0,0.0
6742,0.0,0.0,0.0,0.0
6743,2.458512599877074,0.0,0.0,1.8438844499078058
6745,0.0,0.0,0.0,0.0
6748,0.0,0.0,0.0,0.0
6750,0.0,0.0,0.0,0.0
6751,0.0,0.0,0.0,0.0
6753,0.0,0.0,0.0,0.0
6754,0.5170630816959669,0.0,2.5853154084798344,0.0
6757,2.370604504148558,0.3951007506914263,0.0,0.0
6758,0.0,0.0,0.0,0.0
6759,0.0,0.0,0.0,0.0
6771,1.027749229188078,0.0,0.0,0.0
6774,0.0,0.8547008547008547,0.0,0.0
6778,0.0,0.0,0.0,0.0
6781,0.0,0.0,0.0,0.0
6782,12.003693444136657,0.0,4.616805170821792,0.0
6783,0.0,0.0,0.0,0.0
6784,1.6400164001640016,0.4100041000410004,0.0,0.4100041000410004
6785,0.0,0.0,0.0,0.0
6789,0.0,0.0,0.0,0.0
6790,0.0,0.6127450980392157,0.0,0.0
6792,0.0,0.0,0.0,0.0
6800,7.149376331000912,1.216915120170368,0.912686340127776,1.825372680255552
6806,0.0,5.3859964093357275,0.0,0.0
6807,0.0,0.0,1.670843776106934,0.0
6808,0.0,0.0,0.0,0.0
6809,0.0,0.9398496240601504,0.0,0.0
6810,0.0,0.0,0.0,0.0
6811,0.0,0.0,0.0,0.0
6812,0.0,0.0,0.0,0.0
