geo_code,geo_name,population,born_switzerland_per1000,born_abroad_per1000,born_switzerland_male_per1000,born_switzerland_female_per1000,born_abroad_male_per1000,born_abroad_female_per1000
0001,......0001 Aeugst am Albis,1995,754.8872180451128,245.11278195488723,384.4611528822055,370.42606516290726,117.29323308270676,127.81954887218045
0002,......0002 Affoltern am Albis,12882,637.5562800807328,362.4437199192672,319.670858562335,317.8854215183978,182.6579723645397,179.78574755472755
0003,......0003 Bonstetten,5712,734.0686274509803,265.9313725490196,363.6204481792717,370.4481792717087,129.55182072829132,136.37955182072827
0004,......0004 Hausen am Albis,3951,771.4502657555049,228.54973424449506,377.8790179701341,393.57124778537076,106.04910149329284,122.50063275120222
0005,......0005 Hedingen,4002,735.1324337831085,264.86756621689153,372.56371814092955,362.5687156421789,133.93303348325838,130.93453273363318
0006,......0006 Kappel am Albis,1382,763.3863965267727,236.61360347322722,393.63241678726484,369.75397973950794,115.77424023154848,120.83936324167873
0007,......0007 Knonau,2466,746.9586374695864,253.04136253041364,379.1565287915653,367.8021086780211,121.24898621248987,131.79237631792375
0008,......0008 Maschwanden,677,778.4342688330872,221.56573116691285,410.63515509601183,367.79911373707534,98.96602658788774,122.59970457902511
0009,......0009 Mettmenstetten,5763,774.5965642894325,225.40343571056744,384.86899184452545,389.7275724449072,110.01214645150095,115.39128925906645
0010,......0010 Obfelden,5961,724.7106190236537,275.28938097634625,361.51652407314214,363.1940949505116,140.077168260359,135.21221271598725
0011,......0011 Ottenbach,2973,777.665657584931,222.33434241506893,395.5600403632694,382.10561722166165,103.59905819038008,118.73528422468885
0012,......0012 Rifferswil,1180,836.4406779661017,163.5593220338983,409.32203389830505,427.1186440677966,71.1864406779661,92.37288135593221
0013,......0013 Stallikon,3909,669.2248656945511,330.77513430544894,340.2404707086211,328.9843949859299,154.77104118700436,176.00409311844462
0014,......0014 Wettswil am Albis,5337,729.2486415589282,270.7513584410718,368.18437324339516,361.06426831553307,123.85235150833802,146.89900693273376
0022,......0022 Benken (ZH),883,806.3420158550396,193.65798414496035,416.76104190260475,389.58097395243493,93.99773499433749,99.66024915062289
0023,......0023 Berg am Irchel,589,826.8251273344653,173.1748726655348,431.2393887945671,395.58573853989816,78.09847198641766,95.07640067911714
0024,......0024 Buch am Irchel,1066,866.7917448405253,133.20825515947467,424.953095684803,441.83864915572235,60.0375234521576,73.17073170731707
0025,......0025 Dachsen,1926,781.9314641744548,218.06853582554515,388.8888888888889,393.042575285566,109.03426791277258,109.03426791277258
0026,......0026 Dorf,728,810.4395604395604,189.56043956043956,413.46153846153845,396.97802197802196,85.16483516483517,104.3956043956044
0027,......0027 Feuerthalen,3848,688.6694386694386,311.3305613305613,344.85446985446987,343.81496881496884,145.27027027027026,166.06029106029104
0028,......0028 Flaach,1494,793.8420348058902,206.15796519410978,402.27576974564926,391.56626506024094,109.10307898259705,97.05488621151272
0029,......0029 Flurlingen,1520,769.7368421052631,230.26315789473685,394.7368421052632,375.0,106.57894736842105,123.68421052631578
0031,......0031 Henggart,2343,830.1323090055484,169.86769099445158,407.59709773794276,422.53521126760563,76.82458386683739,93.04310712761416
0033,......0033 Kleinandelfingen,2238,794.0125111706882,205.9874888293119,390.97408400357466,403.03842716711347,104.11081322609472,101.87667560321715
0034,......0034 Laufen-Uhwiesen,1828,772.9759299781182,227.02407002188184,393.3260393873085,379.6498905908096,107.76805251641137,119.25601750547047
0035,......0035 Marthalen,1990,820.1005025125628,179.8994974874372,415.0753768844221,405.0251256281407,85.42713567839195,94.47236180904522
0037,......0037 Ossingen,1835,834.8773841961853,165.1226158038147,431.06267029972753,403.81471389645776,73.56948228882834,91.55313351498638
0038,......0038 Rheinau,1321,722.1801665404996,277.8198334595004,359.57607872823615,362.60408781226346,142.31642694928084,135.50340651021952
0039,......0039 Thalheim an der Thur,1004,835.6573705179284,164.34262948207171,443.2270916334661,392.43027888446215,76.69322709163347,87.64940239043825
0040,......0040 Trüllikon,1104,843.2971014492754,156.70289855072463,418.47826086956525,424.8188405797101,82.42753623188406,74.27536231884058
0041,......0041 Truttikon,458,866.8122270742358,133.1877729257642,430.13100436681225,436.6812227074236,63.318777292576414,69.86899563318777
0043,......0043 Volken,382,832.4607329842933,167.53926701570683,410.9947643979058,421.4659685863874,86.38743455497382,81.15183246073299
0291,......0291 Andelfingen,3681,804.9443086117902,195.0556913882097,399.8913338766639,405.0529747351263,94.5395273023635,100.51616408584624
0292,......0292 Stammheim,2947,848.998982015609,151.00101798439093,424.4994910078045,424.4994910078045,63.79368849677638,87.20732948761452
0051,......0051 Bachenbülach,4286,657.7228184787681,342.2771815212319,329.2113859076062,328.51143257116195,166.35557629491367,175.92160522631826
0052,......0052 Bassersdorf,12301,639.3789122835542,360.6210877164458,327.2904641899033,312.0884480936509,174.45736119014714,186.16372652629866
0053,......0053 Bülach,24508,619.2671780643055,380.73282193569446,309.16435449649094,310.1028235678146,184.18475599804145,196.548065937653
0054,......0054 Dietlikon,8027,650.1806403388564,349.8193596611436,329.6374735268469,320.5431668120095,174.2867821103775,175.53257755076618
0055,......0055 Eglisau,5750,682.9565217391305,317.04347826086956,344.52173913043475,338.4347826086956,152.8695652173913,164.17391304347825
0056,......0056 Embrach,10356,622.0548474314406,377.94515256855925,311.1239860950174,310.93086133642333,192.15913480108148,185.7860177674778
0057,......0057 Freienstein-Teufen,2372,769.3929173693086,230.6070826306914,392.495784148398,376.89713322091063,115.09274873524451,115.51433389544688
0058,......0058 Glattfelden,5438,681.3166605369621,318.6833394630379,345.3475542478853,335.9691062890769,155.38801029790363,163.29532916513423
0059,......0059 Hochfelden,2015,779.6526054590571,220.34739454094293,389.0818858560794,390.5707196029777,102.72952853598015,117.61786600496278
0060,......0060 Höri,3564,555.5555555555555,444.4444444444444,281.1447811447811,274.4107744107744,242.70482603815938,201.73961840628508
0061,......0061 Hüntwangen,1094,785.1919561243145,214.80804387568557,398.5374771480805,386.65447897623403,107.86106032906764,106.94698354661791
0062,......0062 Kloten,21737,528.0857524037356,471.91424759626443,275.38298753277826,252.70276487095734,240.41956111698948,231.49468647927495
0063,......0063 Lufingen,2840,704.225352112676,295.77464788732397,361.6197183098592,342.6056338028169,141.90140845070422,153.8732394366197
0064,......0064 Nürensdorf,5862,760.8324803821222,239.16751961787784,384.16922552030024,376.6632548618219,112.9307403616513,126.23677925622653
0065,......0065 Oberembrach,1130,808.8495575221239,191.1504424778761,405.30973451327435,403.53982300884957,92.03539823008849,99.11504424778761
0066,......0066 Opfikon,21554,459.45068200797994,540.54931799202,238.099656676255,221.35102533172497,279.020135473694,261.5291825183261
0067,......0067 Rafz,4769,700.3564688613965,299.64353113860346,354.1622981757182,346.19417068567833,140.07129377227932,159.57223736632417
0068,......0068 Rorbas,3008,657.9122340425532,342.08776595744683,337.1010638297872,320.81117021276594,170.2127659574468,171.875
0069,......0069 Wallisellen,17765,579.1162397973544,420.88376020264565,293.4421615536167,285.6740782437377,210.01970166056856,210.86405854207712
0070,......0070 Wasterkingen,594,814.8148148148148,185.18518518518516,419.19191919191917,395.6228956228956,89.22558922558922,95.95959595959596
0071,......0071 Wil (ZH),1572,790.0763358778627,209.92366412213738,407.7608142493639,382.31552162849874,103.05343511450383,106.87022900763358
0072,......0072 Winkel,5086,731.8128195045223,268.1871804954778,386.15808100668505,345.6547384978372,121.90326386158081,146.28391663389698
0081,......0081 Bachs,678,820.0589970501475,179.94100294985253,421.82890855457225,398.2300884955752,89.97050147492627,89.97050147492627
0082,......0082 Boppelsen,1425,787.3684210526316,212.6315789473684,400.0,387.36842105263156,94.03508771929825,118.59649122807018
0083,......0083 Buchs (ZH),6808,650.4112808460635,349.5887191539365,331.0810810810811,319.3301997649824,174.64747356051706,174.9412455934195
0084,......0084 Dällikon,4466,630.3179579041648,369.68204209583524,325.1231527093596,305.1948051948052,184.05732198835648,185.62472010747874
0085,......0085 Dänikon,1866,672.561629153269,327.438370846731,343.51554126473735,329.04608788853164,167.20257234726688,160.2357984994641
0086,......0086 Dielsdorf,6725,595.0929368029739,404.907063197026,302.8996282527881,292.19330855018586,205.35315985130111,199.5539033457249
0087,......0087 Hüttikon,957,759.6656217345873,240.33437826541274,400.208986415883,359.4566353187043,108.67293625914314,131.6614420062696
0088,......0088 Neerach,3328,773.1370192307693,226.86298076923077,394.8317307692308,378.30528846153845,108.17307692307693,118.68990384615384
0089,......0089 Niederglatt,5507,675.5039041220266,324.4960958779735,346.64971854003994,328.85418558198654,154.34901035046306,170.14708552751043
0090,......0090 Niederhasli,9648,659.1003316749585,340.8996683250415,334.78441127694856,324.31592039800995,166.66666666666666,174.2330016583748
0091,......0091 Niederweningen,3349,728.8742908330845,271.1257091669155,384.59241564646163,344.2818751866229,127.79934308748881,143.3263660794267
0092,......0092 Oberglatt,7772,542.3314462171899,457.6685537828101,281.394750386001,260.9366958311889,233.14462171899126,224.52393206381885
0093,......0093 Oberweningen,1905,688.1889763779527,311.8110236220473,364.30446194225726,323.88451443569556,153.28083989501312,158.5301837270341
0094,......0094 Otelfingen,2924,711.0123119015049,288.98768809849525,366.6210670314637,344.391244870041,138.50889192886456,150.47879616963064
0095,......0095 Regensberg,478,744.7698744769874,255.23012552301256,372.3849372384937,372.3849372384937,115.06276150627615,140.1673640167364
0096,......0096 Regensdorf,20282,573.4641554087368,426.5358445912632,290.01084705650334,283.45330835223353,216.34947243861552,210.18637215264766
0097,......0097 Rümlang,8243,624.408589105908,375.591410894092,316.99623923328886,307.4123498726192,190.46463666140966,185.1267742326823
0098,......0098 Schleinikon,868,836.405529953917,163.59447004608296,443.5483870967742,392.85714285714283,74.8847926267281,88.70967741935485
0099,......0099 Schöfflisdorf,1412,750.7082152974505,249.29178470254956,374.64589235127477,376.06232294617564,119.68838526912181,129.60339943342777
0100,......0100 Stadel,2455,774.3380855397148,225.66191446028515,380.040733197556,394.29735234215883,112.83095723014257,112.83095723014257
0101,......0101 Steinmaur,3716,676.8030139935415,323.1969860064586,346.07104413347685,330.73196986006457,174.11194833153928,149.08503767491925
0102,......0102 Weiach,2123,666.9806877060763,333.0193122939237,340.5558172397551,326.42487046632124,166.2741403674046,166.74517192651908
0111,......0111 Bäretswil,5148,836.2470862470863,163.75291375291377,421.7171717171717,414.52991452991455,80.41958041958041,83.33333333333333
0112,......0112 Bubikon,7661,823.5217334551626,176.47826654483748,406.6048818692077,416.9168515859548,84.58425792977418,91.8940086150633
0113,......0113 Dürnten,8048,737.3260437375747,262.67395626242546,379.3489065606362,357.97713717693836,130.59145129224652,132.08250497017892
0114,......0114 Fischenthal,2666,802.7006751687921,197.2993248312078,413.35333833458367,389.3473368342086,99.39984996249063,97.89947486871718
0115,......0115 Gossau (ZH),10605,783.8755304101838,216.12446958981613,392.73927392739273,391.13625648279117,103.06459217350307,113.05987741631306
0116,......0116 Grüningen,3886,789.7581060216161,210.24189397838396,389.6037056098816,400.15440041173446,109.36695831188884,100.8749356664951
0117,......0117 Hinwil,11961,754.7863890979015,245.21361090209848,379.7341359418109,375.0522531560906,117.71591004096648,127.49770086113202
0118,......0118 Rüti (ZH),12971,669.5705805257883,330.4294194742117,335.20931308303136,334.3612674427569,165.67728008634646,164.75213938786524
0119,......0119 Seegräben,1460,764.3835616438356,235.6164383561644,391.0958904109589,373.28767123287673,121.91780821917808,113.69863013698631
0120,......0120 Wald (ZH),10620,689.2655367231638,310.7344632768362,342.09039548022594,347.17514124293785,157.72128060263654,153.0131826741996
0121,......0121 Wetzikon (ZH),26977,653.630870741743,346.36912925825703,327.50120472995513,326.12966601178783,171.44233977091596,174.92678948734107
0131,......0131 Adliswil,19893,522.8975016337405,477.1024983662595,260.2925652239481,262.6049364097924,240.43633438898104,236.66616397727844
0135,......0135 Kilchberg (ZH),9483,556.0476642412739,443.9523357587262,282.92734366761573,273.12032057365815,210.69281872825056,233.2595170304756
0136,......0136 Langnau am Albis,8224,614.0564202334631,385.94357976653697,305.9338521400778,308.1225680933852,185.91926070038912,200.02431906614788
0137,......0137 Oberrieden,5392,676.5578635014838,323.44213649851633,335.6824925816024,340.8753709198813,153.00445103857567,170.43768545994064
0138,......0138 Richterswil,14378,694.7419668938655,305.25803310613435,341.63305049381,353.10891640005565,143.5526498817638,161.70538322437056
0139,......0139 Rüschlikon,6406,554.9484857945675,445.05151420543245,281.9231970028099,273.02528879175776,207.1495472994068,237.90196690602562
0141,......0141 Thalwil,18513,598.9304812834224,401.06951871657753,298.43893480257117,300.4915464808513,189.8665802409118,211.20293847566575
0293,......0293 Wädenswil,25704,679.42732648615,320.57267351385,340.1027077497666,339.3246187363834,147.83691254279492,172.73576097105507
0295,......0295 Horgen,24549,608.5787608456557,391.42123915434433,306.52979754776163,302.048963297894,183.1031813923174,208.31805776202697
0151,......0151 Erlenbach (ZH),5505,626.3396911898275,373.6603088101726,316.4396003633061,309.90009082652136,157.12988192552223,216.53042688465032
0152,......0152 Herrliberg,6780,622.4188790560472,377.5811209439528,319.1740412979351,303.2448377581121,165.63421828908554,211.94690265486727
0153,......0153 Hombrechtikon,9176,710.4402789886661,289.5597210113339,350.9154315605928,359.5248474280732,143.30863121185703,146.25108979947692
0154,......0154 Küsnacht (ZH),15168,592.4314345991561,407.5685654008439,290.414029535865,302.01740506329116,184.2695147679325,223.2990506329114
0155,......0155 Männedorf,11767,671.9639670264298,328.0360329735702,333.05005523922836,338.91391178720147,146.00152970170817,182.03450327186198
0156,......0156 Meilen,14848,641.7699353448277,358.23006465517244,316.81034482758616,324.9595905172414,161.3011853448276,196.92887931034483
0157,......0157 Oetwil am See,5150,613.9805825242718,386.0194174757282,309.3203883495146,304.66019417475724,196.89320388349515,189.126213592233
0158,......0158 Stäfa,15152,690.7998944033791,309.2001055966209,343.914994720169,346.8848996832101,140.90549102428724,168.2946145723337
0159,......0159 Uetikon am See,6663,679.5737655710641,320.4262344289359,339.4867176947321,340.087047876332,146.4805643103707,173.9456701185652
0160,......0160 Zumikon,5754,619.3952033368092,380.6047966631908,306.56934306569343,312.82586027111574,174.48731317344456,206.11748348974626
0161,......0161 Zollikon,13584,603.7985865724381,396.2014134275618,302.3409893992933,301.45759717314485,180.65371024734984,215.547703180212
0172,......0172 Fehraltorf,6883,736.3068429463897,263.6931570536104,369.1704198750545,367.1364230713352,128.72294057823623,134.97021647537412
0173,......0173 Hittnau,3970,850.1259445843829,149.87405541561714,421.91435768261965,428.2115869017632,73.80352644836272,76.07052896725442
0176,......0176 Lindau,5871,717.9356157383751,282.0643842616249,373.7012433997615,344.2343723386135,143.92778061659,138.1366036450349
0177,......0177 Pfäffikon,12750,737.4901960784314,262.5098039215686,362.5098039215686,374.98039215686276,127.05882352941175,135.45098039215685
0178,......0178 Russikon,4634,805.1359516616315,194.86404833836858,407.8549848942598,397.28096676737164,91.7134225291325,103.15062580923608
0180,......0180 Weisslingen,3496,830.091533180778,169.90846681922199,417.90617848970254,412.18535469107553,83.81006864988558,86.09839816933639
0181,......0181 Wila,2113,801.7037387600567,198.2962612399432,403.691433980123,398.01230477993374,101.75106483672504,96.54519640321817
0182,......0182 Wildberg,1013,862.7838104639685,137.2161895360316,435.34057255676214,427.44323790720637,60.21717670286279,76.9990128331688
0296,......0296 Illnau-Effretikon,17756,642.1491326875423,357.85086731245775,321.4687992791169,320.6803334084253,175.43365622888038,182.4172110835774
0297,......0297 Bauma,5112,775.8215962441315,224.17840375586854,388.8888888888889,386.93270735524254,113.26291079812206,110.91549295774648
0191,......0191 Dübendorf,32571,559.1170059255167,440.88299407448346,286.5432439900525,272.57376193546406,218.13883516011177,222.7441589143717
0192,......0192 Egg,8815,687.6914350538855,312.3085649461146,341.5768576290414,346.114577424844,144.41293250141803,167.89563244469656
0193,......0193 Fällanden,9637,638.8917712981219,361.1082287018782,321.78063712773684,317.111134170385,166.23430528172668,194.8739234201515
0194,......0194 Greifensee,5421,675.1521859435528,324.84781405644713,338.3139642132448,336.8382217303081,154.95296070835641,169.89485334809078
0195,......0195 Maur,10884,665.8397647923557,334.1602352076443,340.22418228592426,325.61558250643145,156.7438441749357,177.41639103270856
0196,......0196 Mönchaltorf,4310,728.5382830626451,271.461716937355,359.1647331786543,369.37354988399073,129.6983758700696,141.76334106728538
0197,......0197 Schwerzenbach,5250,637.7142857142857,362.2857142857143,320.57142857142856,317.1428571428571,175.04761904761904,187.23809523809524
0198,......0198 Uster,36563,684.790635341739,315.2093646582611,337.99195908432023,346.7986762574187,153.54319940923887,161.66616524902224
0199,......0199 Volketswil,19854,662.1839427823109,337.81605721768915,339.7300292132568,322.4539135690541,162.68761962324973,175.12843759443942
0200,......0200 Wangen-Brüttisellen,8292,643.7530149541727,356.24698504582733,334.90110950313556,308.8519054510371,174.9879401833092,181.2590448625181
0211,......0211 Altikon,774,865.6330749354005,134.36692506459949,439.2764857881137,426.3565891472868,62.01550387596899,72.35142118863048
0213,......0213 Brütten,2247,821.5398308856253,178.46016911437474,419.67067200712063,401.86915887850466,77.8816199376947,100.57854917668003
0214,......0214 Dägerlen,1159,852.4590163934425,147.54098360655738,424.5038826574633,427.95513373597925,74.20189818809318,73.3390854184642
0215,......0215 Dättlikon,839,862.9320619785459,137.06793802145413,432.657926102503,430.2741358760429,56.019070321811675,81.04886769964244
0216,......0216 Dinhard,1731,850.375505488157,149.62449451184287,428.65395725014446,421.7215482380127,71.05719237435008,78.56730213749277
0218,......0218 Ellikon an der Thur,1024,823.2421875,176.7578125,397.4609375,425.78125,86.9140625,89.84375
0219,......0219 Elsau,3898,758.594150846588,241.40584915341202,380.1949717804002,378.3991790661878,118.5223191380195,122.88353001539251
0220,......0220 Hagenbuch,1168,840.7534246575342,159.24657534246575,442.63698630136986,398.1164383561644,71.06164383561645,88.18493150684932
0221,......0221 Hettlingen,3227,830.1828323520297,169.81716764797025,415.24635884722653,414.93647350480325,80.88007437248218,88.93709327548807
0223,......0223 Neftenbach,5765,803.642671292281,196.357328707719,407.4588031222897,396.18386816999134,92.45446660884649,103.9028620988725
0224,......0224 Pfungen,4150,656.3855421686748,343.61445783132535,328.1927710843374,328.1927710843374,175.42168674698797,168.19277108433735
0225,......0225 Rickenbach (ZH),2850,800.7017543859649,199.2982456140351,407.3684210526316,393.3333333333333,98.24561403508773,101.05263157894737
0226,......0226 Schlatt (ZH),785,877.7070063694268,122.29299363057325,452.22929936305735,425.4777070063694,61.146496815286625,61.146496815286625
0227,......0227 Seuzach,7990,771.8397997496871,228.1602002503129,389.8623279098873,381.97747183979976,104.75594493116395,123.40425531914893
0228,......0228 Turbenthal,5300,741.6981132075472,258.3018867924528,364.71698113207543,376.9811320754717,128.11320754716982,130.18867924528303
0230,......0230 Winterthur,120376,662.0090383465142,337.9909616534857,328.71170332956734,333.29733501694693,166.2291486675085,171.76181298597726
0231,......0231 Zell (ZH),6809,703.0400939932442,296.9599060067558,353.94331032457046,349.0967836686738,145.83639300925248,151.12351299750333
0294,......0294 Elgg,5175,752.0772946859904,247.92270531400968,385.5072463768116,366.57004830917873,121.35265700483092,126.57004830917876
0298,......0298 Wiesendangen,6798,827.7434539570462,172.25654604295383,419.53515739923506,408.2082965578111,78.11120917917034,94.14533686378347
0241,......0241 Aesch (ZH),1659,744.4243520192887,255.57564798071124,382.76069921639544,361.6636528028933,116.33514165159735,139.2405063291139
0242,......0242 Birmensdorf (ZH),7380,663.4146341463415,336.5853658536586,333.4688346883469,329.94579945799455,163.0081300813008,173.57723577235774
0243,......0243 Dietikon,28295,490.44000706838665,509.55999293161335,249.33733875242976,241.1026683159569,261.1768863756848,248.3831065559286
0244,......0244 Geroldswil,5312,641.9427710843374,358.0572289156627,324.7364457831325,317.2063253012048,168.10993975903617,189.9472891566265
0245,......0245 Oberengstringen,6914,541.5099797512294,458.49002024877063,273.6476713913798,267.8623083598496,233.00549609487993,225.48452415389067
0246,......0246 Oetwil an der Limmat,2573,695.2973183054801,304.70268169452004,368.05285658764086,327.2444617178391,147.68752429071122,157.0151574038088
0247,......0247 Schlieren,20391,491.7365504389191,508.26344956108085,248.98239419351677,242.75415624540238,268.45176793683487,239.81168162424598
0248,......0248 Uitikon,5699,679.9438497982102,320.0561502017898,351.8161080891384,328.12774170907176,148.79803474293735,171.25811545885242
0249,......0249 Unterengstringen,4345,642.807825086306,357.1921749136939,327.9631760644419,314.8446490218642,170.0805523590334,187.11162255466053
0250,......0250 Urdorf,10503,664.5720270398933,335.4279729601066,330.8578501380558,333.71417690183756,162.33457107493095,173.09340188517567
0251,......0251 Weiningen (ZH),5108,627.8386844166014,372.1613155833986,324.19733750978855,303.6413469068128,191.8559122944401,180.3054032889585
0261,......0261 Zürich,436551,554.2147423783247,445.7852576216754,278.25385808301894,275.9608842953057,224.53046723063287,221.25479039104252
0431,......0431 Corgémont,1819,796.0417811984607,203.95821880153932,402.9686641011545,393.0731170973062,98.95547003848267,105.00274876305663
0432,......0432 Cormoret,511,855.1859099804306,144.81409001956948,422.7005870841487,432.4853228962818,70.45009784735812,74.36399217221134
0433,......0433 Cortébert,660,837.8787878787879,162.12121212121212,395.45454545454544,442.42424242424244,65.15151515151516,96.96969696969697
0434,......0434 Courtelary,1447,803.0407740152039,196.95922598479612,412.57774706288876,390.46302695231515,88.4588804422944,108.50034554250172
0435,......0435 La Ferrière,548,879.5620437956204,120.43795620437957,428.8321167883212,450.72992700729924,56.56934306569343,63.868613138686136
0437,......0437 Mont-Tramelan,111,954.9549549549549,45.04504504504504,486.4864864864865,468.4684684684685,9.00900900900901,36.03603603603604
0438,......0438 Orvin,1260,834.9206349206349,165.0793650793651,427.77777777777777,407.14285714285717,79.36507936507937,85.71428571428571
0441,......0441 Renan (BE),957,835.9456635318704,164.05433646812955,428.4221525600836,407.52351097178683,86.72936259143157,77.32497387669801
0442,......0442 Romont (BE),232,780.1724137931034,219.82758620689654,387.9310344827586,392.2413793103448,103.44827586206897,116.37931034482759
0443,......0443 Saint-Imier,5177,662.1595518640139,337.8404481359861,332.62507243577363,329.5344794282403,166.89202240679933,170.9484257291868
0444,......0444 Sonceboz-Sombeval,1909,794.1330539549502,205.86694604504976,413.3053954950236,380.8276584599267,99.52854897852278,106.33839706652698
0445,......0445 Sonvilier,1221,838.6568386568387,161.34316134316134,427.51842751842753,411.13841113841113,77.80507780507781,83.53808353808354
0446,......0446 Tramelan,4727,769.8328749735562,230.1671250264438,392.00338481066217,377.82949016289405,112.12185318383753,118.0452718426063
0448,......0448 Villeret,924,805.1948051948052,194.80519480519482,398.26839826839824,406.9264069264069,95.23809523809523,99.56709956709956
0449,......0449 Sauge,829,810.615199034982,189.3848009650181,408.9264173703257,401.68878166465623,88.05790108564536,101.32689987937275
0450,......0450 Péry-La Heutte,1976,754.5546558704453,245.44534412955466,397.7732793522267,356.7813765182186,119.93927125506072,125.50607287449392
0681,......0681 Belprahon,266,898.4962406015038,101.50375939849623,469.9248120300752,428.57142857142856,45.11278195488722,56.39097744360902
0683,......0683 Champoz,150,980.0,20.0,486.6666666666667,493.33333333333337,13.333333333333334,6.666666666666667
0687,......0687 Corcelles (BE),186,930.1075268817203,69.89247311827957,451.61290322580646,478.494623655914,26.881720430107528,43.01075268817205
0690,......0690 Court,1371,861.4150255288112,138.58497447118893,443.4719183078045,417.9431072210066,64.18672501823487,74.39824945295405
0691,......0691 Crémines,537,851.0242085661081,148.975791433892,463.68715083798884,387.33705772811913,72.62569832402235,76.35009310986965
0692,......0692 Eschert,387,795.8656330749354,204.1343669250646,436.69250645994833,359.1731266149871,113.69509043927648,90.43927648578811
0694,......0694 Grandval,381,863.5170603674541,136.48293963254594,472.4409448818898,391.0761154855643,65.61679790026247,70.86614173228347
0696,......0696 Loveresse,358,888.268156424581,111.73184357541899,449.72067039106145,438.5474860335196,50.27932960893855,61.452513966480446
0700,......0700 Moutier,7256,688.5336273428887,311.4663726571114,342.0617420066152,346.47188533627343,148.0154355016538,163.45093715545755
0701,......0701 Perrefitte,480,766.6666666666667,233.33333333333334,389.5833333333333,377.0833333333333,120.83333333333333,112.5
0703,......0703 Reconvilier,2506,745.4110135674381,254.58898643256182,385.0758180367119,360.33519553072625,123.70311252992818,130.88587390263368
0704,......0704 Roches (BE),191,785.3403141361257,214.65968586387436,387.434554973822,397.90575916230364,94.24083769633508,120.41884816753927
0706,......0706 Saicourt,644,891.3043478260869,108.69565217391305,456.52173913043475,434.7826086956522,63.66459627329192,45.03105590062112
0707,......0707 Saules (BE),148,932.4324324324325,67.56756756756756,533.7837837837837,398.64864864864865,13.513513513513514,54.054054054054056
0708,......0708 Schelten,33,939.3939393939395,60.60606060606061,515.1515151515151,424.24242424242425,0.0,60.60606060606061
0709,......0709 Seehof,67,805.9701492537314,194.02985074626866,477.6119402985075,328.35820895522386,74.62686567164178,119.40298507462687
0711,......0711 Sorvilier,300,856.6666666666667,143.33333333333334,433.33333333333337,423.3333333333333,63.333333333333336,80.0
0713,......0713 Tavannes,3505,745.7917261055634,254.2082738944365,372.3252496433666,373.4664764621969,126.96148359486448,127.24679029957203
0715,......0715 Rebévelier,32,968.75,31.25,531.25,437.5,31.25,0.0
0716,......0716 Petit-Val,484,764.4628099173553,235.53719008264463,402.89256198347107,361.57024793388433,150.82644628099175,84.71074380165288
0717,......0717 Valbirse,3974,773.7795671867136,226.22043281328635,385.2541519879215,388.52541519879213,112.4811273276296,113.73930548565676
0723,......0723 La Neuveville,3804,752.6288117770767,247.37118822292322,377.23449001051523,375.3943217665615,114.35331230283911,133.01787592008412
0724,......0724 Nods,768,895.8333333333334,104.16666666666667,472.65625,423.1770833333333,54.6875,49.479166666666664
0726,......0726 Plateau de Diesse,2157,842.3736671302735,157.62633286972647,418.63699582753827,423.7366713027353,79.27677329624478,78.3495595734817
0371,......0371 Biel/Bienne,56896,607.7755905511812,392.2244094488189,300.8647356580427,306.9108548931384,193.8097581552306,198.4146512935883
0372,......0372 Evilard,2657,765.9013925479865,234.09860745201354,394.0534437335341,371.84794881445237,99.73654497553632,134.36206247647723
0387,......0387 Lengnau (BE),5798,681.2694032424974,318.7305967575026,345.2914798206278,335.9779234218696,158.1579855122456,160.57261124525698
0390,......0390 Meinisberg,1453,848.589125946318,151.41087405368202,424.6386785960082,423.9504473503097,74.3289745354439,77.08189951823813
0392,......0392 Pieterlen,5216,644.5552147239264,355.4447852760736,319.7852760736196,324.76993865030676,177.7223926380368,177.7223926380368
0731,......0731 Aegerten,2473,731.0958350181966,268.9041649818035,353.82126971289927,377.2745653052972,131.82369591589162,137.08046906591184
0732,......0732 Bellmund,1801,856.7462520821766,143.25374791782343,441.4214325374792,415.3248195446974,61.07717934480844,82.17656857301499
0733,......0733 Brügg,4650,693.1182795698925,306.8817204301075,327.31182795698925,365.80645161290323,150.752688172043,156.1290322580645
0739,......0739 Ipsach,3869,796.8467304212975,203.1532695787025,393.64176789868185,403.2049625226157,89.94572240889119,113.20754716981132
0740,......0740 Ligerz,525,866.6666666666667,133.33333333333334,424.76190476190476,441.9047619047619,55.23809523809524,78.09523809523809
0742,......0742 Mörigen,881,867.1963677639046,132.80363223609535,440.4086265607264,426.7877412031782,48.80817253121453,83.99545970488082
0743,......0743 Nidau,7053,694.3144761094569,305.68552389054304,330.92301148447467,363.3914646249823,149.58173826740395,156.1037856231391
0744,......0744 Orpund,3373,728.4316632078268,271.5683367921731,346.2792766083605,382.15238659946635,138.74888823006225,132.8194485621109
0745,......0745 Port,3904,796.6188524590165,203.3811475409836,392.93032786885243,403.6885245901639,88.88319672131148,114.49795081967214
0746,......0746 Safnern,2057,869.7131745260087,130.28682547399126,444.33641225085074,425.37676227515794,62.226543509965964,68.06028196402528
0747,......0747 Scheuren,535,871.0280373831775,128.97196261682242,422.4299065420561,448.5981308411215,69.1588785046729,59.81308411214953
0748,......0748 Schwadernau,690,839.1304347826087,160.86956521739128,437.6811594202899,401.4492753623188,69.56521739130434,91.30434782608695
0750,......0750 Sutz-Lattrigen,1398,873.3905579399142,126.60944206008584,415.5937052932761,457.79685264663806,60.08583690987125,66.52360515021459
0756,......0756 Twann-Tüscherz,1174,816.0136286201022,183.98637137989778,410.5621805792163,405.45144804088585,90.28960817717206,93.69676320272573
0301,......0301 Aarberg,4620,829.6536796536797,170.34632034632037,406.9264069264069,422.72727272727275,83.11688311688312,87.22943722943722
0302,......0302 Bargen (BE),1096,878.6496350364964,121.35036496350365,437.95620437956205,440.69343065693425,59.30656934306569,62.043795620437955
0303,......0303 Grossaffoltern,3070,899.6742671009772,100.3257328990228,446.2540716612378,453.4201954397394,49.185667752443,51.1400651465798
0304,......0304 Kallnach,2235,883.2214765100671,116.77852348993288,435.34675615212524,447.87472035794184,62.1923937360179,54.58612975391499
0305,......0305 Kappelen,1409,929.02767920511,70.97232079489,473.38537970191624,455.6422995031937,36.1958836053939,34.7764371894961
0306,......0306 Lyss,16558,746.648145911342,253.35185408865806,370.2137939364658,376.43435197487617,125.13588597656722,128.21596811209082
0309,......0309 Radelfingen,1285,919.8443579766537,80.15564202334632,470.03891050583655,449.8054474708171,40.466926070038916,39.688715953307394
0310,......0310 Rapperswil (BE),2705,902.7726432532347,97.22735674676525,451.0166358595194,451.7560073937154,47.689463955637706,49.53789279112754
0311,......0311 Schüpfen,3784,883.4566596194503,116.54334038054968,435.7822410147992,447.6744186046512,58.40380549682875,58.13953488372093
0312,......0312 Seedorf (BE),3235,893.9721792890263,106.02782071097371,440.1854714064915,453.78670788253476,49.76816074188563,56.2596599690881
0381,......0381 Arch,1744,875.5733944954128,124.42660550458716,435.7798165137615,439.79357798165137,60.779816513761475,63.646788990825684
0382,......0382 Büetigen,916,883.1877729257642,116.8122270742358,456.33187772925766,426.8558951965066,67.68558951965066,49.12663755458515
0383,......0383 Büren an der Aare,3806,787.1781397792959,212.82186022070414,384.1303205465055,403.0478192327903,108.25013137151865,104.5717288491855
0385,......0385 Diessbach bei Büren,1052,866.9201520912547,133.07984790874525,442.96577946768065,423.95437262357416,57.034220532319395,76.04562737642586
0386,......0386 Dotzigen,1580,849.367088607595,150.63291139240505,427.2151898734177,422.15189873417717,70.8860759493671,79.74683544303797
0388,......0388 Leuzigen,1361,878.0308596620132,121.96914033798679,434.2395297575312,443.791329904482,60.24981631153563,61.71932402645114
0389,......0389 Meienried,57,877.1929824561403,122.80701754385964,438.59649122807014,438.59649122807014,87.71929824561403,35.08771929824561
0391,......0391 Oberwil bei Büren,904,900.4424778761062,99.5575221238938,446.9026548672566,453.53982300884957,47.56637168141593,51.991150442477874
0393,......0393 Rüti bei Büren,870,875.8620689655172,124.13793103448276,424.1379310344828,451.7241379310345,65.51724137931035,58.62068965517241
0394,......0394 Wengi,633,914.6919431279621,85.30805687203792,472.3538704581359,442.3380726698262,36.334913112164294,48.97314375987362
0491,......0491 Brüttelen,641,770.6708268330733,229.32917316692667,393.13572542901716,377.53510140405615,135.7254290171607,93.60374414976599
0492,......0492 Erlach,1394,780.4878048780488,219.5121951219512,377.33142037302724,403.1563845050215,111.90817790530846,107.60401721664276
0493,......0493 Finsterhennen,570,745.6140350877192,254.3859649122807,387.719298245614,357.89473684210526,149.12280701754386,105.26315789473684
0494,......0494 Gals,849,817.432273262662,182.56772673733803,405.1825677267373,412.2497055359246,87.16136631330977,95.40636042402826
0495,......0495 Gampelen,1016,757.8740157480315,242.1259842519685,383.8582677165354,374.01574803149606,122.04724409448819,120.07874015748031
0496,......0496 Ins,3777,794.2811755361397,205.7188244638602,383.6378077839555,410.6433677521843,107.75747948106964,97.96134498279058
0497,......0497 Lüscherz,572,839.1608391608391,160.83916083916083,417.8321678321678,421.32867132867136,73.42657342657343,87.41258741258741
0498,......0498 Müntschemier,1652,679.7820823244552,320.2179176755448,343.82566585956414,335.95641646489105,161.01694915254237,159.20096852300242
0499,......0499 Siselen,633,842.0221169036334,157.9778830963665,436.01895734597156,406.00315955766195,77.40916271721959,80.56872037914692
0500,......0500 Treiten,428,848.1308411214953,151.86915887850466,425.23364485981307,422.89719626168227,79.43925233644859,72.42990654205607
0501,......0501 Tschugg,497,750.503018108652,249.4969818913481,378.2696177062374,372.2334004024145,120.72434607645876,128.77263581488936
0502,......0502 Vinelz,910,873.6263736263736,126.37362637362637,421.97802197802196,451.64835164835165,65.93406593406594,60.43956043956044
0734,......0734 Bühl,482,919.0871369294605,80.91286307053943,450.20746887966806,468.87966804979254,29.04564315352697,51.86721991701245
0735,......0735 Epsach,366,896.1748633879781,103.82513661202186,445.3551912568306,450.81967213114757,43.71584699453552,60.10928961748633
0736,......0736 Hagneck,436,878.440366972477,121.55963302752295,456.42201834862385,422.0183486238532,55.04587155963303,66.5137614678899
0737,......0737 Hermrigen,315,911.1111111111111,88.88888888888889,447.61904761904765,463.4920634920635,63.49206349206349,25.396825396825395
0738,......0738 Jens,660,922.7272727272727,77.27272727272727,472.7272727272727,450.0,30.303030303030305,46.96969696969697
0741,......0741 Merzligen,403,923.0769230769231,76.92307692307693,468.98263027295286,454.09429280397023,32.25806451612903,44.66501240694789
0749,......0749 Studen (BE),3537,702.572801809443,297.42719819055696,346.3387051173311,356.23409669211196,145.32089341249647,152.1063047780605
0751,......0751 Täuffelen,3084,872.2438391699092,127.75616083009078,427.367055771725,444.87678339818416,54.79896238651102,72.95719844357977
0754,......0754 Walperswil,1045,922.4880382775119,77.51196172248804,476.55502392344494,445.933014354067,38.27751196172249,39.23444976076555
0755,......0755 Worben,2615,830.9751434034417,169.0248565965583,396.94072657743783,434.0344168260038,82.21797323135756,86.80688336520076
0321,......0321 Aarwangen,4813,775.60772906711,224.39227093289009,376.8959069187617,398.71182214834823,122.37689590691876,102.01537502597132
0322,......0322 Auswil,477,939.203354297694,60.79664570230608,471.6981132075472,467.50524109014674,41.928721174004195,18.867924528301884
0323,......0323 Bannwil,678,868.7315634218289,131.26843657817108,446.9026548672566,421.82890855457225,63.42182890855458,67.84660766961652
0324,......0324 Bleienbach,779,905.0064184852374,94.99358151476252,458.2798459563543,446.7265725288832,44.929396662387674,50.064184852374844
0325,......0325 Busswil bei Melchnau,166,933.7349397590361,66.26506024096386,481.9277108433735,451.8072289156627,12.048192771084338,54.21686746987952
0326,......0326 Gondiswil,731,949.3844049247606,50.6155950752394,466.48426812585495,482.9001367989056,17.783857729138166,32.83173734610123
0329,......0329 Langenthal,16141,725.4197385539929,274.58026144600706,355.2444086487826,370.17532990521033,132.45771637445017,142.1225450715569
0331,......0331 Lotzwil,2779,805.6854983807125,194.3145016192875,414.17776178481466,391.5077365958978,100.39582583663189,93.91867578265563
0332,......0332 Madiswil,3330,895.1951951951952,104.8048048048048,444.7447447447447,450.45045045045043,51.351351351351354,53.453453453453456
0333,......0333 Melchnau,1518,825.4281949934124,174.57180500658762,415.67852437417656,409.7496706192358,80.36890645586297,94.20289855072464
0335,......0335 Oeschenbach,234,940.1709401709402,59.82905982905983,512.8205128205128,427.3504273504273,25.64102564102564,34.188034188034194
0336,......0336 Reisiswil,178,915.7303370786517,84.26966292134831,443.8202247191011,471.91011235955057,50.561797752808985,33.70786516853933
0337,......0337 Roggwil (BE),4432,774.1425992779783,225.85740072202165,389.2148014440433,384.927797833935,110.10830324909747,115.74909747292418
0338,......0338 Rohrbach,1599,881.1757348342715,118.82426516572858,442.151344590369,439.0243902439024,58.16135084427768,60.662914321450906
0339,......0339 Rohrbachgraben,375,912.0,88.0,461.3333333333333,450.6666666666667,48.0,40.0
0340,......0340 Rütschelen,582,945.0171821305842,54.982817869415804,465.63573883161513,479.3814432989691,34.364261168384886,20.61855670103093
0341,......0341 Schwarzhäusern,519,915.2215799614644,84.77842003853564,464.354527938343,450.8670520231214,34.68208092485549,50.09633911368015
0342,......0342 Thunstetten,3587,783.1056593253414,216.89434067465848,394.7588514078617,388.3468079174798,112.6289378310566,104.26540284360189
0344,......0344 Ursenbach,903,931.3399778516057,68.66002214839425,475.0830564784053,456.25692137320044,37.652270210409746,31.007751937984494
0345,......0345 Wynau,1701,729.5708406819517,270.4291593180482,361.5520282186949,368.0188124632569,144.0329218106996,126.39623750734863
0953,......0953 Eriswil,1337,939.4166043380703,60.5833956619297,480.9274495138369,458.48915482423337,26.17801047120419,34.405385190725504
0954,......0954 Huttwil,5135,819.6689386562805,180.33106134371957,410.90555014605644,408.763388510224,96.00778967867575,84.32327166504382
0959,......0959 Walterswil (BE),555,949.5495495495495,50.45045045045045,481.0810810810811,468.4684684684685,28.82882882882883,21.62162162162162
0960,......0960 Wyssachen,1124,941.2811387900356,58.71886120996441,460.8540925266904,480.4270462633452,36.47686832740214,22.24199288256228
0971,......0971 Attiswil,1546,879.0426908150065,120.95730918499353,434.67011642949547,444.372574385511,59.50840879689522,61.448900388098316
0972,......0972 Berken,47,957.4468085106383,42.5531914893617,531.9148936170212,425.531914893617,21.27659574468085,21.27659574468085
0973,......0973 Bettenhausen,692,897.3988439306358,102.60115606936417,433.52601156069363,463.8728323699422,47.6878612716763,54.91329479768786
0975,......0975 Farnern,226,915.929203539823,84.070796460177,442.4778761061947,473.4513274336283,35.39823008849557,48.67256637168141
0976,......0976 Graben,337,881.3056379821959,118.69436201780415,451.0385756676558,430.26706231454006,74.1839762611276,44.51038575667656
0977,......0977 Heimenhausen,1219,905.6603773584906,94.33962264150944,456.11156685808044,449.5488105004102,49.22067268252666,45.118949958982775
0979,......0979 Herzogenbuchsee,7502,771.9274860037323,228.07251399626765,378.6990135963743,393.228472407358,110.23727006131698,117.83524393495068
0980,......0980 Inkwil,676,914.2011834319527,85.79881656804733,451.1834319526627,463.0177514792899,35.50295857988166,50.29585798816568
0981,......0981 Niederbipp,5557,699.2981824725572,300.70181752744287,351.9884829944214,347.30969947813566,152.6003239157819,148.10149361166097
0982,......0982 Niederönz,1803,855.2412645590682,144.7587354409318,415.4187465335552,439.82251802551303,68.21963394342761,76.53910149750416
0983,......0983 Oberbipp,1955,795.3964194373402,204.60358056265983,387.7237851662404,407.67263427109975,109.97442455242967,94.62915601023019
0985,......0985 Ochlenberg,536,936.5671641791045,63.43283582089553,494.4029850746269,442.1641791044776,35.44776119402985,27.98507462686567
0987,......0987 Rumisberg,493,896.551724137931,103.44827586206897,464.5030425963489,432.04868154158214,42.596348884381335,60.851926977687626
0988,......0988 Seeberg,1599,913.6960600375235,86.30393996247655,463.4146341463415,450.281425891182,40.65040650406504,45.65353345841151
0989,......0989 Thörigen,1193,897.7367979882649,102.26320201173512,466.0519698239732,431.68482816429173,51.13160100586756,51.13160100586756
0990,......0990 Walliswil bei Niederbipp,222,864.8648648648649,135.13513513513513,414.4144144144144,450.45045045045043,58.55855855855856,76.57657657657657
0991,......0991 Walliswil bei Wangen,632,916.1392405063291,83.86075949367088,444.62025316455697,471.5189873417722,45.88607594936709,37.9746835443038
0992,......0992 Wangen an der Aare,2920,790.4109589041096,209.58904109589042,394.1780821917808,396.2328767123288,100.34246575342466,109.24657534246575
0995,......0995 Wiedlisbach,2654,767.1439336850037,232.8560663149962,388.47023360964585,378.67370007535794,114.92087415222306,117.93519216277318
0401,......0401 Aefligen,1140,883.3333333333333,116.66666666666667,435.96491228070175,447.36842105263156,59.64912280701754,57.017543859649116
0402,......0402 Alchenstorf,634,919.558359621451,80.4416403785489,465.29968454258676,454.25867507886437,41.00946372239748,39.43217665615142
0404,......0404 Burgdorf,17292,745.2000925283369,254.7999074716632,366.0074022669442,379.19269026139256,125.43372657876475,129.36618089289846
0405,......0405 Ersigen,2032,925.1968503937009,74.80314960629921,467.5196850393701,457.6771653543307,29.03543307086614,45.767716535433074
0406,......0406 Hasle bei Burgdorf,3402,866.2551440329219,133.7448559670782,433.8624338624338,432.392710170488,77.01352145796591,56.73133450911229
0407,......0407 Heimiswil,1629,938.6126457949663,61.387354205033766,473.91037446286066,464.70227133210557,27.624309392265193,33.76304481276857
0408,......0408 Hellsau,213,915.4929577464789,84.50704225352112,446.0093896713615,469.4835680751174,32.863849765258216,51.64319248826291
0409,......0409 Hindelbank,2794,836.4352183249821,163.56478167501788,428.0601288475304,408.37508947745164,80.52970651395847,83.03507516105941
0410,......0410 Höchstetten,253,901.1857707509881,98.81422924901186,442.6877470355731,458.49802371541506,63.241106719367586,35.57312252964427
0411,......0411 Kernenried,534,928.8389513108615,71.16104868913857,456.92883895131087,471.91011235955057,37.453183520599254,33.70786516853933
0412,......0412 Kirchberg (BE),5922,810.1992570077676,189.80074299223236,402.06011482607227,408.1391421816954,94.56264775413712,95.23809523809523
0413,......0413 Koppigen,2281,882.9460762823323,117.05392371766769,429.6361245067953,453.30995177553706,60.06137658921526,56.992547128452436
0414,......0414 Krauchthal,2381,901.3019739605209,98.6980260394792,456.11087778244433,445.19109617807646,45.77908441831163,52.918941621167576
0415,......0415 Lyssach,1484,851.078167115903,148.92183288409703,427.2237196765499,423.85444743935307,72.77628032345014,76.14555256064689
0418,......0418 Oberburg,2990,765.551839464883,234.44816053511704,383.2775919732441,382.2742474916388,123.4113712374582,111.03678929765887
0420,......0420 Rüdtligen-Alchenflüh,2490,731.3253012048193,268.67469879518075,365.0602409638554,366.26506024096386,130.92369477911646,137.75100401606426
0421,......0421 Rumendingen,91,912.0879120879121,87.91208791208791,483.5164835164835,428.57142857142856,21.978021978021978,65.93406593406594
0422,......0422 Rüti bei Lyssach,163,944.7852760736196,55.214723926380366,441.7177914110429,503.06748466257665,24.539877300613497,30.67484662576687
0423,......0423 Willadingen,196,969.3877551020407,30.612244897959183,479.59183673469386,489.7959183673469,20.408163265306122,10.204081632653061
0424,......0424 Wynigen,2097,940.8679065331426,59.13209346685742,468.2880305197902,472.57987601335236,26.227944682880302,32.904148783977114
0533,......0533 Bätterkinden,3375,891.8518518518518,108.14814814814815,427.2592592592593,464.5925925925926,50.96296296296296,57.18518518518518
0552,......0552 Utzenstorf,4469,871.7833967330499,128.2166032669501,428.2837323786082,443.49966435444173,62.653837547549784,65.56276571940032
0554,......0554 Wiler bei Utzenstorf,1032,871.1240310077519,128.87596899224806,431.2015503875969,439.92248062015506,68.7984496124031,60.077519379844965
0556,......0556 Zielebach,323,879.2569659442725,120.74303405572756,433.43653250773997,445.8204334365325,43.343653250774,77.39938080495357
0901,......0901 Eggiwil,2451,961.2403100775194,38.75968992248062,492.0440636474908,469.19624643002857,17.543859649122805,21.215830273357813
0902,......0902 Langnau im Emmental,9574,871.3181533319406,128.6818466680593,422.70733235847086,448.6108209734698,66.53436390223521,62.14748276582411
0903,......0903 Lauperswil,2712,933.9970501474927,66.00294985250737,464.97050147492627,469.0265486725664,32.81710914454277,33.1858407079646
0904,......0904 Röthenbach im Emmental,1200,966.6666666666666,33.333333333333336,490.0,476.6666666666667,17.5,15.833333333333334
0905,......0905 Rüderswil,2390,950.2092050209205,49.7907949790795,466.5271966527197,483.68200836820085,23.01255230125523,26.778242677824267
0906,......0906 Schangnau,924,949.1341991341992,50.865800865800864,482.68398268398266,466.45021645021643,25.974025974025977,24.89177489177489
0907,......0907 Signau,2698,919.9406968124537,80.05930318754632,460.3409933283914,459.5997034840623,39.6590066716086,40.40029651593773
0908,......0908 Trub,1277,956.1472200469851,43.852779953014874,506.6562255285826,449.49099451840254,19.57713390759593,24.275646045418952
0909,......0909 Trubschachen,1510,872.8476821192053,127.1523178807947,445.6953642384106,427.1523178807947,61.58940397350993,65.56291390728477
0951,......0951 Affoltern im Emmental,1211,936.4161849710982,63.58381502890173,473.9884393063584,462.42774566473986,32.20478943022296,31.37902559867878
0952,......0952 Dürrenroth,1077,937.7901578458682,62.20984215413185,474.4661095636026,463.32404828226555,29.712163416898793,32.49767873723305
0955,......0955 Lützelflüh,4372,899.8170173833487,100.18298261665142,438.9295516925892,460.88746569075937,53.97987191216835,46.20311070448307
0956,......0956 Rüegsau,3295,897.1168437025797,102.88315629742033,442.7921092564492,454.3247344461305,45.523520485584214,57.35963581183612
0957,......0957 Sumiswald,5209,880.0153580341716,119.98464196582837,434.0564407755807,445.9589172585909,71.41485889806106,48.569783067767325
0958,......0958 Trachselwald,916,944.3231441048034,55.6768558951965,474.89082969432314,469.43231441048033,30.567685589519648,25.109170305676855
0307,......0307 Meikirch,2600,886.1538461538462,113.84615384615385,428.8461538461538,457.3076923076923,58.07692307692307,55.769230769230774
0351,......0351 Bern,137995,687.0248922062393,312.9751077937606,331.02648646690096,355.9984057393384,153.05627015471578,159.91883763904488
0352,......0352 Bolligen,6374,803.4201443363664,196.5798556636335,393.31659868214626,410.1035456542202,90.52400376529651,106.055851898337
0353,......0353 Bremgarten bei Bern,4424,827.9837251356239,172.01627486437613,403.7070524412297,424.2766726943942,76.85352622061482,95.1627486437613
0354,......0354 Kirchlindach,3341,839.5689913199641,160.43100868003594,411.25411553427114,428.3148757856929,78.12032325651003,82.3106854235259
0355,......0355 Köniz,43508,740.323618644847,259.67638135515307,357.31359749931045,383.0100211455364,124.64374367932335,135.03263767582973
0356,......0356 Muri bei Bern,13712,724.6207701283547,275.37922987164524,351.8815635939323,372.7392065344224,128.35472578763128,147.02450408401398
0357,......0357 Oberbalm,865,939.8843930635838,60.115606936416185,486.7052023121387,453.1791907514451,19.653179190751445,40.46242774566474
0358,......0358 Stettlen,3384,768.9125295508275,231.08747044917257,382.0921985815603,386.82033096926716,108.15602836879432,122.93144208037825
0359,......0359 Vechigen,5982,865.9311267134738,134.06887328652624,436.64326312270146,429.2878635907723,61.01638248077566,73.0524908057506
0360,......0360 Wohlen bei Bern,9283,812.9914898201013,187.00851017989876,396.31584617041904,416.67564364968223,85.42497037595605,101.58353980394268
0361,......0361 Zollikofen,11591,703.218013976361,296.78198602363904,347.68354758001897,355.534466396342,141.31653869381415,155.46544732982485
0362,......0362 Ittigen,11546,672.4406720942318,327.55932790576827,331.5433916507882,340.89728044344366,156.67763727697903,170.8816906287892
0363,......0363 Ostermundigen,18326,642.3660373240206,357.6339626759795,315.83542507912256,326.53061224489795,173.1419840663538,184.49197860962565
0403,......0403 Bäriswil,1119,880.2502234137622,119.74977658623772,420.9115281501341,459.33869526362827,59.87488829311886,59.87488829311886
0535,......0535 Deisswil bei Münchenbuchsee,85,976.4705882352941,23.52941176470588,529.4117647058823,447.05882352941177,23.52941176470588,0.0
0538,......0538 Fraubrunnen,5498,886.6860676609676,113.31393233903238,438.15933066569664,448.526736995271,54.201527828301195,59.112404510731174
0540,......0540 Jegenstorf,5872,838.8964577656676,161.10354223433242,405.8242506811989,433.07220708446863,77.48637602179836,83.61716621253407
0541,......0541 Iffwil,445,878.6516853932584,121.34831460674157,462.92134831460675,415.7303370786517,44.9438202247191,76.40449438202248
0543,......0543 Mattstetten,599,924.8747913188647,75.12520868113523,450.75125208681135,474.1235392320534,33.3889816360601,41.736227045075125
0544,......0544 Moosseedorf,4155,721.2996389891697,278.70036101083036,368.23104693140795,353.06859205776175,139.35018050541518,139.35018050541518
0546,......0546 Münchenbuchsee,10696,747.1017202692595,252.89827973074048,363.9678384442782,383.1338818249813,122.75617053103964,130.14210919970083
0551,......0551 Urtenen-Schönbühl,6545,725.8976317799846,274.10236822001525,353.39954163483577,372.498090145149,135.52330022918258,138.5790679908327
0553,......0553 Wiggiswil,96,906.25,93.75,437.5,468.75,31.25,62.5
0557,......0557 Zuzwil (BE),555,942.3423423423424,57.65765765765766,434.23423423423424,508.1081081081081,30.63063063063063,27.027027027027028
0602,......0602 Arni (BE),983,957.2736520854527,42.726347914547304,493.38758901322484,463.88606307222784,22.380467955239062,20.345879959308242
0603,......0603 Biglen,1856,881.4655172413793,118.5344827586207,436.9612068965517,444.50431034482756,53.87931034482758,64.65517241379311
0605,......0605 Bowil,1293,965.1972157772622,34.80278422273782,474.09126063418404,491.10595514307806,23.201856148491878,11.600928074245939
0606,......0606 Brenzikofen,534,947.5655430711611,52.434456928838955,473.78277153558054,473.78277153558054,20.599250936329586,31.835205992509366
0607,......0607 Freimettigen,453,880.794701986755,119.20529801324503,456.953642384106,423.841059602649,68.43267108167771,50.77262693156733
0608,......0608 Grosshöchstetten,4071,874.9692950135102,125.0307049864898,429.3785310734463,445.5907639400639,64.35765168263326,60.67305330385655
0609,......0609 Häutligen,268,962.6865671641791,37.31343283582089,481.34328358208955,481.34328358208955,26.119402985074625,11.194029850746269
0610,......0610 Herbligen,640,926.5625,73.4375,473.4375,453.125,28.125,45.3125
0611,......0611 Kiesen,990,919.1919191919193,80.80808080808082,434.34343434343435,484.8484848484849,46.464646464646464,34.34343434343434
0612,......0612 Konolfingen,5485,858.3409298085688,141.65907019143117,413.85597082953507,444.4849589790337,66.72743846855059,74.93163172288058
0613,......0613 Landiswil,623,966.2921348314607,33.70786516853933,478.330658105939,487.96147672552166,11.235955056179774,22.47191011235955
0614,......0614 Linden,1275,928.6274509803922,71.37254901960783,447.84313725490193,480.78431372549016,25.88235294117647,45.49019607843137
0615,......0615 Mirchel,561,942.9590017825312,57.040998217468804,493.76114081996434,449.1978609625669,30.303030303030305,26.737967914438503
0616,......0616 Münsingen,13049,830.8682657674917,169.13173423250825,400.4904590390068,430.377806728485,80.46593608705648,88.66579814545175
0617,......0617 Niederhünigen,710,940.8450704225352,59.154929577464785,459.15492957746477,481.69014084507046,26.76056338028169,32.394366197183096
0619,......0619 Oberdiessbach,3723,874.8321246306741,125.1678753693258,436.47596024711254,438.35616438356163,59.897931775449905,65.26994359387591
0620,......0620 Oberthal,706,966.0056657223796,33.9943342776204,507.0821529745042,458.92351274787535,19.8300283286119,14.164305949008499
0622,......0622 Oppligen,660,903.0303030303031,96.96969696969697,454.5454545454545,448.4848484848485,53.03030303030303,43.93939393939394
0623,......0623 Rubigen,2894,852.7988942639945,147.20110573600553,432.2736696613684,420.52522460262617,69.1085003455425,78.09260539046304
0626,......0626 Walkringen,1829,913.6139967195188,86.38600328048115,463.6413340623292,449.9726626571897,41.55276107162384,44.8332422088573
0627,......0627 Worb,11595,763.777490297542,236.22250970245796,370.4182837429927,393.35920655454936,112.20353600689953,124.01897369555843
0628,......0628 Zäziwil,1668,910.6714628297362,89.32853717026379,454.43645083932853,456.23501199040766,45.563549160671464,43.76498800959232
0629,......0629 Oberhünigen,333,966.9669669669669,33.03303303303303,480.4804804804805,486.4864864864865,15.015015015015015,18.01801801801802
0630,......0630 Allmendingen,532,877.8195488721805,122.18045112781954,447.36842105263156,430.45112781954884,54.51127819548872,67.66917293233082
0632,......0632 Wichtrach,4466,888.0429914912673,111.95700850873266,448.05194805194805,439.9910434393193,49.70891177787729,62.24809673085535
0662,......0662 Ferenbalm,1253,858.7390263367917,141.26097366320832,410.21548284118114,448.5235434956105,71.0295291300878,70.23144453312051
0663,......0663 Frauenkappelen,1470,814.2857142857143,185.71428571428572,409.5238095238095,404.76190476190476,91.15646258503402,94.5578231292517
0665,......0665 Gurbrü,249,839.3574297188756,160.6425702811245,421.68674698795184,417.67068273092366,100.40160642570281,60.24096385542169
0666,......0666 Kriechenwil,437,910.7551487414187,89.24485125858124,443.9359267734554,466.81922196796336,43.47826086956522,45.76659038901602
0667,......0667 Laupen,3285,792.3896499238965,207.61035007610351,385.99695585996955,406.3926940639269,99.5433789954338,108.0669710806697
0668,......0668 Mühleberg,3097,839.5221181788828,160.47788182111722,418.7923797223119,420.72973845657083,88.47271553115918,72.00516628995803
0669,......0669 Münchenwiler,588,790.8163265306123,209.18367346938777,404.76190476190476,386.05442176870747,91.83673469387756,117.34693877551021
0670,......0670 Neuenegg,5730,791.4485165794066,208.55148342059337,396.3350785340314,395.11343804537523,105.0610820244328,103.49040139616056
0671,......0671 Wileroltigen,380,865.7894736842105,134.21052631578948,447.36842105263156,418.42105263157896,71.05263157894737,63.15789473684211
0852,......0852 Guggisberg,1493,941.728064300067,58.27193569993302,465.5056932350971,476.2223710649698,28.13127930341594,30.14065639651708
0853,......0853 Rüschegg,1738,924.0506329113924,75.9493670886076,468.3544303797468,455.69620253164555,38.55005753739931,37.39930955120828
0855,......0855 Schwarzenburg,6795,896.8359087564386,103.16409124356144,443.56144223693894,453.27446651949964,48.27078734363503,54.893303899926416
0861,......0861 Belp,11718,792.9680832906639,207.03191670933606,391.5343915343915,401.4336917562724,98.82232462877624,108.20959208055982
0866,......0866 Gerzensee,1301,903.9200614911607,96.07993850883935,459.64642582628744,444.27363566487315,52.26748654880861,43.81245196003074
0868,......0868 Jaberg,305,957.3770491803278,42.62295081967213,478.6885245901639,478.6885245901639,22.950819672131146,19.672131147540984
0869,......0869 Kaufdorf,1101,890.0999091734787,109.90009082652135,436.8755676657584,453.2243415077202,56.31244323342416,53.58764759309719
0870,......0870 Kehrsatz,4670,690.5781584582442,309.4218415417559,341.3276231263384,349.25053533190584,148.82226980728052,160.59957173447538
0872,......0872 Kirchdorf (BE),1853,908.7965461413924,91.20345385860766,461.41392336751215,447.3826227738802,52.8872099298435,38.316243928764166
0877,......0877 Niedermuhlern,521,919.3857965451056,80.61420345489444,454.89443378119006,464.49136276391556,42.22648752399232,38.38771593090211
0879,......0879 Riggisberg,3184,877.8266331658291,122.17336683417085,441.5829145728643,436.24371859296485,68.46733668341709,53.70603015075377
0880,......0880 Rüeggisberg,1745,930.0859598853867,69.91404011461317,465.9025787965616,464.18338108882523,33.810888252149,36.10315186246418
0884,......0884 Toffen,2661,830.890642615558,169.10935738444195,406.23825629462607,424.652386320932,85.68207440811724,83.42728297632469
0888,......0888 Wald (BE),1198,898.9983305509181,101.0016694490818,445.7429048414023,453.25542570951586,50.91819699499165,50.08347245409015
0889,......0889 Thurnen,2060,888.3495145631068,111.6504854368932,431.5533980582524,456.79611650485435,50.970873786407765,60.67961165048544
0767,......0767 Reutigen,1393,903.8047379755923,96.19526202440775,463.0294328786791,440.77530509691314,49.53338119167265,46.66188083273511
0770,......0770 Stocken-Höfen,1018,921.4145383104126,78.58546168958742,473.4774066797642,447.93713163064837,42.23968565815324,36.345776031434184
0863,......0863 Burgistein,1069,932.6473339569691,67.35266604303088,463.0495790458372,469.5977549111319,30.86997193638915,36.482694106641716
0867,......0867 Gurzelen,876,960.0456621004566,39.954337899543376,482.8767123287671,477.1689497716895,15.981735159817351,23.972602739726025
0883,......0883 Seftigen,2188,885.7404021937842,114.25959780621572,424.58866544789765,461.15173674588664,53.016453382084094,61.24314442413163
0885,......0885 Uttigen,2176,898.4375,101.5625,455.88235294117646,442.55514705882354,54.22794117647059,47.33455882352941
0886,......0886 Wattenwil,3230,911.7647058823529,88.23529411764706,442.7244582043344,469.04024767801855,41.79566563467492,46.43962848297214
0921,......0921 Amsoldingen,834,928.0575539568346,71.94244604316546,454.43645083932853,473.621103117506,28.77697841726619,43.16546762589928
0922,......0922 Blumenstein,1308,922.782874617737,77.21712538226299,479.35779816513764,443.4250764525994,35.16819571865443,42.04892966360856
0923,......0923 Buchholterberg,1552,951.6752577319587,48.32474226804124,481.9587628865979,469.71649484536084,19.97422680412371,28.350515463917525
0924,......0924 Eriz,480,952.0833333333333,47.91666666666667,481.25,470.8333333333333,16.666666666666668,31.25
0925,......0925 Fahrni,800,955.0,45.0,482.5,472.5,18.75,26.25
0927,......0927 Heiligenschwendi,721,839.1123439667128,160.8876560332871,409.1539528432732,429.95839112343964,67.96116504854369,92.92649098474341
0928,......0928 Heimberg,7079,817.7708715920328,182.22912840796724,404.43565475349624,413.3352168385365,89.843198191835,92.38593021613222
0929,......0929 Hilterfingen,4095,828.5714285714287,171.42857142857142,382.9059829059829,445.6654456654457,78.3882783882784,93.04029304029304
0931,......0931 Homberg,500,958.0,42.0,468.0,490.0,28.0,14.0
0932,......0932 Horrenbach-Buchen,224,959.8214285714286,40.17857142857143,535.7142857142857,424.10714285714283,17.857142857142858,22.321428571428573
0934,......0934 Oberhofen am Thunersee,2523,791.5180340864051,208.4819659135949,390.4082441537852,401.10978993261995,95.52120491478398,112.96076099881094
0935,......0935 Oberlangenegg,473,985.200845665962,14.799154334038054,488.3720930232558,496.82875264270615,10.570824524312897,4.2283298097251585
0936,......0936 Pohlern,247,914.9797570850202,85.02024291497976,437.2469635627531,477.73279352226723,48.582995951417004,36.43724696356275
0938,......0938 Sigriswil,4871,825.0872510778074,174.91274892219258,408.3350441387805,416.75220693902685,80.2709915828372,94.64175733935537
0939,......0939 Steffisburg,16581,839.8769676135336,160.12303238646643,401.9661057837284,437.9108618298052,77.31741149508474,82.80562089138171
0940,......0940 Teuffenthal (BE),154,980.5194805194806,19.48051948051948,454.5454545454545,525.974025974026,0.0,19.48051948051948
0941,......0941 Thierachern,2539,911.3824340291453,88.61756597085467,451.7526585269791,459.62977550216624,42.142575817250886,46.474990153603784
0942,......0942 Thun,44125,779.8526912181303,220.1473087818697,372.5099150141643,407.342776203966,105.04249291784703,115.10481586402265
0943,......0943 Uebeschi,707,925.035360678925,74.96463932107496,466.76096181046677,458.27439886845826,32.53182461103253,42.432814710042436
0944,......0944 Uetendorf,6067,880.0065930443383,119.99340695566178,434.97610021427397,445.0304928300643,57.85396406790835,62.139442887753425
0945,......0945 Unterlangenegg,1072,953.3582089552239,46.64179104477612,496.2686567164179,457.089552238806,16.791044776119403,29.850746268656717
0946,......0946 Wachseldorn,238,957.983193277311,42.016806722689076,491.5966386554622,466.38655462184875,8.403361344537815,33.61344537815126
0948,......0948 Forst-Längenbühl,779,942.2336328626444,57.76636713735559,469.8331193838254,472.400513478819,28.241335044929397,29.525032092426187
0791,......0791 Boltigen,1272,903.3018867924528,96.69811320754718,455.188679245283,448.11320754716985,47.9559748427673,48.742138364779876
0792,......0792 Lenk,2322,830.7493540051679,169.25064599483204,416.4513350559862,414.2980189491817,88.71662360034453,80.53402239448751
0793,......0793 St. Stephan,1326,887.63197586727,112.36802413273001,449.47209653092006,438.15987933634995,61.08597285067873,51.28205128205128
0794,......0794 Zweisimmen,3059,821.8372016999019,178.16279830009807,408.6302713305002,413.20693036940173,88.91794704151683,89.24485125858124
0841,......0841 Gsteig,1028,739.2996108949417,260.7003891050584,364.7859922178988,374.5136186770428,140.07782101167317,120.62256809338521
0842,......0842 Lauenen,865,820.8092485549133,179.1907514450867,379.1907514450867,441.6184971098266,87.86127167630057,91.32947976878613
0843,......0843 Saanen,6924,635.0375505488157,364.9624494511843,318.60196418255344,316.43558636626227,186.88619295205083,178.07625649913345
0561,......0561 Adelboden,3420,867.5438596491229,132.45614035087718,421.9298245614035,445.6140350877193,65.49707602339181,66.95906432748538
0562,......0562 Aeschi bei Spiez,2325,891.1827956989248,108.81720430107526,440.0,451.18279569892474,49.03225806451613,59.784946236559136
0563,......0563 Frutigen,7100,879.7183098591549,120.28169014084507,434.08450704225356,445.6338028169014,58.02816901408451,62.25352112676057
0564,......0564 Kandergrund,810,923.4567901234568,76.54320987654322,479.01234567901236,444.4444444444444,38.27160493827161,38.27160493827161
0565,......0565 Kandersteg,1299,717.4749807544265,282.5250192455735,357.9676674364896,359.5073133179369,127.79060816012317,154.73441108545035
0566,......0566 Krattigen,1130,853.9823008849557,146.01769911504425,430.0884955752212,423.89380530973455,66.3716814159292,79.64601769911505
0567,......0567 Reichenbach im Kandertal,3792,914.5569620253165,85.44303797468355,450.94936708860763,463.60759493670884,39.029535864978904,46.413502109704645
0761,......0761 Därstetten,868,911.2903225806451,88.70967741935485,470.04608294930875,441.2442396313364,36.866359447004605,51.84331797235023
0762,......0762 Diemtigen,2304,932.7256944444445,67.27430555555556,473.9583333333333,458.7673611111111,29.51388888888889,37.760416666666664
0763,......0763 Erlenbach im Simmental,1731,902.946273830156,97.05372616984403,448.8734835355286,454.0727902946274,50.83766608896592,46.21606008087811
0766,......0766 Oberwil im Simmental,845,928.9940828402366,71.00591715976331,467.4556213017751,461.53846153846155,31.95266272189349,39.05325443786982
0768,......0768 Spiez,13342,808.5744266226953,191.42557337730477,402.7132363963424,405.86119022635285,94.51356618198172,96.91200719532304
0769,......0769 Wimmis,2735,855.9414990859232,144.0585009140768,435.10054844606947,420.84095063985376,68.3729433272395,75.68555758683729
0571,......0571 Beatenberg,1229,698.9422294548413,301.05777054515863,348.2506102522376,350.6916192026037,166.80227827502034,134.25549227013832
0572,......0572 Bönigen,2786,840.272792534099,159.72720746590093,429.64824120603015,410.6245513280689,72.8643216080402,86.86288585786073
0573,......0573 Brienz (BE),3256,803.7469287469288,196.25307125307125,397.42014742014743,406.3267813267814,92.13759213759214,104.1154791154791
0574,......0574 Brienzwiler,514,803.5019455252918,196.49805447470817,408.5603112840467,394.94163424124514,93.3852140077821,103.11284046692606
0575,......0575 Därligen,416,817.3076923076923,182.69230769230768,384.61538461538464,432.69230769230774,86.53846153846153,96.15384615384616
0576,......0576 Grindelwald,3930,679.3893129770993,320.6106870229007,347.3282442748092,332.0610687022901,164.8854961832061,155.72519083969465
0577,......0577 Gsteigwiler,436,823.3944954128441,176.60550458715596,426.60550458715596,396.7889908256881,80.27522935779817,96.33027522935781
0578,......0578 Gündlischwand,344,747.0930232558139,252.90697674418604,366.27906976744185,380.8139534883721,127.90697674418605,125.0
0579,......0579 Habkern,629,910.9697933227345,89.0302066772655,473.76788553259144,437.2019077901431,38.15580286168521,50.87440381558029
0580,......0580 Hofstetten bei Brienz,529,858.2230623818525,141.77693761814743,408.31758034026467,449.9054820415879,71.83364839319471,69.94328922495274
0581,......0581 Interlaken,6123,599.8693450922751,400.130654907725,286.13424791768745,313.7350971745876,207.41466601339212,192.71598889433284
0582,......0582 Iseltwald,401,820.4488778054863,179.5511221945137,408.9775561097257,411.4713216957606,79.80049875311721,99.75062344139651
0584,......0584 Lauterbrunnen,2331,648.2196482196482,351.7803517803518,325.1823251823252,323.037323037323,172.02917202917203,179.75117975117973
0585,......0585 Leissigen,1205,800.0,200.0,405.8091286307054,394.1908713692946,94.6058091286307,105.39419087136929
0586,......0586 Lütschental,239,828.4518828451884,171.5481171548117,422.59414225941424,405.8577405857741,96.23430962343096,75.31380753138076
0587,......0587 Matten bei Interlaken,4201,724.5893834801238,275.4106165198762,349.9166865032135,374.67269697691023,139.72863603903832,135.6819804808379
0588,......0588 Niederried bei Interlaken,366,803.2786885245902,196.72131147540983,385.24590163934425,418.0327868852459,84.69945355191257,112.02185792349727
0589,......0589 Oberried am Brienzersee,481,814.968814968815,185.03118503118503,392.93139293139296,422.03742203742206,76.92307692307693,108.10810810810811
0590,......0590 Ringgenberg (BE),2655,798.1167608286253,201.88323917137475,406.7796610169492,391.33709981167607,93.78531073446328,108.09792843691149
0591,......0591 Saxeten,98,867.3469387755101,132.65306122448982,489.7959183673469,377.55102040816325,61.224489795918366,71.42857142857143
0592,......0592 Schwanden bei Brienz,668,874.2514970059881,125.74850299401197,428.14371257485027,446.10778443113776,56.88622754491018,68.8622754491018
0593,......0593 Unterseen,5708,735.9845830413456,264.01541695865455,353.18850735809394,382.79607568325156,124.73721093202522,139.2782060266293
0594,......0594 Wilderswil,2768,778.9017341040462,221.09826589595374,380.78034682080926,398.12138728323697,112.35549132947976,108.742774566474
0782,......0782 Guttannen,241,879.6680497925311,120.33195020746888,423.23651452282155,456.4315352697095,58.09128630705394,62.24066390041494
0783,......0783 Hasliberg,1129,804.251550044287,195.74844995571303,407.4402125775022,396.8113374667848,82.37378210806024,113.37466784765279
0784,......0784 Innertkirchen,1079,849.8609823911029,150.13901760889715,450.41705282669136,399.4439295644115,50.973123262279884,99.16589434661724
0785,......0785 Meiringen,4814,763.3984212712921,236.60157872870792,376.8176152887412,386.5808059825509,116.5351059410054,120.06647278770254
0786,......0786 Schattenhalb,586,822.5255972696245,177.47440273037543,401.02389078498294,421.50170648464166,75.08532423208192,102.38907849829351
1061,......1061 Luzern,86234,662.7084444650602,337.29155553493985,320.2681077069369,342.44033675812324,166.03659809355938,171.2549574413804
1051,......1051 Adligenswil,5617,797.5787787074951,202.4212212925049,396.4749866476767,401.1037920598184,93.64429410717464,108.77692718533025
1052,......1052 Buchrain,6807,737.1823123255472,262.81768767445277,367.2689878066696,369.91332451887763,132.65755839576906,130.1601292786837
1053,......1053 Dierikon,1685,724.0356083086053,275.96439169139467,363.2047477744807,360.8308605341246,140.05934718100892,135.90504451038578
1054,......1054 Ebikon,14788,676.697322153097,323.3026778469029,332.70219096564784,343.99513118744926,162.02326210440899,161.2794157424939
1055,......1055 Gisikon,1515,715.5115511551155,284.4884488448845,359.0759075907591,356.43564356435644,145.21452145214522,139.27392739273927
1056,......1056 Greppen,1219,737.4897456931911,262.51025430680886,392.94503691550455,344.5447087776866,117.30926989335521,145.20098441345363
1057,......1057 Honau,579,816.9257340241796,183.0742659758204,414.5077720207254,402.41796200345425,91.5371329879102,91.5371329879102
1058,......1058 Horw,15817,750.5215906935576,249.47840930644244,368.9068723525321,381.6147183410255,117.3421002718594,132.13630903458304
1059,......1059 Kriens,30008,706.7115435883763,293.28845641162354,346.4409490802453,360.2705945081311,145.72780591842175,147.5606504932018
1062,......1062 Malters,7868,824.4789018810371,175.52109811896287,414.84494153533296,409.6339603457041,93.6705643111337,81.85053380782918
1063,......1063 Meggen,7795,739.3200769724182,260.6799230275818,365.7472738935215,373.57280307889675,117.25465041693393,143.42527261064785
1064,......1064 Meierskappel,1595,754.858934169279,245.141065830721,390.59561128526644,364.26332288401255,114.1065830721003,131.0344827586207
1065,......1065 Root,6064,679.4195250659631,320.58047493403694,343.3377308707124,336.08179419525067,162.59894459102904,157.9815303430079
1066,......1066 Schwarzenberg,1817,889.9284534947716,110.0715465052284,447.44083654375345,442.4876169510182,55.58613098514034,54.48541552008806
1067,......1067 Udligenswil,2475,808.8888888888889,191.11111111111111,406.8686868686869,402.020202020202,91.71717171717171,99.39393939393939
1068,......1068 Vitznau,1476,635.5013550135501,364.49864498644985,338.75338753387535,296.7479674796748,177.50677506775068,186.99186991869917
1069,......1069 Weggis,4707,643.7221159974506,356.2778840025494,327.1722965795624,316.5498194178882,171.65923093265351,184.61865306989588
1021,......1021 Aesch (LU),1453,811.424638678596,188.575361321404,419.8210598761184,391.60357880247767,92.22298692360634,96.35237439779766
1023,......1023 Ballwil,2840,879.9295774647887,120.07042253521128,446.4788732394366,433.45070422535207,61.267605633802816,58.80281690140845
1024,......1024 Emmen,32619,615.7454244458751,384.2545755541249,306.0179649897299,309.7274594561452,201.5696373279377,182.6849382261872
1025,......1025 Ermensee,1044,837.1647509578544,162.8352490421456,452.1072796934866,385.0574712643678,84.29118773946361,78.544061302682
1026,......1026 Eschenbach (LU),3779,828.790685366499,171.20931463350092,411.2198994442974,417.57078592220165,84.94310664196877,86.26620799153214
1030,......1030 Hitzkirch,6086,798.5540584949064,201.44594150509366,404.04206375287544,394.51199474203094,97.10811698981269,104.33782451528097
1031,......1031 Hochdorf,10067,761.1006258070925,238.89937419290752,379.954306148803,381.1463196582894,122.38005364060793,116.51932055229959
1032,......1032 Hohenrain,2462,883.0219333874898,116.97806661251016,463.4443541835906,419.5775792038993,52.80259951259139,64.17546709991876
1033,......1033 Inwil,2924,820.4514363885089,179.5485636114911,409.3707250341997,411.0807113543092,95.07523939808482,84.4733242134063
1037,......1037 Rain,3314,889.2576946288473,110.7423053711527,453.5304767652384,435.7272178636089,48.28002414001207,62.462281231140615
1039,......1039 Römerswil,1788,889.261744966443,110.73825503355705,435.1230425055929,454.1387024608501,59.2841163310962,51.45413870246085
1040,......1040 Rothenburg,7863,849.4213404552969,150.57865954470304,422.23070075034974,427.1906397049472,75.54368561617703,75.03497392852601
1041,......1041 Schongau,1069,893.3582787652011,106.64172123479888,463.0495790458372,430.3086997193639,52.38540692235735,54.25631431244153
1081,......1081 Beromünster,6830,837.3352855051245,162.66471449487554,414.78770131771597,422.5475841874085,89.60468521229868,73.06002928257686
1082,......1082 Büron,2768,692.557803468208,307.44219653179186,356.5751445086705,335.98265895953756,161.4884393063584,145.95375722543352
1083,......1083 Buttisholz,3486,864.6012621916236,135.39873780837635,443.77510040160644,420.8261617900172,74.29718875502007,61.10154905335628
1084,......1084 Eich,1750,862.8571428571429,137.14285714285714,438.85714285714283,424.0,64.0,73.14285714285715
1085,......1085 Geuensee,2941,742.6045562733764,257.39544372662357,370.282216933016,372.32233934036043,133.2879972798368,124.10744644678681
1086,......1086 Grosswangen,3524,850.4540295119183,149.5459704880817,429.34165720771847,421.11237230419977,78.60385925085131,70.94211123723042
1088,......1088 Hildisrieden,2502,860.5115907274181,139.48840927258195,430.8553157474021,429.65627498001595,67.94564348521183,71.5427657873701
1089,......1089 Knutwil,2516,839.4276629570747,160.57233704292528,422.49602543720187,416.9316375198728,81.08108108108108,79.4912559618442
1091,......1091 Mauensee,1510,861.5894039735099,138.41059602649005,449.00662251655626,412.5827814569536,63.57615894039735,74.83443708609272
1093,......1093 Neuenkirch,7229,846.4517913957671,153.54820860423297,429.3816572139992,417.07013418176786,76.22077742426337,77.32743117996957
1094,......1094 Nottwil,4120,831.5533980582525,168.44660194174756,415.04854368932035,416.50485436893206,84.46601941747572,83.98058252427185
1095,......1095 Oberkirch,5106,850.9596553074814,149.04034469251863,426.55699177438305,424.4026635330983,74.22640031335683,74.81394437916177
1097,......1097 Rickenbach (LU),3884,776.0041194644696,223.99588053553038,388.0020597322348,388.0020597322348,116.11740473738413,107.87847579814624
1098,......1098 Ruswil,7541,861.9546479246785,138.04535207532157,433.4968837024267,428.4577642222517,76.7802678689829,61.26508420633868
1099,......1099 Schenkon,3117,886.1084376002567,113.89156239974334,447.86653833814563,438.24189926211096,53.89797882579403,59.99358357394931
1100,......1100 Schlierbach,1008,880.952380952381,119.04761904761904,461.30952380952385,419.64285714285717,59.52380952380952,59.52380952380952
1102,......1102 Sempach,4380,873.0593607305937,126.94063926940638,429.2237442922374,443.83561643835617,59.58904109589041,67.35159817351598
1103,......1103 Sursee,11029,776.4983226040438,223.5016773959561,384.9850394414725,391.5132831625714,107.7160213981322,115.78565599782392
1104,......1104 Triengen,4923,734.511476741824,265.4885232581759,375.38086532602074,359.1306114158034,138.33028641072517,127.15823684745072
1121,......1121 Alberswil,735,839.4557823129252,160.54421768707482,412.2448979591837,427.2108843537415,88.43537414965986,72.10884353741497
1122,......1122 Altbüron,1014,837.2781065088757,162.72189349112426,418.1459566074951,419.13214990138067,73.96449704142012,88.75739644970413
1123,......1123 Altishofen,2057,804.0836169178415,195.91638308215846,405.444822557122,398.6387943607195,110.84103062712688,85.0753524550316
1125,......1125 Dagmersellen,6004,803.4643570952699,196.5356429047302,411.5589606928714,391.9053964023984,105.92938041305797,90.60626249167223
1127,......1127 Egolzwil,1664,824.5192307692307,175.48076923076923,429.08653846153845,395.43269230769226,82.9326923076923,92.54807692307693
1128,......1128 Ettiswil,2904,858.8154269972453,141.18457300275483,424.24242424242425,434.5730027548209,74.0358126721763,67.14876033057851
1129,......1129 Fischbach,724,872.9281767955802,127.0718232044199,461.3259668508287,411.6022099447514,63.53591160220995,63.53591160220995
1131,......1131 Grossdietwil,920,829.3478260869566,170.65217391304347,417.39130434782606,411.95652173913044,91.30434782608695,79.34782608695652
1132,......1132 Hergiswil bei Willisau,1944,905.8641975308642,94.13580246913581,466.56378600823047,439.3004115226338,49.382716049382715,44.75308641975308
1135,......1135 Luthern,1240,925.8064516129032,74.19354838709677,476.61290322580646,449.1935483870968,38.70967741935484,35.483870967741936
1136,......1136 Menznau,3149,844.395046046364,155.60495395363608,446.4909495077802,397.90409653858364,82.88345506510004,72.72149888853605
1137,......1137 Nebikon,2941,667.4600476028562,332.53995239714385,341.7205032301938,325.73954437266235,171.03026181570894,161.50969058143488
1139,......1139 Pfaffnau,2777,788.2607129996398,211.7392870003601,396.4710118833273,391.7897011163126,114.51206337774576,97.22722362261433
1140,......1140 Reiden,7674,708.626531144123,291.373468855877,363.82590565545996,344.800625488663,155.06906437320825,136.30440448266876
1142,......1142 Roggliswil,791,905.1833122629582,94.81668773704172,439.94943109987355,465.23388116308473,37.92667509481669,56.89001264222503
1143,......1143 Schötz,4964,775.9871071716358,224.01289282836422,387.187751813054,388.7993553585818,118.04995970991136,105.96293311845285
1145,......1145 Ufhusen,919,920.5658324265505,79.4341675734494,478.78128400435253,441.78454842219804,43.525571273122964,35.908596300326444
1146,......1146 Wauwil,2660,740.9774436090225,259.02255639097746,371.05263157894734,369.9248120300752,123.30827067669173,135.7142857142857
1147,......1147 Wikon,1503,791.7498336660013,208.25016633399866,386.5602129075183,405.18962075848304,116.43379906852961,91.81636726546905
1150,......1150 Zell (LU),2205,844.4444444444445,155.55555555555557,430.83900226757373,413.6054421768707,76.1904761904762,79.36507936507937
1151,......1151 Willisau,9242,831.6381735555075,168.36182644449255,420.147154295607,411.49101925990044,88.29257736420688,80.06924908028564
1001,......1001 Doppleschwand,824,932.0388349514564,67.96116504854369,480.58252427184465,451.45631067961165,30.33980582524272,37.62135922330097
1002,......1002 Entlebuch,3422,890.1227352425483,109.87726475745178,447.98363530099357,442.13909994155466,55.815312682641725,54.06195207481005
1004,......1004 Flühli,1858,826.6953713670614,173.30462863293863,440.79655543595265,385.8988159311087,93.1108719052745,80.19375672766415
1005,......1005 Hasle (LU),1842,920.1954397394137,79.80456026058631,475.0271444082519,445.16829533116174,40.71661237785016,39.08794788273615
1007,......1007 Romoos,661,948.5627836611196,51.43721633888049,485.62783661119516,462.9349470499244,24.205748865355524,27.23146747352496
1008,......1008 Schüpfheim,4281,898.3882270497547,101.61177295024527,446.85821069843496,451.5300163513198,47.418827376781124,54.192945573464144
1009,......1009 Werthenstein,2181,814.7638697845025,185.23613021549747,412.6547455295736,402.10912425492893,101.78817056396149,83.447959651536
1010,......1010 Escholzmatt-Marbach,4559,894.7137530160123,105.28624698398771,459.3112524676464,435.4025005483659,53.959201579293705,51.32704540469401
1107,......1107 Wolhusen,4747,725.9321676848535,274.0678323151464,371.60311775858435,354.32904992626925,145.5656203918264,128.50221192331998
1201,......1201 Altdorf (UR),10459,782.5795965197437,217.42040348025623,383.68868916722437,398.8909073525194,111.1960990534468,106.22430442680944
1202,......1202 Andermatt,1578,655.893536121673,344.106463878327,340.3041825095057,315.58935361216726,196.4512040557668,147.6552598225602
1203,......1203 Attinghausen,1787,936.205931729155,63.794068270844996,488.5282596530498,447.6776720761052,32.456631225517626,31.337437045327363
1205,......1205 Bürglen (UR),3901,912.8428608049219,87.15713919507819,459.11304793642654,453.72981286849523,42.80953601640605,44.34760317867213
1206,......1206 Erstfeld,3961,758.1418833627872,241.85811663721282,385.5087099217369,372.63317344105025,129.76521080535218,112.09290583186065
1207,......1207 Flüelen,2071,783.1965234186383,216.80347658136165,405.11830033800095,378.0782230806374,115.8860453887011,100.91743119266056
1208,......1208 Göschenen,458,698.6899563318777,301.31004366812226,360.26200873362444,338.4279475982533,189.95633187772927,111.353711790393
1209,......1209 Gurtnellen,487,889.1170431211499,110.88295687885011,492.8131416837782,396.3039014373717,51.3347022587269,59.5482546201232
1210,......1210 Hospental,180,716.6666666666666,283.3333333333333,383.33333333333337,333.3333333333333,172.22222222222223,111.1111111111111
1211,......1211 Isenthal,459,969.4989106753814,30.501089324618736,498.9106753812636,470.5882352941176,8.71459694989107,21.78649237472767
1212,......1212 Realp,149,758.3892617449665,241.61073825503357,442.9530201342282,315.43624161073825,120.80536912751678,120.80536912751678
1213,......1213 Schattdorf,5501,864.3882930376295,135.61170696237048,443.73750227231415,420.65079076531543,69.62370478094893,65.98800218142156
1214,......1214 Seedorf (UR),2058,896.9873663751215,103.01263362487852,441.20505344995144,455.78231292517006,56.85131195335276,46.16132167152575
1215,......1215 Seelisberg,736,792.1195652173914,207.88043478260872,414.40217391304344,377.7173913043478,101.90217391304347,105.97826086956522
1216,......1216 Silenen,2037,913.1075110456553,86.89248895434461,470.2994599901816,442.8080510554737,46.14629356897398,40.74619538537065
1217,......1217 Sisikon,395,701.2658227848101,298.73417721518985,384.8101265822785,316.45569620253167,156.9620253164557,141.7721518987342
1218,......1218 Spiringen,881,970.4880817253121,29.511918274687854,503.97275822928486,466.51532349602724,14.755959137343927,14.755959137343927
1219,......1219 Unterschächen,746,977.2117962466488,22.78820375335121,502.6809651474531,474.53083109919567,12.064343163538874,10.723860589812332
1220,......1220 Wassen,431,707.6566125290024,292.3433874709977,373.54988399071925,334.10672853828305,160.09280742459399,132.2505800464037
1301,......1301 Einsiedeln,16532,800.4476167432858,199.55238325671425,404.00435518993464,396.4432615533511,96.60053230099201,102.95185095572224
1311,......1311 Gersau,2462,654.3460601137286,345.6539398862713,348.9033306255077,305.44272948822095,169.78066612510153,175.8732737611698
1321,......1321 Feusisberg,5600,646.4285714285714,353.5714285714286,358.2142857142857,288.2142857142857,183.21428571428572,170.35714285714283
1322,......1322 Freienbach,17028,630.608409678177,369.3915903218229,337.8552971576228,292.75311252055434,192.21282593375616,177.1787643880667
1323,......1323 Wollerau,7596,634.5444971037389,365.4555028962612,345.3133228014745,289.2311743022644,189.1785150078989,176.2769878883623
1331,......1331 Küssnacht (SZ),14148,713.1043256997456,286.8956743002545,367.9672038450664,345.1371218546791,145.03816793893128,141.85750636132315
1341,......1341 Altendorf,7426,719.6337193643953,280.36628063560465,376.7842714785887,342.8494478858066,137.7592243468893,142.6070562887153
1342,......1342 Galgenen,5463,762.5846604429801,237.41533955701996,390.261760937214,372.3228995057661,121.72798828482519,115.68735127219476
1343,......1343 Innerthal,191,905.7591623036649,94.24083769633508,439.7905759162304,465.9685863874345,41.88481675392671,52.35602094240838
1344,......1344 Lachen,9529,669.6400461748348,330.3599538251653,341.58883408542346,328.0512120894113,159.72295099170952,170.63700283345577
1345,......1345 Reichenburg,4153,729.8338550445461,270.1661449554539,381.65181796291836,348.18203708162775,139.89886828798458,130.26727666746928
1346,......1346 Schübelbach,9757,697.4479860612893,302.5520139387107,357.8968945372553,339.551091524034,158.45034334324077,144.1016705954699
1347,......1347 Tuggen,3469,791.8708561545113,208.1291438454886,406.1689247621793,385.7019313923321,100.89362928797925,107.23551455750936
1348,......1348 Vorderthal,1035,857.0048309178744,142.9951690821256,464.7342995169082,392.2705314009662,77.29468599033817,65.70048309178745
1349,......1349 Wangen (SZ),5583,801.1821601289629,198.81783987103708,402.8300197026688,398.3521404262941,100.66272613290346,98.15511373813362
1361,......1361 Alpthal,632,863.9240506329114,136.0759493670886,441.45569620253167,422.46835443037975,60.12658227848102,75.9493670886076
1362,......1362 Arth,12524,710.7154263813478,289.2845736186522,359.5496646438838,351.16576173746404,150.03193867773874,139.25263494091345
1363,......1363 Illgau,822,952.5547445255474,47.44525547445255,485.4014598540146,467.15328467153284,25.547445255474454,21.897810218978105
1364,......1364 Ingenbohl,9548,757.017176372015,242.98282362798494,368.13992459153746,388.8772517804776,120.86300795978215,122.11981566820276
1365,......1365 Lauerz,1149,840.7310704960835,159.26892950391644,438.64229765013056,402.08877284595303,79.19930374238469,80.06962576153177
1366,......1366 Morschach,1378,724.9637155297532,275.03628447024676,391.14658925979677,333.8171262699565,156.02322206095792,119.01306240928882
1367,......1367 Muotathal,3583,926.8769187831426,73.12308121685739,477.53279374825564,449.344125034887,39.07340217694669,34.04967903991069
1368,......1368 Oberiberg,916,824.235807860262,175.764192139738,427.9475982532751,396.2882096069869,102.62008733624454,73.14410480349345
1369,......1369 Riemenstalden,85,929.4117647058824,70.58823529411765,482.3529411764706,447.05882352941177,23.52941176470588,47.05882352941176
1370,......1370 Rothenthurm,2595,822.7360308285164,177.26396917148364,426.97495183044316,395.76107899807323,88.2466281310212,89.01734104046243
1371,......1371 Sattel,2066,825.7502420135528,174.24975798644724,435.1403678606002,390.60987415295256,92.93320425943853,81.31655372700871
1372,......1372 Schwyz,16446,784.5676760306457,215.43232396935426,394.86805302201145,389.6996230086343,110.90842758117475,104.5238963881795
1373,......1373 Steinen,3774,867.5145733969264,132.48542660307368,436.67196608373075,430.8426073131956,67.30259671436143,65.18282988871223
1374,......1374 Steinerberg,965,876.6839378238343,123.31606217616581,464.24870466321244,412.43523316062175,59.06735751295337,64.24870466321244
1375,......1375 Unteriberg,2476,869.1437802907916,130.8562197092084,442.24555735056543,426.89822294022616,72.2940226171244,58.562197092084006
1401,......1401 Alpnach,6511,801.4129933957918,198.58700660420826,405.62125633543235,395.7917370603594,105.51374596836123,93.07326063584703
1402,......1402 Engelberg,4416,654.6648550724638,345.33514492753625,340.8061594202899,313.8586956521739,177.76268115942028,167.57246376811594
1403,......1403 Giswil,3988,845.5366098294884,154.46339017051153,432.29689067201605,413.23971915747245,71.96589769307923,82.49749247743229
1404,......1404 Kerns,6514,863.0641694811177,136.93583051888243,433.2207552962849,429.8434141848327,72.61283389622352,64.32299662265889
1405,......1405 Lungern,2072,863.8996138996139,136.10038610038612,434.36293436293437,429.5366795366795,75.77220077220078,60.32818532818533
1406,......1406 Sachseln,5299,843.177958105303,156.82204189469712,416.6823929043216,426.49556520098133,73.41007737308925,83.41196452160784
1407,......1407 Sarnen,10862,795.7098140305653,204.29018596943473,399.74222058552755,395.9675934450377,103.84827840176763,100.44190756766709
1501,......1501 Beckenried,3712,831.8965517241379,168.10344827586206,420.52801724137936,411.3685344827586,83.78232758620689,84.32112068965516
1502,......1502 Buochs,5483,798.8327557906255,201.16724420937442,405.7997446653292,393.03301112529635,104.32245121283968,96.84479299653474
1503,......1503 Dallenwil,1871,872.7952966328166,127.20470336718331,460.71619454836986,412.0791020844468,61.46445750935329,65.74024585783003
1504,......1504 Emmetten,1668,747.6019184652279,252.39808153477216,401.67865707434055,345.9232613908873,125.29976019184652,127.09832134292564
1505,......1505 Ennetbürgen,5327,771.5412051811527,228.45879481884737,391.21456729866713,380.32663788248544,119.95494649896753,108.50384831987986
1506,......1506 Ennetmoos,2338,850.2994011976049,149.7005988023952,434.1317365269461,416.16766467065867,75.70573139435415,73.99486740804106
1507,......1507 Hergiswil (NW),6296,686.4675984752223,313.53240152477764,373.41168996188054,313.0559085133418,158.19567979669634,155.33672172808133
1508,......1508 Oberdorf (NW),3099,870.6034204582123,129.39657954178767,434.6563407550823,435.94707970313004,67.11842529848339,62.278154243304286
1509,......1509 Stans,8508,792.9007992477668,207.0992007522332,392.68923366243536,400.2115655853314,105.90032910202163,101.19887165021156
1510,......1510 Stansstad,4922,730.1909792767168,269.8090207232832,378.50467289719626,351.68630637952054,132.87281592848436,136.93620479479887
1511,......1511 Wolfenschiessen,2121,867.5153229608675,132.4846770391325,451.20226308345116,416.31305987741626,68.36397925506836,64.12069778406412
1630,......1630 Glarus Nord,19810,719.2831903079253,280.71680969207466,360.72690560323065,358.5562847046946,147.65270065623423,133.0641090358405
1631,......1631 Glarus Süd,9675,770.5426356589147,229.45736434108528,395.65891472868213,374.8837209302325,113.79844961240309,115.65891472868218
1632,......1632 Glarus,12886,710.9265869936365,289.0734130063635,351.15629365202545,359.770293341611,146.43799472295515,142.63541828340834
1701,......1701 Baar,25004,643.2570788673812,356.7429211326188,325.9478483442649,317.3092305231163,180.0511918093105,176.69172932330827
1702,......1702 Cham,18273,670.1691019537021,329.8308980462978,339.62677173972526,330.54233021397687,165.49006731242818,164.34083073386967
1703,......1703 Hünenberg,8972,744.4271065537226,255.5728934462773,380.7400802496656,363.6870263040571,122.38074008024967,133.19215336602764
1704,......1704 Menzingen,4700,722.3404255319149,277.6595744680851,364.46808510638294,357.8723404255319,136.17021276595744,141.48936170212767
1705,......1705 Neuheim,2527,707.162643450732,292.8373565492679,371.98258804907005,335.18005540166206,149.18876137712704,143.6485951721409
1706,......1706 Oberägeri,6578,646.3970811796898,353.60291882031015,325.47886895712986,320.91821222256004,172.3928245667376,181.21009425357252
1707,......1707 Risch,11674,681.000513962652,318.99948603734794,356.2617783107761,324.73873565187597,155.3880418022957,163.61144423505226
1708,......1708 Steinhausen,10399,689.393210885662,310.6067891143379,345.417828637369,343.9753822482931,154.8225790941437,155.78421002019425
1709,......1709 Unterägeri,9495,686.4665613480779,313.5334386519221,343.8651922064244,342.6013691416535,156.29278567667194,157.24065297525013
1710,......1710 Walchwil,3995,564.4555694618273,435.5444305381727,296.8710888610763,267.58448060075096,219.27409261576972,216.270337922403
1711,......1711 Zug,32122,562.2626237469647,437.73737625303534,286.3769379241641,275.8856858228006,225.2039100927713,212.533466160264
2008,......2008 Châtillon (FR),528,846.590909090909,153.4090909090909,409.0909090909091,437.5,75.75757575757576,77.65151515151516
2011,......2011 Cugy (FR),2030,766.0098522167488,233.99014778325122,383.25123152709364,382.7586206896552,121.18226600985221,112.807881773399
2016,......2016 Fétigny,1284,786.6043613707166,213.3956386292835,394.0809968847352,392.5233644859813,109.81308411214953,103.58255451713396
2022,......2022 Gletterens,1161,803.6175710594315,196.38242894056847,417.7433247200689,385.8742463393626,93.02325581395348,103.35917312661498
2025,......2025 Lully (FR),1226,792.0065252854812,207.99347471451875,376.83523654159865,415.17128874388254,97.06362153344209,110.92985318107668
2027,......2027 Ménières,445,808.9887640449438,191.01123595505618,391.0112359550562,417.97752808988764,94.38202247191012,96.62921348314607
2029,......2029 Montagny (FR),3037,776.4241027329601,223.57589726703984,390.18768521567335,386.23641751728684,114.91603556140927,108.65986170563055
2035,......2035 Nuvilly,498,815.2610441767068,184.73895582329317,435.7429718875502,379.51807228915663,92.36947791164658,92.36947791164658
2038,......2038 Prévondavaux,113,840.7079646017698,159.2920353982301,495.57522123893807,345.13274336283183,61.94690265486726,97.34513274336283
2041,......2041 Saint-Aubin (FR),2030,747.7832512315271,252.21674876847288,380.29556650246303,367.48768472906403,124.13793103448276,128.07881773399015
2043,......2043 Sévaz,318,770.440251572327,229.55974842767296,383.6477987421384,386.7924528301887,125.78616352201257,103.77358490566039
2044,......2044 Surpierre,1220,813.9344262295082,186.0655737704918,416.39344262295083,397.54098360655735,98.36065573770492,87.70491803278689
2045,......2045 Vallon,534,782.7715355805244,217.22846441947567,387.64044943820227,395.13108614232215,121.72284644194757,95.50561797752809
2050,......2050 Les Montets,1572,799.6183206106871,200.38167938931298,399.4910941475827,400.1272264631043,103.68956743002545,96.69211195928753
2051,......2051 Delley-Portalban,1319,798.3320697498104,201.66793025018953,398.78695981804395,399.5451099317665,100.83396512509476,100.83396512509476
2053,......2053 Belmont-Broye,6148,730.3188028627195,269.6811971372804,365.6473649967469,364.6714378659727,138.09368900455434,131.5875081327261
2054,......2054 Estavayer,10623,732.4672879600867,267.5327120399134,364.96281653017036,367.50447142991624,133.67222065329946,133.86049138661397
2055,......2055 Cheyres-Châbles,2487,801.3671089666265,198.63289103337354,403.297145154805,398.0699638118215,96.90390028146362,101.72899075190993
2061,......2061 Auboranges,281,893.2384341637011,106.76156583629894,451.9572953736655,441.2811387900356,46.263345195729535,60.49822064056939
2063,......2063 Billens-Hennens,903,774.0863787375415,225.9136212624585,386.48947951273533,387.59689922480624,116.27906976744185,109.63455149501661
2066,......2066 Chapelle (Glâne),341,856.3049853372435,143.69501466275662,407.62463343108504,448.68035190615836,79.17888563049853,64.51612903225806
2067,......2067 Le Châtelard,364,898.3516483516484,101.64835164835165,494.50549450549454,403.84615384615387,54.94505494505494,46.7032967032967
2068,......2068 Châtonnaye,860,783.7209302325582,216.27906976744185,383.72093023255815,400.0,110.46511627906978,105.81395348837209
2072,......2072 Ecublens (FR),398,788.9447236180904,211.05527638190955,389.44723618090455,399.49748743718595,105.52763819095478,105.52763819095478
2079,......2079 Grangettes,212,872.6415094339623,127.35849056603773,466.9811320754717,405.66037735849056,61.320754716981135,66.0377358490566
2086,......2086 Massonnens,596,850.6711409395973,149.3288590604027,434.56375838926175,416.10738255033556,78.85906040268456,70.46979865771812
2087,......2087 Mézières (FR),1163,790.1977644024075,209.80223559759241,377.47205503009457,412.725709372313,109.20034393809114,100.60189165950129
2089,......2089 Montet (Glâne),554,759.9277978339351,240.07220216606498,389.8916967509025,370.03610108303246,119.13357400722022,120.93862815884476
2096,......2096 Romont (FR),6124,568.2560418027432,431.7439581972567,277.7596342259961,290.49640757674723,217.50489875898106,214.23905943827566
2097,......2097 Rue,1618,809.0234857849197,190.97651421508036,414.70951792336217,394.3139678615575,97.03337453646476,93.94313967861558
2099,......2099 Siviriez,2675,777.9439252336449,222.05607476635515,392.8971962616822,385.04672897196264,112.14953271028037,109.90654205607477
2102,......2102 Ursy,3502,790.1199314677327,209.8800685322673,388.06396344945745,402.0559680182753,105.08280982295831,104.79725870930896
2113,......2113 Vuisternens-devant-Romont,2383,876.2064624422997,123.79353755770038,443.978178766261,432.2282836760386,59.58875367184221,64.20478388585816
2114,......2114 Villorsonnens,1546,854.4631306597671,145.53686934023287,424.96765847347996,429.4954721862872,76.32600258732212,69.21086675291075
2115,......2115 Torny,1095,835.6164383561644,164.3835616438356,421.9178082191781,413.6986301369863,81.27853881278538,83.10502283105023
2117,......2117 Villaz,2409,799.5018679950186,200.49813200498133,414.2797841427979,385.22208385222086,100.8717310087173,99.62640099626401
2121,......2121 Haut-Intyamon,1774,797.6324689966177,202.3675310033822,404.1713641488162,393.46110484780155,105.97519729425028,96.3923337091319
2122,......2122 Pont-en-Ogoz,2038,815.0147203140333,184.98527968596665,424.92639842983317,390.0883218842002,91.75662414131502,93.22865554465162
2123,......2123 Botterens,759,783.9262187088274,216.0737812911726,413.7022397891963,370.2239789196311,108.0368906455863,108.0368906455863
2124,......2124 Broc,2848,665.7303370786517,334.2696629213483,317.76685393258424,347.9634831460674,168.188202247191,166.0814606741573
2125,......2125 Bulle,27101,575.8828087524446,424.1171912475554,279.3623851518394,296.52042360060517,213.46075790561233,210.65643334194309
2128,......2128 Châtel-sur-Montsalvens,358,734.6368715083798,265.36312849162016,374.30167597765364,360.33519553072625,136.87150837988827,128.49162011173183
2129,......2129 Corbières,1042,829.1746641074857,170.8253358925144,421.30518234165066,407.8694817658349,78.69481765834934,92.13051823416507
2130,......2130 Crésuz,486,771.604938271605,228.39506172839504,411.52263374485597,360.082304526749,106.99588477366255,121.39917695473251
2131,......2131 Echarlens,846,801.4184397163122,198.58156028368796,395.9810874704492,405.4373522458629,104.01891252955083,94.56264775413712
2134,......2134 Grandvillard,903,837.2093023255815,162.79069767441862,433.00110741971207,404.20819490586933,74.19712070874863,88.59357696567
2135,......2135 Gruyères,2339,743.4801197092776,256.51988029072254,381.78708849935873,361.69303120991873,136.38306968790081,120.13681060282173
2137,......2137 Hauteville,744,841.3978494623656,158.6021505376344,423.38709677419354,418.01075268817203,83.33333333333333,75.26881720430107
2138,......2138 Jaun,657,919.3302891933029,80.6697108066971,464.23135464231353,455.0989345509893,38.051750380517504,42.6179604261796
2140,......2140 Marsens,2130,789.2018779342724,210.7981220657277,399.53051643192487,389.67136150234745,113.1455399061033,97.65258215962442
2143,......2143 Morlon,771,813.2295719844358,186.7704280155642,389.10505836575874,424.12451361867704,85.60311284046692,101.16731517509727
2145,......2145 Le Pâquier (FR),1386,779.9422799422799,220.05772005772008,398.26839826839824,381.6738816738817,121.93362193362194,98.12409812409813
2147,......2147 Pont-la-Ville,606,834.983498349835,165.01650165016503,430.6930693069307,404.2904290429043,89.10891089108911,75.90759075907592
2148,......2148 Riaz,2932,768.0763983628922,231.92360163710777,376.87585266030015,391.2005457025921,113.23328785811734,118.69031377899044
2149,......2149 La Roche,1959,809.0862685043389,190.91373149566104,407.86115364982135,401.22511485451764,94.43593670239918,96.47779479326186
2152,......2152 Sâles,1467,897.0688479890933,102.9311520109066,450.5794137695978,446.48943421949554,50.44308111792775,52.48807089297887
2153,......2153 Sorens,1103,843.155031731641,156.84496826835903,436.08340888485947,407.0716228467815,78.87579329102448,77.96917497733455
2155,......2155 Vaulruz,1130,806.1946902654868,193.80530973451326,419.46902654867256,386.72566371681415,89.38053097345133,104.42477876106194
2160,......2160 Vuadens,2579,781.3105854982551,218.68941450174486,383.4819697557193,397.8286157425359,123.69135323768903,94.99806126405583
2162,......2162 Bas-Intyamon,1726,794.9015063731171,205.09849362688294,399.76825028968716,395.1332560834299,114.13673232908458,90.96176129779838
2163,......2163 Val-de-Charmey,2729,767.3140344448516,232.68596555514839,391.71857823378525,375.59545621106633,122.02271894466837,110.66324661048003
2173,......2173 Autigny,840,805.952380952381,194.04761904761907,405.95238095238096,400.0,107.14285714285714,86.9047619047619
2174,......2174 Avry,1949,729.0918419702411,270.90815802975885,361.7239610056439,367.3678809645972,132.37557721908672,138.53258081067213
2175,......2175 Belfaux,3452,640.2085747392816,359.7914252607184,314.31054461181924,325.89803012746233,183.37195828505216,176.41946697566627
2177,......2177 Chénens,886,793.453724604966,206.54627539503386,386.0045146726862,407.44920993227987,102.70880361173815,103.83747178329571
2183,......2183 Corminboeuf,3029,793.6612743479697,206.33872565203038,400.79234070650375,392.86893364146584,100.36315615714757,105.97556949488279
2186,......2186 Cottens (FR),1529,786.7887508175278,213.2112491824722,389.14323086984956,397.6455199476782,111.18378024852845,102.02746893394375
2194,......2194 Ferpicloz,248,794.3548387096773,205.6451612903226,403.22580645161287,391.1290322580645,96.77419354838709,108.87096774193549
2196,......2196 Fribourg,39151,570.8921866618988,429.1078133381012,279.09887359198996,291.7933130699088,220.1476335214937,208.9601798166075
2197,......2197 Givisiez,3457,571.0153312120335,428.9846687879664,277.4081573618745,293.6071738501591,221.86867225918428,207.11599652878218
2198,......2198 Granges-Paccot,3983,612.6035651518955,387.39643484810443,313.08059251820237,299.5229726336932,202.1089630931459,185.28747175495857
2200,......2200 Grolley,2113,725.9820160908661,274.01798390913393,354.94557501183147,371.03644107903455,142.45149077141505,131.56649313771888
2206,......2206 Marly,9242,636.550530188271,363.44946981172905,311.7290629733824,324.8214672148885,172.47349058645315,190.97597922527592
2208,......2208 Matran,1906,686.2539349422875,313.7460650577125,341.0283315844701,345.2256033578174,152.67576075550892,161.07030430220357
2211,......2211 Neyruz (FR),2869,749.0414778668526,250.95852213314745,380.2718717323109,368.7696061345416,120.25095852213315,130.70756361101428
2216,......2216 Pierrafortscha,150,840.0,160.0,453.3333333333333,386.6666666666667,73.33333333333333,86.66666666666667
2217,......2217 Ponthaux,788,862.9441624365483,137.05583756345177,449.23857868020303,413.7055837563452,77.41116751269035,59.64467005076142
2220,......2220 Le Mouret,3354,791.293977340489,208.706022659511,401.3118664281455,389.98211091234344,100.7751937984496,107.93082886106143
2226,......2226 Treyvaux,1642,846.5286236297198,153.47137637028013,428.13641900121803,418.3922046285019,76.73568818514006,76.73568818514006
2228,......2228 Villars-sur-Glâne,12507,625.8095466538738,374.19045334612616,307.2679299592228,318.541616694651,183.49724154473495,190.69321180139124
2230,......2230 Villarsel-sur-Marly,69,811.5942028985507,188.40579710144928,405.7971014492754,405.7971014492754,130.43478260869566,57.971014492753625
2233,......2233 Hauterive (FR),2694,810.6904231625836,189.30957683741647,404.97401633259096,405.71640682999254,95.7683741648107,93.54120267260579
2234,......2234 La Brillaz,2208,847.3731884057971,152.6268115942029,431.6123188405797,415.76086956521743,76.08695652173914,76.53985507246378
2235,......2235 La Sonnaz,1458,809.3278463648834,190.67215363511662,413.58024691358025,395.7475994513032,93.96433470507544,96.70781893004116
2236,......2236 Gibloux,8393,804.837364470392,195.162635529608,407.1249851066365,397.71237936375553,98.17705230549268,96.98558322411533
2237,......2237 Prez,2465,826.7748478701825,173.22515212981745,419.8782961460446,406.8965517241379,88.03245436105476,85.19269776876267
2238,......2238 Bois-d'Amont,2422,819.9834847233691,180.01651527663088,417.01073492981004,402.972749793559,87.94384805945501,92.07266721717589
2250,......2250 Courgevaux,1458,688.6145404663923,311.3854595336077,356.65294924554183,331.9615912208505,155.00685871056243,156.37860082304528
2254,......2254 Courtepin,5772,633.2293832293833,366.7706167706168,321.2058212058212,312.023562023562,191.6146916146916,175.15592515592516
2257,......2257 Cressier (FR),1109,725.8791704238052,274.12082957619475,360.68530207394053,365.1938683498647,140.66726780883678,133.45356176735797
2258,......2258 Fräschels,445,894.3820224719101,105.6179775280899,476.4044943820225,417.97752808988764,44.9438202247191,60.674157303370784
2261,......2261 Greng,176,767.0454545454546,232.95454545454544,346.5909090909091,420.4545454545455,107.95454545454545,125.0
2262,......2262 Gurmels,4675,847.9144385026738,152.0855614973262,432.0855614973262,415.8288770053476,76.36363636363637,75.72192513368985
2265,......2265 Kerzers,5466,702.8905964141968,297.10940358580314,349.798755945847,353.0918404683498,152.39663373582144,144.71276984998173
2266,......2266 Kleinbösingen,705,889.3617021276596,110.63829787234042,446.80851063829783,442.55319148936167,49.64539007092199,60.99290780141844
2271,......2271 Meyriez,569,862.9173989455185,137.08260105448156,441.12478031634447,421.792618629174,52.72407732864675,84.3585237258348
2272,......2272 Misery-Courtion,2404,702.16306156406,297.8369384359401,352.3294509151415,349.83361064891847,158.9018302828619,138.9351081530782
2274,......2274 Muntelier,982,824.847250509165,175.15274949083505,411.4052953156823,413.4419551934827,77.39307535641547,97.75967413441956
2275,......2275 Murten,9552,766.2269681742043,233.77303182579564,376.8844221105528,389.3425460636516,112.54187604690118,121.23115577889448
2276,......2276 Ried bei Kerzers,1237,824.575586095392,175.42441390460792,419.5634599838319,405.01212611156024,111.56022635408246,63.864187550525465
2278,......2278 Ulmiz,425,922.3529411764706,77.64705882352942,472.94117647058823,449.4117647058823,42.35294117647059,35.294117647058826
2284,......2284 Mont-Vully,4561,782.28458671344,217.71541328655996,395.0887963165972,387.1957903968428,105.89782942337207,111.81758386318789
2292,......2292 Brünisried,724,953.0386740331492,46.96132596685083,494.475138121547,458.56353591160223,24.861878453038674,22.099447513812155
2293,......2293 Düdingen,9116,795.6340500219394,204.36594997806054,399.07854322071086,396.5555068012286,101.79903466432647,102.56691531373409
2294,......2294 Giffers,1703,857.8978273634762,142.1021726365238,432.76570757486786,425.1321197886083,71.0510863182619,71.0510863182619
2295,......2295 Bösingen,3360,866.3690476190477,133.63095238095238,438.6904761904762,427.6785714285714,63.69047619047619,69.94047619047619
2296,......2296 Heitenried,1404,908.1196581196581,91.88034188034189,475.07122507122506,433.048433048433,41.31054131054131,50.56980056980057
2299,......2299 Plaffeien,3693,894.9363660980233,105.06363390197671,449.22826969943134,445.7080963985919,47.38694828053074,57.676685621445976
2300,......2300 Plasselb,1088,869.4852941176471,130.51470588235296,437.5,431.9852941176471,66.17647058823529,64.33823529411764
2301,......2301 Rechthalten,1165,929.6137339055795,70.3862660944206,463.51931330472104,466.09442060085837,33.47639484978541,36.90987124463519
2303,......2303 St. Silvester,1064,869.3609022556391,130.63909774436092,432.3308270676692,437.03007518796994,57.33082706766917,73.30827067669172
2304,......2304 St. Ursen,1419,861.1698379140239,138.83016208597604,442.5651867512332,418.60465116279073,63.424947145877375,75.40521494009866
2305,......2305 Schmitten (FR),4285,841.073512252042,158.926487747958,428.93815635939325,412.13535589264876,79.3465577596266,79.57992998833139
2306,......2306 Tafers,8026,845.1283329180164,154.87166708198356,427.2364814353352,417.89185148268126,73.38649389484176,81.48517318714178
2307,......2307 Tentlingen,1382,842.2575976845153,157.7424023154848,421.8523878437048,420.4052098408104,69.4645441389291,88.27785817655571
2308,......2308 Ueberstorf,2433,923.9621866009043,76.03781339909577,464.4471845458282,459.5150020550761,35.347307850390465,40.6905055487053
2309,......2309 Wünnewil-Flamatt,5814,746.8180254557964,253.18197454420365,377.88097695218437,368.93704850361195,131.75094599243207,121.43102855177159
2321,......2321 Attalens,3693,769.8348226374222,230.16517736257785,386.13593284592474,383.69888979149744,114.54102355808287,115.624153804495
2323,......2323 Bossonnens,1593,706.842435655995,293.15756434400504,354.676710608914,352.16572504708097,148.7758945386064,144.38166980539862
2325,......2325 Châtel-Saint-Denis,8786,666.1734577737309,333.82654222626905,332.2330981106306,333.94035966310037,169.24652856817664,164.5800136580924
2328,......2328 Granges (Veveyse),977,801.4329580348004,198.5670419651996,420.67553735926305,380.7574206755374,87.00102354145343,111.56601842374617
2333,......2333 Remaufens,1427,779.2571829011913,220.7428170988087,389.62859145059565,389.62859145059565,103.01331464611071,117.72950245269796
2335,......2335 Saint-Martin (FR),1043,837.967401725791,162.03259827420902,418.9837008628955,418.9837008628955,75.74304889741131,86.2895493767977
2336,......2336 Semsales,1568,836.7346938775511,163.26530612244898,419.64285714285717,417.09183673469386,84.18367346938776,79.08163265306123
2337,......2337 Le Flon,1211,844.7563996696945,155.24360033030555,416.1849710982659,428.57142857142856,66.06110652353426,89.18249380677126
2338,......2338 La Verrerie,1350,831.1111111111111,168.88888888888889,428.14814814814815,402.962962962963,81.4814814814815,87.4074074074074
2401,......2401 Egerkingen,4311,639.9907214103456,360.00927858965434,323.82277893760147,316.16794247274413,191.37091162143355,168.63836696822082
2402,......2402 Härkingen,1781,798.4278495227401,201.57215047725995,412.68950028074113,385.7383492419989,106.12015721504773,95.45199326221224
2403,......2403 Kestenholz,1884,881.6348195329086,118.36518046709129,447.45222929936307,434.1825902335457,59.447983014862,58.9171974522293
2404,......2404 Neuendorf,2396,819.6994991652755,180.30050083472455,403.58931552587643,416.110183639399,95.57595993322204,84.7245409015025
2405,......2405 Niederbuchsiten,1341,804.6234153616704,195.3765846383296,396.71886651752425,407.9045488441462,97.6882923191648,97.6882923191648
2406,......2406 Oberbuchsiten,2406,703.6575228595178,296.3424771404821,353.69908561928514,349.95843724023274,162.5103906899418,133.83208645054032
2407,......2407 Oensingen,6817,629.0156960539827,370.98430394601735,325.363062930908,303.6526331230747,193.48687105765,177.4974328883673
2408,......2408 Wolfwil,2443,860.4175194433074,139.5824805566926,417.9287760949652,442.4887433483422,70.40523945968071,69.17724109701187
2421,......2421 Aedermannsdorf,593,910.6239460370995,89.3760539629005,495.7841483979764,414.8397976391231,43.84485666104553,45.531197301854974
2422,......2422 Balsthal,6560,663.4146341463415,336.5853658536586,342.530487804878,320.8841463414634,179.42073170731706,157.16463414634146
2424,......2424 Herbetswil,608,860.1973684210526,139.80263157894737,463.8157894736842,396.38157894736844,77.30263157894737,62.5
2425,......2425 Holderbank (SO),779,738.1258023106548,261.87419768934535,369.70474967907575,368.4210526315789,145.05776636713736,116.81643132220795
2426,......2426 Laupersdorf,1880,854.7872340425532,145.2127659574468,437.2340425531915,417.5531914893617,75.0,70.21276595744682
2427,......2427 Matzendorf,1409,870.8303761533002,129.16962384669978,449.25479063165363,421.57558552164653,61.74591909155429,67.4237047551455
2428,......2428 Mümliswil-Ramiswil,2481,839.9838774687626,160.0161225312374,427.24707779121326,412.7367996775494,82.62797259169689,77.3881499395405
2430,......2430 Welschenrohr-Gänsbrunnen,1209,827.129859387924,172.87014061207609,425.9718775847808,401.1579818031431,92.63854425144747,80.23159636062861
2445,......2445 Biezwil,345,930.4347826086956,69.56521739130434,492.7536231884058,437.6811594202899,26.08695652173913,43.47826086956522
2455,......2455 Lüterkofen-Ichertswil,902,896.8957871396896,103.10421286031043,449.0022172949002,447.89356984478934,42.128603104212864,60.97560975609756
2457,......2457 Messen,1498,923.2309746328438,76.76902536715622,477.3030707610147,445.92790387182913,40.05340453938585,36.715620827770366
2461,......2461 Schnottwil,1176,895.4081632653061,104.59183673469389,454.9319727891156,440.4761904761905,46.7687074829932,57.823129251700685
2463,......2463 Unterramsern,225,937.7777777777778,62.22222222222222,453.3333333333333,484.44444444444446,22.22222222222222,40.0
2464,......2464 Lüsslingen-Nennigkofen,1144,840.909090909091,159.0909090909091,429.1958041958042,411.7132867132867,67.3076923076923,91.78321678321679
2465,......2465 Buchegg,2964,915.6545209176788,84.34547908232119,445.0067476383266,470.6477732793522,42.847503373819166,41.497975708502025
2471,......2471 Bättwil,1192,781.8791946308726,218.1208053691275,395.9731543624161,385.90604026845637,92.28187919463087,125.83892617449666
2472,......2472 Büren (SO),1077,811.5134633240483,188.48653667595173,400.18570102135567,411.3277623026927,85.42246982358404,103.06406685236769
2473,......2473 Dornach,6901,655.7020721634545,344.29792783654545,324.73554557310536,330.9665265903492,155.04999275467324,189.24793508187219
2474,......2474 Gempen,934,765.524625267666,234.47537473233405,397.2162740899358,368.3083511777302,102.78372591006423,131.6916488222698
2475,......2475 Hochwald,1282,826.8330733229329,173.1669266770671,425.8970358814352,400.93603744149766,78.003120124805,95.16380655226209
2476,......2476 Hofstetten-Flüh,3402,752.2045855379189,247.7954144620811,385.06760728982954,367.1369782480894,109.6413874191652,138.15402704291594
2477,......2477 Metzerlen-Mariastein,988,800.6072874493927,199.39271255060729,432.1862348178138,368.4210526315789,87.04453441295547,112.34817813765183
2478,......2478 Nuglar-St. Pantaleon,1553,830.6503541532517,169.34964584674822,428.20347714101734,402.4468770122344,75.33805537669028,94.01159047005795
2479,......2479 Rodersdorf,1408,796.1647727272727,203.83522727272725,377.8409090909091,418.3238636363636,92.32954545454545,111.50568181818183
2480,......2480 Seewen,1088,835.4779411764706,164.52205882352942,416.3602941176471,419.11764705882354,77.20588235294117,87.31617647058823
2481,......2481 Witterswil,1500,772.0,228.0,396.0,376.0,101.33333333333333,126.66666666666667
2491,......2491 Hauenstein-Ifenthal,341,862.1700879765395,137.8299120234604,469.20821114369505,392.96187683284455,76.24633431085044,61.58357771260997
2492,......2492 Kienberg,526,844.106463878327,155.893536121673,442.96577946768065,401.1406844106464,81.7490494296578,74.1444866920152
2493,......2493 Lostorf,4129,846.9363041898765,153.06369581012353,428.19084524097843,418.74545894889803,78.95374182610803,74.1099539840155
2495,......2495 Niedergösgen,4255,696.8272620446534,303.17273795534663,356.28672150411285,340.5405405405406,155.11163337250295,148.0611045828437
2497,......2497 Obergösgen,2490,721.6867469879518,278.31325301204816,355.82329317269074,365.86345381526104,140.16064257028114,138.15261044176708
2499,......2499 Stüsslingen,1259,865.7664813343923,134.23351866560762,424.14614773629864,441.62033359809374,70.69102462271644,63.54249404289118
2500,......2500 Trimbach,6854,588.5614239859935,411.4385760140064,291.94630872483225,296.61511526116135,212.57659760723666,198.86197840676977
2501,......2501 Winznau,2053,807.5986361422309,192.40136385776913,407.69605455431076,399.9025815879201,95.95713589868485,96.44422795908426
2502,......2502 Wisen (SO),438,883.5616438356165,116.43835616438355,440.6392694063927,442.92237442922374,57.077625570776256,59.3607305936073
2503,......2503 Erlinsbach (SO),3736,791.4882226980728,208.5117773019272,385.70663811563173,405.7815845824411,98.23340471092078,110.27837259100643
2511,......2511 Aeschi (SO),1328,884.789156626506,115.21084337349397,442.01807228915663,442.7710843373494,60.99397590361446,54.21686746987952
2513,......2513 Biberist,9545,732.4253535882661,267.5746464117339,357.9884756416972,374.43687794656887,136.1969617600838,131.3776846516501
2514,......2514 Bolken,577,897.7469670710572,102.2530329289428,474.8700173310225,422.87694974003466,53.726169844020795,48.52686308492201
2516,......2516 Deitingen,2338,849.4439692044482,150.55603079555175,432.420872540633,417.0230966638152,77.41659538066723,73.13943541488452
2517,......2517 Derendingen,7133,681.7608299453245,318.23917005467547,332.2585167531193,349.50231319220524,161.78326090004205,156.4559091546334
2518,......2518 Etziken,1069,848.4565014031805,151.54349859681946,421.889616463985,426.5668849391955,74.83629560336763,76.70720299345183
2519,......2519 Gerlafingen,5859,608.294930875576,391.70506912442397,308.07305000853387,300.22188086704216,204.98378562894692,186.72128349547702
2520,......2520 Halten,841,895.3626634958382,104.63733650416171,460.166468489893,435.1961950059453,53.5077288941736,51.129607609988106
2523,......2523 Horriwil,943,907.7412513255567,92.25874867444327,453.87062566277837,453.87062566277837,42.417815482502654,49.840933191940614
2524,......2524 Hüniken,161,925.4658385093168,74.53416149068323,490.6832298136646,434.7826086956522,18.633540372670808,55.900621118012424
2525,......2525 Kriegstetten,1446,834.0248962655602,165.97510373443984,408.02213001383126,426.0027662517289,85.06224066390041,80.91286307053943
2526,......2526 Lohn-Ammannsegg,2947,872.0732948761453,127.92670512385476,434.3400067865626,437.73328808958263,58.02511028164235,69.90159484221242
2527,......2527 Luterbach,3724,755.907626208378,244.0923737916219,382.65306122448976,373.2545649838883,124.86573576799141,119.22663802363051
2528,......2528 Obergerlafingen,1266,831.7535545023696,168.24644549763033,417.8515007898894,413.9020537124802,69.51026856240127,98.73617693522907
2529,......2529 Oekingen,894,903.8031319910515,96.19686800894854,458.6129753914989,445.19015659955255,46.97986577181208,49.21700223713647
2530,......2530 Recherswil,2202,841.5077202543143,158.49227974568575,415.0772025431426,426.43051771117166,76.29427792915531,82.19800181653044
2532,......2532 Subingen,3299,808.1236738405577,191.87632615944224,404.97120339496814,403.15247044558953,94.57411336768718,97.30221279175508
2534,......2534 Zuchwil,9616,602.4334442595673,397.5665557404326,295.8610648918469,306.5723793677205,204.346921797005,193.21963394342762
2535,......2535 Drei Höfe,732,909.8360655737705,90.16393442622952,463.11475409836066,446.72131147540983,42.349726775956285,47.81420765027322
2541,......2541 Balm bei Günsberg,230,778.2608695652174,221.7391304347826,434.7826086956522,343.47826086956525,143.47826086956522,78.26086956521739
2542,......2542 Bellach,5556,695.6443484521238,304.3556515478762,344.4924406047516,351.15190784737223,150.82793376529875,153.5277177825774
2543,......2543 Bettlach,4987,775.8171245237618,224.18287547623822,396.4307198716663,379.38640465209545,114.69821535993584,109.48466011630238
2544,......2544 Feldbrunnen-St. Niklaus,1071,826.3305322128851,173.66946778711483,439.77591036414566,386.5546218487395,68.16059757236228,105.50887021475256
2545,......2545 Flumenthal,1052,818.4410646387832,181.55893536121673,393.5361216730038,424.90494296577947,94.10646387832699,87.45247148288973
2546,......2546 Grenchen,18602,620.9547360498872,379.0452639501129,309.42909364584455,311.52564240404257,194.76400387055156,184.28126007956132
2547,......2547 Günsberg,1205,902.0746887966806,97.9253112033195,457.26141078838174,444.8132780082987,43.983402489626556,53.941908713692946
2548,......2548 Hubersdorf,719,883.1710709318497,116.8289290681502,432.5452016689847,450.6258692628651,61.1961057023644,55.63282336578582
2549,......2549 Kammersrohr,32,875.0,125.0,468.75,406.25,31.25,93.75
2550,......2550 Langendorf,3883,771.5683749678084,228.43162503219162,373.93767705382436,397.630697913984,104.04326551635333,124.38835951583826
2551,......2551 Lommiswil,1618,872.6823238566132,127.3176761433869,442.5216316440049,430.1606922126082,56.86032138442522,70.45735475896169
2553,......2553 Oberdorf (SO),1818,858.085808580858,141.9141914191419,428.49284928492847,429.59295929592963,62.156215621562154,79.75797579757976
2554,......2554 Riedholz,2310,836.3636363636363,163.63636363636363,410.3896103896104,425.97402597402595,79.65367965367966,83.98268398268398
2555,......2555 Rüttenen,1532,881.201044386423,118.79895561357702,444.51697127937337,436.6840731070496,54.177545691906005,64.62140992167102
2556,......2556 Selzach,3690,818.9701897018971,181.02981029810297,410.840108401084,408.130081300813,95.9349593495935,85.09485094850947
2571,......2571 Boningen,813,794.5879458794589,205.4120541205412,386.22386223862236,408.36408364083644,103.3210332103321,102.09102091020911
2572,......2572 Däniken,3073,749.4305239179955,250.56947608200457,394.40286365115526,355.02766026684026,126.2609827530101,124.30849332899446
2573,......2573 Dulliken,5450,608.440366972477,391.5596330275229,304.2201834862385,304.2201834862385,200.36697247706422,191.19266055045873
2574,......2574 Eppenberg-Wöschnau,340,611.764705882353,388.2352941176471,314.70588235294116,297.05882352941177,238.23529411764704,150.0
2575,......2575 Fulenbach,1821,855.5738605161998,144.4261394838001,435.4750137287205,420.0988467874794,65.34870950027458,79.07742998352553
2576,......2576 Gretzenbach,2789,767.658659017569,232.34134098243098,377.9132305485837,389.7454284689853,118.68053065614916,113.66081032628182
2578,......2578 Gunzgen,1696,814.2688679245283,185.7311320754717,420.4009433962264,393.8679245283019,91.39150943396227,94.33962264150944
2579,......2579 Hägendorf,5299,708.8129835818079,291.1870164181921,359.124363087375,349.6886204944329,152.48160030194376,138.70541611624833
2580,......2580 Kappel (SO),3562,734.9803481190343,265.01965188096574,355.69904548006735,379.28130263896685,134.7557551937114,130.26389668725434
2581,......2581 Olten,19051,673.717915070075,326.28208492992496,337.2526376568159,336.4652774132592,160.14907353944673,166.1330113904782
2582,......2582 Rickenbach (SO),1211,767.1345995045417,232.8654004954583,392.2378199834847,374.896779521057,109.82658959537572,123.03881090008258
2583,......2583 Schönenwerd,5337,639.6852164137156,360.3147835862844,320.40472175379426,319.2804946599213,179.31422147273747,181.00056211354692
2584,......2584 Starrkirch-Wil,1980,788.3838383838385,211.6161616161616,393.4343434343434,394.9494949494949,112.62626262626263,98.98989898989899
2585,......2585 Walterswil (SO),772,852.3316062176166,147.66839378238342,420.98445595854923,431.34715025906735,73.83419689119171,73.83419689119171
2586,......2586 Wangen bei Olten,5532,702.819956616052,297.1800433839479,351.0484454085322,351.7715112075199,146.059291395517,151.12075198843095
2601,......2601 Solothurn,16847,748.4418590847035,251.5581409152965,364.575295304802,383.86656377990147,120.2587997863121,131.2993411289844
2611,......2611 Bärschwil,796,849.2462311557789,150.7537688442211,453.5175879396985,395.7286432160804,77.88944723618091,72.8643216080402
2612,......2612 Beinwil (SO),262,847.3282442748091,152.67175572519085,431.2977099236641,416.0305343511451,99.23664122137404,53.43511450381679
2613,......2613 Breitenbach,4366,707.2835547411819,292.7164452588181,344.02198808978466,363.2615666513971,143.38066880439763,149.33577645442054
2614,......2614 Büsserach,2450,815.9183673469388,184.0816326530612,408.9795918367347,406.9387755102041,95.51020408163265,88.57142857142857
2615,......2615 Erschwil,967,825.2326783867632,174.76732161323682,431.2306101344364,394.0020682523268,86.86659772492244,87.90072388831437
2616,......2616 Fehren,600,906.6666666666666,93.33333333333334,456.6666666666667,450.0,38.33333333333333,55.0
2617,......2617 Grindel,519,843.9306358381504,156.0693641618497,418.11175337186893,425.8188824662813,88.63198458574182,67.4373795761079
2618,......2618 Himmelried,964,818.4647302904564,181.53526970954357,421.1618257261411,397.3029045643153,87.1369294605809,94.39834024896265
2619,......2619 Kleinlützel,1197,847.1177944862155,152.88220551378444,429.40685045948203,417.7109440267335,68.50459482038428,84.37761069340016
2620,......2620 Meltingen,631,881.1410459587956,118.85895404120443,446.9096671949287,434.23137876386687,61.806656101426306,57.052297939778136
2621,......2621 Nunningen,1983,864.3469490670701,135.6530509329299,444.7806354009077,419.5663136661624,65.05295007564297,70.60010085728693
2622,......2622 Zullwil,701,828.8159771754637,171.18402282453638,435.0927246790299,393.72325249643364,85.59201141226819,85.59201141226819
2701,......2701 Basel,177571,538.3142517640831,461.6857482359169,265.3755399248751,272.938711839208,224.3496967410219,237.336051494895
2702,......2702 Bettingen,1279,624.7068021892104,375.2931978107897,315.08991399530885,309.6168881939015,171.2275215011728,204.0656763096169
2703,......2703 Riehen,22534,620.4402236620218,379.5597763379782,300.83429484334783,319.605928818674,173.6043312328038,205.95544510517442
2761,......2761 Aesch (BL),11137,695.429648918021,304.57035108197897,345.24557780371737,350.18407111430366,144.38358624405137,160.18676483792763
2762,......2762 Allschwil,22155,648.4315053035432,351.5684946964568,317.5806815617242,330.850823741819,163.9359061160009,187.63258858045586
2763,......2763 Arlesheim,9314,707.429675756925,292.57032424307494,333.58385226540696,373.8458234915181,125.93944599527593,166.63087824779902
2764,......2764 Biel-Benken,3485,778.4791965566715,221.52080344332856,390.5308464849354,387.948350071736,101.57819225251076,119.9426111908178
2765,......2765 Binningen,16053,634.9591976577586,365.04080234224136,308.6650470317075,326.2941506260512,167.38304366785025,197.6577586743911
2766,......2766 Birsfelden,10445,623.5519387266635,376.4480612733365,309.04739109621823,314.5045476304452,185.06462422211584,191.38343705122068
2767,......2767 Bottmingen,7014,644.4254348445965,355.5745651554035,321.78500142572,322.64043341887657,158.11234673510123,197.46221842030226
2768,......2768 Ettingen,5567,781.2107059457517,218.78929405424824,384.5877492365727,396.62295670917905,101.31129872462726,117.47799532962098
2769,......2769 Münchenstein,12457,678.65457172674,321.34542827326004,337.3203821144738,341.3341896122662,151.15999036686202,170.185437906398
2770,......2770 Muttenz,18120,726.766004415011,273.233995584989,357.83664459161145,368.9293598233996,128.3112582781457,144.92273730684326
2771,......2771 Oberwil (BL),11430,692.4759405074366,307.5240594925634,342.16972878390203,350.30621172353455,135.78302712160982,171.74103237095363
2772,......2772 Pfeffingen,2413,755.9055118110236,244.09448818897638,383.7546622461666,372.150849564857,107.74968918358888,136.34479900538747
2773,......2773 Reinach (BL),20690,678.395360077332,321.60463992266796,332.7211213146448,345.67423876268725,147.1242145964234,174.48042532624456
2774,......2774 Schönenbuch,1494,774.4310575635876,225.56894243641233,398.9290495314592,375.5020080321285,95.71619812583668,129.85274431057564
2775,......2775 Therwil,10125,741.6296296296297,258.3703703703704,366.51851851851853,375.11111111111114,117.23456790123457,141.1358024691358
2781,......2781 Blauen,707,852.899575671853,147.1004243281471,437.05799151343706,415.8415841584158,59.4059405940594,87.6944837340877
2782,......2782 Brislach,1772,821.6704288939052,178.32957110609482,421.55756207674943,400.11286681715575,84.08577878103837,94.24379232505643
2783,......2783 Burg im Leimental,286,839.1608391608391,160.83916083916083,423.0769230769231,416.0839160839161,62.93706293706294,97.9020979020979
2784,......2784 Dittingen,740,787.8378378378378,212.16216216216216,371.6216216216216,416.21621621621625,110.81081081081082,101.35135135135135
2785,......2785 Duggingen,1621,744.602097470697,255.39790252930288,379.39543491671805,365.2066625539791,121.529919802591,133.86798272671192
2786,......2786 Grellingen,1958,668.5393258426966,331.46067415730334,338.100102145046,330.4392236976507,176.7109295199183,154.74974463738508
2787,......2787 Laufen,6054,692.434753881731,307.56524611826893,344.7307565246118,347.70399735711925,148.66204162537167,158.90320449289726
2788,......2788 Liesberg,1105,833.4841628959276,166.5158371040724,443.4389140271493,390.0452488687783,80.54298642533938,85.97285067873302
2789,......2789 Nenzlingen,468,831.1965811965813,168.80341880341882,429.48717948717945,401.70940170940173,83.33333333333333,85.47008547008546
2790,......2790 Roggenburg,246,857.7235772357723,142.27642276422765,467.47967479674793,390.2439024390244,48.78048780487805,93.49593495934958
2791,......2791 Röschenz,1941,863.9876352395672,136.01236476043277,434.82740855229264,429.1602266872746,64.39979392065945,71.61257083977331
2792,......2792 Wahlen,1592,833.5427135678392,166.45728643216083,420.85427135678395,412.68844221105525,80.40201005025126,86.05527638190955
2793,......2793 Zwingen,2848,701.8960674157303,298.10393258426967,347.2612359550562,354.63483146067415,148.87640449438203,149.22752808988764
2821,......2821 Arisdorf,1734,807.3817762399077,192.61822376009226,407.15109573241057,400.2306805074971,83.62168396770473,108.99653979238755
2822,......2822 Augst,1087,665.1333946642134,334.8666053357866,351.4259429622815,313.7074517019319,178.47286108555656,156.39374425023001
2823,......2823 Bubendorf,4534,794.0008822232024,205.99911777679753,402.5143361270401,391.48654609616233,100.3528892809881,105.64622849580944
2824,......2824 Frenkendorf,6651,635.0924672981506,364.90753270184933,321.15471357690575,313.9377537212449,184.7842429709818,180.12328973086753
2825,......2825 Füllinsdorf,4730,635.0951374207187,364.9048625792812,313.74207188160676,321.35306553911204,175.2642706131078,189.64059196617336
2826,......2826 Giebenach,1136,680.4577464788732,319.5422535211267,363.556338028169,316.90140845070425,151.40845070422534,168.1338028169014
2827,......2827 Hersberg,393,806.615776081425,193.38422391857506,427.48091603053433,379.1348600508906,81.42493638676845,111.95928753180662
2828,......2828 Lausen,5886,713.5575942915392,286.44240570846074,352.02174651715933,361.5358477743799,143.7308868501529,142.71151885830784
2829,......2829 Liestal,16034,667.8932268928527,332.1067731071473,333.5412248970937,334.352001995759,162.52962454783585,169.57714855931147
2830,......2830 Lupsingen,1565,817.8913738019169,182.10862619808307,399.36102236421726,418.53035143769966,85.62300319488818,96.48562300319489
2831,......2831 Pratteln,16576,593.75,406.25,296.51303088803087,297.23696911196913,201.73745173745175,204.51254826254825
2832,......2832 Ramlinsburg,732,814.2076502732241,185.79234972677597,387.9781420765027,426.22950819672127,90.16393442622952,95.62841530054644
2833,......2833 Seltisberg,1316,862.4620060790273,137.53799392097267,420.97264437689967,441.48936170212767,69.90881458966565,67.629179331307
2834,......2834 Ziefen,1708,829.03981264637,170.96018735362998,415.6908665105387,413.3489461358314,85.48009367681499,85.48009367681499
2841,......2841 Anwil,547,917.7330895795247,82.26691042047533,480.80438756855574,436.9287020109689,45.703839122486286,36.56307129798903
2842,......2842 Böckten,857,824.9708284714119,175.0291715285881,421.23687281213535,403.73395565927655,89.84830805134189,85.1808634772462
2843,......2843 Buckten,715,797.2027972027972,202.79720279720277,386.013986013986,411.1888111888112,106.2937062937063,96.5034965034965
2844,......2844 Buus,1134,831.5696649029982,168.43033509700174,434.7442680776014,396.8253968253968,85.5379188712522,82.89241622574956
2845,......2845 Diepflingen,835,794.0119760479042,205.9880239520958,410.7784431137724,383.23353293413174,95.80838323353294,110.17964071856287
2846,......2846 Gelterkinden,6458,782.4403840198204,217.55961598017961,389.28460823784457,393.1557757819759,106.22483741096315,111.33477856921647
2847,......2847 Häfelfingen,246,825.2032520325204,174.7967479674797,443.089430894309,382.1138211382114,73.17073170731707,101.6260162601626
2848,......2848 Hemmiken,263,908.745247148289,91.25475285171103,437.2623574144487,471.4828897338403,41.82509505703422,49.42965779467681
2849,......2849 Itingen,2473,745.2486858067124,254.7513141932875,379.7007682976142,365.5479175090983,121.71451678123736,133.03679741205013
2850,......2850 Känerkinden,532,815.7894736842105,184.21052631578945,409.77443609022555,406.0150375939849,78.94736842105263,105.26315789473684
2851,......2851 Kilchberg (BL),182,846.1538461538462,153.84615384615387,412.08791208791206,434.0659340659341,65.93406593406594,87.91208791208791
2852,......2852 Läufelfingen,1415,816.2544169611308,183.74558303886926,413.4275618374558,402.8268551236749,98.9399293286219,84.80565371024736
2853,......2853 Maisprach,956,782.4267782426778,217.5732217573222,382.8451882845189,399.581589958159,111.92468619246861,105.64853556485356
2854,......2854 Nusshof,277,797.8339350180505,202.16606498194943,404.33212996389886,393.5018050541516,108.30324909747293,93.86281588447653
2855,......2855 Oltingen,526,878.3269961977186,121.67300380228137,448.66920152091257,429.6577946768061,55.133079847908746,66.53992395437263
2856,......2856 Ormalingen,2375,833.6842105263158,166.31578947368422,412.2105263157895,421.47368421052636,79.15789473684211,87.1578947368421
2857,......2857 Rickenbach (BL),570,866.6666666666667,133.33333333333334,457.89473684210526,408.7719298245614,49.12280701754386,84.21052631578947
2858,......2858 Rothenfluh,809,830.655129789864,169.34487021013598,411.619283065513,419.0358467243511,95.17923362175524,74.1656365883807
2859,......2859 Rümlingen,438,783.1050228310502,216.89497716894977,429.2237442922374,353.8812785388128,111.87214611872146,105.0228310502283
2860,......2860 Rünenberg,794,869.0176322418137,130.9823677581864,434.50881612090683,434.50881612090683,50.377833753148614,80.60453400503778
2861,......2861 Sissach,6894,792.5732521032783,207.42674789672176,393.2404989846243,399.3327531186539,98.49144183347838,108.9353060632434
2862,......2862 Tecknau,817,658.5067319461444,341.49326805385556,337.8212974296206,320.68543451652386,168.9106487148103,172.5826193390453
2863,......2863 Tenniken,938,836.8869936034116,163.1130063965885,416.8443496801706,420.0426439232409,72.49466950959487,90.6183368869936
2864,......2864 Thürnen,1459,771.0760795065114,228.9239204934887,403.7011651816312,367.3749143248801,119.25976696367375,109.66415352981494
2865,......2865 Wenslingen,712,897.4719101123596,102.52808988764045,428.37078651685397,469.1011235955056,49.15730337078652,53.37078651685393
2866,......2866 Wintersingen,602,857.1428571428571,142.85714285714286,455.14950166112953,401.9933554817276,64.78405315614617,78.07308970099668
2867,......2867 Wittinsburg,449,881.9599109131403,118.04008908685968,447.66146993318483,434.29844097995544,53.4521158129176,64.5879732739421
2868,......2868 Zeglingen,519,899.8073217726396,100.1926782273603,458.5741811175337,441.233140655106,46.24277456647398,53.94990366088632
2869,......2869 Zunzgen,2790,781.0035842293906,218.99641577060933,386.0215053763441,394.9820788530466,103.2258064516129,115.7706093189964
2881,......2881 Arboldswil,608,866.7763157894736,133.22368421052633,429.2763157894737,437.5,62.5,70.72368421052632
2882,......2882 Bennwil,677,878.8774002954209,121.12259970457903,462.3338257016248,416.54357459379617,57.60709010339734,63.515509601181684
2883,......2883 Bretzwil,736,864.1304347826086,135.86956521739128,457.8804347826087,406.25,50.27173913043478,85.59782608695653
2884,......2884 Diegten,1643,838.1010346926354,161.8989653073646,413.87705416920267,424.2239805234327,72.42848447961046,89.4704808277541
2885,......2885 Eptingen,560,857.1428571428571,142.85714285714286,444.6428571428571,412.5,76.78571428571429,66.07142857142857
2886,......2886 Hölstein,2643,746.5001891789633,253.49981082103668,387.43851683692776,359.0616723420356,132.80363223609535,120.69617858494136
2887,......2887 Lampenberg,581,864.0275387263339,135.9724612736661,442.3407917383821,421.68674698795184,63.68330464716007,72.28915662650603
2888,......2888 Langenbruck,975,771.2820512820513,228.7179487179487,402.05128205128204,369.2307692307692,135.3846153846154,93.33333333333334
2889,......2889 Lauwil,324,858.0246913580247,141.9753086419753,419.75308641975306,438.2716049382716,64.81481481481481,77.1604938271605
2890,......2890 Liedertswil,156,871.7948717948718,128.2051282051282,455.12820512820514,416.6666666666667,51.28205128205128,76.92307692307693
2891,......2891 Niederdorf,1783,727.9865395401009,272.013460459899,370.1626472237802,357.82389231632084,146.94335389792485,125.0701065619742
2892,......2892 Oberdorf (BL),2577,733.7989910748934,266.20100892510675,373.69033760186267,360.1086534730307,132.7124563445867,133.48855258051998
2893,......2893 Reigoldswil,1593,834.902699309479,165.09730069052102,435.0282485875706,399.8744507219084,77.8405524168236,87.25674827369743
2894,......2894 Titterten,442,828.0542986425339,171.94570135746605,436.65158371040724,391.4027149321267,76.92307692307693,95.02262443438913
2895,......2895 Waldenburg,1124,669.9288256227758,330.0711743772242,373.6654804270463,296.2633451957295,173.48754448398577,156.58362989323842
2901,......2901 Gächlingen,1029,812.4392614188532,187.56073858114675,414.96598639455783,397.4732750242954,96.20991253644314,91.3508260447036
2903,......2903 Löhningen,1642,794.1534713763702,205.84652862362972,398.2947624847747,395.85870889159565,107.18635809987819,98.66017052375152
2904,......2904 Neunkirch,2660,757.5187969924813,242.4812030075188,387.593984962406,369.9248120300752,117.29323308270676,125.18796992481204
2914,......2914 Büttenhardt,438,824.2009132420092,175.79908675799086,417.8082191780822,406.3926940639269,79.90867579908675,95.8904109589041
2915,......2915 Dörflingen,1056,774.6212121212121,225.37878787878788,384.46969696969694,390.1515151515151,103.21969696969697,122.1590909090909
2917,......2917 Lohn (SH),760,836.8421052631579,163.1578947368421,417.10526315789474,419.7368421052631,63.15789473684211,100.0
2919,......2919 Stetten (SH),1479,733.603786342123,266.39621365787696,373.22515212981745,360.3786342123056,121.70385395537525,144.69235970250168
2920,......2920 Thayngen,5881,676.0754973643938,323.9245026356062,346.70974324094544,329.36575412344837,155.585784730488,168.3387179051182
2931,......2931 Bargen (SH),342,690.0584795321637,309.94152046783626,368.4210526315789,321.6374269005848,149.12280701754386,160.8187134502924
2932,......2932 Beringen,5269,688.555703169482,311.4442968305181,355.66521161510724,332.89049155437465,151.83146707155058,159.61282975896754
2933,......2933 Buchberg,885,854.2372881355932,145.76271186440678,437.2881355932203,416.9491525423729,61.016949152542374,84.7457627118644
2936,......2936 Merishausen,905,801.1049723756905,198.8950276243094,411.0497237569061,390.05524861878456,88.39779005524862,110.49723756906077
2937,......2937 Neuhausen am Rheinfall,11834,514.872401554842,485.127598445158,260.5205340544195,254.3518675004225,247.42268041237114,237.70491803278688
2938,......2938 Rüdlingen,815,802.4539877300614,197.54601226993864,414.7239263803681,387.73006134969324,85.88957055214725,111.65644171779141
2939,......2939 Schaffhausen,38964,636.690278205523,363.30972179447696,312.929883995483,323.76039421004003,176.44492351914587,186.86479827533105
2951,......2951 Beggingen,485,851.5463917525773,148.4536082474227,443.29896907216494,408.24742268041234,86.59793814432989,61.855670103092784
2952,......2952 Schleitheim,1845,742.5474254742547,257.45257452574526,376.69376693766935,365.8536585365854,130.62330623306235,126.82926829268293
2953,......2953 Siblingen,888,805.1801801801802,194.81981981981983,420.045045045045,385.13513513513516,83.33333333333333,111.48648648648648
2961,......2961 Buch (SH),336,613.0952380952382,386.9047619047619,348.2142857142857,264.8809523809524,211.3095238095238,175.59523809523807
2962,......2962 Hemishofen,493,703.8539553752536,296.1460446247465,356.99797160243406,346.85598377281946,152.12981744421907,144.0162271805274
2963,......2963 Ramsen,1655,613.8972809667673,386.10271903323263,320.8459214501511,293.05135951661634,189.1238670694864,196.97885196374622
2964,......2964 Stein am Rhein,3770,651.9893899204244,348.0106100795756,322.54641909814325,329.4429708222812,164.9867374005305,183.0238726790451
2971,......2971 Hallau,2423,762.278167560875,237.72183243912505,387.12340074288073,375.1547668179942,115.55922410235246,122.1626083367726
2972,......2972 Oberhallau,456,844.2982456140351,155.70175438596493,447.36842105263156,396.9298245614035,67.98245614035088,87.71929824561403
2973,......2973 Trasadingen,619,668.8206785137319,331.1793214862682,342.4878836833602,326.3327948303716,168.0129240710824,163.1663974151858
2974,......2974 Wilchingen,1738,791.7146144994246,208.2853855005754,403.337169159954,388.3774453394707,93.21058688147296,115.07479861910241
3001,......3001 Herisau,15943,728.0311108323402,271.96888916765977,369.2529636831211,358.7781471492191,135.41993351314056,136.5489556545192
3002,......3002 Hundwil,965,899.4818652849741,100.51813471502591,471.5025906735751,427.979274611399,50.777202072538856,49.740932642487046
3003,......3003 Schönengrund,557,913.8240574506283,86.17594254937164,486.53500897666066,427.2890484739677,35.90664272890485,50.26929982046679
3004,......3004 Schwellbrunn,1556,909.3830334190231,90.61696658097685,471.07969151670954,438.3033419023136,43.70179948586119,46.91516709511568
3005,......3005 Stein (AR),1497,891.7835671342685,108.21643286573146,452.2378089512358,439.5457581830327,50.76820307281229,57.44822979291917
3006,......3006 Urnäsch,2373,850.8217446270544,149.17825537294564,434.89254108723134,415.929203539823,76.2747576906869,72.90349768225875
3007,......3007 Waldstatt,1867,859.6679164434922,140.33208355650774,427.42367434386716,432.24424209962507,73.37975361542581,66.95232994108196
3021,......3021 Bühler,1934,749.741468459152,250.258531540848,376.93898655635985,372.8024819027921,129.7828335056877,120.47569803516028
3022,......3022 Gais,3134,830.8870453095086,169.1129546904914,418.31525207402683,412.57179323548183,81.6847479259732,87.4282067645182
3023,......3023 Speicher,4502,815.4153709462462,184.5846290537539,403.5984007107952,411.81697023545087,84.62905375388716,99.95557529986672
3024,......3024 Teufen (AR),6522,817.6939589083103,182.30604109168965,407.23704385157924,410.456915056731,83.10334253296534,99.20269855872432
3025,......3025 Trogen,1877,790.0905700586042,209.90942994139584,393.1806073521577,396.90996270644644,106.55301012253595,103.35641981885989
3031,......3031 Grub (AR),986,794.1176470588235,205.88235294117646,405.67951318458415,388.4381338742394,97.3630831643002,108.51926977687627
3032,......3032 Heiden,4383,735.1129363449692,264.8870636550308,364.5904631530915,370.5224731918777,132.3294547113849,132.5576089436459
3033,......3033 Lutzenberg,1321,744.890234670704,255.10976532929595,395.1551854655564,349.7350492051476,122.63436790310371,132.47539742619227
3034,......3034 Rehetobel,1714,819.1365227537923,180.86347724620768,424.1540256709452,394.98249708284715,87.51458576429405,93.34889148191365
3035,......3035 Reute (AR),703,761.0241820768136,238.97581792318633,409.6728307254623,351.35135135135135,123.75533428165008,115.22048364153626
3036,......3036 Wald (AR),929,820.2368137782562,179.7631862217438,406.8891280947255,413.3476856835307,102.2604951560818,77.502691065662
3037,......3037 Walzenhausen,2054,708.8607594936709,291.1392405063291,365.6280428432327,343.2327166504382,153.35929892891917,137.77994157740994
3038,......3038 Wolfhalden,1888,778.072033898305,221.92796610169492,413.135593220339,364.9364406779661,108.05084745762713,113.87711864406779
3101,......3101 Appenzell,6096,765.9120734908137,234.08792650918636,389.9278215223097,375.98425196850394,120.24278215223097,113.84514435695537
3102,......3102 Gonten,1474,935.549525101764,64.4504748982361,483.7177747625509,451.83175033921304,32.56445047489824,31.886024423337858
3104,......3104 Schlatt-Haslen,1119,928.5075960679178,71.49240393208221,496.8722073279714,431.6353887399464,38.42716711349419,33.06523681858802
3111,......3111 Oberegg,1936,880.6818181818182,119.31818181818183,453.5123966942149,427.1694214876033,50.6198347107438,68.69834710743801
3112,......3112 Schwende-Rüte,6108,896.6928618205632,103.3071381794368,462.3444662737394,434.34839554682384,52.06286836935167,51.244269810085136
3201,......3201 Häggenschwil,1426,872.3702664796634,127.6297335203366,444.6002805049088,427.76998597475455,74.33380084151473,53.29593267882188
3202,......3202 Muolen,1265,887.7470355731225,112.25296442687747,453.75494071146244,433.99209486166006,56.126482213438734,56.126482213438734
3203,......3203 St. Gallen,78863,621.4955048628634,378.5044951371366,306.25261529487847,315.24288956798495,192.01653500374067,186.4879601333959
3204,......3204 Wittenbach,10142,667.2253993295209,332.77460067047923,328.8306054032735,338.39479392624725,159.14020903174915,173.63439163873005
3212,......3212 Eggersriet,2434,845.9326211996713,154.06737880032867,434.6754313886607,411.2571898110107,74.36318816762531,79.70419063270337
3441,......3441 Andwil (SG),2144,891.3246268656716,108.67537313432835,451.4925373134329,439.8320895522388,51.77238805970149,56.90298507462686
3442,......3442 Gaiserwald,8714,802.3869635070002,197.61303649299978,398.89832453523064,403.48863897176955,90.08492081707598,107.5281156759238
3443,......3443 Gossau (SG),18633,741.2118284763592,258.78817152364087,367.0369774056781,374.17485107068103,130.19910910749746,128.5890624161434
3444,......3444 Waldkirch,3576,876.6778523489933,123.32214765100672,442.9530201342282,433.7248322147651,62.91946308724833,60.40268456375839
3211,......3211 Berg (SG),1033,821.8780251694094,178.1219748305905,421.10358180058086,400.77444336882866,81.31655372700871,96.80542110358179
3213,......3213 Goldach,9783,709.4960646018603,290.5039353981396,352.6525605642441,356.8435040376163,137.27895328631297,153.22498211182665
3214,......3214 Mörschwil,3671,848.8150367747209,151.1849632252792,429.31081449196404,419.50422228275676,73.54944156905475,77.63552165622447
3215,......3215 Rorschach,10274,497.56667315553824,502.43332684446176,253.16332489780024,244.403348257738,263.09129842320425,239.34202842125754
3216,......3216 Rorschacherberg,7716,669.2586832555728,330.74131674442714,345.2566096423017,324.0020736132711,160.44582685329186,170.2954898911353
3217,......3217 Steinach,3581,728.5674392627758,271.4325607372242,360.51382295448195,368.0536163082937,139.90505445406313,131.52750628316113
3218,......3218 Tübach,1602,843.3208489388264,156.6791510611735,416.354556803995,426.96629213483146,74.90636704119851,81.77278401997503
3219,......3219 Untereggen,1035,876.3285024154588,123.67149758454106,443.4782608695652,432.85024154589377,55.07246376811594,68.59903381642512
3237,......3237 Thal,7137,726.2154967073,273.7845032927,371.58469945355193,354.6307972537481,139.4143197421886,134.37018355051143
3231,......3231 Au (SG),8628,593.416782568382,406.583217431618,303.5465924895688,289.87019007881315,201.66898470097357,204.91423273064441
3232,......3232 Balgach,5210,725.1439539347408,274.8560460652591,375.62380038387715,349.52015355086377,133.20537428023033,141.6506717850288
3233,......3233 Berneck,4008,746.5069860279441,253.49301397205588,378.49301397205585,368.0139720558882,123.25349301397205,130.23952095808383
3234,......3234 Diepoldsau,6939,713.3592736705577,286.64072632944226,369.50569246289086,343.85358120766676,141.51895085747228,145.12177547197004
3235,......3235 Rheineck,3514,617.8144564598748,382.18554354012525,315.59476380193513,302.2196926579397,189.24302788844622,192.942515651679
3236,......3236 St. Margrethen,6718,513.9922596010717,486.00774039892826,267.9368859779696,246.05537362310213,257.5171181899375,228.49062220899077
3238,......3238 Widnau,10409,678.4513401863773,321.54865981362286,347.00739744451914,331.443942741858,162.26342588144874,159.2852339321741
3251,......3251 Altstätten,12581,692.3138065336619,307.6861934663381,347.58763214370873,344.72617438995314,159.60575470948254,148.08043875685559
3252,......3252 Eichberg,1617,785.4050711193569,214.59492888064315,402.5974025974026,382.80766852195427,109.46196660482376,105.13296227581942
3253,......3253 Marbach (SG),2169,770.8621484555094,229.13785154449053,396.03503918856615,374.8271092669433,104.65652374366067,124.48132780082987
3254,......3254 Oberriet (SG),9373,789.5017603755467,210.49823962445322,412.03456737437324,377.4671930011736,103.4887442654433,107.00949535900993
3255,......3255 Rebstein,5077,639.7478826078393,360.25211739216076,330.5101437857002,309.2377388221391,180.6184754776443,179.63364191451643
3256,......3256 Rüthi (SG),2633,684.390429168249,315.60957083175083,356.2476262818078,328.1428028864413,161.0330421572351,154.57652867451577
3271,......3271 Buchs (SG),14038,548.0837726171819,451.9162273828181,272.33224105998005,275.7515315572019,237.42698390084058,214.48924348197747
3272,......3272 Gams,3728,726.3948497854077,273.60515021459224,376.07296137339057,350.3218884120172,135.9978540772532,137.60729613733903
3273,......3273 Grabs,7488,738.7820512820513,261.21794871794873,369.9252136752137,368.85683760683764,130.60897435897436,130.60897435897436
3274,......3274 Sennwald,6332,605.3379658875552,394.6620341124447,318.0669614655717,287.27100442198355,209.72836386607707,184.93367024636765
3275,......3275 Sevelen,5411,600.8131583810756,399.1868416189244,303.0863056736278,297.7268527074478,211.0515616337091,188.1352799852153
3276,......3276 Wartau,5595,660.9472743521001,339.0527256478999,336.19302949061665,324.75424486148347,174.0840035746202,164.96872207327974
3291,......3291 Bad Ragaz,6872,668.9464493597205,331.0535506402794,333.6728754365541,335.27357392316645,172.58440046565772,158.46915017462166
3292,......3292 Flums,5400,766.8518518518518,233.14814814814815,382.4074074074074,384.4444444444444,122.4074074074074,110.74074074074073
3293,......3293 Mels,9581,793.9672268030477,206.0327731969523,397.76641269178583,396.2008141112618,103.95574574679053,102.07702745016178
3294,......3294 Pfäfers,1624,802.9556650246305,197.04433497536948,422.4137931034483,380.5418719211823,102.83251231527093,94.21182266009852
3295,......3295 Quarten,3105,760.0644122383253,239.93558776167473,375.84541062801935,384.21900161030595,122.70531400966183,117.23027375201288
3296,......3296 Sargans,6615,674.9811035525322,325.0188964474679,331.36810279667424,343.61300075585785,165.0793650793651,159.9395313681028
3297,......3297 Vilters-Wangs,5121,798.4768599882835,201.52314001171646,392.3061901972271,406.1706697910564,110.5252880296817,90.99785198203476
3298,......3298 Walenstadt,5926,772.3590955113061,227.6409044886939,386.26392170097876,386.09517381032737,110.86736415794803,116.77354033074587
3311,......3311 Amden,1901,818.5165702261967,181.48342977380327,410.31036296685954,408.2062072593372,84.69226722777486,96.7911625460284
3312,......3312 Benken (SG),3073,832.7367393426618,167.2632606573381,426.61893914741296,406.11780019524895,88.51285388870811,78.75040676863
3313,......3313 Kaltbrunn,5099,784.075308884095,215.9246911159051,403.0202000392234,381.05510884487154,109.62933908609531,106.29535202980976
3315,......3315 Schänis,4172,823.1064237775647,176.89357622243529,407.2387344199425,415.8676893576222,87.96740172579098,88.9261744966443
3316,......3316 Weesen,1898,781.3487881981033,218.65121180189672,376.71232876712327,404.63645943098,102.21285563751317,116.43835616438355
3338,......3338 Schmerikon,4150,709.3975903614457,290.6024096385542,355.4216867469879,353.9759036144579,143.13253012048193,147.46987951807228
3339,......3339 Uznach,7038,674.7655583972719,325.23444160272805,328.5024154589372,346.2631429383348,166.95083830633703,158.28360329639102
3340,......3340 Rapperswil-Jona,28779,731.5403592897599,268.4596407102401,364.0849230341569,367.45543625560305,126.41161958372423,142.04802112651586
3341,......3341 Gommiswald,5718,818.2931094788387,181.70689052116123,421.1262679258482,397.16684155299055,86.9185029730675,94.78838754809374
3342,......3342 Eschenbach (SG),10266,806.2536528345996,193.74634716540035,412.1371517631015,394.11650107149813,95.94778881745567,97.79855834794466
3352,......3352 Ebnat-Kappel,5323,821.153484876949,178.84651512305092,408.04057862107834,413.11290625587077,88.67180161563027,90.17471350742062
3359,......3359 Wildhaus-Alt St. Johann,2601,812.7643214148404,187.23567858515955,409.0734332948866,403.69088811995385,98.80815071126489,88.42752787389466
3360,......3360 Nesslau,3890,884.8329048843187,115.16709511568124,452.69922879177375,432.133676092545,54.24164524421594,60.9254498714653
3374,......3374 Lichtensteig,2141,755.7216254086875,244.27837459131246,386.73517048108357,368.9864549276039,131.7141522652966,112.56422232601588
3379,......3379 Wattwil,9165,735.4064375340971,264.5935624659029,368.5761047463175,366.8303327877796,127.6595744680851,136.93398799781778
3392,......3392 Kirchberg (SG),9791,708.7120825247677,291.28791747523235,365.33551220508633,343.3765703196813,153.50832397099376,137.77959350423856
3393,......3393 Lütisburg,1646,820.7776427703524,179.22235722964763,419.80558930741194,400.97205346294044,95.38274605103281,83.83961117861483
3394,......3394 Mosnang,2981,914.7936933914795,85.20630660852063,476.350218047635,438.44347534384434,41.59677960415968,43.60952700436095
3395,......3395 Bütschwil-Ganterschwil,5336,821.2143928035982,178.7856071964018,413.23088455772114,407.98350824587703,89.95502248875563,88.83058470764618
3396,......3396 Neckertal,6420,867.9127725856698,132.08722741433021,442.3676012461059,425.54517133956386,60.43613707165109,71.65109034267913
3401,......3401 Degersheim,4216,787.9506641366224,212.0493358633776,391.6034155597723,396.3472485768501,104.60151802656546,107.44781783681215
3402,......3402 Flawil,10632,706.4522197140707,293.54778028592926,356.2829194883371,350.1693002257336,147.85553047404062,145.69224981188864
3405,......3405 Jonschwil,3992,831.1623246492986,168.8376753507014,420.09018036072143,411.07214428857714,86.92384769539079,81.91382765531063
3407,......3407 Oberuzwil,6743,762.4202877057689,237.57971229423106,386.9197686489693,375.50051905679965,119.67966780364821,117.90004449058281
3408,......3408 Uzwil,14570,683.4591626630062,316.54083733699383,342.964996568291,340.4941660947152,162.9375428963624,153.60329444063143
3422,......3422 Niederbüren,1529,885.5461085676914,114.45389143230871,472.85807717462393,412.6880313930674,58.862001308044476,55.591890124264225
3423,......3423 Niederhelfenschwil,3290,893.9209726443769,106.07902735562311,455.3191489361702,438.60182370820667,49.848024316109424,56.23100303951368
3424,......3424 Oberbüren,4726,861.1933982225985,138.80660177740162,457.2577232331781,403.93567498942025,69.19170545916208,69.61489631823953
3426,......3426 Zuzwil (SG),5033,832.1080866282535,167.89191337174648,430.160937810451,401.94714881780254,76.8925094377111,90.99940393403537
3427,......3427 Wil (SG),25176,664.0054019701303,335.9945980298697,326.97807435653004,337.0273276136003,166.9049888782968,169.08960915157292
3506,......3506 Vaz/Obervaz,2732,747.8038067349927,252.1961932650073,377.3792093704246,370.42459736456806,136.16398243045387,116.03221083455344
3513,......3513 Lantsch/Lenz,518,818.5328185328185,181.46718146718146,401.5444015444015,416.988416988417,100.38610038610038,81.08108108108108
3514,......3514 Schmitten (GR),205,819.5121951219512,180.48780487804876,468.2926829268293,351.2195121951219,87.80487804878048,92.6829268292683
3542,......3542 Albula/Alvra,1354,794.6824224519941,205.31757754800591,403.98818316100443,390.6942392909897,109.30576070901034,96.01181683899557
3543,......3543 Surses,2465,789.0466531440162,210.95334685598377,399.1886409736308,389.8580121703854,113.59026369168357,97.3630831643002
3544,......3544 Bergün Filisur,898,779.510022271715,220.48997772828508,380.8463251670379,398.6636971046771,113.58574610244989,106.9042316258352
3551,......3551 Brusio,1099,716.105550500455,283.8944494995451,374.8862602365787,341.21929026387625,151.95632393084622,131.93812556869884
3561,......3561 Poschiavo,3505,803.9942938659058,196.00570613409414,408.5592011412268,395.435092724679,87.58915834522112,108.41654778887303
3746,......3746 Zernez,1592,760.678391959799,239.321608040201,391.3316582914573,369.3467336683417,112.43718592964824,126.88442211055276
3752,......3752 Samnaun,750,605.3333333333333,394.6666666666667,384.0,221.33333333333331,161.33333333333331,233.33333333333334
3762,......3762 Scuol,4546,741.7509898812142,258.24901011878575,373.07523097228335,368.67575890893096,122.30532336119666,135.9436867575891
3764,......3764 Valsot,801,860.1747815230962,139.82521847690387,439.45068664169787,420.72409488139823,68.66416978776529,71.16104868913857
3847,......3847 Val Müstair,1430,818.1818181818182,181.8181818181818,415.3846153846154,402.79720279720283,71.32867132867132,110.4895104895105
3721,......3721 Bonaduz,3565,818.5133239831697,181.4866760168303,402.80504908835906,415.70827489481064,95.65217391304348,85.83450210378682
3722,......3722 Domat/Ems,8392,705.5529075309819,294.4470924690181,349.2612011439466,356.2917063870353,155.38608198284078,139.0610104861773
3723,......3723 Rhäzüns,1612,757.4441687344913,242.5558312655087,385.85607940446647,371.5880893300248,137.09677419354838,105.45905707196029
3731,......3731 Felsberg,2886,843.035343035343,156.96465696465697,417.1864171864172,425.8489258489259,80.38808038808038,76.57657657657657
3732,......3732 Flims,2902,718.1254307374226,281.87456926257755,350.44796691936597,367.6774638180565,152.99793246037217,128.87663680220538
3733,......3733 Tamins,1223,816.0261651676207,183.9738348323794,416.18969746524937,399.83646770237124,89.94276369582992,94.03107113654947
3734,......3734 Trin,1557,839.4348105330764,160.56518946692358,414.90044958253054,424.53436095054593,83.49389852280027,77.0712909441233
3945,......3945 Trimmis,3424,827.1028037383178,172.89719626168224,415.0116822429907,412.0911214953271,93.75,79.14719626168225
3946,......3946 Untervaz,2674,852.2812266267764,147.71877337322366,438.29468960359014,413.9865370231862,66.56694091249065,81.15183246073299
3947,......3947 Zizers,3691,794.6356001083717,205.36439989162827,392.8474668111623,401.7881332972094,105.93335139528583,99.43104849634246
3951,......3951 Fläsch,879,847.5540386803185,152.44596131968146,416.38225255972696,431.1717861205916,83.04891922639362,69.39704209328782
3952,......3952 Jenins,964,851.6597510373443,148.3402489626556,435.6846473029046,415.97510373443987,74.68879668049793,73.65145228215768
3953,......3953 Maienfeld,3266,823.0251071647275,176.9748928352725,417.9424372320882,405.0826699326393,83.58848744641764,93.38640538885487
3954,......3954 Malans,2529,867.5365757216291,132.4634242783709,434.5591142744168,432.9774614472123,58.12574139976275,74.33768287860815
3955,......3955 Landquart,9244,726.4171354392038,273.58286456079617,362.18087408048467,364.23626135871916,141.92990047598443,131.65296408481177
3781,......3781 Bever,618,783.1715210355987,216.8284789644013,381.8770226537217,401.294498381877,93.85113268608414,122.97734627831714
3782,......3782 Celerina/Schlarigna,1415,648.7632508833923,351.23674911660777,325.0883392226148,323.6749116607774,182.3321554770318,168.90459363957598
3783,......3783 Madulain,196,709.1836734693877,290.81632653061223,357.14285714285717,352.0408163265306,158.16326530612247,132.65306122448982
3784,......3784 Pontresina,2072,637.065637065637,362.9343629343629,310.8108108108108,326.25482625482624,177.12355212355214,185.8108108108108
3785,......3785 La Punt Chamues-ch,750,673.3333333333334,326.6666666666667,333.3333333333333,340.0,166.66666666666666,160.0
3786,......3786 Samedan,2901,712.1682178559117,287.8317821440882,352.63702171664943,359.5311961392623,145.467080317132,142.3647018269562
3787,......3787 St. Moritz,4997,523.1138683209927,476.8861316790074,260.7564538723234,262.3574144486692,243.34600760456274,233.54012407444466
3788,......3788 S-chanf,713,776.9985974754559,223.00140252454418,409.53716690042074,367.4614305750351,116.40953716690042,106.59186535764375
3789,......3789 Sils im Engadin/Segl,708,653.954802259887,346.045197740113,341.8079096045198,312.1468926553672,173.72881355932205,172.31638418079095
3790,......3790 Silvaplana,1124,583.6298932384342,416.3701067615658,294.4839857651246,289.1459074733096,228.64768683274022,187.72241992882562
3791,......3791 Zuoz,1224,612.7450980392157,387.2549019607843,305.5555555555556,307.18954248366015,202.6143790849673,184.640522875817
3792,......3792 Bregaglia,1591,762.4135763670647,237.58642363293524,375.2357008170962,387.1778755499686,115.02199874292897,122.56442489000628
3804,......3804 Buseno,91,868.1318681318681,131.86813186813188,395.60439560439556,472.5274725274725,76.92307692307693,54.94505494505494
3805,......3805 Castaneda,254,771.6535433070866,228.3464566929134,350.39370078740154,421.25984251968504,118.11023622047244,110.23622047244095
3808,......3808 Rossa,168,839.2857142857143,160.71428571428572,464.2857142857143,375.0,95.23809523809523,65.47619047619048
3810,......3810 Santa Maria in Calanca,113,814.1592920353983,185.8407079646018,451.32743362831854,362.83185840707966,88.49557522123894,97.34513274336283
3821,......3821 Lostallo,866,749.4226327944573,250.57736720554274,386.83602771362587,362.5866050808314,138.56812933025404,112.00923787528869
3822,......3822 Mesocco,1414,716.4073550212164,283.5926449787836,371.994342291372,344.4130127298444,152.75813295615276,130.83451202263083
3823,......3823 Soazza,324,750.0,250.0,385.8024691358025,364.1975308641975,141.9753086419753,108.02469135802468
3831,......3831 Cama,720,691.6666666666666,308.33333333333337,338.8888888888889,352.7777777777778,190.27777777777777,118.05555555555556
3832,......3832 Grono,1580,653.7974683544304,346.20253164556965,328.4810126582278,325.3164556962025,202.53164556962025,143.67088607594937
3834,......3834 Roveredo (GR),2656,682.605421686747,317.394578313253,328.68975903614455,353.9156626506024,164.90963855421685,152.48493975903617
3835,......3835 San Vittore,961,673.2570239334027,326.7429760665973,324.6618106139438,348.59521331945894,191.46722164412068,135.27575442247658
3837,......3837 Calanca,204,794.1176470588235,205.88235294117646,392.156862745098,401.9607843137255,127.45098039215685,78.43137254901961
3901,......3901 Chur,39177,719.1464379610486,280.8535620389514,350.4607295096613,368.6857084513873,139.85246445618603,141.00109758276542
3911,......3911 Churwalden,2114,688.2686849574267,311.7313150425733,358.56196783349105,329.7067171239357,167.92809839167455,143.80321665089878
3921,......3921 Arosa,3159,681.8613485280151,318.13865147198476,357.70813548591326,324.1532130421019,174.73884140550808,143.39981006647673
3932,......3932 Tschiertschen-Praden,309,809.0614886731393,190.93851132686086,417.47572815533977,391.5857605177994,97.08737864077669,93.85113268608414
3851,......3851 Davos,10774,662.3352515314647,337.6647484685353,328.84722480044553,333.48802673101915,173.28754408761836,164.37720438091702
3861,......3861 Fideris,626,899.3610223642172,100.63897763578275,444.08945686900955,455.27156549520765,47.92332268370607,52.715654952076676
3862,......3862 Furna,203,940.8866995073892,59.11330049261083,482.7586206896552,458.128078817734,19.704433497536947,39.40886699507389
3863,......3863 Jenaz,1164,863.4020618556701,136.59793814432987,445.87628865979383,417.5257731958763,65.29209621993128,71.30584192439862
3871,......3871 Klosters,4478,752.7914247431889,247.2085752568111,376.0607414024118,376.73068334077715,128.40553818669048,118.8030370701206
3881,......3881 Conters im Prättigau,224,906.25,93.75,468.75,437.5,40.17857142857143,53.57142857142857
3882,......3882 Küblis,910,761.5384615384615,238.46153846153848,378.021978021978,383.51648351648356,120.87912087912088,117.58241758241758
3891,......3891 Luzein,1689,871.5216104203671,128.47838957963293,455.2989934872706,416.22261693309656,68.67969212551806,59.79869745411486
3961,......3961 Grüsch,2176,852.9411764705882,147.05882352941177,434.2830882352941,418.6580882352941,75.82720588235294,71.23161764705883
3962,......3962 Schiers,2993,768.7938523220848,231.20614767791514,388.239224858002,380.55462746408284,115.60307383895757,115.60307383895757
3972,......3972 Seewis im Prättigau,1450,830.3448275862069,169.6551724137931,423.44827586206895,406.8965517241379,87.58620689655172,82.06896551724138
3572,......3572 Falera,635,817.3228346456692,182.6771653543307,433.07086614173227,384.251968503937,100.78740157480314,81.88976377952756
3575,......3575 Laax,2102,737.8686964795434,262.1313035204567,399.61941008563275,338.24928639391055,145.0999048525214,117.03139866793529
3581,......3581 Sagogn,769,851.7555266579974,148.2444733420026,446.0338101430429,405.7217165149545,75.42262678803641,72.82184655396618
3582,......3582 Schluein,616,805.1948051948052,194.80519480519482,439.93506493506493,365.2597402597403,108.76623376623377,86.03896103896103
3603,......3603 Vals,958,763.0480167014614,236.9519832985386,399.7912317327766,363.25678496868477,129.43632567849687,107.51565762004175
3618,......3618 Lumnezia,2075,896.867469879518,103.13253012048193,469.87951807228916,426.9879518072289,57.34939759036144,45.78313253012048
3619,......3619 Ilanz/Glion,5067,787.0534833234656,212.94651667653443,384.251036116045,402.8024472074206,106.37458061969608,106.57193605683835
3672,......3672 Safiental,964,923.2365145228216,76.76348547717843,484.43983402489624,438.7966804979253,36.30705394190872,40.456431535269715
3981,......3981 Breil/Brigels,1706,893.3177022274326,106.68229777256741,461.8991793669402,431.4185228604924,49.2379835873388,57.444314185228606
3982,......3982 Disentis/Mustér,2104,804.6577946768061,195.3422053231939,412.54752851711027,392.1102661596958,106.93916349809886,88.40304182509506
3983,......3983 Medel (Lucmagn),328,890.2439024390244,109.7560975609756,454.26829268292687,435.9756097560976,48.78048780487805,60.97560975609756
3985,......3985 Sumvitg,1063,891.8156161806209,108.18438381937912,435.5597365945437,456.2558795860772,59.266227657572905,48.91815616180621
3986,......3986 Tujetsch,1199,848.2068390325271,151.7931609674729,437.03085904920766,411.17597998331945,82.56880733944955,69.22435362802335
3987,......3987 Trun,1141,846.6257668711656,153.37423312883436,418.9307624890447,427.69500438212094,78.87817703768624,74.49605609114812
3988,......3988 Obersaxen Mundaun,1160,893.1034482758621,106.89655172413794,462.06896551724134,431.03448275862064,50.86206896551724,56.03448275862069
3633,......3633 Fürstenau,353,830.028328611898,169.97167138810198,373.93767705382436,456.09065155807366,84.98583569405099,84.98583569405099
3637,......3637 Rothenbrunnen,304,848.6842105263158,151.31578947368422,460.5263157894737,388.1578947368421,78.94736842105263,72.36842105263158
3638,......3638 Scharans,836,905.5023923444976,94.49760765550239,442.5837320574162,462.91866028708137,39.473684210526315,55.02392344497608
3640,......3640 Sils im Domleschg,976,798.155737704918,201.84426229508196,396.516393442623,401.6393442622951,102.45901639344262,99.38524590163934
3661,......3661 Cazis,2439,765.8876588765887,234.11234112341123,390.73390733907337,375.1537515375154,127.51127511275112,106.6010660106601
3662,......3662 Flerden,255,898.0392156862746,101.96078431372548,439.2156862745098,458.8235294117647,54.90196078431372,47.05882352941176
3663,......3663 Masein,531,890.7721280602636,109.22787193973635,435.0282485875706,455.74387947269304,48.964218455743875,60.263653483992464
3668,......3668 Thusis,3439,631.8697295725501,368.13027042744983,315.4986914800814,316.3710380924687,196.27798778714742,171.8522826403024
3669,......3669 Tschappina,146,945.2054794520548,54.794520547945204,527.3972602739726,417.8082191780822,6.8493150684931505,47.94520547945205
3670,......3670 Urmein,163,901.8404907975461,98.15950920245399,453.9877300613497,447.85276073619633,49.079754601226995,49.079754601226995
3673,......3673 Domleschg,2262,892.5729442970822,107.42705570291777,443.4129089301503,449.16003536693194,41.99823165340406,65.42882404951371
3681,......3681 Avers,169,869.8224852071006,130.17751479289942,408.284023668639,461.53846153846155,59.171597633136095,71.00591715976331
3695,......3695 Sufers,147,870.7482993197278,129.2517006802721,469.38775510204084,401.36054421768705,61.224489795918366,68.02721088435375
3701,......3701 Andeer,923,789.815817984832,210.18418201516792,385.69880823401945,404.11700975081254,85.59046587215602,124.59371614301192
3711,......3711 Rongellen,59,881.3559322033898,118.64406779661017,525.4237288135594,355.9322033898305,33.898305084745765,84.7457627118644
3712,......3712 Zillis-Reischen,426,779.3427230046949,220.65727699530515,427.2300469483568,352.112676056338,122.06572769953051,98.59154929577464
3713,......3713 Ferrera,76,750.0,250.0,434.2105263157895,315.7894736842105,131.57894736842104,118.42105263157895
3714,......3714 Rheinwald,570,801.7543859649123,198.24561403508773,424.56140350877195,377.1929824561404,96.49122807017544,101.75438596491227
3715,......3715 Muntogna da Schons,368,921.1956521739131,78.80434782608695,472.82608695652175,448.3695652173913,38.04347826086957,40.76086956521739
4001,......4001 Aarau,22710,721.7084984588287,278.2915015411713,359.7974460590048,361.91105239982386,139.27785116688685,139.01365037428445
4002,......4002 Biberstein,1657,824.9849124924561,175.01508750754374,418.2257091128546,406.7592033796017,79.66203983101991,95.35304767652383
4003,......4003 Buchs (AG),8491,624.190319161465,375.8096808385349,309.2686373807561,314.921681780709,185.3727476151219,190.436933223413
4004,......4004 Densbüren,769,854.3563068920677,145.64369310793236,417.4252275682705,436.9310793237972,70.22106631989597,75.42262678803641
4005,......4005 Erlinsbach (AG),4639,762.8799310196163,237.1200689803837,382.19443845656394,380.6854925630524,109.72192282819573,127.39814615218798
4006,......4006 Gränichen,8692,730.0966405890474,269.9033594109526,356.4196962724344,373.67694431661295,136.44730786930512,133.4560515416475
4007,......4007 Hirschthal,1763,824.163357912649,175.83664208735112,425.9784458309699,398.18491208167893,85.08224617129892,90.75439591605218
4008,......4008 Küttigen,6997,780.9061026154066,219.0938973845934,382.02086608546523,398.8852365299414,104.61626411319138,114.47763327140204
4009,......4009 Muhen,4090,837.1638141809291,162.83618581907092,423.96088019559903,413.2029339853301,77.75061124694376,85.08557457212713
4010,......4010 Oberentfelden,8946,631.2318354571876,368.7681645428124,311.31231835457186,319.91951710261566,186.56382740889782,182.2043371339146
4012,......4012 Suhr,11617,626.3234914349661,373.676508565034,308.25514332443834,318.0683481105277,187.39777911681156,186.27872944822244
4013,......4013 Unterentfelden,4550,680.0,320.0,342.85714285714283,337.1428571428571,157.14285714285714,162.85714285714286
4021,......4021 Baden,23853,634.2598415293675,365.74015847063265,321.72053829706954,312.5393032322978,184.16970611663103,181.5704523540016
4022,......4022 Bellikon,1580,784.8101265822785,215.18987341772151,399.36708860759495,385.44303797468353,99.36708860759494,115.82278481012659
4023,......4023 Bergdietikon,2997,732.7327327327328,267.2672672672673,376.3763763763764,356.3563563563564,119.45278611945278,147.8144811478145
4024,......4024 Birmenstorf (AG),3066,737.7690802348337,262.23091976516633,367.9060665362035,369.86301369863014,131.11545988258317,131.11545988258317
4026,......4026 Ennetbaden,3703,691.3313529570619,308.6686470429382,339.18444504455846,352.14690791250337,152.30893869835268,156.35970834458547
4027,......4027 Fislisbach,6140,678.5016286644951,321.4983713355049,335.50488599348535,342.99674267100977,162.70358306188925,158.7947882736156
4028,......4028 Freienwil,1100,805.4545454545454,194.54545454545456,394.5454545454545,410.9090909090909,85.45454545454545,109.09090909090908
4029,......4029 Gebenstorf,5807,663.8539693473394,336.14603065266056,335.6294127776821,328.2245565696573,171.51713449285344,164.62889615980714
4030,......4030 Killwangen,2304,628.0381944444445,371.9618055555556,331.59722222222223,296.44097222222223,177.95138888888889,194.01041666666666
4031,......4031 Künten,1956,768.9161554192228,231.0838445807771,389.05930470347647,379.8568507157464,122.1881390593047,108.8957055214724
4032,......4032 Mägenwil,2232,685.931899641577,314.0681003584229,362.00716845878134,323.9247311827957,160.84229390681003,153.2258064516129
4033,......4033 Mellingen,6319,628.5804715936066,371.4195284063934,317.6135464472227,310.9669251463839,181.3578097800285,190.06171862636492
4034,......4034 Neuenhof,9212,492.94398610508034,507.0560138949197,245.54928354320452,247.39470256187582,258.0330004342162,249.02301346070342
4035,......4035 Niederrohrdorf,4695,746.964856230032,253.03514376996804,374.2279020234292,372.7369542066027,125.45260915867945,127.5825346112886
4037,......4037 Oberrohrdorf,4287,723.1163984138092,276.8836015861908,364.5906228131561,358.5257756006531,132.493585257756,144.3900163284348
4038,......4038 Obersiggenthal,8966,596.2525094802587,403.74749051974123,296.45326790095913,299.7992415792996,198.41623912558555,205.33125139415571
4039,......4039 Remetschwil,2096,775.2862595419847,224.71374045801525,407.4427480916031,367.8435114503817,109.25572519083968,115.45801526717557
4040,......4040 Spreitenbach,12587,491.6183363788035,508.38166362119654,252.48272026694207,239.13561611186142,256.0578374513387,252.32382616985777
4041,......4041 Stetten (AG),2541,759.1499409681228,240.8500590318772,382.13301849665487,377.016922471468,124.75403384494294,116.09602518693428
4044,......4044 Untersiggenthal,7812,655.0179211469534,344.98207885304663,334.9974398361495,320.0204813108039,168.7147977470558,176.26728110599078
4045,......4045 Wettingen,21856,651.6745973645682,348.32540263543194,323.9385065885798,327.7360907759883,174.73462664714495,173.590775988287
4046,......4046 Wohlenschwil,1855,735.8490566037735,264.1509433962264,378.4366576819407,357.4123989218329,128.30188679245282,135.8490566037736
4047,......4047 Würenlingen,5262,696.3131889015583,303.68681109844164,353.8578487267199,342.45534017483845,150.13302926643863,153.55378183200304
4048,......4048 Würenlos,6931,750.6853267926706,249.31467320732938,382.05165199826865,368.63367479440194,122.06030875775502,127.25436444957438
4049,......4049 Ehrendingen,4928,747.7678571428571,252.23214285714286,376.21753246753246,371.55032467532465,117.89772727272728,134.33441558441558
4061,......4061 Arni (AG),1987,778.057372924006,221.94262707599395,400.60392551585306,377.453447408153,104.6804227478611,117.26220432813287
4062,......4062 Berikon,5000,746.4,253.6,381.0,365.4,116.4,137.2
4063,......4063 Bremgarten (AG),8871,724.7210010145417,275.2789989854582,359.48596550558,365.2350355089618,133.1304249802728,142.14857400518542
4064,......4064 Büttikon,1170,773.5042735042736,226.4957264957265,390.5982905982906,382.9059829059829,108.54700854700855,117.94871794871794
4065,......4065 Dottikon,4257,623.6786469344609,376.3213530655391,320.4134366925064,303.26521024195443,202.02020202020202,174.3011510453371
4066,......4066 Eggenwil,1055,729.8578199052132,270.14218009478674,386.7298578199052,343.12796208530807,129.8578199052133,140.28436018957348
4067,......4067 Fischbach-Göslikon,1733,766.3012117714945,233.6987882285055,387.76687824581654,378.534333525678,114.82977495672245,118.86901327178303
4068,......4068 Hägglingen,2588,818.0061823802164,181.9938176197836,415.3786707882535,402.6275115919629,89.64451313755796,92.34930448222566
4071,......4071 Jonen,2347,781.4230933106094,218.5769066893907,405.6242011077972,375.7988922028121,98.84959522795057,119.72731146144014
4072,......4072 Niederwil (AG),3023,754.5484617929209,245.45153820707907,381.73999338405554,372.8084684088654,128.01852464439298,117.43301356268607
4073,......4073 Oberlunkhofen,2207,777.5260534662439,222.47394653375625,382.4195740824649,395.1064793837789,102.40144993203444,120.0724966017218
4074,......4074 Oberwil-Lieli,2627,798.629615531024,201.370384468976,416.4446136277122,382.1850019033118,92.88161400837457,108.48877046060144
4075,......4075 Rudolfstetten-Friedlisberg,4644,647.071490094746,352.9285099052541,325.36606373815675,321.70542635658916,171.40396210163652,181.52454780361757
4076,......4076 Sarmenstorf,3182,812.3821495914519,187.6178504085481,419.8617221873036,392.52042740414834,90.82338152105595,96.79446888749214
4077,......4077 Tägerig,1547,771.8164188752424,228.18358112475758,389.78668390433097,382.0297349709114,109.24369747899159,118.93988364576599
4078,......4078 Uezwil,554,830.3249097472924,169.67509025270758,422.38267148014444,407.942238267148,74.0072202166065,95.66787003610108
4079,......4079 Unterlunkhofen,1688,791.4691943127962,208.53080568720378,402.2511848341232,389.21800947867297,100.11848341232228,108.41232227488152
4080,......4080 Villmergen,8242,679.0827469060907,320.9172530939092,344.94054841058,334.1421984955108,166.22179082746908,154.6954622664402
4081,......4081 Widen,3815,756.7496723460026,243.25032765399737,386.10747051114026,370.6422018348624,106.94626474442988,136.3040629095675
4082,......4082 Wohlen (AG),17816,581.4436461607544,418.5563538392456,292.9389312977099,288.50471486304446,217.3327346205658,201.22361921867986
4083,......4083 Zufikon,4906,742.3562984101101,257.64370158988993,370.1589889930697,372.1973094170404,122.9107215654301,134.73298002445986
4084,......4084 Islisberg,692,802.0231213872833,197.97687861271677,430.635838150289,371.3872832369942,88.15028901734104,109.82658959537572
4091,......4091 Auenstein,1743,813.5398737808376,186.46012621916236,425.70281124497996,387.8370625358577,84.91107286288009,101.54905335628227
4092,......4092 Birr,4847,544.2541778419641,455.7458221580359,283.0616876418403,261.1924902001238,238.08541365793272,217.66040850010316
4093,......4093 Birrhard,969,700.7223942208462,299.27760577915376,345.71723426212594,355.00515995872036,150.67079463364294,148.60681114551082
4095,......4095 Brugg,13529,648.5327814324784,351.4672185675216,325.6707812846478,322.86200014783054,177.24887279178063,174.218345775741
4099,......4099 Habsburg,431,837.5870069605569,162.41299303944314,417.6334106728538,419.953596287703,74.24593967517401,88.16705336426914
4100,......4100 Hausen (AG),3774,715.4213036565977,284.5786963434022,355.3259141494435,360.0953895071542,140.69952305246423,143.87917329093798
4104,......4104 Lupfig,3401,736.8421052631578,263.1578947368421,376.94795648338726,359.89414877977066,126.13937077330198,137.01852396354013
4105,......4105 Mandach,328,862.8048780487804,137.19512195121953,466.4634146341464,396.3414634146342,76.21951219512195,60.97560975609756
4106,......4106 Mönthal,393,781.1704834605598,218.82951653944022,379.1348600508906,402.0356234096692,101.78117048346056,117.04834605597965
4107,......4107 Mülligen,1088,755.5147058823529,244.48529411764704,393.38235294117646,362.13235294117646,131.43382352941177,113.05147058823529
4110,......4110 Remigen,1380,745.6521739130435,254.3478260869565,382.60869565217394,363.04347826086956,128.9855072463768,125.36231884057972
4111,......4111 Riniken,1568,744.8979591836735,255.10204081632654,370.5357142857143,374.36224489795916,129.46428571428572,125.63775510204081
4112,......4112 Rüfenach,888,808.5585585585585,191.44144144144144,422.2972972972973,386.26126126126127,102.47747747747748,88.96396396396396
4117,......4117 Thalheim (AG),956,881.7991631799164,118.20083682008368,455.02092050209205,426.77824267782427,52.30125523012552,65.89958158995816
4120,......4120 Veltheim (AG),1600,744.375,255.625,374.375,370.0,136.25,119.375
4121,......4121 Villigen,2231,696.1004034065442,303.89959659345584,350.5154639175257,345.5849394890184,155.98386373823396,147.91573285522185
4122,......4122 Villnachern,1705,775.366568914956,224.63343108504398,397.6539589442815,377.71260997067446,111.43695014662757,113.19648093841641
4123,......4123 Windisch,8153,645.1612903225806,354.8387096774194,324.2978044891451,320.86348583343556,176.2541395805225,178.58457009689684
4124,......4124 Bözberg,1696,822.5235849056603,177.47641509433961,424.52830188679246,397.99528301886795,87.26415094339622,90.2122641509434
4125,......4125 Schinznach,2462,792.0389926888707,207.96100731112915,397.2380178716491,394.80097481722174,106.82372055239644,101.13728675873274
4131,......4131 Beinwil am See,3719,777.6283947297661,222.37160527023394,395.267545038989,382.3608496907771,107.28690508201129,115.08470018822264
4132,......4132 Birrwil,1414,743.988684582744,256.011315417256,386.8458274398868,357.14285714285717,127.29844413012731,128.7128712871287
4134,......4134 Dürrenäsch,1375,856.0,144.0,434.90909090909093,421.09090909090907,74.18181818181819,69.81818181818183
4135,......4135 Gontenschwil,2209,775.0113173381621,224.98868266183794,407.8768673607968,367.1344499773653,112.26799456767768,112.72068809416025
4136,......4136 Holziken,1763,781.0550198525241,218.94498014747592,374.36188315371527,406.69313669880887,114.57742484401588,104.36755530346001
4137,......4137 Leimbach (AG),543,782.6887661141805,217.31123388581952,406.9981583793739,375.69060773480663,95.76427255985267,121.54696132596685
4138,......4138 Leutwil,755,859.6026490066225,140.3973509933775,452.98013245033115,406.6225165562914,60.9271523178808,79.47019867549669
4139,......4139 Menziken,8672,624.6540590405905,375.3459409594096,314.34501845018445,310.3090405904059,197.0710332103321,178.27490774907747
4140,......4140 Oberkulm,3023,750.2480979159775,249.75190208402248,363.87694343367514,386.37115448230236,129.67251075090968,120.07939133311281
4141,......4141 Reinach (AG),9634,602.0344612829563,397.96553871704384,299.4602449657463,302.5742163172099,210.6082624039859,187.35727631305792
4142,......4142 Schlossrued,893,872.3404255319149,127.6595744680851,447.9283314669653,424.4120940649496,61.59014557670773,66.06942889137737
4143,......4143 Schmiedrued,1160,881.0344827586207,118.96551724137932,439.6551724137931,441.37931034482756,53.44827586206897,65.51724137931035
4144,......4144 Schöftland,4608,786.8923611111112,213.10763888888889,386.28472222222223,400.6076388888889,102.21354166666667,110.89409722222223
4145,......4145 Teufenthal (AG),1803,704.9362174154188,295.06378258458125,362.1741541874653,342.7620632279534,156.9606211869107,138.10316139767053
4146,......4146 Unterkulm,3801,690.3446461457511,309.65535385424886,343.85687976848203,346.4877663772691,154.6961325966851,154.95922125756383
4147,......4147 Zetzwil,1381,838.5228095582911,161.4771904417089,419.98551774076753,418.5372918175235,83.99710354815352,77.4800868935554
4161,......4161 Eiken,2516,715.0238473767886,284.9761526232115,369.23688394276627,345.78696343402225,143.48171701112878,141.49443561208267
4163,......4163 Frick,5924,681.2964213369345,318.70357866306546,343.01147873058744,338.28494260634704,153.7812288993923,164.9223497636732
4164,......4164 Gansingen,1128,820.0354609929078,179.96453900709218,399.822695035461,420.21276595744683,95.74468085106383,84.21985815602837
4165,......4165 Gipf-Oberfrick,3887,783.637766915359,216.3622330846411,398.5078466683818,385.1299202469771,103.1643941342938,113.1978389503473
4169,......4169 Kaisten,2946,759.6741344195519,240.32586558044807,380.1765105227427,379.4976238968092,123.21792260692465,117.10794297352342
4170,......4170 Laufenburg,3858,625.7128045619493,374.2871954380508,328.149300155521,297.5635044064282,201.14048729911872,173.1467081389321
4172,......4172 Münchwilen (AG),1077,665.7381615598887,334.26183844011143,337.0473537604457,328.6908077994429,168.98792943361187,165.27390900649954
4173,......4173 Oberhof,584,868.1506849315068,131.84931506849315,465.7534246575342,402.3972602739726,58.219178082191775,73.63013698630137
4175,......4175 Oeschgen,1185,803.3755274261604,196.62447257383965,403.3755274261603,400.0,101.26582278481013,95.35864978902954
4176,......4176 Schwaderloch,728,633.2417582417582,366.75824175824175,315.9340659340659,317.30769230769226,199.17582417582418,167.58241758241758
4177,......4177 Sisseln,1653,661.826981246219,338.17301875378104,358.1367211131277,303.6902601330914,168.17906836055658,169.99395039322442
4181,......4181 Wittnau,1429,834.849545136459,165.15045486354094,421.27361791462556,413.57592722183347,81.17564730580825,83.97480755773267
4182,......4182 Wölflinswil,1077,845.8681522748375,154.13184772516252,446.61095636026,399.25719591457755,79.85143918291551,74.28040854224697
4183,......4183 Zeihen,1265,775.494071146245,224.50592885375494,385.7707509881423,389.7233201581028,112.25296442687747,112.25296442687747
4184,......4184 Mettauertal,2176,760.5698529411765,239.43014705882354,384.6507352941176,375.91911764705884,118.56617647058823,120.86397058823529
4185,......4185 Böztal,2940,739.1156462585035,260.8843537414966,375.17006802721085,363.94557823129253,127.55102040816327,133.33333333333334
4186,......4186 Herznach-Ueken,2667,770.5286839145107,229.47131608548932,394.4506936632921,376.0779902512186,111.73603299587552,117.7352830896138
4191,......4191 Ammerswil,802,814.2144638403989,185.785536159601,425.18703241895264,389.02743142144635,88.52867830423939,97.25685785536159
4192,......4192 Boniswil,1770,776.8361581920904,223.1638418079096,382.4858757062147,394.3502824858757,106.77966101694915,116.38418079096046
4193,......4193 Brunegg,920,721.7391304347826,278.2608695652174,370.6521739130435,351.0869565217392,144.56521739130434,133.69565217391306
4194,......4194 Dintikon,2428,721.5815485996704,278.4184514003295,376.44151565074134,345.14003294892916,138.38550247116967,140.0329489291598
4195,......4195 Egliswil,1605,809.9688473520249,190.03115264797506,403.7383177570094,406.2305295950156,94.0809968847352,95.95015576323986
4196,......4196 Fahrwangen,2536,721.6088328075709,278.391167192429,359.6214511041009,361.9873817034701,141.5615141955836,136.82965299684543
4197,......4197 Hallwil,1024,777.34375,222.65625,379.8828125,397.4609375,120.1171875,102.5390625
4198,......4198 Hendschiken,1387,743.3309300648882,256.66906993511174,378.51478010093723,364.816149963951,136.986301369863,119.68276856524874
4199,......4199 Holderbank (AG),1570,638.8535031847133,361.1464968152866,329.9363057324841,308.9171974522293,199.36305732484078,161.78343949044586
4200,......4200 Hunzenschwil,4382,683.4778639890461,316.5221360109539,354.86079415791875,328.6170698311273,160.42902784116842,156.0931081697855
4201,......4201 Lenzburg,11314,671.8225207707266,328.1774792292735,344.08697189322965,327.7355488774969,162.18843910199752,165.98904012727596
4202,......4202 Meisterschwanden,3310,777.3413897280966,222.6586102719033,406.9486404833837,370.392749244713,107.55287009063444,115.10574018126889
4203,......4203 Möriken-Wildegg,4987,735.111289352316,264.888710647684,372.16763585321837,362.94365349909765,141.56807700020053,123.32063364748346
4204,......4204 Niederlenz,4958,658.3299717628076,341.6700282371924,328.55990318676885,329.77006857603874,174.06212182331583,167.60790641387658
4205,......4205 Othmarsingen,3168,696.6540404040404,303.34595959595964,362.37373737373736,334.28030303030306,154.98737373737373,148.35858585858585
4206,......4206 Rupperswil,6229,737.5180606838979,262.4819393161021,378.0703162626425,359.44774442125544,137.2611976240167,125.22074169208541
4207,......4207 Schafisheim,3155,765.4516640253565,234.5483359746434,394.2947702060222,371.15689381933436,120.12678288431061,114.42155309033281
4208,......4208 Seengen,4494,826.4352469959947,173.56475300400535,410.10235870048956,416.33288829550514,84.77970627503338,88.78504672897196
4209,......4209 Seon,5652,747.8768577494692,252.12314225053078,372.2576079263977,375.61924982307147,129.33474876150035,122.78839348903044
4210,......4210 Staufen,4402,778.9641072239891,221.0358927760109,405.04316219900045,373.9209450249886,107.45115856428896,113.58473421172194
4221,......4221 Abtwil,1120,798.2142857142858,201.78571428571428,388.39285714285717,409.82142857142856,109.82142857142857,91.96428571428572
4222,......4222 Aristau,1603,772.3019338739863,227.69806612601374,394.26076107298815,378.04117280099814,123.51840299438553,104.1796631316282
4223,......4223 Auw,2301,755.7583659278575,244.24163407214255,390.69969578444153,365.0586701434159,130.3780964797914,113.86353759235115
4224,......4224 Beinwil (Freiamt),1309,857.1428571428571,142.85714285714286,427.80748663101605,429.3353705118411,71.04660045836516,71.8105423987777
4226,......4226 Besenbüren,637,866.5620094191523,133.43799058084772,450.54945054945057,416.0125588697017,67.50392464678178,65.93406593406594
4227,......4227 Bettwil,716,881.2849162011173,118.71508379888269,455.3072625698324,425.9776536312849,60.055865921787706,58.659217877094974
4228,......4228 Boswil,3114,776.4932562620423,223.5067437379576,390.815671162492,385.6775850995504,119.78163134232499,103.72511239563264
4229,......4229 Bünzen,1245,780.722891566265,219.27710843373492,380.72289156626505,400.0,124.49799196787149,94.77911646586345
4230,......4230 Buttwil,1297,829.6067848882035,170.39321511179645,420.2004626060139,409.40632228218965,74.78797224363917,95.60524286815729
4231,......4231 Dietwil,1417,795.3422724064926,204.65772759350742,417.78405081157376,377.55822159491885,117.85462244177842,86.80310515172901
4232,......4232 Geltwil,241,838.1742738589212,161.82572614107886,402.4896265560166,435.6846473029046,95.43568464730289,66.39004149377594
4233,......4233 Kallern,422,857.8199052132701,142.18009478672985,431.2796208530806,426.5402843601896,61.611374407582936,80.56872037914692
4234,......4234 Merenschwand,3893,757.7703570511173,242.2296429488826,383.50886206010784,374.2614949910095,126.89442589262778,115.3352170562548
4235,......4235 Mühlau,1347,766.8893838158871,233.11061618411284,387.52783964365256,379.36154417223463,123.23682256867112,109.87379361544173
4236,......4236 Muri (AG),8712,739.4398530762168,260.56014692378324,367.9981634527089,371.44168962350784,128.55831037649222,132.00183654729108
4237,......4237 Oberrüti,1630,814.7239263803681,185.27607361963192,421.4723926380368,393.2515337423313,93.86503067484662,91.41104294478528
4238,......4238 Rottenschwil,960,803.125,196.875,428.125,375.0,102.08333333333333,94.79166666666666
4239,......4239 Sins,4491,767.5350701402806,232.46492985971946,387.664217323536,379.8708528167446,112.00178134045869,120.46314851926074
4240,......4240 Waltenschwil,3186,782.7997489014438,217.20025109855618,396.10797237915887,386.69177652228495,102.00878844946641,115.19146264908976
4251,......4251 Hellikon,850,870.5882352941177,129.41176470588238,440.0,430.5882352941177,58.8235294117647,70.58823529411765
4252,......4252 Kaiseraugst,5824,657.7953296703297,342.2046703296703,337.56868131868134,320.22664835164835,172.2184065934066,169.98626373626374
4253,......4253 Magden,3888,778.5493827160493,221.45061728395063,385.03086419753083,393.51851851851853,103.65226337448559,117.79835390946502
4254,......4254 Möhlin,11389,697.8663622793923,302.13363772060757,350.8648696110282,347.0014926683642,149.26683642110808,152.8668012994995
4255,......4255 Mumpf,1563,590.5310300703775,409.4689699296225,307.1017274472169,283.4293026231606,222.64875239923222,186.82021753039027
4256,......4256 Obermumpf,1081,760.4070305272895,239.59296947271045,394.0795559666975,366.32747456059207,126.73450508788159,112.85846438482886
4257,......4257 Olsberg,360,772.2222222222223,227.77777777777777,416.6666666666667,355.55555555555554,97.22222222222223,130.55555555555557
4258,......4258 Rheinfelden,13820,595.8755426917511,404.1244573082489,298.986975397974,296.88856729377716,196.38205499276413,207.7424023154848
4259,......4259 Schupfart,883,801.8120045300113,198.18799546998866,420.15855039637603,381.6534541336353,105.32276330690826,92.8652321630804
4260,......4260 Stein (AG),3512,525.9111617312074,474.0888382687927,275.626423690205,250.28473804100227,242.88154897494306,231.20728929384964
4261,......4261 Wallbach,2065,755.9322033898304,244.0677966101695,404.84261501210653,351.089588377724,106.05326876513317,138.01452784503633
4262,......4262 Wegenstetten,1017,861.3569321533923,138.6430678466077,429.6951819075713,431.66175024582105,60.96361848574238,77.67944936086529
4263,......4263 Zeiningen,2545,754.8133595284872,245.18664047151276,376.42436149312374,378.38899803536344,117.4852652259332,127.70137524557956
4264,......4264 Zuzgen,909,794.2794279427943,205.72057205720574,394.93949394939494,399.33993399339937,92.4092409240924,113.31133113311331
4271,......4271 Aarburg,8917,588.3144555343725,411.68554446562746,299.65234944488054,288.662106089492,211.28182124032747,200.40372322529998
4273,......4273 Bottenwil,863,867.9026651216686,132.0973348783314,426.4194669756663,441.48319814600234,60.25492468134415,71.84241019698726
4274,......4274 Brittnau,4339,849.9654298225397,150.03457017746024,425.67411846047474,424.291311362065,76.97626181147729,73.05830836598294
4275,......4275 Kirchleerau,938,825.1599147121535,174.84008528784648,416.8443496801706,408.31556503198294,89.55223880597015,85.28784648187633
4276,......4276 Kölliken,5106,756.9526047786918,243.04739522130828,379.74931453192323,377.2032902467685,122.20916568742655,120.8382295338817
4277,......4277 Moosleerau,955,827.2251308900524,172.77486910994764,441.8848167539267,385.34031413612564,91.09947643979058,81.67539267015707
4279,......4279 Murgenthal,3128,753.1969309462916,246.80306905370844,389.386189258312,363.81074168797954,133.31202046035807,113.49104859335038
4280,......4280 Oftringen,15120,625.3306878306878,374.66931216931215,314.5502645502645,310.7804232804233,194.97354497354496,179.6957671957672
4281,......4281 Reitnau,1621,860.5798889574337,139.42011104256633,439.85194324491056,420.72794571252314,71.56076495990129,67.85934608266501
4282,......4282 Rothrist,9896,719.3815683104284,280.6184316895716,367.5222312045271,351.8593371059014,142.3807599029911,138.23767178658045
4283,......4283 Safenwil,4630,714.9028077753779,285.09719222462206,352.05183585313176,362.85097192224623,146.22030237580992,138.8768898488121
4284,......4284 Staffelbach,1365,825.6410256410256,174.35897435897434,416.8498168498169,408.79120879120876,97.43589743589743,76.92307692307693
4285,......4285 Strengelbach,5098,699.8823067869753,300.1176932130247,351.1180855237348,348.7642212632405,161.43585719890152,138.68183601412318
4286,......4286 Uerkheim,1441,856.3497571131159,143.65024288688412,428.8688410825815,427.48091603053433,78.4177654406662,65.23247744621791
4287,......4287 Vordemwald,2039,881.3143697891122,118.6856302108877,440.4119666503188,440.90240313879355,59.83325159391858,58.852378616969105
4288,......4288 Wiliberg,170,917.6470588235294,82.3529411764706,494.11764705882354,423.52941176470586,41.1764705882353,41.1764705882353
4289,......4289 Zofingen,12876,752.3299161230195,247.6700838769804,369.2917054986021,383.0382106244175,125.5824790307549,122.08760484622553
4303,......4303 Böttstein,4326,604.4845122515026,395.51548774849743,313.45353675450764,291.0309754969949,202.72769301895516,192.7877947295423
4304,......4304 Döttingen,4561,586.4941898706423,413.5058101293576,294.89147116860335,291.602718702039,217.71541328655996,195.79039684279763
4305,......4305 Endingen,2717,756.3489142436512,243.65108575634892,375.04600662495403,381.30290761869713,116.6728008833272,126.9782848730217
4306,......4306 Fisibach,605,646.2809917355372,353.7190082644628,340.495867768595,305.78512396694214,160.33057851239667,193.38842975206612
4307,......4307 Full-Reuenthal,1013,736.426456071076,263.57354392892404,387.95656465942744,348.4698914116486,131.29318854886478,132.28035538005923
4309,......4309 Klingnau,3700,670.2702702702703,329.72972972972974,342.43243243243245,327.8378378378378,169.7297297297297,160.0
4310,......4310 Koblenz,1821,518.3964854475562,481.6035145524437,280.6150466776496,237.78143876990666,254.2559033498078,227.3476112026359
4311,......4311 Leibstadt,1605,614.3302180685358,385.6697819314642,332.7102803738318,281.61993769470405,208.7227414330218,176.94704049844236
4312,......4312 Lengnau (AG),2955,794.9238578680204,205.0761421319797,395.60067681895094,399.3231810490694,98.4771573604061,106.5989847715736
4313,......4313 Leuggern,2444,702.9459901800328,297.0540098199673,355.15548281505727,347.79050736497544,148.93617021276594,148.11783960720132
4314,......4314 Mellikon,224,750.0,250.0,375.0,375.0,125.0,125.0
4318,......4318 Schneisingen,1564,787.7237851662404,212.27621483375958,393.8618925831202,393.8618925831202,90.7928388746803,121.48337595907928
4319,......4319 Siglistorf,799,720.90112640801,279.09887359198996,357.9474342928661,362.95369211514395,153.9424280350438,125.1564455569462
4320,......4320 Tegerfelden,1304,775.3067484662577,224.69325153374234,389.5705521472393,385.7361963190184,108.8957055214724,115.79754601226993
4324,......4324 Zurzach,8336,584.9328214971209,415.0671785028791,297.62476007677543,287.3080614203455,224.0882917466411,190.978886756238
4401,......4401 Arbon,16354,616.3629693041458,383.6370306958542,309.5267212914272,306.83624801271856,192.9191635073988,190.71786718845544
4406,......4406 Dozwil,732,773.224043715847,226.775956284153,396.1748633879781,377.04918032786884,117.48633879781421,109.2896174863388
4411,......4411 Egnach,5180,815.057915057915,184.94208494208493,414.47876447876445,400.57915057915056,92.08494208494209,92.85714285714286
4416,......4416 Hefenhofen,1340,809.7014925373134,190.29850746268656,402.9850746268657,406.7164179104478,100.74626865671642,89.55223880597015
4421,......4421 Horn,3165,746.2875197472354,253.7124802527646,382.306477093207,363.98104265402844,114.37598736176935,139.33649289099526
4426,......4426 Kesswil,1005,777.1144278606965,222.8855721393035,379.1044776119403,398.00995024875624,101.49253731343283,121.39303482587064
4431,......4431 Roggwil (TG),3452,840.6720741599073,159.3279258400927,431.6338354577057,409.0382387022016,73.29084588644265,86.03707995365006
4436,......4436 Romanshorn,11945,649.4767685223943,350.5232314776057,323.7337798241942,325.74298869820007,174.04771871075764,176.47551276684806
4441,......4441 Salmsach,1631,684.8559166155732,315.1440833844267,359.90190067443285,324.9540159411404,160.63764561618638,154.50643776824035
4446,......4446 Sommeri,673,803.8632986627043,196.13670133729568,404.1604754829123,399.702823179792,101.04011887072808,95.0965824665676
4451,......4451 Uttwil,1921,734.5132743362832,265.4867256637168,375.84591358667365,358.6673607496096,127.01717855283707,138.46954711087974
4461,......4461 Amriswil,14951,668.9184669921744,331.08153300782556,335.4290682897465,333.48939870242793,163.06601565112703,168.01551735669852
4536,......4536 Basadingen-Schlattingen,1902,776.0252365930598,223.97476340694007,397.47634069400635,378.5488958990536,114.09043112513145,109.88433228180862
4545,......4545 Diessenhofen,4138,620.3479942000967,379.65200579990335,317.06138231029485,303.2866118898018,197.4383760270662,182.21362977283712
4546,......4546 Schlatt (TG),1887,809.7509273979863,190.2490726020138,407.5251722310546,402.22575516693166,99.0990990990991,91.14997350291468
4561,......4561 Felben-Wellhausen,3232,745.3589108910891,254.64108910891088,380.5693069306931,364.78960396039605,132.11633663366337,122.52475247524752
4566,......4566 Frauenfeld,27099,694.7857854533378,305.2142145466623,341.96833831506694,352.8174471382708,153.17908409904425,152.035130447618
4571,......4571 Gachnang,4636,799.8274374460742,200.1725625539258,397.3252804141501,402.50215703192407,106.77308024158758,93.39948231233822
4590,......4590 Hüttlingen,906,827.8145695364238,172.18543046357615,428.25607064017663,399.5584988962472,96.02649006622516,76.15894039735099
4591,......4591 Matzingen,3167,685.8225449952637,314.1774550047363,351.7524471108304,334.0700978844332,163.5617303441743,150.61572466056205
4601,......4601 Neunforn,1112,883.9928057553957,116.00719424460432,471.22302158273385,412.76978417266184,56.65467625899281,59.35251798561151
4606,......4606 Stettfurt,1276,870.6896551724138,129.31034482758622,444.3573667711599,426.33228840125395,54.858934169278996,74.45141065830721
4611,......4611 Thundorf,1737,866.4363845710997,133.56361542890042,438.6873920552677,427.74899251583184,70.81174438687391,62.75187104202648
4616,......4616 Uesslingen-Buch,1139,863.0377524143986,136.9622475856014,424.9341527655838,438.10359964881474,71.11501316944688,65.84723441615452
4621,......4621 Warth-Weiningen,1476,863.821138211382,136.17886178861787,439.0243902439024,424.7967479674797,60.97560975609756,75.20325203252033
4801,......4801 Berlingen,957,673.9811912225705,326.01880877742946,331.2434691745037,342.73772204806687,170.3239289446186,155.69487983281087
4806,......4806 Eschenz,1923,730.1092043681747,269.89079563182526,372.33489339573583,357.7743109724389,134.68538741549662,135.20540821632864
4811,......4811 Herdern,1176,807.8231292517006,192.1768707482993,416.6666666666667,391.156462585034,102.04081632653062,90.1360544217687
4816,......4816 Homburg,1573,869.0400508582327,130.9599491417673,419.5804195804196,449.45963127781306,71.83725365543548,59.12269548633185
4821,......4821 Hüttwilen,1783,839.035333707235,160.964666292765,430.17386427369604,408.86146943353896,79.0802019068985,81.88446438586652
4826,......4826 Mammern,704,666.1931818181818,333.8068181818182,372.1590909090909,294.0340909090909,154.82954545454544,178.97727272727275
4831,......4831 Müllheim,3339,765.4986522911051,234.50134770889488,386.3432165318958,379.15543575920935,120.69481880802635,113.80652890086853
4841,......4841 Pfyn,2259,791.0579902611776,208.9420097388225,391.3235945108455,399.734395750332,111.1111111111111,97.83089862771138
4864,......4864 Steckborn,4054,648.4953132708437,351.5046867291564,322.1509620128268,326.34435125801673,177.35569807597435,174.14898865318204
4871,......4871 Wagenhausen,1858,706.6738428417653,293.3261571582347,353.6060279870829,353.06781485468247,138.85898815931108,154.46716899892357
4641,......4641 Altnau,2355,729.5116772823778,270.48832271762205,371.1252653927813,358.38641188959656,117.62208067940553,152.86624203821654
4643,......4643 Bottighofen,2696,573.0712166172107,426.92878338278933,294.8813056379822,278.18991097922844,199.9258160237389,227.00296735905044
4646,......4646 Ermatingen,3780,621.1640211640212,378.83597883597884,310.0529100529101,311.11111111111114,185.71428571428572,193.1216931216931
4651,......4651 Gottlieben,347,472.6224783861672,527.3775216138329,250.7204610951009,221.9020172910663,233.4293948126801,293.94812680115274
4656,......4656 Güttingen,1799,737.0761534185659,262.92384658143413,378.54363535297387,358.532518065592,135.63090605892162,127.2929405225125
4666,......4666 Kemmental,2837,769.1223123017272,230.87768769827284,396.54564681001057,372.5766654917166,113.50017624250968,117.37751145576313
4671,......4671 Kreuzlingen,23407,434.8271884479002,565.1728115520998,220.23326355363778,214.59392489426241,286.96543768958,278.2073738625198
4681,......4681 Langrickenbach,1503,781.1044577511643,218.89554224883568,391.88290086493674,389.2215568862276,108.44976713240187,110.44577511643381
4683,......4683 Lengwil,1796,706.0133630289532,293.9866369710468,348.55233853006683,357.4610244988864,141.98218262806236,152.0044543429844
4691,......4691 Münsterlingen,3723,547.6766048885307,452.32339511146927,270.21219446682784,277.46441042170295,227.77330110126243,224.5500940102068
4696,......4696 Tägerwilen,5453,574.9128919860627,425.08710801393727,290.84907390427287,284.0638180817898,214.74417751696313,210.34293049697413
4701,......4701 Wäldi,1171,758.3262169086252,241.67378309137487,397.95046968403074,360.37574722459436,118.70196413321948,122.97181895815542
4846,......4846 Raperswilen,421,852.7315914489311,147.2684085510689,415.67695961995247,437.05463182897864,85.5106888361045,61.75771971496437
4851,......4851 Salenstein,1454,612.7922971114168,387.2077028885832,307.4277854195323,305.36451169188445,185.6946354883081,201.5130674002751
4551,......4551 Aadorf,9800,778.8775510204081,221.12244897959184,392.1428571428571,386.73469387755097,110.20408163265306,110.91836734693878
4716,......4716 Bettwiesen,1342,754.0983606557377,245.9016393442623,394.9329359165425,359.1654247391952,125.93144560357675,119.97019374068554
4721,......4721 Bichelsee-Balterswil,3030,835.6435643564356,164.35643564356437,439.27392739273927,396.3696369636964,80.1980198019802,84.15841584158416
4723,......4723 Braunau,904,848.4513274336283,151.5486725663717,435.8407079646018,412.6106194690266,69.69026548672566,81.85840707964601
4724,......4724 Eschlikon,4916,812.8559804719284,187.1440195280716,410.90317331163544,401.95280716029293,95.40276647681041,91.74125305126118
4726,......4726 Fischingen,3028,856.340819022457,143.65918097754295,441.8758256274769,414.4649933949802,72.32496697490093,71.334214002642
4741,......4741 Lommis,1331,811.4199849737039,188.58001502629602,418.48234410217884,392.93764087152516,94.6656649135988,93.91435011269722
4746,......4746 Münchwilen (TG),5976,753.6813922356091,246.31860776439092,375.1673360107095,378.5140562248996,120.81659973226239,125.50200803212851
4751,......4751 Rickenbach (TG),3061,622.9990199281281,377.00098007187194,311.3361646520745,311.66285527605356,195.68768376347597,181.31329630839596
4761,......4761 Sirnach,8200,725.7317073170732,274.26829268292687,372.1951219512195,353.5365853658536,136.95121951219514,137.31707317073173
4776,......4776 Tobel-Tägerschen,1730,801.7341040462428,198.26589595375725,410.98265895953756,390.75144508670525,93.64161849710982,104.6242774566474
4781,......4781 Wängi,5065,786.5745310957551,213.42546890424484,398.8153998025666,387.75913129318855,105.6268509378085,107.79861796643634
4786,......4786 Wilen (TG),2506,830.0079808459698,169.99201915403034,414.20590582601756,415.8020750199521,81.00558659217877,88.98643256185156
4471,......4471 Bischofszell,6417,709.0540751129811,290.94592488701886,357.02041452392086,352.03366058906033,149.6026180458158,141.34330684120306
4476,......4476 Erlen,3980,724.3718592964824,275.6281407035176,372.1105527638191,352.2613065326633,142.46231155778892,133.16582914572865
4486,......4486 Hauptwil-Gottshaus,2104,859.7908745247148,140.20912547528516,442.49049429657794,417.3003802281369,73.19391634980988,67.0152091254753
4495,......4495 Hohentannen,655,882.4427480916031,117.55725190839695,464.12213740458014,418.3206106870229,42.74809160305344,74.80916030534351
4501,......4501 Kradolf-Schönenberg,3932,711.3428280773143,288.6571719226856,365.46286876907425,345.8799593082401,153.1027466937945,135.55442522889115
4506,......4506 Sulgen,4152,697.0134874759152,302.9865125240848,349.9518304431599,347.0616570327553,150.0481695568401,152.9383429672447
4511,......4511 Zihlschlacht-Sitterdorf,2624,797.6371951219512,202.3628048780488,424.1615853658536,373.4756097560976,99.84756097560977,102.51524390243902
4711,......4711 Affeltrangen,2880,790.2777777777777,209.72222222222223,405.2083333333333,385.06944444444446,115.97222222222223,93.75
4756,......4756 Schönholzerswilen,867,884.6597462514417,115.34025374855824,468.2814302191465,416.37831603229523,56.516724336793544,58.8235294117647
4791,......4791 Wuppenau,1213,898.598516075845,101.40148392415499,451.7724649629019,446.8260511129431,60.18136850783183,41.22011541632317
4881,......4881 Amlikon-Bissegg,1414,845.8274398868458,154.17256011315416,431.4002828854314,414.4271570014144,85.57284299858557,68.59971711456859
4891,......4891 Berg (TG),3590,803.3426183844011,196.6573816155989,413.09192200557106,390.25069637883007,96.37883008356546,100.27855153203342
4901,......4901 Birwinken,1428,841.7366946778711,158.26330532212884,428.57142857142856,413.1652661064426,77.73109243697479,80.53221288515407
4911,......4911 Bürglen (TG),4173,684.3997124370957,315.6002875629044,347.71147855260006,336.6882338844956,168.463934819075,147.13635274382938
4921,......4921 Bussnang,2615,808.413001912046,191.58699808795413,415.678776290631,392.7342256214149,109.75143403441683,81.83556405353728
4941,......4941 Märstetten,3008,775.9308510638298,224.06914893617022,392.9521276595745,382.97872340425533,114.36170212765957,109.70744680851064
4946,......4946 Weinfelden,12504,720.6493921944978,279.35060780550225,368.52207293666027,352.1273192578375,139.7152911068458,139.63531669865642
4951,......4951 Wigoltingen,2640,786.3636363636364,213.63636363636363,399.24242424242425,387.1212121212121,112.87878787878789,100.75757575757575
5001,......5001 Arbedo-Castione,5160,637.5968992248062,362.40310077519376,316.66666666666663,320.9302325581395,182.9457364341085,179.45736434108528
5002,......5002 Bellinzona,45305,661.1190817790531,338.8809182209469,321.57598499061913,339.54309678843396,164.50722878269505,174.37368943825186
5003,......5003 Cadenazzo,3132,558.109833971903,441.89016602809704,291.50702426564493,266.602809706258,230.2043422733078,211.68582375478928
5009,......5009 Isone,404,873.7623762376238,126.23762376237624,448.01980198019805,425.74257425742576,47.02970297029703,79.20792079207921
5010,......5010 Lumino,1684,738.7173396674584,261.2826603325415,355.70071258907365,383.0166270783848,135.3919239904988,125.89073634204276
5017,......5017 Sant'Antonino,2671,691.8757019842755,308.12429801572443,346.3122426057657,345.5634593785099,156.87008611007113,151.2542119056533
5048,......5048 Acquarossa,1796,831.8485523385301,168.15144766146994,419.8218262806236,412.02672605790644,85.18930957683742,82.96213808463251
5049,......5049 Blenio,1747,888.3800801373784,111.61991986262164,453.34859759587863,435.0314825414997,49.79965655409273,61.8202633085289
5050,......5050 Serravalle,2070,848.3091787439614,151.69082125603865,437.6811594202899,410.6280193236715,71.98067632850241,79.71014492753622
5061,......5061 Airolo,1452,692.8374655647383,307.1625344352617,346.41873278236915,346.41873278236915,175.6198347107438,131.54269972451792
5063,......5063 Bedretto,108,833.3333333333334,166.66666666666666,435.18518518518516,398.14814814814815,120.37037037037037,46.29629629629629
5064,......5064 Bodio,961,499.4797086368366,500.5202913631633,243.49635796045786,255.9833506763788,278.87617065556714,221.64412070759627
5071,......5071 Dalpe,185,870.2702702702703,129.72972972972974,389.1891891891892,481.0810810810811,70.27027027027027,59.45945945945946
5072,......5072 Faido,2705,723.105360443623,276.89463955637706,370.42513863216266,352.6802218114602,125.32347504621072,151.57116451016637
5073,......5073 Giornico,801,620.4744069912609,379.52559300873907,314.6067415730337,305.86766541822726,204.74406991260923,174.78152309612986
5076,......5076 Personico,317,716.0883280757098,283.9116719242902,369.0851735015773,347.0031545741325,129.33753943217667,154.57413249211356
5077,......5077 Pollegio,920,627.1739130434783,372.82608695652175,322.82608695652175,304.34782608695656,197.82608695652175,175.0
5078,......5078 Prato (Leventina),376,744.6808510638298,255.3191489361702,398.93617021276594,345.74468085106383,140.95744680851064,114.36170212765957
5079,......5079 Quinto,926,718.1425485961123,281.8574514038877,355.2915766738661,362.85097192224623,154.42764578833692,127.42980561555076
5091,......5091 Ascona,5322,621.19503945885,378.8049605411499,291.4317925591883,329.7632468996618,176.24953025178505,202.5554302893649
5096,......5096 Brione sopra Minusio,436,708.7155963302753,291.2844036697247,348.6238532110092,360.0917431192661,142.20183486238534,149.08256880733944
5097,......5097 Brissago,1619,644.224830142063,355.775169857937,315.62693020382955,328.59789993823347,171.09326744904263,184.68190240889436
5108,......5108 Gordola,4831,744.1523494100601,255.84765058993997,373.214655350859,370.937694059201,123.16290623059407,132.68474435934587
5112,......5112 Lavertezzo,1253,656.8236233040702,343.1763766959298,335.9936153232243,320.830007980846,197.92498004788507,145.2513966480447
5113,......5113 Locarno,16374,553.4383779162087,446.56162208379135,263.77183339440575,289.66654452180285,210.02809331867596,236.53352876511545
5115,......5115 Losone,6727,685.7440166493236,314.2559833506764,328.5268321688717,357.2171844804519,153.56027947078934,160.69570387988702
5117,......5117 Mergoscia,201,860.6965174129352,139.30348258706468,407.9601990049751,452.7363184079602,84.5771144278607,54.72636815920398
5118,......5118 Minusio,7321,646.7695669990438,353.2304330009561,305.1495697309111,341.61999726813275,159.40445294358693,193.8259800573692
5120,......5120 Muralto,2572,561.0419906687403,438.95800933125975,265.552099533437,295.48989113530325,196.3452566096423,242.61275272161743
5121,......5121 Orselina,687,655.0218340611353,344.97816593886466,330.42212518195055,324.5997088791849,158.66084425036388,186.31732168850073
5125,......5125 Ronco sopra Ascona,522,637.9310344827587,362.0689655172414,350.5747126436782,287.35632183908046,180.07662835249042,181.99233716475098
5131,......5131 Tenero-Contra,3393,650.1620984379605,349.83790156203946,312.40789861479516,337.7541998231653,166.8140288829944,183.0238726790451
5136,......5136 Onsernone,663,835.5957767722474,164.40422322775265,429.8642533936652,405.7315233785822,76.92307692307693,87.4811463046757
5138,......5138 Cugnasco-Gerra,2858,772.5682295311407,227.43177046885936,385.58432470258924,386.98390482855143,110.56682995101468,116.86494051784464
5396,......5396 Terre di Pedemonte,2685,802.607076350093,197.3929236499069,385.4748603351955,417.1322160148976,85.6610800744879,111.73184357541899
5397,......5397 Centovalli,1070,821.4953271028037,178.50467289719626,418.69158878504675,402.803738317757,88.78504672897196,89.7196261682243
5398,......5398 Gambarogno,5024,694.4665605095541,305.53343949044586,340.36624203821657,354.10031847133763,158.43949044585986,147.09394904458597
5399,......5399 Verzasca,776,867.2680412371134,132.7319587628866,429.12371134020617,438.1443298969072,59.27835051546391,73.45360824742268
5141,......5141 Agno,4554,586.2977602108037,413.7022397891963,274.703557312253,311.59420289855075,199.38515590689505,214.3170838823013
5143,......5143 Aranno,351,774.9287749287748,225.07122507122506,373.2193732193732,401.70940170940173,108.26210826210826,116.8091168091168
5144,......5144 Arogno,938,796.3752665245203,203.62473347547973,376.3326226012793,420.0426439232409,108.74200426439234,94.88272921108742
5146,......5146 Astano,313,766.7731629392971,233.22683706070288,361.0223642172524,405.75079872204475,111.82108626198082,121.40575079872204
5148,......5148 Bedano,1510,737.0860927152318,262.9139072847682,354.3046357615894,382.7814569536424,129.80132450331124,133.11258278145695
5149,......5149 Bedigliora,619,773.8287560581583,226.17124394184168,395.7996768982229,378.0290791599354,109.8546042003231,116.31663974151859
5151,......5151 Bioggio,2801,683.6843984291324,316.3156015708675,331.66726169225274,352.01713673687965,157.44377008211353,158.87183148875403
5154,......5154 Bissone,930,446.23655913978496,553.763440860215,221.50537634408602,224.7311827956989,286.02150537634407,267.741935483871
5160,......5160 Brusino Arsizio,474,645.5696202531645,354.43037974683546,339.662447257384,305.90717299578057,181.43459915611814,172.9957805907173
5161,......5161 Cademario,790,745.5696202531645,254.43037974683546,367.0886075949367,378.4810126582279,120.25316455696203,134.1772151898734
5162,......5162 Cadempino,1585,623.97476340694,376.0252365930599,305.3627760252366,318.6119873817035,196.21451104100944,179.81072555205046
5167,......5167 Canobbio,2404,617.720465890183,382.27953410981695,299.91680532445923,317.8036605657238,190.09983361064891,192.17970049916804
5171,......5171 Caslano,4400,579.3181818181819,420.68181818181813,265.0,314.3181818181818,201.36363636363635,219.31818181818184
5176,......5176 Comano,2186,766.2397072278134,233.76029277218663,371.9121683440073,394.3275388838061,112.53430924062215,121.2259835315645
5180,......5180 Cureglia,1483,732.9737019554956,267.0262980445044,349.96628455832774,383.0074173971679,122.04989885367497,144.97639919082943
5181,......5181 Curio,587,752.9812606473595,247.01873935264055,364.5655877342419,388.4156729131176,124.36115843270869,122.65758091993186
5186,......5186 Grancia,468,538.4615384615385,461.53846153846155,277.77777777777777,260.6837606837607,228.63247863247864,232.9059829059829
5187,......5187 Gravesano,1398,686.695278969957,313.3047210300429,334.0486409155937,352.64663805436334,148.78397711015737,164.52074391988555
5189,......5189 Lamone,1757,593.6254980079682,406.3745019920319,282.29937393284007,311.32612407512806,201.47979510529314,204.89470688673876
5192,......5192 Lugano,63629,496.6603278379355,503.33967216206446,239.67059045403823,256.9897373838973,243.96108692577283,259.37858523629166
5193,......5193 Magliaso,1622,646.1159062885326,353.88409371146736,302.7127003699137,343.403205918619,168.3107274969174,185.57336621454996
5194,......5194 Manno,1373,697.742170429716,302.25782957028406,345.95775673707215,351.78441369264385,152.9497450837582,149.30808448652584
5196,......5196 Massagno,6799,454.62568024709515,545.3743197529049,210.17796734813942,244.44771289895573,261.3619649948522,284.01235475805265
5198,......5198 Melide,1785,515.406162464986,484.593837535014,257.703081232493,257.703081232493,243.69747899159663,240.89635854341736
5199,......5199 Mezzovico-Vira,1389,782.5773938084953,217.42260619150468,390.92872570194385,391.64866810655144,112.3110151187905,105.11159107271419
5200,......5200 Miglieglia,293,761.0921501706484,238.90784982935153,372.0136518771331,389.0784982935154,116.04095563139933,122.86689419795222
5203,......5203 Morcote,713,471.24824684431974,528.7517531556803,228.61150070126226,242.6367461430575,276.29733520336606,252.45441795231415
5205,......5205 Muzzano,805,660.8695652173913,339.1304347826087,296.89440993788816,363.9751552795031,160.24844720496895,178.88198757763976
5206,......5206 Neggio,328,743.9024390243902,256.0975609756098,371.9512195121951,371.9512195121951,103.65853658536585,152.4390243902439
5207,......5207 Novaggio,850,794.1176470588235,205.88235294117646,383.5294117647059,410.5882352941176,103.52941176470588,102.3529411764706
5208,......5208 Origlio,1526,695.2817824377457,304.71821756225427,334.2070773263434,361.0747051114024,136.3040629095675,168.4141546526868
5210,......5210 Paradiso,4853,290.74799093344325,709.2520090665568,145.88914073768802,144.8588501957552,378.11662888934677,331.1353801772099
5212,......5212 Ponte Capriasca,1958,718.5903983656793,281.4096016343207,347.2931562819203,371.29724208375893,141.4708886618999,139.93871297242083
5214,......5214 Porza,1717,611.5317414094351,388.4682585905649,297.029702970297,314.50203843913806,183.4595224228305,205.0087361677344
5216,......5216 Pura,1355,685.608856088561,314.39114391143914,316.6051660516605,369.00369003690037,164.57564575645756,149.81549815498155
5221,......5221 Savosa,2276,579.0861159929701,420.9138840070299,275.9226713532513,303.16344463971876,193.76098418277678,227.15289982425307
5225,......5225 Sorengo,2183,514.4296839212094,485.57031607879065,231.33302794319744,283.09665597801194,224.00366468163077,261.5666513971599
5226,......5226 Capriasca,6717,815.5426529700759,184.45734702992408,401.96516301920497,413.5774899508709,90.0699717135626,94.38737531636147
5227,......5227 Torricella-Taverne,3087,656.6245545837382,343.37544541626175,324.58697764820215,332.0375769355361,173.6313573048267,169.74408811143505
5230,......5230 Vernate,613,686.7862969004894,313.21370309951055,344.2088091353997,342.5774877650897,146.8189233278956,166.39477977161502
5231,......5231 Vezia,1958,635.85291113381,364.14708886619,307.45658835546476,328.3963227783452,176.20020429009193,187.94688457609806
5233,......5233 Vico Morcote,408,436.27450980392155,563.7254901960785,242.64705882352942,193.62745098039215,291.6666666666667,272.05882352941177
5236,......5236 Collina d'Oro,4903,541.3012441362431,458.69875586375684,265.7556598001224,275.5455843361207,220.88517234346318,237.8135835202937
5237,......5237 Alto Malcantone,1390,826.6187050359713,173.38129496402877,397.1223021582734,429.49640287769785,83.45323741007195,89.92805755395683
5238,......5238 Monteceneri,4729,745.189257771199,254.81074222880102,376.823852823007,368.365404948192,129.62571368153945,125.18502854726157
5239,......5239 Tresa,3126,652.2712731925784,347.7287268074216,315.09916826615483,337.1721049264235,173.70441458733205,174.02431222008957
5240,......5240 Val Mara,3005,632.9450915141431,367.0549084858569,308.4858569051581,324.459234608985,183.69384359400996,183.36106489184692
5242,......5242 Balerna,3356,609.9523241954709,390.0476758045292,293.8021454112038,316.150178784267,191.89511323003575,198.15256257449346
5249,......5249 Castel San Pietro,2262,789.1246684350133,210.87533156498674,381.9628647214854,407.16180371352783,111.40583554376659,99.46949602122015
5250,......5250 Chiasso,7564,448.1755684822845,551.8244315177155,216.5520888418826,231.62347964040188,278.4241142252776,273.4003172924379
5251,......5251 Coldrerio,2834,681.0162314749471,318.98376852505294,319.3366266760762,361.67960479887086,153.49329569513057,165.49047282992237
5254,......5254 Mendrisio,15085,643.8846536294333,356.1153463705668,312.42956579383497,331.4550878355983,173.21842890288366,182.89691746768312
5257,......5257 Morbio Inferiore,4412,608.3408884859474,391.6591115140526,281.95829555757024,326.38259292837716,190.61650045330916,201.0426110607434
5260,......5260 Novazzano,2340,683.7606837606837,316.2393162393162,334.6153846153846,349.14529914529913,152.13675213675214,164.10256410256412
5263,......5263 Riva San Vitale,2695,705.3803339517625,294.6196660482375,349.16512059369205,356.2152133580705,145.08348794063082,149.53617810760667
5266,......5266 Stabio,4522,634.0114993365768,365.9885006634233,315.5683325961964,318.4431667403804,186.421937195931,179.56656346749224
5268,......5268 Vacallo,3491,543.1108564881123,456.8891435118877,257.80578630764825,285.30507018046404,233.45746204525923,223.43168146662848
5269,......5269 Breggia,1889,795.1296982530439,204.87030174695605,388.56537850714665,406.5643197458973,99.52355743779778,105.34674430915828
5281,......5281 Biasca,6201,605.0636994033221,394.93630059667794,314.62667311723914,290.43702628608287,195.93613933236577,199.00016126431223
5287,......5287 Riviera,4269,657.9995315062075,342.0004684937924,321.8552354181307,336.1442960880768,182.47833216209887,159.5221363316936
5304,......5304 Bosco/Gurin,47,936.1702127659574,63.82978723404255,574.468085106383,361.7021276595745,42.5531914893617,21.27659574468085
5307,......5307 Campo (Vallemaggia),49,857.1428571428571,142.85714285714286,530.6122448979593,326.53061224489795,61.224489795918366,81.63265306122449
5309,......5309 Cerentino,37,918.918918918919,81.08108108108108,594.5945945945946,324.3243243243243,27.027027027027028,54.054054054054056
5310,......5310 Cevio,1111,824.4824482448246,175.51755175517553,386.13861386138615,438.3438343834383,86.40864086408641,89.10891089108911
5315,......5315 Linescio,41,878.0487804878048,121.95121951219512,512.1951219512196,365.8536585365854,24.390243902439025,97.5609756097561
5317,......5317 Maggia,2674,835.4525056095737,164.54749439042632,412.8646222887061,422.5878833208676,78.1600598354525,86.38743455497382
5323,......5323 Lavizzara,498,901.6064257028113,98.39357429718876,483.9357429718876,417.67068273092366,40.16064257028113,58.23293172690763
5324,......5324 Avegno Gordevio,1534,828.5528031290743,171.4471968709257,412.64667535853977,415.90612777053457,76.92307692307693,94.52411994784876
5401,......5401 Aigle,11752,554.4588155207624,445.5411844792376,274.1660993873383,280.2927161334241,212.0490129339687,233.4921715452689
5402,......5402 Bex,8841,600.1583531274742,399.8416468725257,296.3465671304151,303.81178599705913,199.63804999434453,200.2035968781812
5403,......5403 Chessel,527,741.9354838709678,258.06451612903226,356.7362428842505,385.19924098671726,130.92979127134723,127.13472485768501
5404,......5404 Corbeyrier,452,811.9469026548672,188.05309734513273,404.86725663716817,407.07964601769913,95.13274336283186,92.9203539823009
5405,......5405 Gryon,1519,570.1119157340355,429.8880842659645,300.8558262014483,269.2560895325872,218.56484529295588,211.32323897300856
5406,......5406 Lavey-Morcles,1015,718.2266009852217,281.7733990147783,365.51724137931035,352.70935960591135,128.07881773399015,153.69458128078816
5407,......5407 Leysin,3659,417.0538398469527,582.9461601530472,219.45886854331783,197.59497130363488,285.59715769335884,297.34900245968845
5408,......5408 Noville,1215,694.6502057613169,305.34979423868316,357.20164609053495,337.4485596707819,145.679012345679,159.67078189300412
5409,......5409 Ollon,8221,564.164943437538,435.83505656246194,281.5959129059725,282.5690305315655,206.30093662571463,229.53411993674735
5410,......5410 Ormont-Dessous,1242,778.5829307568438,221.41706924315622,396.13526570048305,382.4476650563607,105.47504025764896,115.94202898550725
5411,......5411 Ormont-Dessus,1433,676.9016050244243,323.09839497557573,341.24214933705514,335.65945568736913,158.40893230983949,164.68946266573622
5412,......5412 Rennaz,949,623.8145416227609,376.18545837723923,304.53108535300316,319.2834562697576,191.7808219178082,184.40463645943098
5413,......5413 Roche (VD),1994,611.8355065195586,388.1644934804413,296.89067201604814,314.9448345035105,189.06720160481444,199.0972918756269
5414,......5414 Villeneuve (VD),6039,520.615996025832,479.3840039741679,260.63917867196557,259.9768173538665,234.97267759562843,244.41132637853948
5415,......5415 Yvorne,1109,710.5500450856628,289.44995491433724,368.80072137060415,341.7493237150586,133.45356176735797,155.99639314697927
5451,......5451 Avenches,4875,584.2051282051282,415.79487179487177,288.20512820512823,296.0,212.9230769230769,202.8717948717949
5456,......5456 Cudrefin,1885,785.6763925729443,214.3236074270557,421.7506631299735,363.9257294429708,93.36870026525199,120.9549071618037
5458,......5458 Faoug,895,738.5474860335196,261.45251396648047,350.83798882681566,387.7094972067039,138.54748603351953,122.90502793296089
5464,......5464 Vully-les-Lacs,3627,778.3291976840364,221.6708023159636,391.232423490488,387.09677419354836,101.73697270471465,119.93382961124895
5663,......5663 Bussy-sur-Moudon,262,767.175572519084,232.82442748091603,366.412213740458,400.76335877862596,118.3206106870229,114.50381679389312
5665,......5665 Chavannes-sur-Moudon,229,864.6288209606987,135.37117903930132,401.7467248908297,462.882096069869,52.40174672489083,82.96943231441048
5669,......5669 Curtilles,308,808.4415584415584,191.55844155844156,389.61038961038963,418.83116883116884,97.40259740259741,94.15584415584416
5671,......5671 Dompierre (VD),240,850.0,150.0,433.33333333333337,416.6666666666667,66.66666666666667,83.33333333333333
5673,......5673 Hermenches,373,782.8418230563002,217.15817694369974,426.2734584450402,356.56836461126005,104.55764075067025,112.6005361930295
5674,......5674 Lovatens,146,897.2602739726028,102.73972602739725,445.2054794520548,452.05479452054794,27.397260273972602,75.34246575342465
5675,......5675 Lucens,4736,570.3125,429.6875,275.1266891891892,295.1858108108108,221.91722972972974,207.77027027027026
5678,......5678 Moudon,6646,514.1438459223593,485.8561540776407,251.12849834486912,263.0153475774902,251.12849834486912,234.7276557327716
5683,......5683 Prévonloup,230,839.1304347826087,160.86956521739128,386.95652173913044,452.17391304347825,86.95652173913044,73.91304347826087
5684,......5684 Rossenges,91,747.2527472527472,252.74725274725273,384.61538461538464,362.6373626373626,109.89010989010988,142.85714285714286
5688,......5688 Syens,151,728.476821192053,271.52317880794703,403.97350993377484,324.50331125827813,132.45033112582783,139.0728476821192
5690,......5690 Villars-le-Comte,132,863.6363636363636,136.36363636363635,386.3636363636364,477.2727272727273,68.18181818181817,68.18181818181817
5692,......5692 Vucherens,621,755.2334943639291,244.76650563607086,381.64251207729467,373.59098228663447,120.77294685990337,123.99355877616746
5785,......5785 Corcelles-le-Jorat,499,767.5350701402806,232.46492985971946,374.749498997996,392.7855711422846,118.23647294589178,114.22845691382766
5798,......5798 Ropraz,530,754.7169811320755,245.28301886792454,379.24528301886795,375.4716981132076,145.2830188679245,100.0
5803,......5803 Vulliens,628,829.6178343949044,170.38216560509554,425.15923566878985,404.45859872611464,85.9872611464968,84.39490445859872
5812,......5812 Champtauroz,196,760.2040816326531,239.79591836734693,403.0612244897959,357.14285714285717,117.34693877551021,122.44897959183673
5813,......5813 Chevroux,494,844.1295546558705,155.87044534412956,414.9797570850202,429.1497975708502,66.80161943319838,89.06882591093117
5816,......5816 Corcelles-près-Payerne,2982,674.7149564050973,325.28504359490273,326.2910798122066,348.4238765928907,150.90543259557342,174.37961099932932
5817,......5817 Grandcour,976,797.1311475409835,202.8688524590164,402.6639344262295,394.4672131147541,102.45901639344262,100.40983606557377
5819,......5819 Henniez,469,742.0042643923241,257.9957356076759,379.5309168443497,362.4733475479744,132.1961620469083,125.7995735607676
5821,......5821 Missy,383,783.289817232376,216.71018276762402,415.1436031331593,368.1462140992167,109.66057441253264,107.04960835509138
5822,......5822 Payerne,10758,560.6990146867448,439.30098531325524,273.3779512920617,287.32106339468305,219.74344673731179,219.55753857594348
5827,......5827 Trey,318,801.8867924528303,198.11320754716982,411.9496855345912,389.937106918239,81.76100628930817,116.35220125786164
5828,......5828 Treytorrens (Payerne),108,879.6296296296297,120.37037037037037,490.74074074074076,388.8888888888889,55.55555555555555,64.81481481481481
5830,......5830 Villarzel,523,814.5315487571702,185.46845124282981,401.52963671128106,413.00191204588907,91.77820267686425,93.69024856596559
5831,......5831 Valbroye,3425,743.6496350364964,256.35036496350364,376.93430656934305,366.71532846715326,127.00729927007298,129.34306569343065
5471,......5471 Bettens,646,743.0340557275542,256.9659442724458,376.1609907120743,366.8730650154799,143.9628482972136,113.0030959752322
5472,......5472 Bournens,531,738.2297551789078,261.77024482109226,369.1148775894539,369.1148775894539,137.4764595103578,124.29378531073446
5473,......5473 Boussens,1006,768.389662027833,231.61033797216697,372.76341948310136,395.6262425447316,110.337972166998,121.27236580516897
5480,......5480 Daillens,1097,758.4320875113947,241.5679124886053,365.54238833181404,392.88969917958065,109.38924339106656,132.17866909753874
5487,......5487 Lussery-Villars,470,755.3191489361702,244.68085106382978,372.3404255319149,382.97872340425533,129.7872340425532,114.8936170212766
5489,......5489 Mex (VD),807,686.4931846344485,313.5068153655514,338.2899628252788,348.20322180916975,154.89467162329615,158.61214374225526
5495,......5495 Penthalaz,3169,680.0252445566425,319.97475544335754,315.8725149889555,364.15272956768695,159.04070684758597,160.93404859577154
5496,......5496 Penthaz,1945,708.9974293059125,291.0025706940874,358.3547557840617,350.6426735218509,148.586118251928,142.4164524421594
5501,......5501 Sullens,1226,743.8825448613377,256.1174551386623,377.65089722675367,366.23164763458396,132.952691680261,123.1647634584013
5503,......5503 Vufflens-la-Ville,1342,727.2727272727273,272.7272727272727,363.6363636363636,363.6363636363636,142.32488822652755,130.40238450074514
5511,......5511 Assens,1717,789.1671520093186,210.83284799068142,398.3692486895749,390.79790331974374,117.06464764123471,93.7682003494467
5512,......5512 Bercher,1344,776.0416666666666,223.95833333333334,379.4642857142857,396.5773809523809,114.58333333333333,109.375
5514,......5514 Bottens,1354,778.4342688330872,221.56573116691285,388.47858197932055,389.9556868537666,113.7370753323486,107.82865583456426
5515,......5515 Bretigny-sur-Morrens,899,748.6095661846496,251.39043381535038,362.6251390433816,385.9844271412681,117.90878754171301,133.48164627363738
5516,......5516 Cugy (VD),2787,680.3013993541442,319.6986006458558,340.1506996770721,340.1506996770721,154.28776462145677,165.41083602439898
5518,......5518 Echallens,6719,697.8717070992707,302.12829290072926,337.1037356749516,360.7679714243191,149.57582973656793,152.5524631641613
5520,......5520 Essertines-sur-Yverdon,1142,797.723292469352,202.276707530648,422.0665499124343,375.65674255691766,101.57618213660245,100.70052539404553
5521,......5521 Etagnières,1191,733.8371116708648,266.1628883291352,361.04114189756507,372.79596977329976,137.6994122586062,128.46347607052897
5522,......5522 Fey,789,822.5602027883397,177.43979721166033,423.3206590621039,399.23954372623575,95.05703422053232,82.382762991128
5523,......5523 Froideville,2729,764.3825577134481,235.61744228655184,396.4822279223159,367.9003297911323,111.76255038475632,123.85489190179554
5527,......5527 Morrens (VD),1155,755.8441558441559,244.15584415584416,372.2943722943723,383.5497835497835,129.004329004329,115.15151515151516
5529,......5529 Oulens-sous-Echallens,603,814.262023217247,185.7379767827529,394.6932006633499,419.5688225538972,109.45273631840796,76.28524046434494
5530,......5530 Pailly,575,840.0,160.0,438.2608695652174,401.7391304347826,76.52173913043478,83.47826086956522
5531,......5531 Penthéréaz,430,867.4418604651163,132.5581395348837,427.90697674418607,439.5348837209302,60.46511627906977,72.09302325581396
5533,......5533 Poliez-Pittet,850,791.7647058823529,208.23529411764704,381.1764705882353,410.5882352941176,108.23529411764706,100.0
5534,......5534 Rueyres,304,815.7894736842105,184.21052631578945,404.60526315789474,411.1842105263158,95.39473684210527,88.8157894736842
5535,......5535 Saint-Barthélemy (VD),834,833.3333333333334,166.66666666666666,438.84892086330933,394.484412470024,75.53956834532374,91.12709832134293
5537,......5537 Villars-le-Terroir,1308,810.3975535168195,189.60244648318042,405.9633027522936,404.434250764526,94.80122324159021,94.80122324159021
5539,......5539 Vuarrens,1119,808.75781948168,191.2421805183199,425.3798033958892,383.3780160857909,95.62109025915996,95.62109025915996
5540,......5540 Montilliez,1872,813.034188034188,186.96581196581198,409.72222222222223,403.3119658119658,90.27777777777777,96.6880341880342
5541,......5541 Goumoëns,1206,808.4577114427861,191.5422885572139,404.6434494195688,403.8142620232172,90.38142620232173,101.1608623548922
5661,......5661 Boulens,368,877.7173913043478,122.28260869565217,440.2173913043478,437.5,48.913043478260875,73.36956521739131
5680,......5680 Ogens,341,856.3049853372435,143.69501466275662,398.82697947214075,457.4780058651026,79.17888563049853,64.51612903225806
5693,......5693 Montanaire,2860,833.916083916084,166.0839160839161,419.2307692307692,414.68531468531467,87.41258741258741,78.67132867132867
5804,......5804 Jorat-Menthue,1574,782.0838627700127,217.9161372299873,388.81829733163914,393.2655654383735,114.35832274459975,103.55781448538755
5923,......5923 Oppens,202,737.6237623762377,262.3762376237624,376.23762376237624,361.38613861386136,148.5148514851485,113.86138613861387
5551,......5551 Bonvillars,517,868.4719535783365,131.52804642166345,419.7292069632495,448.74274661508707,56.092843326885884,75.43520309477756
5552,......5552 Bullet,681,826.7254038179149,173.27459618208516,412.62848751835537,414.0969162995595,76.3582966226138,96.91629955947137
5553,......5553 Champagne,1070,773.8317757009345,226.1682242990654,391.58878504672896,382.2429906542056,112.14953271028037,114.01869158878505
5554,......5554 Concise,1025,777.5609756097562,222.4390243902439,395.1219512195122,382.4390243902439,107.3170731707317,115.1219512195122
5555,......5555 Corcelles-près-Concise,434,806.4516129032257,193.54838709677418,380.184331797235,426.2672811059908,82.94930875576037,110.59907834101384
5556,......5556 Fiez,432,858.7962962962963,141.2037037037037,446.75925925925924,412.037037037037,76.3888888888889,64.81481481481481
5557,......5557 Fontaines-sur-Grandson,219,808.2191780821918,191.7808219178082,388.1278538812785,420.0913242009132,95.8904109589041,95.8904109589041
5559,......5559 Giez,464,814.6551724137931,185.34482758620692,435.3448275862069,379.31034482758616,94.82758620689654,90.51724137931035
5560,......5560 Grandevent,241,759.3360995850622,240.66390041493776,381.74273858921157,377.5933609958506,99.58506224066389,141.07883817427387
5561,......5561 Grandson,3390,732.4483775811209,267.55162241887905,371.97640117994104,360.47197640118,125.36873156342182,142.18289085545723
5562,......5562 Mauborget,145,765.5172413793103,234.48275862068965,406.8965517241379,358.6206896551724,110.34482758620689,124.13793103448276
5563,......5563 Mutrux,145,855.1724137931035,144.82758620689657,427.58620689655174,427.58620689655174,62.06896551724138,82.75862068965517
5564,......5564 Novalles,106,867.9245283018868,132.0754716981132,396.22641509433964,471.6981132075472,75.47169811320754,56.60377358490566
5565,......5565 Onnens (VD),513,810.9161793372319,189.08382066276803,411.30604288499023,399.6101364522417,93.56725146198829,95.51656920077973
5566,......5566 Provence,409,865.5256723716382,134.47432762836186,471.8826405867971,393.64303178484107,70.90464547677261,63.56968215158924
5568,......5568 Sainte-Croix,5139,686.9040669390932,313.09593306090676,347.73302198871374,339.1710449503795,151.5859116559642,161.5100214049426
5571,......5571 Tévenon,862,784.2227378190255,215.77726218097447,390.9512761020882,393.2714617169373,105.56844547563806,110.20881670533643
5741,......5741 L'Abergement,270,833.3333333333334,166.66666666666666,400.0,433.33333333333337,70.37037037037038,96.29629629629629
5742,......5742 Agiez,372,782.258064516129,217.74193548387098,381.72043010752685,400.5376344086021,99.46236559139784,118.27956989247312
5743,......5743 Arnex-sur-Orbe,694,819.8847262247838,180.11527377521614,414.985590778098,404.8991354466859,80.69164265129683,99.42363112391931
5744,......5744 Ballaigues,1218,674.8768472906404,325.1231527093596,348.11165845648605,326.76518883415434,155.99343185550083,169.12972085385877
5745,......5745 Baulmes,1165,793.9914163090128,206.00858369098714,404.2918454935622,389.69957081545067,103.86266094420601,102.14592274678111
5746,......5746 Bavois,1041,751.2007684918348,248.7992315081652,386.1671469740634,365.03362151777134,130.64361191162342,118.1556195965418
5747,......5747 Bofflens,200,895.0,105.0,425.0,470.0,45.0,60.0
5748,......5748 Bretonnières,261,877.3946360153257,122.60536398467433,406.1302681992337,471.2643678160919,68.9655172413793,53.639846743295024
5749,......5749 Chavornay,5440,685.845588235294,314.15441176470586,341.54411764705884,344.3014705882353,162.5,151.65441176470588
5750,......5750 Les Clées,193,860.1036269430051,139.8963730569948,414.5077720207254,445.5958549222798,62.17616580310881,77.720207253886
5752,......5752 Croy,403,796.5260545905707,203.4739454094293,349.87593052109185,446.6501240694789,96.77419354838709,106.69975186104217
5754,......5754 Juriens,348,887.9310344827587,112.06896551724138,422.4137931034483,465.51724137931035,66.0919540229885,45.97701149425287
5755,......5755 Lignerolle,461,722.3427331887202,277.65726681127984,379.60954446854663,342.73318872017353,138.82863340563992,138.82863340563992
5756,......5756 Montcherand,489,846.6257668711656,153.37423312883436,425.35787321063395,421.2678936605317,65.439672801636,87.93456032719835
5757,......5757 Orbe,7978,616.1945349711707,383.8054650288293,303.8355477563299,312.3589872148408,196.54048633742792,187.26497869140135
5758,......5758 La Praz,207,801.9323671497584,198.06763285024152,425.1207729468599,376.81159420289856,86.95652173913044,111.1111111111111
5759,......5759 Premier,228,868.421052631579,131.57894736842104,464.9122807017544,403.50877192982455,65.78947368421052,65.78947368421052
5760,......5760 Rances,509,825.147347740668,174.85265225933202,404.71512770137525,420.4322200392927,80.5500982318271,94.30255402750491
5761,......5761 Romainmôtier-Envy,560,753.5714285714286,246.42857142857144,382.1428571428571,371.42857142857144,110.71428571428571,135.7142857142857
5762,......5762 Sergey,133,879.6992481203008,120.30075187969925,496.24060150375936,383.45864661654133,60.150375939849624,60.150375939849624
5763,......5763 Valeyres-sous-Rances,578,794.1176470588235,205.88235294117646,413.4948096885813,380.6228373702422,102.07612456747404,103.80622837370241
5764,......5764 Vallorbe,4319,619.3563324843714,380.64366751562864,319.7499421162306,299.6063903681408,191.47950914563555,189.16415836999306
5765,......5765 Vaulion,488,799.1803278688525,200.81967213114754,393.44262295081967,405.7377049180328,108.60655737704917,92.21311475409837
5766,......5766 Vuiteboeuf,608,728.6184210526316,271.38157894736844,370.0657894736842,358.55263157894734,128.28947368421055,143.0921052631579
5871,......5871 L'Abbaye,1541,754.7047371836469,245.29526281635302,379.62362102530824,375.0811161583387,106.42439974042829,138.87086307592472
5872,......5872 Le Chenit,4753,664.4224700189354,335.57752998106463,340.6269724384599,323.7954975804755,168.94592888701874,166.63160109404586
5873,......5873 Le Lieu,918,773.4204793028322,226.57952069716774,416.12200435729847,357.29847494553377,104.57516339869281,122.00435729847494
5902,......5902 Belmont-sur-Yverdon,445,811.2359550561797,188.76404494382024,417.97752808988764,393.2584269662922,101.12359550561797,87.64044943820225
5903,......5903 Bioley-Magnoux,257,914.3968871595331,85.60311284046692,470.8171206225681,443.57976653696494,54.474708171206224,31.1284046692607
5904,......5904 Chamblon,554,808.6642599277977,191.33574007220216,433.2129963898917,375.45126353790613,84.83754512635379,106.49819494584838
5905,......5905 Champvent,724,799.7237569060774,200.27624309392263,400.55248618784526,399.17127071823205,92.54143646408839,107.73480662983425
5907,......5907 Chavannes-le-Chêne,322,850.9316770186335,149.06832298136646,391.304347826087,459.62732919254654,74.53416149068323,74.53416149068323
5908,......5908 Chêne-Pâquier,173,861.271676300578,138.72832369942196,439.3063583815029,421.9653179190752,69.36416184971098,69.36416184971098
5909,......5909 Cheseaux-Noréaz,736,764.9456521739131,235.05434782608694,398.09782608695656,366.84782608695656,111.41304347826086,123.64130434782608
5910,......5910 Cronay,426,910.7981220657277,89.2018779342723,467.1361502347418,443.6619718309859,44.60093896713615,44.60093896713615
5911,......5911 Cuarny,241,850.6224066390041,149.37759336099586,448.13278008298755,402.4896265560166,78.83817427385893,70.53941908713693
5912,......5912 Démoret,173,855.4913294797688,144.50867052023122,416.1849710982659,439.3063583815029,92.48554913294797,52.02312138728324
5913,......5913 Donneloye,916,823.1441048034934,176.85589519650654,397.3799126637554,425.764192139738,79.69432314410481,97.16157205240175
5914,......5914 Ependes (VD),379,812.6649076517151,187.33509234828497,385.2242744063324,427.44063324538257,87.07124010554091,100.26385224274406
5919,......5919 Mathod,725,764.1379310344828,235.86206896551724,377.9310344827586,386.2068965517241,126.89655172413794,108.96551724137932
5921,......5921 Molondin,269,843.8661710037176,156.13382899628252,412.63940520446096,431.2267657992565,74.34944237918216,81.78438661710037
5922,......5922 Montagny-près-Yverdon,780,765.3846153846154,234.6153846153846,380.7692307692308,384.61538461538464,126.92307692307692,107.6923076923077
5924,......5924 Orges,424,834.9056603773585,165.0943396226415,436.3207547169811,398.58490566037733,84.90566037735849,80.18867924528301
5925,......5925 Orzens,214,873.8317757009346,126.1682242990654,429.9065420560748,443.9252336448598,60.74766355140187,65.42056074766354
5926,......5926 Pomy,876,845.8904109589041,154.1095890410959,431.5068493150685,414.3835616438356,75.34246575342465,78.76712328767123
5928,......5928 Rovray,194,850.5154639175257,149.48453608247422,412.3711340206185,438.1443298969072,77.31958762886599,72.16494845360825
5929,......5929 Suchy,663,799.396681749623,200.60331825037707,411.7647058823529,387.63197586727,111.61387631975867,88.9894419306184
5930,......5930 Suscévaz,234,743.5897435897436,256.4102564102564,371.7948717948718,371.7948717948718,123.93162393162393,132.47863247863248
5931,......5931 Treycovagnes,515,737.8640776699029,262.13592233009706,370.87378640776694,366.99029126213594,128.15533980582524,133.98058252427182
5932,......5932 Ursins,232,810.3448275862069,189.65517241379308,439.6551724137931,370.68965517241384,86.20689655172414,103.44827586206897
5933,......5933 Valeyres-sous-Montagny,707,779.3493635077793,220.65063649222066,371.994342291372,407.35502121640735,107.4964639321075,113.15417256011315
5934,......5934 Valeyres-sous-Ursins,235,885.1063829787233,114.8936170212766,425.531914893617,459.5744680851064,72.34042553191489,42.5531914893617
5935,......5935 Villars-Epeney,108,657.4074074074074,342.5925925925926,379.6296296296297,277.77777777777777,194.44444444444446,148.14814814814815
5937,......5937 Vugelles-La Mothe,146,815.068493150685,184.93150684931507,417.8082191780822,397.2602739726027,61.64383561643835,123.2876712328767
5938,......5938 Yverdon-les-Bains,30292,559.6197015713719,440.380298428628,275.32021655882744,284.29948501254455,214.7101544962366,225.6701439323914
5939,......5939 Yvonand,3524,788.3087400681045,211.6912599318956,381.1010215664018,407.20771850170263,99.03518728717367,112.65607264472192
5582,......5582 Cheseaux-sur-Lausanne,4847,694.8628017330307,305.1371982669693,337.73468124613163,357.12812048689915,151.0212502578915,154.11594800907775
5584,......5584 Epalinges,9905,587.2791519434629,412.7208480565371,283.9979808177688,303.2811711256941,196.0625946491671,216.65825340737
5585,......5585 Jouxtens-Mézery,1478,671.8538565629228,328.14614343707717,355.88633288227334,315.9675236806495,150.87956698240865,177.26657645466847
5586,......5586 Lausanne,144873,486.8540031613896,513.1459968386104,235.14388464379147,251.71011851759818,251.35118345033237,261.79481338827804
5587,......5587 Le Mont-sur-Lausanne,9531,614.6259574021614,385.37404259783864,312.8737802958766,301.75217710628476,188.12296715979434,197.25107543804427
5592,......5592 Romanel-sur-Lausanne,4321,655.8666975237214,344.13330247627863,319.1390881740338,336.7276093496876,172.64522101365426,171.4880814626244
5581,......5581 Belmont-sur-Lausanne,3915,608.1736909323116,391.8263090676884,317.7522349936143,290.42145593869736,180.07662835249042,211.74968071519794
5588,......5588 Paudex,1509,556.6600397614314,443.3399602385686,273.6911862160371,282.9688535453943,214.0490390987409,229.2909211398277
5590,......5590 Pully,19538,539.7174736411097,460.2825263588904,261.54161121916263,278.175862421947,210.10338826901423,250.17913808987612
5601,......5601 Chexbres,2261,660.7695709862893,339.23042901371076,302.52100840336135,358.24856258292795,156.56789031402036,182.6625386996904
5604,......5604 Forel (Lavaux),2087,742.2137038811692,257.7862961188309,365.59655007187354,376.6171538092956,130.33061811212266,127.45567800670821
5606,......5606 Lutry,10751,595.3864756766812,404.61352432331876,297.73974513998695,297.6467305366943,186.5872942051902,218.02623011812855
5607,......5607 Puidoux,2974,640.8876933422999,359.11230665770006,330.1950235373235,310.69266980497645,179.55615332885003,179.55615332885003
5609,......5609 Rivaz,329,778.1155015197569,221.88449848024317,401.2158054711246,376.8996960486322,103.34346504559271,118.54103343465046
5610,......5610 Saint-Saphorin (Lavaux),387,700.2583979328165,299.74160206718346,387.59689922480624,312.66149870801036,131.78294573643413,167.95865633074936
5611,......5611 Savigny,3517,694.3417685527438,305.6582314472562,350.86721637759456,343.47455217514926,151.26528291157237,154.39294853568384
5613,......5613 Bourg-en-Lavaux,5464,670.3879941434845,329.6120058565154,338.57979502196196,331.8081991215227,159.5900439238653,170.02196193265007
5790,......5790 Maracon,569,829.5254833040422,170.47451669595782,379.6133567662566,449.9121265377856,87.87346221441125,82.60105448154657
5792,......5792 Montpreveyres,656,679.8780487804878,320.1219512195122,350.60975609756093,329.26829268292687,153.96341463414635,166.15853658536585
5799,......5799 Servion,2228,745.0628366247756,254.93716337522443,366.24775583482943,378.81508078994614,132.85457809694793,122.08258527827648
5805,......5805 Oron,6341,712.1905062293014,287.8094937706986,346.0022078536508,366.18829837565056,140.51411449298217,147.29537927771645
5806,......5806 Jorat-Mézières,3189,764.1894010661649,235.81059893383505,370.64910630291627,393.54029476324865,110.69300721229224,125.1175917215428
5422,......5422 Aubonne,3856,605.2904564315352,394.7095435684647,304.71991701244815,300.57053941908714,198.3921161825726,196.3174273858921
5423,......5423 Ballens,579,759.9309153713299,240.06908462867014,376.5112262521589,383.419689119171,117.44386873920553,122.6252158894646
5424,......5424 Berolle,303,778.8778877887788,221.12211221122112,409.2409240924093,369.6369636963696,95.70957095709572,125.4125412541254
5425,......5425 Bière,1669,650.6890353505092,349.31096464949076,329.53864589574596,321.15038945476334,175.55422408627922,173.7567405632115
5426,......5426 Bougy-Villars,514,597.2762645914397,402.72373540856034,295.7198443579767,301.55642023346303,188.715953307393,214.0077821011673
5427,......5427 Féchy,923,591.5492957746479,408.4507042253521,295.77464788732397,295.77464788732397,202.60021668472373,205.85048754062836
5428,......5428 Gimel,2457,652.8286528286528,347.1713471713472,318.68131868131866,334.14733414733416,169.31216931216932,177.85917785917783
5431,......5431 Mollens (VD),324,728.395061728395,271.6049382716049,416.6666666666667,311.7283950617284,126.54320987654322,145.06172839506172
5435,......5435 Saint-Livres,715,755.2447552447552,244.75524475524477,370.6293706293706,384.61538461538464,118.88111888111888,125.87412587412588
5436,......5436 Saint-Oyens,457,792.1225382932166,207.87746170678338,393.8730853391685,398.24945295404814,109.40919037199124,98.46827133479212
5437,......5437 Saubraz,447,691.2751677852349,308.7248322147651,353.46756152125283,337.8076062639821,158.83668903803132,149.88814317673376
5474,......5474 La Chaux (Cossonay),432,814.8148148148148,185.18518518518516,421.2962962962963,393.51851851851853,90.27777777777777,94.90740740740742
5475,......5475 Chavannes-le-Veyron,160,862.5,137.5,450.0,412.5,43.75,93.75
5476,......5476 Chevilly,346,783.2369942196532,216.76300578034682,381.5028901734104,401.73410404624275,106.9364161849711,109.82658959537572
5477,......5477 Cossonay,4893,695.8920907418762,304.10790925812387,334.355201307991,361.5368894338851,152.05395462906193,152.05395462906193
5479,......5479 Cuarnens,561,823.5294117647059,176.47058823529412,440.28520499108737,383.24420677361854,92.69162210338682,83.77896613190731
5481,......5481 Dizy,238,840.3361344537815,159.6638655462185,428.57142857142856,411.7647058823529,63.02521008403361,96.63865546218487
5482,......5482 Eclépens,1210,719.00826446281,280.9917355371901,370.2479338842975,348.7603305785124,140.49586776859505,140.49586776859505
5483,......5483 Ferreyres,309,851.1326860841424,148.8673139158576,449.8381877022654,401.294498381877,77.66990291262135,71.19741100323624
5484,......5484 Gollion,1066,731.7073170731708,268.2926829268293,360.2251407129456,371.48217636022514,131.33208255159477,136.96060037523452
5485,......5485 Grancy,538,776.9516728624535,223.04832713754647,377.32342007434943,399.6282527881041,109.66542750929369,113.38289962825279
5486,......5486 L'Isle,1094,815.3564899451554,184.64351005484463,410.4204753199269,404.93601462522855,93.23583180987204,91.40767824497257
5488,......5488 Mauraz,67,791.044776119403,208.955223880597,417.910447761194,373.13432835820896,89.55223880597015,119.40298507462687
5490,......5490 Moiry,300,866.6666666666667,133.33333333333334,423.3333333333333,443.33333333333337,76.66666666666666,56.666666666666664
5491,......5491 Mont-la-Ville,496,792.3387096774194,207.66129032258067,407.2580645161291,385.0806451612903,110.88709677419355,96.77419354838709
5492,......5492 Montricher,943,780.4878048780488,219.5121951219512,377.5185577942736,402.9692470837752,113.46765641569459,106.04453870625663
5493,......5493 Orny,497,786.7203219315896,213.27967806841048,376.2575452716298,410.4627766599598,114.68812877263582,98.59154929577464
5497,......5497 Pompaples,932,664.1630901287554,335.83690987124464,331.54506437768237,332.618025751073,172.74678111587983,163.0901287553648
5498,......5498 La Sarraz,2615,676.8642447418738,323.1357552581262,323.9005736137667,352.9636711281071,149.1395793499044,173.9961759082218
5499,......5499 Senarclens,480,729.1666666666666,270.8333333333333,408.3333333333333,320.83333333333337,116.66666666666667,154.16666666666669
5621,......5621 Aclens,585,685.4700854700855,314.52991452991455,367.52136752136755,317.94871794871796,162.3931623931624,152.13675213675214
5622,......5622 Bremblens,614,741.042345276873,258.95765472312706,358.3061889250814,382.7361563517915,146.57980456026058,112.37785016286644
5623,......5623 Buchillon,686,587.4635568513119,412.536443148688,297.37609329446065,290.08746355685133,190.96209912536443,221.57434402332362
5628,......5628 Chigny,420,673.8095238095239,326.1904761904762,357.14285714285717,316.66666666666663,166.66666666666666,159.52380952380952
5629,......5629 Clarmont,228,719.2982456140351,280.7017543859649,364.03508771929825,355.2631578947368,114.03508771929823,166.66666666666666
5631,......5631 Denens,742,699.4609164420485,300.5390835579515,336.92722371967653,362.53369272237194,146.90026954177898,153.63881401617252
5632,......5632 Denges,1830,587.431693989071,412.56830601092895,292.89617486338796,294.53551912568304,216.39344262295083,196.17486338797815
5633,......5633 Echandens,2999,595.5318439479827,404.4681560520174,281.42714238079355,314.10470156718907,223.7412470823608,180.72690896965653
5634,......5634 Echichens,3222,713.2216014897579,286.7783985102421,344.19615145872126,369.02545003103666,132.83674736188703,153.94165114835505
5636,......5636 Etoy,2962,624.91559756921,375.08440243079,309.9257258609048,314.9898717083052,184.33490884537474,190.74949358541525
5637,......5637 Lavigny,1099,688.8080072793449,311.1919927206551,347.5887170154686,341.21929026387625,157.41583257506824,153.77616014558689
5638,......5638 Lonay,2734,674.835405998537,325.16459400146306,324.4330651060717,350.40234089246525,153.62106803218728,171.54352596927578
5639,......5639 Lully (VD),836,728.4688995215312,271.5311004784689,382.7751196172249,345.6937799043062,125.5980861244019,145.93301435406698
5640,......5640 Lussy-sur-Morges,719,720.4450625869263,279.5549374130737,347.7051460361613,372.7399165507649,122.3922114047288,157.16272600834492
5642,......5642 Morges,17701,543.5286142025875,456.4713857974126,261.5671430992599,281.9614711033275,219.98757132365404,236.48381447375854
5643,......5643 Préverenges,5260,578.3269961977187,421.67300380228136,283.65019011406844,294.6768060836502,205.51330798479086,216.1596958174905
5645,......5645 Romanel-sur-Morges,454,803.9647577092511,196.0352422907489,418.50220264317176,385.4625550660793,83.70044052863436,112.33480176211454
5646,......5646 Saint-Prex,5865,562.4893435635123,437.51065643648764,276.7263427109974,285.76300085251495,210.57118499573744,226.93947144075022
5649,......5649 Tolochenaz,1934,599.7931747673216,400.20682523267834,300.4136504653568,299.37952430196486,197.0010341261634,203.205791106515
5650,......5650 Vaux-sur-Morges,185,740.5405405405405,259.4594594594595,394.59459459459464,345.94594594594594,124.32432432432434,135.13513513513513
5652,......5652 Villars-sous-Yens,602,739.202657807309,260.797342192691,372.09302325581393,367.10963455149505,117.94019933554817,142.85714285714286
5653,......5653 Vufflens-le-Château,837,703.7037037037037,296.2962962962963,358.42293906810033,345.28076463560336,150.53763440860214,145.75866188769416
5654,......5654 Vullierens,547,756.855575868373,243.14442413162706,404.0219378427788,352.83363802559415,106.03290676416819,137.11151736745884
5655,......5655 Yens,1498,670.2269692923899,329.77303070761013,351.80240320427237,318.4245660881175,163.55140186915887,166.22162883845127
5656,......5656 Hautemorges,4383,760.894364590463,239.10563540953686,377.5952543919689,383.2991101984942,112.70819073693818,126.39744467259867
5851,......5851 Allaman,430,616.2790697674418,383.72093023255815,300.0,316.27906976744185,190.69767441860466,193.02325581395348
5429,......5429 Longirod,556,688.8489208633094,311.15107913669067,372.30215827338134,316.54676258992805,136.6906474820144,174.46043165467626
5430,......5430 Marchissy,508,730.3149606299213,269.68503937007875,393.7007874015748,336.6141732283465,127.95275590551181,141.73228346456693
5434,......5434 Saint-George,1081,654.0240518038853,345.9759481961147,334.8751156336725,319.1489361702128,164.66234967622572,181.31359851988898
5701,......5701 Arnex-sur-Nyon,270,662.9629629629629,337.037037037037,359.2592592592593,303.7037037037037,177.77777777777777,159.25925925925927
5702,......5702 Arzier-Le Muids,2968,601.078167115903,398.92183288409706,310.98382749326146,290.09433962264154,189.69002695417788,209.23180592991915
5703,......5703 Bassins,1483,655.428186109238,344.571813890762,336.4801078894134,318.9480782198247,158.46257585974377,186.1092380310182
5704,......5704 Begnins,2035,612.7764127764128,387.22358722358723,288.45208845208845,324.3243243243243,190.66339066339066,196.56019656019654
5705,......5705 Bogis-Bossey,991,506.5590312815338,493.4409687184662,258.3249243188698,248.234106962664,254.2885973763875,239.1523713420787
5706,......5706 Borex,1146,624.78184991274,375.2181500872601,313.26352530541016,311.5183246073299,184.99127399650962,190.22687609075044
5707,......5707 Chavannes-de-Bogis,1384,469.6531791907515,530.3468208092486,231.21387283236993,238.43930635838151,263.0057803468208,267.3410404624277
5708,......5708 Chavannes-des-Bois,983,514.7507629704985,485.2492370295015,264.4964394710071,250.25432349949133,230.92573753814852,254.32349949135303
5709,......5709 Chéserex,1279,616.8881939014856,383.1118060985145,309.6168881939015,307.271305707584,182.95543393275997,200.1563721657545
5710,......5710 Coinsins,519,701.348747591522,298.65125240847783,337.1868978805395,364.16184971098266,138.72832369942196,159.9229287090559
5711,......5711 Commugny,2973,454.75950218634375,545.2404978136562,227.37975109317188,227.37975109317188,261.68853010427176,283.5519677093844
5712,......5712 Coppet,3232,465.96534653465346,534.0346534653465,242.88366336633663,223.08168316831683,250.61881188118812,283.4158415841584
5713,......5713 Crans (VD),2445,530.879345603272,469.120654396728,281.79959100204496,249.079754601227,215.54192229038856,253.57873210633946
5714,......5714 Crassier,1275,619.6078431372549,380.3921568627451,301.96078431372547,317.6470588235294,186.66666666666669,193.72549019607843
5715,......5715 Duillier,1140,681.578947368421,318.42105263157896,342.10526315789474,339.4736842105263,158.7719298245614,159.64912280701753
5716,......5716 Eysins,1774,585.6820744081173,414.3179255918827,291.4317925591883,294.250281848929,191.65727170236755,222.66065388951523
5717,......5717 Founex,3763,452.8301886792453,547.1698113207547,231.4642572415626,221.36593143768272,263.88519798033485,283.28461334041987
5718,......5718 Genolier,2012,579.5228628230617,420.47713717693836,303.18091451292247,276.3419483101391,193.33996023856858,227.1371769383698
5719,......5719 Gingins,1256,628.1847133757962,371.81528662420385,292.19745222929936,335.9872611464968,179.93630573248407,191.87898089171975
5720,......5720 Givrins,1068,658.2397003745318,341.7602996254682,337.07865168539325,321.16104868913857,163.85767790262173,177.90262172284642
5721,......5721 Gland,13987,561.0924429827697,438.90755701723026,276.39951383427467,284.692929148495,212.26853506827769,226.6390219489526
5722,......5722 Grens,391,728.9002557544757,271.0997442455243,368.28644501278774,360.613810741688,120.20460358056266,150.89514066496162
5723,......5723 Mies,2180,480.27522935779814,519.7247706422017,226.60550458715596,253.6697247706422,235.7798165137615,283.9449541284403
5724,......5724 Nyon,23351,503.14761680441956,496.8523831955805,250.86720054815643,252.28041625626312,237.80566142777613,259.04672176780434
5725,......5725 Prangins,4271,583.938187778038,416.0618122219621,287.2863498009834,296.6518379770546,189.18286115663778,226.87895106532426
5726,......5726 La Rippe,1196,639.6321070234113,360.3678929765886,303.5117056856187,336.12040133779266,178.09364548494983,182.2742474916388
5727,......5727 Saint-Cergue,3009,560.6513791957461,439.3486208042539,307.0787637088734,253.5726154868727,222.99767364572946,216.35094715852443
5728,......5728 Signy-Avenex,608,620.0657894736842,379.9342105263158,300.9868421052632,319.0789473684211,185.85526315789474,194.07894736842104
5729,......5729 Tannay,1746,436.426116838488,563.5738831615121,226.23138602520046,210.19473081328752,251.43184421534937,312.14203894616264
5730,......5730 Trélex,1426,624.1234221598878,375.8765778401122,319.77559607293125,304.34782608695656,175.31556802244037,200.56100981767182
5731,......5731 Le Vaud,1367,702.2677395757132,297.7322604242867,356.2545720555962,346.01316752011707,145.57425018288222,152.15801024140455
5732,......5732 Vich,1182,613.3671742808798,386.6328257191201,318.1049069373942,295.2622673434856,185.27918781725887,201.35363790186125
5852,......5852 Bursinel,532,603.3834586466165,396.61654135338347,310.1503759398496,293.2330827067669,186.09022556390977,210.52631578947367
5853,......5853 Bursins,814,697.7886977886977,302.2113022113022,363.6363636363636,334.15233415233416,149.87714987714986,152.33415233415235
5854,......5854 Burtigny,401,728.1795511221945,271.82044887780546,369.07730673316706,359.1022443890274,134.66334164588528,137.1571072319202
5855,......5855 Dully,620,606.4516129032259,393.5483870967742,291.93548387096774,314.51612903225805,177.4193548387097,216.1290322580645
5856,......5856 Essertines-sur-Rolle,785,645.8598726114649,354.140127388535,328.6624203821656,317.19745222929936,179.61783439490443,174.52229299363057
5857,......5857 Gilly,1441,614.8507980569049,385.1492019430951,313.6710617626648,301.1797362942401,177.65440666204023,207.49479528105482
5858,......5858 Luins,633,644.5497630331754,355.45023696682466,328.59399684044234,315.955766192733,180.09478672985782,175.35545023696682
5859,......5859 Mont-sur-Rolle,2752,629.7238372093024,370.2761627906977,309.22965116279073,320.49418604651163,176.23546511627907,194.04069767441862
5860,......5860 Perroy,1584,624.3686868686868,375.63131313131316,318.1818181818182,306.18686868686865,183.08080808080808,192.55050505050505
5861,......5861 Rolle,6540,500.15290519877675,499.84709480122325,248.1651376146789,251.98776758409787,240.36697247706422,259.480122324159
5862,......5862 Tartegnin,235,642.5531914893618,357.44680851063833,348.93617021276594,293.6170212765957,157.4468085106383,200.0
5863,......5863 Vinzel,387,645.9948320413437,354.00516795865633,320.4134366925064,325.58139534883725,183.4625322997416,170.54263565891472
5583,......5583 Crissier,10676,500.2810041213938,499.7189958786062,248.50131135256652,251.7796927688273,266.3919070813038,233.32708879730234
5589,......5589 Prilly,12758,507.7598369650416,492.2401630349584,244.31729111145947,263.4425458535821,245.5714061765167,246.66875685844175
5591,......5591 Renens (VD),21541,441.76222088111047,558.2377791188896,217.9100320319391,223.85218884917134,292.46553084815,265.7722482707395
5624,......5624 Bussigny,11632,565.2510316368639,434.7489683631362,281.207015130674,284.04401650618985,220.5123796423659,214.23658872077027
5627,......5627 Chavannes-près-Renens,9774,397.0738694495601,602.92613055044,198.9973398813178,198.07652956824228,326.37609985676283,276.5500306936771
5635,......5635 Ecublens (VD),13364,469.02125112241845,530.9787488775816,232.11613289434302,236.90511822807542,283.2235857527686,247.75516312481295
5648,......5648 Saint-Sulpice (VD),5155,421.3385063045587,578.6614936954413,212.8031037827352,208.53540252182347,310.5722599418041,268.08923375363725
5651,......5651 Villars-Sainte-Croix,953,650.5771248688352,349.42287513116474,322.14060860440713,328.4365162644281,174.18677859391397,175.23609653725077
5841,......5841 Château-d'Oex,3653,666.5754174650972,333.4245825349028,327.67588283602515,338.89953462907204,157.4048727073638,176.019709827539
5842,......5842 Rossinière,499,831.6633266533066,168.3366733466934,402.8056112224449,428.85771543086173,82.16432865731463,86.17234468937876
5843,......5843 Rougemont,813,606.3960639606396,393.6039360393604,314.8831488314883,291.5129151291513,200.4920049200492,193.11193111931118
5882,......5882 Chardonne,3337,654.480071920887,345.51992807911296,323.3443212466287,331.1357506742583,158.82529217860352,186.69463590050944
5883,......5883 Corseaux,2320,611.6379310344827,388.3620689655172,292.2413793103448,319.39655172413796,175.86206896551724,212.5
5884,......5884 Corsier-sur-Vevey,3385,610.6351550960119,389.3648449039882,303.69276218611526,306.9423929098966,185.22895125553916,204.13589364844904
5885,......5885 Jongny,1928,652.4896265560166,347.5103734439834,315.3526970954357,337.1369294605809,175.31120331950206,172.19917012448133
5886,......5886 Montreux,26955,466.8150621406047,533.1849378593953,227.56445928399182,239.25060285661286,250.4915600074198,282.6933778519755
5889,......5889 La Tour-de-Peilz,12812,598.1891976272244,401.8108023727755,280.67436778020607,317.5148298470184,186.93412425850764,214.87667811426786
5890,......5890 Vevey,20142,527.2564789991063,472.7435210008937,251.4646013305531,275.7918776685533,225.25071988878958,247.49280111210405
5891,......5891 Veytaux,1038,502.89017341040466,497.10982658959534,252.40847784200386,250.48169556840077,240.84778420038535,256.26204238921
5892,......5892 Blonay - Saint-Légier,12464,646.7426187419769,353.2573812580231,318.75802310654683,327.98459563543,162.78883183568678,190.4685494223363
6002,......6002 Brig-Glis,14085,752.9996450124246,247.00035498757543,365.21121760738373,387.7884274050408,127.36954206602769,119.63081292154774
6004,......6004 Eggerberg,338,866.8639053254437,133.13609467455623,428.99408284023673,437.8698224852071,91.71597633136095,41.42011834319527
6007,......6007 Naters,10674,787.1463368933858,212.85366310661422,391.98051339703954,395.16582349634626,107.55105864718007,105.30260445943414
6008,......6008 Ried-Brig,2310,866.2337662337662,133.76623376623377,437.6623376623376,428.57142857142856,69.6969696969697,64.06926406926407
6009,......6009 Simplon,281,957.2953736654805,42.704626334519574,480.4270462633452,476.86832740213526,35.587188612099645,7.117437722419928
6010,......6010 Termen,1175,848.5106382978723,151.48936170212764,412.7659574468085,435.74468085106383,73.19148936170212,78.29787234042553
6011,......6011 Zwischbergen,71,577.4647887323944,422.53521126760563,380.28169014084506,197.18309859154928,352.112676056338,70.42253521126761
6021,......6021 Ardon,3835,625.5541069100391,374.4458930899609,305.34550195567147,320.2086049543677,196.870925684485,177.5749674054759
6022,......6022 Chamoson,4389,766.2337662337662,233.76623376623377,376.62337662337666,389.61038961038963,120.75643654591023,113.00979722032353
6023,......6023 Conthey,9408,698.3418367346939,301.65816326530614,345.7695578231292,352.57227891156464,154.44302721088434,147.21513605442178
6024,......6024 Nendaz,7314,767.7057697566311,232.29423024336887,385.1517637407712,382.55400601585995,118.67651080120318,113.61771944216571
6025,......6025 Vétroz,6605,681.1506434519304,318.84935654806964,325.0567751703255,356.09386828160484,162.30128690386073,156.5480696442089
6032,......6032 Bourg-Saint-Pierre,222,779.2792792792793,220.72072072072072,418.9189189189189,360.36036036036035,103.6036036036036,117.11711711711712
6033,......6033 Liddes,770,848.0519480519481,151.94805194805195,437.6623376623376,410.3896103896104,74.02597402597402,77.92207792207792
6034,......6034 Orsières,3303,788.0714501967908,211.92854980320922,411.14138661822585,376.93006357856495,113.2303966091432,98.698153194066
6035,......6035 Sembrancher,1114,772.8904847396768,227.10951526032315,390.4847396768402,382.4057450628367,133.75224416517057,93.3572710951526
6037,......6037 Val de Bagnes,10907,643.2566241863024,356.74337581369764,331.4385257174292,311.8180984688732,180.2512148161731,176.4921609975245
6052,......6052 Bellwald,363,804.4077134986226,195.59228650137743,443.5261707988981,360.8815426997245,79.88980716253444,115.70247933884298
6054,......6054 Binn,129,860.4651162790698,139.53488372093022,465.1162790697674,395.3488372093023,69.76744186046511,69.76744186046511
6056,......6056 Ernen,544,821.6911764705882,178.30882352941177,430.14705882352945,391.54411764705884,84.55882352941177,93.75
6057,......6057 Fiesch,910,762.6373626373626,237.36263736263734,409.8901098901099,352.7472527472528,110.98901098901098,126.37362637362637
6058,......6058 Fieschertal,357,899.1596638655462,100.84033613445378,470.5882352941176,428.57142857142856,56.022408963585434,44.817927170868344
6061,......6061 Lax,339,831.858407079646,168.141592920354,418.87905604719765,412.9793510324484,100.29498525073747,67.84660766961652
6076,......6076 Obergoms,663,847.6621417797888,152.33785822021116,437.40573152337856,410.2564102564102,72.39819004524888,79.93966817496229
6077,......6077 Goms,1149,839.8607484769365,160.13925152306354,422.10617928633593,417.7545691906005,70.49608355091384,89.64316797214968
6082,......6082 Ayent,4451,809.031678274545,190.96832172545496,399.0114580993035,410.02022017524155,92.11413165580768,98.85419006964727
6083,......6083 Evolène,1666,830.1320528211285,169.86794717887156,427.3709483793517,402.7611044417767,76.23049219687874,93.6374549819928
6084,......6084 Hérémence,1545,871.8446601941747,128.15533980582524,432.3624595469256,439.4822006472492,58.89967637540453,69.25566343042071
6087,......6087 Saint-Martin (VS),853,866.3540445486518,133.6459554513482,420.8675263774912,445.4865181711606,62.13364595545135,71.51230949589683
6089,......6089 Vex,1980,785.8585858585858,214.14141414141415,400.0,385.85858585858585,110.1010101010101,104.04040404040404
6090,......6090 Mont-Noble,1187,797.809604043808,202.1903959561921,403.5383319292334,394.2712721145746,101.09519797809605,101.09519797809605
6101,......6101 Agarn,745,848.3221476510066,151.67785234899327,444.2953020134228,404.0268456375839,93.95973154362416,57.71812080536913
6102,......6102 Albinen,259,795.3667953667954,204.63320463320463,382.2393822393823,413.12741312741315,115.83011583011583,88.80308880308881
6104,......6104 Ergisch,183,907.103825136612,92.89617486338798,497.26775956284155,409.8360655737705,65.57377049180329,27.3224043715847
6109,......6109 Inden,130,607.6923076923076,392.3076923076923,323.0769230769231,284.6153846153846,253.84615384615384,138.46153846153848
6110,......6110 Leuk,4340,796.3133640552995,203.68663594470047,398.8479262672811,397.46543778801845,105.29953917050692,98.38709677419355
6111,......6111 Leukerbad,1426,553.2959326788219,446.7040673211781,281.90743338008417,271.3884992987377,234.22159887798037,212.48246844319777
6112,......6112 Oberems,140,935.7142857142857,64.28571428571428,414.28571428571433,521.4285714285714,35.714285714285715,28.57142857142857
6113,......6113 Salgesch,1732,811.2009237875288,188.79907621247114,401.8475750577367,409.3533487297921,93.53348729792148,95.26558891454965
6116,......6116 Varen,700,855.7142857142858,144.2857142857143,467.1428571428571,388.57142857142856,64.28571428571428,80.0
6117,......6117 Guttet-Feschel,440,852.2727272727273,147.72727272727275,429.54545454545456,422.72727272727275,72.72727272727272,75.0
6118,......6118 Gampel-Bratsch,2247,822.4299065420561,177.57009345794393,409.8798397863818,412.55006675567427,97.01824655095683,80.5518469069871
6119,......6119 Turtmann-Unterems,1212,797.8547854785478,202.14521452145215,388.61386138613864,409.2409240924093,112.2112211221122,89.93399339933994
6131,......6131 Bovernier,952,806.7226890756302,193.27731092436974,404.4117647058824,402.3109243697479,105.04201680672269,88.23529411764706
6133,......6133 Fully,9310,759.7207303974221,240.27926960257787,370.891514500537,388.82921589688505,122.01933404940924,118.25993555316863
6134,......6134 Isérables,804,896.7661691542289,103.23383084577115,453.9800995024876,442.7860696517413,53.482587064676615,49.75124378109453
6135,......6135 Leytron,3529,762.5389628790026,237.46103712099745,376.31056956644943,386.2283933125532,122.98101445168604,114.48002266931142
6136,......6136 Martigny,22247,630.5119791432553,369.4880208567447,303.6364453634198,326.87553377983545,182.9010653121769,186.58695554456781
6137,......6137 Martigny-Combe,2363,815.065594583157,184.934405416843,413.03427845958527,402.03131612357174,96.06432501057976,88.87008040626323
6139,......6139 Riddes,3749,660.1760469458521,339.82395305414775,331.555081355028,328.6209655908242,182.44865297412645,157.37530008002133
6140,......6140 Saillon,3156,756.020278833967,243.97972116603296,375.47528517110266,380.5449936628644,121.35614702154626,122.62357414448668
6141,......6141 Saxon,7424,603.1788793103449,396.8211206896552,305.76508620689657,297.4137931034483,210.1293103448276,186.6918103448276
6142,......6142 Trient,175,760.0,240.0,394.2857142857143,365.7142857142857,120.0,120.0
6151,......6151 Champéry,1404,638.8888888888888,361.1111111111111,348.29059829059827,290.59829059829065,180.1994301994302,180.91168091168092
6152,......6152 Collombey-Muraz,10051,679.3353895134812,320.6646104865187,334.2950950154214,345.0402944980599,161.17799223957815,159.4866182469406
6153,......6153 Monthey,19074,619.2723078536228,380.72769214637725,303.6070042990458,315.6653035545769,190.8356925657964,189.8919995805809
6154,......6154 Port-Valais,4551,610.4152933421226,389.58470665787735,313.3377279718743,297.0775653702483,187.65106569984619,201.93364095803122
6155,......6155 Saint-Gingolph,1088,542.2794117647059,457.7205882352941,274.81617647058823,267.4632352941176,223.34558823529412,234.375
6156,......6156 Troistorrents,5022,783.9506172839507,216.04938271604937,400.8363201911589,383.11429709279173,107.72600557546794,108.32337714058144
6157,......6157 Val-d'Illiez,2145,742.1911421911423,257.8088578088578,385.0815850815851,357.1095571095571,129.6037296037296,128.2051282051282
6158,......6158 Vionnaz,3024,735.4497354497355,264.55026455026456,375.9920634920635,359.45767195767195,137.23544973544975,127.31481481481482
6159,......6159 Vouvry,4803,630.6475119716844,369.35248802831563,311.05559025608994,319.5919217155944,190.08952737872164,179.26296064959402
6172,......6172 Bister,37,891.8918918918919,108.10810810810811,405.4054054054054,486.4864864864865,54.054054054054056,54.054054054054056
6173,......6173 Bitsch,1142,866.0245183887915,133.9754816112084,431.6987740805604,434.32574430823115,70.05253940455341,63.922942206654994
6177,......6177 Grengiols,417,896.8824940047962,103.11750599520383,429.25659472422063,467.62589928057554,67.1462829736211,35.97122302158273
6181,......6181 Riederalp,440,822.7272727272727,177.27272727272728,406.8181818181818,415.9090909090909,97.72727272727273,79.54545454545455
6191,......6191 Ausserberg,640,854.6875,145.3125,442.1875,412.5,87.5,57.8125
6192,......6192 Blatten,300,920.0,80.0,470.0,450.0,33.333333333333336,46.66666666666667
6193,......6193 Bürchen,767,887.8748370273794,112.1251629726206,456.32333767926986,431.5514993481095,62.58148631029987,49.54367666232073
6194,......6194 Eischoll,460,910.8695652173913,89.13043478260869,443.4782608695652,467.3913043478261,52.17391304347826,36.95652173913044
6195,......6195 Ferden,248,899.1935483870967,100.80645161290322,491.93548387096774,407.2580645161291,40.32258064516129,60.483870967741936
6197,......6197 Kippel,329,930.0911854103343,69.90881458966565,468.0851063829787,462.0060790273556,24.316109422492403,45.59270516717325
6198,......6198 Niedergesteln,749,870.493991989319,129.50600801068092,436.58210947930576,433.91188251001336,69.42590120160213,60.08010680907877
6199,......6199 Raron,2024,795.9486166007905,204.05138339920947,396.73913043478257,399.20948616600793,102.76679841897233,101.28458498023716
6201,......6201 Unterbäch,479,837.160751565762,162.839248434238,417.5365344467641,419.6242171189979,89.77035490605428,73.06889352818372
6202,......6202 Wiler (Lötschen),528,929.9242424242424,70.07575757575756,452.6515151515151,477.2727272727273,41.666666666666664,28.409090909090907
6203,......6203 Mörel-Filet,759,764.163372859025,235.83662714097497,376.81159420289856,387.35177865612644,133.06982872200263,102.76679841897233
6204,......6204 Steg-Hohtenn,1726,786.7902665121669,213.20973348783315,385.8632676709154,400.9269988412514,124.56546929316337,88.64426419466976
6205,......6205 Bettmeralp,483,811.5942028985507,188.40579710144928,455.4865424430642,356.10766045548655,91.09730848861284,97.30848861283643
6211,......6211 Collonges,869,753.7399309551208,246.26006904487917,379.746835443038,373.99309551208285,117.37629459148447,128.88377445339472
6212,......6212 Dorénaz,1113,761.9047619047618,238.09523809523807,392.6325247079964,369.2722371967655,123.09074573225516,115.00449236298293
6213,......6213 Evionnaz,1500,752.6666666666667,247.33333333333331,375.33333333333337,377.33333333333337,127.33333333333333,120.0
6214,......6214 Finhaut,418,610.0478468899522,389.95215311004785,327.7511961722488,282.2966507177033,196.17224880382776,193.77990430622012
6215,......6215 Massongex,2126,745.5315145813735,254.46848541862656,363.12323612417686,382.4082784571966,123.23612417685794,131.23236124176856
6217,......6217 Saint-Maurice,4623,672.723339822626,327.276660177374,333.98226260004327,338.7410772225827,157.68981181051265,169.58684836686135
6218,......6218 Salvan,1495,809.3645484949833,190.63545150501673,416.7224080267559,392.6421404682274,80.93645484949832,109.6989966555184
6219,......6219 Vernayaz,1928,672.1991701244814,327.8008298755187,340.24896265560164,331.9502074688797,170.64315352697096,157.1576763485477
6220,......6220 Vérossaz,902,864.7450110864745,135.2549889135255,445.67627494456764,419.06873614190687,59.866962305986696,75.3880266075388
6232,......6232 Chalais,3927,758.0850522026993,241.91494779730075,379.93379169849754,378.1512605042017,119.42959001782532,122.48535777947544
6235,......6235 Chippis,1615,551.0835913312694,448.9164086687307,270.5882352941176,280.4953560371517,239.00928792569658,209.90712074303406
6238,......6238 Grône,2556,727.6995305164319,272.30046948356807,363.4585289514867,364.24100156494524,136.15023474178403,136.15023474178403
6239,......6239 Icogne,640,665.625,334.375,350.0,315.625,157.8125,176.5625
6240,......6240 Lens,4570,565.2078774617067,434.7921225382932,289.9343544857768,275.27352297593,215.9737417943107,218.8183807439825
6246,......6246 Saint-Léonard,2628,757.9908675799086,242.0091324200913,373.6681887366819,384.3226788432268,121.38508371385083,120.62404870624049
6248,......6248 Sierre,17829,616.1310224914465,383.8689775085535,295.5297548937125,320.6012675977341,192.3831959167648,191.48578159178868
6252,......6252 Anniviers,2790,713.9784946236559,286.02150537634407,378.494623655914,335.48387096774195,147.67025089605735,138.35125448028674
6253,......6253 Crans-Montana,10496,556.6882621951219,443.311737804878,281.4405487804878,275.2477134146342,225.8955792682927,217.41615853658536
6254,......6254 Noble-Contrée,4693,796.9316002557,203.06839974430002,402.30129980822505,394.63030044747495,92.26507564457704,110.80332409972299
6261,......6261 Arbaz,1461,780.971937029432,219.0280629705681,383.9835728952772,396.98836413415466,111.56741957563312,107.46064339493498
6263,......6263 Grimisuat,3962,773.346794548208,226.65320545179202,385.41140837960626,387.9353861686017,104.49268046441192,122.16052498738011
6265,......6265 Savièse,8278,799.951679149553,200.04832085044697,396.3517757912539,403.5999033582991,95.19207538052669,104.85624546992027
6266,......6266 Sion,37154,646.0677181460946,353.93228185390535,313.9635032567153,332.10421488937936,172.68665554179898,181.24562631210637
6267,......6267 Veysonnaz,614,716.6123778501628,283.38762214983717,348.53420195439736,368.07817589576547,146.57980456026058,136.80781758957656
6281,......6281 Baltschieder,1386,860.02886002886,139.97113997113996,445.1659451659452,414.86291486291486,69.98556998556998,69.98556998556998
6282,......6282 Eisten,192,927.0833333333334,72.91666666666667,447.9166666666667,479.1666666666667,26.041666666666668,46.875
6283,......6283 Embd,285,940.3508771929825,59.64912280701754,494.7368421052631,445.6140350877193,21.052631578947366,38.59649122807018
6285,......6285 Grächen,1316,830.5471124620061,169.45288753799392,413.37386018237083,417.1732522796353,85.86626139817629,83.58662613981762
6286,......6286 Lalden,760,830.2631578947368,169.73684210526315,415.7894736842105,414.4736842105263,97.36842105263158,72.36842105263158
6287,......6287 Randa,468,679.4871794871796,320.51282051282055,344.017094017094,335.47008547008545,162.3931623931624,158.1196581196581
6288,......6288 Saas-Almagell,385,805.1948051948052,194.80519480519482,389.61038961038963,415.58441558441564,101.2987012987013,93.50649350649351
6289,......6289 Saas-Balen,341,844.5747800586511,155.42521994134898,392.96187683284455,451.61290322580646,76.24633431085044,79.17888563049853
6290,......6290 Saas-Fee,1638,622.7106227106227,377.2893772893773,307.69230769230774,315.01831501831504,207.57020757020757,169.7191697191697
6291,......6291 Saas-Grund,1057,816.4616840113529,183.53831598864713,406.81173131504255,409.6499526963103,98.39167455061495,85.14664143803216
6292,......6292 St. Niklaus,2298,839.4255874673629,160.57441253263707,422.97650130548305,416.4490861618799,80.50478677110532,80.06962576153177
6293,......6293 Stalden (VS),1113,813.1176999101527,186.88230008984726,398.92183288409706,414.1958670260557,110.5121293800539,76.37017070979336
6294,......6294 Staldenried,561,932.2638146167558,67.7361853832442,465.24064171122996,467.0231729055259,39.21568627450981,28.520499108734402
6295,......6295 Täsch,1305,482.7586206896552,517.2413793103449,235.24904214559388,247.5095785440613,282.7586206896552,234.48275862068965
6296,......6296 Törbel,496,959.6774193548388,40.32258064516129,477.82258064516134,481.85483870967744,14.112903225806452,26.20967741935484
6297,......6297 Visp,8838,648.1104322244852,351.8895677755148,324.1683638832315,323.9420683412537,192.80380176510522,159.0857660104096
6298,......6298 Visperterminen,1318,904.4006069802731,95.59939301972686,429.4385432473445,474.96206373292864,52.35204855842185,43.247344461305005
6299,......6299 Zeneggen,355,712.6760563380283,287.32394366197184,394.36619718309856,318.3098591549296,171.83098591549296,115.49295774647887
6300,......6300 Zermatt,6099,553.3694048204624,446.63059517953764,282.1774061321528,271.1919986883096,236.5961633054599,210.0344318740777
6404,......6404 Boudry,6317,670.5714738008548,329.42852619914515,330.53664714263095,340.03482665822384,160.67753680544564,168.75098939369954
6408,......6408 Cortaillod,4807,731.8493863116289,268.1506136883711,353.4428957769919,378.406490534637,130.01872269606824,138.13189099230289
6413,......6413 Rochefort,1354,788.7740029542098,211.22599704579025,415.8050221565731,372.9689807976366,103.39734121122599,107.82865583456426
6416,......6416 Milvignes,9308,737.4301675977654,262.5698324022346,359.69058874086807,377.7395788568973,123.97937258272454,138.5904598195101
6417,......6417 La Grande Béroche,9229,736.1577635713512,263.84223642864885,363.6363636363636,372.5213999349876,126.44923610358651,137.3930003250623
6421,......6421 La Chaux-de-Fonds,37600,622.5265957446809,377.47340425531917,301.3563829787234,321.17021276595744,185.45212765957447,192.0212765957447
6422,......6422 Les Planchettes,200,920.0,80.0,455.0,465.0,35.0,45.0
6423,......6423 La Sagne,1075,871.6279069767442,128.37209302325581,428.8372093023256,442.7906976744186,61.395348837209305,66.97674418604652
6432,......6432 La Brévine,624,918.2692307692307,81.73076923076923,495.19230769230774,423.0769230769231,44.87179487179487,36.85897435897436
6433,......6433 Brot-Plamboz,297,925.925925925926,74.07407407407408,494.949494949495,430.97643097643095,37.03703703703704,37.03703703703704
6434,......6434 Le Cerneux-Péquignot,310,935.4838709677418,64.51612903225806,464.5161290322581,470.96774193548384,29.03225806451613,35.483870967741936
6435,......6435 La Chaux-du-Milieu,496,893.1451612903227,106.85483870967742,463.7096774193548,429.43548387096774,56.45161290322581,50.40322580645161
6436,......6436 Le Locle,10907,637.8472540570276,362.15274594297244,317.4108370771064,320.43641697992115,183.5518474374255,178.6008985055469
6437,......6437 Les Ponts-de-Martel,1231,861.9008935824533,138.09910641754672,437.855402112104,424.0454914703493,65.80016246953696,72.29894394800975
6451,......6451 Cornaux,1682,686.0879904875148,313.91200951248516,341.85493460166464,344.2330558858502,157.55053507728894,156.3614744351962
6452,......6452 Cressier (NE),2005,676.8079800498753,323.1920199501247,331.6708229426434,345.1371571072319,165.5860349127182,157.60598503740647
6453,......6453 Enges,283,833.922261484099,166.07773851590105,441.6961130742049,392.226148409894,70.6713780918728,95.40636042402826
6454,......6454 Hauterive (NE),2666,642.9107276819204,357.0892723180795,305.32633158289576,337.58439609902473,166.91672918229557,190.17254313578394
6455,......6455 Le Landeron,4652,734.737747205503,265.262252794497,359.4153052450559,375.3224419604471,130.9114359415305,134.35081685296646
6456,......6456 Lignières,1061,833.1762488218661,166.82375117813385,433.55325164938733,399.6229971724788,79.17059377945334,87.65315739868049
6458,......6458 Neuchâtel,45309,590.655278200799,409.34472179920107,290.0748195722704,300.58045862852856,198.74638592774062,210.59833587146042
6459,......6459 Saint-Blaise,3198,704.8155096935584,295.1844903064415,352.09505941213257,352.7204502814259,142.5891181988743,152.59537210756724
6461,......6461 La Tène,5571,642.0750314126727,357.92496858732727,316.46024053132294,325.61479088134985,173.75695566325612,184.1680129240711
6487,......6487 Val-de-Ruz,17514,775.779376498801,224.22062350119904,385.80564120132465,389.9737352974763,113.2237067488866,110.99691675231243
6504,......6504 La Côte-aux-Fées,473,816.0676532769556,183.9323467230444,433.4038054968288,382.66384778012684,93.02325581395348,90.9090909090909
6511,......6511 Les Verrières,658,848.0243161094226,151.9756838905775,425.531914893617,422.49240121580544,77.50759878419453,74.46808510638297
6512,......6512 Val-de-Travers,10691,748.6671031708913,251.3328968291086,371.1533065195024,377.513796651389,124.40370405013562,126.92919277897296
6601,......6601 Aire-la-Ville,1173,733.1628303495311,266.83716965046887,384.48422847399826,348.6786018755328,122.76214833759592,144.07502131287296
6602,......6602 Anières,2563,522.8248146703082,477.1751853296918,258.291065158018,264.5337495122903,225.51697229808818,251.65821303160357
6603,......6603 Avully,1746,717.6403207331042,282.35967926689574,355.6701030927835,361.9702176403207,135.16609392898053,147.19358533791524
6604,......6604 Avusy,1412,775.4957507082153,224.5042492917847,381.728045325779,393.76770538243625,105.52407932011332,118.98016997167139
6605,......6605 Bardonnex,2545,644.4007858546169,355.5992141453831,318.664047151277,325.7367387033399,161.1001964636542,194.4990176817289
6606,......6606 Bellevue,4105,510.1096224116931,489.89037758830693,261.8757612667479,248.2338611449452,234.83556638246043,255.05481120584656
6607,......6607 Bernex,11112,668.4665226781857,331.53347732181425,329.37365010799135,339.0928725701944,161.17710583153348,170.35637149028076
6608,......6608 Carouge (GE),22488,539.1764496620419,460.823550337958,264.22981145499824,274.94663820704375,210.9569548203486,249.8665955176094
6609,......6609 Cartigny,1050,693.3333333333334,306.66666666666663,361.90476190476187,331.4285714285714,139.04761904761907,167.61904761904762
6610,......6610 Céligny,862,525.522041763341,474.47795823665894,264.5011600928074,261.02088167053364,222.73781902552204,251.74013921113692
6611,......6611 Chancy,1664,667.6682692307693,332.3317307692308,347.9567307692308,319.71153846153845,153.24519230769232,179.08653846153845
6612,......6612 Chêne-Bougeries,14342,494.1430762794589,505.85692372054103,244.73574117975178,249.40733509970715,232.04573978524613,273.81118393529493
6613,......6613 Chêne-Bourg,9578,494.6752975569012,505.3247024430988,241.28210482355396,253.39319273334726,239.50720400918775,265.81749843391106
6614,......6614 Choulex,1232,672.077922077922,327.92207792207796,322.2402597402597,349.8376623376623,142.85714285714286,185.06493506493507
6615,......6615 Collex-Bossy,1666,564.825930372149,435.17406962785117,300.1200480192077,264.70588235294116,199.2797118847539,235.89435774309726
6616,......6616 Collonge-Bellerive,8643,545.6438736549809,454.3561263450191,272.70623626055766,272.93763739442323,206.17841027421036,248.17771607080874
6617,......6617 Cologny,6027,464.5760743321719,535.4239256678281,222.00099552015928,242.57507881201263,245.2297992367679,290.1941264310602
6618,......6618 Confignon,4553,702.3940259169779,297.6059740830222,348.56138809576106,353.8326378212168,139.24884691412257,158.35712716889964
6619,......6619 Corsier (GE),2313,549.0704712494596,450.92952875054044,276.26459143968873,272.80587980977083,209.25205361003026,241.67747514051015
6620,......6620 Dardagny,1828,642.2319474835886,357.7680525164114,310.72210065645515,331.50984682713346,164.11378555798686,193.6542669584245
6621,......6621 Genève,209061,393.6889233285979,606.3110766714021,196.1532758381525,197.53564749044537,283.81668508234435,322.4943915890577
6622,......6622 Genthod,2861,500.87382034253756,499.12617965746244,248.86403355470117,252.00978678783642,227.54281719678434,271.5833624606781
6623,......6623 Le Grand-Saconnex,13062,416.475271780738,583.524728219262,212.14209156331344,204.33318021742457,277.8288164140254,305.69591180523656
6624,......6624 Gy,553,699.8191681735985,300.1808318264014,321.88065099457503,377.9385171790235,132.00723327305604,168.17359855334539
6625,......6625 Hermance,1246,539.3258426966293,460.6741573033708,269.6629213483146,269.6629213483146,215.8908507223114,244.7833065810594
6626,......6626 Jussy,1223,676.2060506950123,323.79394930498773,335.2412101390024,340.9648405560098,147.99672935404743,175.7972199509403
6627,......6627 Laconnex,704,741.4772727272727,258.5227272727273,365.0568181818182,376.4204545454545,127.8409090909091,130.6818181818182
6628,......6628 Lancy,37259,541.1846802114926,458.8153197885075,268.17681633967635,273.0078638718162,215.35736332161358,243.4579564668939
6629,......6629 Meinier,2069,671.3388110198163,328.6611889801836,338.8110198163364,332.5277912034799,141.13098115031417,187.5302078298695
6630,......6630 Meyrin,27059,465.2426179829262,534.7573820170738,234.2289072027791,231.0137107801471,262.57437451494883,272.183007502125
6631,......6631 Onex,18915,537.6685170499603,462.3314829500397,261.43272535025113,276.23579169970924,216.2833729844039,246.04810996563572
6632,......6632 Perly-Certoux,3304,644.3704600484261,355.62953995157386,308.41404358353515,335.95641646489105,166.46489104116222,189.16464891041161
6633,......6633 Plan-les-Ouates,12186,652.9624158870836,347.0375841129165,322.00886262924666,330.95355325783686,164.20482520925654,182.83275890365994
6634,......6634 Pregny-Chambésy,4262,370.9526044110746,629.0473955889254,192.86719849835757,178.08540591271705,295.4012200844674,333.64617550445803
6635,......6635 Presinge,708,659.6045197740112,340.3954802259887,329.0960451977401,330.50847457627117,148.3050847457627,192.090395480226
6636,......6636 Puplinge,2628,674.6575342465753,325.3424657534247,321.5372907153729,353.1202435312024,151.82648401826484,173.5159817351598
6637,......6637 Russin,543,635.3591160220994,364.64088397790056,338.8581952117864,296.5009208103131,173.11233885819522,191.52854511970534
6638,......6638 Satigny,4713,631.869297687248,368.13070231275196,325.90706556333544,305.9622321239126,184.38361977509018,183.74708253766178
6639,......6639 Soral,942,698.5138004246284,301.48619957537153,345.0106157112526,353.5031847133758,128.45010615711251,173.03609341825901
6640,......6640 Thônex,16809,497.82854423225655,502.17145576774345,247.42697364507112,250.40157058718543,233.8628115890297,268.3086441787138
6641,......6641 Troinex,3145,632.7503974562798,367.2496025437202,316.0572337042925,316.6931637519873,181.55802861685214,185.69157392686805
6642,......6642 Vandoeuvres,3030,525.0825082508251,474.9174917491749,273.9273927392739,251.15511551155117,215.84158415841583,259.07590759075913
6643,......6643 Vernier,37837,463.4881200940878,536.5118799059122,235.48378571239792,228.0043343816899,264.2387081428232,272.273171763089
6644,......6644 Versoix,13996,458.48813946841955,541.5118605315804,228.13661046013146,230.35152900828808,252.00057159188339,289.51128893969707
6645,......6645 Veyrier,12085,585.188249896566,414.811750103434,293.83533305750933,291.35291683905666,195.94538684319403,218.86636326023998
6702,......6702 Boécourt,961,881.3735691987513,118.6264308012487,444.32882414151925,437.0447450572321,48.90738813735692,69.71904266389178
6703,......6703 Bourrignon,263,950.5703422053232,49.42965779467681,486.6920152091255,463.87832699619776,19.011406844106464,30.418250950570343
6704,......6704 Châtillon (JU),475,905.2631578947369,94.73684210526316,456.84210526315786,448.42105263157896,58.94736842105263,35.78947368421052
6706,......6706 Courchapoix,449,922.0489977728286,77.9510022271715,496.65924276169267,425.38975501113583,42.31625835189309,35.634743875278396
6708,......6708 Courrendlin,3687,767.8329264985083,232.16707350149173,380.7973962571196,387.03553024138864,122.05044751830756,110.11662598318415
6709,......6709 Courroux,3443,803.3691548068545,196.63084519314552,404.5890212024397,398.7801336044148,85.68109207086842,110.94975312227709
6710,......6710 Courtételle,2788,845.0502152080345,154.94978479196556,420.73170731707313,424.31850789096126,77.83357245337159,77.11621233859398
6711,......6711 Delémont,12813,654.1793490985718,345.8206509014282,322.48497619605087,331.69437290252085,168.7348786388824,177.08577226254585
6712,......6712 Develier,1393,833.4529791816224,166.5470208183776,421.3926776740847,412.0603015075377,71.78750897343862,94.75951184493898
6713,......6713 Ederswiler,115,930.4347826086956,69.56521739130434,469.5652173913044,460.8695652173913,26.08695652173913,43.47826086956522
6715,......6715 Mervelier,526,889.7338403041824,110.26615969581749,467.680608365019,422.0532319391635,34.22053231939164,76.04562737642586
6716,......6716 Mettembert,112,821.4285714285714,178.57142857142858,410.7142857142857,410.7142857142857,80.35714285714286,98.21428571428571
6718,......6718 Movelier,414,857.4879227053141,142.51207729468598,405.7971014492754,451.69082125603865,79.71014492753622,62.80193236714976
6719,......6719 Pleigne,365,915.068493150685,84.93150684931507,427.3972602739726,487.67123287671234,43.83561643835616,41.0958904109589
6721,......6721 Rossemaison,740,825.6756756756757,174.32432432432432,429.72972972972974,395.94594594594594,83.78378378378379,90.54054054054055
6722,......6722 Saulcy,277,924.187725631769,75.81227436823104,494.58483754512633,429.6028880866426,32.49097472924188,43.32129963898917
6724,......6724 Soyhières,453,741.7218543046358,258.27814569536423,355.4083885209713,386.3134657836644,125.82781456953643,132.45033112582783
6729,......6729 Haute-Sorne,7453,794.4451898564337,205.55481014356636,398.89977190393125,395.54541795250236,102.64323091372601,102.91157922984033
6730,......6730 Val Terbi,3270,906.7278287461775,93.27217125382263,459.9388379204893,446.7889908256881,38.53211009174312,54.740061162079506
6741,......6741 Le Bémont (JU),308,931.8181818181818,68.18181818181817,477.2727272727273,454.5454545454545,32.467532467532465,35.714285714285715
6742,......6742 Les Bois,1244,860.128617363344,139.87138263665594,433.27974276527334,426.8488745980707,70.7395498392283,69.13183279742766
6743,......6743 Les Breuleux,1627,837.7381684081131,162.2618315918869,425.93730792870315,411.80086047940995,77.44314689612784,84.81868469575906
6745,......6745 Les Enfers,151,894.0397350993378,105.96026490066225,470.19867549668874,423.841059602649,39.735099337748345,66.22516556291392
6748,......6748 Les Genevez (JU),516,914.7286821705426,85.27131782945736,463.1782945736434,451.55038759689927,38.75968992248062,46.51162790697674
6750,......6750 Lajoux (JU),720,887.5,112.5,419.44444444444446,468.05555555555554,52.77777777777778,59.72222222222223
6751,......6751 Montfaucon,564,920.2127659574468,79.7872340425532,487.58865248226954,432.6241134751773,39.00709219858156,40.780141843971634
6753,......6753 Muriaux,518,907.3359073359073,92.66409266409266,465.25096525096524,442.0849420849421,34.74903474903475,57.915057915057915
6754,......6754 Le Noirmont,1934,793.1747673216132,206.82523267838675,389.8655635987591,403.3092037228542,98.75904860392968,108.06618407445708
6757,......6757 Saignelégier,2531,867.2461477676807,132.75385223231925,430.26471750296326,436.9814302647175,58.87001185302252,73.88384037929673
6758,......6758 Saint-Brais,237,873.4177215189874,126.58227848101266,447.25738396624473,426.16033755274265,59.07172995780591,67.51054852320675
6759,......6759 Soubey,125,856.0,144.0,496.0,360.0,56.0,88.0
6771,......6771 Alle,1946,821.6855087358684,178.31449126413153,406.9886947584789,414.6968139773895,88.38643371017471,89.92805755395683
6774,......6774 Boncourt,1170,800.8547008547009,199.14529914529913,400.85470085470087,400.0,74.35897435897436,124.78632478632478
6778,......6778 Bure,645,883.7209302325582,116.27906976744185,454.26356589147287,429.4573643410853,43.41085271317829,72.86821705426357
6781,......6781 Coeuve,717,921.8967921896792,78.10320781032078,453.2775453277545,468.6192468619247,27.89400278940028,50.2092050209205
6782,......6782 Cornol,1083,837.4884579870729,162.51154201292707,427.5161588180979,409.9722991689751,68.32871652816252,94.18282548476455
6783,......6783 Courchavon,323,829.7213622291022,170.27863777089783,414.8606811145511,414.8606811145511,83.59133126934984,86.687306501548
6784,......6784 Courgenay,2439,838.4583845838458,161.54161541615417,421.48421484214845,416.97416974169744,79.95079950799509,81.59081590815909
6785,......6785 Courtedoux,761,865.9658344283837,134.03416557161628,413.92904073587385,452.0367936925099,48.62023653088042,85.41392904073587
6789,......6789 Fahy,337,842.7299703264096,157.2700296735905,412.4629080118694,430.26706231454006,68.24925816023739,89.02077151335313
6790,......6790 Fontenais,1632,875.6127450980392,124.38725490196079,429.53431372549016,446.07843137254906,60.661764705882355,63.725490196078425
6792,......6792 Grandfontaine,378,875.6613756613757,124.33862433862433,425.9259259259259,449.7354497354497,60.84656084656084,63.49206349206349
6800,......6800 Porrentruy,6574,705.2023121387283,294.7976878612717,345.9081229084272,359.2941892303012,143.29175540006085,151.50593246121082
6806,......6806 Vendlincourt,557,843.806104129264,156.1938958707361,427.2890484739677,416.51705565529625,86.17594254937164,70.01795332136446
6807,......6807 Basse-Allaine,1197,817.8780284043441,182.1219715956558,415.2046783625731,402.6733500417711,73.51712614870509,108.6048454469507
6808,......6808 Clos du Doubs,1304,876.5337423312883,123.46625766871165,451.6871165644172,424.84662576687117,55.214723926380366,68.25153374233128
6809,......6809 Haute-Ajoie,1064,847.7443609022557,152.25563909774436,435.1503759398496,412.593984962406,66.72932330827068,85.52631578947368
6810,......6810 La Baroche,1135,874.0088105726873,125.99118942731278,453.74449339207047,420.26431718061673,59.030837004405285,66.96035242290749
6811,......6811 Damphreux-Lugnez,370,859.4594594594595,140.54054054054055,467.56756756756755,391.8918918918919,51.351351351351354,89.1891891891892
6812,......6812 Basse-Vendline,736,778.5326086956522,221.46739130434784,380.4347826086957,398.09782608695656,103.26086956521739,118.20652173913044
