geo_code,geo_name,population,0_14_per1000,15_64_per1000,65plus_per1000,0_4_per1000,5_9_per1000,10_14_per1000,15_19_per1000,20_29_per1000,30_44_per1000,45_64_per1000,65_74_per1000,75_84_per1000,85plus_per1000,male_per1000,female_per1000,sex_ratio_males_per1000_females,single_per1000,married_per1000,widowed_per1000,divorced_per1000,youth_dependency_ratio_per_1000,old_age_dependency_ratio_per_1000,total_dependency_ratio_per_1000,aging_index_65plus_per_1000_of_0to14
0001,......0001 Aeugst am Albis,1995,141.35338345864662,636.5914786967418,222.05513784461152,36.59147869674185,43.60902255639098,61.152882205513784,48.62155388471178,83.20802005012531,163.40852130325814,341.35338345864665,130.82706766917292,74.18546365914787,17.04260651629073,501.7543859649123,498.2456140350877,1007.0422535211268,425.062656641604,446.61654135338347,32.581453634085214,94.73684210526316,222.0472440944882,348.81889763779526,570.8661417322835,1570.921985815603
0002,......0002 Affoltern am Albis,12882,152.9265641981059,650.0543393882937,197.01909641360038,53.252600527868346,52.47632355224344,47.1976401179941,50.45800341561869,111.78388448998602,229.7003570874088,258.1120943952802,97.42276044092532,70.17543859649122,29.42089737618382,502.32883092687473,497.6711690731253,1009.3589143659336,448.222325725819,416.00683123738554,47.042384722869116,88.26269212855146,235.25197038452353,303.08096489133027,538.3329352758537,1288.3248730964467
0003,......0003 Bonstetten,5712,164.91596638655463,654.0616246498599,181.02240896358543,47.61904761904761,54.4467787114846,62.85014005602241,67.22689075630252,86.65966386554622,207.2829131652661,292.89215686274514,93.4873949579832,68.62745098039217,18.907563025210084,493.172268907563,506.827731092437,973.0569948186528,441.3515406162465,447.30392156862746,32.913165266106446,78.25630252100841,252.14132762312636,276.7665952890792,528.9079229122055,1097.664543524416
0004,......0004 Hausen am Albis,3951,156.9222981523665,640.5973171349025,202.48038471273094,44.2925841559099,54.16350291065553,58.46621108580106,60.49101493292837,89.59757023538344,169.57732219691218,320.93140976967857,106.04910149329284,74.91774234371046,21.513540875727664,483.928119463427,516.0718805365731,937.7145659637077,425.96810933940776,445.70994684889905,37.205770690964314,91.11617312072893,244.9624654286843,316.0806005531411,561.0430659818254,1290.3225806451612
0005,......0005 Hedingen,4002,152.17391304347828,669.1654172913544,178.6606696651674,39.980009995002504,52.47376311844078,59.72013993003498,53.72313843078461,113.19340329835083,193.65317341329336,308.5957021489255,97.95102448775613,64.46776611694153,16.241879060469767,506.49675162418794,493.5032483758121,1026.3291139240507,439.5302348825587,440.279860069965,29.23538230884558,90.95452273863069,227.4085138162808,266.99029126213594,494.39880507841673,1174.055829228243
0006,......0006 Kappel am Albis,1382,197.5397973950796,659.1895803183792,143.27062228654125,46.30969609261939,75.25325615050652,75.97684515195368,56.43994211287988,81.04196816208393,198.98697539797394,322.72069464544137,79.59479015918957,49.204052098408106,14.47178002894356,509.4066570188133,490.59334298118665,1038.3480825958702,489.8697539797395,410.27496382054994,26.772793053545588,73.08248914616499,299.6706915477497,217.34357848518113,517.0142700329309,725.2747252747253
0007,......0007 Knonau,2466,190.59205190592053,649.6350364963504,159.7729115977291,46.228710462287104,75.02027575020276,69.34306569343066,62.4493106244931,90.8353609083536,208.02919708029196,288.3211678832117,85.1581508515815,59.205190592051906,15.409570154095702,500.4055150040552,499.5944849959448,1001.6233766233767,457.8264395782644,441.6058394160584,35.685320356853204,64.882400648824,293.3832709113608,245.9425717852684,539.3258426966293,838.2978723404256
0008,......0008 Maschwanden,677,168.38995568685377,654.357459379616,177.25258493353027,38.40472673559823,62.0384047267356,67.94682422451994,50.22156573116691,78.28655834564253,175.7754800590842,350.07385524372233,91.5805022156573,66.46971935007386,19.202363367799116,509.60118168389954,490.39881831610046,1039.1566265060242,463.8109305760709,407.68094534711963,38.40472673559823,90.10339734121123,257.3363431151242,270.88036117381495,528.2167042889391,1052.6315789473683
0009,......0009 Mettmenstetten,5763,188.26999826479266,625.021690091966,186.70831164324136,53.61790733992712,74.61391636300537,60.03817456186014,52.22974145410377,91.44542772861357,203.7133437445775,277.63317716467117,97.1716120076349,70.79646017699115,18.740239458615303,494.8811382960264,505.11886170397355,979.7320508416352,459.6564289432587,423.0435537046677,34.704147145583896,82.59587020648968,301.2215435868962,298.7229317046086,599.9444752915048,991.7050691244239
0010,......0010 Obfelden,5961,170.1056869652743,649.0521724542862,180.84214058043952,46.804227478610976,65.08975004193927,58.21170944472404,55.359838953195776,109.54537829223285,211.87720181177656,272.26975339708105,91.42761281664151,70.29021976178494,19.124308002013084,501.59369233350105,498.4063076664989,1006.3951531470885,446.56936755577925,438.1815131689314,37.7453447408153,77.16826035900017,262.0832256397002,278.62496769191006,540.7081933316102,1063.1163708086785
0011,......0011 Ottenbach,2973,162.12579885637405,615.2034981500168,222.67070299360913,50.11772620248907,54.49041372351161,57.51765893037336,47.763202152707706,96.1991254624958,181.29835183316516,289.94281870164815,129.8351833165153,75.0084090144635,17.82711066263034,499.1590985536495,500.84090144635053,996.6420416386836,410.6962663975782,461.1503531786075,41.70871173898419,86.10830810628994,263.53198469108804,361.94641880809183,625.4784034991799,1373.4439834024897
0012,......0012 Rifferswil,1180,170.33898305084747,639.8305084745763,189.83050847457628,39.83050847457627,58.47457627118644,72.03389830508475,83.05084745762711,72.03389830508475,167.79661016949152,316.9491525423729,105.9322033898305,69.49152542372882,14.40677966101695,480.50847457627117,519.4915254237288,924.9592169657423,433.89830508474574,444.06779661016947,33.898305084745765,88.13559322033898,266.2251655629139,296.68874172185434,562.9139072847682,1114.4278606965174
0013,......0013 Stallikon,3909,176.51573292402148,643.1312356101304,180.35303146584806,49.8848810437452,66.76899462778205,59.86185725249425,42.46610386288053,77.25761064210795,209.00486057815297,314.402660526989,99.7697620874904,62.675876183167055,17.907393195190586,495.01151189562546,504.9884881043745,980.2431610942249,432.59145561524684,451.26630851880276,35.81478639038117,79.81580966999233,274.4630071599045,280.4295942720764,554.8926014319809,1021.7391304347827
0014,......0014 Wettswil am Albis,5337,175.75416900880646,619.6364999063144,204.60933108487913,44.03222784335769,61.083005433764285,70.63893573168447,55.461869964399476,76.44744238336145,197.67659733932922,290.0505902192243,91.62450815064643,84.12966085816001,28.855162076072702,492.0367247517332,507.96327524826677,968.6462559940982,412.21660108675286,463.55630504028477,40.28480419711448,83.94228967584786,283.6407620199577,330.20864832174175,613.8494103416994,1164.1791044776119
0022,......0022 Benken (ZH),883,163.08040770101925,655.7191392978482,181.2004530011325,46.4326160815402,61.15515288788222,55.49263873159683,46.4326160815402,89.46772366930918,190.26047565118913,329.55832389580974,105.32276330690826,55.49263873159683,20.385050962627407,510.75877689694227,489.24122310305773,1043.9814814814813,437.14609286523216,424.6885617214043,46.4326160815402,91.73272933182334,248.70466321243524,276.33851468048357,525.0431778929188,1111.111111111111
0023,......0023 Berg am Irchel,589,118.84550084889644,602.7164685908319,278.43803056027167,39.04923599320883,35.65365025466893,44.14261460101868,42.444821731748725,73.00509337860781,166.383701188455,320.88285229202035,149.4057724957555,106.96095076400678,22.07130730050934,509.3378607809847,490.66213921901533,1038.0622837370242,387.09677419354836,490.66213921901533,35.65365025466893,84.88964346349745,197.18309859154928,461.97183098591546,659.1549295774648,2342.857142857143
0024,......0024 Buch am Irchel,1066,175.422138836773,655.7223264540337,168.85553470919322,51.594746716697934,58.16135084427768,65.66604127579738,59.09943714821764,79.73733583489681,235.4596622889306,281.42589118198873,104.12757973733584,55.347091932457786,9.380863039399626,484.9906191369606,515.0093808630394,941.7122040072859,427.7673545966229,451.219512195122,25.328330206378986,95.68480300187618,267.52503576537913,257.5107296137339,525.0357653791131,962.566844919786
0025,......0025 Dachsen,1926,129.2834890965732,644.8598130841121,225.85669781931463,33.74870197300104,44.13291796469367,51.401869158878505,57.113187954309446,90.8618899273105,172.89719626168224,323.98753894080994,112.14953271028037,86.18899273104881,27.51817237798546,497.9231568016615,502.07684319833857,991.7269906928645,399.2731048805815,469.88577362409137,42.57528556593977,88.26583592938734,200.4830917874396,350.24154589371983,550.7246376811594,1746.987951807229
0026,......0026 Dorf,728,140.1098901098901,695.054945054945,164.83516483516485,48.07692307692308,49.450549450549445,42.582417582417584,45.32967032967033,107.14285714285714,196.42857142857142,346.15384615384613,89.28571428571429,60.43956043956044,15.10989010989011,498.6263736263736,501.3736263736264,994.5205479452055,412.08791208791206,473.90109890109886,48.07692307692308,65.93406593406594,201.5810276679842,237.15415019762844,438.7351778656127,1176.4705882352941
0027,......0027 Feuerthalen,3848,157.22453222453223,651.2474012474012,191.52806652806652,46.51767151767152,57.95218295218296,52.75467775467776,48.33679833679834,96.41372141372142,224.7920997920998,281.7047817047817,96.41372141372142,61.850311850311854,33.264033264033266,490.12474012474013,509.8752598752598,961.2640163098879,441.5280665280665,419.95841995842,46.77754677754678,91.73596673596674,241.42059058260176,294.09417398244216,535.5147645650438,1218.1818181818182
0028,......0028 Flaach,1494,151.27175368139223,655.9571619812584,192.7710843373494,48.19277108433735,55.55555555555555,47.52342704149933,52.87817938420348,105.75635876840695,202.81124497991968,294.51137884872827,100.40160642570281,62.91834002677377,29.45113788487282,511.37884872824634,488.6211512717537,1046.5753424657532,437.75100401606426,435.07362784471223,47.52342704149933,78.98259705488621,230.6122448979592,293.8775510204082,524.4897959183673,1274.3362831858408
0029,......0029 Flurlingen,1520,144.73684210526315,657.2368421052631,198.0263157894737,46.71052631578947,52.63157894736842,45.39473684210527,58.55263157894737,84.21052631578947,194.73684210526315,319.7368421052632,98.6842105263158,67.76315789473685,31.578947368421055,501.31578947368416,498.6842105263158,1005.2770448548813,425.65789473684214,441.44736842105266,46.71052631578947,86.1842105263158,220.22022022022023,301.3013013013013,521.5215215215215,1368.1818181818182
0031,......0031 Henggart,2343,156.20998719590267,626.1203585147247,217.6696542893726,47.37516005121639,51.21638924455826,57.61843790012804,55.91122492530943,94.75032010243278,168.58728126333762,306.87153222364486,104.56679470763979,81.51941954758857,31.58344003414426,484.42168160478025,515.5783183952199,939.5695364238411,412.291933418694,463.9351259069569,43.10712761416987,80.2390098164746,249.48875255623724,347.6482617586912,597.1370143149284,1393.4426229508197
0033,......0033 Kleinandelfingen,2238,160.85790884718497,636.7292225201072,202.41286863270778,47.36371760500447,54.512957998212684,58.98123324396783,56.30026809651475,82.66309204647006,204.20017873100983,293.5656836461126,115.28150134048256,64.78999106344952,22.341376228775694,495.08489722966937,504.9151027703307,980.5309734513274,420.9115281501341,443.69973190348526,41.55495978552279,93.3869526362824,252.63157894736844,317.89473684210526,570.5263157894736,1258.3333333333333
0034,......0034 Laufen-Uhwiesen,1828,119.80306345733041,647.7024070021881,232.49452954048138,33.36980306345733,35.55798687089715,50.87527352297593,49.78118161925602,89.71553610503283,155.36105032822758,352.8446389496718,120.89715536105034,80.96280087527352,30.63457330415755,501.0940919037199,498.9059080962801,1004.3859649122807,390.0437636761488,455.1422319474836,55.798687089715536,98.46827133479212,184.96621621621622,358.9527027027027,543.918918918919,1940.6392694063927
0035,......0035 Marthalen,1990,154.2713567839196,624.6231155778894,221.10552763819098,51.75879396984924,51.256281407035175,51.256281407035175,52.26130653266332,93.96984924623115,204.52261306532662,273.86934673366835,120.10050251256281,79.89949748743719,21.105527638190953,500.5025125628141,499.4974874371859,1002.0120724346076,426.63316582914575,446.2311557788945,46.231155778894475,80.90452261306532,246.98310539018505,353.98230088495575,600.9654062751408,1433.2247557003257
0037,......0037 Ossingen,1835,168.39237057220708,636.5122615803814,195.09536784741144,57.22070844686648,69.75476839237058,41.41689373297003,44.6866485013624,105.72207084468666,207.08446866485014,279.0190735694823,107.90190735694823,65.9400544959128,21.25340599455041,504.63215258855587,495.36784741144413,1018.7018701870187,449.04632152588556,431.6076294277929,34.87738419618529,84.46866485013624,264.55479452054794,306.5068493150685,571.0616438356165,1158.5760517799354
0038,......0038 Rheinau,1321,143.07342922028766,618.4708554125662,238.4557153671461,36.33610900832703,49.20514761544285,57.532172596517796,46.934140802422405,80.999242997729,174.11052233156698,316.42694928084785,133.98940196820593,78.72823618470856,25.738077214231645,501.8925056775171,498.107494322483,1007.5987841945289,404.99621498864497,456.4723694171082,42.39212717638153,96.13928841786526,231.33414932680537,385.55691554467563,616.891064871481,1666.6666666666667
0039,......0039 Thalheim an der Thur,1004,166.33466135458167,668.3266932270916,165.33864541832668,54.78087649402391,53.78486055776892,57.76892430278884,61.75298804780876,88.64541832669323,188.24701195219123,329.68127490039836,85.65737051792829,61.75298804780876,17.928286852589643,519.9203187250996,480.0796812749004,1082.9875518672197,437.25099601593627,438.24701195219126,24.9003984063745,99.601593625498,248.88226527570788,247.3919523099851,496.274217585693,994.0119760479041
0040,......0040 Trüllikon,1104,120.47101449275361,624.0942028985507,255.43478260869568,37.13768115942029,41.666666666666664,41.666666666666664,57.065217391304344,90.57971014492753,196.55797101449278,279.8913043478261,140.3985507246377,96.92028985507247,18.115942028985508,500.90579710144925,499.09420289855075,1003.6297640653357,400.3623188405797,467.3913043478261,42.572463768115945,88.76811594202898,193.03338171262698,409.288824383164,602.322206095791,2120.3007518796994
0041,......0041 Truttikon,458,144.1048034934498,628.82096069869,227.07423580786028,34.93449781659388,58.95196506550218,50.21834061135371,41.48471615720524,98.2532751091703,148.47161572052403,340.6113537117904,128.82096069868996,72.0524017467249,26.200873362445414,493.44978165938863,506.5502183406113,974.1379310344828,377.7292576419214,493.44978165938863,39.301310043668124,89.51965065502183,229.16666666666666,361.1111111111111,590.2777777777778,1575.7575757575758
0043,......0043 Volken,382,162.30366492146598,712.0418848167538,125.6544502617801,49.738219895287955,65.44502617801047,47.12041884816754,70.68062827225131,104.71204188481676,191.09947643979058,345.5497382198953,62.82722513089005,47.12041884816754,15.706806282722512,497.3821989528796,502.6178010471204,989.5833333333334,471.2041884816754,410.9947643979058,47.12041884816754,70.68062827225131,227.94117647058823,176.47058823529412,404.4117647058824,774.1935483870967
0291,......0291 Andelfingen,3681,160.28253192067373,644.3901113827765,195.32735669654986,42.92311871773975,49.443086117902745,67.91632708503124,64.38467807660962,95.626188535724,187.72072806302637,296.6585167074164,88.0195599022005,79.05460472697636,28.253192067372996,494.43086117902743,505.56913882097257,977.9688339602365,446.34610160282534,435.2078239608802,43.46644933442,74.97962510187449,248.73524451939292,303.1197301854975,551.8549747048904,1218.6440677966102
0292,......0292 Stammheim,2947,159.14489311163896,599.2534781133356,241.60162877502543,44.79131319986427,59.72175093315236,54.63182897862233,55.98914149983034,85.5106888361045,178.48659653885306,279.26705123854765,130.98065829657278,83.81404818459451,26.80692229385816,488.29317950458096,511.70682049541904,954.2440318302388,408.21174075330845,464.5402103834408,44.79131319986427,82.45673566338648,265.5719139297848,403.1710079275198,668.7429218573046,1518.1236673773988
0051,......0051 Bachenbülach,4286,158.42277181521234,635.3243117125526,206.25291647223517,48.99673355109659,52.26318245450303,57.162855809612694,58.796080261315915,98.92673821745217,187.58749416705552,290.01399906672884,95.66028931404573,85.16098926738218,25.431637890807277,495.56696220251985,504.43303779748015,982.4236817761332,417.40550629958,438.63742417172193,43.86374241717219,99.6266915538964,249.3573264781491,324.6419390378259,573.999265515975,1301.9145802650958
0052,......0052 Bassersdorf,12301,156.1661653524104,664.498821234046,179.3350134135436,50.40240630843021,50.80887732704658,54.954881716933585,51.54052516055605,111.94211852694903,213.64116738476545,287.3750101617755,88.52938785464596,68.85619055361353,21.949435005284123,501.74782538005036,498.2521746199496,1007.0158263990862,443.5411755141858,433.7858710673929,36.744980082920094,85.8466791317779,235.0134573036457,269.88010765842915,504.89356496207483,1148.3602290473711
0053,......0053 Bülach,24508,162.39595234209236,669.4140688754693,168.18997878243837,55.614493226701484,57.12420434143953,49.657254773951365,46.43381752897013,134.36428921168599,242.0842173984005,246.5317447364126,81.23877917414723,61.979761710461894,24.97143789782928,493.3491104945324,506.65088950546755,973.7456712571475,454.2598335237473,417.618736739024,40.476579076220006,87.48163864860453,242.5941728635865,251.24954285017677,493.84371571376323,1035.678391959799
0054,......0054 Dietlikon,8027,145.8826460695154,649.3085835305843,204.80877039990034,44.22573813379843,50.08097670362526,51.57593123209169,49.08434035131432,115.11149869191478,215.27345209916533,269.8392923881899,92.3134421328018,76.36726049582659,36.12806777127196,503.9242556372243,496.07574436277565,1015.8211953792064,441.1361654416345,422.94755201195966,47.58938582284789,88.326896723558,224.67382962394475,315.4259401381427,540.0997697620875,1403.928266438941
0055,......0055 Eglisau,5750,171.47826086956522,645.9130434782609,182.6086956521739,53.04347826086957,57.7391304347826,60.69565217391305,53.73913043478261,93.39130434782608,215.30434782608697,283.47826086956525,91.82608695652173,67.82608695652175,22.956521739130434,497.39130434782606,502.60869565217394,989.6193771626297,429.39130434782606,461.3913043478261,34.434782608695656,74.78260869565217,265.4819601507808,282.71405492730213,548.196015078083,1064.9087221095335
0056,......0056 Embrach,10356,157.0104287369641,670.5291618385477,172.46040942448823,50.695249130938585,51.46774816531479,54.8474314407107,52.6264967168791,124.27578215527231,217.1687910390112,276.45809192738506,88.0648899188876,64.02085747392816,20.37466203167246,503.2831208960988,496.71687910390114,1013.2192846034213,434.6272692159135,436.36539204326,40.942448821938974,87.96832753959058,234.15898617511522,257.2004608294931,491.35944700460834,1098.4009840098402
0057,......0057 Freienstein-Teufen,2372,139.9662731871838,632.7993254637436,227.23440134907253,41.31534569983136,41.31534569983136,57.33558178752108,50.5902192242833,81.787521079258,169.0556492411467,331.3659359190557,123.9460370994941,78.41483979763912,24.873524451939293,507.5885328836425,492.4114671163575,1030.8219178082193,394.1821247892074,472.5969645868465,34.99156829679595,98.22934232715008,221.1858760826116,359.09393737508327,580.2798134576949,1623.4939759036145
0058,......0058 Glattfelden,5438,155.9396837072453,685.1783744023538,158.8819418904009,45.60500183891136,53.696211842589186,56.63847002574476,58.84516366311144,102.42736300110334,211.29091577785948,312.61493196027953,85.50937844795881,54.98344979771975,18.389113644722322,500.7355645457889,499.26443545421114,1002.9465930018415,435.45421110702466,439.68370724531076,34.93931592497242,89.92276572269218,227.58990874932906,231.8840579710145,459.4739667203435,1018.8679245283018
0059,......0059 Hochfelden,2015,155.83126550868488,640.6947890818858,203.4739454094293,45.16129032258064,53.101736972704714,57.56823821339951,66.00496277915633,92.80397022332507,186.60049627791565,295.2853598014888,116.12903225806453,71.46401985111663,15.88089330024814,491.81141439205953,508.18858560794047,967.7734375,415.3846153846154,458.06451612903226,40.69478908188585,85.8560794044665,243.22230828814872,317.58326878388846,560.8055770720372,1305.7324840764331
0060,......0060 Höri,3564,161.0549943883277,698.6531986531986,140.29180695847361,58.92255892255893,55.274971941638604,46.85746352413019,47.13804713804714,151.51515151515153,228.675645342312,271.324354657688,83.33333333333333,42.368125701459036,14.590347923681257,523.8496071829405,476.1503928170595,1100.1767825574545,447.2502805836139,442.19977553310883,34.23120089786756,76.31874298540966,230.52208835341364,200.80321285140562,431.32530120481925,871.0801393728223
0061,......0061 Hüntwangen,1094,139.85374771480804,627.9707495429616,232.17550274223035,38.391224862888485,46.61791590493602,54.844606946983546,55.75868372943327,83.18098720292505,170.01828153564898,319.0127970749543,120.6581352833638,85.00914076782449,26.508226691042047,506.398537477148,493.60146252285193,1025.9259259259259,385.7404021937843,459.78062157221206,43.875685557586834,110.60329067641682,222.707423580786,369.72343522561863,592.4308588064047,1660.1307189542486
0062,......0062 Kloten,21737,135.06923678520494,710.171596816488,154.75916639830703,42.876201867783045,47.38464369508212,44.808391222339786,44.39435064636334,140.31375074757327,257.6712517826747,267.7922436398767,74.52730367576022,55.80346873993652,24.428393982610295,515.8025486497677,484.19745135023237,1065.2731591448933,474.07645949303037,386.29985738602386,38.4137645489258,100.9338915213691,190.19239489538123,217.91798924661526,408.1103841419965,1145.7765667574934
0063,......0063 Lufingen,2840,172.18309859154928,694.0140845070423,133.80281690140845,58.80281690140845,57.74647887323943,55.63380281690141,51.056338028169016,103.52112676056338,242.25352112676057,297.1830985915493,84.50704225352112,41.54929577464789,7.746478873239437,503.5211267605634,496.4788732394366,1014.1843971631206,455.98591549295776,436.2676056338028,31.69014084507042,76.05633802816901,248.0974124809741,192.79553526128868,440.8929477422628,777.0961145194274
0064,......0064 Nürensdorf,5862,140.73694984646878,630.8427157966564,228.42033435687478,43.15933128625043,45.54759467758444,52.03002388263391,46.400545888775156,91.94814056635961,180.3138860457182,312.1801432958035,107.13067212555443,89.38928693278744,31.90037529853292,497.09996588195156,502.9000341180484,988.4667571234735,404.1282838621631,448.3111566018424,46.741726373251446,100.47765267826681,223.0935640886966,362.08761492698756,585.1811790156842,1623.030303030303
0065,......0065 Oberembrach,1130,143.3628318584071,655.7522123893805,200.8849557522124,46.902654867256636,53.98230088495575,42.47787610619469,39.823008849557525,88.49557522123894,192.0353982300885,335.39823008849555,107.9646017699115,69.91150442477877,23.008849557522122,497.34513274336285,502.6548672566372,989.4366197183099,427.43362831858406,446.01769911504425,30.088495575221238,96.46017699115045,218.62348178137654,306.34278002699057,524.966261808367,1401.2345679012346
0066,......0066 Opfikon,21554,162.52203767282174,719.216850700566,118.26111162661223,54.282267792521104,56.462837524357425,51.77693235594321,44.35371624756426,131.8548761250812,304.3982555442145,238.61000278370602,60.73118678667533,40.54931799202004,16.98060684791686,517.1197921499489,482.880207850051,1070.9069946195236,498.9329126844205,386.7959543472209,30.064025238934768,83.97513222603693,225.9708424719391,164.43039607792542,390.4012385498645,727.6620039965743
0067,......0067 Rafz,4769,150.76535961417488,647.095827217446,202.13881316837913,41.72782553994548,50.53470329209478,58.50283078213462,47.389389809184316,104.00503250157266,202.55818829943385,293.14321660725517,106.73097085342839,73.60033550010485,21.80750681484588,494.23359194799747,505.7664080520026,977.1973466003317,407.21325225414137,460.26420633256447,40.26001258125393,92.26252883204026,232.98768632534026,312.3784834737524,545.3661697990927,1340.751043115438
0068,......0068 Rorbas,3008,170.54521276595744,689.1622340425532,140.29255319148936,43.88297872340426,58.84308510638298,67.81914893617021,63.16489361702128,97.07446808510637,223.73670212765958,305.18617021276594,82.77925531914894,44.880319148936174,12.632978723404255,507.31382978723406,492.68617021276594,1029.689608636977,445.47872340425533,441.156914893617,30.252659574468087,82.44680851063829,247.4674384949349,203.56970574047276,451.03714423540765,822.6120857699805
0069,......0069 Wallisellen,17765,148.77568252181257,693.77990430622,157.44441317196737,48.91640866873065,50.99915564311849,48.86011820996341,44.18801013228258,118.77286799887419,272.2206585983676,258.59836757669575,76.55502392344498,55.896425555868284,24.992963692654094,503.4618632141852,496.5381367858148,1013.9439972792202,476.1609907120743,404.22178440754294,37.039121868843225,82.46552209400507,214.4421906693712,226.9371196754564,441.37931034482756,1058.2671206961786
0070,......0070 Wasterkingen,594,141.4141414141414,602.6936026936028,255.8922558922559,35.35353535353535,50.505050505050505,55.55555555555555,42.08754208754209,74.07407407407408,181.8181818181818,304.71380471380473,166.66666666666666,74.07407407407408,15.151515151515152,508.41750841750843,491.58249158249157,1034.2465753424656,380.4713804713805,444.4444444444444,63.97306397306397,111.1111111111111,234.6368715083799,424.5810055865922,659.217877094972,1809.5238095238096
0071,......0071 Wil (ZH),1572,155.85241730279898,619.5928753180661,224.55470737913487,43.89312977099236,59.16030534351145,52.79898218829516,55.97964376590331,75.69974554707379,185.75063613231552,302.1628498727735,127.86259541984732,69.3384223918575,27.353689567430028,510.81424936386765,489.1857506361323,1044.2132639791937,400.1272264631043,486.6412213740458,39.44020356234097,73.7913486005089,251.5400410677618,362.42299794661193,613.9630390143737,1440.8163265306123
0072,......0072 Winkel,5086,146.48053480141564,653.5587888320881,199.96067636649624,50.53086905230043,47.58159653952025,48.368069209594964,35.58788832088085,95.75304758159655,213.3307117577664,308.8871411718443,102.24144710971294,72.1588674793551,25.560361777428234,508.0613448682658,491.9386551317342,1032.7737809752198,428.03775068816356,431.5768777034998,36.76759732599292,103.02791977978765,224.12755716004816,305.956678700361,530.0842358604091,1365.1006711409398
0081,......0081 Bachs,678,159.2920353982301,620.94395280236,219.76401179941,50.147492625368734,53.097345132743364,56.04719764011799,44.24778761061947,58.99705014749262,206.4896755162242,311.2094395280236,115.04424778761062,75.2212389380531,29.49852507374631,511.7994100294986,488.2005899705015,1048.3383685800604,392.33038348082596,488.2005899705015,39.823008849557525,79.64601769911505,256.53206650831356,353.91923990498816,610.4513064133017,1379.6296296296296
0082,......0082 Boppelsen,1425,159.29824561403507,641.4035087719299,199.2982456140351,43.50877192982456,54.03508771929825,61.75438596491228,51.92982456140351,89.82456140350877,170.5263157894737,329.1228070175439,100.35087719298245,82.80701754385964,16.140350877192983,494.03508771929825,505.96491228070175,976.4216366158114,424.56140350877195,454.03508771929825,49.824561403508774,71.57894736842104,248.35886214442013,310.72210065645515,559.0809628008752,1251.101321585903
0083,......0083 Buchs (ZH),6808,154.52408930669802,684.4888366627497,160.9870740305523,51.26321974148061,52.73207990599295,50.528789659224444,51.26321974148061,120.44653349001175,224.29494712103406,288.4841363102233,90.77555816686251,53.90716803760282,16.304347826086957,505.7285546415982,494.2714453584019,1023.1797919762257,442.2737955346651,436.39835487661577,34.22444183313748,87.10340775558167,225.75107296137338,235.1931330472103,460.9442060085837,1041.8250950570343
0084,......0084 Dällikon,4466,163.9050604567846,671.7420510523959,164.35288849081954,54.187192118226605,57.32198835647112,52.395879982086875,46.79802955665024,121.58531124048365,223.24227496641288,280.1164352888491,83.74384236453201,63.14375279892521,17.465293327362293,509.1804746977161,490.8195253022839,1037.4087591240877,437.75190326914463,439.7671294223018,31.571876399462607,90.9090909090909,244.0,244.66666666666666,488.6666666666667,1002.7322404371583
0085,......0085 Dänikon,1866,147.37406216505894,687.566988210075,165.05894962486602,42.87245444801715,49.30332261521972,55.19828510182208,58.41371918542337,113.07609860664523,198.28510182207933,317.7920685959271,103.9657020364416,47.159699892818864,13.933547695605574,510.71811361200423,489.2818863879957,1043.8116100766704,424.97320471597,453.3762057877814,28.938906752411576,92.71168274383707,214.34138737334374,240.06235385814497,454.4037412314887,1120.0
0086,......0086 Dielsdorf,6725,148.10408921933086,674.7955390334572,177.10037174721188,46.84014869888476,50.111524163568774,51.152416356877325,46.84014869888476,123.27137546468401,244.01486988847586,260.6691449814126,91.44981412639405,63.94052044609666,21.71003717472119,508.25278810408923,491.7472118959108,1033.5651648019352,439.7026022304833,426.7657992565056,39.405204460966544,93.97769516728624,219.47994711326578,262.4504186866461,481.93036579991184,1195.7831325301204
0087,......0087 Hüttikon,957,213.16614420062697,647.8578892371995,138.97596656217345,39.70741901776385,79.4148380355277,94.04388714733543,51.20167189132707,68.9655172413793,199.58202716823405,328.1086729362591,77.32497387669801,42.84221525600836,18.808777429467085,508.8819226750261,491.11807732497385,1036.1702127659576,439.9164054336468,466.0397074190178,37.61755485893417,56.426332288401255,329.03225806451616,214.51612903225805,543.5483870967743,651.9607843137255
0088,......0088 Neerach,3328,128.60576923076923,631.9110576923077,239.48317307692307,33.05288461538461,52.28365384615385,43.26923076923077,41.76682692307692,73.91826923076923,185.99759615384613,330.22836538461536,133.11298076923077,83.83413461538461,22.536057692307693,503.00480769230774,496.99519230769226,1012.0918984280531,397.83653846153845,447.11538461538464,45.97355769230769,109.07451923076923,203.51878269139326,378.98240608654305,582.5011887779364,1862.1495327102805
0089,......0089 Niederglatt,5507,145.6328309424369,690.3940439440712,163.9731251134919,44.85200653713456,53.9313600871618,46.84946431814055,53.02342473215907,134.73760668240422,216.99654984565097,285.6364626838569,89.70401307426911,54.294534229162885,19.974577810059923,500.998728890503,499.001271109497,1004.0029112081514,455.78354821136736,427.4559651352824,34.5015434901035,82.25894316324678,210.94160967911625,237.50657548658603,448.4481851657023,1125.935162094763
0090,......0090 Niederhasli,9648,158.06384742951906,672.0563847429519,169.87976782752904,49.23300165837479,54.31177446102819,54.51907131011609,56.17744610281924,112.35489220563848,216.10696517412936,287.41708126036485,86.96102819237147,63.84742951907131,19.071310116086234,501.4510779436152,498.54892205638475,1005.8212058212057,435.63432835820896,440.09121061359866,37.20978441127694,86.96102819237147,235.1943244910549,252.77606415792718,487.9703886489821,1074.754098360656
0091,......0091 Niederweningen,3349,160.0477754553598,676.022693341296,163.92953120334428,48.074051955807704,59.42072260376232,52.553000895789786,61.21230217975515,101.8214392355927,199.16392953120334,313.8250223947447,92.86354135562854,53.44879068378621,17.61719916392953,512.3917587339505,487.60824126604956,1050.826699326393,426.0973424902956,456.5541952821738,31.949835771872202,85.3986264556584,236.74911660777383,242.4911660777385,479.2402826855124,1024.2537313432836
0092,......0092 Oberglatt,7772,160.7050952135872,713.58723623263,125.70766855378282,49.53679876479671,53.91147709727226,57.256819351518274,49.27946474523932,144.87905301080804,245.62532166752445,273.80339680905814,70.76685537828101,45.16212043232115,9.778692743180649,514.5393721049923,485.4606278950077,1059.8992843890803,471.6932578486876,415.07977354606277,29.336078229541947,83.5048893463716,225.20735665344392,176.16300036062026,401.3703570140642,782.2257806244995
0093,......0093 Oberweningen,1905,140.68241469816272,665.6167979002626,193.70078740157481,43.56955380577428,49.343832020997375,47.76902887139108,53.01837270341207,101.31233595800525,193.1758530183727,318.1102362204725,111.81102362204724,68.24146981627297,13.648293963254593,517.5853018372703,482.4146981627296,1072.905331882481,414.1732283464567,459.31758530183725,34.120734908136484,91.86351706036746,211.3564668769716,291.0094637223975,502.36593059936905,1376.865671641791
0094,......0094 Otelfingen,2924,162.44870041039673,654.9247606019152,182.6265389876881,45.14363885088919,53.3515731874145,63.95348837209303,59.50752393980848,96.10123119015047,195.96443228454172,303.3515731874145,90.97127222982216,71.47742818057455,20.177838577291382,505.1299589603283,494.8700410396717,1020.7325501036628,435.02051983584136,443.91244870041044,38.98768809849521,81.7373461012312,248.04177545691905,278.8511749347258,526.8929503916448,1124.2105263157896
0095,......0095 Regensberg,478,142.25941422594144,648.5355648535565,209.20502092050208,23.01255230125523,52.30125523012552,66.94560669456067,35.56485355648536,104.60251046025104,127.61506276150628,380.7531380753138,73.22175732217573,87.86610878661087,48.11715481171548,487.4476987447699,512.5523012552301,951.0204081632653,439.3305439330544,405.8577405857741,41.84100418410041,112.97071129707113,219.35483870967744,322.5806451612903,541.9354838709678,1470.5882352941178
0096,......0096 Regensdorf,20282,152.25322946454986,679.8639187456859,167.88285178976435,53.54501528448871,50.93186076323833,47.7763534168228,47.28330539394537,133.27088058376884,240.06508233901982,259.2446504289518,81.7473621930776,61.08865003451336,25.046839562173353,506.36031949511886,493.63968050488114,1025.769077107471,450.79380731683267,419.18942905038955,40.5285474805246,88.79794892022483,223.9466241206759,246.9359634491261,470.882587569802,1102.6554404145077
0097,......0097 Rümlang,8243,167.41477617372317,669.2951595292976,163.29006429697927,56.41150066723281,57.867281329613,53.135994176877354,45.129200533786246,114.64272716244085,247.24008249423753,262.28314933883297,85.64842897003517,52.529418900885595,25.112216426058474,507.4608758946986,492.5391241053015,1030.295566502463,454.20356666262285,411.5006672328036,42.824214485017585,91.47155161955598,250.13594344752582,243.97317382635492,494.1091172738807,975.3623188405796
0098,......0098 Schleinikon,868,134.7926267281106,678.5714285714286,186.63594470046084,47.23502304147465,44.93087557603687,42.62672811059908,39.17050691244239,123.27188940092165,202.76497695852535,313.36405529953913,115.2073732718894,50.69124423963134,20.737327188940093,518.4331797235023,481.5668202764977,1076.5550239234449,457.37327188940094,433.17972350230417,34.562211981566826,74.8847926267281,198.64176570458403,275.04244482173175,473.6842105263158,1384.6153846153845
0099,......0099 Schöfflisdorf,1412,136.68555240793202,631.0198300283287,232.29461756373937,33.28611898016997,47.45042492917847,55.949008498583574,53.82436260623229,82.1529745042493,155.09915014164304,339.94334277620396,112.60623229461757,89.94334277620398,29.745042492917847,494.3342776203966,505.6657223796034,977.5910364145658,388.8101983002833,463.8810198300283,50.991501416430594,96.31728045325778,216.61054994388329,368.12570145903476,584.7362514029181,1699.4818652849742
0100,......0100 Stadel,2455,141.34419551934826,681.8737270875763,176.78207739307535,41.955193482688394,53.360488798370675,46.02851323828921,49.69450101832994,117.71894093686353,195.112016293279,319.34826883910387,96.53767820773932,55.39714867617108,24.84725050916497,492.8716904276986,507.12830957230136,971.8875502008032,439.91853360488795,404.0733197556008,44.39918533604888,111.60896130346232,207.2879330943847,259.25925925925924,466.54719235364394,1250.7204610951007
0101,......0101 Steinmaur,3716,150.9687836383208,660.9257265877287,188.10548977395047,47.900968783638326,54.35952637244349,48.70828848223896,47.36275565123789,110.33369214208827,223.35844994617867,279.8708288482239,98.4930032292788,67.27664155005382,22.33584499461787,520.1829924650161,479.8170075349839,1084.127874369041,439.18191603875135,436.49085037674917,37.67491926803014,86.65231431646932,228.42019543973942,284.60912052117266,513.0293159609121,1245.9893048128342
0102,......0102 Weiach,2123,163.91898257183232,691.4743287800283,144.60668864813942,58.407913330193125,57.93688177107866,47.574187470560524,42.86387187941592,111.16344795101271,246.34950541686294,291.09750353273665,89.49599623174753,40.97974564295808,14.13094677343382,506.82995760715966,493.17004239284034,1027.6981852913086,446.5379180405087,415.4498351389543,40.50871408384362,97.03250117757891,237.05722070844686,209.12806539509538,446.18528610354224,882.183908045977
0111,......0111 Bäretswil,5148,158.5081585081585,619.075369075369,222.4164724164724,42.73504273504273,59.44055944055944,56.33255633255634,53.418803418803414,89.54933954933955,173.65967365967367,302.4475524475524,115.19036519036518,80.03108003108004,27.195027195027198,502.13675213675214,497.86324786324786,1008.5836909871244,424.6309246309246,439.005439005439,43.12354312354312,93.24009324009324,256.04016316284907,359.27204267336054,615.3122058362096,1403.1862745098038
0112,......0112 Bubikon,7661,151.02467040856286,636.8620284558152,212.11330113562198,37.72353478658139,56.389505286516126,56.91163033546534,58.34747422007571,105.73032241221772,177.91411042944785,294.87012139407386,108.60201018143846,78.4492886046208,25.062002349562718,491.1891397989819,508.81086020101816,965.3668547973319,437.41025975721186,431.5363529565331,41.50894139146326,89.54444589479179,237.13875794220127,333.0600532896085,570.1988112318098,1404.494382022472
0113,......0113 Dürnten,8048,151.8389662027833,654.4483101391651,193.7127236580517,46.09840954274354,50.57157057654076,55.168986083499,57.90258449304174,107.23161033797217,191.72465208747516,297.5894632206759,101.14314115308152,70.57654075546719,21.993041749502982,509.9403578528827,490.0596421471173,1040.5679513184584,439.1153081510935,432.7783300198807,37.02783300198807,90.95427435387674,232.01063223846592,295.99392443516234,528.0045566736283,1275.7774140752865
0114,......0114 Fischenthal,2666,157.16429107276818,674.0435108777194,168.79219804951236,41.26031507876969,55.5138784696174,60.3900975243811,64.14103525881471,105.77644411102776,189.04726181545388,315.0787696924231,104.65116279069768,51.012753188297076,13.12828207051763,512.7531882970743,487.2468117029257,1052.347959969207,450.112528132033,421.60540135033756,32.25806451612903,95.64891222805701,233.16638842515303,250.41736227045075,483.5837506956038,1073.985680190931
0115,......0115 Gossau (ZH),10605,150.96652522395095,638.4724186704385,210.56105610561056,46.77039132484677,51.10796793965111,53.088165959453086,54.5025931164545,102.68741159830269,192.64497878359265,288.6374351720886,108.15652993870816,76.75624705327675,25.648279113625648,495.80386610089585,504.1961338991042,983.3551524219189,420.0848656294201,442.7157001414427,42.432814710042436,94.67232437529468,236.44956431841678,329.7888051986413,566.2383695170581,1394.7532792004997
0116,......0116 Grüningen,3886,159.28975810602162,639.7323726196603,200.97786927431807,44.004117344312924,62.0174987133299,53.2681420483788,44.2614513638703,93.41224909933094,215.64590838908904,286.41276376737005,108.33762223365929,68.19351518270715,24.446731857951622,498.9706639217705,501.0293360782295,995.8911145351823,428.46114256304685,437.7251672671127,43.74678332475553,90.06690684508492,248.994368463395,314.1592920353982,563.1536604987932,1261.7124394184168
0117,......0117 Hinwil,11961,147.73012289942315,639.9966557980102,212.27322130256667,48.82534905108268,49.243374299807705,49.66139954853273,49.41058439929772,105.17515257921578,211.35356575537162,274.0573530641251,107.2652788228409,77.66909121310928,27.338851266616505,497.45004598277734,502.5499540172227,989.8519381134586,435.3314940222389,422.6235264609983,49.912214697767745,92.13276481899507,230.82952318745916,331.6786414108426,562.5081645983017,1436.8986983588002
0118,......0118 Rüti (ZH),12971,147.1744661167219,651.2219566725773,201.6035772107008,48.56988667026443,50.57435818364043,48.03022126281705,49.03245701950505,116.79901318325496,216.40582838640043,268.9846580834169,102.45933235679593,72.16097448153573,26.983270372369134,500.8865931693779,499.1134068306222,1003.5526722273711,442.5256341068538,413.76917739572895,46.796700331508745,96.75429804949502,225.99739552503848,309.57736474487984,535.5747602699183,1369.8271346254585
0119,......0119 Seegräben,1460,158.21917808219177,650.0,191.7808219178082,46.57534246575343,56.16438356164383,55.47945205479452,49.31506849315068,81.5068493150685,210.27397260273972,308.90410958904107,106.84931506849315,65.75342465753424,19.178082191780824,513.013698630137,486.98630136986304,1053.4458509142053,441.7808219178082,441.09589041095893,29.45205479452055,87.67123287671232,243.4141201264489,295.04741833508956,538.4615384615385,1212.1212121212122
0120,......0120 Wald (ZH),10620,151.50659133709982,650.2824858757062,198.21092278719397,47.36346516007533,53.67231638418079,50.47080979284369,46.704331450094166,108.00376647834275,213.0885122410546,282.4858757062147,109.22787193973635,63.37099811676084,25.6120527306968,499.8116760828625,500.1883239171375,999.2469879518072,440.0188323917137,416.7608286252354,42.46704331450094,100.47080979284368,232.98580944106573,304.8074138430351,537.7932232841007,1308.266003729024
0121,......0121 Wetzikon (ZH),26977,154.20543425881306,662.5644067168328,183.23015902435407,51.30296178225896,52.82277495644438,50.079697520109725,48.819364643955964,127.70137524557956,230.0107498980613,256.032916929236,89.52070282092151,66.05627015605886,27.653186047373687,498.94354450087116,501.0564554991289,995.7830879633055,456.8706676057382,410.90558624013045,43.33320977128665,88.44571301479037,232.7402931632539,276.5469396889336,509.28723285218757,1188.2211538461538
0131,......0131 Adliswil,19893,158.64877092444578,663.4494545820138,177.90177449354044,49.51490474036093,55.79852209319861,53.335344090886245,47.55441612627558,102.64917307595637,252.14899713467048,261.09686824511135,76.91147639873321,70.37651435178203,30.613783743025184,500.72889961292924,499.2711003870708,1002.9198550140959,462.6753129241442,415.92519981903183,40.91891620167898,80.48057105514503,239.12714047582966,268.1466888922564,507.27382936808607,1121.3561470215463
0135,......0135 Kilchberg (ZH),9483,175.1555414953074,650.3216281767374,174.5228303279553,56.73310133923864,62.11114626173152,56.31129389433723,44.500685437097964,72.76178424549192,249.49910365917958,283.56005483496784,73.92175471897079,64.43108720868923,36.16998840029526,493.6201623958663,506.37983760413374,974.8021657642649,472.95159759569754,403.14246546451545,36.48634398397132,87.20868923336498,269.33679260580504,268.36387222312305,537.7006648289282,996.3877182420229
0136,......0136 Langnau am Albis,8224,161.2354085603113,635.2140077821011,203.55058365758754,49.12451361867704,56.42023346303502,55.690661478599225,57.028210116731515,96.4250972762646,200.99708171206225,280.7636186770428,89.00778210116732,81.59046692607004,32.952334630350194,491.8531128404669,508.14688715953304,967.9349126585307,423.88132295719845,450.87548638132296,50.70525291828794,74.29474708171206,253.82848392036755,320.44410413476265,574.2725880551302,1262.4434389140272
0137,......0137 Oberrieden,5392,152.2626112759644,604.7848664688428,242.95252225519286,44.51038575667656,53.59792284866469,54.154302670623146,48.775964391691396,73.99851632047478,187.87091988130564,294.13946587537095,111.27596439169139,90.8753709198813,40.80118694362018,488.68694362017806,511.31305637982194,955.7490025389916,425.8160237388724,432.8635014836795,49.70326409495549,91.61721068249258,251.76326280282123,401.7172646427476,653.4805274455688,1595.6151035322775
0138,......0138 Richterswil,14378,159.54931144804561,633.7460008346084,206.70468771734596,40.75671164278759,58.90944498539435,59.88315481986368,55.5014605647517,98.62289609125052,186.8827375156489,292.73890666295733,100.01391014049243,78.24454026985673,28.446237306996803,485.1857003755738,514.8142996244261,942.4479870305323,436.01335373487274,422.7291695646126,41.174015857560164,100.01391014049243,251.75592625109743,326.16330114135206,577.9192273924494,1295.5536181342634
0139,......0139 Rüschlikon,6406,170.7773961910709,647.0496409615985,182.1729628473306,49.328754292850455,65.56353418669997,55.88510771152045,53.38744926631283,78.83234467686543,222.60380892912895,292.22603808929125,85.23259444270997,64.78301592257259,32.15735248204808,489.0727443022166,510.9272556977833,957.225786739994,457.22759912581955,424.1336247268186,38.713705900718075,79.76896659381829,263.93244873341376,281.54402895054284,545.4764776839565,1066.7276051188298
0141,......0141 Thalwil,18513,154.9721817101496,651.1100307891752,193.91778750067522,51.31529195700318,51.47734024739372,52.17954950575272,48.50645492356722,85.77756171339058,239.56138929400962,277.26462485820775,87.39804461729595,74.43418138605304,32.0855614973262,488.30551504348296,511.69448495651704,954.2911432492347,461.5135310322476,413.65526927024257,41.37633014638362,83.45486955112622,238.0122780819645,297.82644765223165,535.8387257341961,1251.3070756361103
0293,......0293 Wädenswil,25704,146.66977902272018,641.1842514783691,212.1459694989107,42.600373482726425,52.5599128540305,51.509492685963274,50.42016806722689,101.46280734516029,206.0379707438531,283.2633053221289,100.60690943043885,81.23249299719889,30.30656707127295,487.9396202925615,512.0603797074385,952.8946968545814,443.97759103641454,417.755991285403,43.806411453470275,94.38219732337379,228.74825556701654,330.8658455190826,559.6141010860991,1446.4190981432362
0295,......0295 Horgen,24549,159.76210843618884,654.649883905658,185.5880076581531,52.79237443480386,54.299564137032064,52.67016986435293,50.63342702350401,97.559982076663,229.4594484500387,276.99702635545236,87.37626787241842,67.09030917756324,31.121430608171412,489.632978940079,510.36702105992094,959.3742517359726,449.38694040490446,421.56503319890834,44.726872785042154,84.11747932706017,244.0420633439114,283.492004231224,527.5340675751353,1161.6522182559918
0151,......0151 Erlenbach (ZH),5505,145.14078110808356,639.05540417802,215.80381471389646,35.42234332425068,53.58764759309719,56.130790190735695,57.03905540417802,89.73660308810173,170.75386012715714,321.52588555858307,98.09264305177112,82.28882833787465,35.42234332425068,473.56948228882834,526.4305177111717,899.5859213250518,434.5140781108083,433.969118982743,44.868301544050865,86.46684831970936,227.11768050028425,337.69187038089825,564.8095508811824,1486.8585732165207
0152,......0152 Herrliberg,6780,149.4100294985251,625.5162241887906,225.07374631268436,44.690265486725664,49.557522123893804,55.1622418879056,54.71976401179941,86.13569321533923,166.81415929203538,317.84660766961656,106.4896755162242,84.66076696165192,33.92330383480826,484.8082595870207,515.1917404129794,941.0249069567707,416.8141592920354,451.622418879056,45.72271386430678,85.69321533923303,238.8587597264796,359.8207969818439,598.6795567083235,1506.416584402764
0153,......0153 Hombrechtikon,9176,140.03923278116827,633.5004359197908,226.46033129904097,35.527462946817785,51.438535309503045,53.07323452484743,51.2205754141238,103.09503051438536,177.74629468177855,301.43853530950304,111.70444638186574,84.02353966870096,30.73234524847428,494.2240627724498,505.7759372275501,977.1600948071537,420.5536181342633,429.7079337401918,49.69485614646905,99.8256320836966,221.056253225529,357.47462583863756,578.5308790641666,1617.1206225680935
0154,......0154 Küsnacht (ZH),15168,157.2389240506329,612.1439873417721,230.61708860759495,50.76476793248945,52.14926160337553,54.324894514767934,55.973101265822784,77.07014767932489,196.40031645569618,282.70042194092827,97.63976793248945,89.59651898734178,43.38080168776371,474.6835443037974,525.3164556962025,903.6144578313254,437.9614978902954,421.28164556962025,50.36919831223629,90.32172995780591,256.86591276252017,376.7366720516963,633.6025848142165,1466.6666666666665
0155,......0155 Männedorf,11767,141.58239143367044,644.174385994731,214.24322257159852,42.491714115747435,47.590719809637115,51.49995750828588,53.70952664230475,92.88688705702388,183.47922155179742,314.09875074360497,90.59233449477352,83.96362709271692,39.68726098410809,479.05158494093655,520.9484150590636,919.5758564437194,432.22571598538286,434.09535140647574,43.93643239568284,89.57253335599557,219.78891820580475,332.58575197889184,552.3746701846966,1513.2052821128452
0156,......0156 Meilen,14848,156.25,630.926724137931,212.82327586206898,45.59536637931035,54.62015086206896,56.03448275862069,51.656788793103445,82.97413793103449,193.83081896551724,302.4649784482759,96.78071120689654,80.21282327586208,35.82974137931035,478.11153017241384,521.8884698275862,916.1182088011356,443.0899784482759,418.84428879310343,46.470905172413794,91.25808189655173,247.65157984628522,337.31853116994023,584.9701110162255,1362.0689655172414
0157,......0157 Oetwil am See,5150,148.73786407766988,689.5145631067961,161.74757281553397,47.57281553398058,50.48543689320388,50.679611650485434,57.47572815533981,112.23300970873787,209.9029126213592,309.90291262135923,88.93203883495146,55.92233009708738,16.893203883495143,506.21359223300965,493.7864077669903,1025.167125442391,439.4174757281553,438.8349514563107,31.067961165048544,90.09708737864078,215.71388341312306,234.58180794142496,450.295691354548,1087.4673629242818
0158,......0158 Stäfa,15152,135.09767687434,619.786166842661,245.11615628299893,40.918690601900735,47.38648363252376,46.792502639915526,50.884371700105596,86.58922914466737,176.47835269271383,305.8342133051742,111.27243928194298,96.6869060190074,37.156810982048576,484.82048574445616,515.1795142555438,941.0709710479118,414.9947201689546,435.12407602956705,48.97043294614573,100.84477296726504,217.9746565860931,395.4850388670003,613.4596954530934,1814.362481680508
0159,......0159 Uetikon am See,6663,155.035269398169,637.5506528590726,207.41407774275854,51.32823052678973,53.57946870778928,50.12757016358997,48.0264145279904,98.30406723698033,184.00120066036322,307.2189704337386,95.15233378358097,80.89449197058381,31.367251988593726,485.9672820051028,514.0327179948972,945.4014598540145,428.0354194807144,449.0469758367102,37.52063634999249,85.39696833258293,243.17325800376648,325.3295668549906,568.502824858757,1337.8509196515006
0160,......0160 Zumikon,5754,159.01981230448385,607.4035453597497,233.57664233576642,41.71011470281543,53.87556482446993,63.43413277719848,64.12930135557873,81.85610010427528,163.19082377476536,298.22732012513035,96.62843239485576,96.62843239485576,40.319777546054915,481.056656239138,518.943343760862,926.992632283992,418.31769204031974,442.9961765728189,54.74452554744526,83.94160583941606,261.80257510729615,384.549356223176,646.3519313304721,1468.8524590163934
0161,......0161 Zollikon,13584,158.20082449941108,621.9081272084806,219.89104829210837,46.746171967020025,55.06478209658422,56.38987043580683,46.52532391048292,80.462308598351,194.64075382803298,300.2797408716137,86.42520612485278,84.73203769140166,48.733804475853944,482.9946996466431,517.0053003533569,934.2161469457498,450.89811542991754,409.37868080094233,50.206124852767964,89.29623085983509,254.37973484848487,353.5748106060606,607.9545454545454,1389.9488134015821
0172,......0172 Fehraltorf,6883,162.86502978352462,642.7429899753014,194.3919802411739,45.47435711172454,56.80662501816069,60.5840476536394,52.44806043876217,101.84512567194537,206.88653203544965,281.56327182914424,109.39997094290281,67.84832195263694,17.14368734563417,497.8933604532907,502.1066395467093,991.6087962962963,426.99404329507485,444.86415807060877,33.70623274734854,94.4355658869679,253.39059674502712,302.4412296564195,555.8318264014467,1193.5771632471008
0173,......0173 Hittnau,3970,161.9647355163728,655.6675062972292,182.36775818639796,46.34760705289673,61.9647355163728,53.65239294710328,57.68261964735517,91.68765743073048,189.67254408060452,316.624685138539,116.3727959697733,52.39294710327456,13.602015113350127,495.7178841309824,504.2821158690176,983.0169830169831,436.27204030226704,431.4861460957179,33.75314861460958,98.48866498740554,247.0226661544372,278.1406069919324,525.1632731463695,1125.9720062208398
0176,......0176 Lindau,5871,152.95520354283767,658.320558678249,188.7242377789133,47.01073071027082,53.65355135411344,52.29092147845341,52.29092147845341,103.7301992846193,186.68029296542326,315.61914494975304,97.2577073752342,70.17543859649122,21.291091807187875,517.6290240163515,482.3709759836484,1073.0932203389832,421.05263157894734,459.20626809742805,38.83495145631068,80.90614886731392,232.34152652005176,286.67529107373866,519.0168175937905,1233.8530066815144
0177,......0177 Pfäffikon,12750,142.58823529411765,640.3921568627451,217.01960784313727,41.64705882352941,49.56862745098039,51.372549019607845,47.92156862745098,101.96078431372548,208.8627450980392,281.6470588235294,104.86274509803921,80.47058823529412,31.686274509803923,489.5686274509804,510.4313725490196,959.1272280270437,441.72549019607845,410.5882352941176,49.254901960784316,97.80392156862746,222.6576852418861,338.8854868340478,561.5431720759339,1522.002200220022
0178,......0178 Russikon,4634,156.8839015968925,624.0828657747087,219.0332326283988,45.31722054380664,51.14372032801036,60.422960725075534,60.422960725075534,78.1182563659905,185.15321536469574,300.3884333189469,120.41432887354338,74.44971946482521,24.169184290030213,499.56840742339233,500.4315925766076,998.2751185855973,409.58135520069055,473.02546396201984,35.82218385843763,81.57099697885197,251.38312586445366,350.9681881051175,602.3513139695712,1396.1485557083906
0180,......0180 Weisslingen,3496,149.02745995423342,638.4439359267735,212.52860411899314,40.617848970251714,51.77345537757437,56.63615560640732,56.06407322654462,93.53546910755149,187.92906178489702,300.9153318077803,118.7070938215103,70.08009153318078,23.74141876430206,501.71624713958806,498.2837528604119,1006.8886337543055,413.6155606407322,458.8100686498856,42.04805491990847,85.52631578947368,233.42293906810036,332.8853046594982,566.3082437275986,1426.1036468330135
0181,......0181 Wila,2113,161.85518220539515,637.4822527212493,200.6625650733554,52.53194510175106,58.684335068622815,50.638902035021296,51.58542356838618,104.59062943681968,189.77756743965926,291.5286322763843,110.74301940369143,67.20302886890677,22.716516800757216,505.4424988168481,494.5575011831519,1022.0095693779905,433.03360151443445,421.2020823473734,48.74585896829153,97.01845716990061,253.89755011135856,314.7735708982925,568.6711210096511,1239.766081871345
0182,......0182 Wildberg,1013,168.8055281342547,646.594274432379,184.60019743336622,51.332675222112535,57.25567620927937,60.21717670286279,71.07601184600198,72.06317867719645,182.62586377097728,320.82922013820337,103.65251727541954,60.21717670286279,20.73050345508391,495.55774925962487,504.4422507403751,982.3874755381604,437.31490621915106,429.4175715695953,44.42250740375123,87.857847976308,261.0687022900763,285.4961832061069,546.5648854961833,1093.5672514619882
0296,......0296 Illnau-Effretikon,17756,148.79477359765713,654.1450777202073,197.0601486821356,46.463167380040545,51.25028159495382,51.081324622662756,47.98378013066006,119.90313133588647,223.30479837801306,262.95336787564764,85.49222797927462,80.59247578283397,30.97544492002703,496.9024555079973,503.0975444920027,987.6861076905855,443.6810092363145,419.74543816174815,45.16783059247578,91.4057220094616,227.46448557899268,301.2483857081361,528.7128712871288,1324.3754731264194
0297,......0297 Bauma,5112,150.62597809076684,647.887323943662,201.4866979655712,45.57902973395931,53.599374021909235,51.44757433489828,48.5133020344288,97.22222222222223,197.37871674491393,304.77308294209706,116.19718309859155,62.98904538341157,22.300469483568076,502.15179968701096,497.84820031298904,1008.6444007858546,421.3615023474178,444.8356807511737,45.97026604068857,87.83255086071988,232.48792270531402,310.9903381642512,543.4782608695651,1337.6623376623374
0191,......0191 Dübendorf,32571,138.37462773632987,711.7374351416904,149.8879371219797,47.95677136102668,46.51376991802523,43.90408645727795,42.52248933099997,137.4842651438396,271.71410150133556,260.01657916551534,68.22019587977036,54.06650087501151,27.601240367197814,504.68207915016427,495.31792084983573,1018.905349284076,495.410027324921,382.11906297012683,36.7504835589942,85.50551103742593,194.41808299542748,210.59442671037874,405.0125097058062,1083.2039050366097
0192,......0192 Egg,8815,150.53885422575155,620.1928530913217,229.26829268292684,40.95292115711855,51.389676687464544,58.19625638116846,51.276233692569484,87.1242200794101,176.63074305161655,305.16165626772545,108.79183210436756,83.494044242768,36.982416335791264,485.9897901304594,514.0102098695406,945.4866475391746,417.8105501985253,438.0034032898468,46.398184912081675,97.78786159954622,242.72910188403145,369.67258094018655,612.401682824218,1522.9841748304448
0193,......0193 Fällanden,9637,170.28120784476496,644.4951748469441,185.22361730829095,50.74193213655702,58.628203797862405,60.91107191034555,53.439867178582546,96.60682785099098,215.21220296772856,279.236276849642,86.02262114766006,74.40074712047317,24.800249040157723,488.0149424094635,511.9850575905365,953.1820024321037,457.71505655286916,419.2175988378126,34.45055515201826,88.2017225277576,264.2086620511995,287.39333440669776,551.6019964578973,1087.7513711151737
0194,......0194 Greifensee,5421,159.1957203467995,623.6856668511344,217.11861280206605,44.27227448810182,55.15587529976019,59.767570558937464,58.47629588636783,97.39900387382401,198.11842833425567,269.69193875668697,90.38922707987457,88.72901678657075,38.000368935620735,493.2669249216012,506.7330750783988,973.4255551510739,441.0625345877144,425.56723851687883,43.53440324663346,89.8358236487733,255.24992605737944,348.1218574386276,603.3717834960071,1363.8470451911935
0195,......0195 Maur,10884,152.24182285924292,637.0819551635428,210.67622197721425,43.36640940830577,52.462330025725834,56.41308342521132,50.9922822491731,91.0510841602352,172.82249173098128,322.2160970231532,92.6130099228225,84.52774715178244,33.535464902609334,496.96802646085996,503.03197353914,987.945205479452,425.8544652701213,437.98235942668134,38.68063212054391,97.29878721058434,238.96740698009808,330.6893567926161,569.6567637727142,1383.826191913096
0196,......0196 Mönchaltorf,4310,164.50116009280742,610.9048723897912,224.5939675174014,46.86774941995359,61.484918793503475,56.14849187935035,43.619489559164734,89.55916473317865,206.2645011600928,271.461716937355,111.60092807424594,94.89559164733178,18.097447795823665,488.86310904872386,511.13689095127614,956.4230594643668,412.76102088167056,450.5800464037123,41.53132250580047,94.89559164733178,269.274591720471,367.6414736042537,636.9160653247246,1365.3032440056418
0197,......0197 Schwerzenbach,5250,150.66666666666666,668.1904761904763,181.14285714285714,47.80952380952381,50.476190476190474,52.38095238095238,52.76190476190476,112.0,231.8095238095238,271.6190476190476,84.38095238095238,68.0,28.761904761904763,495.61904761904765,504.38095238095235,982.6283987915407,466.2857142857143,404.95238095238096,40.0,88.57142857142857,225.48460661345496,271.0946408209806,496.5792474344356,1202.275600505689
0198,......0198 Uster,36563,150.56204359598502,663.4028936356426,186.0350627683724,46.686541038755024,51.746300905286766,52.12920165194322,51.91040122528239,108.33356125044443,225.99349068730683,277.16544047260896,88.36802231764351,72.42294122473538,25.24409922599349,491.53515849355904,508.4648415064409,966.7043192942822,463.82955446763117,404.1517380958893,40.833629625577764,91.10302765090391,226.95415567282322,280.4254617414248,507.37961741424795,1235.603996366939
0199,......0199 Volketswil,19854,159.21224942077163,669.5376246600181,171.25012591921023,48.80628588697491,52.634229878110204,57.77173365568651,55.55555555555555,108.34088848594742,210.2850810919714,295.3560995265438,84.97028306638461,67.19049058124307,19.089352271582552,502.41764883650654,497.58235116349346,1009.7175827512905,436.73818877808,434.77384909841845,38.83348443638562,89.55374231892819,237.7943278417212,255.77371548935528,493.5680433310765,1075.6089844985763
0200,......0200 Wangen-Brüttisellen,8292,157.01881331403763,680.0530631934395,162.92812349252293,50.04823926676315,53.545586107091175,53.42498794018331,53.42498794018331,114.56825856246985,221.90062711046792,290.1591895803184,89.00144717800289,54.87216594307767,19.05451037144235,509.88904968644476,490.11095031355524,1040.3543307086613,448.8663772310661,435.35938253738544,32.923299565846605,82.73034249879402,230.8920021280369,239.58148607909206,470.4734882071289,1037.6344086021504
0211,......0211 Altikon,774,164.08268733850127,613.6950904392766,222.2222222222222,50.3875968992248,64.59948320413436,49.09560723514212,45.21963824289406,85.27131782945736,189.92248062015506,293.28165374677,140.82687338501293,64.59948320413436,16.795865633074936,501.29198966408273,498.7080103359173,1005.1813471502591,434.1085271317829,439.2764857881137,47.803617571059426,77.51937984496124,267.36842105263156,362.10526315789474,629.4736842105262,1354.3307086614172
0213,......0213 Brütten,2247,155.7632398753894,633.2888295505118,210.9479305740988,51.6243880729862,55.18469069870939,48.954161103693814,49.39919893190921,81.44192256341789,198.48687138406765,303.9608366711171,103.6938139741878,80.5518469069871,26.7022696929239,497.5522919448153,502.4477080551847,990.2568644818424,418.7805963506898,458.83400089007563,37.828215398308856,84.55718736092568,245.95924104005624,333.09908643710475,579.0583274771609,1354.2857142857142
0214,......0214 Dägerlen,1159,124.24503882657463,694.5642795513373,181.19068162208802,38.826574633304574,36.2381363244176,49.18032786885246,63.848144952545304,112.16566005176877,208.8006902502157,309.7497842968076,111.30284728213978,51.76876617773943,18.1190681622088,498.7057808455565,501.2942191544435,994.8364888123924,432.26919758412424,472.8213977566868,28.472821397756686,66.43658326143228,178.88198757763976,260.8695652173913,439.75155279503105,1458.3333333333333
0215,......0215 Dättlikon,839,150.1787842669845,656.7342073897497,193.08700834326578,42.908224076281286,46.4839094159714,60.786650774731825,72.70560190703218,81.04886769964244,172.82479141835518,330.15494636471993,91.77592371871275,79.85697258641238,21.454112038140643,488.67699642431467,511.3230035756854,955.7109557109557,398.092967818832,479.1418355184744,38.14064362336114,84.62455303933254,228.67513611615246,294.010889292196,522.6860254083484,1285.7142857142858
0216,......0216 Dinhard,1731,157.71230502599653,621.6060080878106,220.68168688619295,50.25996533795494,53.726169844020795,53.726169844020795,53.148469093009815,85.4997111496245,199.30675909878684,283.65106874638934,111.49624494511842,80.3004043905257,28.885037550548816,499.7111496244945,500.28885037550555,998.8452655889145,418.2553437319468,456.9612940496823,45.63835932986713,79.14500288850375,253.7174721189591,355.0185873605948,608.7360594795539,1399.2673992673992
0218,......0218 Ellikon an der Thur,1024,160.15625,673.828125,166.015625,49.8046875,49.8046875,60.546875,47.8515625,99.609375,206.0546875,320.3125,96.6796875,46.875,22.4609375,484.375,515.625,939.3939393939395,421.875,458.0078125,36.1328125,83.984375,237.68115942028987,246.3768115942029,484.05797101449275,1036.5853658536585
0219,......0219 Elsau,3898,162.9040533606978,634.6844535659313,202.41149307337093,44.894817855310414,57.72190867111339,60.28732683427398,52.07798871216008,94.66393022062596,206.25962031811184,281.6829143150333,111.33914828116984,66.18778860954336,24.88455618265777,498.71729091841974,501.2827090815803,994.8822927328557,427.1421241662391,453.8224730631093,39.76398152898923,79.2714212416624,256.6693613581245,318.9167340339531,575.5860953920776,1242.51968503937
0220,......0220 Hagenbuch,1168,174.65753424657535,646.404109589041,178.93835616438355,53.082191780821915,65.06849315068493,56.50684931506849,44.52054794520548,69.34931506849315,232.0205479452055,300.513698630137,113.01369863013699,53.93835616438356,11.986301369863012,513.6986301369864,486.3013698630137,1056.338028169014,427.2260273972603,444.3493150684932,28.253424657534246,100.17123287671232,270.19867549668874,276.8211920529801,547.0198675496689,1024.5098039215686
0221,......0221 Hettlingen,3227,152.15370312984197,649.5196777192439,198.32661915091415,40.59497985745274,53.61016423923148,57.94855903315773,61.97706848466068,103.81158971180663,162.37991942981097,321.35110009296557,110.319181902696,62.596839169507284,25.410598078710876,496.1264332197087,503.8735667802913,984.6248462484625,411.83762008057016,465.757669662225,47.41245739076542,74.99225286643942,234.2557251908397,305.3435114503817,539.5992366412213,1303.4623217922608
0223,......0223 Neftenbach,5765,156.4614050303556,644.5793581960104,198.959236773634,40.4163052905464,54.64006938421509,61.4050303555941,64.0069384215091,83.95490026019081,185.60277536860366,311.01474414570686,107.54553339115351,67.12922810060711,24.284475281873377,499.91326973113615,500.08673026886385,999.6531390912245,423.59063313096266,451.3443191673894,39.028620988725066,85.86296617519515,242.73412271259417,308.66523143164693,551.3993541442411,1271.618625277162
0224,......0224 Pfungen,4150,151.08433734939757,698.3132530120481,150.60240963855424,48.433734939759034,43.85542168674699,58.795180722891565,59.03614457831325,120.96385542168674,218.3132530120482,300.0,76.62650602409639,53.25301204819277,20.72289156626506,503.6144578313253,496.3855421686747,1014.5631067961165,434.6987951807229,447.2289156626506,29.397590361445783,88.43373493975903,216.35610766045548,215.66597653554174,432.02208419599725,996.8102073365231
0225,......0225 Rickenbach (ZH),2850,185.96491228070175,628.0701754385965,185.96491228070175,44.91228070175438,75.08771929824562,65.96491228070175,56.8421052631579,94.03508771929825,196.8421052631579,280.35087719298247,90.87719298245614,67.71929824561404,27.36842105263158,505.6140350877193,494.3859649122807,1022.7111426543647,443.859649122807,437.5438596491228,42.45614035087719,76.14035087719299,296.08938547486036,296.08938547486036,592.1787709497207,1000.0
0226,......0226 Schlatt (ZH),785,178.34394904458597,647.1337579617834,174.52229299363057,44.58598726114649,68.78980891719745,64.96815286624204,76.43312101910827,71.3375796178344,203.82165605095543,295.54140127388536,91.71974522292993,58.59872611464968,24.203821656050955,513.375796178344,486.62420382165607,1054.973821989529,440.7643312101911,440.7643312101911,47.133757961783445,71.3375796178344,275.5905511811024,269.68503937007875,545.2755905511812,978.5714285714286
0227,......0227 Seuzach,7990,150.31289111389236,605.8823529411765,243.80475594493117,52.065081351689614,50.56320400500626,47.6846057571965,43.80475594493116,81.22653316645807,207.13391739674594,273.7171464330413,107.25907384230288,98.3729662077597,38.17271589486859,494.6182728410513,505.3817271589487,978.7023278850916,395.74468085106383,455.3191489361702,56.821026282853566,91.98998748435544,248.08923776079322,402.39619913241063,650.4854368932039,1621.9816819317236
0228,......0228 Turbenthal,5300,166.9811320754717,628.4905660377359,204.52830188679243,46.9811320754717,58.30188679245283,61.69811320754717,52.64150943396226,100.9433962264151,197.73584905660377,277.1698113207547,117.16981132075472,67.1698113207547,20.188679245283016,492.8301886792453,507.16981132075466,971.7261904761905,432.07547169811323,431.8867924528302,46.60377358490566,89.43396226415095,265.6859801861303,325.4277994596217,591.1137796457521,1224.8587570621469
0230,......0230 Winterthur,120376,152.53871203562173,681.7305775237588,165.73071044061942,48.92171196916329,52.718149797301784,50.89885026915665,48.44819565361866,132.50980261846215,252.20974280587492,248.56283644580316,80.56423207283844,59.247690569548745,25.918787798232206,494.9408519970758,505.0591480029242,979.9661167491817,504.7351631554463,369.1267362264903,38.57081145743337,87.42606499634478,223.75219341002145,243.10294404367323,466.8551374536947,1086.4829539265875
0231,......0231 Zell (ZH),6809,161.84461741812305,654.281098546042,183.8742840358349,47.43721545013952,61.536202085475104,52.87119988250844,49.19958877955647,107.21104420619767,215.30327507710385,282.567190483184,90.1747686885005,65.64840652078131,28.05110882655309,499.77970333382285,500.2202966661771,999.1192014092778,448.67087678073136,411.95476575121165,44.20619767954178,94.72756645616097,247.3625140291807,281.0325476992144,528.395061728395,1136.1161524500906
0294,......0294 Elgg,5175,160.96618357487924,634.2028985507246,204.83091787439614,49.468599033816425,55.652173913043484,55.84541062801932,51.01449275362319,94.10628019323671,205.2173913043478,283.8647342995169,102.80193236714976,74.20289855072464,27.826086956521742,506.85990338164254,493.1400966183575,1027.82131661442,424.1545893719807,436.71497584541066,44.44444444444444,94.68599033816426,253.8086532602072,322.97379646556976,576.7824497257769,1272.5090036014406
0298,......0298 Wiesendangen,6798,155.19270373639304,626.8020005884084,218.00529567519857,49.132097675786994,52.36834363047956,53.69226243012651,55.45748749632245,93.55692850838481,183.14210061782876,294.6454839658723,107.825831126802,80.17063842306561,30.00882612533098,497.6463665784054,502.35363342159457,990.6295754026354,409.0909090909091,468.37305089732274,48.543689320388346,72.37422771403354,247.59446139403894,347.80567941797705,595.4001408120159,1404.739336492891
0241,......0241 Aesch (ZH),1659,177.21518987341773,637.1308016877637,185.65400843881858,54.85232067510549,75.34659433393611,47.01627486437613,42.79686558167571,72.93550331525014,236.28691983122363,285.11151295961423,86.79927667269439,69.31886678722121,29.535864978902953,499.09584086799276,500.90415913200724,996.3898916967509,459.915611814346,427.96865581675706,41.59132007233273,69.31886678722121,278.1456953642384,291.3907284768212,569.5364238410597,1047.6190476190477
0242,......0242 Birmensdorf (ZH),7380,173.30623306233062,635.3658536585366,191.3279132791328,60.16260162601626,59.21409214092141,53.92953929539295,47.696476964769644,91.3279132791328,242.81842818428186,253.5230352303523,88.88888888888889,74.52574525745258,27.913279132791327,496.4769647696477,503.5230352303524,986.0064585575889,459.7560975609756,419.37669376693765,39.02439024390244,81.70731707317073,272.76604819791,301.1303049690766,573.8963531669866,1103.9874902267397
0243,......0243 Dietikon,28295,155.6812157625022,691.8183424633328,152.50044177416504,52.48277080756318,53.75508040289804,49.443364552041,46.33327443011133,142.42799081109737,254.77999646580668,248.2770807563174,70.78989220710373,56.90051245803145,24.810037109029864,510.5142251281145,489.4857748718855,1042.9602888086642,466.12475702420926,407.59851563880545,39.830358720622016,86.34034281675208,225.03192848020433,220.43422733077907,445.4661558109834,979.5686719636776
0244,......0244 Geroldswil,5312,167.54518072289156,632.7183734939758,199.73644578313255,48.38102409638554,56.852409638554214,62.31174698795181,60.42921686746988,97.70331325301204,213.10240963855424,261.48343373493975,102.40963855421687,68.52409638554218,28.802710843373493,492.8463855421687,507.15361445783134,971.789161098738,421.4984939759036,434.4879518072289,44.42771084337349,99.20933734939759,264.8021422195775,315.6798571853615,580.4819994049391,1192.1348314606741
0245,......0245 Oberengstringen,6914,122.93896442001736,680.6479606595313,196.41307492045127,42.23315013017067,39.62973676598207,41.07607752386462,49.17558576800695,113.82701764535724,242.84061324848133,274.8047439976858,87.64824992768295,73.18484234885739,35.57998264391091,506.65316748625975,493.34683251374025,1026.9715625916153,462.68440844663,387.47468903673706,47.43997685854787,101.67775527914377,180.6204844878878,288.56778580535484,469.1882702932427,1597.6470588235295
0246,......0246 Oetwil an der Limmat,2573,124.36844150796736,649.0478041197047,226.58375437232803,36.144578313253014,46.63816556548775,41.58569762922659,43.91760590750097,85.89195491643996,183.05479984453945,336.18344345122426,105.71317528177225,90.55577147298872,30.31480761756704,515.7403808783522,484.2596191216479,1065.008025682183,408.8612514574427,427.9051690633502,54.02254178002332,109.21103769918383,191.61676646706587,349.10179640718565,540.7185628742515,1821.875
0247,......0247 Schlieren,20391,140.89549310970526,723.8977980481585,135.20670884213624,48.796037467510175,45.7554803589819,46.34397528321318,41.97930459516453,146.78044235201804,289.0000490412437,246.13800205973223,66.5489676818204,46.2458927958413,22.411848364474523,517.4341621303516,482.56583786964836,1072.2560975609756,496.05217988328184,384.4833504977686,34.77024177333137,84.20381540875877,194.63450985705575,186.77596368809702,381.4104735451528,959.6240863209189
0248,......0248 Uitikon,5699,177.39954377961044,630.6369538515529,191.96350236883663,64.74820143884892,63.51991577469732,49.13142656606422,43.16546762589928,73.69713984909633,246.1835409721004,267.5908054044569,91.24407790840499,70.01228285664152,30.70714160379014,500.61414283207586,499.3858571679242,1002.4595924104005,460.0807159150728,424.63590103526934,43.51640638708545,71.5915072819793,281.30217028380633,304.3962159154146,585.6983861992209,1082.0969337289812
0249,......0249 Unterengstringen,4345,151.8987341772152,639.1254315304948,208.97583429229,47.410817031070195,54.54545454545454,49.94246260069045,45.56962025316456,96.20253164556962,221.86421173762946,275.4890678941312,106.09896432681242,76.40966628308401,26.467203682393556,498.0437284234753,501.9562715765248,992.2054103622193,447.8711162255466,428.9988492520138,44.64902186421174,78.25086306098964,237.66654663305727,326.9715520345697,564.6380986676269,1375.7575757575758
0250,......0250 Urdorf,10503,153.3847472150814,648.3861753784633,198.2290774064553,48.65276587641626,50.461772826811384,54.27020851185375,50.937827287441685,109.30210416071598,217.84252118442348,270.3037227458821,87.59402075597448,74.9309721032086,35.70408454727221,493.1924212129868,506.8075787870132,973.1354499342476,447.01513853184804,420.7369323050557,44.558697514995714,87.59402075597448,236.56387665198238,305.726872246696,542.2907488986784,1292.3649906890132
0251,......0251 Weiningen (ZH),5108,156.42129992169146,665.2310101801097,178.3476898981989,52.270947533281124,52.270947533281124,51.87940485512921,47.180892717306186,108.65309318715741,226.31166797180893,283.08535630383716,98.86452623335944,61.27642913077525,18.20673453406421,516.0532498042286,483.9467501957713,1066.3430420711975,442.247454972592,433.0462020360219,33.672670321065,91.03367267032105,235.13831665685697,268.09888169511476,503.23719835197176,1140.1752190237796
0261,......0261 Zürich,436551,136.76065339444875,720.3969295683665,142.84241703718467,46.62914527741318,46.748260798852826,43.38324731818276,40.62526486023397,139.1887774853339,296.62055521577093,243.96233200702784,68.6517726451205,49.538312820266135,24.652331571798026,502.7843253136518,497.2156746863482,1011.1996682944808,582.8711880169785,302.12277603304085,30.878408250124266,84.00851217841672,189.84069445769342,198.2829342745397,388.12362873223316,1044.47012712929
0431,......0431 Corgémont,1819,172.0725673446949,625.0687190764156,202.85871357888948,53.326003298515666,52.77625068719077,65.97031335898845,76.41561297416163,89.05992303463442,191.3139087410665,268.2792743265531,97.85596481583288,67.61957119296316,37.38317757009346,501.9241341396372,498.07586586036285,1007.7262693156732,448.0483782297966,416.71247938427706,48.92798240791644,85.76140736668499,275.2858399296394,324.5382585751979,599.8240985048374,1178.9137380191694
0432,......0432 Cormoret,511,174.16829745596868,594.9119373776907,230.91976516634048,39.138943248532286,54.794520547945204,80.23483365949119,52.83757338551859,107.63209393346379,170.25440313111545,264.18786692759295,119.37377690802347,86.10567514677103,25.440313111545986,493.1506849315068,506.8493150684932,972.972972972973,463.7964774951076,410.958904109589,46.96673189823875,76.32093933463796,292.7631578947368,388.1578947368421,680.921052631579,1325.8426966292134
0433,......0433 Cortébert,660,136.36363636363635,618.1818181818181,245.45454545454544,40.90909090909091,45.45454545454545,50.0,54.54545454545454,95.45454545454545,181.8181818181818,286.3636363636364,143.93939393939394,66.66666666666667,34.84848484848485,460.6060606060606,539.3939393939394,853.9325842696629,446.96969696969694,400.0,69.6969696969697,83.33333333333333,220.58823529411765,397.05882352941177,617.6470588235294,1800.0
0434,......0434 Courtelary,1447,163.0960608154803,630.960608154803,205.94333102971666,51.83137525915688,48.37595024187976,62.88873531444368,64.96199032480996,107.80926053904629,174.84450587422253,283.3448514167243,104.35383552176917,71.18175535590878,30.4077401520387,501.03662750518316,498.9633724948169,1004.1551246537397,427.78161713890813,421.5618521078093,50.449205252246024,98.82515549412578,258.48849945235486,326.3964950711939,584.8849945235487,1262.7118644067796
0435,......0435 La Ferrière,548,160.5839416058394,664.2335766423357,175.18248175182484,45.62043795620438,65.69343065693431,49.27007299270073,47.44525547445255,107.66423357664233,197.08029197080293,312.04379562043795,98.54014598540147,63.868613138686136,12.773722627737227,485.4014598540146,514.5985401459853,943.2624113475177,437.95620437956205,434.30656934306575,38.32116788321168,89.41605839416059,241.75824175824175,263.73626373626377,505.49450549450546,1090.9090909090908
0437,......0437 Mont-Tramelan,111,270.27027027027026,513.5135135135134,216.21621621621622,81.08108108108108,81.08108108108108,108.10810810810811,45.04504504504504,72.07207207207207,180.18018018018017,216.21621621621622,99.0990990990991,108.10810810810811,9.00900900900901,495.4954954954955,504.50450450450444,982.1428571428571,387.3873873873874,468.4684684684685,63.063063063063055,81.08108108108108,526.3157894736842,421.05263157894734,947.3684210526316,800.0
0438,......0438 Orvin,1260,170.63492063492063,582.5396825396825,246.82539682539684,55.55555555555555,60.317460317460316,54.76190476190476,39.682539682539684,93.65079365079364,191.26984126984127,257.93650793650795,121.42857142857143,83.33333333333333,42.06349206349206,507.1428571428571,492.8571428571429,1028.9855072463768,427.77777777777777,419.04761904761904,54.76190476190476,98.4126984126984,292.91553133514986,423.7057220708447,716.6212534059946,1446.5116279069766
0441,......0441 Renan (BE),957,138.97596656217345,654.1274817136887,206.89655172413794,37.61755485893417,45.97701149425287,55.38140020898641,58.51619644723093,88.81922675026122,187.04284221525603,319.7492163009404,125.39184952978056,60.60606060606061,20.898641588296762,515.1515151515151,484.8484848484849,1062.5,439.9164054336468,404.3887147335423,49.11180773249739,106.58307210031349,212.4600638977636,316.29392971246006,528.7539936102237,1488.7218045112782
0442,......0442 Romont (BE),232,120.6896551724138,612.0689655172413,267.2413793103448,43.10344827586207,34.48275862068965,43.10344827586207,34.48275862068965,56.03448275862069,211.20689655172416,310.3448275862069,150.86206896551724,77.58620689655173,38.793103448275865,491.37931034482756,508.6206896551724,966.1016949152543,362.0689655172414,491.37931034482756,60.3448275862069,86.20689655172414,197.18309859154928,436.61971830985914,633.8028169014085,2214.285714285714
0443,......0443 Saint-Imier,5177,138.3040370871161,667.5680896271973,194.1278732856867,41.529843538729,46.35889511299981,50.41529843538729,50.99478462429979,151.05273324319106,194.90052153757,270.62005022213634,92.13830403708711,65.67510141008306,36.314467838516514,499.5170948425729,500.4829051574271,998.0702431493633,479.42824029360634,345.95325478076103,56.01699826154143,118.02202047517868,207.17592592592592,290.7986111111111,497.974537037037,1403.6312849162011
0444,......0444 Sonceboz-Sombeval,1909,159.24567836563648,655.8407543216343,184.91356731272919,41.38292299633316,49.76427448926139,68.0984808800419,59.193294918805655,117.33892090099529,222.10581456259823,257.2027239392352,93.76636982713462,68.62231534834991,22.52488213724463,512.8339444735464,487.16605552645365,1052.6881720430108,449.97380827658463,416.9722367731797,38.23991618648507,94.81403876375064,242.81150159744408,281.94888178913743,524.7603833865815,1161.1842105263156
0445,......0445 Sonvilier,1221,177.7231777231777,661.7526617526618,160.52416052416052,54.054054054054056,56.511056511056516,67.15806715806715,67.97706797706797,108.10810810810811,208.84520884520884,276.8222768222768,80.26208026208026,63.88206388206388,16.38001638001638,505.32350532350534,494.67649467649466,1021.523178807947,473.38247338247334,389.025389025389,45.04504504504504,92.54709254709255,268.56435643564356,242.57425742574256,511.13861386138615,903.2258064516129
0446,......0446 Tramelan,4727,152.52803046329598,634.4404484874128,213.03152104929129,47.3873492701502,48.6566532684578,56.484027924687965,58.81108525491855,118.89147450814471,198.43452506875397,258.30336365559555,99.64036386714618,73.83118256822509,39.55997461392003,504.1252379944997,495.8747620055003,1016.6382252559727,457.5840913898879,397.29215147027713,57.11867992384176,87.79352654960863,240.41347115705236,335.7785928642881,576.1920640213405,1396.6712898751734
0448,......0448 Villeret,924,145.021645021645,643.9393939393939,211.03896103896102,38.96103896103896,49.78354978354978,56.27705627705628,56.27705627705628,108.22510822510823,178.57142857142858,300.8658008658009,106.06060606060606,69.26406926406926,35.714285714285715,493.5064935064935,506.49350649350646,974.3589743589744,426.4069264069264,418.83116883116884,54.112554112554115,100.64935064935065,225.21008403361344,327.7310924369748,552.9411764705883,1455.223880597015
0449,......0449 Sauge,829,117.00844390832329,656.2123039806996,226.77925211097707,43.42581423401689,42.21954161640531,31.363088057901084,57.90108564535585,79.61399276236429,193.00361881785284,325.69360675512667,102.53317249698432,97.708082026538,26.537997587454765,496.98431845597105,503.015681544029,988.009592326139,405.307599517491,433.05186972255734,48.25090470446321,113.38962605548853,178.30882352941177,345.5882352941176,523.8970588235294,1938.1443298969073
0450,......0450 Péry-La Heutte,1976,129.04858299595142,643.2186234817814,227.73279352226723,37.95546558704453,47.57085020242915,43.522267206477736,54.1497975708502,113.86639676113361,182.18623481781376,293.0161943319838,118.92712550607287,80.97165991902834,27.83400809716599,517.7125506072875,482.2874493927126,1073.4522560335781,432.1862348178138,399.2914979757085,53.13765182186235,115.38461538461539,200.6294256490952,354.05192761605036,554.6813532651456,1764.7058823529412
0681,......0681 Belprahon,266,82.70676691729322,582.7067669172933,334.5864661654135,33.83458646616541,30.075187969924812,18.796992481203006,37.59398496240601,124.06015037593984,127.81954887218045,293.2330827067669,161.65413533834587,127.81954887218045,45.11278195488722,515.0375939849624,484.9624060150376,1062.015503875969,345.8646616541353,500.0,45.11278195488722,109.02255639097744,141.93548387096774,574.1935483870968,716.1290322580645,4045.454545454546
0683,......0683 Champoz,150,153.33333333333331,640.0,206.66666666666666,60.0,40.0,53.333333333333336,73.33333333333333,106.66666666666667,173.33333333333334,286.6666666666667,140.0,46.66666666666667,20.0,500.0,500.0,1000.0,426.6666666666667,440.0,60.0,73.33333333333333,239.58333333333334,322.9166666666667,562.5,1347.8260869565217
0687,......0687 Corcelles (BE),186,139.78494623655914,586.0215053763441,274.19354838709677,26.881720430107528,48.387096774193544,64.51612903225806,37.634408602150536,53.763440860215056,215.05376344086022,279.5698924731183,145.16129032258067,91.3978494623656,37.634408602150536,478.494623655914,521.505376344086,917.5257731958762,413.97849462365593,419.35483870967744,69.89247311827957,96.77419354838709,238.53211009174314,467.88990825688074,706.4220183486239,1961.5384615384614
0690,......0690 Court,1371,167.76075857038657,588.6214442013129,243.6177972283005,43.7636761487965,59.08096280087528,64.91611962071481,48.86943836615609,105.76221735959155,178.7016776075857,255.28811086797958,111.59737417943107,101.38584974471189,30.63457330415755,507.6586433260394,492.3413566739606,1031.111111111111,423.0488694383662,451.4952589350839,49.59883296863603,75.85703865791393,285.0061957868649,413.8785625774473,698.8847583643123,1452.1739130434783
0691,......0691 Crémines,537,150.83798882681566,575.4189944134079,273.74301675977654,40.968342644320295,48.41713221601489,61.452513966480446,57.72811918063315,98.69646182495345,176.90875232774675,242.0856610800745,134.0782122905028,93.10986964618249,46.554934823091244,536.3128491620112,463.68715083798884,1156.6265060240964,433.8919925512104,433.8919925512104,54.00372439478585,78.2122905027933,262.13592233009706,475.7281553398058,737.8640776699029,1814.8148148148148
0692,......0692 Eschert,387,121.44702842377261,669.2506459948321,209.30232558139537,33.59173126614987,36.17571059431524,51.67958656330749,33.59173126614987,116.27906976744185,188.63049095607235,330.74935400516796,113.69509043927648,64.59948320413436,31.007751937984494,550.3875968992248,449.6124031007752,1224.1379310344826,418.60465116279073,423.77260981912144,41.343669250645995,116.27906976744185,181.46718146718146,312.74131274131275,494.20849420849424,1723.404255319149
0694,......0694 Grandval,381,178.47769028871392,611.5485564304462,209.9737532808399,44.61942257217848,70.86614173228347,62.99212598425197,39.37007874015748,76.11548556430446,228.3464566929134,267.7165354330709,110.23622047244095,70.86614173228347,28.871391076115486,538.0577427821522,461.9422572178478,1164.7727272727273,435.6955380577428,406.8241469816273,47.24409448818898,110.23622047244095,291.84549356223175,343.3476394849785,635.1931330472103,1176.4705882352941
0696,......0696 Loveresse,358,215.08379888268155,581.0055865921788,203.91061452513966,55.865921787709496,94.97206703910614,64.24581005586592,27.932960893854748,97.76536312849161,226.25698324022346,229.05027932960894,117.31843575418995,61.452513966480446,25.139664804469277,500.0,500.0,1000.0,452.5139664804469,399.4413407821229,55.865921787709496,92.17877094972067,370.19230769230774,350.96153846153845,721.1538461538462,948.051948051948
0700,......0700 Moutier,7256,134.09592061742006,632.3042998897464,233.5997794928335,39.691289966923925,45.20396912899669,49.20066152149945,59.39911797133407,118.66041896361631,176.40573318632855,277.83902976846747,108.4619625137817,84.61962513781698,40.51819184123484,490.077177508269,509.9228224917309,961.081081081081,438.67144432194044,377.89415656008816,68.49503858875414,114.52590959206174,212.07497820401048,369.4420226678291,581.5170008718395,1742.0349434737923
0701,......0701 Perrefitte,480,141.66666666666666,627.0833333333334,231.25,35.416666666666664,52.083333333333336,54.16666666666667,56.25,110.41666666666666,200.0,260.4166666666667,118.75,91.66666666666666,20.833333333333332,510.41666666666663,489.5833333333333,1042.5531914893618,445.83333333333337,416.6666666666667,54.16666666666667,83.33333333333333,225.9136212624585,368.7707641196013,594.6843853820598,1632.3529411764705
0703,......0703 Reconvilier,2506,150.03990422984836,632.0830007980845,217.87709497206703,42.6975259377494,53.47166799680767,53.8707102952913,56.26496408619314,127.69353551476456,189.94413407821227,258.1803671189146,103.75099760574622,80.2075019952115,33.91859537110934,508.77893056664004,491.2210694333599,1035.7432981316003,454.90822027134874,385.87390263367917,50.27932960893855,108.53950518754989,237.37373737373738,344.69696969696975,582.070707070707,1452.127659574468
0704,......0704 Roches (BE),191,99.47643979057591,691.0994764397906,209.4240837696335,47.12041884816754,20.942408376963353,31.413612565445025,15.706806282722512,109.9476439790576,198.95287958115182,366.4921465968586,146.59685863874344,52.35602094240838,10.471204188481677,481.67539267015707,518.3246073298429,929.2929292929293,455.49738219895283,424.08376963350787,26.17801047120419,94.24083769633508,143.93939393939394,303.03030303030306,446.96969696969694,2105.2631578947367
0706,......0706 Saicourt,644,177.01863354037266,618.0124223602485,204.9689440993789,40.37267080745342,72.98136645962732,63.66459627329192,48.13664596273292,116.45962732919254,194.09937888198758,259.3167701863354,128.88198757763973,59.006211180124225,17.080745341614907,520.1863354037267,479.81366459627327,1084.1423948220065,482.9192546583851,388.19875776397515,38.81987577639751,90.06211180124224,286.4321608040201,331.65829145728645,618.0904522613065,1157.8947368421052
0707,......0707 Saules (BE),148,148.64864864864865,641.8918918918919,209.45945945945945,33.78378378378378,40.54054054054054,74.32432432432432,74.32432432432432,81.08108108108108,182.43243243243242,304.05405405405406,121.62162162162163,74.32432432432432,13.513513513513514,547.2972972972973,452.7027027027027,1208.955223880597,445.94594594594594,405.4054054054054,47.2972972972973,101.35135135135135,231.57894736842104,326.3157894736842,557.8947368421052,1409.0909090909092
0708,......0708 Schelten,33,90.9090909090909,727.2727272727273,181.8181818181818,60.60606060606061,30.303030303030305,0.0,30.303030303030305,181.8181818181818,151.51515151515153,363.6363636363636,90.9090909090909,60.60606060606061,30.303030303030305,515.1515151515151,484.8484848484849,1062.5,484.8484848484849,242.42424242424244,121.21212121212122,151.51515151515153,125.0,250.0,375.0,2000.0
0709,......0709 Seehof,67,134.32835820895522,671.6417910447761,194.02985074626866,59.701492537313435,29.850746268656717,44.776119402985074,14.925373134328359,149.25373134328356,149.25373134328356,358.2089552238806,59.701492537313435,59.701492537313435,74.62686567164178,552.2388059701493,447.76119402985074,1233.3333333333335,358.2089552238806,462.6865671641791,89.55223880597015,89.55223880597015,200.0,288.88888888888886,488.88888888888886,1444.4444444444443
0711,......0711 Sorvilier,300,200.0,603.3333333333334,196.66666666666666,53.333333333333336,90.0,56.666666666666664,30.0,73.33333333333333,253.33333333333334,246.66666666666669,113.33333333333333,53.333333333333336,30.0,496.66666666666663,503.3333333333333,986.7549668874173,490.0,353.3333333333333,63.333333333333336,93.33333333333334,331.49171270718233,325.96685082872926,657.4585635359116,983.3333333333333
0713,......0713 Tavannes,3505,146.07703281027105,663.9087018544935,190.0142653352354,46.21968616262482,45.93437945791727,53.92296718972896,60.770328102710415,123.53780313837376,188.87303851640513,290.7275320970043,110.1283880171184,54.208273894436516,25.677603423680456,499.2867332382311,500.71326676176886,997.1509971509972,455.34950071326676,381.4550641940085,51.35520684736091,111.84022824536378,220.02578427159432,286.2054146970348,506.2311989686291,1300.78125
0715,......0715 Rebévelier,32,31.25,750.0,218.75,0.0,0.0,31.25,156.25,187.5,93.75,312.5,62.5,62.5,93.75,562.5,437.5,1285.7142857142858,437.5,437.5,93.75,31.25,41.666666666666664,291.6666666666667,333.3333333333333,7000.0
0716,......0716 Petit-Val,484,146.69421487603307,665.2892561983471,188.01652892561984,66.11570247933885,41.32231404958678,39.256198347107436,72.31404958677686,157.02479338842974,198.34710743801654,237.60330578512398,101.2396694214876,72.31404958677686,14.462809917355372,553.7190082644629,446.2809917355372,1240.7407407407406,497.93388429752065,417.35537190082647,28.925619834710744,53.719008264462815,220.49689440993788,282.6086956521739,503.10559006211173,1281.6901408450706
0717,......0717 Valbirse,3974,144.69048817312532,608.4549572219427,246.85455460493205,43.02969300452944,49.57221942627076,52.08857574232512,52.59184700553598,95.87317564167085,181.42929038751888,278.56064418721695,120.53346753900352,90.33719174635128,35.98389531957726,497.73527931555105,502.26472068444895,990.9819639278558,409.15953699043786,423.25113236034224,62.15400100654252,105.18369401107196,237.79983457402813,405.7071960297767,643.5070306038048,1706.0869565217392
0723,......0723 La Neuveville,3804,128.54889589905363,636.435331230284,235.01577287066246,34.70031545741325,42.849631966351204,50.99894847528917,53.62776025236593,107.25552050473186,185.59411146161935,289.95793901156674,105.15247108307045,87.0136698212408,42.849631966351204,491.58780231335436,508.4121976866456,966.9079627714581,452.6813880126183,369.87381703470027,58.62250262881178,118.8222923238696,201.98265179677819,369.268897149938,571.2515489467163,1828.2208588957055
0724,......0724 Nods,768,166.66666666666666,640.625,192.70833333333334,44.270833333333336,48.177083333333336,74.21875,63.80208333333333,91.14583333333333,158.85416666666666,326.8229166666667,106.77083333333333,66.40625,19.53125,527.34375,472.65625,1115.702479338843,453.125,389.3229166666667,45.572916666666664,111.97916666666667,260.1626016260163,300.8130081300813,560.9756097560976,1156.25
0726,......0726 Plateau de Diesse,2157,156.23551228558182,610.1066295781178,233.6578581363004,41.724617524339365,59.3416782568382,55.16921650440427,46.36068613815485,85.76726935558645,189.61520630505333,288.3634677793232,135.37320352341214,74.17709782104775,24.10755679184052,497.913769123783,502.086230876217,991.6897506925208,438.1084840055633,394.9930458970793,43.11543810848401,123.78303198887343,256.0790273556231,382.97872340425533,639.0577507598784,1495.5489614243322
0371,......0371 Biel/Bienne,56896,144.01715410573678,671.927727784027,184.05511811023624,44.73073678290214,50.82958380202475,48.4568335208099,48.59744094488189,125.56242969628798,236.5192632170979,261.2485939257593,88.56510123734533,64.15213723284589,31.337879640044996,494.67449381327333,505.32550618672667,978.9224722618344,504.6400449943758,330.70866141732284,46.945303712035994,117.2490157480315,214.33429244049177,273.92100444676953,488.25529688726135,1278.0082987551866
0372,......0372 Evilard,2657,166.35302973278132,605.1938276251411,228.45314264207752,43.658261196838545,59.46556266465939,63.229205871283405,65.1110274745954,78.28377869777944,170.86940158073014,290.92961987203614,105.75837410613474,86.94015807301469,35.75461046292811,493.78998870907037,506.2100112909296,975.4646840148698,436.95897628904777,427.54986827248774,45.54008280015054,89.95107263831389,274.8756218905473,377.4875621890547,652.363184079602,1373.3031674208146
0387,......0387 Lengnau (BE),5798,157.81303897895828,621.2487064505001,220.93825457054155,51.39703345981373,51.39703345981373,55.01897205933081,46.91272852707831,114.52224905139703,195.06726457399105,264.7464642980338,106.76095205243188,83.30458778889273,30.87271472921697,503.4494653328734,496.5505346671266,1013.8937130948246,415.1431528113143,437.9096240082787,53.121766126250435,93.65298378751294,254.02554136590783,355.635757912271,609.6612992781788,1400.0
0390,......0390 Meinisberg,1453,163.11080523055745,632.4845147969718,204.40467997247075,52.30557467309016,55.058499655884376,55.746730901582936,65.38196834136271,87.40536820371645,180.31658637302132,299.38059187887126,101.16999311768754,72.26428079834825,30.970406056434964,498.9676531314522,501.0323468685478,995.8791208791209,410.8740536820372,444.59738472126634,52.99380591878871,91.53475567790778,257.88900979325354,323.17736670293795,581.0663764961915,1253.1645569620252
0392,......0392 Pieterlen,5216,174.27147239263803,656.4417177914111,169.28680981595093,55.40644171779141,63.26687116564417,55.59815950920245,52.14723926380368,118.09815950920245,234.66257668711657,251.53374233128832,89.34049079754601,60.19938650306749,19.746932515337424,497.50766871165644,502.49233128834356,990.0801220908049,448.0444785276074,424.6549079754601,35.85122699386503,91.25766871165644,265.4789719626168,257.8855140186916,523.3644859813083,971.3971397139713
0731,......0731 Aegerten,2473,156.49009300444806,613.0206227254347,230.48928427011728,56.20703598867772,50.14152850788516,50.14152850788516,43.671653861706424,106.75293166194905,205.82288718156087,256.77315002021834,119.28831378892033,81.68216740800648,29.51880307319046,485.64496562879094,514.3550343712091,944.1823899371069,424.98989082086536,418.5200161746866,61.46380913869794,95.0262838657501,255.2770448548813,375.9894459102902,631.2664907651715,1472.8682170542636
0732,......0732 Bellmund,1801,167.6846196557468,631.3159355913382,200.99944475291502,53.85896724042199,55.5247084952804,58.30094392004442,62.18767351471405,73.29261521377013,171.01610216546362,324.8195446973903,106.60744031093837,72.18212104386453,22.20988339811216,502.4986118822876,497.5013881177124,1010.0446428571428,431.4269850083287,462.5208217656857,32.759578012215435,73.29261521377013,265.6112576956904,318.38170624450305,583.9929639401935,1198.6754966887415
0733,......0733 Brügg,4650,170.10752688172042,615.0537634408603,214.83870967741936,55.913978494623656,55.26881720430107,58.924731182795696,48.17204301075269,113.33333333333333,195.48387096774195,258.06451612903226,107.31182795698925,74.40860215053763,33.11827956989247,478.06451612903226,521.9354838709678,915.9456118665018,448.60215053763443,399.35483870967744,54.193548387096776,97.63440860215054,276.5734265734266,349.3006993006993,625.8741258741259,1262.9582806573958
0739,......0739 Ipsach,3869,132.0754716981132,595.5027138795555,272.42181442233135,43.6805376066167,44.97286120444559,43.422072887050916,56.0868441457741,85.03489273714138,170.5867149134143,283.7942620832256,124.83845955027138,111.13982941328509,36.44352545877488,483.58749030757303,516.4125096924271,936.4364364364365,410.7004393900233,426.9837167226674,55.82837942620832,106.22899974153528,221.78819444444446,457.46527777777777,679.2534722222222,2062.6223091976517
0740,......0740 Ligerz,525,104.76190476190476,565.7142857142858,329.5238095238095,19.04761904761905,43.80952380952381,41.904761904761905,60.95238095238095,72.38095238095238,123.80952380952381,308.57142857142856,150.47619047619048,129.52380952380952,49.523809523809526,480.0,520.0,923.0769230769231,382.85714285714283,447.61904761904765,60.95238095238095,108.57142857142857,185.18518518518516,582.4915824915824,767.6767676767677,3145.4545454545455
0742,......0742 Mörigen,881,112.37230419977298,600.4540295119183,287.17366628830877,35.187287173666284,43.1328036322361,34.0522133938706,48.80817253121453,62.42905788876277,153.2349602724177,335.98183881952326,127.1282633371169,128.2633371169126,31.782065834279226,489.21679909194097,510.7832009080591,957.7777777777777,353.00794551645856,500.56753688989784,55.61861520998865,90.80590238365494,187.14555765595463,478.26086956521743,665.4064272211721,2555.555555555555
0743,......0743 Nidau,7053,151.5667092017581,623.7062243017157,224.7270664965263,49.48248972068623,54.444917056571676,47.639302424500215,49.198922444349925,106.47951226428471,220.8989082659861,247.12888132709486,100.38281582305402,86.34623564440663,37.99801502906565,480.50474975187865,519.4952502481214,924.9454148471615,476.96015879767475,353.1830426768751,55.72096980008507,113.99404508719694,243.009774948852,360.30916117299387,603.3189361218458,1482.6941066417212
0744,......0744 Orpund,3373,167.21019863622888,603.0240142306552,229.76578713311594,58.70145271271865,57.51556477912837,50.99318114438186,45.360213459828046,93.98161873702935,213.16335606285205,250.51882597094576,112.06640972428106,82.71568336792173,34.983694040913136,485.02816483842275,514.9718351615771,941.8537708693149,412.9854728728135,434.3314556774385,56.3296768455381,96.3533946042099,277.2861356932154,381.0226155358899,658.3087512291053,1374.113475177305
0745,......0745 Port,3904,151.3831967213115,591.1885245901639,257.4282786885246,45.59426229508197,53.022540983606554,52.766393442622956,48.66803278688524,74.79508196721311,194.15983606557378,273.56557377049177,116.8032786885246,101.4344262295082,39.1905737704918,481.8135245901639,518.1864754098361,929.8072170044488,412.65368852459017,442.6229508196721,55.071721311475414,89.65163934426229,256.06585788561523,435.4419410745234,691.5077989601386,1700.5076142131982
0746,......0746 Safnern,2057,159.4555177442878,604.7642197374818,235.78026251823042,44.23918327661643,54.44822557122023,60.768108896451146,46.66990763247448,76.32474477394263,177.92902284880893,303.8405444822557,128.3422459893048,84.10306271268838,23.33495381623724,506.5629557608167,493.43704423918325,1026.6009852216748,401.5556635877491,455.51774428779777,45.697617890131255,97.22897423432183,263.6655948553054,389.87138263665594,653.5369774919614,1478.658536585366
0747,......0747 Scheuren,535,179.4392523364486,620.5607476635514,200.0,50.46728971962617,57.94392523364486,71.02803738317758,46.72897196261682,84.11214953271028,203.73831775700936,285.98130841121497,110.2803738317757,57.94392523364486,31.77570093457944,491.58878504672896,508.41121495327104,966.9117647058823,422.4299065420561,448.5981308411215,54.205607476635514,74.76635514018692,289.1566265060241,322.28915662650604,611.4457831325302,1114.5833333333333
0748,......0748 Schwadernau,690,134.7826086956522,668.1159420289855,197.10144927536234,40.57971014492753,44.927536231884055,49.275362318840585,53.6231884057971,121.73913043478261,147.82608695652175,344.92753623188406,95.65217391304348,75.36231884057972,26.08695652173913,507.24637681159425,492.7536231884058,1029.4117647058822,421.7391304347826,418.84057971014494,53.6231884057971,105.79710144927536,201.7353579175705,295.0108459869848,496.74620390455533,1462.3655913978496
0750,......0750 Sutz-Lattrigen,1398,144.49213161659515,613.7339055793991,241.77396280400572,38.62660944206009,54.36337625178827,51.502145922746784,55.07868383404864,75.82260371959943,163.80543633762517,319.0271816881259,145.2074391988555,62.94706723891273,33.619456366237486,475.6795422031473,524.3204577968527,907.2305593451568,412.0171673819743,435.6223175965665,51.502145922746784,100.85836909871244,235.43123543123542,393.93939393939394,629.3706293706293,1673.2673267326732
0756,......0756 Twann-Tüscherz,1174,127.76831345826234,589.4378194207836,282.793867120954,45.996592844974444,33.21976149914821,48.5519591141397,34.07155025553663,74.10562180579217,177.17206132879045,304.08858603066443,148.21124361158434,97.95570698466781,36.626916524701876,500.8517887563884,499.14821124361157,1003.4129692832765,396.93356047700166,444.633730834753,60.477001703577514,97.1039182282794,216.76300578034682,479.76878612716763,696.5317919075145,2213.3333333333335
0301,......0301 Aarberg,4620,145.67099567099567,613.4199134199134,240.9090909090909,42.20779220779221,46.96969696969697,56.493506493506494,44.15584415584416,100.0,197.61904761904762,271.64502164502164,110.38961038961038,94.80519480519482,35.714285714285715,490.0432900432901,509.9567099567099,960.9507640067911,419.2640692640693,424.67532467532465,55.19480519480519,100.64935064935065,237.47353563867327,392.73112208892024,630.2046577275935,1653.7890044576523
0302,......0302 Bargen (BE),1096,156.93430656934308,607.6642335766423,235.40145985401458,39.23357664233577,60.21897810218979,57.481751824817515,61.13138686131387,82.11678832116787,204.37956204379563,260.036496350365,153.28467153284672,56.56934306569343,25.547445255474454,497.26277372262774,502.73722627737226,989.1107078039928,439.7810218978102,447.99270072992704,39.23357664233577,72.992700729927,258.25825825825825,387.3873873873874,645.6456456456457,1500.0
0303,......0303 Grossaffoltern,3070,138.76221498371336,618.8925081433225,242.34527687296418,41.042345276872965,45.928338762214985,51.79153094462541,49.185667752443,91.85667752442997,170.6840390879479,307.1661237785016,138.11074918566777,74.59283387622149,29.64169381107492,495.4397394136808,504.5602605863192,981.9238218205294,410.09771986970685,458.95765472312706,47.557003257328994,83.38762214983714,224.21052631578948,391.57894736842104,615.7894736842105,1746.4788732394366
0304,......0304 Kallnach,2235,152.12527964205816,617.4496644295302,230.42505592841164,48.769574944071586,54.13870246085011,49.21700223713647,40.26845637583892,76.06263982102908,187.02460850111856,314.09395973154363,117.67337807606263,89.93288590604027,22.818791946308725,497.5391498881432,502.4608501118568,990.2048085485308,405.3691275167785,465.324384787472,54.58612975391499,74.72035794183446,246.3768115942029,373.18840579710144,619.5652173913044,1514.7058823529412
0305,......0305 Kappelen,1409,143.3640880056778,656.4939673527325,200.14194464158976,48.261178140525196,44.712562100780694,50.390347764371896,49.680624556423,94.39318665720369,173.88218594748048,338.5379701916253,114.26543647977289,63.875088715401,22.0014194464159,509.5812633073101,490.4187366926899,1039.0738060781478,424.4144783534421,449.96451383960255,36.1958836053939,89.42512420156139,218.37837837837836,304.86486486486484,523.2432432432432,1396.0396039603959
0306,......0306 Lyss,16558,154.24568184563353,645.4885855779684,200.26573257639814,49.402101703104236,55.441478439425055,49.402101703104236,47.711076216934416,117.40548375407658,215.54535571928977,264.82666988766755,102.36743568063775,73.86157748520353,24.03671941055683,495.34967991303296,504.650320086967,981.5701292484442,448.30293513709387,410.7380118371784,45.83886942867496,95.05978982968958,238.95958083832335,310.2544910179641,549.2140718562874,1298.3555207517618
0309,......0309 Radelfingen,1285,165.75875486381324,624.9027237354086,209.3385214007782,59.14396887159533,63.035019455252915,43.579766536964975,40.466926070038916,78.59922178988327,217.12062256809338,288.71595330739297,124.5136186770428,61.47859922178988,23.346303501945524,510.50583657587543,489.4941634241245,1042.9252782193958,436.57587548638134,428.79377431906613,52.91828793774319,81.71206225680935,265.25529265255295,334.9937733499377,600.2490660024906,1262.9107981220657
0310,......0310 Rapperswil (BE),2705,157.11645101663584,640.2957486136784,202.58780036968577,52.86506469500924,52.495378927911275,51.75600739371534,46.21072088724584,83.54898336414047,193.3456561922366,317.1903881700555,119.77818853974122,60.99815157116451,21.811460258780038,498.70609981515713,501.29390018484287,994.8377581120944,419.2236598890943,452.49537892791125,49.53789279112754,78.37338262476895,245.3810623556582,316.3972286374134,561.7782909930717,1289.4117647058822
0311,......0311 Schüpfen,3784,146.1416490486258,631.0782241014799,222.7801268498943,40.43340380549683,50.47568710359408,55.23255813953489,54.96828752642706,88.00211416490485,191.0676532769556,297.04016913319236,116.8076109936575,76.90274841437632,29.069767441860463,494.1860465116279,505.8139534883721,977.0114942528736,441.06765327695564,427.85412262156444,48.625792811839325,82.4524312896406,231.5745393634841,353.0150753768844,584.5896147403686,1524.4122965641952
0312,......0312 Seedorf (BE),3235,143.7403400309119,619.7836166924266,236.47604327666153,48.222565687789796,51.931993817619784,43.58578052550232,45.44049459041731,82.22565687789799,196.29057187017003,295.8268933539413,130.13910355486863,85.00772797527048,21.32921174652241,489.9536321483771,510.04636785162285,960.6060606060606,416.3833075734157,457.4961360123648,49.76816074188563,76.35239567233384,231.92019950124688,381.54613466334166,613.4663341645885,1645.1612903225807
0381,......0381 Arch,1744,139.33486238532112,638.1880733944954,222.47706422018348,36.69724770642202,48.165137614678905,54.472477064220186,49.88532110091743,99.19724770642202,185.20642201834863,303.89908256880733,122.70642201834862,77.9816513761468,21.788990825688074,496.5596330275229,503.4403669724771,986.3325740318907,415.13761467889907,430.61926605504584,47.591743119266056,106.07798165137615,218.3288409703504,348.60736747529205,566.9362084456424,1596.7078189300412
0382,......0382 Büetigen,916,182.31441048034935,631.0043668122271,186.68122270742356,65.50218340611353,55.6768558951965,61.135371179039296,40.393013100436676,76.41921397379913,194.3231441048035,319.86899563318775,100.43668122270742,67.68558951965066,18.558951965065503,524.0174672489082,475.9825327510917,1100.9174311926606,407.20524017467244,493.44978165938863,36.02620087336245,63.318777292576414,288.9273356401384,295.84775086505186,584.7750865051903,1023.9520958083832
0383,......0383 Büren an der Aare,3806,152.65370467682607,632.4224908039937,214.92380451918024,44.1408302679979,52.28586442459275,56.227009984235416,57.54072517078297,99.31686810299527,202.57488176563322,272.99001576458227,106.9364161849711,74.3562795585917,33.63110877561744,492.38045191802416,507.61954808197584,969.9792960662526,442.98476090383605,402.5223331581713,53.07409353652128,101.41881240147137,241.3793103448276,339.84212712920646,581.2214374740341,1407.917383820998
0385,......0385 Diessbach bei Büren,1052,174.90494296577947,661.5969581749049,163.4980988593156,48.47908745247148,57.034220532319395,69.39163498098858,67.49049429657794,90.3041825095057,199.61977186311788,304.1825095057034,85.55133079847909,62.73764258555133,15.209125475285171,500.0,500.0,1000.0,460.0760456273764,421.10266159695817,41.82509505703422,76.99619771863118,264.367816091954,247.1264367816092,511.4942528735632,934.7826086956522
0386,......0386 Dotzigen,1580,172.78481012658227,587.9746835443038,239.2405063291139,53.164556962025316,57.594936708860764,62.0253164556962,60.12658227848102,70.25316455696202,198.73417721518987,258.86075949367086,145.56962025316454,74.05063291139241,19.620253164556964,498.1012658227848,501.8987341772152,992.4337957124842,415.1898734177215,473.4177215189874,39.87341772151898,71.51898734177216,293.8643702906351,406.8891280947255,700.7534983853606,1384.6153846153845
0388,......0388 Leuzigen,1361,176.34092578986042,611.3152094048494,212.34386480529022,53.63703159441587,60.24981631153563,62.45407788390889,55.84129316678912,69.80161645848641,196.1792799412197,289.49301983835414,111.68258633357824,74.21013960323292,26.45113886847906,494.48934606906687,505.5106539309331,978.1976744186046,434.2395297575312,412.19691403379863,49.22850844966936,104.33504775900074,288.46153846153845,347.3557692307692,635.8173076923077,1204.1666666666665
0389,......0389 Meienried,57,140.35087719298244,631.578947368421,228.07017543859646,35.08771929824561,52.63157894736842,52.63157894736842,0.0,52.63157894736842,228.07017543859646,350.8771929824561,122.80701754385964,70.17543859649122,35.08771929824561,526.3157894736842,473.6842105263158,1111.111111111111,385.96491228070175,561.4035087719298,17.543859649122805,35.08771929824561,222.2222222222222,361.1111111111111,583.3333333333334,1625.0
0391,......0391 Oberwil bei Büren,904,144.91150442477877,649.3362831858407,205.75221238938053,43.14159292035398,56.41592920353982,45.35398230088496,58.6283185840708,85.17699115044248,190.26548672566372,315.2654867256637,107.30088495575221,87.38938053097345,11.061946902654867,494.46902654867256,505.5309734513275,978.1181619256017,413.716814159292,443.5840707964602,49.7787610619469,92.9203539823009,223.1686541737649,316.86541737649065,540.0340715502555,1419.8473282442746
0393,......0393 Rüti bei Büren,870,162.06896551724137,602.2988505747127,235.63218390804596,50.57471264367816,70.11494252873564,41.37931034482759,32.18390804597701,62.06896551724138,197.70114942528735,310.3448275862069,122.98850574712644,77.01149425287358,35.632183908045974,489.6551724137931,510.3448275862069,959.4594594594595,388.50574712643675,462.06896551724134,49.42528735632184,100.0,269.0839694656488,391.22137404580155,660.3053435114505,1453.900709219858
0394,......0394 Wengi,633,134.28120063191153,666.6666666666666,199.0521327014218,42.65402843601896,39.494470774091624,52.132701421800945,47.393364928909946,102.68562401263823,178.51500789889417,338.0726698262243,115.32385466034756,53.712480252764614,30.015797788309637,508.68878357030013,491.3112164296998,1035.3697749196142,417.06161137440756,423.38072669826227,50.552922590837284,109.00473933649289,201.4218009478673,298.5781990521327,500.0,1482.3529411764707
0491,......0491 Brüttelen,641,146.64586583463338,645.8658346333854,207.48829953198128,48.361934477379094,56.1622464898596,42.1216848673947,32.7613104524181,107.64430577223088,196.56786271450858,308.8923556942278,109.204368174727,67.08268330733229,31.201248049921997,528.8611544461779,471.13884555382214,1122.5165562913908,399.37597503900156,472.69890795631824,48.361934477379094,79.5631825273011,227.05314009661836,321.25603864734296,548.3091787439613,1414.8936170212767
0492,......0492 Erlach,1394,141.3199426111908,614.7776183644189,243.90243902439025,49.49784791965567,50.21520803443329,41.60688665710186,44.47632711621234,65.99713055954089,214.49067431850787,289.8134863701578,133.42898134863702,81.06169296987088,29.41176470588235,489.23959827833573,510.76040172166427,957.8651685393259,423.95982783357243,426.11190817790526,46.6284074605452,103.29985652797704,229.87164527421237,396.732788798133,626.6044340723454,1725.8883248730965
0493,......0493 Finsterhennen,570,149.12280701754386,650.8771929824561,200.0,52.63157894736842,35.08771929824561,61.40350877192982,59.64912280701754,128.0701754385965,180.70175438596493,282.4561403508772,107.01754385964912,75.43859649122807,17.543859649122805,536.8421052631579,463.1578947368421,1159.0909090909092,450.87719298245617,422.8070175438596,43.859649122807014,82.4561403508772,229.11051212938006,307.27762803234504,536.3881401617251,1341.1764705882351
0494,......0494 Gals,849,148.40989399293287,653.7102473498232,197.8798586572438,42.40282685512368,68.31566548881037,37.69140164899882,47.11425206124853,110.71849234393403,195.5241460541814,300.3533568904594,102.47349823321555,71.849234393404,23.557126030624264,492.3439340400471,507.6560659599529,969.8375870069606,455.8303886925795,402.8268551236749,55.359246171967015,85.98351001177856,227.02702702702703,302.7027027027027,529.7297297297298,1333.3333333333333
0495,......0495 Gampelen,1016,148.6220472440945,665.3543307086615,186.0236220472441,39.37007874015748,61.023622047244096,48.22834645669291,38.38582677165355,84.64566929133858,246.06299212598427,296.25984251968504,100.39370078740157,61.023622047244096,24.606299212598426,505.9055118110236,494.0944881889764,1023.9043824701195,437.00787401574803,411.4173228346457,46.25984251968504,105.31496062992126,223.37278106508876,279.58579881656806,502.9585798816568,1251.6556291390727
0496,......0496 Ins,3777,151.7077045274027,629.6002118083135,218.69208366428384,40.24357956049775,51.628276409849086,59.83584855705586,54.27588032830288,108.55176065660577,173.68281705056924,293.0897537728356,106.9631983055335,79.69287794545936,32.03600741329097,491.3952872650251,508.6047127349749,966.1634565330556,431.02991792427855,432.6184802753508,47.92163092401377,88.4299708763569,240.9587888982338,347.3507148864592,588.309503784693,1441.5357766143106
0497,......0497 Lüscherz,572,94.4055944055944,610.13986013986,295.4545454545455,31.46853146853147,33.21678321678321,29.72027972027972,24.475524475524477,82.16783216783216,188.8111888111888,314.68531468531467,180.06993006993008,85.66433566433567,29.72027972027972,491.2587412587412,508.7412587412588,965.6357388316152,402.0979020979021,419.5804195804196,62.93706293706294,115.38461538461539,154.72779369627506,484.24068767908307,638.9684813753582,3129.6296296296296
0498,......0498 Müntschemier,1652,184.62469733656175,648.3050847457628,167.07021791767554,53.26876513317191,67.1912832929782,64.16464891041163,44.18886198547216,103.51089588377724,239.1041162227603,261.50121065375305,99.87893462469734,51.45278450363196,15.738498789346249,504.8426150121066,495.15738498789347,1019.5599022004891,432.8087167070218,449.1525423728814,42.3728813559322,75.06053268765133,284.78057889822594,257.703081232493,542.4836601307189,904.9180327868852
0499,......0499 Siselen,633,131.1216429699842,631.911532385466,236.96682464454977,48.97314375987362,45.813586097946285,36.334913112164294,44.23380726698262,91.62717219589257,199.0521327014218,296.998420221169,112.16429699842021,85.30805687203792,39.494470774091624,513.4281200631912,486.57187993680884,1055.1948051948052,385.4660347551343,480.2527646129542,53.712480252764614,80.56872037914692,207.5,375.0,582.5,1807.2289156626507
0500,......0500 Treiten,428,102.80373831775701,661.2149532710281,235.98130841121494,23.36448598130841,42.05607476635514,37.38317757009346,46.72897196261682,81.77570093457943,172.89719626168224,359.8130841121495,130.8411214953271,74.76635514018692,30.373831775700936,504.6728971962616,495.32710280373834,1018.8679245283018,364.4859813084112,485.98130841121497,60.74766355140187,88.78504672897196,155.47703180212014,356.8904593639576,512.3674911660777,2295.4545454545455
0501,......0501 Tschugg,497,132.79678068410465,631.7907444668008,235.41247484909456,28.169014084507044,42.25352112676056,62.374245472837025,44.265593561368206,84.50704225352112,177.06237424547282,325.95573440643864,138.83299798792757,68.41046277665997,28.169014084507044,498.9939637826962,501.0060362173038,995.9839357429719,444.6680080482898,394.36619718309856,46.27766599597585,114.68812877263582,210.19108280254778,372.61146496815286,582.8025477707006,1772.7272727272727
0502,......0502 Vinelz,910,136.26373626373626,601.098901098901,262.6373626373626,45.05494505494505,45.05494505494505,46.15384615384615,27.47252747252747,85.71428571428571,178.02197802197801,309.8901098901099,142.85714285714286,93.4065934065934,26.373626373626372,487.9120879120879,512.0879120879121,952.7896995708155,385.7142857142857,462.6373626373627,50.54945054945055,101.0989010989011,226.691042047532,436.9287020109689,663.6197440585008,1927.4193548387098
0734,......0734 Bühl,482,132.78008298755188,647.3029045643154,219.91701244813277,58.09128630705394,33.19502074688797,41.49377593360996,43.56846473029045,58.09128630705394,209.5435684647303,336.0995850622407,145.22821576763488,51.86721991701245,22.821576763485474,479.25311203319507,520.746887966805,920.3187250996016,425.31120331950206,421.1618257261411,41.49377593360996,112.03319502074689,205.1282051282051,339.7435897435898,544.8717948717948,1656.25
0735,......0735 Epsach,366,139.34426229508196,642.0765027322404,218.5792349726776,57.37704918032787,51.91256830601093,30.054644808743166,49.18032786885246,101.09289617486338,185.79234972677597,306.0109289617486,144.8087431693989,46.44808743169399,27.3224043715847,489.07103825136613,510.92896174863387,957.2192513368984,423.4972677595629,426.22950819672127,46.44808743169399,103.82513661202186,217.0212765957447,340.4255319148936,557.4468085106383,1568.627450980392
0736,......0736 Hagneck,436,162.8440366972477,610.0917431192661,227.06422018348624,52.75229357798165,59.633027522935784,50.45871559633028,45.87155963302752,50.45871559633028,190.36697247706422,323.39449541284404,105.5045871559633,87.1559633027523,34.403669724770644,511.4678899082569,488.5321100917431,1046.9483568075118,394.4954128440367,474.77064220183485,50.45871559633028,80.27522935779817,266.9172932330827,372.18045112781954,639.0977443609023,1394.3661971830986
0737,......0737 Hermrigen,315,126.98412698412697,580.952380952381,292.0634920634921,28.57142857142857,44.44444444444444,53.96825396825397,57.14285714285714,47.61904761904761,203.17460317460316,273.015873015873,149.20634920634922,101.58730158730158,41.26984126984127,511.1111111111111,488.88888888888886,1045.4545454545455,400.0,444.4444444444444,44.44444444444444,107.93650793650794,218.5792349726776,502.73224043715845,721.3114754098361,2300.0
0738,......0738 Jens,660,127.27272727272727,634.8484848484849,237.87878787878788,37.87878787878788,43.93939393939394,45.45454545454545,62.12121212121212,68.18181818181817,162.12121212121212,342.42424242424244,125.75757575757576,83.33333333333333,28.78787878787879,503.03030303030306,496.96969696969694,1012.1951219512196,374.24242424242425,503.03030303030306,39.39393939393939,83.33333333333333,200.47732696897376,374.7016706443914,575.1789976133651,1869.047619047619
0741,......0741 Merzligen,403,91.81141439205956,605.4590570719604,302.7295285359802,22.332506203473944,37.220843672456574,32.25806451612903,47.146401985111666,79.40446650124069,116.62531017369727,362.28287841191064,109.18114143920596,138.9578163771712,54.59057071960298,501.24069478908183,498.7593052109181,1004.9751243781095,347.394540942928,493.7965260545906,71.96029776674938,86.848635235732,151.63934426229508,500.0,651.6393442622951,3297.2972972972975
0749,......0749 Studen (BE),3537,167.0907548770144,634.4359626802375,198.4732824427481,45.236075770426915,53.71783997738196,68.13683912920554,58.24144755442465,114.7865422674583,209.7823013853548,251.6256714729997,98.6711902742437,79.72858354537745,20.073508623126944,491.6595985298275,508.3404014701725,967.1857619577307,436.24540571105456,430.87362171331637,44.38789934973141,88.49307322589765,263.36898395721926,312.83422459893046,576.2032085561497,1187.8172588832488
0751,......0751 Täuffelen,3084,132.94422827496757,558.041504539559,309.01426718547344,39.23476005188068,42.153047989623865,51.55642023346303,41.82879377431907,75.22697795071336,155.9662775616083,285.01945525291825,140.40207522697796,121.9195849546044,46.69260700389105,482.16601815823606,517.833981841764,931.1208515967438,368.02853437094683,454.2801556420233,69.71465629053178,107.97665369649806,238.23358512492737,553.7478210342824,791.9814061592098,2324.3902439024387
0754,......0754 Walperswil,1045,172.2488038277512,618.1818181818181,209.56937799043064,65.07177033492823,51.67464114832536,55.50239234449761,50.717703349282296,70.81339712918661,181.8181818181818,314.8325358851675,115.78947368421052,72.72727272727272,21.052631578947366,514.8325358851674,485.1674641148325,1061.1439842209074,435.4066985645933,444.9760765550239,38.27751196172249,81.33971291866028,278.6377708978328,339.0092879256966,617.6470588235294,1216.6666666666665
0755,......0755 Worben,2615,148.75717017208413,605.3537284894837,245.8891013384321,50.478011472275334,55.831739961759084,42.44741873804971,50.478011472275334,96.36711281070745,184.321223709369,274.1873804971319,117.39961759082217,94.07265774378585,34.41682600382409,479.1586998087954,520.8413001912046,919.9706314243759,411.8546845124283,430.59273422562137,60.4206500956023,97.131931166348,245.73594440934934,406.1907770056854,651.9267214150348,1652.956298200514
0321,......0321 Aarwangen,4813,151.25701225846666,631.6226885518388,217.12029918969458,48.826095990027014,51.11157282360274,51.3193434448369,52.981508414710156,111.98836484521088,188.03241221691252,278.6204030750052,119.46810720964056,76.04404737170165,21.60814460835238,499.2728028256804,500.7271971743196,997.0954356846473,420.3199667567006,438.8115520465406,42.800747974236444,98.06773322252234,239.4736842105263,343.75,583.2236842105262,1435.4395604395604
0322,......0322 Auswil,477,159.32914046121593,601.6771488469602,238.9937106918239,69.18238993710692,50.314465408805034,39.83228511530398,41.928721174004195,77.56813417190776,213.8364779874214,268.34381551362685,144.65408805031447,75.47169811320754,18.867924528301884,513.6268343815514,486.37316561844864,1056.0344827586207,398.32285115303984,477.9874213836478,44.0251572327044,79.66457023060796,264.80836236933794,397.21254355400697,662.0209059233449,1500.0
0323,......0323 Bannwil,678,119.46902654867257,660.7669616519174,219.76401179941,44.24778761061947,44.24778761061947,30.97345132743363,58.99705014749262,85.54572271386431,190.26548672566372,325.9587020648967,112.09439528023599,82.59587020648968,25.073746312684367,510.3244837758112,489.6755162241888,1042.1686746987953,435.1032448377581,396.7551622418879,51.62241887905605,115.04424778761062,180.80357142857142,332.5892857142857,513.3928571428571,1839.5061728395062
0324,......0324 Bleienbach,779,165.596919127086,591.7843388960206,242.61874197689346,52.63157894736842,60.33376123234917,52.63157894736842,32.09242618741977,92.42618741976894,211.8100128369705,255.4557124518614,139.92297817715018,79.58921694480104,23.106546854942234,503.209242618742,496.790757381258,1012.9198966408268,432.6059050064185,465.98202824133506,46.21309370988447,55.198973042362,279.82646420824295,409.97830802603033,689.8047722342733,1465.1162790697674
0325,......0325 Busswil bei Melchnau,166,72.28915662650603,632.5301204819277,295.1807228915663,18.072289156626507,24.096385542168676,30.120481927710845,30.120481927710845,114.4578313253012,138.55421686746988,349.3975903614458,162.65060240963854,90.36144578313252,42.16867469879518,493.9759036144578,506.0240963855421,976.1904761904761,349.3975903614458,481.9277108433735,48.19277108433735,120.48192771084338,114.28571428571428,466.6666666666667,580.952380952381,4083.333333333333
0326,......0326 Gondiswil,731,140.9028727770178,615.595075239398,243.50205198358412,35.56771545827633,42.40766073871409,62.92749658002736,68.39945280437756,76.60738714090287,154.5827633378933,316.00547195622437,117.6470588235294,90.28727770177838,35.56771545827633,484.2681258549932,515.7318741450068,938.9920424403183,445.9644322845418,429.54856361149115,53.3515731874145,71.13543091655266,228.88888888888889,395.55555555555554,624.4444444444445,1728.1553398058252
0329,......0329 Langenthal,16141,144.3528901555046,628.6475435227061,226.99956632178922,42.99609689610309,51.23598290068769,50.12081035871383,52.041385292113254,116.47357660615823,200.91691964562295,259.21566197881174,109.72058732420544,80.78805526299486,36.49092373458893,487.7021250232327,512.2978749767673,951.9893578425445,449.1667182950251,396.4438386717056,58.48460442351775,95.78093054953226,229.62451956243223,361.0919483591209,590.7164679215532,1572.5321888412016
0331,......0331 Lotzwil,2779,155.45160129543,643.3969053616408,201.15149334292911,45.6998920474991,52.17704210147535,57.57466714645556,53.256567110471394,126.30442605253688,186.39798488664988,277.4379273119827,105.43360921194675,71.6084922634041,24.109391867578267,514.5735876214466,485.42641237855344,1060.0444773906597,449.0824037423534,414.17776178481466,46.05973371716444,90.6801007556675,241.61073825503357,312.6398210290828,554.2505592841163,1293.9814814814813
0332,......0332 Madiswil,3330,140.84084084084083,616.2162162162163,242.94294294294295,42.94294294294294,44.14414414414414,53.753753753753756,57.95795795795796,91.8918918918919,181.38138138138137,284.984984984985,123.12312312312312,82.28228228228228,37.53753753753754,496.0960960960961,503.90390390390394,984.5053635280095,421.3213213213213,436.63663663663664,57.35735735735736,84.0840840840841,228.55750487329433,394.2495126705653,622.8070175438597,1724.9466950959488
0333,......0333 Melchnau,1518,154.80895915678525,598.8142292490119,246.3768115942029,35.57312252964427,61.923583662714094,57.31225296442688,57.31225296442688,73.12252964426877,178.5243741765481,289.8550724637681,117.25955204216073,93.54413702239789,35.57312252964427,496.04743083003956,503.95256916996044,984.313725490196,404.4795783926219,443.3465085638998,55.99472990777338,96.17918313570487,258.5258525852585,411.4411441144115,669.96699669967,1591.4893617021278
0335,......0335 Oeschenbach,234,123.93162393162393,589.7435897435897,286.3247863247863,21.367521367521366,38.46153846153847,64.1025641025641,42.73504273504273,76.92307692307693,179.48717948717947,290.59829059829065,162.3931623931624,89.74358974358974,34.188034188034194,538.4615384615385,461.53846153846155,1166.6666666666667,405.982905982906,448.71794871794873,81.1965811965812,64.1025641025641,210.14492753623188,485.50724637681157,695.6521739130435,2310.344827586207
0336,......0336 Reisiswil,178,106.74157303370787,713.4831460674156,179.7752808988764,28.089887640449437,28.089887640449437,50.561797752808985,95.50561797752809,101.12359550561797,162.92134831460675,353.9325842696629,129.21348314606743,39.32584269662921,11.235955056179774,494.3820224719101,505.6179775280899,977.7777777777777,438.2022471910112,460.6741573033708,28.089887640449437,73.03370786516854,149.60629921259843,251.96850393700788,401.5748031496063,1684.2105263157894
0337,......0337 Roggwil (BE),4432,161.32671480144404,621.615523465704,217.057761732852,45.57761732851986,56.40794223826715,59.34115523465704,46.705776173285194,103.11371841155234,194.94584837545125,276.85018050541515,114.16967509025271,73.55595667870037,29.332129963898918,499.3231046931408,500.6768953068592,997.2960793150068,415.1624548736462,447.427797833935,48.05956678700361,89.35018050541517,259.52813067150635,349.1833030852994,608.7114337568058,1345.4545454545455
0338,......0338 Rohrbach,1599,147.59224515322074,621.6385240775485,230.76923076923077,42.52657911194497,51.90744215134459,53.15822388993121,45.65353345841151,110.69418386491557,193.87116948092557,271.41963727329585,116.94809255784865,78.17385866166354,35.647279549718576,500.3126954346466,499.6873045653533,1001.2515644555696,427.7673545966229,425.89118198874297,60.0375234521576,86.30393996247655,237.42454728370222,371.2273641851107,608.651911468813,1563.5593220338983
0339,......0339 Rohrbachgraben,375,178.66666666666666,610.6666666666667,210.66666666666666,45.333333333333336,58.666666666666664,74.66666666666667,56.0,96.0,165.33333333333334,293.3333333333333,120.0,56.0,34.666666666666664,509.3333333333333,490.66666666666663,1038.0434782608697,418.6666666666667,466.6666666666667,61.33333333333333,53.333333333333336,292.5764192139738,344.97816593886466,637.5545851528385,1179.1044776119404
0340,......0340 Rütschelen,582,195.8762886597938,606.5292096219931,197.59450171821305,56.70103092783505,58.419243986254294,80.75601374570448,60.13745704467354,51.546391752577314,175.25773195876286,319.58762886597935,106.52920962199312,68.72852233676977,22.33676975945017,500.0,500.0,1000.0,431.27147766323026,434.70790378006876,49.828178694158076,84.19243986254295,322.94617563739376,325.77903682719545,648.7252124645893,1008.7719298245614
0341,......0341 Schwarzhäusern,519,161.84971098265896,616.5703275529864,221.5799614643545,42.38921001926782,57.80346820809248,61.65703275529865,44.31599229287091,98.26589595375724,169.55684007707129,304.4315992292871,125.24084778420038,53.94990366088632,42.38921001926782,499.03660886319847,500.96339113680153,996.1538461538462,429.6724470134875,431.59922928709057,42.38921001926782,96.33911368015414,262.5,359.375,621.875,1369.047619047619
0342,......0342 Thunstetten,3587,153.33147477000279,620.2955115695568,226.3730136604405,51.01756342347365,53.52662391971007,48.78728742681907,49.62364092556454,94.78672985781989,201.2824086980764,274.6027320880959,121.55004181767494,78.05965988291051,26.763311959855034,507.38778923891834,492.6122107610817,1029.9943406904358,410.6495678840256,447.44912182882626,43.49038193476443,98.4109283523836,247.19101123595505,364.9438202247191,612.1348314606741,1476.3636363636363
0344,......0344 Ursenbach,903,151.71650055370986,642.3034330011074,205.9800664451827,42.08194905869325,50.94130675526024,58.693244739756366,50.94130675526024,107.41971207087487,184.9390919158361,299.0033222591362,118.49390919158361,65.33776301218161,22.1483942414175,512.735326688815,487.26467331118494,1052.2727272727273,442.9678848283499,434.1085271317829,46.51162790697674,76.41196013289037,236.20689655172413,320.6896551724138,556.8965517241379,1357.6642335766423
0345,......0345 Wynau,1701,168.13639035861257,618.4597295708408,213.40388007054673,49.97060552616108,56.4373897707231,61.72839506172839,39.97648442092887,90.53497942386832,215.16754850088182,272.78071722516165,112.8747795414462,75.83774250440916,24.691358024691358,505.5849500293945,494.41504997060554,1022.5921521997623,409.7589653145209,449.7354497354497,55.84950029394474,84.65608465608466,271.8631178707224,345.0570342205323,616.9201520912547,1269.230769230769
0953,......0953 Eriswil,1337,145.84891548242334,608.0777860882572,246.07329842931938,42.63275991024682,46.37247569184742,56.8436798803291,50.86013462976813,99.47643979057591,160.0598354525056,297.6813762154076,126.40239341810022,91.2490650710546,28.42183994016455,507.1054599850411,492.89454001495886,1028.8315629742033,423.33582647718777,439.04263275991025,66.56694091249065,71.05459985041136,239.85239852398524,404.6740467404674,644.5264452644527,1687.179487179487
0954,......0954 Huttwil,5135,140.79844206426483,618.3057448880234,240.89581304771178,43.427458617332036,51.217137293086665,46.15384615384615,55.11197663096397,101.07108081791625,190.2629016553067,271.8597857838364,120.35053554040896,86.85491723466407,33.690360272638756,506.9133398247322,493.08666017526775,1028.0410742496051,438.16942551119763,421.6163583252191,56.28042843232717,83.93378773125607,227.71653543307085,389.6062992125984,617.3228346456693,1710.9266943291839
0959,......0959 Walterswil (BE),555,156.75675675675677,641.4414414414414,201.8018018018018,59.45945945945946,54.054054054054056,43.24324324324324,46.846846846846844,106.3063063063063,187.38738738738738,300.90090090090087,100.9009009009009,64.86486486486487,36.03603603603604,509.9099099099099,490.0900900900901,1040.4411764705883,432.43243243243245,459.4594594594595,46.846846846846844,61.26126126126126,244.3820224719101,314.6067415730337,558.9887640449438,1287.3563218390805
0960,......0960 Wyssachen,1124,157.47330960854092,596.9750889679716,245.55160142348754,58.71886120996441,40.035587188612105,58.71886120996441,45.37366548042704,87.18861209964413,159.2526690391459,305.16014234875445,137.90035587188612,74.73309608540924,32.91814946619217,497.3309608540925,502.66903914590745,989.3805309734513,425.2669039145908,457.29537366548044,56.04982206405694,61.387900355871885,263.7853949329359,411.32637853949325,675.1117734724293,1559.322033898305
0971,......0971 Attiswil,1546,138.4217335058215,617.0763260025873,244.5019404915912,39.45666235446313,45.278137128072444,53.6869340232859,33.63518758085382,90.55627425614489,195.34282018111253,297.5420439844761,116.42949547218629,91.84993531694697,36.222509702457955,494.17852522639066,505.8214747736093,976.9820971867008,395.21345407503236,450.1940491591203,58.86157826649418,95.73091849935317,224.31865828092242,396.22641509433964,620.5450733752621,1766.355140186916
0972,......0972 Berken,47,106.38297872340425,574.468085106383,319.1489361702128,63.82978723404255,21.27659574468085,21.27659574468085,42.5531914893617,42.5531914893617,170.2127659574468,319.1489361702128,191.48936170212767,63.82978723404255,63.82978723404255,553.1914893617021,446.80851063829783,1238.095238095238,361.7021276595745,425.531914893617,127.6595744680851,85.1063829787234,185.18518518518516,555.5555555555555,740.7407407407406,3000.0
0973,......0973 Bettenhausen,692,131.5028901734104,592.4855491329479,276.0115606936416,40.46242774566474,41.907514450867055,49.13294797687862,33.23699421965318,85.26011560693641,186.41618497109826,287.57225433526014,163.29479768786126,83.81502890173411,28.90173410404624,481.21387283236993,518.7861271676301,927.5766016713092,378.6127167630058,472.5433526011561,57.80346820809248,91.04046242774567,221.95121951219514,465.8536585365854,687.8048780487804,2098.901098901099
0975,......0975 Farnern,226,132.7433628318584,641.5929203539823,225.66371681415927,22.123893805309734,53.097345132743364,57.52212389380531,61.94690265486726,39.823008849557525,159.2920353982301,380.53097345132744,110.61946902654867,84.070796460177,30.97345132743363,477.8761061946903,522.1238938053098,915.2542372881356,362.83185840707966,455.75221238938053,66.3716814159292,115.04424778761062,206.89655172413794,351.7241379310345,558.6206896551724,1700.0
0976,......0976 Graben,337,151.3353115727003,635.0148367952523,213.64985163204747,50.445103857566764,53.41246290801187,47.47774480712167,53.41246290801187,74.1839762611276,195.84569732937683,311.5727002967359,121.66172106824925,74.1839762611276,17.804154302670625,525.2225519287834,474.7774480712166,1106.25,451.0385756676558,403.5608308605341,41.54302670623145,103.85756676557864,238.3177570093458,336.4485981308411,574.7663551401869,1411.764705882353
0977,......0977 Heimenhausen,1219,165.7095980311731,623.461853978671,210.82854799015587,55.783429040196886,56.60377358490566,53.32239540607055,42.65791632485644,87.77686628383921,201.80475799835932,291.2223133716161,118.94995898277276,65.62756357670222,26.251025430680887,505.332239540607,494.6677604593929,1021.558872305141,415.09433962264154,444.6267432321575,49.22067268252666,91.05824446267432,265.7894736842105,338.1578947368421,603.9473684210527,1272.2772277227723
0979,......0979 Herzogenbuchsee,7502,153.0258597707278,623.4337509997334,223.5403892295388,46.9208211143695,55.31858171154359,50.78645694481472,51.31964809384164,117.96854172220742,205.14529458810983,249.00026659557452,105.43854972007465,85.97707278059184,32.1247667288723,488.93628365769126,511.06371634230874,956.7031820552947,450.27992535323915,407.22474006931486,55.18528392428686,87.31005065315915,245.4564892024802,358.56318152661964,604.0196707290999,1460.8013937282228
0980,......0980 Inkwil,676,140.53254437869822,587.2781065088757,272.18934911242604,36.98224852071006,62.1301775147929,41.42011834319527,28.106508875739646,71.00591715976331,176.03550295857988,312.1301775147929,147.92899408284023,81.36094674556213,42.899408284023664,486.68639053254435,513.3136094674556,948.1268011527377,396.44970414201185,449.70414201183434,42.899408284023664,110.94674556213018,239.29471032745593,463.4760705289673,702.7707808564232,1936.842105263158
0981,......0981 Niederbipp,5557,155.83948173474897,658.628756523304,185.5317617419471,52.72629116429729,51.10671225481374,52.006478315637935,46.78783516285766,107.97192729890229,233.39931617779376,270.4696778837502,103.65305020694619,58.30484074140723,23.573870793593667,504.58880691020335,495.41119308979665,1018.5252451870685,432.6075220442685,423.7898146481915,44.988303041209285,98.43440705416592,236.61202185792348,281.6939890710383,518.3060109289618,1190.5311778290993
0982,......0982 Niederönz,1803,129.783693843594,626.7332224070993,243.48308374930673,39.37881308929562,48.807542983915695,41.597337770382694,57.681641708264,114.25402107598447,166.38935108153078,288.40820854132005,120.35496394897393,100.38824181919023,22.73987798114254,483.63838047698283,516.3616195230172,936.6272824919441,423.18358291735996,433.7215751525236,42.15196894065446,100.942872989462,207.07964601769913,388.49557522123894,595.5752212389381,1876.068376068376
0983,......0983 Oberbipp,1955,165.2173913043478,660.8695652173913,173.91304347826087,47.05882352941176,65.47314578005114,52.68542199488491,43.47826086956522,103.83631713554988,227.10997442455243,286.4450127877238,94.62915601023019,62.40409207161125,16.87979539641944,497.69820971867006,502.30179028132994,990.8350305498982,439.89769820971867,432.2250639386189,36.82864450127877,91.04859335038364,250.0,263.1578947368421,513.1578947368422,1052.6315789473683
0985,......0985 Ochlenberg,536,156.71641791044777,595.1492537313433,248.13432835820896,39.17910447761194,48.507462686567166,69.02985074626866,35.44776119402985,97.01492537313433,156.71641791044777,305.97014925373134,110.07462686567165,93.28358208955224,44.776119402985074,529.8507462686567,470.1492537313433,1126.984126984127,423.5074626865671,445.8955223880597,59.701492537313435,70.8955223880597,263.3228840125392,416.9278996865204,680.2507836990595,1583.3333333333333
0987,......0987 Rumisberg,493,152.12981744421907,630.8316430020284,217.03853955375254,30.425963488843813,56.79513184584179,64.90872210953347,36.511156186612574,48.6815415821501,198.78296146044624,346.85598377281946,111.56186612576064,85.19269776876267,20.28397565922921,507.0993914807302,492.9006085192698,1028.8065843621398,387.4239350912779,456.3894523326572,48.6815415821501,107.5050709939148,241.15755627009648,344.0514469453376,585.2090032154341,1426.6666666666667
0988,......0988 Seeberg,1599,149.46841776110068,626.0162601626016,224.51532207629768,48.78048780487805,49.405878674171355,51.28205128205128,45.0281425891182,86.30393996247655,188.8680425265791,305.8161350844278,117.57348342714197,85.67854909318325,21.263289555972484,504.06504065040644,495.9349593495935,1016.3934426229508,422.76422764227647,420.88805503439653,51.28205128205128,105.0656660412758,238.76123876123876,358.64135864135864,597.4025974025974,1502.092050209205
0989,......0989 Thörigen,1193,160.9388097233864,647.1081307627829,191.95305951383068,41.07292539815591,64.54316848281643,55.322715842414084,43.58759430008382,94.71919530595139,196.9823973176865,311.81894383906115,101.42497904442583,66.21961441743504,24.308466051969827,517.1835708298407,482.81642917015927,1071.1805555555557,420.78792958927073,435.0377200335289,46.10226320201174,98.0720871751886,248.70466321243524,296.63212435233163,545.3367875647668,1192.7083333333333
0990,......0990 Walliswil bei Niederbipp,222,135.13513513513513,581.081081081081,283.78378378378375,40.54054054054054,45.04504504504504,49.54954954954955,36.03603603603604,63.063063063063055,166.66666666666666,315.31531531531533,193.6936936936937,63.063063063063055,27.027027027027028,472.97297297297297,527.027027027027,897.4358974358975,396.3963963963964,436.9369369369369,40.54054054054054,126.12612612612611,232.5581395348837,488.3720930232558,720.9302325581394,2100.0
0991,......0991 Walliswil bei Wangen,632,150.31645569620252,640.8227848101266,208.86075949367088,41.13924050632911,63.29113924050633,45.88607594936709,31.645569620253166,63.29113924050633,205.69620253164558,340.1898734177215,125.0,61.708860759493675,22.151898734177216,490.50632911392404,509.493670886076,962.7329192546584,392.40506329113924,460.44303797468353,41.13924050632911,106.01265822784809,234.5679012345679,325.925925925926,560.4938271604938,1389.4736842105265
0992,......0992 Wangen an der Aare,2920,142.8082191780822,643.4931506849315,213.6986301369863,41.0958904109589,44.178082191780824,57.534246575342465,46.23287671232877,95.54794520547945,208.56164383561642,293.1506849315069,111.64383561643835,67.12328767123287,34.93150684931507,494.5205479452055,505.4794520547945,978.319783197832,425.3424657534247,417.4657534246575,51.71232876712329,104.79452054794521,221.92655667908463,332.0915380521554,554.01809473124,1496.4028776978419
0995,......0995 Wiedlisbach,2654,156.36774679728714,645.440844009043,198.19140919366993,49.359457422758105,50.86661642803316,56.14167294649586,42.57724189902034,106.63149962321025,232.8560663149962,263.37603617181617,110.3993971363979,58.779201205727205,29.012810851544838,503.3911077618689,496.60889223813115,1013.6570561456753,446.87264506405427,400.904295403165,42.57724189902034,109.64581763376036,242.2650321074139,307.0636310566258,549.3286631640398,1267.4698795180723
0401,......0401 Aefligen,1140,164.03508771929825,618.421052631579,217.54385964912282,59.64912280701754,53.50877192982456,50.87719298245614,48.24561403508772,77.19298245614036,206.140350877193,286.8421052631579,117.54385964912281,69.29824561403508,30.70175438596491,495.6140350877193,504.3859649122807,982.6086956521739,411.4035087719298,431.57894736842104,57.89473684210526,99.12280701754386,265.2482269503546,351.7730496453901,617.0212765957447,1326.2032085561498
0402,......0402 Alchenstorf,634,146.6876971608833,597.7917981072554,255.52050473186122,53.62776025236593,37.85488958990536,55.20504731861198,39.43217665615142,67.82334384858044,190.85173501577287,299.6845425867508,129.33753943217667,82.01892744479495,44.16403785488959,506.3091482649842,493.69085173501577,1025.55910543131,432.17665615141954,438.48580441640377,53.62776025236593,75.70977917981072,245.3825857519789,427.44063324538257,672.8232189973616,1741.9354838709678
0404,......0404 Burgdorf,17292,145.8477908859588,633.587786259542,220.5644228544992,48.519546611149664,47.999074716631974,49.32916955817719,49.04001850566736,121.15429100161924,211.25375896368263,252.13971778857274,108.7207957436965,77.08767059912098,34.7559565116817,491.441128845709,508.558871154291,966.3406868319308,458.2465880175804,403.9440203562341,50.19662271570668,87.4971084894749,230.19350127783864,348.11975173420956,578.3132530120482,1512.2918318794607
0405,......0405 Ersigen,2032,145.66929133858267,631.3976377952756,222.93307086614172,39.862204724409445,52.16535433070866,53.64173228346457,53.64173228346457,93.01181102362204,182.57874015748033,302.1653543307087,120.57086614173228,69.88188976377953,32.48031496062992,496.5551181102362,503.4448818897638,986.314760508309,418.7992125984252,448.81889763779526,49.70472440944882,82.18503937007874,230.70927513639907,353.07872174590807,583.7879968823071,1530.4054054054054
0406,......0406 Hasle bei Burgdorf,3402,141.9753086419753,657.554379776602,200.4703115814227,46.149323927101705,44.97354497354497,50.85243974132863,64.37389770723104,113.46266901822457,192.82774838330394,286.89006466784247,108.75955320399764,71.42857142857143,20.282186948853614,510.8759553203998,489.1240446796002,1044.4711538461538,437.38977072310405,430.04115226337444,47.61904761904761,84.65608465608466,215.91417076441664,304.8725972284309,520.7867679928476,1412.0082815734988
0407,......0407 Heimiswil,1629,162.67648864333947,632.9036218538981,204.41988950276243,44.812768569674645,61.387354205033766,56.47636586863106,50.951503990178026,92.08103130755065,166.97360343769182,322.8974831184776,102.51688152240638,74.89257213014119,27.010435850214858,501.5346838551259,498.4653161448742,1006.1576354679802,442.6028238182934,446.2860650705955,44.812768569674645,66.29834254143645,257.03200775945686,322.98739088263824,580.0193986420951,1256.6037735849056
0408,......0408 Hellsau,213,197.18309859154928,615.0234741784037,187.79342723004694,37.55868544600939,107.98122065727699,51.64319248826291,37.55868544600939,79.81220657276995,145.53990610328637,352.112676056338,103.28638497652582,56.33802816901409,28.169014084507044,478.8732394366197,521.1267605633802,918.918918918919,394.36619718309856,511.7370892018779,23.474178403755868,70.42253521126761,320.6106870229007,305.3435114503817,625.9541984732825,952.3809523809523
0409,......0409 Hindelbank,2794,167.50178954903365,638.8690050107373,193.62920544022907,52.25483178239084,60.84466714387974,54.40229062276306,44.73872584108805,97.70937723693629,227.63063707945597,268.790264853257,91.98282032927703,70.15032211882607,31.496062992125985,508.58983536148895,491.4101646385111,1034.9599417334305,449.53471725125263,415.5332856120258,48.675733715103796,85.89835361488905,262.18487394957987,303.0812324929972,565.266106442577,1155.9829059829058
0410,......0410 Höchstetten,253,126.48221343873517,675.8893280632411,197.62845849802372,23.715415019762844,59.28853754940711,43.47826086956522,47.43083003952569,94.86166007905138,185.7707509881423,347.82608695652175,98.81422924901186,47.43083003952569,51.383399209486164,505.9288537549407,494.07114624505925,1024.0,442.6877470355731,434.7826086956522,67.19367588932806,55.33596837944664,187.13450292397658,292.39766081871346,479.53216374269005,1562.5
0411,......0411 Kernenried,534,172.28464419475657,616.1048689138577,211.61048689138576,50.561797752808985,63.67041198501873,58.05243445692884,43.07116104868914,86.14232209737828,172.28464419475657,314.6067415730337,127.34082397003746,74.90636704119851,9.363295880149813,494.3820224719101,505.6179775280899,977.7777777777777,425.0936329588015,449.438202247191,31.835205992509366,93.63295880149813,279.6352583586626,343.46504559270517,623.1003039513678,1228.2608695652173
0412,......0412 Kirchberg (BE),5922,140.49307666328943,611.7865585950692,247.72036474164133,44.579533941236065,48.463356973995275,47.45018574805809,48.463356973995275,96.58899020601149,179.66903073286053,287.0651806822019,126.64640324214793,92.87402904424181,28.199932455251606,496.6227625802094,503.37723741979056,986.5816839986581,416.5822357311719,435.3259034110098,53.86693684566025,94.22492401215806,229.64394148495722,404.91305547888487,634.5569969638422,1763.2211538461538
0413,......0413 Koppigen,2281,142.48136782113107,604.9978079789566,252.52082419991234,46.90925032880316,47.78605874616397,47.78605874616397,45.15563349408154,92.5032880315651,171.41604559403768,295.92284085927224,135.46690048224463,89.43445857080228,27.619465146865412,489.6975010960105,510.3024989039895,959.6219931271478,387.98772468215697,467.7772906619904,54.36212187637001,89.87286277948269,235.5072463768116,417.39130434782606,652.8985507246376,1772.3076923076924
0414,......0414 Krauchthal,2381,144.89710205795882,640.4871902561948,214.61570768584627,41.57916841663167,47.87904241915162,55.43889122217556,41.999160016799664,81.89836203275934,202.0159596808064,314.5737085258295,120.11759764804704,68.45863082738344,26.03947921041579,501.889962200756,498.110037799244,1007.5885328836425,414.1117177656447,463.25073498530026,41.999160016799664,80.63838723225535,226.2295081967213,335.08196721311475,561.311475409836,1481.159420289855
0415,......0415 Lyssach,1484,148.2479784366577,619.9460916442049,231.80592991913744,48.517520215633425,47.16981132075472,52.56064690026954,45.14824797843666,109.83827493261455,204.85175202156333,260.10781671159026,122.64150943396227,84.23180592991913,24.932614555256066,500.0,500.0,1000.0,421.83288409703505,455.5256064690027,40.43126684636118,82.21024258760109,239.13043478260872,373.9130434782609,613.0434782608696,1563.6363636363637
0418,......0418 Oberburg,2990,146.8227424749164,637.7926421404683,215.3846153846154,38.12709030100334,46.48829431438127,62.20735785953177,55.518394648829435,113.37792642140468,199.33110367892976,269.5652173913044,112.70903010033445,82.94314381270904,19.732441471571907,506.68896321070235,493.31103678929765,1027.1186440677966,447.49163879598666,429.7658862876254,46.48829431438127,76.25418060200668,230.20450970110122,337.70319874147873,567.90770844258,1466.9703872437358
0420,......0420 Rüdtligen-Alchenflüh,2490,154.61847389558233,651.004016064257,194.37751004016064,45.78313253012048,52.610441767068274,56.22489959839357,45.78313253012048,115.26104417670682,212.44979919678713,277.5100401606426,106.02409638554217,65.86345381526104,22.489959839357432,495.9839357429719,504.0160642570282,984.0637450199204,446.5863453815261,412.4497991967871,48.99598393574297,91.96787148594377,237.50771128932757,298.5811227637261,536.0888340530537,1257.142857142857
0421,......0421 Rumendingen,91,164.83516483516485,648.3516483516484,186.8131868131868,43.956043956043956,54.94505494505494,65.93406593406594,43.956043956043956,76.92307692307693,241.75824175824175,285.7142857142857,87.91208791208791,98.90109890109889,0.0,505.49450549450546,494.50549450549454,1022.2222222222222,472.5274725274725,373.6263736263736,32.96703296703297,120.87912087912088,254.23728813559322,288.135593220339,542.3728813559322,1133.3333333333333
0422,......0422 Rüti bei Lyssach,163,159.5092024539877,625.7668711656443,214.7239263803681,42.944785276073624,85.88957055214725,30.67484662576687,24.539877300613497,85.88957055214725,226.99386503067484,288.34355828220856,98.15950920245399,73.61963190184049,42.944785276073624,466.25766871165644,533.7423312883436,873.5632183908046,429.4478527607362,423.3128834355828,61.34969325153374,85.88957055214725,254.9019607843137,343.1372549019608,598.0392156862745,1346.1538461538462
0423,......0423 Willadingen,196,81.63265306122449,617.3469387755101,301.0204081632653,20.408163265306122,25.510204081632654,35.714285714285715,71.42857142857143,45.91836734693878,158.16326530612247,341.83673469387753,137.75510204081633,132.65306122448982,30.612244897959183,500.0,500.0,1000.0,408.16326530612247,454.0816326530612,45.91836734693878,91.83673469387756,132.2314049586777,487.60330578512395,619.8347107438017,3687.5
0424,......0424 Wynigen,2097,169.28946113495468,582.7372436814496,247.9732951835956,56.74773485932284,51.979017644253695,60.56270863137816,53.40963280877444,74.39198855507868,178.3500238435861,276.5855984740105,130.6628516928946,85.83690987124463,31.473533619456365,494.51597520267046,505.48402479732954,978.3018867924528,403.91034811635666,467.3342870767763,54.840247973295185,73.91511683357177,290.5073649754501,425.531914893617,716.0392798690672,1464.7887323943662
0533,......0533 Bätterkinden,3375,143.4074074074074,597.0370370370371,259.55555555555554,42.666666666666664,49.48148148148148,51.25925925925926,52.148148148148145,86.51851851851852,186.96296296296296,271.40740740740745,135.40740740740742,94.51851851851852,29.62962962962963,478.22222222222223,521.7777777777778,916.5247018739353,400.0,459.25925925925924,53.03703703703704,87.7037037037037,240.1985111662531,434.7394540942928,674.937965260546,1809.9173553719008
0552,......0552 Utzenstorf,4469,146.34146341463415,615.7977176102037,237.86081897516223,41.62004922801522,53.25576191541732,51.46565227120161,48.55672409935109,89.28171850525844,181.02483777131349,296.9344372342806,129.55918550011188,81.67375251734168,26.62788095770866,490.937569926158,509.062430073842,964.3956043956043,416.4242559856791,441.485791004699,47.661669277243234,94.4282837323786,237.6453488372093,386.2645348837209,623.9098837209302,1625.3822629969418
0554,......0554 Wiler bei Utzenstorf,1032,183.13953488372093,640.5038759689922,176.35658914728683,53.29457364341085,62.01550387596899,67.82945736434108,43.6046511627907,78.48837209302326,228.68217054263565,289.72868217054264,94.96124031007753,56.2015503875969,25.1937984496124,500.0,500.0,1000.0,446.70542635658916,432.17054263565893,37.7906976744186,83.33333333333333,285.9304084720121,275.34039334341907,561.2708018154312,962.9629629629629
0556,......0556 Zielebach,323,139.3188854489164,582.0433436532508,278.6377708978328,49.53560371517028,34.05572755417956,55.72755417956656,27.86377708978328,77.39938080495357,176.47058823529412,300.30959752321985,173.374613003096,83.59133126934984,21.671826625387,476.78018575851394,523.2198142414861,911.2426035502958,402.4767801857585,405.57275541795667,71.20743034055728,120.74303405572756,239.36170212765958,478.72340425531917,718.0851063829788,2000.0
0901,......0901 Eggiwil,2451,174.21460628314975,597.7152182782538,228.07017543859646,46.103631170950635,60.38351693186454,67.72745818033455,59.56752345981232,90.98327213382292,175.03059975520196,272.13382292941657,125.25499796001633,71.80742554059567,31.007751937984494,509.5879232966136,490.4120767033864,1039.1014975041596,432.06854345165243,463.0762953896369,56.303549571603426,48.5516115871073,291.4675767918088,381.56996587030716,673.037542662116,1309.1334894613583
0902,......0902 Langnau im Emmental,9574,143.40923334029665,609.5675788594109,247.02318780029245,42.719866304574886,48.15124294965532,52.53812408606643,51.284729475663255,110.71652391894715,188.7403384165448,258.82598704825574,128.99519532066012,86.06642991435137,31.961562565280968,489.2416962607061,510.75830373929386,957.8732106339468,455.92228953415497,405.9954042197619,55.35826195947357,82.72404428660957,235.2638793694311,405.2433173406443,640.5071967100754,1722.5054624908958
0903,......0903 Lauperswil,2712,144.1740412979351,633.8495575221239,221.976401179941,42.40412979351033,52.359882005899706,49.41002949852508,49.7787610619469,107.30088495575221,185.47197640117994,291.29793510324487,111.72566371681415,84.43952802359881,25.811209439528024,497.78761061946904,502.2123893805309,991.1894273127754,438.7905604719764,429.57227138643066,53.46607669616519,78.17109144542773,227.45782431646305,350.20360674810934,577.6614310645724,1539.6419437340155
0904,......0904 Röthenbach im Emmental,1200,162.5,635.8333333333334,201.66666666666666,55.0,50.0,57.5,57.5,112.5,177.5,288.3333333333333,100.0,79.16666666666666,22.5,507.49999999999994,492.5,1030.4568527918782,455.0,431.66666666666663,56.666666666666664,56.666666666666664,255.57011795543906,317.1690694626474,572.7391874180865,1241.025641025641
0905,......0905 Rüderswil,2390,141.84100418410043,628.8702928870293,229.2887029288703,39.7489539748954,50.2092050209205,51.88284518828452,56.06694560669456,89.9581589958159,181.5899581589958,301.25523012552304,114.22594142259413,81.17154811715481,33.89121338912133,489.5397489539749,510.4602510460251,959.0163934426229,420.5020920502092,434.72803347280336,58.57740585774059,86.19246861924685,225.54890219560878,364.604125083167,590.1530272787759,1616.519174041298
0906,......0906 Schangnau,924,178.57142857142858,595.2380952380952,226.1904761904762,59.52380952380952,59.52380952380952,59.52380952380952,64.93506493506493,80.08658008658008,182.9004329004329,267.31601731601734,130.95238095238096,67.09956709956711,28.13852813852814,508.6580086580087,491.34199134199133,1035.2422907488988,442.6406926406927,453.46320346320346,56.27705627705628,47.61904761904761,300.0,380.0,680.0,1266.6666666666665
0907,......0907 Signau,2698,135.2853965900667,613.4173461823573,251.297257227576,44.47739065974796,41.51223128243143,49.29577464788732,49.29577464788732,105.63380281690141,176.056338028169,282.4314306893996,132.69088213491474,87.10155670867309,31.504818383988137,500.0,500.0,1000.0,413.63973313565606,449.9629355077835,62.63899184581172,73.7583395107487,220.54380664652567,409.6676737160121,630.2114803625377,1857.5342465753424
0908,......0908 Trub,1277,170.7126076742365,629.6006264682851,199.68676585747846,43.06969459671104,64.21299921691464,63.42991386061081,57.16523101018011,91.62098668754894,173.061863743148,307.752545027408,107.28269381362568,68.91151135473767,23.492560689115116,526.2333594361786,473.76664056382145,1110.7438016528924,432.26311667971805,466.7188723570869,57.948316366483944,43.06969459671104,271.14427860696514,317.1641791044776,588.3084577114428,1169.7247706422017
0909,......0909 Trubschachen,1510,139.73509933774832,599.3377483443708,260.92715231788077,38.41059602649007,56.29139072847683,45.033112582781456,48.34437086092716,96.02649006622516,186.75496688741723,268.2119205298013,123.17880794701986,98.67549668874172,39.0728476821192,507.2847682119205,492.71523178807945,1029.5698924731182,402.6490066225166,466.887417218543,61.58940397350993,68.87417218543047,233.14917127071826,435.35911602209944,668.5082872928176,1867.2985781990521
0951,......0951 Affoltern im Emmental,1211,130.4706853839802,627.5805119735755,241.94880264244426,48.72006606110652,40.46242774566474,41.28819157720892,39.63666391412056,114.7811725846408,175.0619322873658,298.1007431874484,135.42526837324525,77.62180016515278,28.90173410404624,506.1932287365813,493.8067712634187,1025.0836120401339,432.70024772914945,435.177539223782,51.19735755573906,80.92485549132948,207.89473684210526,385.52631578947364,593.421052631579,1854.4303797468353
0952,......0952 Dürrenroth,1077,142.98978644382544,629.5264623955433,227.48375116063139,48.282265552460544,49.21077065923862,45.49675023212628,77.99442896935933,88.2079851439183,176.4159702878366,286.908077994429,122.56267409470752,77.06592386258126,27.855153203342617,504.17827298050145,495.8217270194986,1016.8539325842696,428.96935933147637,449.3964716805943,48.282265552460544,73.3519034354689,227.13864306784663,361.35693215339234,588.4955752212389,1590.9090909090908
0955,......0955 Lützelflüh,4372,147.9871912168344,623.9707227813358,228.04208600182983,48.71912168344007,50.54894784995426,48.71912168344007,51.0064043915828,103.38517840805125,182.29643183897528,287.28270814272645,121.91216834400733,77.53888380603841,28.59103385178408,492.90942360475754,507.09057639524246,972.0342805593144,418.8014638609332,457.45654162854527,46.431838975297346,77.31015553522415,237.1700879765396,365.4692082111437,602.6392961876833,1540.9582689335396
0956,......0956 Rüegsau,3295,149.92412746585737,597.268588770865,252.80728376327772,46.4339908952959,51.593323216995444,51.89681335356601,46.4339908952959,92.8679817905918,174.20333839150229,283.763277693475,124.73444613050076,86.49468892261001,41.57814871016692,488.3156297420334,511.68437025796663,954.3297746144721,416.3884673748103,439.7572078907436,67.98179059180578,75.87253414264036,251.01626016260164,423.2723577235772,674.2886178861789,1686.2348178137652
0957,......0957 Sumiswald,5209,143.98157035899405,603.3787675177578,252.63966212324823,45.49817623344212,47.80188135918603,50.681512766365906,52.98521789210981,98.09944327126126,175.08158955653678,277.21251679784984,129.58341332309465,85.23708965252447,37.8191591476291,505.4712996736418,494.5287003263582,1022.1273291925465,421.0021117296986,437.12804760990593,62.20003839508543,79.2858514110194,238.62551702195356,418.70824053452117,657.3337575564747,1754.6666666666665
0958,......0958 Trachselwald,916,162.66375545851528,574.235807860262,263.1004366812227,41.48471615720524,55.6768558951965,65.50218340611353,50.21834061135371,48.03493449781659,167.03056768558952,308.95196506550224,152.83842794759826,77.51091703056768,32.751091703056765,505.45851528384276,494.54148471615724,1022.0750551876379,417.0305676855895,450.8733624454149,52.40174672489083,79.69432314410481,283.2699619771863,458.1749049429658,741.4448669201521,1617.4496644295302
0307,......0307 Meikirch,2600,156.9230769230769,578.0769230769231,265.0,48.46153846153846,56.92307692307693,51.53846153846154,49.23076923076923,63.07692307692307,186.9230769230769,278.84615384615387,128.0769230769231,100.0,36.92307692307693,486.9230769230769,513.0769230769231,949.0254872563718,404.2307692307692,466.15384615384613,47.30769230769231,82.3076923076923,271.45708582834334,458.416500332668,729.8735861610113,1688.7254901960785
0351,......0351 Bern,137995,132.12797565129173,696.2426174861408,171.62940686256746,45.255262871843186,45.56686836479583,41.305844414652704,40.58118047755353,137.128156817276,274.1331207652451,244.40015942606615,82.24935686075582,61.494981702235584,27.885068299576073,484.0827566216167,515.9172433783833,938.2953619687053,573.2961339178955,300.6340809449618,37.57382513859198,88.03942171817819,189.7728928578863,246.50804554632694,436.2809384042132,1298.963417978391
0352,......0352 Bolligen,6374,152.9651710072168,561.8136178224034,285.22121117037966,42.04581110762472,55.38123627235645,55.53812362723565,52.08660181989332,77.50235331032319,165.82993410731095,266.3947285848761,116.56730467524318,118.13617822403515,50.51772827110135,483.84060244744273,516.1593975525573,937.3860182370821,415.2808283652338,450.8942579228114,59.46030749921556,74.36460621273926,272.27031555431444,507.6794191566602,779.9497347109747,1864.6153846153845
0353,......0353 Bremgarten bei Bern,4424,159.35804701627487,579.5660036166365,261.0759493670886,42.043399638336346,55.15370705244123,62.160940325497286,51.53707052441229,72.10669077757684,171.5641952983725,284.3580470162749,117.0886075949367,100.81374321880651,43.17359855334539,480.5605786618445,519.4394213381555,925.1523063533508,424.95479204339966,446.88065099457503,50.63291139240506,77.30560578661846,274.9609984399376,450.46801872074883,725.4290171606864,1638.2978723404256
0354,......0354 Kirchlindach,3341,142.1730020951811,599.2217898832685,258.6052080215505,43.699491170308285,47.59054175396587,50.88296917090691,47.2912301706076,63.753367255312774,197.54564501646212,290.631547440886,124.5136186770428,96.97695300808141,37.11463633642622,489.3744387907812,510.62556120921874,958.3821805392731,429.2128105357677,439.3894043699491,46.69260700389105,84.7051780903921,237.26273726273726,431.56843156843155,668.8311688311687,1818.9473684210527
0355,......0355 Köniz,43508,152.06398823204927,641.5831571205296,206.35285464742117,51.07106738990531,53.25457387147191,47.738346970672055,46.86494437804542,114.25484968281695,227.15362691918727,253.3097361404799,98.64852440930403,76.85942815114461,30.84490208697251,481.95734117863384,518.0426588213661,930.3429610896668,482.55493242622043,390.3420060678496,42.68180564493886,84.35230302473109,237.01368488930285,321.6307229347281,558.644407824031,1357.0133010882707
0356,......0356 Muri bei Bern,13712,140.02333722287048,583.941073512252,276.0355892648775,39.089848308051344,48.789381563593935,52.1441073512252,51.123103850641776,85.98308051341891,171.74737456242707,275.0875145857643,115.81096849474913,113.84189031505251,46.38273045507585,480.2362893815636,519.7637106184364,923.9511716009541,420.58051341890314,428.0192532088681,60.603850641773626,90.6505250875146,239.7901835893593,472.7113775446484,712.5015611340077,1971.3541666666667
0357,......0357 Oberbalm,865,138.72832369942196,628.9017341040462,232.36994219653178,40.46242774566474,46.24277456647398,52.02312138728324,47.398843930635834,83.23699421965318,172.2543352601156,326.0115606936416,120.23121387283237,83.23699421965318,28.90173410404624,506.35838150289015,493.6416184971098,1025.7611241217799,442.77456647398844,435.83815028901734,52.02312138728324,69.36416184971098,220.58823529411765,369.4852941176471,590.0735294117648,1675.0
0358,......0358 Stettlen,3384,145.6855791962175,630.6146572104019,223.69976359338062,39.30260047281324,56.14657210401891,50.23640661938535,55.26004728132388,100.76832151300238,175.82742316784868,298.7588652482269,113.47517730496453,80.37825059101655,29.846335697399528,490.24822695035465,509.75177304964535,961.7391304347826,434.1016548463357,438.5342789598109,44.621749408983455,82.74231678486997,231.0215557638238,354.7328959700094,585.7544517338332,1535.4969574036513
0359,......0359 Vechigen,5982,138.74958207957206,628.8866599799399,232.36375794048814,39.95319291206955,48.47876964226011,50.31761952524239,44.80106987629556,89.43497158141089,205.11534603811435,289.53527248411905,119.69241056502841,79.23771313941826,33.43363423604146,497.6596456034771,502.3403543965229,990.6821963394343,420.0936141758609,454.19592109662324,48.64593781344032,76.89735874289535,220.62732589048377,369.4843168527379,590.1116427432218,1674.6987951807228
0360,......0360 Wohlen bei Bern,9283,135.94743078746095,554.454378972315,309.5981902402241,36.19519551869008,49.983841430572014,49.76839383819886,46.85985134116126,75.19120973823118,152.5368954001939,279.86642249272865,142.4108585586556,125.71367014973609,41.47366153183238,481.7408165463751,518.2591834536249,929.5364789025151,394.91543681999354,458.9033717548207,58.38629753312507,87.68717009587418,245.19137361569847,558.3835243831358,803.5748979988343,2277.337559429477
0361,......0361 Zollikofen,11591,149.59882667586922,639.4616512811664,210.93952204296437,49.34863255974463,53.74859805021137,46.50159606591321,45.72513156759555,117.3324130791131,214.30420153567422,262.09990509878355,96.28159779138987,78.85428349581572,35.80364075575878,489.0000862738331,510.9999137261668,956.9474928245821,450.17686135795014,407.21249245103957,50.72901389008714,91.62281080148391,233.94495412844037,329.8704803022126,563.815434430653,1410.0346020761244
0362,......0362 Ittigen,11546,151.48103239217045,616.4039494197125,232.1150181881171,49.28113632426815,53.17858998787459,49.02130608002771,46.5096137190369,100.98735492811363,212.10808938160403,256.7988913909579,105.57768924302789,87.0431318205439,39.4941971245453,488.2210289277672,511.7789710722328,953.9685225926553,450.37242335007795,402.82348865407937,51.79282868525897,94.57820890351637,245.7496136012365,376.563158634256,622.3127722354925,1532.3041738136078
0363,......0363 Ostermundigen,18326,152.6246862381316,636.5819054894685,210.79340827239986,49.7107934082724,52.05718651096802,50.85670631889119,48.18290952744734,120.92109571101167,215.8681654479974,251.60973480301212,99.20331769071265,81.03241296518607,30.55767761650115,488.9774091454764,511.0225908545236,956.8606513614523,472.0069846120266,378.64236603732405,50.42016806722689,98.87591400196442,239.75655751757245,331.13320761186355,570.889765129436,1381.122631390776
0403,......0403 Bäriswil,1119,162.64521894548702,604.1108132260947,233.24396782841822,35.746201966041106,63.44950848972297,63.44950848972297,45.57640750670242,67.02412868632707,163.53887399463807,327.9714030384271,142.09115281501343,67.91778373547811,23.23503127792672,480.7864164432529,519.213583556747,925.9896729776248,398.5701519213584,458.44504021447716,41.10813226094728,101.87667560321715,269.2307692307692,386.09467455621296,655.3254437869822,1434.065934065934
0535,......0535 Deisswil bei Münchenbuchsee,85,94.11764705882352,670.5882352941176,235.2941176470588,47.05882352941176,11.76470588235294,35.294117647058826,11.76470588235294,70.58823529411765,235.2941176470588,352.94117647058823,141.1764705882353,82.3529411764706,11.76470588235294,552.9411764705883,447.05882352941177,1236.842105263158,447.05882352941177,447.05882352941177,35.294117647058826,70.58823529411765,140.35087719298244,350.8771929824561,491.2280701754386,2500.0
0538,......0538 Fraubrunnen,5498,159.8763186613314,634.4125136413242,205.71116769734448,45.471080392870135,56.20225536558748,58.20298290287377,55.1109494361586,86.21316842488177,187.52273554019644,305.5656602400873,113.31393233903238,73.29938159330665,19.097853765005457,492.3608584939978,507.6391415060022,969.9032604801147,424.69989086940706,451.07311749727177,42.742815569297925,81.30229174245181,252.00688073394494,324.2545871559633,576.2614678899083,1286.689419795222
0540,......0540 Jegenstorf,5872,144.24386920980928,588.8964577656676,266.8596730245232,39.16893732970028,49.7275204359673,55.347411444141684,55.347411444141684,81.23297002724796,171.15122615803816,281.16485013623975,124.82970027247957,109.33242506811989,32.6975476839237,483.3106267029973,516.6893732970027,935.3988134475939,391.8596730245232,468.49455040871936,54.666212534059945,84.63896457765667,244.93927125506073,453.1521110468479,698.0913823019085,1850.0590318772136
0541,......0541 Iffwil,445,157.30337078651684,635.9550561797753,206.74157303370785,58.426966292134836,44.9438202247191,53.932584269662925,42.69662921348315,103.37078651685393,166.2921348314607,323.5955056179775,103.37078651685393,78.65168539325842,24.719101123595507,507.86516853932585,492.13483146067415,1031.9634703196348,388.76404494382024,492.13483146067415,53.932584269662925,65.1685393258427,247.34982332155477,325.0883392226148,572.4381625441696,1314.2857142857142
0543,......0543 Mattstetten,599,155.25876460767947,559.2654424040066,285.47579298831386,40.066777963272116,68.44741235392321,46.74457429048414,48.41402337228715,70.11686143572621,163.6060100166945,277.1285475792988,148.58096828046743,95.15859766277129,41.736227045075125,484.14023372287147,515.8597662771286,938.5113268608413,385.64273789649417,484.14023372287147,53.42237061769616,76.79465776293823,277.6119402985074,510.4477611940299,788.0597014925373,1838.7096774193546
0544,......0544 Moosseedorf,4155,157.16004813477738,643.5619735258724,199.27797833935017,50.060168471720814,56.79903730445247,50.300842358604086,47.41275571600481,112.63537906137185,226.71480144404333,256.7990373044525,113.83874849578821,64.98194945848375,20.45728038507822,507.5812274368231,492.4187725631769,1030.791788856305,447.8941034897714,419.4945848375452,41.395908543922985,90.97472924187726,244.2034405385191,309.6484667165296,553.8519072550487,1267.9938744257272
0546,......0546 Münchenbuchsee,10696,147.5317875841436,626.4023934181002,226.06581899775617,40.856394913986534,51.888556469708305,54.78683620044877,53.010471204188484,107.32984293193718,194.65220643231115,271.40987284966343,107.89080029917726,90.96858638743456,27.206432311144354,486.7240089753179,513.2759910246822,948.2695810564663,434.55497382198956,429.3193717277487,47.58788332086761,88.35078534031413,235.52238805970148,360.8955223880597,596.4179104477612,1532.319391634981
0551,......0551 Urtenen-Schönbühl,6545,166.69213139801374,633.4606569900687,199.8472116119175,49.96180290297937,56.53170359052712,60.19862490450726,49.19786096256684,106.49350649350649,219.40412528647823,258.3651642475172,100.84033613445378,78.38044308632544,20.626432391138273,488.9228418640184,511.0771581359816,956.6517189835575,449.50343773873186,411.3063407181054,40.0305576776165,99.15966386554621,263.1452001929571,315.4848046309696,578.6300048239267,1198.9000916590285
0553,......0553 Wiggiswil,96,93.75,687.5,218.75,10.416666666666666,31.25,52.083333333333336,62.5,156.25,166.66666666666666,302.0833333333333,93.75,104.16666666666667,20.833333333333332,468.75,531.25,882.3529411764706,500.0,427.0833333333333,10.416666666666666,62.5,136.36363636363635,318.1818181818182,454.5454545454545,2333.3333333333335
0557,......0557 Zuzwil (BE),555,129.72972972972974,623.4234234234234,246.84684684684686,37.83783783783784,36.03603603603604,55.85585585585586,70.27027027027027,66.66666666666667,162.16216216216216,324.3243243243243,117.11711711711712,93.69369369369369,36.03603603603604,464.8648648648649,535.1351351351351,868.6868686868687,401.8018018018018,472.0720720720721,46.846846846846844,79.27927927927928,208.09248554913296,395.95375722543355,604.0462427745664,1902.7777777777776
0602,......0602 Arni (BE),983,154.62868769074262,657.1719226856561,188.19938962360123,55.95116988809766,50.8646998982706,47.81281790437437,61.037639877924725,98.67751780264497,219.735503560529,277.7212614445575,95.62563580874874,68.1586978636826,24.415055951169887,515.7680569684638,484.2319430315361,1065.126050420168,439.471007121058,430.3153611393693,51.88199389623601,78.33163784333674,235.2941176470588,286.37770897832814,521.671826625387,1217.1052631578948
0603,......0603 Biglen,1856,140.625,634.698275862069,224.67672413793102,39.87068965517242,45.797413793103445,54.956896551724135,46.875,100.2155172413793,176.72413793103448,310.8836206896552,111.53017241379311,77.58620689655173,35.560344827586206,490.84051724137936,509.15948275862064,964.021164021164,407.32758620689657,455.8189655172414,50.10775862068965,86.74568965517241,221.56196943972836,353.9898132427844,575.5517826825127,1597.7011494252872
0605,......0605 Bowil,1293,143.85150812064964,651.198762567672,204.94972931167825,47.17710750193349,50.27068832173241,46.403712296983755,49.49729311678268,92.03402938901779,199.53596287703016,310.13147718484146,121.4230471771075,64.96519721577727,18.561484918793504,497.29311678267595,502.70688321732405,989.2307692307693,436.96829079659705,443.9288476411446,50.27068832173241,68.83217324052592,220.9026128266033,314.7268408551069,535.6294536817102,1424.731182795699
0606,......0606 Brenzikofen,534,164.7940074906367,610.4868913857679,224.7191011235955,67.41573033707866,65.54307116104869,31.835205992509366,37.453183520599254,89.8876404494382,200.37453183520597,282.77153558052436,136.70411985018725,56.17977528089887,31.835205992509366,494.3820224719101,505.6179775280899,977.7777777777777,430.7116104868914,428.83895131086143,37.453183520599254,102.99625468164794,269.93865030674846,368.09815950920245,638.0368098159508,1363.6363636363635
0607,......0607 Freimettigen,453,172.18543046357615,602.6490066225165,225.1655629139073,30.90507726269316,52.980132450331126,88.30022075055189,44.15011037527594,61.81015452538632,192.05298013245033,304.63576158940396,125.82781456953643,86.09271523178808,13.245033112582782,525.3863134657837,474.6136865342163,1106.9767441860465,428.25607064017663,456.953642384106,33.11258278145696,81.67770419426049,285.7142857142857,373.6263736263736,659.3406593406594,1307.6923076923076
0608,......0608 Grosshöchstetten,4071,137.80397936624908,591.0095799557848,271.1864406779661,37.33726357160403,46.18029968066814,54.286416113976905,53.303856546303116,85.72832227953819,162.61360845001226,289.36379267993124,131.66298206828787,104.64259395725865,34.880864652419554,493.7361827560796,506.26381724392047,975.254730713246,396.9540653402113,451.4861213461066,56.00589535740604,95.30827806435765,233.16708229426433,458.852867830424,692.0199501246883,1967.9144385026739
0609,......0609 Häutligen,268,186.56716417910448,641.7910447761194,171.6417910447761,59.701492537313435,74.62686567164178,52.23880597014925,37.31343283582089,74.62686567164178,220.1492537313433,309.7014925373134,115.67164179104478,44.776119402985074,11.194029850746269,507.4626865671642,492.5373134328358,1030.3030303030303,466.4179104477612,432.8358208955224,29.850746268656717,70.8955223880597,290.69767441860466,267.44186046511624,558.1395348837209,920.0
0610,......0610 Herbligen,640,189.0625,629.6875,181.25,43.75,71.875,73.4375,53.125,87.5,192.1875,296.875,98.4375,56.25,26.5625,501.5625,498.4375,1006.269592476489,414.0625,459.375,46.875,79.6875,300.24813895781637,287.8411910669975,588.0893300248139,958.6776859504132
0611,......0611 Kiesen,990,159.59595959595958,644.4444444444445,195.95959595959596,31.313131313131315,64.64646464646465,63.63636363636363,68.68686868686868,83.83838383838383,202.02020202020202,289.8989898989899,116.16161616161617,65.65656565656566,14.141414141414142,480.8080808080808,519.1919191919192,926.0700389105059,442.42424242424244,445.45454545454544,36.36363636363636,75.75757575757576,247.6489028213166,304.0752351097178,551.7241379310344,1227.8481012658228
0612,......0612 Konolfingen,5485,136.00729261622607,608.20419325433,255.7885141294439,36.09845031905196,48.31358249772106,51.59525979945305,41.020966271649954,109.57155879671832,180.6745670009116,276.93710118505015,130.35551504102096,90.2461257976299,35.18687329079307,480.5834092980857,519.4165907019143,925.2369252369252,415.6791248860529,440.2917046490428,58.5232452142206,85.3236098450319,223.62110311750598,420.56354916067147,644.1846522781774,1880.6970509383377
0613,......0613 Landiswil,623,155.69823434991974,606.7415730337079,237.5601926163724,46.54895666131621,57.78491171749599,51.364365971107546,44.9438202247191,99.51845906902086,152.48796147672553,309.7913322632424,105.93900481540932,91.49277688603532,40.12841091492777,489.5666131621188,510.4333868378812,959.1194968553459,407.7046548956661,476.7255216693419,62.60032102728733,52.96950240770466,256.6137566137566,391.5343915343915,648.1481481481482,1525.7731958762886
0614,......0614 Linden,1275,136.47058823529412,636.0784313725491,227.45098039215685,42.35294117647059,48.62745098039216,45.49019607843137,60.3921568627451,104.31372549019608,150.58823529411762,320.7843137254902,118.43137254901961,76.07843137254902,32.94117647058824,473.72549019607845,526.2745098039215,900.1490312965723,414.90196078431376,447.84313725490193,53.333333333333336,83.92156862745098,214.54993834771886,357.58323057953146,572.1331689272503,1666.6666666666667
0615,......0615 Mirchel,561,126.55971479500892,672.0142602495544,201.4260249554367,14.260249554367201,48.1283422459893,64.1711229946524,78.43137254901961,110.51693404634581,158.6452762923351,324.4206773618538,103.38680926916221,80.21390374331551,17.825311942959,524.0641711229946,475.93582887700535,1101.123595505618,436.7201426024955,461.67557932263816,44.563279857397504,57.040998217468804,188.3289124668435,299.7347480106101,488.0636604774536,1591.549295774648
0616,......0616 Münsingen,13049,144.76205073185685,591.0797762280635,264.1581730400797,40.69277339259714,49.12253812552686,54.946739213732855,50.19541727335428,93.11058318645108,177.2549620660587,270.5188137021994,116.40738753927505,106.67484098398344,41.07594451682122,480.9563951260633,519.0436048739367,926.6204045474678,411.2958847421258,437.5814238638976,59.39152425473216,91.50126446470993,244.91118890185402,446.9078179696616,691.8190068715156,1824.7750132345154
0617,......0617 Niederhünigen,710,152.11267605633802,647.887323943662,200.0,46.47887323943662,47.88732394366197,57.74647887323943,43.66197183098591,84.50704225352112,222.53521126760563,297.1830985915493,119.71830985915493,52.11267605633803,28.169014084507044,485.9154929577465,514.0845070422534,945.2054794520548,418.3098591549296,477.46478873239437,36.61971830985915,67.6056338028169,234.7826086956522,308.69565217391306,543.4782608695651,1314.8148148148148
0619,......0619 Oberdiessbach,3723,145.044319097502,627.4509803921569,227.50470051034114,47.273704002148804,45.93070104754231,51.8399140478109,48.079505774912704,104.21702927746442,176.20198764437282,298.9524576954069,115.22965350523772,82.1917808219178,30.083266183185604,496.3738920225624,503.6261079774376,985.6,414.45071179156594,447.2199838839646,52.64571582057481,85.68358850389471,231.16438356164383,362.58561643835617,593.75,1568.5185185185185
0620,......0620 Oberthal,706,145.89235127478753,630.3116147308782,223.7960339943343,42.492917847025495,50.991501416430594,52.40793201133145,38.243626062322946,67.9886685552408,199.71671388101984,324.36260623229464,118.98016997167139,73.65439093484419,31.161473087818695,526.9121813031161,473.08781869688386,1113.7724550898204,423.5127478753541,460.3399433427762,45.3257790368272,70.8215297450425,231.46067415730337,355.0561797752809,586.5168539325842,1533.9805825242718
0622,......0622 Oppligen,660,140.9090909090909,681.8181818181818,177.27272727272728,54.54545454545454,46.96969696969697,39.39393939393939,56.06060606060606,143.93939393939394,200.0,281.8181818181818,95.45454545454545,66.66666666666667,15.151515151515152,507.57575757575756,492.42424242424244,1030.7692307692307,460.6060606060606,419.6969696969697,45.45454545454545,74.24242424242425,206.66666666666666,260.0,466.6666666666667,1258.0645161290322
0623,......0623 Rubigen,2894,129.92398064961992,630.960608154803,239.11541119557705,40.77401520387008,41.81064270905321,47.339322736696616,49.06703524533518,96.40635798203179,171.73462335867313,313.75259156876297,120.59433310297167,94.67864547339323,23.842432619212165,501.3821700069109,498.6178299930891,1005.5440055440055,415.68762957843813,443.67657221838283,49.41257774706289,90.87767795438839,205.9145673603505,378.9704271631982,584.8849945235487,1840.4255319148936
0626,......0626 Walkringen,1829,141.06068890103882,627.6653909240022,231.273920174959,45.92673592126845,41.00601421541826,54.1279387643521,43.73974849644614,100.60142154182614,186.98742482230728,296.33679606342264,118.09732094040459,83.10552214324768,30.071077091306723,505.19409513395294,494.80590486604706,1020.9944751381215,437.39748496446146,437.944231820667,38.819026790595956,85.83925642427556,224.73867595818817,368.4668989547039,593.205574912892,1639.5348837209303
0627,......0627 Worb,11595,139.97412677878395,597.9301423027167,262.0957309184994,38.98231996550238,48.90038809831824,52.091418714963346,50.021561017680035,94.60974557999137,175.33419577404052,277.96463993100474,127.55498059508407,99.8706338939198,34.67011642949547,482.6218197498922,517.3781802501078,932.8221370228371,418.36998706338943,431.9965502371712,51.66019836136266,97.80077619663648,234.09779316313285,438.3383816529641,672.4361748160969,1872.4584103512013
0628,......0628 Zäziwil,1668,141.48681055155876,637.2901678657074,221.22302158273382,50.35971223021583,46.163069544364504,44.96402877697842,51.558752997601914,116.30695443645084,201.4388489208633,267.9856115107914,118.10551558752998,83.33333333333333,19.784172661870503,500.0,500.0,1000.0,428.6570743405276,448.4412470023981,48.56115107913669,74.34052757793765,222.01317027281277,347.1307619943556,569.1439322671685,1563.5593220338983
0629,......0629 Oberhünigen,333,132.1321321321321,663.6636636636637,204.20420420420422,42.04204204204205,42.04204204204205,48.048048048048045,72.07207207207207,120.12012012012012,192.19219219219218,279.27927927927925,117.11711711711712,63.063063063063055,24.024024024024023,495.4954954954955,504.50450450450444,982.1428571428571,444.4444444444444,474.4744744744745,33.03303303303303,48.048048048048045,199.09502262443436,307.69230769230774,506.78733031674204,1545.4545454545455
0630,......0630 Allmendingen,532,99.62406015037594,565.7894736842105,334.5864661654135,20.676691729323306,33.83458646616541,45.11278195488722,52.63157894736842,73.30827067669172,118.42105263157895,321.42857142857144,176.69172932330827,109.02255639097744,48.87218045112782,501.87969924812023,498.1203007518797,1007.5471698113207,404.1353383458647,445.4887218045113,54.51127819548872,95.86466165413533,176.07973421926908,591.3621262458472,767.4418604651163,3358.490566037736
0632,......0632 Wichtrach,4466,150.69413345275416,633.0049261083743,216.30094043887146,45.23063143752799,53.73936408419167,51.724137931034484,49.0371697268249,99.19390953873712,193.68562472010748,291.08822212270485,115.98746081504702,79.48947604120019,20.82400358262427,497.76085982982534,502.23914017017466,991.0833704859563,421.8540080609046,444.24540976265115,42.54366323331841,91.35691894312583,238.06154934559603,341.7049876193845,579.7665369649806,1435.364041604755
0662,......0662 Ferenbalm,1253,136.47246608140463,616.9193934557063,246.60814046288905,42.29848363926576,40.702314445331204,53.47166799680767,49.48124501197127,70.23144453312051,180.36711891460493,316.83958499600953,134.8762968874701,85.3950518754988,26.336791699920195,481.245011971269,518.754988028731,927.6923076923077,406.2250598563448,463.68715083798884,50.27932960893855,79.01037509976057,221.21604139715396,399.7412677878396,620.9573091849935,1807.017543859649
0663,......0663 Frauenkappelen,1470,148.29931972789115,614.2857142857143,237.41496598639455,50.34013605442177,52.38095238095238,45.57823129251701,36.054421768707485,75.51020408163265,216.3265306122449,286.3945578231292,133.33333333333334,80.95238095238096,23.12925170068027,500.6802721088436,499.31972789115645,1002.7247956403269,437.4149659863946,433.33333333333337,44.897959183673464,84.35374149659863,241.41749723145074,386.48947951273533,627.9069767441861,1600.9174311926606
0665,......0665 Gurbrü,249,96.3855421686747,678.714859437751,224.89959839357428,24.096385542168676,32.128514056224894,40.16064257028113,56.22489959839357,124.49799196787149,196.78714859437753,301.20481927710847,116.46586345381526,88.35341365461848,20.080321285140563,522.0883534136547,477.9116465863454,1092.436974789916,469.87951807228916,413.65461847389554,52.20883534136546,64.25702811244979,142.01183431952663,331.36094674556216,473.37278106508876,2333.3333333333335
0666,......0666 Kriechenwil,437,137.29977116704805,578.9473684210526,283.7528604118993,43.47826086956522,43.47826086956522,50.34324942791762,45.76659038901602,68.64988558352402,178.48970251716247,286.0411899313501,135.01144164759725,93.82151029748285,54.919908466819216,487.41418764302057,512.5858123569794,950.8928571428571,391.304347826087,411.89931350114415,91.53318077803203,102.97482837528604,237.15415019762844,490.1185770750988,727.2727272727273,2066.666666666667
0667,......0667 Laupen,3285,145.81430745814308,587.2146118721461,266.97108066971083,43.531202435312025,55.09893455098935,47.1841704718417,44.74885844748859,83.71385083713851,183.2572298325723,275.4946727549467,134.24657534246575,98.02130898021309,34.70319634703196,485.54033485540333,514.4596651445967,943.7869822485208,402.13089802130895,424.6575342465753,60.882800608828006,112.02435312024353,248.31518921721099,454.639709694142,702.954898911353,1830.8977035490605
0668,......0668 Mühleberg,3097,130.77171456247981,647.4007103648693,221.82757507265094,41.33031966419115,41.00742654181466,48.433968356474004,46.173716499838555,92.34743299967711,198.57927026154343,310.30029060381014,114.62705844365514,77.8172424927349,29.383274136260898,507.2650952534711,492.7349047465289,1029.4888597640893,431.0623183726187,423.9586696803358,51.662899580238935,92.9932192444301,201.99501246882792,342.643391521197,544.6384039900249,1696.296296296296
0669,......0669 Münchenwiler,588,185.37414965986395,630.952380952381,183.67346938775512,52.721088435374156,61.224489795918366,71.42857142857143,45.91836734693878,56.12244897959184,183.67346938775512,345.23809523809524,107.14285714285714,59.52380952380952,17.006802721088437,496.5986394557823,503.4013605442177,986.4864864864866,387.7551020408163,494.89795918367344,40.816326530612244,76.53061224489797,293.80053908355796,291.10512129380055,584.9056603773585,990.8256880733945
0670,......0670 Neuenegg,5730,147.99301919720767,630.0174520069808,221.9895287958115,44.153577661431065,53.22862129144851,50.6108202443281,49.21465968586387,101.04712041884817,198.95287958115182,280.80279232111695,107.15532286212914,86.2129144851658,28.62129144851658,501.39616055846426,498.6038394415358,1005.6002800140006,418.49912739965094,455.3228621291449,44.3280977312391,81.8499127399651,234.90304709141273,352.35457063711914,587.257617728532,1500.0
0671,......0671 Wileroltigen,380,139.4736842105263,673.6842105263157,186.8421052631579,52.63157894736842,50.0,36.84210526315789,34.21052631578947,123.68421052631578,173.6842105263158,342.10526315789474,115.78947368421052,50.0,21.052631578947366,518.4210526315788,481.57894736842104,1076.5027322404374,394.7368421052632,486.8421052631579,39.473684210526315,78.94736842105263,207.03125,277.34375,484.375,1339.6226415094338
0852,......0852 Guggisberg,1493,138.64701942397855,623.57669122572,237.7762893503014,37.50837240455459,48.894842598794376,52.24380442062961,56.26255860683188,81.71466845277963,163.42933690555927,322.17012726054924,134.6282652377763,78.3657066309444,24.782317481580712,493.6369725385131,506.363027461487,974.8677248677249,407.2337575351641,459.4775619557937,63.63027461486939,68.98861352980576,222.34156820622985,381.3104189044039,603.6519871106337,1714.9758454106282
0853,......0853 Rüschegg,1738,134.63751438434983,599.5397008055236,265.82278481012656,35.09781357882623,44.87917146144994,54.66052934407365,52.3590333716916,52.3590333716916,201.38089758342923,293.4407364787112,159.37859608745686,82.27848101265822,24.165707710011507,506.9044879171461,493.0955120828539,1028.0046674445741,401.03567318757194,439.58573072497126,56.386651323360184,102.41657077100115,224.56813819577735,443.37811900191934,667.9462571976967,1974.3589743589744
0855,......0855 Schwarzenburg,6795,129.3598233995585,598.2339955849889,272.40618101545255,39.882266372332595,46.946284032376745,42.531272994849154,44.73877851361295,80.79470198675497,172.92126563649742,299.7792494481236,138.33701250919793,99.19058130978661,34.87858719646799,491.83222958057394,508.16777041942606,967.8540399652477,401.47167034584254,449.7424576894776,62.25165562913907,86.38704930095659,216.23616236162363,455.35055350553506,671.5867158671587,2105.80204778157
0861,......0861 Belp,11718,148.489503328213,612.1351766513056,239.37532002048133,43.69346304830176,50.77658303464755,54.019457245263695,49.66717869943677,90.11776753712238,191.58559481140125,280.7646356033453,114.78067929680833,91.99522102747909,32.59941969619389,490.3567161631678,509.6432838368322,962.1567314132618,424.47516641065033,422.3416965352449,53.336746885133984,99.76105137395459,242.5763278962777,391.04976997072356,633.6260978670012,1612.0689655172414
0866,......0866 Gerzensee,1301,159.10837817063796,650.2690238278248,190.62259800153728,39.20061491160646,58.41660261337433,61.49116064565718,41.5065334358186,94.54265949269792,196.771714066103,317.44811683320523,94.54265949269792,77.6325903151422,18.447348193697156,511.9139123750961,488.0860876249039,1048.8188976377953,439.6617986164489,438.12451960030745,40.73789392774789,81.47578785549578,244.68085106382978,293.144208037825,537.8250591016549,1198.0676328502416
0868,......0868 Jaberg,305,209.8360655737705,659.016393442623,131.14754098360658,49.18032786885246,101.63934426229508,59.016393442622956,26.229508196721312,88.52459016393442,209.8360655737705,334.42622950819674,65.57377049180329,42.62295081967213,22.950819672131146,501.6393442622951,498.3606557377049,1006.578947368421,462.29508196721315,403.27868852459017,39.34426229508197,95.08196721311475,318.40796019900495,199.00497512437812,517.4129353233831,625.0
0869,......0869 Kaufdorf,1101,161.67120799273388,623.069936421435,215.25885558583104,40.87193460490463,56.31244323342416,64.48683015440508,59.037238873751136,79.92733878292461,196.18528610354224,287.92007266121703,123.52406902815623,69.02815622161671,22.70663033605813,493.1880108991826,506.81198910081747,973.1182795698925,415.0772025431426,472.2979109900091,42.688465031789285,69.93642143505905,259.4752186588921,345.48104956268224,604.9562682215743,1331.4606741573034
0870,......0870 Kehrsatz,4670,175.3747323340471,624.625267665953,200.0,57.17344753747324,57.17344753747324,61.02783725910064,53.10492505353319,111.34903640256958,201.71306209850107,258.458244111349,89.72162740899357,80.08565310492504,30.19271948608137,490.14989293361884,509.8501070663811,961.3607727845443,447.96573875803,438.7580299785867,41.113490364025694,72.1627408993576,280.7679122386013,320.19197805965035,600.9598902982516,1140.4151404151403
0872,......0872 Kirchdorf (BE),1853,138.15434430652996,658.9314624932542,202.91419320021586,36.69724770642202,51.268213707501346,50.188882892606586,41.55423637344846,106.85375067458176,200.21586616297895,310.307609282245,100.91743119266056,72.85483000539665,29.14193200215866,514.3011332973556,485.69886670264435,1058.888888888889,443.0652995143011,419.8596869940637,44.252563410685376,92.28278467350243,209.66420966420966,307.9443079443079,517.6085176085176,1468.75
0877,......0877 Niedermuhlern,521,143.95393474088291,644.9136276391555,211.13243761996162,36.468330134357004,49.90403071017274,57.58157389635317,36.468330134357004,86.37236084452975,201.53550863723606,320.53742802303265,126.67946257197696,59.50095969289827,24.95201535508637,497.1209213051823,502.8790786948176,988.5496183206108,424.18426103646834,441.45873320537424,40.30710172744722,94.04990403071018,223.21428571428572,327.3809523809524,550.5952380952382,1466.6666666666665
0879,......0879 Riggisberg,3184,141.33165829145727,617.1482412060302,241.52010050251258,45.85427135678392,50.25125628140704,45.22613065326633,47.42462311557789,97.04773869346734,201.00502512562815,271.6708542713568,125.0,87.31155778894473,29.20854271356784,510.05025125628146,489.9497487437186,1041.025641025641,431.2185929648241,429.96231155778895,59.35929648241206,79.45979899497488,229.00763358778624,391.34860050890586,620.3562340966921,1708.888888888889
0880,......0880 Rüeggisberg,1745,118.0515759312321,622.922636103152,259.025787965616,40.68767908309456,33.2378223495702,44.126074498567334,48.710601719197705,78.51002865329514,170.77363896848138,324.92836676217763,144.41260744985672,84.2406876790831,30.37249283667622,499.71346704871064,500.2865329512894,998.8545246277205,386.2464183381089,457.3065902578797,59.02578796561605,97.42120343839541,189.51241950321986,415.82336706531737,605.3357865685373,2194.1747572815534
0884,......0884 Toffen,2661,149.19203307027433,611.0484780157835,239.75948891394214,43.96843291995491,57.12138293874483,48.1022172115746,38.70725291243893,82.67568583239384,196.54265313791808,293.1228861330327,123.26193160465989,94.32544156332206,22.172115745960163,491.92033070274334,508.07966929725666,968.1952662721893,391.9579105599399,468.99661781285226,48.85381435550545,89.81585869973695,244.15744157441574,392.3739237392374,636.5313653136532,1607.0528967254406
0888,......0888 Wald (BE),1198,143.57262103505843,607.6794657762938,248.74791318864774,36.72787979966611,48.41402337228715,58.43071786310518,54.257095158597664,64.2737896494157,168.6143572621035,320.53422370617693,127.71285475792988,92.65442404006679,28.380634390651085,496.661101836394,503.338898163606,986.7330016583747,416.5275459098498,454.92487479131887,45.075125208681136,83.47245409015025,236.26373626373626,409.34065934065933,645.6043956043957,1732.5581395348836
0889,......0889 Thurnen,2060,151.45631067961165,624.2718446601941,224.27184466019418,45.14563106796116,52.42718446601942,53.883495145631066,45.631067961165044,97.57281553398059,193.68932038834953,287.378640776699,120.87378640776699,80.58252427184466,22.815533980582522,482.5242718446602,517.4757281553398,932.4577861163227,421.3592233009709,449.5145631067961,38.83495145631068,89.80582524271844,242.61275272161743,359.253499222395,601.8662519440124,1480.769230769231
0767,......0767 Reutigen,1393,155.77889447236183,647.5233309404164,196.69777458722183,50.25125628140704,52.4048815506102,53.12275664034458,53.84063173007897,96.91313711414213,207.4659009332376,289.3036611629576,98.34888729361091,72.50538406317301,25.843503230437904,512.5628140703518,487.43718592964825,1051.5463917525774,417.8033022254128,447.954055994257,43.79038047379756,90.45226130653266,240.57649667405764,303.7694013303769,544.3458980044345,1262.6728110599079
0770,......0770 Stocken-Höfen,1018,161.1001964636542,654.2239685658153,184.67583497053045,45.186640471512774,58.93909626719057,56.97445972495088,47.151277013752456,75.63850687622791,214.14538310412573,317.28880157170926,119.84282907662082,43.222003929273086,21.611001964636543,515.7170923379175,484.28290766208255,1064.9087221095335,418.46758349705306,452.84872298624754,47.151277013752456,81.53241650294696,246.24624624624624,282.2822822822823,528.5285285285285,1146.341463414634
0863,......0863 Burgistein,1069,127.22170252572498,632.3666978484564,240.41159962581852,32.74087932647334,57.998129092609915,36.482694106641716,40.224508886810106,93.54536950420953,170.25257249766136,328.3442469597755,143.1244153414406,67.35266604303088,29.934518241347053,493.9195509822264,506.0804490177736,975.9704251386322,408.79326473339574,436.85687558465855,59.869036482694106,94.48082319925163,201.18343195266272,380.1775147928994,581.3609467455622,1889.7058823529412
0867,......0867 Gurzelen,876,166.66666666666666,658.675799086758,174.65753424657535,59.3607305936073,44.52054794520548,62.78538812785388,63.926940639269404,89.04109589041096,205.4794520547945,300.2283105022831,103.88127853881278,58.219178082191775,12.557077625570775,498.8584474885845,501.14155251141557,995.4441913439636,466.89497716894977,428.0821917808219,38.81278538812785,65.06849315068493,253.0329289428076,265.1646447140381,518.1975736568457,1047.945205479452
0883,......0883 Seftigen,2188,124.77148080438758,621.1151736745887,254.11334552102377,34.27787934186471,34.73491773308958,55.75868372943327,53.47349177330896,101.0054844606947,169.56124314442414,297.07495429616085,133.45521023765997,95.52102376599635,25.137111517367458,477.60511882998173,522.3948811700183,914.2607174103237,414.0767824497258,435.55758683729437,48.90310786106033,101.46252285191956,200.8830022075055,409.1243561442237,610.0073583517293,2036.6300366300366
0885,......0885 Uttigen,2176,159.46691176470588,620.4044117647059,220.12867647058823,46.41544117647059,60.20220588235294,52.849264705882355,51.470588235294116,80.42279411764706,193.47426470588235,295.0367647058824,124.5404411764706,78.5845588235294,17.003676470588236,510.1102941176471,489.8897058823529,1041.2757973733585,414.98161764705884,464.1544117647059,39.98161764705882,80.88235294117648,257.03703703703707,354.8148148148148,611.8518518518518,1380.4034582132565
0886,......0886 Wattenwil,3230,166.25386996904024,594.7368421052631,239.00928792569658,49.22600619195047,62.538699690402474,54.48916408668731,50.77399380804953,78.63777089783282,189.47368421052633,275.8513931888545,137.46130030959753,73.37461300309597,28.173374613003098,484.5201238390093,515.4798761609907,939.9399399399399,415.1702786377709,437.1517027863777,55.10835913312694,92.56965944272446,279.5419052576783,401.87402394586155,681.4159292035398,1437.6163873370579
0921,......0921 Amsoldingen,834,151.0791366906475,612.7098321342926,236.21103117505996,51.558752997601914,45.563549160671464,53.956834532374096,39.568345323741006,86.33093525179856,200.2398081534772,286.5707434052758,123.50119904076737,94.7242206235012,17.985611510791365,483.21342925659474,516.7865707434053,935.0348027842227,411.27098321342925,460.43165467625903,46.76258992805756,81.5347721822542,246.5753424657534,385.518590998043,632.0939334637965,1563.4920634920634
0922,......0922 Blumenstein,1308,146.78899082568807,602.4464831804281,250.76452599388378,48.165137614678905,61.92660550458716,36.69724770642202,55.04587155963303,82.56880733944955,197.24770642201835,267.58409785932724,134.5565749235474,90.21406727828746,25.99388379204893,514.525993883792,485.47400611620793,1059.8425196850394,402.9051987767584,457.9510703363914,49.69418960244648,88.68501529051987,243.6548223350254,416.24365482233503,659.8984771573604,1708.3333333333333
0923,......0923 Buchholterberg,1552,161.72680412371136,614.6907216494845,223.58247422680412,45.74742268041237,56.70103092783505,59.27835051546391,47.68041237113402,74.74226804123711,190.07731958762886,302.19072164948454,114.69072164948453,80.54123711340206,28.350515463917525,501.9329896907216,498.0670103092784,1007.7619663648126,413.659793814433,454.2525773195876,61.855670103092784,70.23195876288659,263.1027253668763,363.7316561844864,626.8343815513628,1382.4701195219125
0924,......0924 Eriz,480,133.33333333333334,620.8333333333334,245.83333333333331,45.83333333333333,50.0,37.5,43.75,70.83333333333333,170.83333333333334,335.41666666666663,102.08333333333333,97.91666666666667,45.83333333333333,497.9166666666667,502.0833333333333,991.701244813278,416.6666666666667,458.3333333333333,41.666666666666664,83.33333333333333,214.76510067114094,395.9731543624161,610.738255033557,1843.75
0925,......0925 Fahrni,800,163.75,608.75,227.5,48.75,48.75,66.25,45.0,92.5,170.0,301.25,110.0,85.0,32.5,501.25,498.75,1005.012531328321,431.25,441.25,58.75,68.75,268.9938398357289,373.7166324435318,642.7104722792608,1389.3129770992368
0927,......0927 Heiligenschwendi,721,134.53536754507627,596.3938973647711,269.07073509015254,38.83495145631068,55.47850208044383,40.221914008321775,54.091539528432726,63.8002773925104,149.7919556171983,328.7101248266297,115.11789181692095,120.66574202496533,33.287101248266296,477.1151178918169,522.8848821081831,912.4668435013263,416.0887656033287,414.7018030513176,63.8002773925104,105.40915395284327,225.5813953488372,451.1627906976744,676.7441860465117,2000.0
0928,......0928 Heimberg,7079,152.98771012854922,619.8615623675661,227.15072750388472,49.0182229128408,54.951264302867635,49.0182229128408,47.32306822997599,98.31897160615905,201.86467015115127,272.3548523802797,116.54188444695579,84.75773414324057,25.85110891368837,494.27885294533127,505.72114705466873,977.3743016759776,422.2347789235768,433.6770730329142,48.02938268116966,95.91750247210058,246.8094804010939,366.4539653600729,613.2634457611668,1484.764542936288
0929,......0929 Hilterfingen,4095,119.65811965811966,590.7203907203907,289.6214896214897,33.45543345543346,34.67643467643468,51.52625152625152,50.305250305250304,78.3882783882784,153.11355311355314,308.9133089133089,130.8913308913309,105.98290598290598,52.747252747252745,461.29426129426133,538.7057387057387,856.3009972801451,421.97802197802196,409.5238095238095,67.15506715506716,101.34310134310134,202.56304257957834,490.28524183546915,692.8482844150475,2420.4081632653065
0931,......0931 Homberg,500,170.0,662.0,168.0,42.0,50.0,78.0,74.0,94.0,172.0,322.0,74.0,56.0,38.0,496.0,504.0,984.1269841269841,442.0,438.0,64.0,56.0,256.797583081571,253.7764350453172,510.5740181268882,988.2352941176471
0932,......0932 Horrenbach-Buchen,224,169.64285714285714,625.0,205.35714285714286,40.17857142857143,44.642857142857146,84.82142857142857,71.42857142857143,58.035714285714285,196.42857142857142,299.10714285714283,107.14285714285714,80.35714285714286,17.857142857142858,553.5714285714286,446.42857142857144,1240.0,482.14285714285717,370.5357142857143,62.5,84.82142857142857,271.4285714285714,328.57142857142856,600.0,1210.5263157894738
0934,......0934 Oberhofen am Thunersee,2523,97.10661910424098,556.8767340467697,346.0166468489893,29.33016250495442,34.48275862068965,33.29369797859691,48.35513277843837,72.9290527150218,143.4799841458581,292.11256440745143,153.78517637732858,145.8581054300436,46.37336504161712,485.92944906856917,514.0705509314308,945.2582883577486,361.8707887435593,446.2940943321443,75.70352754657155,115.33888228299644,174.37722419928826,621.3523131672598,795.729537366548,3563.265306122449
0935,......0935 Oberlangenegg,473,179.70401691331924,615.2219873150106,205.07399577167018,48.625792811839325,61.3107822410148,69.76744186046511,52.854122621564485,101.4799154334038,192.38900634249472,268.49894291754754,86.68076109936575,84.56659619450318,33.82663847780127,498.9429175475687,501.0570824524313,995.7805907172997,467.23044397463,441.8604651162791,48.625792811839325,42.28329809725159,292.0962199312715,333.3333333333333,625.4295532646048,1141.1764705882351
0936,......0936 Pohlern,247,125.50607287449392,684.2105263157895,190.2834008097166,36.43724696356275,48.582995951417004,40.48582995951417,85.02024291497976,93.1174089068826,161.94331983805668,344.12955465587044,97.16599190283401,72.8744939271255,20.242914979757085,485.82995951417,514.1700404858299,944.8818897637796,425.1012145748988,425.1012145748988,64.77732793522267,85.02024291497976,183.4319526627219,278.1065088757396,461.53846153846155,1516.1290322580644
0938,......0938 Sigriswil,4871,91.15171422705811,558.2016013138987,350.64668445904334,30.999794703346335,30.999794703346335,29.152124820365426,33.66865120098542,77.19154177786902,149.2506672141244,298.0907411209197,178.1974953808253,127.4892219256826,44.95996715253541,488.6060357216178,511.3939642783822,955.4395824969891,356.80558406897967,454.7320878669678,75.34387189488811,112.91315951549988,163.29532916513423,628.1721221037146,791.4674512688489,3846.846846846847
0939,......0939 Steffisburg,16581,135.45624509981306,610.2165128761836,254.32724202400337,41.79482540256921,45.41342500452325,48.24799469272058,45.77528496471865,100.11458898739521,197.2739882998613,267.0526506242084,120.49936674506965,95.89288945178217,37.93498582715156,479.28351727881306,520.7164827211868,920.4308547602502,429.0452928050178,424.039563355648,55.60581388336047,91.30932995597371,221.98062858272385,416.7819727218818,638.7626013046056,1877.560106856634
0940,......0940 Teuffenthal (BE),154,103.89610389610391,623.3766233766233,272.7272727272727,32.467532467532465,32.467532467532465,38.96103896103896,32.467532467532465,103.89610389610391,162.33766233766232,324.67532467532465,168.83116883116884,84.41558441558442,19.48051948051948,454.5454545454545,545.4545454545454,833.3333333333334,363.6363636363636,402.5974025974026,71.42857142857143,162.33766233766232,166.66666666666666,437.5,604.1666666666666,2625.0
0941,......0941 Thierachern,2539,154.78534856242615,623.8676644348169,221.34698700275698,40.96100827097282,52.776683733753444,61.04765655769989,63.41079165025601,82.31587239070501,174.47814100039386,303.662859393462,107.12879086254432,89.01142181961403,25.20677432059866,493.89523434423,506.10476565577,975.875486381323,412.3670736510437,454.5096494682946,44.505710909807014,88.61756597085467,248.1060606060606,354.7979797979798,602.9040404040404,1430.0254452926208
0942,......0942 Thun,44125,123.58073654390934,621.0538243626063,255.3654390934844,39.90934844192635,41.6770538243626,41.994334277620396,43.69405099150141,112.4985835694051,201.7903682719547,263.07082152974505,118.09631728045326,98.87818696883853,38.390934844192635,477.5524079320113,522.4475920679886,914.0675833947859,435.8526912181303,398.8668555240793,59.46742209631728,105.79036827195468,198.98554955480952,411.1808495110203,610.1663990658299,2066.3854758848342
0943,......0943 Uebeschi,707,159.8302687411598,632.2489391796322,207.9207920792079,48.090523338048094,53.74823196605375,57.99151343705799,65.06364922206507,100.42432814710043,189.53323903818952,277.2277227722773,113.15417256011315,74.96463932107496,19.801980198019802,499.2927864214993,500.70721357850067,997.1751412429378,434.22913719943426,448.37340876944836,49.504950495049506,67.89250353606789,252.79642058165547,328.8590604026846,581.6554809843401,1300.8849557522124
0944,......0944 Uetendorf,6067,136.3111916927641,584.1437283665732,279.54507994066256,42.52513598153947,46.151310367562225,47.63474534366244,52.7443547057854,84.55579363771223,169.27641338388,277.56716663919565,135.48706115048623,110.43349266523818,33.62452612493819,492.83006428218226,507.1699357178177,971.7257068573286,378.11109279709905,462.007582000989,61.64496456238668,98.07153453106972,233.35214446952597,478.5553047404063,711.9074492099323,2050.7859733978235
0945,......0945 Unterlangenegg,1072,173.50746268656715,626.8656716417911,199.62686567164178,55.97014925373134,56.90298507462686,60.634328358208954,59.701492537313435,84.88805970149254,211.75373134328356,270.5223880597015,111.94029850746269,67.16417910447761,20.52238805970149,513.0597014925373,486.94029850746267,1053.639846743295,444.9626865671642,430.0373134328358,52.23880597014925,72.76119402985074,276.7857142857143,318.4523809523809,595.2380952380952,1150.5376344086023
0946,......0946 Wachseldorn,238,168.0672268907563,567.2268907563025,264.70588235294116,37.81512605042017,54.621848739495796,75.63025210084034,46.21848739495798,88.23529411764706,159.6638655462185,273.109243697479,113.4453781512605,126.05042016806722,25.210084033613445,500.0,500.0,1000.0,415.96638655462186,462.18487394957987,75.63025210084034,46.21848739495798,296.2962962962963,466.6666666666667,762.9629629629629,1575.0
0948,......0948 Forst-Längenbühl,779,177.15019255455712,621.3093709884467,201.54043645699616,43.64569961489089,68.03594351732991,65.46854942233634,44.929396662387674,75.73812580231065,211.8100128369705,288.8318356867779,107.83055198973042,62.90115532734275,30.808729139922978,498.0744544287548,501.92554557124515,992.3273657289002,427.4711168164313,439.0243902439024,47.49679075738126,86.00770218228499,285.12396694214874,324.3801652892562,609.504132231405,1137.6811594202898
0791,......0791 Boltigen,1272,136.0062893081761,602.2012578616352,261.7924528301887,48.742138364779876,47.16981132075472,40.094339622641506,49.528301886792455,91.98113207547169,177.67295597484275,283.0188679245283,132.86163522012578,94.33962264150944,34.59119496855346,503.1446540880503,496.8553459119497,1012.6582278481013,393.8679245283019,441.0377358490566,77.0440251572327,88.0503144654088,225.8485639686684,434.72584856396867,660.5744125326371,1924.8554913294797
0792,......0792 Lenk,2322,139.10422049956932,591.30060292851,269.5951765719208,39.621016365202415,47.803617571059426,51.67958656330749,42.20499569336779,93.45391903531439,188.63049095607235,267.01119724375536,135.65891472868216,105.94315245478036,27.993109388458226,505.16795865633077,494.83204134366923,1020.8877284595301,394.91817398794143,484.49612403100775,54.69422911283377,65.89147286821706,235.25127458120903,455.93590677348874,691.1871813546977,1938.080495356037
0793,......0793 St. Stephan,1326,165.15837104072398,584.4645550527904,250.37707390648566,53.544494720965304,59.57767722473605,52.036199095022624,41.47812971342383,97.28506787330316,176.47058823529412,269.2307692307692,116.13876319758673,98.79336349924584,35.444947209653094,510.5580693815988,489.4419306184012,1043.1432973805854,407.23981900452486,473.604826546003,58.06938159879336,61.08597285067873,282.5806451612903,428.38709677419354,710.9677419354839,1515.9817351598172
0794,......0794 Zweisimmen,3059,124.87741091860086,593.6580581889507,281.4645308924485,36.94017652827721,47.401111474338016,40.536122915985615,40.536122915985615,96.43674403399804,189.27754168028767,267.4076495586793,135.99215429879044,108.85910428244524,36.61327231121282,497.548218372017,502.451781627983,990.2407286922577,404.380516508663,457.9928081072246,61.45799280810722,76.16868257600522,210.35242290748897,474.1189427312775,684.4713656387665,2253.9267015706805
0841,......0841 Gsteig,1028,135.21400778210116,669.2607003891051,195.52529182879377,35.992217898832685,51.55642023346303,47.66536964980544,33.0739299610895,95.33073929961088,211.08949416342412,329.76653696498056,117.70428015564202,59.338521400778205,18.482490272373543,504.863813229572,495.136186770428,1019.6463654223968,425.0972762645914,438.71595330739297,44.747081712062254,91.4396887159533,202.03488372093022,292.1511627906977,494.1860465116279,1446.0431654676258
0842,......0842 Lauenen,865,178.03468208092485,606.9364161849711,215.02890173410404,63.58381502890173,61.27167630057803,53.17919075144509,54.335260115606935,82.08092485549133,174.5664739884393,295.95375722543355,98.26589595375724,86.70520231213872,30.057803468208093,467.05202312138726,532.9479768786127,876.355748373102,412.71676300578036,479.76878612716763,57.80346820809248,49.71098265895954,293.3333333333333,354.2857142857143,647.6190476190477,1207.7922077922078
0843,......0843 Saanen,6924,121.60600808781051,642.2588099364528,236.13518197573657,37.9838243789717,41.30560369728481,42.31658001155402,42.31658001155402,103.11958405545927,196.99595609474292,299.8266897746967,117.99537839399191,84.63316002310803,33.506643558636625,505.48815713460425,494.51184286539575,1022.1962616822431,423.74350086655113,445.840554592721,55.74812247255921,74.66782206816869,189.34112885091074,367.6635934337756,557.0047222846863,1941.8052256532067
0561,......0561 Adelboden,3420,145.906432748538,616.0818713450292,238.01169590643275,52.046783625730995,44.152046783625735,49.707602339181285,47.953216374269005,113.45029239766082,177.77777777777777,276.90058479532166,110.8187134502924,91.81286549707603,35.380116959064324,487.4269005847953,512.5730994152046,950.9412435824302,423.3918128654971,471.34502923976606,53.50877192982456,51.75438596491228,236.8296155671571,386.3312766967252,623.1608922638823,1631.2625250501003
0562,......0562 Aeschi bei Spiez,2325,147.5268817204301,610.3225806451613,242.1505376344086,48.60215053763441,45.59139784946237,53.333333333333336,45.59139784946237,83.01075268817203,185.3763440860215,296.34408602150535,126.02150537634407,83.01075268817203,33.11827956989247,489.0322580645161,510.9677419354839,957.070707070707,414.6236559139785,427.52688172043014,58.494623655913976,98.49462365591398,241.71952078928823,396.75828047921067,638.477801268499,1641.399416909621
0563,......0563 Frutigen,7100,166.4788732394366,610.5633802816901,222.95774647887322,48.87323943661972,55.91549295774648,61.690140845070424,54.929577464788736,103.94366197183098,186.47887323943664,265.2112676056338,114.50704225352112,81.69014084507043,26.76056338028169,492.112676056338,507.887323943662,968.9406544647809,439.71830985915494,441.830985915493,49.15492957746479,69.15492957746478,272.6643598615917,365.16724336793544,637.8316032295271,1339.2554991539762
0564,......0564 Kandergrund,810,156.79012345679013,632.0987654320987,211.11111111111111,55.55555555555555,46.91358024691358,54.32098765432099,51.85185185185185,102.46913580246914,211.11111111111111,266.6666666666667,108.64197530864197,71.60493827160494,30.864197530864196,517.283950617284,482.71604938271605,1071.6112531969309,451.85185185185185,423.45679012345676,53.086419753086425,71.60493827160494,248.046875,333.984375,582.03125,1346.456692913386
0565,......0565 Kandersteg,1299,103.92609699769054,599.6920708237105,296.3818321785989,31.56274056966898,31.56274056966898,40.80061585835258,28.48344880677444,100.07698229407237,203.23325635103924,267.8983833718245,147.80600461893764,117.78290993071595,30.792917628945343,485.75827559661275,514.2417244033873,944.6107784431138,390.3002309468822,453.4257120862202,60.046189376443415,95.45804464973057,173.29910141206676,494.22336328626443,667.5224646983312,2851.8518518518517
0566,......0566 Krattigen,1130,130.97345132743362,569.0265486725664,300.0,41.5929203539823,37.16814159292036,52.21238938053097,45.13274336283186,75.2212389380531,156.63716814159292,292.0353982300885,141.5929203539823,109.73451327433628,48.67256637168141,496.46017699115043,503.53982300884957,985.9402460456942,393.8053097345133,442.4778761061947,58.4070796460177,105.30973451327434,230.1710730948678,527.2161741835148,757.3872472783826,2290.5405405405404
0567,......0567 Reichenbach im Kandertal,3792,166.66666666666666,602.3206751054853,231.0126582278481,51.424050632911396,58.016877637130804,57.22573839662447,51.16033755274262,77.53164556962025,195.41139240506328,278.21729957805906,117.61603375527427,78.58649789029536,34.81012658227848,489.9789029535865,510.0210970464135,960.7032057911065,408.75527426160335,446.7299578059072,59.59915611814346,84.65189873417721,276.707530647986,383.53765323992997,660.245183887916,1386.0759493670887
0761,......0761 Därstetten,868,155.52995391705068,605.9907834101382,238.47926267281105,40.32258064516129,55.29953917050692,59.907834101382484,47.23502304147465,82.94930875576037,187.78801843317973,288.0184331797235,145.16129032258067,73.73271889400921,19.585253456221196,506.9124423963134,493.0875576036866,1028.03738317757,421.6589861751152,415.89861751152074,50.69124423963134,111.75115207373273,256.65399239543723,393.5361216730038,650.1901140684411,1533.3333333333335
0762,......0762 Diemtigen,2304,141.92708333333334,625.8680555555555,232.20486111111111,47.30902777777778,44.704861111111114,49.91319444444445,53.81944444444445,97.65625,178.81944444444446,295.5729166666667,119.3576388888889,90.27777777777777,22.569444444444443,503.47222222222223,496.52777777777777,1013.986013986014,420.1388888888889,445.3125,53.81944444444445,80.72916666666667,226.76837725381415,371.0124826629681,597.7808599167822,1636.085626911315
0763,......0763 Erlenbach im Simmental,1731,152.51299826689774,597.9202772963604,249.56672443674177,46.79376083188908,52.57076834199884,53.148469093009815,35.81744656268053,89.54361640670133,188.33044482957828,284.2287694974003,121.89485846331601,91.85441941074524,35.81744656268053,499.7111496244945,500.28885037550555,998.8452655889145,410.74523396880414,397.4581166955517,66.43558636626227,125.36106296938185,255.07246376811594,417.39130434782606,672.463768115942,1636.3636363636365
0766,......0766 Oberwil im Simmental,845,155.02958579881656,573.9644970414201,271.00591715976327,44.97041420118343,57.98816568047337,52.07100591715976,44.97041420118343,105.32544378698225,151.4792899408284,272.18934911242604,138.46153846153848,108.87573964497041,23.668639053254438,499.40828402366867,500.59171597633133,997.6359338061466,404.73372781065086,475.7396449704142,65.08875739644971,54.437869822485204,270.10309278350513,472.16494845360825,742.2680412371134,1748.091603053435
0768,......0768 Spiez,13342,127.64203267875881,617.3737070903913,254.98426023084997,38.599910058462,45.64533053515215,43.39679208514466,46.319892070154395,95.33803028031778,185.72927597061909,289.9865087692999,125.46844551041822,93.23939439364413,36.27642032678759,497.22680257832405,502.77319742167595,988.9683959451401,413.806026083046,427.297256783091,55.68880227851896,103.13296357367712,206.7500303508559,413.0144470074056,619.7644773582615,1997.651203758074
0769,......0769 Wimmis,2735,167.45886654478974,629.6160877513711,202.92504570383912,44.97257769652651,61.79159049360147,60.69469835466179,57.76965265082267,81.90127970749543,208.0438756855576,281.90127970749546,111.15173674588667,67.27605118829982,24.497257769652652,503.4734917733089,496.526508226691,1013.9911634756995,438.75685557586837,416.0877513711152,46.435100548446066,98.72029250457038,265.96980255516837,322.2996515679443,588.2694541231127,1211.7903930131004
0571,......0571 Beatenberg,1229,87.0626525630594,623.2709519934907,289.66639544344997,25.223759153783565,28.478437754271766,33.36045565500407,60.21155410903174,116.35475996745322,153.78356387306755,292.9210740439381,136.69650122050447,119.60943856794141,33.36045565500407,515.0528885272579,484.94711147274205,1062.0805369127518,423.1082180634662,407.6484947111473,56.95687550854353,112.28641171684296,139.68668407310705,464.75195822454305,604.4386422976501,3327.1028037383176
0572,......0572 Bönigen,2786,137.47307968413497,620.9619526202441,241.56496769562096,46.66188083273511,41.6367552045944,49.17444364680546,52.76381909547739,92.96482412060301,193.82627422828426,281.4070351758794,122.75664034458005,90.09332376166547,28.715003589375446,502.5125628140703,497.48743718592965,1010.1010101010102,423.54630294328786,441.4931801866475,53.12275664034458,81.83776022972003,221.38728323699422,389.01734104046244,610.4046242774567,1757.1801566579634
0573,......0573 Brienz (BE),3256,124.6928746928747,613.9434889434889,261.3636363636364,36.85503685503686,41.76904176904177,46.06879606879607,48.218673218673224,102.88697788697789,173.52579852579854,289.3120393120393,120.08599508599508,104.42260442260442,36.85503685503686,489.5577395577396,510.4422604422605,959.0854392298436,410.933660933661,428.74692874692875,60.810810810810814,99.2014742014742,203.1015507753877,425.7128564282141,628.8144072036018,2096.0591133004923
0574,......0574 Brienzwiler,514,99.22178988326847,612.8404669260701,287.9377431906615,36.964980544747085,36.964980544747085,25.291828793774318,42.80155642023346,103.11284046692606,167.31517509727627,299.6108949416342,153.69649805447472,97.27626459143968,36.964980544747085,501.9455252918288,498.0544747081712,1007.8125,365.7587548638132,424.12451361867704,77.82101167315176,132.295719844358,161.90476190476193,469.8412698412698,631.7460317460317,2901.9607843137255
0575,......0575 Därligen,416,141.82692307692307,591.3461538461538,266.8269230769231,36.05769230769231,57.69230769230769,48.07692307692308,50.48076923076923,67.3076923076923,182.69230769230768,290.86538461538464,125.0,115.38461538461539,26.442307692307693,471.15384615384613,528.8461538461538,890.9090909090909,408.65384615384613,415.86538461538464,60.09615384615385,115.38461538461539,239.83739837398375,451.219512195122,691.0569105691056,1881.35593220339
0576,......0576 Grindelwald,3930,102.54452926208651,662.3409669211195,235.1145038167939,32.06106870229008,33.842239185750635,36.641221374045806,33.333333333333336,129.7709923664122,214.7582697201018,284.47837150127225,111.95928753180662,87.78625954198472,35.36895674300254,512.2137404580153,487.78625954198475,1050.078247261346,468.1933842239186,405.089058524173,56.23409669211196,69.72010178117048,154.82135996926624,354.97502881290814,509.79638878217435,2292.803970223325
0577,......0577 Gsteigwiler,436,130.73394495412845,642.2018348623853,227.06422018348624,48.165137614678905,43.57798165137615,38.9908256880734,55.04587155963303,80.27522935779817,215.59633027522938,291.2844036697247,144.49541284403668,55.04587155963303,27.522935779816514,506.88073394495416,493.11926605504584,1027.906976744186,408.25688073394497,431.19266055045875,48.165137614678905,112.38532110091744,203.57142857142858,353.5714285714286,557.1428571428571,1736.842105263158
0578,......0578 Gündlischwand,344,133.72093023255812,654.0697674418606,212.20930232558138,37.7906976744186,46.51162790697674,49.41860465116279,58.13953488372093,93.02325581395348,177.32558139534885,325.58139534883725,90.11627906976743,81.39534883720931,40.697674418604656,494.1860465116279,505.8139534883721,977.0114942528736,438.95348837209303,415.69767441860466,63.95348837209303,81.39534883720931,204.44444444444446,324.4444444444444,528.8888888888888,1586.9565217391303
0579,......0579 Habkern,629,138.31478537360888,631.1605723370429,230.52464228934815,49.2845786963434,41.33545310015898,47.694753577106525,54.054054054054056,111.28775834658188,170.11128775834658,295.7074721780604,112.87758346581876,82.67090620031796,34.97615262321145,511.9236883942766,488.07631160572333,1048.8599348534203,405.4054054054054,456.2798092209857,68.36248012718602,69.9523052464229,219.14357682619647,365.23929471032744,584.3828715365239,1666.6666666666667
0580,......0580 Hofstetten bei Brienz,529,83.17580340264651,642.7221172022685,274.10207939508507,15.122873345935728,37.80718336483932,30.245746691871457,37.80718336483932,122.87334593572778,139.88657844990547,342.1550094517958,139.88657844990547,105.8601134215501,28.35538752362949,480.15122873345933,519.8487712665407,923.6363636363636,364.8393194706994,442.34404536862,92.62759924385632,100.1890359168242,129.41176470588238,426.4705882352941,555.8823529411765,3295.4545454545455
0581,......0581 Interlaken,6123,114.81300016331863,659.6439653764494,225.54303446023192,40.666340029397354,38.706516413522785,35.440143720398495,38.86983504817899,133.9212804180957,222.9299363057325,263.9229136044423,100.11432304425935,87.04883227176221,38.379879144210356,493.54891393107954,506.4510860689204,974.5243469848435,471.99085415645925,373.18308018944964,49.81218357014535,104.36060754532092,174.0529834117356,341.9163159197821,515.9692993315177,1964.4381223328592
0582,......0582 Iseltwald,401,102.24438902743142,586.0349127182045,311.7206982543641,14.962593516209475,22.443890274314214,64.83790523690773,52.36907730673317,52.36907730673317,187.03241895261846,294.2643391521197,152.11970074812967,129.67581047381546,29.92518703241895,488.77805486284285,511.22194513715715,956.0975609756097,376.5586034912718,461.3466334164589,57.356608478803,104.73815461346634,174.46808510638297,531.9148936170212,706.3829787234042,3048.7804878048782
0584,......0584 Lauterbrunnen,2331,96.95409695409695,646.932646932647,256.1132561132561,29.17202917202917,41.61304161304162,26.169026169026168,35.607035607035606,102.96010296010296,202.05920205920205,306.3063063063063,129.12912912912913,88.37408837408837,38.61003861003861,497.2114972114972,502.78850278850274,988.9078498293516,437.5804375804376,419.1334191334191,58.77305877305877,84.0840840840841,149.86737400530504,395.8885941644562,545.7559681697612,2641.5929203539827
0585,......0585 Leissigen,1205,146.88796680497927,630.7053941908714,222.40663900414935,39.004149377593365,47.30290456431535,60.58091286307054,51.45228215767634,73.02904564315354,195.850622406639,310.3734439834025,130.2904564315353,64.73029045643155,27.38589211618257,500.4149377593361,499.5850622406639,1001.6611295681064,399.17012448132783,439.00414937759336,51.45228215767634,110.37344398340248,232.89473684210526,352.6315789473684,585.5263157894736,1514.1242937853108
0586,......0586 Lütschental,239,154.81171548117155,661.0878661087866,184.10041841004184,58.57740585774059,62.76150627615063,33.47280334728033,37.65690376569038,100.418410041841,221.7573221757322,301.25523012552304,112.97071129707113,41.84100418410041,29.288702928870293,518.8284518828452,481.17154811715477,1078.2608695652175,468.6192468619247,326.3598326359833,75.31380753138076,129.7071129707113,234.1772151898734,278.4810126582278,512.6582278481012,1189.1891891891892
0587,......0587 Matten bei Interlaken,4201,126.63651511544872,632.4684598905022,240.895024994049,34.99166865032135,44.7512497024518,46.89359676267555,41.89478695548679,101.4044275172578,208.28374196619853,280.88550345155915,118.30516543680076,84.26565103546776,38.32420852178053,489.64532254225185,510.3546774577482,959.4216417910447,439.18114734587004,408.71221137824324,60.69983337300643,91.40680790288026,200.22581859239745,380.88069251035,581.1065111027475,1902.2556390977443
0588,......0588 Niederried bei Interlaken,366,79.23497267759564,595.6284153005464,325.1366120218579,30.054644808743166,16.393442622950822,32.786885245901644,51.91256830601093,79.23497267759564,163.93442622950818,300.5464480874317,172.1311475409836,106.55737704918032,46.44808743169399,469.94535519125685,530.0546448087432,886.5979381443299,366.120218579235,442.6229508196721,40.983606557377044,150.27322404371586,133.0275229357798,545.8715596330275,678.8990825688073,4103.44827586207
0589,......0589 Oberried am Brienzersee,481,93.55509355509356,617.4636174636174,288.98128898128897,22.86902286902287,43.65904365904366,27.027027027027028,41.58004158004158,60.2910602910603,139.2931392931393,376.2993762993763,149.6881496881497,99.7920997920998,39.5010395010395,469.85446985446987,530.1455301455301,886.2745098039215,367.983367983368,403.32640332640335,87.31808731808732,141.37214137214139,151.51515151515153,468.013468013468,619.5286195286195,3088.888888888889
0590,......0590 Ringgenberg (BE),2655,115.2542372881356,638.4180790960452,246.3276836158192,35.781544256120526,42.18455743879473,37.28813559322034,41.05461393596987,108.8512241054614,185.6873822975518,302.82485875706215,130.69679849340866,83.9924670433145,31.638418079096045,500.5649717514125,499.43502824858757,1002.262443438914,415.4425612052731,424.105461393597,54.99058380414312,105.46139359698682,180.53097345132744,385.8407079646018,566.3716814159292,2137.254901960784
0591,......0591 Saxeten,98,61.224489795918366,642.8571428571429,295.9183673469388,10.204081632653061,20.408163265306122,30.612244897959183,20.408163265306122,183.67346938775512,163.26530612244898,275.51020408163265,173.46938775510205,91.83673469387756,30.612244897959183,551.0204081632653,448.9795918367347,1227.2727272727273,367.34693877551024,459.18367346938777,61.224489795918366,112.24489795918367,95.23809523809523,460.3174603174603,555.5555555555555,4833.333333333333
0592,......0592 Schwanden bei Brienz,668,142.21556886227546,577.8443113772455,279.94011976047904,49.40119760479042,43.41317365269461,49.40119760479042,49.40119760479042,71.8562874251497,181.1377245508982,275.4491017964072,146.7065868263473,95.80838323353294,37.4251497005988,485.02994011976045,514.9700598802394,941.8604651162791,398.20359281437123,456.5868263473054,41.91616766467065,103.2934131736527,246.11398963730568,484.45595854922277,730.5699481865286,1968.421052631579
0593,......0593 Unterseen,5708,115.80238262088297,628.7666433076384,255.43097407147863,35.0385423966363,36.440084092501756,44.32375613174492,43.62298528381219,94.77925718290119,187.98177995795376,302.38262088297125,128.0658724597057,93.7281009110021,33.63700070077085,477.92571829011916,522.0742817098809,915.4362416107382,434.8283111422565,399.0889978976875,56.06166783461808,110.02102312543798,184.1738645862357,406.241292839231,590.4151574254666,2205.7488653555215
0594,......0594 Wilderswil,2768,130.41907514450867,662.9335260115607,206.64739884393063,40.10115606936416,37.933526011560694,52.384393063583815,42.99132947976879,110.91040462427745,202.3121387283237,306.71965317919074,102.96242774566474,74.42196531791907,29.26300578034682,493.135838150289,506.86416184971097,972.9151817533857,445.08670520231215,410.0433526011561,47.32658959537572,97.54335260115607,196.73024523160763,311.716621253406,508.4468664850136,1584.4875346260387
0782,......0782 Guttannen,241,82.98755186721992,543.5684647302904,373.4439834024896,24.896265560165972,24.896265560165972,33.19502074688797,33.19502074688797,82.98755186721992,186.7219917012448,240.66390041493776,186.7219917012448,132.78008298755188,53.941908713692946,481.3278008298755,518.6721991701245,928.0,340.24896265560164,497.9253112033195,99.58506224066389,58.09128630705394,152.67175572519085,687.0229007633588,839.6946564885495,4500.0
0783,......0783 Hasliberg,1129,131.97519929140833,596.1027457927369,271.92205491585474,30.115146147032775,53.144375553587246,48.7156775907883,92.11691762621788,79.71656333038086,155.89016829052258,268.3790965456156,135.51815766164748,102.74579273693533,33.65810451727192,489.8139946855625,510.1860053144376,960.0694444444445,431.3551815766165,434.8981399468556,56.687333923826394,77.05934455270152,221.3967310549777,456.1664190193165,677.5631500742942,2060.4026845637586
0784,......0784 Innertkirchen,1079,139.01760889712696,581.0936051899907,279.8887859128823,44.48563484708063,51.899907321594064,42.63206672845227,42.63206672845227,80.63021316033364,168.67469879518072,289.1566265060241,145.50509731232623,96.3855421686747,37.99814643188137,501.3901760889713,498.6098239110287,1005.5762081784387,374.4207599629286,450.41705282669136,69.50880444856348,105.6533827618165,239.23444976076556,481.65869218500796,720.8931419457734,2013.3333333333333
0785,......0785 Meiringen,4814,137.30785209804736,625.2596593269631,237.4324885749896,40.922309929372666,47.15413377648525,49.231408392189444,47.361861238055674,90.9846281678438,193.6019941836311,293.3111757374325,121.72829248026588,81.6368923971749,34.067303697548816,493.3527212297465,506.6472787702534,973.759737597376,412.75446614042374,426.0490236809306,58.78687162442875,102.40963855421687,219.6013289036545,379.734219269103,599.3355481727575,1729.1981845688351
0786,......0786 Schattenhalb,586,136.51877133105802,633.1058020477816,230.37542662116041,49.48805460750853,42.66211604095564,44.36860068259386,46.07508532423208,104.09556313993174,168.94197952218428,313.9931740614335,109.21501706484642,83.61774744027304,37.54266211604096,476.1092150170648,523.8907849829352,908.7947882736156,436.8600682593857,423.20819112627987,64.84641638225256,75.08532423208192,215.633423180593,363.8814016172507,579.5148247978436,1687.5
1061,......1061 Luzern,86234,124.76517382934806,682.4338427998238,192.80098337082822,43.12684092121437,42.16434353039404,39.47398937773964,39.81028364682144,140.8261242665306,255.9663241876754,245.8311106987963,89.7789734907345,69.11427047336318,33.90773940673052,486.3047058004963,513.6952941995037,946.6793083209174,535.0441821091448,331.5165711900179,44.40243987290396,88.90924693276433,182.82383727845843,282.5196689833302,465.34350626178866,1545.3109025002323
1051,......1051 Adligenswil,5617,157.20135303542818,590.5287520028485,252.26989496172337,41.65924870927541,57.682036674381344,57.86006765177141,57.32597471960121,84.38668328289123,162.00818942495997,286.8079045753961,127.64821078867722,94.17838703934486,30.443297133701265,490.11928075485133,509.88071924514867,961.2430167597765,400.035606195478,476.2328645184262,43.97365141534627,79.57984689335943,266.20440156768166,427.1932469098583,693.39764847754,1604.7565118912796
1052,......1052 Buchrain,6807,163.65506096665197,665.6383135008081,170.70662553254004,57.14705450271779,54.3558101953871,52.15219626854709,59.056853239312474,117.37916850301161,208.90260026443366,280.29969149405025,100.19097987365946,55.82488614661378,14.690759512266784,499.92654620243866,500.0734537975613,999.7062279670976,444.3954752460702,453.94446892904364,32.46657852210959,69.04656970765389,245.86184065327743,256.45552858088723,502.3173692341646,1043.087971274686
1053,......1053 Dierikon,1685,201.78041543026706,651.6320474777449,146.58753709198814,84.86646884272997,71.81008902077151,45.103857566765576,40.94955489614243,109.19881305637982,256.379821958457,245.10385756676558,93.17507418397626,44.51038575667656,8.902077151335313,503.2640949554896,496.7359050445104,1013.1421744324971,458.160237388724,448.6646884272997,27.89317507418398,65.28189910979229,309.6539162112932,224.95446265938068,534.608378870674,726.4705882352941
1054,......1054 Ebikon,14788,159.58885582905057,646.2672437111171,194.14390045983228,52.40735731674331,55.78847714362997,51.39302136867731,49.77008385177171,117.66296997565594,220.584257506086,258.24993237760344,97.57911820394914,67.4195293481201,29.14525290776305,494.7254530700568,505.2745469299432,979.1220556745182,444.1439004598323,428.252637273465,43.48120097376251,83.91939410332702,246.93941613477034,300.4080778486973,547.3474939834676,1216.5254237288134
1055,......1055 Gisikon,1515,192.07920792079207,669.3069306930694,138.61386138613864,68.64686468646865,65.34653465346535,58.085808580858085,38.943894389438945,89.76897689768977,233.6633663366337,306.9306930693069,93.06930693069307,35.64356435643564,9.900990099009901,504.29042904290435,495.7095709570957,1017.3102529960054,435.64356435643566,446.20462046204625,27.06270627062706,91.08910891089108,286.9822485207101,207.10059171597632,494.0828402366864,721.6494845360825
1056,......1056 Greppen,1219,139.4585726004922,675.9639048400328,184.577522559475,42.65791632485644,46.75963904840033,50.041017227235436,63.98687448728466,103.363412633306,161.6078753076292,347.005742411813,122.23133716160787,54.14273995077932,8.203445447087777,510.2543068088597,489.7456931911403,1041.8760469011725,419.1960623461854,458.57260049220673,31.17309269893355,91.05824446267432,206.31067961165047,273.05825242718447,479.36893203883494,1323.5294117647059
1057,......1057 Honau,579,120.89810017271158,739.2055267702937,139.8963730569948,32.81519861830743,51.81347150259067,36.269430051813465,37.99654576856649,207.2538860103627,221.07081174438687,272.88428324697753,93.26424870466322,32.81519861830743,13.81692573402418,506.0449050086355,493.95509499136443,1024.4755244755245,514.6804835924007,414.5077720207254,17.271157167530223,53.5405872193437,163.55140186915887,189.25233644859813,352.803738317757,1157.1428571428573
1058,......1058 Horw,15817,140.16564455965099,645.1286590377442,214.7056964026048,47.35411266358981,47.48055889233103,45.330973003730165,46.78510463425428,114.43383701081116,208.19371562243154,275.7160017702472,97.67971170259847,79.1553391920086,37.87064550799772,486.2489726243915,513.7510273756085,946.468126999754,461.59195801985203,407.1568565467535,51.77973066953278,79.40823164949106,217.26773814190514,332.8106624852999,550.078400627205,1531.7997293640053
1059,......1059 Kriens,30008,144.128232471341,646.6275659824047,209.24420154625435,46.387629965342576,49.653425753132495,48.0871767528659,46.45427885897094,119.63476406291655,219.67475339909356,260.8637696614236,97.87390029325513,76.34630765129299,35.02399360170621,492.168754998667,507.83124500133306,969.1580812389265,461.57691282324714,403.32577979205547,49.82004798720342,85.0773127166089,222.89218717790146,323.5930735930736,546.4852607709751,1451.791907514451
1062,......1062 Malters,7868,162.93848500254194,667.1326893746823,169.9288256227758,59.60854092526691,54.270462633451956,49.059481443823074,52.99949161159125,120.36095577020845,209.58312150482968,284.1891204880529,94.17895271987798,53.50788002033554,22.24199288256228,508.5155058464667,491.4844941535333,1034.652185156452,470.89476359938993,417.6410777834265,40.79816980172852,70.66598881545501,244.23699752333778,254.71518384454183,498.95218136787963,1042.9017160686426
1063,......1063 Meggen,7795,126.36305323925592,592.4310455420141,281.20590121872993,33.996151379089156,46.56831302116741,45.79858883899936,47.2097498396408,79.79474021808852,157.92174470814624,307.5048107761386,128.15907633098138,106.7350865939705,46.31173829377806,483.0019243104554,516.9980756895446,934.2431761786601,393.32905708787683,451.82809493264915,57.47273893521488,97.37010904425914,213.29579904720657,474.66435686444345,687.9601559116501,2225.3807106598983
1064,......1064 Meierskappel,1595,179.3103448275862,669.5924764890282,151.09717868338558,52.66457680250784,57.68025078369906,68.9655172413793,75.23510971786834,90.9090909090909,179.3103448275862,324.13793103448273,82.75862068965517,54.54545454545454,13.793103448275861,504.70219435736675,495.2978056426332,1018.987341772152,457.6802507836991,434.48275862068965,25.705329153605017,82.13166144200628,267.79026217228466,225.65543071161048,493.4456928838951,842.6573426573427
1065,......1065 Root,6064,168.3707124010554,698.7137203166227,132.9155672823219,58.047493403693935,58.87203166226913,51.45118733509234,46.99868073878628,143.96437994722956,251.6490765171504,256.1015831134565,73.7137203166227,42.87598944591029,16.32585751978892,505.93667546174134,494.0633245382586,1024.0320427236315,468.83245382585756,432.38786279683376,29.353562005277045,69.09630606860158,240.97238612225632,190.2289355676186,431.20132168987493,789.4221351616063
1066,......1066 Schwarzenberg,1817,171.71161254815632,638.4149697303247,189.873417721519,56.13648871766648,61.08970831040176,54.48541552008806,55.0357732526142,78.7011557512383,194.82663731425427,309.85140341221796,104.56796917996698,62.19042377545404,23.115024766097964,503.02696752889375,496.97303247110625,1012.1816168327795,441.93725921849204,460.0990643918547,44.02861860209136,53.93505778756192,268.9655172413793,297.4137931034483,566.3793103448276,1105.769230769231
1067,......1067 Udligenswil,2475,162.02020202020202,621.4141414141415,216.56565656565658,44.848484848484844,63.838383838383834,53.333333333333336,50.909090909090914,88.48484848484848,170.9090909090909,311.11111111111114,122.42424242424242,71.51515151515152,22.626262626262626,498.5858585858586,501.4141414141414,994.3593875906527,400.80808080808083,471.5151515151515,38.78787878787879,88.88888888888889,260.72821846553967,348.50455136540967,609.2327698309493,1336.6583541147131
1068,......1068 Vitznau,1476,118.56368563685638,636.8563685636857,244.579945799458,32.520325203252035,48.78048780487805,37.26287262872629,33.87533875338753,99.59349593495935,189.02439024390245,314.3631436314363,124.66124661246613,91.46341463414635,28.455284552845526,516.260162601626,483.739837398374,1067.2268907563025,402.4390243902439,460.02710027100267,48.78048780487805,88.75338753387534,186.17021276595744,384.0425531914894,570.2127659574469,2062.8571428571427
1069,......1069 Weggis,4707,100.488633949437,622.6896112173359,276.82175483322715,32.71722965795624,33.35457828765668,34.41682600382409,44.40195453579775,100.27618440620353,169.74718504355215,308.2642872317825,132.3560654344593,106.64967070320799,37.816018695559805,498.8315275122158,501.1684724877842,995.3370072064433,396.4308476736775,445.29424261737836,57.78627575950711,100.27618440620353,161.3783691572842,444.5581712726032,605.9365404298874,2754.7568710359405
1021,......1021 Aesch (LU),1453,160.35788024776323,654.5079146593256,185.13420509291123,53.68203716448727,50.92911218169305,55.746730901582936,40.605643496214725,95.6641431520991,221.61046111493462,296.6276668960771,102.54645560908465,60.564349621472815,22.02339986235375,512.0440467997247,487.9559532002753,1049.3653032440056,426.7033723331039,441.84445973847215,30.970406056434964,99.79353062629043,245.00525762355414,282.8601472134595,527.8654048370137,1154.5064377682404
1023,......1023 Ballwil,2840,155.28169014084506,651.7605633802816,192.95774647887322,47.88732394366197,53.87323943661971,53.52112676056338,56.690140845070424,112.67605633802818,191.19718309859155,291.19718309859155,111.9718309859155,61.61971830985916,19.36619718309859,507.7464788732394,492.2535211267606,1031.4735336194562,448.59154929577466,439.08450704225356,36.267605633802816,76.05633802816901,238.24959481361427,296.0561858454889,534.3057806591032,1242.6303854875282
1024,......1024 Emmen,32619,152.24255801833286,667.8929458291179,179.86449615254912,49.51102118397253,51.99423648793648,50.73730034642386,49.69496305834023,133.6337717281339,232.90106992856923,251.66314111407462,95.86437352463288,59.903737085747565,24.096385542168676,507.58760231766763,492.41239768233237,1030.8180799402317,455.470737913486,411.32468806523804,44.268677764493084,88.90523927772158,227.94455154686497,269.30138621132835,497.2459377581933,1181.4337494965769
1025,......1025 Ermensee,1044,148.46743295019158,685.823754789272,165.7088122605364,33.524904214559385,50.76628352490421,64.17624521072797,67.04980842911877,102.4904214559387,182.9501915708812,333.3333333333333,99.61685823754789,52.68199233716475,13.409961685823756,536.3984674329502,463.60153256704984,1157.0247933884298,431.03448275862064,448.2758620689655,45.019157088122604,75.67049808429118,216.48044692737432,241.6201117318436,458.1005586592179,1116.1290322580646
1026,......1026 Eschenbach (LU),3779,156.12595924847844,649.3781423657052,194.49589838581636,43.39772426567875,53.98253506218576,58.745699920613916,55.30563641174914,96.58639851812649,180.47102408044458,317.015083355385,98.43874040751521,66.94892828790685,29.108229690394282,496.16300608626625,503.8369939137338,984.7689075630252,430.5371791479227,447.47287642233397,43.39772426567875,78.59222016406457,240.4237978810106,299.5110024449878,539.9348003259984,1245.7627118644068
1030,......1030 Hitzkirch,6086,159.54650016431154,650.5093657574762,189.94413407821227,51.42951035162668,53.565560302333225,54.551429510351625,54.551429510351625,109.76010515938218,196.02366086099244,290.1741702267499,112.38908971409793,58.8235294117647,18.731514952349656,501.1501807426881,498.8498192573119,1004.6113306982871,431.9750246467302,452.6782780151167,38.44889911271771,76.89779822543542,245.26395554432938,291.9929275069462,537.2568830512756,1190.5252317198765
1031,......1031 Hochdorf,10067,163.10718188139467,635.343200556273,201.54961756233237,44.50183768749379,60.296016688189134,58.30932750571173,56.71997615972981,103.90384424356809,200.35760405284594,274.36177610012913,102.31449289758618,65.06407072613489,34.17105393861131,502.334359789411,497.66564021058906,1009.38123752495,449.78643091288365,438.85964040925796,38.93910797655707,72.41482070130128,256.7229518449031,317.22951844903065,573.9524702939337,1235.688185140073
1032,......1032 Hohenrain,2462,162.0633631194151,639.3176279447604,198.61900893582455,42.64825345247766,53.208773354995934,66.2063363119415,60.92607636068237,101.54346060113728,175.8732737611698,300.97481722177093,120.22745735174655,62.14459788789602,16.246953696181965,516.246953696182,483.75304630381805,1067.1704450041982,431.35662063363117,471.5678310316815,32.90008123476848,64.17546709991876,253.49428208386277,310.67344345616266,564.1677255400253,1225.5639097744363
1033,......1033 Inwil,2924,181.25854993160053,665.8686730506156,152.87277701778385,59.50752393980848,66.00547195622434,55.74555403556772,53.00957592339262,107.04514363885089,220.93023255813955,284.8837209302326,85.84131326949385,48.90560875512996,18.125854993160054,504.4459644322845,495.55403556771546,1017.943409247757,463.406292749658,430.9165526675787,37.96169630642955,67.71545827633379,272.2136620441705,229.5839753466872,501.7976373908577,843.3962264150944
1037,......1037 Rain,3314,190.70609535304766,657.8153289076645,151.47857573928786,62.764031382015695,66.08328304164152,61.85878092939046,55.82377791188896,103.19855159927579,205.49185274592637,293.30114665057334,87.80929390464695,48.88352444176222,14.785757392878697,501.8105009052505,498.1894990947495,1007.2683222289522,458.3584791792396,443.27097163548586,35.00301750150875,63.36753168376584,289.908256880734,230.27522935779817,520.183486238532,794.3037974683544
1039,......1039 Römerswil,1788,179.53020134228186,659.9552572706934,160.51454138702462,55.369127516778526,62.080536912751676,62.080536912751676,57.04697986577181,99.55257270693512,190.15659955257271,313.19910514541385,95.07829977628636,50.335570469798654,15.100671140939598,494.40715883668906,505.59284116331094,977.8761061946902,444.6308724832215,449.66442953020135,35.79418344519016,69.91051454138703,272.03389830508473,243.22033898305085,515.2542372881355,894.0809968847352
1040,......1040 Rothenburg,7863,154.39399720208573,635.5080757980414,210.0979269998728,44.00356098181356,58.374666157954984,52.01577006231718,57.7387765483912,98.18135571664759,188.7320361185298,290.8559074144729,110.89914790792318,73.63601678748569,25.562762304463945,497.77438636652676,502.2256136334732,991.1369967080274,423.24812412565177,462.2917461528679,43.367671372249774,71.09245834923057,242.94576746047628,330.59835901540924,573.5441264758855,1360.7907742998352
1041,......1041 Schongau,1069,166.510757717493,661.3657623947614,172.12347988774556,40.224508886810106,50.514499532273156,75.77174929840973,60.804490177736206,94.48082319925163,164.6398503274088,341.4405986903648,100.09354536950421,57.062675397567816,14.967259120673527,515.4349859681946,484.5650140318054,1063.7065637065637,464.9204864359214,423.7605238540692,36.482694106641716,74.83629560336763,251.76803394625173,260.25459688826027,512.022630834512,1033.7078651685395
1081,......1081 Beromünster,6830,172.32796486090777,659.1508052708638,168.5212298682284,49.194729136163986,56.80819912152269,66.3250366032211,60.17569546120058,118.15519765739386,197.8038067349927,283.0161054172767,87.99414348462665,54.758418740849194,25.76866764275256,504.3923865300146,495.6076134699854,1017.725258493353,464.8609077598829,425.32942898975114,42.60614934114202,67.20351390922401,261.43936028431807,255.66414926699244,517.1035095513106,977.909940526763
1082,......1082 Büron,2768,149.5664739884393,701.5895953757225,148.84393063583815,52.02312138728324,45.52023121387283,52.02312138728324,58.164739884393065,126.08381502890172,209.1763005780347,308.1647398843931,89.95664739884393,41.907514450867055,16.979768786127167,518.0635838150289,481.93641618497105,1074.9625187406298,434.971098265896,449.0606936416185,40.10115606936416,75.5057803468208,213.18228630278062,212.1524201853759,425.33470648815654,995.1690821256038
1083,......1083 Buttisholz,3486,171.2564543889845,660.0688468158348,168.67469879518072,55.651176133103846,55.36431440045897,60.24096385542169,74.29718875502007,111.01549053356283,188.75502008032126,286.00114744693053,91.79575444635687,53.64314400458979,23.23580034423408,518.0722891566265,481.9277108433735,1075.0,471.0269650028686,440.0458978772232,36.144578313253014,52.782558806655196,259.4524119947849,255.54106910039116,514.9934810951761,984.9246231155779
1084,......1084 Eich,1750,130.85714285714286,641.7142857142857,227.42857142857142,44.0,41.14285714285714,45.714285714285715,46.285714285714285,88.57142857142857,182.85714285714286,324.0,130.85714285714286,73.14285714285715,23.428571428571427,502.8571428571429,497.14285714285717,1011.4942528735634,444.0,430.2857142857143,43.42857142857143,82.28571428571428,203.91807658058772,354.40783615316116,558.3259127337489,1737.9912663755458
1085,......1085 Geuensee,2941,181.23087385243113,651.4790887453247,167.29003740224414,45.90275416524992,60.863651819109144,74.46446786807208,54.403264195851754,106.76640598435907,200.27201632097928,290.0374022441347,102.68616116967019,52.70316218973138,11.900714042842571,503.57021421285276,496.42978578714724,1014.3835616438357,436.2461747704862,455.28731723903434,30.941856511390682,77.52465147908875,278.18371607515655,256.7849686847599,534.9686847599165,923.0769230769231
1086,......1086 Grosswangen,3524,181.32803632236093,657.2077185017025,161.46424517593644,55.33484676503973,60.44267877412032,65.55051078320092,61.01021566401816,119.75028376844494,208.00227014755959,268.4449489216799,90.80590238365494,51.64585698070375,19.01248581157775,507.9455164585698,492.05448354143016,1032.2952710495963,471.05561861521,433.8819523269012,35.187287173666284,59.87514188422247,275.90673575129534,245.68221070811742,521.5889464594128,890.4538341158059
1088,......1088 Hildisrieden,2502,175.0599520383693,606.7146282973621,218.2254196642686,49.96003197442046,66.74660271782575,58.353317346123106,41.56674660271783,92.72581934452438,191.04716227018383,281.374900079936,118.70503597122303,73.94084732214229,25.579536370903277,498.80095923261393,501.19904076738607,995.2153110047847,418.06554756195044,473.22142286171066,42.76578737010392,65.94724220623502,288.5375494071146,359.6837944664031,648.2213438735179,1246.5753424657535
1089,......1089 Knutwil,2516,165.34181240063592,675.2782193958664,159.3799682034976,51.669316375198726,54.45151033386327,59.22098569157393,60.01589825119237,120.42925278219397,206.6772655007949,288.15580286168523,93.00476947535772,46.50238473767886,19.87281399046105,503.577106518283,496.42289348171704,1014.4115292233786,469.39586645469,423.6883942766296,36.56597774244833,70.34976152623211,244.8499117127722,236.02118893466744,480.8711006474397,963.9423076923077
1091,......1091 Mauensee,1510,164.9006622516556,667.5496688741722,167.5496688741722,59.602649006622514,51.65562913907284,53.64238410596026,38.41059602649007,85.43046357615894,219.86754966887418,323.841059602649,101.98675496688742,52.980132450331126,12.582781456953644,512.5827814569537,487.4172185430464,1051.6304347826087,443.7086092715232,444.3708609271523,37.74834437086093,74.17218543046359,247.02380952380955,250.9920634920635,498.015873015873,1016.0642570281125
1093,......1093 Neuenkirch,7229,158.5281505049108,661.2256190344445,180.24623046064463,46.89445289804952,53.39604371282336,58.2376538940379,57.545995296721536,119.65693733573109,196.84603679623737,287.1766496057546,106.51542398672015,55.47101950477244,18.259786969152024,505.6024346382626,494.39756536173746,1022.6636821488528,456.7713376677272,434.2232673952137,37.62622769401024,71.37916724304883,239.74895397489541,272.59414225941424,512.3430962343097,1136.9982547993018
1094,......1094 Nottwil,4120,174.02912621359224,667.2330097087379,158.7378640776699,56.310679611650485,58.009708737864074,59.70873786407767,58.25242718446602,103.39805825242719,206.06796116504856,299.5145631067961,85.92233009708738,56.067961165048544,16.747572815533978,499.5145631067961,500.4854368932039,998.0601357904947,465.2912621359223,429.368932038835,35.922330097087375,69.41747572815534,260.8221171335031,237.90469261549654,498.72680974899964,912.1338912133891
1095,......1095 Oberkirch,5106,175.08813160987074,662.3580101840971,162.55385820603212,59.14610262436349,59.92949471210341,56.01253427340384,53.074813944379166,109.087348217783,240.50137093615353,259.69447708578144,91.06933019976499,54.83744614179397,16.64708186447317,500.7833920877399,499.2166079122601,1003.1384856806591,482.76537406972193,424.20681551116337,32.510771641206425,60.51703877790835,264.3406268480189,245.41691306918983,509.75753991720876,928.4116331096197
1097,......1097 Rickenbach (LU),3884,178.16683831101957,657.826982492276,164.00617919670444,49.94850669412976,70.03089598352214,58.18743563336766,50.9783728115345,123.5839340885685,219.10401647785787,264.16065911431514,90.37075180226572,47.88877445932029,25.746652935118437,504.11946446961895,495.88053553038105,1016.6147455867083,460.3501544799176,424.562306900103,40.679711637487124,74.40782698249228,270.8414872798434,249.31506849315068,520.1565557729941,920.5202312138729
1098,......1098 Ruswil,7541,163.2409494761968,653.0964063121602,183.66264421164303,51.84988728285373,56.22596472616364,55.165097467179415,58.082482429386026,111.125845378597,198.5147858374221,285.3732926667551,103.43455775096142,57.15422357777483,23.073862882906777,510.2771515714096,489.7228484285904,1041.97129704847,459.75334836228615,435.4860098130222,38.45643813817796,66.30420368651373,249.9492385786802,281.2182741116751,531.1675126903554,1125.101543460601
1099,......1099 Schenkon,3117,165.86461341033046,660.5710619185113,173.56432467115818,52.29387231312159,61.27686878408726,52.29387231312159,51.331408405518125,87.26339428938081,211.42123837022777,310.55502085338463,99.13378248315688,61.27686878408726,13.15367340391402,501.7645171639397,498.2354828360603,1007.0830650354152,459.41610522938726,425.40904716073146,33.68623676612127,81.48861084376003,251.0927634774162,262.7489072365226,513.8416707139388,1046.42166344294
1100,......1100 Schlierbach,1008,192.46031746031747,658.7301587301587,148.8095238095238,52.57936507936508,67.46031746031746,72.42063492063492,64.48412698412699,94.24603174603175,214.28571428571428,285.7142857142857,90.27777777777777,42.65873015873016,15.873015873015872,520.8333333333334,479.1666666666667,1086.9565217391303,473.2142857142857,441.468253968254,24.8015873015873,60.51587301587302,292.1686746987952,225.90361445783134,518.0722891566265,773.1958762886599
1102,......1102 Sempach,4380,158.21917808219177,640.6392694063927,201.1415525114155,47.03196347031963,50.68493150684932,60.502283105022826,67.35159817351598,105.25114155251141,192.92237442922374,275.1141552511416,109.3607305936073,69.40639269406392,22.374429223744293,488.81278538812785,511.1872146118721,956.2304600267977,452.05479452054794,432.648401826484,43.60730593607306,71.68949771689498,246.97077690662866,313.97006414825375,560.9408410548824,1271.2842712842714
1103,......1103 Sursee,11029,149.33357512013782,660.2593163478103,190.40710853205186,52.58862997551909,49.59651827001541,47.148426874603324,42.88693444555263,134.10100643757366,243.35841871429867,239.91295675038535,96.74494514461873,67.27717834799165,26.384985039441474,492.7010608396047,507.2989391603954,971.224307417337,495.2398222866987,389.7905521806148,42.07090398041527,72.71738144890742,226.17412798681679,288.3823125514968,514.5564405383136,1275.0455373406194
1104,......1104 Triengen,4923,173.26833231769245,657.9321551899249,168.7995124923827,58.09465772902701,58.50091407678245,56.672760511883,52.00081251269551,119.84562258785293,208.40950639853747,277.67621369083895,95.26711354864919,52.203940686573226,21.328458257160268,513.7111517367458,486.2888482632541,1056.390977443609,455.61649400771887,433.27239488117004,49.76640260004062,61.34470851107048,263.3528866934239,256.56066687249154,519.9135535659154,974.2086752637748
1121,......1121 Alberswil,735,163.26530612244898,706.1224489795918,130.6122448979592,50.34013605442177,48.97959183673469,63.945578231292515,38.0952380952381,134.69387755102042,238.09523809523807,295.23809523809524,77.55102040816327,40.816326530612244,12.244897959183673,500.6802721088436,499.31972789115645,1002.7247956403269,453.0612244897959,451.70068027210885,29.931972789115644,65.3061224489796,231.21387283236993,184.97109826589593,416.1849710982659,800.0
1122,......1122 Altbüron,1014,154.83234714003947,673.5700197238659,171.59763313609466,55.226824457593686,40.433925049309664,59.171597633136095,62.1301775147929,108.48126232741618,190.3353057199211,312.6232741617357,88.75739644970413,68.04733727810651,14.792899408284024,492.1104536489152,507.88954635108485,968.9320388349515,436.8836291913215,454.6351084812623,48.323471400394475,60.1577909270217,229.86822840409957,254.7584187408492,484.6266471449487,1108.28025477707
1123,......1123 Altishofen,2057,172.58142926592123,692.2702965483714,135.14827418570735,48.61448711716091,57.85123966942149,66.11570247933885,64.1711229946524,118.13320369470102,232.37724842002916,277.58872143898884,70.97715119105494,47.6421973748177,16.528925619834713,516.2858531842489,483.71414681575106,1067.3366834170854,481.283422459893,428.77977637335925,31.113271754982982,58.8235294117647,249.29775280898878,195.2247191011236,444.52247191011236,783.0985915492957
1125,......1125 Dagmersellen,6004,173.217854763491,664.890073284477,161.89207195203198,58.127914723517655,59.62691538974018,55.46302465023318,49.13391072618255,114.92338441039307,235.34310459693538,265.489673550966,87.77481678880746,52.964690206528985,21.15256495669554,517.4883411059293,482.5116588940706,1072.4887814981014,460.5263157894737,429.3804130579614,40.972684876748836,69.12058627581612,260.5210420841683,243.4869739478958,504.0080160320641,934.6153846153846
1127,......1127 Egolzwil,1664,164.66346153846155,679.6875,155.64903846153845,51.68269230769231,55.28846153846153,57.69230769230769,46.27403846153847,100.96153846153847,207.33173076923077,325.12019230769226,99.15865384615384,48.07692307692308,8.413461538461538,512.0192307692307,487.9807692307692,1049.2610837438424,441.1057692307692,437.5,25.841346153846153,95.55288461538461,242.263483642794,229.00088417329798,471.2643678160919,945.2554744525547
1128,......1128 Ettiswil,2904,174.24242424242425,659.090909090909,166.66666666666666,45.11019283746556,66.46005509641874,62.67217630853994,61.294765840220386,102.96143250688705,207.64462809917356,287.1900826446281,95.38567493112949,51.997245179063356,19.28374655647383,498.27823691460054,501.7217630853994,993.136582017845,465.9090909090909,425.6198347107438,42.69972451790634,65.77134986225896,264.367816091954,252.87356321839084,517.2413793103449,956.5217391304349
1129,......1129 Fischbach,724,139.50276243093924,686.4640883977901,174.0331491712707,37.29281767955801,38.67403314917127,63.53591160220995,59.392265193370164,128.45303867403317,180.939226519337,317.6795580110497,85.6353591160221,59.392265193370164,29.005524861878452,524.8618784530387,475.1381215469613,1104.6511627906975,453.03867403314916,418.50828729281767,41.43646408839779,87.01657458563535,203.21931589537223,253.52112676056336,456.7404426559356,1247.5247524752476
1131,......1131 Grossdietwil,920,122.82608695652173,693.4782608695652,183.69565217391303,45.65217391304348,31.52173913043478,45.65217391304348,55.43478260869565,126.08695652173913,185.8695652173913,326.0869565217391,105.43478260869566,53.26086956521739,25.0,508.695652173913,491.30434782608694,1035.3982300884957,422.82608695652175,475.0,48.913043478260875,53.26086956521739,177.11598746081506,264.8902821316614,442.0062695924765,1495.5752212389382
1132,......1132 Hergiswil bei Willisau,1944,171.81069958847735,623.4567901234568,204.73251028806587,48.86831275720164,60.699588477366255,62.242798353909464,59.15637860082305,104.93827160493827,186.21399176954733,273.14814814814815,112.13991769547326,63.78600823045267,28.80658436213992,515.9465020576132,484.05349794238685,1065.8873538788523,442.38683127572017,456.79012345679007,52.46913580246913,48.35390946502058,275.57755775577556,328.38283828382833,603.9603960396039,1191.6167664670659
1135,......1135 Luthern,1240,156.45161290322582,637.9032258064517,205.6451612903226,41.12903225806452,55.645161290322584,59.67741935483871,59.67741935483871,112.09677419354838,175.80645161290323,290.32258064516134,100.80645161290322,76.61290322580645,28.225806451612904,515.3225806451613,484.6774193548387,1063.2279534109816,460.48387096774195,437.09677419354836,48.387096774193544,54.03225806451613,245.25916561314793,322.37673830594184,567.6359039190899,1314.4329896907216
1136,......1136 Menznau,3149,169.26008256589392,653.2232454747539,177.51667195935218,50.80978088281994,56.208320101619556,62.241981581454425,60.01905366783106,117.18005716100349,187.9961892664338,288.0279453794856,94.63321689425214,59.3839314067958,23.499523658304224,529.3744045728803,470.6255954271197,1124.8313090418353,460.1460781200381,433.7885042870753,48.904414099714195,57.16100349317244,259.1152163344677,271.7549829849295,530.8701993193972,1048.780487804878
1137,......1137 Nebikon,2941,167.63005780346822,669.5001700102006,162.86977218633118,50.66303978238694,52.70316218973138,64.26385583134989,54.74328459707582,116.62699761985719,226.11356681400883,272.01632097925875,102.3461407684461,45.56273376402584,14.96089765385923,512.7507650459028,487.24923495409723,1052.337752965806,444.0666439986399,457.66746004760284,43.18259095545732,55.0833049982999,250.38090401218892,243.27069578466225,493.6515997968512,971.6024340770791
1139,......1139 Pfaffnau,2777,170.68779258192293,649.9819949585884,179.33021245948865,57.25603168887288,57.976233345336695,55.45552754771336,42.49189773136478,107.31004681310768,229.38422758372346,270.7958228303925,106.58984515664386,56.175729204177166,16.564638098667626,510.9830752610731,489.0169247389269,1044.918998527246,457.68815268275114,432.4810947065178,37.09038530788621,72.74036730284479,262.6038781163435,275.90027700831024,538.5041551246537,1050.632911392405
1140,......1140 Reiden,7674,156.89340630701068,661.7148814177743,181.391712275215,51.34219442272609,55.51211884284597,50.039093041438626,49.90878290330988,116.75788376335679,220.35444357571018,274.69377117539744,92.3898879332812,62.418556163669535,26.58326817826427,518.8949700286682,481.10502997133176,1078.5482123510292,439.2754756320042,446.1819129528277,43.91451654938754,70.62809486578055,237.10122095313116,274.12367073651046,511.2248916896416,1156.1461794019933
1142,......1142 Roggliswil,791,166.87737041719342,685.2085967130215,147.91403286978507,60.6826801517067,59.41845764854614,46.77623261694058,45.51201011378003,126.42225031605561,216.18204804045513,297.0922882427307,84.70290771175728,39.19089759797725,24.02022756005057,477.8761061946903,522.1238938053098,915.2542372881356,474.0834386852086,422.2503160556258,44.24778761061947,59.41845764854614,243.54243542435424,215.8671586715867,459.409594095941,886.3636363636364
1143,......1143 Schötz,4964,185.73730862207896,675.6647864625303,138.5979049153908,57.2119258662369,60.23368251410153,68.29170024174053,57.01047542304593,119.4601128122482,228.8477034649476,270.3464947622885,78.76712328767123,44.3190975020145,15.511684125705075,505.23771152296536,494.76228847703464,1021.1726384364821,469.5809830781628,420.62852538275587,35.05237711522965,74.73811442385173,274.89564698867025,205.1282051282051,480.0238521168754,746.2039045553145
1145,......1145 Ufhusen,919,149.07508161044615,662.6768226332971,188.24809575625682,36.996735582154514,56.58324265505985,55.49510337323178,55.49510337323178,117.51904243743199,187.15995647442872,302.5027203482046,88.139281828074,71.81719260065289,28.291621327529924,522.3068552774755,477.6931447225245,1093.394077448747,441.78454842219804,451.5778019586507,50.054406964091406,56.58324265505985,224.95894909688013,284.072249589491,509.03119868637117,1262.773722627737
1146,......1146 Wauwil,2660,163.53383458646616,664.2857142857142,172.18045112781954,59.3984962406015,52.63157894736842,51.503759398496236,47.744360902255636,106.76691729323308,227.81954887218046,281.95488721804514,107.14285714285714,52.255639097744364,12.781954887218046,494.36090225563913,505.63909774436087,977.6951672862454,435.3383458646616,457.89473684210526,30.827067669172934,75.5639097744361,246.17996604414262,259.1963780418789,505.3763440860215,1052.8735632183907
1147,......1147 Wikon,1503,162.34198270126413,643.3799068529607,194.27811044577513,39.920159680638726,64.53759148369927,57.88423153692615,60.54557551563539,83.8323353293413,183.6327345309381,315.36926147704594,111.1111111111111,61.210911510312705,21.956087824351297,502.9940119760479,497.00598802395206,1012.0481927710842,456.42049234863606,404.5242847638057,59.21490352628078,79.84031936127745,252.32678386763186,301.96483971044466,554.2916235780765,1196.7213114754097
1150,......1150 Zell (LU),2205,156.00907029478458,650.7936507936508,193.19727891156464,53.06122448979592,48.52607709750567,54.42176870748299,53.96825396825397,128.79818594104307,194.55782312925172,273.46938775510205,100.22675736961452,65.3061224489796,27.664399092970523,507.02947845804994,492.97052154195006,1028.5188592456302,457.5963718820862,423.1292517006803,53.06122448979592,65.75963718820861,239.7212543554007,296.86411149825784,536.5853658536586,1238.3720930232557
1151,......1151 Willisau,9242,161.76152347976628,624.8647478900671,213.37372863016662,45.98571737719109,53.343432157541656,62.43237394503355,54.75005410084397,106.90326769097598,185.78229820385198,277.42912789439515,108.30988963427829,74.76736637091538,30.29647262497295,508.43973165981396,491.5602683401861,1034.3385428131191,453.5814758710236,432.2657433455962,51.82860852629301,62.32417225708721,258.87445887445887,341.4718614718615,600.3463203463203,1319.0635451505018
1001,......1001 Doppleschwand,824,174.75728155339806,651.6990291262135,173.54368932038835,49.75728155339806,64.32038834951456,60.67961165048544,53.398058252427184,129.85436893203882,200.24271844660194,268.20388349514565,88.59223300970874,64.32038834951456,20.63106796116505,510.9223300970874,489.07766990291265,1044.6650124069479,474.5145631067961,455.0970873786408,37.62135922330097,32.76699029126213,268.1564245810056,266.29422718808195,534.4506517690876,993.0555555555555
1002,......1002 Entlebuch,3422,164.23144360023377,646.1133839859731,189.65517241379308,50.26300409117475,57.27644652250146,56.691992986557565,52.01636469900643,120.6896551724138,199.5908825248393,273.8164815897136,99.64932787843367,60.490940970192874,29.51490356516657,503.79894798363534,496.2010520163647,1015.3121319199058,469.0239625949737,430.74225599064874,52.893045002922264,47.34073641145529,254.18362731795568,293.5323383084577,547.7159656264133,1154.8042704626334
1004,......1004 Flühli,1858,138.32077502691064,636.7061356297094,224.97308934337997,33.36921420882669,56.512378902045214,48.43918191603875,66.20021528525297,141.01184068891283,165.76964477933262,263.724434876211,117.33046286329386,81.80839612486544,25.83423035522067,533.907427341227,466.09257265877284,1145.4965357967667,466.09257265877284,416.03875134553283,57.050592034445636,60.818083961248654,217.2442941673711,353.3389687235841,570.5832628909552,1626.4591439688716
1005,......1005 Hasle (LU),1842,169.38110749185668,647.1226927252985,183.49619978284474,59.71769815418024,65.14657980456026,44.51682953311618,56.46036916395222,115.09229098805646,190.01085776330075,285.55917480998914,86.31921824104234,64.06080347448426,33.11617806731813,515.743756786102,484.2562432138979,1065.0224215246637,459.8262757871878,440.28230184581975,59.17480998914223,40.71661237785016,261.74496644295306,283.5570469798658,545.3020134228188,1083.3333333333333
1007,......1007 Romoos,661,190.62027231467474,590.0151285930408,219.36459909228444,72.61724659606656,59.001512859304086,59.001512859304086,52.9500756429652,99.84871406959154,193.6459909228442,243.57034795763994,139.18305597579425,54.46293494704992,25.718608169440245,509.83358547655064,490.16641452344936,1040.1234567901233,468.9863842662632,440.2420574886536,54.46293494704992,36.30862329803328,323.0769230769231,371.7948717948718,694.8717948717948,1150.7936507936506
1008,......1008 Schüpfheim,4281,168.65218406914272,618.7806587245971,212.56715720626022,45.55010511562719,57.696799813127775,65.40527914038775,53.25858444288718,118.89745386591919,178.69656622284512,267.9280541929456,108.61948142957253,71.01144592384958,32.936229852838125,494.27703807521607,505.72296192478393,977.3672055427252,463.9103013314646,427.7038075216071,56.528848399906565,51.85704274702172,272.55568138920347,343.52585881464705,616.0815402038505,1260.387811634349
1009,......1009 Werthenstein,2181,179.73406694176984,660.7060981201283,159.55983493810177,59.60568546538285,60.06419073819349,60.06419073819349,58.688674919761574,105.45621274644658,215.49747822099954,281.0637322329207,91.24254928931683,49.060064190738196,19.257221458046768,514.4429160935351,485.5570839064649,1059.4900849858357,476.3869784502522,419.53232462173315,39.43145346171481,64.64924346629986,272.03331020124915,241.49895905621096,513.5322692574601,887.7551020408163
1010,......1010 Escholzmatt-Marbach,4559,151.78767273524895,621.1888572055275,227.0234700592235,50.88835270892739,52.643123491993855,48.2561965343277,51.546391752577314,106.16363237552095,183.37354683044526,280.105286246984,124.5887255977188,71.50690940995833,30.927835051546392,513.2704540469401,486.72954595305987,1054.5290671473638,434.74446150471596,448.12458872559773,58.56547488484317,58.56547488484317,244.3502824858757,365.46610169491527,609.816384180791,1495.664739884393
1107,......1107 Wolhusen,4747,163.47166631556772,662.5236991784285,174.00463450600378,49.29429113124078,58.77396250263324,55.4034126816937,57.72066568358964,134.40067410996417,201.39035180113757,269.0120075837371,98.58858226248157,51.400884769327995,24.01516747419423,517.1687381504107,482.83126184958917,1071.1169284467715,459.44807246682115,442.59532336212345,41.49989467031809,56.035390773119865,246.74085850556438,262.63910969793324,509.37996820349764,1064.4329896907216
1201,......1201 Altdorf (UR),10459,135.86384931637824,643.1781241036429,220.95802657997896,45.12859738024668,43.311980112821495,47.42327182331007,51.821397839181564,125.63342575772063,207.57242566210917,258.1508748446314,112.91710488574432,76.87159384262358,31.16932785161105,494.88478822067117,505.11521177932883,979.7463562369866,455.492876948083,418.3000286834305,52.01262070943685,74.19447365904962,211.2382934443288,343.54095436301475,554.7792478073436,1626.3194933145674
1202,......1202 Andermatt,1578,110.8998732572877,657.1609632446135,231.93916349809888,51.330798479087456,29.15082382762991,30.418250950570343,26.61596958174905,126.10899873257286,218.63117870722434,285.8048162230672,128.64385297845374,75.41191381495564,27.88339670468948,536.7553865652726,463.2446134347275,1158.686730506156,448.66920152091257,422.6869455006337,45.627376425855516,83.01647655259822,168.7560270009643,352.94117647058823,521.6972034715526,2091.4285714285716
1203,......1203 Attinghausen,1787,172.91550083939563,650.811415780638,176.2730833799664,50.923335198656964,62.115277000559594,59.876888640179075,59.31729155008394,115.2770005595971,185.78623391158368,290.43088975937326,95.69110240626749,59.876888640179075,20.705092333519865,520.9848908785675,479.0151091214326,1087.6168224299065,448.79686625629546,459.42921096810295,37.49300503637381,54.28091773922775,265.69217540842646,270.8512467755804,536.5434221840069,1019.4174757281553
1205,......1205 Bürglen (UR),3901,149.96154832094336,632.4019482184056,217.6365034606511,51.26890540886952,51.52524993591387,47.16739297615996,50.24352730069213,120.48192771084338,178.9284798769546,282.7480133299154,114.84234811586772,71.77646757241733,31.01768777236606,501.9225839528326,498.0774160471674,1007.7200205867216,430.40246090745967,467.57241732889,54.34503973340169,47.42373750320431,237.1301175516822,344.1426834211593,581.2728009728415,1451.2820512820513
1206,......1206 Erstfeld,3961,156.77859126483213,609.4420600858369,233.77934864933098,57.05629891441555,52.0070689219894,47.715223428427166,54.02676091895986,100.98459984852309,187.32643271901034,267.1042665993436,110.8305983337541,82.80737187578895,40.141378439787935,515.2739207270891,484.7260792729109,1063.0208333333333,412.26962888159557,456.7028528149457,63.62029790456955,67.40722039888918,257.2493786246893,383.5956917978459,640.8450704225353,1491.1433172302736
1207,......1207 Flüelen,2071,122.16320618058909,651.3761467889908,226.4606470304201,44.90584258812168,32.83437952679865,44.422984065668764,55.52873008208595,119.74891356832448,182.03766296475132,294.06084017382904,120.2317720907774,79.67165620473202,26.55721873491067,521.004345726702,478.99565427329793,1087.7016129032259,440.3669724770642,435.0555287300821,49.25156929019797,74.84307098020281,187.54633061527056,347.66493699036323,535.2112676056338,1853.7549407114625
1208,......1208 Göschenen,458,87.33624454148472,622.2707423580786,290.3930131004367,37.11790393013101,37.11790393013101,13.100436681222707,34.93449781659388,113.53711790393014,170.3056768558952,303.49344978165936,150.65502183406113,89.51965065502183,50.21834061135371,550.2183406113537,449.7816593886463,1223.3009708737864,417.0305676855895,473.7991266375546,56.76855895196507,52.40174672489083,140.35087719298244,466.6666666666667,607.0175438596491,3325.0
1209,......1209 Gurtnellen,487,65.70841889117044,636.5503080082135,297.74127310061607,18.480492813141684,12.320328542094456,34.907597535934286,53.38809034907597,100.61601642710473,98.56262833675565,383.9835728952772,154.0041067761807,110.88295687885011,32.85420944558522,544.1478439425051,455.8521560574948,1193.6936936936936,394.2505133470226,474.33264887063655,65.70841889117044,65.70841889117044,103.2258064516129,467.7419354838709,570.9677419354838,4531.25
1210,......1210 Hospental,180,100.0,688.8888888888889,211.11111111111111,16.666666666666668,33.333333333333336,50.0,16.666666666666668,138.88888888888889,205.55555555555554,327.77777777777777,83.33333333333333,94.44444444444444,33.333333333333336,555.5555555555555,444.4444444444444,1250.0,461.11111111111114,388.8888888888889,77.77777777777779,72.22222222222221,145.16129032258067,306.4516129032258,451.61290322580646,2111.1111111111113
1211,......1211 Isenthal,459,172.11328976034858,612.2004357298475,215.68627450980392,61.00217864923747,63.18082788671024,47.93028322440087,50.108932461873636,135.07625272331157,172.11328976034858,254.9019607843137,108.93246187363835,82.78867102396515,23.965141612200433,507.62527233115475,492.3747276688453,1030.9734513274336,444.4444444444444,488.0174291938998,43.57298474945534,23.965141612200433,281.1387900355872,352.31316725978644,633.4519572953736,1253.1645569620252
1212,......1212 Realp,149,93.95973154362416,597.3154362416108,308.7248322147651,33.557046979865774,26.845637583892618,33.557046979865774,20.13422818791946,73.8255033557047,174.49664429530202,328.8590604026846,208.05369127516778,80.53691275167785,20.13422818791946,563.7583892617449,436.241610738255,1292.3076923076924,389.26174496644296,496.6442953020134,60.40268456375839,53.691275167785236,157.30337078651684,516.8539325842697,674.1573033707865,3285.714285714286
1213,......1213 Schattdorf,5501,156.5169969096528,607.1623341210689,236.3206689692783,46.35520814397382,55.44446464279222,54.717324122886744,53.62661334302854,94.52826758771133,179.42192328667514,279.5855299036539,123.97745864388293,87.62043264860934,24.722777676786038,513.361207053263,486.63879294673694,1054.912215166231,406.6533357571351,494.09198327576803,49.26377022359571,49.99091074350118,257.78443113772454,389.2215568862276,647.0059880239521,1509.8722415795587
1214,......1214 Seedorf (UR),2058,175.89893100097183,623.4207968901846,200.68027210884352,40.330417881438294,60.25267249757046,75.31584062196308,74.82993197278911,86.97764820213798,179.78620019436346,281.8270165208941,112.24489795918367,68.99902818270165,19.43634596695821,498.05636540330414,501.9436345966958,992.2555663117134,418.85325558794943,484.4509232264334,41.3022351797862,55.393586005830905,282.1512081060016,321.90179267342165,604.0530007794232,1140.8839779005525
1215,......1215 Seelisberg,736,100.54347826086956,582.8804347826086,316.57608695652175,25.815217391304348,36.684782608695656,38.04347826086957,39.40217391304348,55.70652173913043,144.02173913043478,343.75,195.6521739130435,101.90217391304347,19.021739130434785,516.3043478260869,483.695652173913,1067.4157303370787,379.07608695652175,459.23913043478257,62.5,99.18478260869564,172.4941724941725,543.1235431235432,715.6177156177156,3148.6486486486488
1216,......1216 Silenen,2037,139.42071674030439,630.338733431517,230.24054982817867,54.00098183603338,50.07363770250368,35.34609720176731,48.10996563573883,104.56553755522827,190.96710849288166,286.69612174766814,128.6205203730977,78.0559646539028,23.5640648011782,516.4457535591557,483.5542464408444,1068.020304568528,408.4437898870888,485.027000490918,54.982817869415804,51.546391752577314,221.18380062305295,365.26479750778816,586.4485981308411,1651.4084507042253
1217,......1217 Sisikon,395,124.0506329113924,716.4556962025317,159.49367088607593,48.10126582278481,43.037974683544306,32.911392405063296,43.037974683544306,113.92405063291139,268.3544303797468,291.1392405063291,93.67088607594937,48.10126582278481,17.721518987341774,541.7721518987341,458.2278481012658,1182.3204419889503,465.82278481012656,379.746835443038,43.037974683544306,108.86075949367088,173.14487632508835,222.61484098939928,395.7597173144876,1285.7142857142858
1218,......1218 Spiringen,881,166.85584562996596,617.4801362088535,215.66401816118048,68.1044267877412,57.88876276958002,40.86265607264472,46.53802497162315,138.4790011350738,158.91032917139614,273.5527809307605,113.50737797956867,79.45516458569807,22.701475595913735,518.7287173666289,481.27128263337113,1077.830188679245,437.0034052213394,499.43246311010216,36.322360953461974,27.24177071509648,270.2205882352941,349.2647058823529,619.4852941176471,1292.5170068027212
1219,......1219 Unterschächen,746,198.39142091152814,597.8552278820375,203.7533512064343,71.04557640750672,65.68364611260054,61.66219839142091,49.597855227882036,113.94101876675605,203.7533512064343,230.56300268096513,109.9195710455764,76.40750670241286,17.426273458445042,514.745308310992,485.25469168900804,1060.7734806629833,463.80697050938335,465.1474530831099,48.257372654155496,22.78820375335121,331.83856502242156,340.80717488789236,672.645739910314,1027.0270270270269
1220,......1220 Wassen,431,132.2505800464037,626.4501160092807,241.29930394431554,37.12296983758701,32.48259860788863,62.64501160092807,51.04408352668213,116.0092807424594,174.0139211136891,285.3828306264501,99.76798143851508,88.16705336426914,53.364269141531324,533.6426914153132,466.3573085846868,1144.278606965174,438.5150812064965,424.59396751740144,62.64501160092807,74.24593967517401,211.11111111111111,385.18518518518516,596.2962962962963,1824.5614035087717
1301,......1301 Einsiedeln,16532,139.12412291313817,651.8267602225985,209.04911686426325,44.39874183401887,48.9958867650617,45.72949431405759,55.16573917251391,105.85531091217034,193.44301959835468,297.36269053955965,113.59787079603194,71.0742801838858,24.37696588434551,500.60488749092667,499.39511250907333,1002.4224806201549,448.1611420275829,418.8845874667312,44.45923058311154,88.43455117348172,213.43726800296955,320.7126948775056,534.1499628804751,1502.6086956521738
1311,......1311 Gersau,2462,110.47928513403735,637.6929325751421,251.82778229082047,35.743298131600326,33.306255077173034,41.429731925264015,39.80503655564581,84.48415922014622,186.83996750609262,326.5637692932575,146.2225832656377,80.01624695369618,25.588952071486595,518.6839967506093,481.31600324939075,1077.6371308016876,390.73923639317627,445.5727051177904,49.553208773354996,113.72867587327376,173.24840764331208,394.90445859872614,568.1528662420382,2279.4117647058824
1321,......1321 Feusisberg,5600,129.28571428571428,676.0714285714286,194.64285714285714,38.214285714285715,42.67857142857142,48.39285714285714,39.82142857142857,88.39285714285715,190.35714285714286,357.5,107.14285714285714,68.75,18.75,541.4285714285714,458.57142857142856,1180.6853582554518,412.67857142857144,449.1071428571429,36.42857142857143,101.60714285714286,191.2308505018489,287.90279978869523,479.1336502905441,1505.524861878453
1322,......1322 Freienbach,17028,129.31642001409443,664.6699553676298,206.01362461827577,41.754756871035944,42.870566126380076,44.69109701667841,43.45783415550857,85.50622504110876,205.25017618040874,330.4557199906037,103.65280714117924,74.05449847310312,28.306319003993423,530.0681230913789,469.9318769086211,1127.9680079980005,420.42518205308903,440.21611463471925,43.10547333803147,96.1357763683345,194.55734228662308,309.94875419685457,504.5060964834777,1593.0971843778384
1323,......1323 Wollerau,7596,123.74934175882044,651.922064244339,224.32859399684043,35.80832016850974,43.97051079515534,43.97051079515534,47.13006845708267,83.59662980516062,181.2796208530806,339.9157451290153,125.06582411795684,78.06740389678778,21.19536598209584,534.4918378093734,465.50816219062665,1148.1900452488687,411.13744075829385,451.2901527119537,42.39073196419168,94.78672985781989,189.82229402261714,344.1033925686591,533.9256865912763,1812.7659574468084
1331,......1331 Küssnacht (SZ),14148,139.7370653095844,650.1979078314956,210.06502685892,47.639242295730845,49.12355103194798,42.974271981905574,48.77014418999152,94.21826406559231,202.21939496748655,304.9901046084252,109.69748374328526,72.37772123268306,27.989821882951656,513.0053717839977,486.99462821600224,1053.4107402031932,430.3788521345773,434.61973423805483,41.7726887192536,93.08736217133163,214.9146646374606,323.0785954995108,537.9932601369715,1503.2878098128476
1341,......1341 Altendorf,7426,142.47239429033127,669.5394559655266,187.98814974414222,49.016967411796394,46.72771343926744,46.72771343926744,42.283867492593586,100.59251279288985,217.20980339348236,309.4532722865607,105.17102073794774,60.19391327767304,22.623215728521412,514.5434958254781,485.45650417452197,1059.9167822468794,434.2849447885807,437.11284675464583,37.03204955561541,91.5701589011581,212.79163314561544,280.77232502011265,493.5639581657281,1319.4706994328922
1342,......1342 Galgenen,5463,148.81933003844043,674.7208493501738,176.45982061138568,42.833607907743,53.450485081457074,52.535237049240344,56.19622917810727,107.81621819513087,208.49350173897128,302.2149002379645,94.63664653120996,65.16565989383123,16.6575141863445,511.9897492220392,488.01025077796083,1049.1372843210802,447.19018854109464,434.55976569650375,35.51162365000915,82.73842211239246,220.56429734129136,261.53011394465545,482.0944112859468,1185.731857318573
1343,......1343 Innerthal,191,73.29842931937172,712.0418848167538,214.65968586387436,15.706806282722512,20.942408376963353,36.64921465968586,78.53403141361257,99.47643979057591,151.8324607329843,382.19895287958116,94.24083769633508,94.24083769633508,26.17801047120419,481.67539267015707,518.3246073298429,929.2929292929293,434.55497382198956,439.7905759162304,52.35602094240838,73.29842931937172,102.94117647058823,301.4705882352941,404.4117647058824,2928.5714285714284
1344,......1344 Lachen,9529,155.00052471403086,644.0340014691993,200.96547381676984,54.67520201490188,50.79231818658831,49.53300451254067,39.24860950781824,88.67667121418826,234.12740056669116,281.98132018050165,100.85003672998216,72.51547906391016,27.59995802287753,501.3117850771329,498.688214922867,1005.2609427609427,434.1483891279253,425.4381362157624,44.70563542869136,95.60289642145031,240.67133778719244,312.0417141926022,552.7130519797947,1296.5470548408937
1345,......1345 Reichenburg,4153,168.55285335901758,689.6219600288947,141.82518661208766,52.9737539128341,61.88297616181074,53.696123284372746,53.696123284372746,100.65013243438479,243.92005778954973,291.3556465205875,79.94221045027692,42.37900313026727,19.503973031543463,521.5506862509029,478.44931374909703,1090.0855561147457,446.90585119190945,434.3847820852396,36.6000481579581,81.86852877437997,244.41340782122904,205.65642458100558,450.0698324022346,841.4285714285714
1346,......1346 Schübelbach,9757,158.14287178435995,665.7784154965666,176.0787127190735,52.372655529363534,56.06231423593318,49.70790201906323,49.91288305831711,120.22137952239417,220.76457927641692,274.8795736394384,107.61504560828124,49.6054114994363,18.85825561135595,516.3472378804961,483.6527621195039,1067.5990675990677,441.73413959208773,429.4352772368556,41.40616992928154,87.3219227221482,237.5307881773399,264.4704433497537,502.00123152709364,1113.4154244977317
1347,......1347 Tuggen,3469,153.07004900547707,667.9158258864226,179.01412510810033,47.852407033727296,49.005477082732774,56.21216488901701,39.780916690688954,110.98299221677716,229.74920726434132,287.4027097146152,99.16402421447103,60.53617757278755,19.31392332084174,507.06255405015855,492.93744594984145,1028.654970760234,453.7330642836552,424.6180455462669,39.20438166618622,82.15624099164025,229.17565817867933,268.01899007337073,497.19464825205006,1169.4915254237287
1348,......1348 Vorderthal,1035,139.1304347826087,643.4782608695651,217.3913043478261,57.00483091787439,41.54589371980676,40.57971014492753,27.05314009661836,115.94202898550725,196.1352657004831,304.34782608695656,135.2657004830918,62.80193236714976,19.32367149758454,542.0289855072464,457.9710144927536,1183.5443037974685,434.7826086956522,422.22222222222223,55.07246376811594,87.92270531400966,216.21621621621622,337.8378378378378,554.0540540540541,1562.5
1349,......1349 Wangen (SZ),5583,147.23267060720045,651.6209922980476,201.14633709475194,51.943399605946624,50.51047823750672,44.77879276374709,41.73383485581228,97.43865305391367,209.74386530539138,302.7046390829303,111.40963639620276,65.01880709296077,24.717893605588394,503.49274583557224,496.5072541644277,1014.0692640692641,430.41375604513706,435.9663263478417,44.5996775926921,89.02024001432922,225.94832325453547,308.68609125893346,534.634414513469,1366.1800486618006
1361,......1361 Alpthal,632,107.59493670886076,705.6962025316456,186.70886075949366,39.55696202531646,28.481012658227847,39.55696202531646,49.050632911392405,131.32911392405063,156.64556962025316,368.6708860759494,113.92405063291139,53.79746835443038,18.9873417721519,501.5822784810127,498.4177215189873,1006.3492063492063,417.72151898734177,427.2151898734177,47.46835443037975,107.59493670886076,152.46636771300447,264.5739910313901,417.0403587443946,1735.2941176470588
1362,......1362 Arth,12524,153.94442670073457,663.9252634940913,182.13030980517405,51.02203768763973,50.86234429894603,52.06004471414884,47.4289364420313,111.7055253912488,222.9319706164165,281.8588310443947,98.05174065793676,59.32609389971255,24.752475247524753,509.5816033216225,490.4183966783775,1039.0752197981114,447.3011817310764,436.60172468859787,43.83583519642287,72.18141168955606,231.870114251353,274.3235117257968,506.1936259771497,1183.091286307054
1363,......1363 Illgau,822,181.26520681265208,666.6666666666666,152.06812652068126,38.929440389294406,74.20924574209246,68.1265206812652,58.394160583941606,111.92214111922141,221.41119221411194,274.93917274939173,90.02433090024331,45.01216545012166,17.0316301703163,510.9489051094891,489.05109489051097,1044.776119402985,472.0194647201946,437.95620437956205,48.661800486618006,41.3625304136253,271.89781021897807,228.1021897810219,500.0,838.9261744966443
1364,......1364 Ingenbohl,9548,126.20444072056975,625.5760368663595,248.2195224130708,40.53204859656472,39.69417679095098,45.978215333054045,46.18768328445748,104.73397570171764,193.75785504817765,280.8965228320067,117.19731881022204,90.80435693338919,40.217846669459576,489.00293255131965,510.99706744868035,956.9583931133428,448.4708839547549,405.4252199413489,54.56640134059489,91.53749476330121,201.7411685919973,396.78553490708185,598.5267034990792,1966.804979253112
1365,......1365 Lauerz,1149,184.5082680591819,657.0931244560487,158.39860748476937,47.86771105308964,61.79286335944299,74.84769364664926,46.12706701479547,99.21671018276761,204.52567449956484,307.2236727589208,91.38381201044386,52.21932114882506,14.795474325500436,517.8416013925153,482.1583986074848,1074.0072202166064,450.82680591818973,449.9564838990426,35.68320278503046,63.53350739773717,280.794701986755,241.05960264900662,521.8543046357615,858.4905660377359
1366,......1366 Morschach,1378,139.33236574746007,706.8214804063861,153.84615384615387,47.16981132075472,42.81567489114659,49.346879535558784,45.71843251088534,107.40203193033382,224.2380261248186,329.4629898403483,94.33962264150944,42.0899854862119,17.41654571843251,547.1698113207547,452.8301886792453,1208.3333333333333,467.343976777939,393.32365747460085,34.107402031930334,105.22496371552975,197.1252566735113,217.65913757700207,414.78439425051334,1104.1666666666667
1367,......1367 Muotathal,3583,164.38738487301143,639.4083170527491,196.2042980742395,52.4699972090427,57.21462461624338,54.70276304772537,59.44739045492604,122.80212112754676,192.85514931621546,264.30365615406083,111.35919620429807,61.680156293608704,23.16494557633268,516.6061959252023,483.39380407479763,1068.7066974595843,457.716996929947,446.5531677365336,48.283561261512695,47.446274072006695,257.0929725010912,306.8529026625927,563.945875163684,1193.5483870967741
1368,......1368 Oberiberg,916,112.44541484716157,557.8602620087336,329.69432314410477,25.109170305676855,39.301310043668124,48.03493449781659,45.851528384279476,56.76855895196507,150.65502183406113,304.585152838428,176.85589519650654,127.7292576419214,25.109170305676855,530.5676855895196,469.43231441048033,1130.2325581395348,361.353711790393,467.2489082969432,67.68558951965066,103.7117903930131,201.56555772994128,590.9980430528375,792.5636007827788,2932.0388349514565
1369,......1369 Riemenstalden,85,164.7058823529412,623.5294117647059,211.76470588235293,35.294117647058826,70.58823529411765,58.8235294117647,129.41176470588238,176.47058823529412,82.3529411764706,235.2941176470588,58.8235294117647,105.88235294117646,47.05882352941176,505.88235294117646,494.11764705882354,1023.8095238095237,505.88235294117646,364.70588235294116,70.58823529411765,58.8235294117647,264.1509433962264,339.62264150943395,603.7735849056603,1285.7142857142858
1370,......1370 Rothenthurm,2595,167.63005780346822,691.7148362235067,140.65510597302506,55.105973025048165,51.63776493256262,60.88631984585742,65.51059730250482,119.46050096339114,220.03853564547208,286.70520231213874,81.69556840077072,45.08670520231214,13.872832369942197,515.2215799614644,484.77842003853567,1062.798092209857,476.3005780346821,423.8921001926782,35.067437379576106,64.73988439306358,242.3398328690808,203.34261838440113,445.6824512534819,839.0804597701149
1371,......1371 Sattel,2066,163.11713455953534,679.0900290416263,157.79283639883835,55.179090029041625,55.179090029041625,52.75895450145208,53.24298160696999,95.35333978702808,216.36011616650532,314.13359148112295,89.06098741529524,46.95062923523717,21.781219748305904,528.0735721200386,471.92642787996124,1118.9743589743591,468.53823814133597,414.81122942884804,38.23814133591481,78.41239109390126,240.19957234497505,232.35923022095508,472.55880256593014,967.3590504451039
1372,......1372 Schwyz,16446,135.23045117353763,664.7817098382586,199.98783898820383,45.664599294661315,43.901252584215,45.664599294661315,48.70485224370668,126.3529125623252,209.53423324820625,280.1897117840204,104.15906603429404,67.493615468807,28.33515748510276,505.77648060318614,494.2235193968138,1023.3759842519685,461.26717742916213,408.305971056792,50.04256354128663,80.38428797275932,203.4208360010976,300.83234244946493,504.2531784505625,1478.86690647482
1373,......1373 Steinen,3774,155.00794912559618,674.0858505564388,170.90620031796502,51.93428722840488,58.29358770535241,44.78007419183889,60.67832538420774,119.2368839427663,192.1038685744568,302.066772655008,95.91944886062532,52.19925808161102,22.78749337572867,503.97456279809217,496.0254372019078,1016.025641025641,449.3905670376259,435.0821409644939,39.48065712771595,75.78166401695813,229.95283018867923,253.5377358490566,483.49056603773585,1102.5641025641025
1374,......1374 Steinerberg,965,160.62176165803106,654.922279792746,184.4559585492228,60.10362694300518,50.777202072538856,49.740932642487046,52.84974093264249,119.17098445595855,174.09326424870466,308.80829015544043,96.37305699481865,62.17616580310881,25.906735751295336,523.3160621761658,476.6839378238342,1097.8260869565217,451.81347150259063,445.5958549222798,40.41450777202073,62.17616580310881,245.25316455696202,281.6455696202532,526.8987341772153,1148.3870967741937
1375,......1375 Unteriberg,2476,148.62681744749594,649.0306946688207,202.34248788368336,48.06138933764136,50.48465266558966,50.080775444264944,43.61873990306947,107.83521809369952,185.37964458804524,312.1970920840065,124.79806138933765,62.60096930533118,14.94345718901454,514.5395799676899,485.46042003231014,1059.900166389351,436.1873990306946,418.4168012924071,50.88852988691438,94.50726978998385,228.99813316739264,311.7610454262601,540.7591785936528,1361.413043478261
1401,......1401 Alpnach,6511,158.9617570265704,658.2706189525418,182.76762402088772,50.06911380740286,55.29104592228536,53.6015972968822,44.84718169252035,106.74243587774536,215.32790661956687,291.35309476270925,99.9846413761327,60.51297803716787,22.27000460758716,511.1350023037936,488.8649976962064,1045.5545083254792,446.78236829980034,436.4920903087083,42.38980187375211,74.1821532790662,241.4839010732618,277.64815678954733,519.1320578628091,1149.7584541062802
1402,......1402 Engelberg,4416,112.31884057971014,649.0036231884058,238.67753623188406,33.514492753623195,36.684782608695656,42.119565217391305,40.76086956521739,110.73369565217392,196.55797101449278,300.95108695652175,120.47101449275361,82.42753623188406,35.778985507246375,518.5688405797102,481.4311594202899,1077.140169332079,451.99275362318843,405.570652173913,52.76268115942029,89.22101449275361,173.06350314026517,367.7599441730635,540.8234473133286,2125.0
1403,......1403 Giswil,3988,155.21564694082247,642.6780341023069,202.1063189568706,52.90872617853561,49.89969909729187,52.407221664994985,55.416248746238715,104.81444332998997,200.35105315947843,282.0962888665998,118.85656970912737,57.17151454363089,26.078234704112337,504.26278836509533,495.73721163490467,1017.1977744056651,441.5747241725175,436.0581745235707,45.13540621865597,76.98094282848545,241.51385095591104,314.47522434646896,555.9890753023801,1302.1001615508885
1404,......1404 Kerns,6514,160.8842493091802,647.8354313785693,191.28031931225053,45.287073994473445,55.87964384402825,59.71753147067854,55.11206631869819,106.5397605158121,205.25023027325759,280.9333742708013,107.9214000614062,61.40620202640467,21.952717224439667,505.83358919250844,494.16641080749156,1023.609816713265,461.6211237334971,425.5449800429844,42.67731040835125,70.15658581516733,248.34123222748815,295.260663507109,543.6018957345972,1188.9312977099235
1405,......1405 Lungern,2072,136.10038610038612,628.8610038610038,235.03861003861005,40.05791505791506,48.262548262548265,47.779922779922785,62.25868725868726,96.52509652509653,167.47104247104247,302.6061776061776,111.96911196911196,88.32046332046332,34.74903474903475,510.1351351351351,489.86486486486484,1041.3793103448277,417.95366795366795,454.6332046332046,65.15444015444015,61.293436293436294,216.42363775901765,373.7528779739064,590.176515732924,1726.9503546099293
1406,......1406 Sachseln,5299,150.21702207963767,632.9496131345537,216.83336478580864,46.42385355727496,52.274013964899034,51.51915455746367,52.274013964899034,99.45272692960937,192.67786374787696,288.54500849216834,111.71919230043405,74.54236648424231,30.571806001132288,490.0924702774108,509.9075297225891,961.139896373057,447.065484053595,434.4215889790526,43.02698622381582,75.29722589167767,237.32856290995826,342.57602862254026,579.9045915324986,1443.467336683417
1407,......1407 Sarnen,10862,141.68661388326277,621.2483888786595,237.0649972380777,44.098692690112316,51.64794697109188,45.93997422205855,46.12410237525317,95.19425520162032,196.92505984164978,283.00497146013623,122.53728595102191,84.51482231633217,30.012888970723626,503.5904989872951,496.4095010127049,1014.4658753709199,434.1741852329221,437.3043638372307,52.568587737065,75.76873503958755,228.06757557794901,381.59454653230586,609.6621221102549,1673.164392462638
1501,......1501 Beckenried,3712,143.04956896551724,631.1961206896551,225.7543103448276,40.678879310344826,48.22198275862069,54.14870689655173,49.0301724137931,83.78232758620689,187.23060344827584,311.15301724137936,116.64870689655173,85.9375,23.168103448275865,504.31034482758616,495.68965517241384,1017.391304347826,427.5323275862069,439.38577586206895,46.33620689655173,86.47629310344827,226.6325224071703,357.6611182244985,584.2936406316687,1578.1544256120528
1502,......1502 Buochs,5483,137.51595841692503,641.0724056173627,221.4116359657122,40.48878351267554,49.79026080612803,47.23691409812147,49.24311508298377,102.49863213569215,197.70198796279408,291.62867043589273,117.81871238373154,75.50610979390844,28.086813788072224,510.1221958781689,489.8778041218311,1041.32539091586,427.68557359109974,450.11854824001455,44.6835673901149,77.51231077877074,214.50924608819346,345.37695590327166,559.8862019914651,1610.079575596817
1503,......1503 Dallenwil,1871,148.58364510956707,644.0406199893105,207.3757349011224,49.17156600748263,43.826830571886696,55.58524853019776,49.706039551042224,115.44628540887227,182.2554783538215,296.6328166755746,113.30839123463389,65.20577231427043,28.861571352218068,522.1806520577231,477.81934794227686,1092.841163310962,439.87172634954567,450.026723677178,48.10261892036345,61.99893105291288,230.70539419087137,321.9917012448133,552.6970954356847,1395.68345323741
1504,......1504 Emmetten,1668,129.49640287769785,637.2901678657074,233.2134292565947,44.36450839328538,46.76258992805756,38.36930455635491,28.77697841726619,71.94244604316546,212.8297362110312,323.7410071942446,146.88249400479617,71.34292565947243,14.98800959232614,526.9784172661871,473.021582733813,1114.0684410646388,407.074340527578,434.052757793765,41.36690647482014,117.50599520383693,203.19849482596425,365.9454374412041,569.1439322671685,1800.9259259259259
1505,......1505 Ennetbürgen,5327,128.0270321006195,614.604843251361,257.3681246480195,43.17627182278956,47.11845316313122,37.7323071146987,39.42181340341656,98.55453350854138,195.04411488642765,281.58438145297544,133.2832738877417,92.54740003754458,31.537450722733244,511.16951379763464,488.8304862023653,1045.6989247311828,412.80270321006196,447.3437206682936,51.436080345410176,88.04204993429698,208.30788026878434,418.75381795968235,627.0616982284666,2010.2639296187683
1506,......1506 Ennetmoos,2338,161.67664670658684,665.098374679213,173.22497861420015,50.4704875962361,56.88622754491018,54.31993156544055,47.4764756201882,108.6398631308811,202.73738237810093,306.24465355004276,99.23011120615911,60.30795551753636,13.686911890504705,509.83746792130023,490.16253207869977,1040.1396160558465,457.6561163387511,435.8426005132592,35.92814371257485,69.71770744225834,243.08681672025722,260.4501607717042,503.53697749196147,1071.4285714285713
1507,......1507 Hergiswil (NW),6296,110.5463786531131,650.412960609911,239.04066073697587,41.4548919949174,37.00762388818298,32.0838627700127,41.13722998729352,91.1689961880559,204.574332909784,313.53240152477764,119.91740787801778,87.35705209656926,31.76620076238882,531.607369758577,468.39263024142315,1134.961003730078,424.2376111817027,412.96060991105463,49.39644218551461,112.7700127064803,169.96336996336996,367.52136752136755,537.4847374847375,2162.3563218390805
1508,......1508 Oberdorf (NW),3099,146.49887060342044,639.5611487576638,213.93998063891578,45.49854791868345,46.78928686673121,54.211035818005804,59.0513068731849,97.77347531461763,181.34882220070992,301.3875443691513,116.4891900613101,70.66795740561471,26.782833171990966,501.77476605356566,498.2252339464343,1007.1243523316062,454.3401097128106,426.9119070667957,46.14391739270732,71.63601161665053,229.06155398587285,334.510595358224,563.5721493440968,1460.352422907489
1509,......1509 Stans,8508,131.40573577809118,641.0437235543019,227.55054066760695,41.13775270333803,44.07616361071933,46.19181946403385,47.13211095439586,115.89092618711801,198.04889515749883,279.97179125528913,114.59802538787024,85.21391631405736,27.73859896567936,498.58956276445696,501.41043723554304,994.3741209563995,451.22237893747064,422.30841560883874,44.781382228490834,81.57028678890455,204.987165383205,354.96883021635495,559.95599559956,1731.6636851520573
1510,......1510 Stansstad,4922,120.88581877285657,601.1783827712312,277.9357984559122,40.43071921982934,44.49410808614385,35.960991466883385,29.256399837464443,85.12799674928891,200.12190166598944,286.6720845184884,144.04713531084926,99.75619666802113,34.13246647704185,511.3774888256806,488.62251117431936,1046.5696465696465,420.7639171068671,420.5607476635514,52.21454693214141,106.46078829744006,201.0814464346063,462.3183507941872,663.3997972287935,2299.159663865546
1511,......1511 Wolfenschiessen,2121,152.75813295615276,643.0928807166431,204.14898632720417,41.018387553041016,54.69118340405469,57.04856199905705,64.12069778406412,116.92597831211692,186.70438472418672,275.3418198962753,114.56859971711457,66.47807637906648,23.1023102310231,519.5662423385196,480.43375766148046,1081.4524043179588,470.0612918434701,432.8147100424328,43.84724186704385,53.27675624705328,237.53665689149562,317.44868035190615,554.9853372434017,1336.4197530864196
1630,......1630 Glarus Nord,19810,155.62847046945987,653.7102473498232,190.66128218071682,49.62140333165068,54.7198384654215,51.287228672387684,49.1670873296315,110.70166582534073,226.65320545179202,267.18828874305905,101.00959111559818,65.77486118122161,23.87682988389702,508.3796062594649,491.62039374053506,1034.089742273334,439.62645128722863,430.03533568904595,47.602221100454315,82.53407370015144,238.06949806949805,291.66023166023166,529.7297297297298,1225.1054168018165
1631,......1631 Glarus Süd,9675,127.64857881136952,594.3152454780361,278.0361757105943,35.24547803617571,49.6124031007752,42.79069767441861,40.0,86.40826873385014,177.05426356589146,290.8527131782946,149.45736434108528,91.78294573643412,36.79586563307494,509.4573643410852,490.5426356589147,1038.558786346397,396.6925064599483,440.62015503875966,62.11886304909561,100.25839793281654,214.78260869565216,467.82608695652175,682.6086956521739,2178.137651821862
1632,......1632 Glarus,12886,143.41145429147912,643.4890578922862,213.09948781623467,42.371566040664284,52.46003414558435,48.57985410523048,51.76160173832066,112.99084277510477,208.98649697345957,269.7501164054012,109.4210771379792,72.6369703554245,31.04144032283098,497.5942883749806,502.40571162501936,990.4232313870867,446.91913704795905,406.0996430234363,53.624088157690515,93.35713177091418,222.86541244573084,331.16256632899183,554.0279787747227,1485.9307359307359
1701,......1701 Baar,25004,147.49640057590784,670.1327787553992,182.370820668693,46.59254519276915,52.31163013917773,48.59222524396097,47.1924492081267,100.30395136778115,227.4436090225564,295.1927691569349,90.1855703087506,66.38937769956807,25.79587266037434,505.99904015357544,494.00095984642456,1024.2875647668395,446.2086066229403,433.8505839065749,41.03343465045592,78.90737482002879,220.10026259250418,272.14132251133924,492.2415851038434,1236.4425162689804
1702,......1702 Cham,18273,161.33092540907347,668.3084332074645,170.36064138346194,51.8798226892136,54.78027691128988,54.67082580857002,52.70070595961254,98.17763913971433,225.68817380835114,291.7419142997866,88.76484430580638,57.626005582006236,23.969791495649318,505.1168390521534,494.8831609478466,1020.6789782151942,454.11262518469874,432.60548350024624,35.73578503803426,77.43665517430088,241.40189977071734,254.91320013101864,496.315099901736,1055.9701492537315
1703,......1703 Hünenberg,8972,151.35978600089166,653.2545697726259,195.38564422648238,44.58314757021846,51.27061970575122,55.50601872492198,61.07891217119929,100.31208203299153,182.34507356219348,309.51850200624165,95.1850200624164,77.12884529647793,23.07177886758805,503.1208203299153,496.87917967008474,1012.5616868550919,428.1096745430227,453.2991529201962,36.0008916629514,82.47882300490414,231.70107490189386,299.0957174543593,530.7967923562533,1290.8689248895435
1704,......1704 Menzingen,4700,137.2340425531915,650.4255319148936,212.3404255319149,44.04255319148936,49.148936170212764,44.04255319148936,48.08510638297872,108.08510638297872,185.74468085106383,308.51063829787233,102.3404255319149,74.68085106382978,35.319148936170215,500.6382978723404,499.36170212765956,1002.5564550489987,456.59574468085106,413.82978723404256,43.61702127659574,85.95744680851064,210.99116781157997,326.4638534510959,537.4550212626758,1547.2868217054263
1705,......1705 Neuheim,2527,174.11950929956473,656.1139691333598,169.76652156707559,54.21448357736446,62.52473288484369,57.38029283735655,51.44440047487139,98.14008705975465,196.6759002770083,309.85358132172536,102.49307479224377,55.797388207360505,11.476058567471311,521.171349426197,478.8286505738029,1088.4297520661157,436.09022556390977,449.9406410763752,36.80253264740799,76.77087455480807,265.37997587454765,258.74547647768395,524.1254523522316,975.0
1706,......1706 Oberägeri,6578,141.07631498935845,652.7820006080875,206.14168440255395,41.19793250228033,46.82274247491638,53.05564001216175,60.808756460930375,83.91608391608392,175.1292186074795,332.92794162359377,115.84068105807236,65.6734569778048,24.6275463666768,497.87169352386746,502.1283064761326,991.5228580078716,410.915171784737,463.21070234113716,37.245363332319855,88.4767406506537,216.11551001397297,315.7894736842105,531.9049836981835,1461.2068965517242
1707,......1707 Risch,11674,152.90388898406715,692.1363714236766,154.95973959225628,53.28079492890183,50.025698132602365,49.59739592256296,48.31248929244475,113.75706698646565,244.73188281651534,285.33493232825083,91.48535206441666,49.94003769059449,13.53434983724516,511.6498201130718,488.3501798869282,1047.7109279073845,464.45091656672946,429.84409799554567,30.580777796813432,75.03854719890354,220.91584158415841,223.8861386138614,444.8019801980198,1013.4453781512605
1708,......1708 Steinhausen,10399,154.14943744590826,647.7545917876719,198.09597076641987,49.235503413789786,55.77459371093374,49.139340321184726,50.67794980286566,94.0475045677469,228.48350802961824,274.54562938744107,101.54822579094144,71.25685162034812,25.2908933551303,500.2404077315127,499.7595922684874,1000.9620935154898,426.19482642561786,457.44783152226177,37.503606115972694,78.85373593614771,237.9750593824228,305.81947743467936,543.7945368171021,1285.0904553961323
1709,......1709 Unterägeri,9495,150.0789889415482,647.288046340179,202.63296471827277,41.39020537124802,53.29120589784097,55.39757767245919,53.39652448657188,95.62927856766719,183.464981569247,314.79726171669296,97.6303317535545,76.14533965244865,28.857293312269615,500.15797788309635,499.84202211690365,1000.6321112515803,424.3285939968404,439.70510795155343,47.60400210637177,88.25697735650343,231.85811910185487,313.0491376505044,544.9072567523593,1350.1754385964912
1710,......1710 Walchwil,3995,138.42302878598247,641.3016270337922,220.2753441802253,41.30162703379224,45.056320400500624,52.065081351689614,45.056320400500624,88.360450563204,163.2040050062578,344.6808510638298,114.14267834793492,76.84605757196496,29.286608260325405,516.1451814768461,483.85481852315394,1066.735644076565,396.9962453066333,467.08385481852315,42.30287859824781,93.36670838548184,215.84699453551912,343.4816549570648,559.3286494925838,1591.3200723327304
1711,......1711 Zug,32122,143.29742855363924,676.1098312682896,180.59274017807113,47.07054355270531,47.69316979017496,48.533715210758984,47.84882634954237,90.8411680468215,237.3762530353029,300.0435838366229,86.45165307266048,66.87005790424008,27.27102920117054,511.5808480169355,488.4191519830646,1047.4217604691185,462.20658738559246,416.56808417906734,37.9179378619015,83.12060270219787,211.94400957730915,267.1056266691224,479.04963624643153,1260.2650445361721
2008,......2008 Châtillon (FR),528,191.28787878787878,664.7727272727273,143.93939393939394,51.13636363636364,54.92424242424242,85.22727272727272,53.03030303030303,104.16666666666667,195.07575757575756,312.5,90.9090909090909,41.666666666666664,11.363636363636363,484.8484848484849,515.1515151515151,941.1764705882352,464.0151515151515,435.6060606060606,28.409090909090907,71.96969696969697,287.74928774928776,216.5242165242165,504.2735042735043,752.4752475247525
2011,......2011 Cugy (FR),2030,176.35467980295567,672.4137931034483,151.23152709359604,61.576354679802954,59.11330049261083,55.66502463054187,60.09852216748769,123.64532019704433,228.57142857142856,260.0985221674877,70.93596059113301,63.54679802955665,16.748768472906402,504.43349753694577,495.5665024630542,1017.8926441351888,505.91133004926104,384.72906403940885,35.960591133004925,73.39901477832512,262.2710622710623,224.9084249084249,487.1794871794872,857.5418994413408
2016,......2016 Fétigny,1284,166.66666666666666,703.2710280373832,130.06230529595015,53.73831775700935,57.63239875389408,55.29595015576324,54.51713395638629,147.19626168224298,232.86604361370718,268.69158878504675,64.6417445482866,54.51713395638629,10.903426791277258,503.8940809968847,496.1059190031153,1015.6985871271587,492.9906542056075,375.38940809968847,35.046728971962615,96.57320872274143,236.98781838316722,184.9390919158361,421.92691029900334,780.373831775701
2022,......2022 Gletterens,1161,179.15590008613265,623.6003445305771,197.24375538329025,45.65030146425495,74.07407407407408,59.43152454780361,56.84754521963824,69.76744186046511,204.9956933677864,291.98966408268734,124.89233419465978,57.70887166236004,14.642549526270457,510.76658053402235,489.2334194659776,1044.0140845070423,440.9991386735573,413.4366925064599,40.482342807924205,105.08182601205857,287.292817679558,316.29834254143645,603.5911602209944,1100.9615384615386
2025,......2025 Lully (FR),1226,180.2610114192496,677.8140293637847,141.92495921696573,48.939641109298535,70.1468189233279,61.174551386623165,63.621533442088094,106.8515497553018,221.04404567699837,286.2969004893964,76.6721044045677,51.386623164763456,13.866231647634585,473.8988580750408,526.1011419249593,900.7751937984497,478.79282218597064,398.85807504078304,33.442088091353995,88.90701468189232,265.94464500601686,209.38628158844767,475.33092659446453,787.3303167420814
2027,......2027 Ménières,445,200.0,653.9325842696629,146.06741573033707,62.921348314606746,69.6629213483146,67.41573033707866,76.40449438202248,76.40449438202248,211.2359550561798,289.8876404494382,76.40449438202248,60.674157303370784,8.98876404494382,485.39325842696627,514.6067415730337,943.2314410480349,465.1685393258427,442.6966292134831,26.966292134831463,65.1685393258427,305.84192439862545,223.36769759450172,529.2096219931271,730.3370786516854
2029,......2029 Montagny (FR),3037,190.64866644715178,658.5446163977609,150.80671715508726,70.79354626275929,60.91537701679289,58.9397431675996,51.03720777082647,128.74547250576225,238.39315113598946,240.36878498518274,80.01317089232796,49.72011853803095,21.073427724728347,505.10372077708263,494.89627922291737,1020.6254158349968,504.11590385248604,367.4678959499506,38.52486005926902,89.89134013829438,289.5,229.0,518.5,791.0189982728842
2035,......2035 Nuvilly,498,232.93172690763052,638.5542168674698,128.51405622489958,72.28915662650603,88.35341365461848,72.28915662650603,50.200803212851405,98.39357429718876,182.7309236947791,307.2289156626506,72.28915662650603,44.17670682730924,12.048192771084338,528.1124497991968,471.8875502008032,1119.1489361702127,500.0,371.4859437751004,38.152610441767074,90.36144578313252,364.7798742138365,201.25786163522014,566.0377358490566,551.7241379310344
2038,......2038 Prévondavaux,113,141.5929203539823,725.6637168141593,132.7433628318584,61.94690265486726,44.24778761061947,35.39823008849557,35.39823008849557,115.04424778761062,265.4867256637168,309.7345132743363,79.64601769911505,44.24778761061947,8.849557522123893,557.5221238938053,442.4778761061947,1260.0,460.17699115044246,389.3805309734513,35.39823008849557,115.04424778761062,195.1219512195122,182.9268292682927,378.0487804878049,937.5
2041,......2041 Saint-Aubin (FR),2030,160.0985221674877,697.0443349753695,142.85714285714286,58.62068965517241,51.724137931034484,49.75369458128079,60.09852216748769,114.77832512315271,233.49753694581278,288.66995073891627,69.95073891625616,57.14285714285714,15.763546798029555,504.43349753694577,495.5665024630542,1017.8926441351888,473.89162561576353,389.1625615763547,40.39408866995074,96.55172413793103,229.68197879858656,204.9469964664311,434.62897526501763,892.3076923076924
2043,......2043 Sévaz,318,135.22012578616352,726.4150943396226,138.36477987421384,34.59119496855346,44.0251572327044,56.60377358490566,34.59119496855346,169.81132075471697,223.27044025157232,298.74213836477986,75.47169811320754,47.16981132075472,15.723270440251572,509.4339622641509,490.5660377358491,1038.4615384615386,490.5660377358491,386.7924528301887,28.30188679245283,94.33962264150944,186.14718614718615,190.47619047619045,376.62337662337666,1023.2558139534884
2044,......2044 Surpierre,1220,159.8360655737705,668.032786885246,172.1311475409836,49.18032786885246,53.27868852459016,57.37704918032787,55.73770491803279,107.37704918032787,188.52459016393442,316.39344262295083,93.44262295081968,58.19672131147541,20.491803278688522,514.7540983606558,485.24590163934425,1060.8108108108108,455.73770491803276,412.2950819672131,39.34426229508197,92.62295081967213,239.2638036809816,257.6687116564417,496.93251533742335,1076.923076923077
2045,......2045 Vallon,534,177.90262172284642,677.9026217228464,144.1947565543071,71.16104868913857,65.54307116104869,41.19850187265917,52.434456928838955,149.81273408239701,226.59176029962546,249.06367041198502,89.8876404494382,46.81647940074907,7.49063670411985,509.36329588014985,490.63670411985015,1038.1679389312976,481.27340823970036,389.51310861423224,28.089887640449437,101.12359550561797,262.43093922651934,212.707182320442,475.1381215469613,810.5263157894736
2050,......2050 Les Montets,1572,164.12213740458014,685.1145038167938,150.76335877862596,54.07124681933842,51.526717557251914,58.524173027989825,63.61323155216285,105.59796437659033,224.55470737913487,291.34860050890586,78.24427480916032,57.88804071246819,14.631043256997456,503.1806615776081,496.81933842239187,1012.8040973111397,505.7251908396947,370.8651399491094,33.07888040712468,89.69465648854961,239.5543175487465,220.0557103064067,459.6100278551532,918.6046511627907
2051,......2051 Delley-Portalban,1319,154.66262319939347,652.0090978013646,193.32827899924186,40.94010614101592,56.10310841546627,57.619408642911296,44.73085670962851,88.7035633055345,215.31463229719486,303.2600454890068,106.14101592115239,65.95905989385899,21.22820318423048,499.62092494313873,500.3790750568613,998.4848484848485,460.95526914329037,369.2191053828658,56.10310841546627,113.72251705837756,237.2093023255814,296.5116279069768,533.7209302325582,1250.0
2053,......2053 Belmont-Broye,6148,186.5647364996747,671.7631750162654,141.67208848405986,67.50162654521796,61.158100195185426,57.90500975927131,54.8145738451529,136.30448926480156,231.62003903708523,249.02407286922576,77.09824333116461,49.609629147690306,14.964216005204944,503.7410540013012,496.2589459986987,1015.0770239265814,503.57839947950555,369.55107351984384,36.92257644762524,89.94795055302538,277.72397094430994,210.89588377723973,488.61985472154964,759.3722755013079
2054,......2054 Estavayer,10623,161.53628918384638,655.4645580344536,182.9991527817001,47.91490162854185,59.77595782735574,53.84542972794879,51.492045561517465,120.68154005459851,212.55765791207756,270.73331450626,95.35912642379742,68.7188176597948,18.92120869810788,498.6350371834699,501.3649628165302,994.5550131430717,474.4422479525558,383.036806928363,43.49053939565094,98.8421349901158,246.44549763033174,279.19000430848774,525.6355019388195,1132.867132867133
2055,......2055 Cheyres-Châbles,2487,155.60916767189383,644.551668677121,199.8391636509851,42.21954161640531,58.70526739043024,54.684358665058305,48.652995577000404,91.2746280659429,209.48934459187777,295.13470044229996,115.8021712907117,69.15963007639726,14.877362283876156,500.20104543626866,499.7989545637314,1000.804505229284,436.26859670285484,393.2448733413751,42.21954161640531,128.2669883393647,241.42233312538988,310.04366812227073,551.4660012476606,1284.2377260981912
2061,......2061 Auboranges,281,185.05338078291814,658.3629893238434,156.58362989323842,42.704626334519574,81.85053380782918,60.49822064056939,64.05693950177937,78.29181494661921,181.49466192170817,334.51957295373666,85.40925266903915,56.939501779359425,14.234875444839856,498.220640569395,501.77935943060504,992.9078014184397,466.19217081850536,412.8113879003559,39.145907473309606,81.85053380782918,281.0810810810811,237.83783783783784,518.918918918919,846.1538461538462
2063,......2063 Billens-Hennens,903,146.1794019933555,682.1705426356589,171.6500553709856,48.7264673311185,57.585825027685495,39.86710963455149,67.55260243632337,125.13842746400886,222.59136212624583,266.8881506090808,100.7751937984496,53.15614617940199,17.718715393133998,502.76854928017724,497.2314507198228,1011.1358574610246,501.6611295681063,380.9523809523809,43.18936877076412,74.19712070874863,214.28571428571428,251.62337662337663,465.9090909090909,1174.2424242424242
2066,......2066 Chapelle (Glâne),341,149.5601173020528,645.1612903225806,205.27859237536657,41.05571847507331,61.58357771260997,46.9208211143695,61.58357771260997,123.16715542521995,173.02052785923755,287.39002932551324,114.36950146627565,76.24633431085044,14.66275659824047,486.8035190615836,513.1964809384164,948.5714285714287,445.74780058651027,413.48973607038124,32.25806451612903,108.50439882697947,231.8181818181818,318.1818181818182,550.0,1372.549019607843
2067,......2067 Le Châtelard,364,148.35164835164835,659.3406593406594,192.30769230769232,27.47252747252747,43.956043956043956,76.92307692307693,60.43956043956044,129.12087912087912,159.34065934065933,310.43956043956047,98.90109890109889,68.68131868131869,24.725274725274723,549.4505494505495,450.54945054945057,1219.5121951219512,445.05494505494505,450.54945054945057,57.69230769230769,46.7032967032967,225.0,291.6666666666667,516.6666666666667,1296.2962962962963
2068,......2068 Châtonnaye,860,132.5581395348837,715.1162790697675,152.32558139534882,43.02325581395349,36.04651162790698,53.48837209302326,65.11627906976744,183.72093023255815,189.53488372093022,276.74418604651163,66.27906976744185,61.627906976744185,24.41860465116279,494.1860465116279,505.8139534883721,977.0114942528736,497.6744186046512,374.41860465116275,48.83720930232558,79.06976744186046,185.3658536585366,213.0081300813008,398.3739837398374,1149.122807017544
2072,......2072 Ecublens (FR),398,183.41708542713567,688.4422110552764,128.14070351758795,57.788944723618094,62.81407035175879,62.81407035175879,47.73869346733668,95.47738693467336,271.356783919598,273.86934673366835,87.93969849246231,20.100502512562816,20.100502512562816,494.9748743718593,505.0251256281407,980.0995024875622,522.6130653266332,414.57286432160805,17.587939698492463,45.22613065326633,266.4233576642336,186.13138686131387,452.55474452554745,698.6301369863014
2079,......2079 Grangettes,212,273.58490566037733,617.9245283018868,108.49056603773585,66.0377358490566,94.33962264150944,113.20754716981132,23.58490566037736,108.49056603773585,240.56603773584905,245.28301886792454,61.320754716981135,42.45283018867924,4.716981132075471,528.3018867924528,471.6981132075472,1120.0,528.3018867924528,353.77358490566036,42.45283018867924,75.47169811320754,442.74809160305347,175.57251908396944,618.320610687023,396.55172413793105
2086,......2086 Massonnens,596,182.88590604026848,642.6174496644296,174.49664429530202,67.11409395973155,73.8255033557047,41.946308724832214,75.503355704698,115.77181208053692,197.98657718120805,253.35570469798657,115.77181208053692,43.624161073825505,15.100671140939598,513.4228187919463,486.57718120805373,1055.1724137931035,478.18791946308727,417.7852348993288,28.523489932885905,75.503355704698,284.5953002610966,271.54046997389037,556.1357702349869,954.1284403669725
2087,......2087 Mézières (FR),1163,159.93121238177127,667.2398968185727,172.82889079965605,60.18916595012898,42.132416165090284,57.60963026655202,57.60963026655202,134.13585554600172,196.90455717970764,278.58985382631124,100.60189165950129,54.17024935511608,18.056749785038694,486.6723989681857,513.3276010318143,948.073701842546,472.91487532244196,405.8469475494411,44.71195184866724,76.5262252794497,239.69072164948454,259.02061855670104,498.7113402061856,1080.6451612903224
2089,......2089 Montet (Glâne),554,211.19133574007222,675.0902527075813,113.71841155234658,79.42238267148015,81.2274368231047,50.54151624548736,43.32129963898917,88.44765342960288,263.53790613718417,279.78339350180505,54.151624548736464,39.711191335740075,19.855595667870038,509.02527075812276,490.97472924187724,1036.764705882353,507.2202166064982,400.7220216606498,25.27075812274368,66.78700361010831,312.83422459893046,168.44919786096258,481.283422459893,538.4615384615385
2096,......2096 Romont (FR),6124,160.02612671456563,695.78706727629,144.18680600914436,52.906596995427826,50.130633572828216,56.9888961463096,60.09144350097975,149.41214892227302,225.01632919660352,261.26714565643374,67.60287393860222,55.19268451992162,21.39124755062051,495.2645329849771,504.73546701502283,981.2358460045293,502.61267145656427,363.97779229261926,40.33311561071196,92.91312867406924,229.99295939920205,207.22835015254634,437.22130955174845,901.0204081632653
2097,......2097 Rue,1618,173.05315203955502,676.761433868974,150.18541409147096,54.388133498145855,53.152039555006176,65.51297898640297,48.20766378244747,98.26946847960446,236.71199011124847,293.57231149567366,92.08899876390605,38.93695920889988,19.159456118665016,511.742892459827,488.257107540173,1048.1012658227849,471.5698393077874,401.1124845488257,29.04820766378245,98.26946847960446,255.70776255707761,221.91780821917808,477.6255707762557,867.8571428571429
2099,......2099 Siviriez,2675,185.79439252336448,661.3084112149534,152.89719626168224,57.19626168224299,63.55140186915888,65.04672897196262,56.074766355140184,125.98130841121497,229.53271028037383,249.7196261682243,82.24299065420561,51.96261682242991,18.69158878504673,505.0467289719626,494.95327102803736,1020.392749244713,483.36448598130846,410.8411214953271,38.8785046728972,66.54205607476636,280.94968908988125,231.2040700960995,512.1537591859808,822.9376257545271
2102,......2102 Ursy,3502,186.46487721302114,663.3352370074243,150.19988577955453,59.68018275271274,61.393489434608796,65.3912050256996,61.679040548258136,115.36264991433467,221.8732153055397,264.42033123929184,83.66647629925757,46.54483152484295,19.988577955454026,493.1467732724157,506.8532267275843,972.9577464788732,473.4437464306111,408.9091947458595,35.40833809251856,82.23872073101084,281.10202324580285,226.43133878605252,507.5333620318554,805.5130168453293
2113,......2113 Vuisternens-devant-Romont,2383,181.28409567771718,638.2710868652958,180.44481745698698,46.579941250524556,66.30297943768359,68.40117498950903,56.651279899286614,113.72219890893831,209.819555182543,258.0780528745279,102.391942929081,57.490558120016786,20.562316407889217,503.56693243810327,496.43306756189673,1014.3702451394759,469.9958036088964,406.2106588334033,37.767519932857745,86.02601762484264,284.02366863905326,282.70874424720574,566.7324128862591,995.3703703703703
2114,......2114 Villorsonnens,1546,172.70375161707634,661.0608020698577,166.23544631306598,52.39327296248383,58.214747736093145,62.095730918499356,62.095730918499356,113.84217335058216,205.0452781371281,280.07761966364814,86.67529107373868,58.86157826649418,20.69857697283312,501.2936610608021,498.7063389391979,1005.1880674448768,478.0077619663648,405.56274256144894,34.92884864165589,80.85381630012937,261.25244618395305,251.46771037181998,512.720156555773,962.5468164794007
2115,......2115 Torny,1095,158.9041095890411,684.0182648401827,157.07762557077626,42.009132420091326,59.3607305936073,57.534246575342465,75.79908675799086,125.11415525114155,209.1324200913242,273.972602739726,92.23744292237443,52.054794520547944,12.785388127853881,503.19634703196346,496.80365296803654,1012.8676470588236,489.4977168949772,397.2602739726027,35.61643835616438,77.6255707762557,232.30974632843794,229.63951935914554,461.9492656875834,988.5057471264367
2117,......2117 Villaz,2409,173.1008717310087,658.7795765877958,168.11955168119553,41.92611041926111,58.115400581154006,73.0593607305936,73.0593607305936,110.41926110419261,207.55500207555002,267.74595267745957,103.36239103362391,50.643420506434204,14.113740141137402,515.1515151515151,484.8484848484849,1062.5,482.7729348277294,393.52428393524286,40.2656704026567,83.02200083022001,262.75992438563327,255.1984877126654,517.9584120982986,971.2230215827337
2121,......2121 Haut-Intyamon,1774,199.5490417136415,606.5388951521984,193.9120631341601,72.15332581736189,69.89853438556933,57.49718151071026,47.91431792559189,93.01014656144307,222.09695603156706,243.51747463359638,111.04847801578353,56.36978579481398,26.49379932356257,510.14656144306645,489.8534385569335,1041.4269275028769,468.43291995490415,397.4069898534385,46.786922209695604,87.37316798196167,328.996282527881,319.70260223048325,648.6988847583643,971.7514124293785
2122,......2122 Pont-en-Ogoz,2038,158.9793915603533,674.6810598626104,166.3395485770363,53.974484789008834,44.65161923454367,60.353287536800785,56.4278704612365,121.1972522080471,206.08439646712463,290.9715407262022,91.75662414131502,56.4278704612365,18.15505397448479,516.6830225711482,483.3169774288518,1069.0355329949239,491.6584887144259,366.5358194308145,40.23552502453386,101.57016683022572,235.63636363636365,246.54545454545453,482.18181818181813,1046.2962962962963
2123,......2123 Botterens,759,198.94598155467722,646.9038208168643,154.1501976284585,69.82872200263505,71.14624505928855,57.971014492753625,52.700922266139656,81.68642951251647,249.01185770750988,263.5046113306983,105.40184453227931,36.89064558629776,11.857707509881422,521.7391304347826,478.26086956521743,1090.9090909090908,459.8155467720685,409.7496706192358,28.985507246376812,101.44927536231884,307.53564154786153,238.28920570264768,545.8248472505092,774.8344370860926
2124,......2124 Broc,2848,154.1432584269663,659.0589887640449,186.79775280898878,51.264044943820224,50.561797752808985,52.31741573033708,52.31741573033708,127.1067415730337,217.34550561797752,262.28932584269666,107.09269662921349,57.23314606741573,22.47191011235955,485.9550561797753,514.0449438202247,945.3551912568306,465.58988764044943,387.28932584269666,47.752808988764045,99.36797752808988,233.88385721896643,283.43100692594567,517.3148641449121,1211.8451025056947
2125,......2125 Bulle,27101,159.69890409947973,686.6905280247961,153.61056787572414,50.88373122762998,53.68805579129921,55.12711708055053,54.75812700638353,162.50322866314895,222.94380281170436,246.4853695435593,75.5691671894026,56.676875392051954,21.364525294269583,492.8231430574517,507.1768569425482,971.6987995634776,509.5383934172171,351.8689347256559,40.51511014353714,97.85616766908971,232.5631380977969,223.69693713057495,456.2600752283719,961.8761552680222
2128,......2128 Châtel-sur-Montsalvens,358,167.59776536312847,692.7374301675978,139.66480446927375,58.659217877094974,61.452513966480446,47.48603351955307,30.726256983240223,103.35195530726257,256.98324022346367,301.6759776536313,67.0391061452514,61.452513966480446,11.1731843575419,511.1731843575419,488.8268156424581,1045.7142857142858,505.586592178771,360.33519553072625,44.6927374301676,89.3854748603352,241.93548387096774,201.61290322580643,443.5483870967742,833.3333333333334
2129,......2129 Corbières,1042,185.22072936660268,652.5911708253359,162.18809980806142,69.0978886756238,62.38003838771593,53.742802303262955,54.702495201535505,95.00959692898273,234.16506717850288,268.7140115163148,91.17082533589252,61.42034548944338,9.596928982725528,500.0,500.0,1000.0,478.88675623800384,395.3934740882917,33.58925143953935,92.13051823416507,283.8235294117647,248.52941176470588,532.3529411764706,875.6476683937824
2130,......2130 Crésuz,486,193.4156378600823,580.2469135802469,226.33744855967078,57.61316872427984,80.24691358024691,55.55555555555555,20.5761316872428,49.382716049382715,234.5679012345679,275.72016460905354,115.22633744855968,88.47736625514403,22.63374485596708,518.5185185185185,481.48148148148147,1076.923076923077,430.04115226337444,425.9259259259259,57.61316872427984,86.41975308641975,333.3333333333333,390.07092198581563,723.404255319149,1170.212765957447
2131,......2131 Echarlens,846,138.29787234042553,711.5839243498818,150.11820330969266,44.917257683215134,49.64539007092199,43.73522458628842,62.64775413711583,132.38770685579195,217.49408983451536,299.0543735224586,76.8321513002364,60.28368794326241,13.002364066193854,500.0,500.0,1000.0,478.72340425531917,388.8888888888889,35.46099290780142,95.74468085106383,194.35215946843854,210.96345514950167,405.3156146179402,1085.4700854700855
2134,......2134 Grandvillard,903,193.79844961240312,658.9147286821704,147.28682170542638,53.15614617940199,73.08970099667775,67.55260243632337,60.90808416389812,114.06423034330011,191.58361018826133,292.358803986711,73.08970099667775,56.47840531561462,17.718715393133998,507.1982281284607,492.80177187153936,1029.2134831460673,486.15725359911403,389.811738648948,46.51162790697674,77.51937984496124,294.11764705882354,223.52941176470588,517.6470588235295,760.0
2135,......2135 Gruyères,2339,179.1363830696879,672.9371526293287,147.92646430098333,54.72424112868747,73.5356990166738,50.87644292432664,57.2894399315947,115.00641299700727,230.01282599401455,270.62847370671227,78.66609662248824,53.01410859341599,16.246259085079092,518.1701581872595,481.8298418127405,1075.4214729370008,482.25737494655834,394.6130825138948,32.06498503634032,91.0645575032065,266.2007623888183,219.8221092757306,486.0228716645489,825.7756563245824
2137,......2137 Hauteville,744,201.61290322580643,669.3548387096773,129.03225806451613,59.13978494623656,86.0215053763441,56.45161290322581,64.51612903225806,111.55913978494624,228.49462365591398,264.7849462365591,86.0215053763441,37.634408602150536,5.376344086021506,506.72043010752685,493.27956989247315,1027.2479564032697,498.65591397849465,384.4086021505376,34.946236559139784,80.64516129032258,301.20481927710847,192.7710843373494,493.9759036144578,640.0
2138,......2138 Jaun,657,140.0304414003044,584.4748858447488,275.4946727549467,53.272450532724505,36.5296803652968,50.2283105022831,63.926940639269404,120.2435312024353,159.8173515981735,240.4870624048706,150.6849315068493,85.2359208523592,39.5738203957382,502.283105022831,497.7168949771689,1009.1743119266055,407.91476407914763,482.49619482496195,51.7503805175038,56.3165905631659,239.58333333333334,471.3541666666667,710.9375,1967.3913043478262
2140,......2140 Marsens,2130,177.46478873239437,698.5915492957746,123.94366197183099,61.971830985915496,59.624413145539904,55.86854460093897,66.66666666666667,140.3755868544601,209.38967136150237,282.15962441314554,66.19718309859154,42.25352112676056,15.492957746478874,512.6760563380282,487.32394366197184,1052.0231213872833,498.1220657276995,407.0422535211268,24.413145539906104,70.42253521126761,254.03225806451613,177.4193548387097,431.4516129032258,698.4126984126983
2143,......2143 Morlon,771,145.26588845654996,673.1517509727627,181.5823605706874,54.474708171206224,58.36575875486381,32.4254215304799,54.474708171206224,127.10765239948118,217.8988326848249,273.67055771725035,105.05836575875486,63.55382619974059,12.970168612191959,474.70817120622564,525.2918287937744,903.7037037037037,470.8171206225681,403.3722438391699,37.61348897535668,88.19714656290532,215.79961464354528,269.7495183044316,485.5491329479769,1250.0
2145,......2145 Le Pâquier (FR),1386,193.36219336219338,653.6796536796536,152.95815295815297,54.112554112554115,72.15007215007215,67.09956709956711,49.06204906204906,110.38961038961038,216.45021645021646,277.77777777777777,82.25108225108225,56.998556998557,13.708513708513708,520.2020202020202,479.7979797979798,1084.2105263157896,476.9119769119769,413.4199134199134,32.467532467532465,77.2005772005772,295.8057395143488,233.99558498896246,529.8013245033113,791.044776119403
2147,......2147 Pont-la-Ville,606,133.66336633663366,699.6699669966997,166.66666666666666,36.303630363036305,52.805280528052805,44.554455445544555,56.1056105610561,132.013201320132,221.12211221122112,290.42904290429044,108.91089108910892,42.9042904290429,14.85148514851485,519.8019801980198,480.1980198019802,1082.4742268041236,455.44554455445547,440.5940594059406,16.5016501650165,87.45874587458746,191.03773584905662,238.20754716981133,429.24528301886795,1246.9135802469136
2148,......2148 Riaz,2932,178.71759890859482,660.300136425648,160.98226466575716,46.384720327421554,63.43792633015006,68.8949522510232,59.00409276944066,101.97817189631651,234.31105047748977,265.0068212824011,90.38199181446112,53.8881309686221,16.712141882673944,490.10914051841746,509.89085948158254,961.2040133779263,474.7612551159618,402.79672578444746,39.22237380627558,83.21964529331514,270.6611570247934,243.80165289256198,514.4628099173553,900.7633587786258
2149,......2149 La Roche,1959,183.76722817764167,655.9469116896375,160.28586013272079,56.151097498723836,68.40224604389995,59.21388463501786,49.51505870342012,118.9382337927514,214.39509954058192,273.09851965288414,92.39407861153649,54.10923940786115,13.782542113323123,502.2970903522205,497.70290964777945,1009.2307692307692,458.3971413986728,416.0285860132721,42.36855538540071,83.20571720265443,280.15564202334633,244.35797665369648,524.5136186770428,872.2222222222223
2152,......2152 Sâles,1467,190.1840490797546,655.7600545330606,154.05589638718473,62.03135650988412,68.1663258350375,59.98636673483299,54.53306066803,132.24267211997272,205.18064076346283,263.80368098159505,86.57123381049762,51.124744376278116,16.359918200409,501.02249488752557,498.9775051124745,1004.0983606557377,490.79754601226995,402.18132242672124,37.49147920927062,69.52965235173825,290.02079002079,234.92723492723493,524.9480249480249,810.0358422939067
2153,......2153 Sorens,1103,171.350861287398,669.0843155031731,159.56482320942882,49.864007252946514,58.930190389845876,62.55666364460562,56.210335448776064,108.79419764279238,185.856754306437,318.2230281051677,87.0353581142339,56.210335448776064,16.319129646418858,514.959202175884,485.040797824116,1061.6822429906542,471.441523118767,376.2466001813237,45.33091568449683,106.98096101541252,256.0975609756098,238.48238482384824,494.579945799458,931.2169312169311
2155,......2155 Vaulruz,1130,158.40707964601768,669.0265486725664,172.56637168141592,60.176991150442475,48.67256637168141,49.557522123893804,49.557522123893804,136.28318584070797,210.61946902654867,272.56637168141594,88.49557522123894,60.176991150442475,23.893805309734514,508.8495575221239,491.1504424778761,1036.0360360360362,472.5663716814159,416.8141592920354,38.05309734513274,72.56637168141593,236.7724867724868,257.93650793650795,494.70899470899474,1089.385474860335
2160,......2160 Vuadens,2579,165.1803024428073,687.0880186118651,147.73167894532764,47.692904226444355,58.937572702597905,58.54982551376502,60.87630864676231,122.1403644823575,221.40364482357504,282.66770065917024,85.30438154323382,46.529662659945714,15.897634742148117,507.17332299340836,492.8266770065917,1029.110936270653,487.0104691740985,384.25746413338504,38.774718883288095,89.95734780922838,240.40632054176072,215.01128668171557,455.4176072234763,894.3661971830986
2162,......2162 Bas-Intyamon,1726,183.08227114716107,673.2329084588644,143.68482039397452,60.8342989571263,56.19930475086906,66.0486674391657,49.826187717265356,112.97798377752028,251.4484356894554,258.9803012746234,74.73928157589803,57.35805330243337,11.587485515643106,513.9049826187717,486.0950173812283,1057.2109654350418,491.30938586326766,370.7995365005794,33.02433371958285,104.86674391657012,271.9449225473322,213.42512908777968,485.37005163511185,784.8101265822785
2163,......2163 Val-de-Charmey,2729,141.8101868816416,601.3191645291316,256.8706485892268,47.636496885305974,48.36936606815683,45.80432392817882,42.872847196775375,89.41004030780506,189.08024917552217,279.95602784902894,133.74862587028215,94.90655917918652,28.215463539758154,513.7412971784536,486.25870282154636,1056.5184626978146,414.8039574935874,406.3759618908025,56.79736167094174,121.65628435324295,235.83180987202925,427.17854966483856,663.0103595368677,1811.3695090439278
2173,......2173 Autigny,840,171.42857142857142,677.3809523809524,151.19047619047618,60.714285714285715,66.66666666666667,44.04761904761905,58.333333333333336,111.90476190476191,216.66666666666669,290.4761904761905,86.9047619047619,54.76190476190476,9.523809523809526,513.0952380952381,486.90476190476187,1053.7897310513447,480.95238095238096,386.9047619047619,41.666666666666664,90.47619047619047,253.0755711775044,223.19859402460457,476.274165202109,881.9444444444445
2174,......2174 Avry,1949,168.80451513596716,667.5218060543868,163.673678809646,51.821446895844026,53.873781426372496,63.109286813750636,53.873781426372496,125.70548999486917,197.0241149307337,290.9184197024115,93.8943047716778,51.821446895844026,17.957927142124166,494.0995382247306,505.9004617752694,976.6734279918863,465.366854797332,409.440738840431,37.45510518214469,87.73730118009236,252.8823981552652,245.19600307455804,498.0784012298232,969.6048632218846
2175,......2175 Belfaux,3452,178.73696407879493,673.8122827346466,147.4507531865585,54.461181923522595,60.8342989571263,63.44148319814601,70.39397450753187,132.96639629200462,207.99536500579373,262.45654692931635,75.31865585168018,52.72305909617613,19.409038238702202,497.68250289687137,502.3174971031287,990.7727797001154,490.44032444959447,399.4785631517961,34.76245654692932,75.02896871378911,265.262252794497,218.83061049011178,484.09286328460877,824.9594813614262
2177,......2177 Chénens,886,220.0902934537246,652.3702031602709,127.5395033860045,59.81941309255079,82.39277652370203,77.87810383747177,48.53273137697517,108.35214446952595,237.02031602708803,258.4650112866817,68.84875846501129,46.27539503386004,12.415349887133182,488.71331828442436,511.2866817155757,955.849889624724,479.6839729119639,414.22121896162525,30.474040632054177,75.62076749435666,337.3702422145329,195.50173010380624,532.8719723183391,579.4871794871796
2183,......2183 Corminboeuf,3029,186.2000660283922,645.427533839551,168.37240013205678,60.74612083195774,66.35853416969296,59.0954110267415,58.76526906569825,95.41102674149884,201.7167381974249,289.534499834929,102.34400792340706,50.51172003961703,15.516672169032685,501.15549686365136,498.84450313634864,1004.6326935804104,465.50016507098053,429.8448332783097,29.052492571805875,75.60250907890392,288.4910485933504,260.8695652173913,549.3606138107416,904.2553191489362
2186,......2186 Cottens (FR),1529,156.96533682145193,654.0222367560498,189.01242642249835,41.857423152387184,45.12753433616743,69.98037933289731,79.13669064748201,124.91824722040549,173.96991497710923,275.997383911053,100.0654022236756,66.05624591236102,22.89077828646174,500.3270111183781,499.67298888162196,1001.3089005235603,454.5454545454545,427.73054283845653,37.27926749509483,80.44473512099411,240.0,289.0,529.0,1204.1666666666665
2194,......2194 Ferpicloz,248,129.03225806451613,681.4516129032257,189.51612903225805,36.29032258064517,32.25806451612903,60.483870967741936,52.41935483870968,125.0,161.29032258064515,342.7419354838709,112.90322580645162,68.54838709677419,8.064516129032258,500.0,500.0,1000.0,423.38709677419354,407.2580645161291,64.51612903225806,104.83870967741936,189.3491124260355,278.1065088757396,467.4556213017751,1468.75
2196,......2196 Fribourg,39151,139.9708819698092,692.6259865648386,167.4031314653521,44.57101989732063,48.32571326402901,47.074148808459555,51.211974151362675,162.6012106970448,244.5914536027177,234.22134811371356,76.42205818497612,63.497739521340456,27.483333759035528,499.2465071134837,500.75349288651626,996.9905636317266,553.5490792061506,311.20533319710864,41.58259048300171,93.15215447881279,202.0872515396246,241.6934026625364,443.78065420216103,1195.985401459854
2197,......2197 Givisiez,3457,171.8252820364478,690.1938096615563,137.98090830199595,53.51460804165462,61.90338443737344,56.40728955741973,61.32484813422042,129.88140005785363,231.70378941278565,267.2837720566966,73.7633786520104,51.489730980619036,12.727798669366504,499.2768296210587,500.7231703789413,997.1114962449451,499.2768296210587,380.96615562626556,23.141452126120917,96.6155626265548,248.95222129086335,199.91617770326908,448.86839899413246,803.030303030303
2198,......2198 Granges-Paccot,3983,185.7896058247552,702.7366306803917,111.47376349485312,63.2688927943761,62.51569168968114,60.005021340697965,59.0007532011047,144.8656791363294,247.04996233994478,251.82023600301278,69.0434345970374,30.630178257594775,11.80015064022094,515.1895556113483,484.8104443886518,1062.6618332470223,527.4918403213658,360.03012804418785,29.876977152899823,82.60105448154657,264.3801357627724,158.62808145766343,423.0082172204359,600.0
2200,......2200 Grolley,2113,151.9167061050639,693.80028395646,154.2830099384761,48.272598201609085,55.844770468528154,47.79933743492665,51.58542356838618,148.6038807382868,217.2266919072409,276.3842877425461,79.9810695693327,61.05063890203502,13.251301467108377,497.39706578324655,502.6029342167534,989.6421845574388,450.07098911500236,429.24751538097496,36.914339801230476,83.2938949361098,218.9631650750341,222.37380627557982,441.3369713506139,1015.5763239875388
2206,......2206 Marly,9242,152.78078338022073,642.2852196494265,204.93399697035275,45.98571737719109,53.01882709370266,53.776238909326985,57.34689461155594,133.19627786193465,196.6024669984852,255.13958017745074,99.00454447089373,79.09543388876867,26.834018610690325,484.20255355983556,515.7974464401644,938.7455422697714,462.5622159705691,392.3393204933997,47.71694438433239,96.94871239991345,237.87061994609167,319.0700808625337,556.9407008086254,1341.359773371105
2208,......2208 Matran,1906,151.6264428121721,695.1731374606505,153.20041972717732,56.663168940188875,42.497376705141654,52.46589716684155,64.53305351521512,155.29905561385098,210.38824763903463,264.9527806925498,92.86463798530954,46.16998950682056,14.165792235047219,493.704092339979,506.295907660021,975.1295336787564,473.7670514165792,403.9874081846799,33.5781741867786,88.66736621196222,218.11320754716982,220.37735849056602,438.49056603773585,1010.3806228373702
2211,......2211 Neyruz (FR),2869,184.3848030672708,672.3597072150576,143.25548971767165,59.95120250958522,68.66504008365284,55.76856047403277,61.34541652143604,114.32554897176716,212.2690833042872,284.4196584175671,77.72743116068317,48.10038340885326,17.42767514813524,500.5228302544441,499.47716974555595,1002.0935101186324,486.9292436388986,391.42558382711746,29.627047751829906,92.01812478215406,274.23535510627266,213.0637636080871,487.2991187143598,776.937618147448
2216,......2216 Pierrafortscha,150,160.0,566.6666666666666,273.3333333333333,73.33333333333333,46.66666666666667,40.0,20.0,140.0,166.66666666666666,240.0,133.33333333333334,113.33333333333333,26.666666666666668,526.6666666666666,473.3333333333333,1112.6760563380283,466.6666666666667,413.3333333333333,60.0,60.0,282.3529411764706,482.3529411764706,764.7058823529411,1708.3333333333333
2217,......2217 Ponthaux,788,177.66497461928935,678.9340101522843,143.40101522842642,59.64467005076142,57.10659898477157,60.91370558375635,86.29441624365482,112.94416243654823,195.4314720812183,284.26395939086296,86.29441624365482,43.14720812182741,13.959390862944163,526.6497461928934,473.3502538071066,1112.6005361930295,474.6192893401015,442.89340101522845,26.6497461928934,55.83756345177665,261.6822429906542,211.21495327102804,472.89719626168227,807.1428571428571
2220,......2220 Le Mouret,3354,156.82766845557543,649.6720333929636,193.50029815146095,47.406082289803216,55.75432319618366,53.66726296958855,57.54323196183661,115.38461538461539,182.76684555754323,293.9773404889684,114.19200954084675,59.630292188431724,19.67799642218247,502.0870602265951,497.9129397734049,1008.3832335329341,444.2456768038163,433.8103756708408,42.33750745378653,79.60644007155635,241.39513538320332,297.8430472693897,539.238182652593,1233.8403041825095
2226,......2226 Treyvaux,1642,191.23020706455543,643.1181485992691,165.6516443361754,63.94640682095005,64.55542021924482,62.72838002436054,39.58587088915956,110.84043848964677,235.68818514007307,257.00365408038977,90.13398294762484,51.15712545676005,24.360535931790498,504.8721071863581,495.1278928136419,1019.680196801968,480.5115712545676,399.5127892813642,47.503045066991476,71.86358099878197,297.3484848484849,257.57575757575756,554.9242424242424,866.2420382165606
2228,......2228 Villars-sur-Glâne,12507,166.14695770368593,654.6733829055729,179.1796593907412,49.412329095706404,58.847045654433515,57.887582953546016,56.52834412728872,127.44862876788999,205.08515231470375,265.6112576956904,86.83137443031902,69.24122491404813,23.10706004637403,490.7651715039578,509.23482849604216,963.7305699481865,481.8901415207484,385.4641400815543,41.8965379387543,90.58927000879507,253.78602833414755,273.69320957498775,527.4792379091353,1078.4408084696825
2230,......2230 Villarsel-sur-Marly,69,101.44927536231884,681.1594202898551,217.3913043478261,43.47826086956522,43.47826086956522,14.492753623188406,57.971014492753625,130.43478260869566,159.42028985507244,333.3333333333333,217.3913043478261,0.0,0.0,536.2318840579711,463.768115942029,1156.25,463.768115942029,420.28985507246375,14.492753623188406,101.44927536231884,148.93617021276594,319.1489361702128,468.0851063829787,2142.8571428571427
2233,......2233 Hauterive (FR),2694,161.46993318485522,681.5144766146993,157.01559020044542,49.74016332590943,47.14179658500371,64.5879732739421,69.78470675575353,127.6911655530809,197.47587230883445,286.5627319970304,82.40534521158129,58.27765404602821,16.33259094283593,500.74239049740163,499.25760950259837,1002.9739776951674,482.5538233110616,384.55827765404604,36.37713437268003,96.51076466221232,236.9281045751634,230.39215686274508,467.3202614379085,972.4137931034483
2234,......2234 La Brillaz,2208,162.13768115942028,683.4239130434783,154.43840579710144,52.98913043478261,54.34782608695652,54.80072463768116,64.76449275362319,135.86956521739128,191.57608695652172,291.213768115942,86.95652173913044,53.44202898550725,14.039855072463768,507.6992753623189,492.3007246376811,1031.278748850046,478.26086956521743,416.213768115942,34.8731884057971,70.19927536231884,237.24320742213388,225.97746852220013,463.22067594433395,952.5139664804469
2235,......2235 La Sonnaz,1458,191.35802469135803,692.0438957475995,116.59807956104252,73.38820301783265,65.15775034293553,52.81207133058985,61.72839506172839,126.20027434842248,244.17009602194787,259.9451303155007,71.33058984910836,35.66529492455418,9.602194787379974,507.5445816186557,492.4554183813443,1030.6406685236768,510.2880658436214,392.318244170096,22.63374485596708,74.7599451303155,276.5113974231912,168.48364717542123,444.9950445986125,609.3189964157706
2236,......2236 Gibloux,8393,170.49922554509712,694.3881806267127,135.11259382819017,55.76075300845943,55.165018467770764,59.57345406886691,59.09686643631598,135.35088764446562,213.51125938281902,286.42916716311214,78.39866555462886,43.25032765399738,13.463600619563922,505.3020374121292,494.69796258787085,1021.4354527938343,489.2172048135351,395.56773501727633,30.739902299535327,84.47515786965329,245.53877831159917,194.57789979409745,440.1166781056967,792.4528301886793
2237,......2237 Prez,2465,190.26369168357,663.2860040567952,146.4503042596349,58.41784989858012,64.50304259634888,67.34279918864097,62.06896551724138,111.96754563894523,235.6997971602434,253.5496957403651,90.06085192697769,40.973630831643,15.415821501014198,507.91075050709946,492.0892494929006,1032.151690024732,481.13590263691685,407.30223123732253,34.07707910750507,77.48478701825557,286.8501529051988,220.79510703363914,507.6452599388379,769.7228144989339
2238,......2238 Bois-d'Amont,2422,191.99009083402146,649.8761354252683,158.13377374071015,52.84888521882741,70.60280759702725,68.5383980181668,54.91329479768786,115.60693641618496,213.4599504541701,265.8959537572254,83.81502890173411,59.45499587118084,14.86374896779521,504.9545829892651,495.045417010735,1020.0166805671394,481.42031379025593,411.2303881090008,34.68208092485549,72.6672171758877,295.425667090216,243.32909783989834,538.7547649301143,823.6559139784946
2250,......2250 Courgevaux,1458,157.06447187928669,668.0384087791496,174.8971193415638,37.03703703703704,54.1838134430727,65.84362139917695,57.61316872427984,108.3676268861454,185.8710562414266,316.1865569272977,105.6241426611797,48.01097393689986,21.262002743484224,511.6598079561042,488.34019204389574,1047.752808988764,422.4965706447188,449.24554183813444,46.63923182441701,80.24691358024691,235.1129363449692,261.8069815195072,496.91991786447636,1113.5371179039303
2254,......2254 Courtepin,5772,169.6119196119196,694.040194040194,136.34788634788637,51.28205128205128,60.2910602910603,58.038808038808035,63.40956340956341,123.52737352737353,207.03395703395702,300.0693000693,75.36382536382537,44.52529452529453,16.45876645876646,512.8205128205128,487.1794871794872,1052.6315789473683,461.36521136521134,426.5419265419265,38.46153846153847,73.63132363132362,244.38342486270594,196.4553170244633,440.83874188716925,803.8815117466803
2257,......2257 Cressier (FR),1109,180.34265103697027,677.1866546438232,142.4706943192065,61.31650135256989,55.00450856627592,64.02164111812444,67.62849413886383,102.79531109107303,211.90261496844005,294.86023444544634,80.25247971145176,47.790802524797115,14.427412082957618,501.35256988277735,498.6474301172227,1005.4249547920433,470.69431920649237,421.1000901713255,30.658250676284943,77.5473399458972,266.3115845539281,210.3861517976032,476.69773635153126,790.0
2258,......2258 Fräschels,445,130.3370786516854,665.1685393258427,204.4943820224719,33.70786516853933,38.20224719101124,58.426966292134836,42.69662921348315,87.64044943820225,184.2696629213483,350.561797752809,141.57303370786516,42.69662921348315,20.224719101123593,521.3483146067416,478.65168539325845,1089.2018779342723,370.7865168539326,492.13483146067415,40.44943820224719,96.62921348314607,195.94594594594594,307.43243243243245,503.3783783783784,1568.9655172413793
2261,......2261 Greng,176,113.63636363636363,659.090909090909,227.27272727272725,34.090909090909086,28.409090909090907,51.13636363636364,85.22727272727272,113.63636363636363,73.86363636363637,386.3636363636364,153.4090909090909,51.13636363636364,22.727272727272727,454.5454545454545,545.4545454545454,833.3333333333334,431.8181818181818,448.8636363636364,34.090909090909086,85.22727272727272,172.41379310344828,344.82758620689657,517.2413793103449,2000.0
2262,......2262 Gurmels,4675,174.9732620320856,637.0053475935829,188.02139037433156,47.27272727272727,67.80748663101605,59.893048128342244,50.26737967914439,90.05347593582889,197.43315508021388,299.2513368983957,111.8716577540107,59.893048128342244,16.25668449197861,508.44919786096256,491.55080213903744,1034.3777197563097,430.80213903743316,454.97326203208553,37.647058823529406,76.57754010695187,274.680993955675,295.1645399597045,569.8455339153794,1074.5721271393643
2265,......2265 Kerzers,5466,165.02012440541532,664.4712769849982,170.50859860958653,59.09257226491035,60.73911452616173,45.188437614343215,47.01792901573362,122.02707647274057,218.80717160629345,276.61909989023053,94.58470545188439,57.44603000365898,18.477863154043174,502.19538968166853,497.8046103183315,1008.8202866593164,446.0300036589828,440.90742773508964,36.40687888766923,76.65568971825833,248.34801762114537,256.6079295154185,504.9559471365639,1033.259423503326
2266,......2266 Kleinbösingen,705,170.2127659574468,631.2056737588653,198.58156028368796,48.226950354609926,56.737588652482266,65.2482269503546,42.5531914893617,76.59574468085107,190.0709219858156,321.9858156028369,121.98581560283688,69.50354609929079,7.092198581560283,496.45390070921985,503.5460992907801,985.9154929577466,395.74468085106383,473.758865248227,39.71631205673759,90.78014184397163,269.6629213483146,314.6067415730337,584.2696629213483,1166.6666666666667
2271,......2271 Meyriez,569,126.5377855887522,634.4463971880492,239.01581722319858,35.149384885764505,40.421792618629176,50.966608084358526,43.936731107205624,98.41827768014059,149.38488576449913,342.7065026362039,119.50790861159929,89.63093145869948,29.876977152899823,493.8488576449912,506.1511423550088,975.6944444444445,393.67311072056236,446.39718804920915,49.209138840070295,110.72056239015818,199.4459833795014,376.7313019390582,576.1772853185596,1888.888888888889
2272,......2272 Misery-Courtion,2404,187.18801996672212,679.2845257903493,133.52745424292846,66.97171381031613,61.56405990016639,58.65224625623961,60.732113144758735,127.70382695507487,225.04159733777038,265.8069883527454,79.45091514143095,40.76539101497504,13.311148086522463,511.23128119800333,488.76871880199667,1045.9574468085107,505.40765391014975,400.99833610648915,27.870216306156404,65.30782029950083,275.56644213104715,196.57072872014697,472.1371708511941,713.3333333333334
2274,......2274 Muntelier,982,130.34623217922606,613.0346232179226,256.61914460285135,23.421588594704684,57.02647657841141,49.89816700610998,42.76985743380855,86.55804480651732,159.877800407332,323.82892057026476,143.58452138492873,90.63136456211812,22.40325865580448,488.79837067209775,511.20162932790225,956.1752988047809,421.5885947046843,441.9551934826884,49.89816700610998,86.55804480651732,212.62458471760797,418.60465116279073,631.2292358803987,1968.75
2275,......2275 Murten,9552,148.9740368509213,633.8986599664992,217.12730318257957,45.01675041876047,51.29815745393635,52.65912897822445,49.09966499162479,99.97906197654942,187.5,297.31993299832493,109.08710217755443,77.57537688442211,30.464824120603016,489.4262981574539,510.57370184254603,958.5810949354111,432.3701842546064,409.65242881072027,52.973199329983245,105.00418760469012,235.01238645747316,342.5268373245252,577.5392237819984,1457.4841883345046
2276,......2276 Ried bei Kerzers,1237,129.3451899757478,683.9126919967664,186.74211802748587,38.80355699272434,48.504446240905416,42.03718674211803,47.696038803556995,130.96200485044463,200.48504446240906,304.7696038803557,102.6677445432498,65.48100242522231,18.593371059013744,531.1236863379143,468.8763136620857,1132.7586206896551,451.09135004042037,422.79708973322556,33.95311236863379,92.15844785772029,189.12529550827423,273.0496453900709,462.17494089834514,1443.75
2278,......2278 Ulmiz,425,105.88235294117646,696.470588235294,197.6470588235294,28.23529411764706,47.05882352941176,30.58823529411765,54.11764705882353,84.70588235294117,164.7058823529412,392.94117647058823,96.47058823529412,82.3529411764706,18.823529411764703,515.2941176470588,484.70588235294116,1063.106796116505,418.8235294117647,442.3529411764706,49.41176470588235,89.41176470588236,152.02702702702703,283.78378378378375,435.8108108108108,1866.6666666666667
2284,......2284 Mont-Vully,4561,131.550098662574,660.1622451216839,208.28765621574217,51.96228897171673,41.657531243148426,37.93027844770884,46.91953518965139,96.6893225169919,207.19140539355405,309.36198202148654,112.25608419206316,71.25630344222758,24.775268581451435,500.9866257399693,499.0133742600307,1003.9543057996485,429.29182196886643,422.9335672001754,44.50778338083754,103.26682745012059,199.26934573231483,315.5097974094985,514.7791431418134,1583.3333333333333
2292,......2292 Brünisried,724,172.65193370165747,646.4088397790056,180.939226519337,78.7292817679558,52.48618784530387,41.43646408839779,49.72375690607735,98.06629834254143,200.27624309392263,298.3425414364641,117.40331491712708,49.72375690607735,13.812154696132596,519.3370165745856,480.6629834254144,1080.4597701149426,447.51381215469615,437.84530386740335,40.05524861878453,74.58563535911603,267.0940170940171,279.9145299145299,547.0085470085471,1048.0
2293,......2293 Düdingen,9116,142.38701184730147,637.5603334795962,220.05265467310224,53.86134269416411,45.743747257569105,42.78192189556823,46.18253620008775,117.81483106625713,207.9859587538394,265.577007459412,118.47301448003509,74.37472575691092,27.20491443615621,500.8775778850373,499.1224221149627,1003.5164835164836,438.4598508117595,427.3804300131637,46.73102237823607,87.31899956121106,223.33103922918102,345.14796971782516,568.4790089470062,1545.4545454545455
2294,......2294 Giffers,1703,150.91015854374635,651.2037580739872,197.8860833822666,37.5807398708162,62.830299471520846,50.49911920140928,51.08631826189078,98.64944216089253,193.77568995889607,307.69230769230774,106.87022900763358,68.70229007633588,22.313564298297123,503.8167938931297,496.1832061068702,1015.3846153846154,443.92248972401643,414.56253669994123,42.86553141514973,98.64944216089253,231.74030658250678,303.8773669972948,535.6176735798016,1311.284046692607
2295,......2295 Bösingen,3360,145.83333333333334,619.9404761904763,234.22619047619048,46.42857142857143,43.154761904761905,56.25,47.61904761904761,92.85714285714286,180.0595238095238,299.40476190476187,133.33333333333334,79.16666666666666,21.726190476190474,502.38095238095235,497.61904761904765,1009.5693779904307,398.5119047619048,483.3333333333333,45.535714285714285,72.61904761904762,235.23763802208353,377.8204512722035,613.058089294287,1606.1224489795918
2296,......2296 Heitenried,1404,158.83190883190883,639.6011396011396,201.56695156695156,51.28205128205128,51.28205128205128,56.267806267806264,56.267806267806264,95.44159544159544,172.36467236467237,315.52706552706553,107.54985754985755,71.93732193732194,22.079772079772077,516.3817663817664,483.61823361823366,1067.7466863033874,425.2136752136752,457.2649572649573,41.31054131054131,76.21082621082621,248.32962138084633,315.14476614699333,563.4743875278397,1269.0582959641256
2299,......2299 Plaffeien,3693,131.60032493907391,628.4863254806392,239.91334958028705,43.05442729488221,44.13755754129434,44.40834010289738,46.574600595721634,97.4817221770918,179.25805578120767,305.1719469266179,130.5171946926618,81.77633360411589,27.61982128350934,496.6152179799621,503.3847820200379,986.5519096288326,418.3590576766856,420.7961007311129,62.27998916869753,98.56485242350392,209.3925032313658,381.73201206376564,591.1245152951315,1823.045267489712
2300,......2300 Plasselb,1088,147.97794117647058,629.5955882352941,222.42647058823528,56.98529411764706,48.713235294117645,42.279411764705884,45.036764705882355,89.15441176470588,197.61029411764704,297.79411764705884,116.7279411764706,87.31617647058823,18.38235294117647,503.6764705882353,496.3235294117647,1014.8148148148148,425.5514705882353,433.8235294117647,57.904411764705884,82.72058823529412,235.03649635036498,353.2846715328467,588.3211678832116,1503.1055900621118
2301,......2301 Rechthalten,1165,129.6137339055794,626.6094420600858,243.77682403433477,51.502145922746784,36.05150214592275,42.06008583690987,53.21888412017167,87.55364806866953,177.6824034334764,308.15450643776825,116.7381974248927,97.85407725321889,29.184549356223176,496.9957081545064,503.0042918454936,988.0546075085325,437.76824034334766,421.45922746781116,60.94420600858369,78.96995708154508,206.84931506849315,389.041095890411,595.8904109589041,1880.794701986755
2303,......2303 St. Silvester,1064,129.69924812030075,657.8947368421053,212.406015037594,51.691729323308266,39.473684210526315,38.53383458646616,49.81203007518797,110.90225563909773,152.25563909774436,344.9248120300752,106.203007518797,81.76691729323308,24.43609022556391,489.6616541353384,510.3383458646616,959.4843462246777,417.29323308270676,449.2481203007519,55.451127819548866,78.00751879699249,197.14285714285714,322.85714285714283,520.0,1637.6811594202898
2304,......2304 St. Ursen,1419,155.74348132487668,646.229739252995,198.02677942212827,43.69274136715997,50.03523608174771,62.01550387596899,45.80690627202255,104.29880197322058,200.14094432699085,295.9830866807611,104.29880197322058,65.53911205073996,28.188865398167724,505.9901338971107,494.00986610288936,1024.2510699001425,470.0493305144468,414.3763213530655,35.940803382663844,79.63354474982381,241.00327153762268,306.4340239912759,547.4372955288986,1271.493212669683
2305,......2305 Schmitten (FR),4285,152.62543757292883,646.6744457409568,200.70011668611434,47.374562427071176,51.57526254375729,53.67561260210035,50.87514585764294,118.55309218203034,189.03150525087514,288.2147024504084,102.683780630105,70.4784130688448,27.537922987164528,508.2847141190199,491.71528588098016,1033.6971998101567,438.5064177362894,446.9078179696616,42.240373395565925,72.34539089848307,236.01587874413568,310.35727174305305,546.3731504871887,1314.9847094801223
2306,......2306 Tafers,8026,152.753550959382,631.1986045352604,216.04784450535757,48.9658609519063,52.08073760279093,51.70695240468477,54.69723398953401,105.03364066782956,187.14178918514827,284.3259406927486,115.3750311487665,75.6292050834787,25.043608273112387,500.622975330177,499.3770246698231,1002.4950099800399,430.102167954149,441.6895090954398,50.46100174433092,77.49813107400946,242.00552704303198,342.2818791946309,584.2874062376628,1414.3556280587275
2307,......2307 Tentlingen,1382,143.99421128798843,646.8885672937771,209.11722141823444,49.204052098408106,53.545586107091175,41.24457308248915,44.138929088277855,105.64399421128799,203.32850940665702,293.77713458755426,116.49782923299566,68.7409551374819,23.878437047756872,491.3169319826339,508.68306801736617,965.8605974395448,434.1534008683068,426.19392185238786,44.862518089725036,94.79015918958032,222.59507829977628,323.2662192393736,545.8612975391499,1452.2613065326632
2308,......2308 Ueberstorf,2433,131.52486642005752,644.0608302507193,224.41430332922317,49.73284011508426,43.15659679408138,38.6354295108919,63.707357172215374,95.7665433621044,184.13481298808057,300.45211672831897,117.55034936292643,80.55898068228524,26.304973284011506,499.79449239621863,500.20550760378137,999.1783073130649,427.04480065762436,441.84134812988077,52.60994656802301,78.50390464447185,204.211869814933,348.4365028717294,552.6483726866625,1706.25
2309,......2309 Wünnewil-Flamatt,5814,158.92672858617132,654.2827657378741,186.7905056759546,55.55555555555555,52.63157894736842,50.73959408324733,51.25558995528036,120.57103543171654,198.83040935672514,283.62573099415204,100.61919504643963,63.295493636050914,22.87581699346405,509.63192294461646,490.36807705538354,1039.2844615924237,428.2765737874097,440.31647746818027,42.999656002751976,88.40729274165807,242.90220820189273,285.4889589905363,528.3911671924291,1175.3246753246754
2321,......2321 Attalens,3693,183.86135932845923,666.6666666666666,149.47197400487408,59.30138099106418,61.73842404549147,62.8215542919036,60.3845112374763,98.83563498510696,221.5001353912808,285.9463850528026,82.31789872732196,47.38694828053074,19.767126997021393,500.67695640400757,499.32304359599243,1002.7114967462038,477.93122122935284,397.7795829948551,37.63877606282155,86.65041971297047,275.7920389926889,224.20796100731113,500.0,812.960235640648
2323,......2323 Bossonnens,1593,170.74701820464531,701.820464532329,127.43251726302573,43.314500941619585,65.91337099811676,61.519146264908976,69.6798493408663,121.78279974890144,222.84996861268047,287.50784682988075,72.19083490269931,45.19774011299435,10.043942247332078,503.45260514752044,496.5473948524796,1013.9064475347661,483.9924670433145,381.04205900816066,35.15379786566227,99.81167608286252,243.29159212880145,181.5742397137746,424.86583184257603,746.3235294117648
2325,......2325 Châtel-Saint-Denis,8786,164.80764853175506,695.0830867288869,140.10926473935805,56.45344866833599,56.45344866833599,51.90075119508308,50.64875938993854,126.33735488276804,258.02412929660824,260.072843159572,74.55042112451628,51.331664010926474,14.22717960391532,501.47962667880716,498.52037332119284,1005.9360730593608,500.341452310494,356.0209424083769,35.169587980878674,108.4680173002504,237.1049615195677,201.57196659570982,438.6769281152775,850.1381215469613
2328,......2328 Granges (Veveyse),977,156.60184237461615,687.8198567041966,155.5783009211873,54.247697031729786,63.45957011258955,38.89457523029682,56.29477993858751,126.9191402251791,195.49641760491298,309.1095189355169,77.78915046059365,61.41248720573183,16.37666325486182,507.6765609007164,492.3234390992835,1031.1850311850312,476.97031729785056,412.4872057318321,28.65916069600819,81.88331627430911,227.67857142857142,226.1904761904762,453.8690476190476,993.4640522875817
2333,......2333 Remaufens,1427,209.53048353188507,657.323055360897,133.14646110721796,71.47862648913805,78.48633496846531,59.56552207428171,50.455501051156276,118.43027330063069,262.0882971268395,226.34898388227052,90.39943938332165,35.0385423966363,7.708479327259987,492.6419060967064,507.35809390329365,970.9944751381215,503.15346881569724,386.8255080588647,23.125437981779957,86.89558514365802,318.7633262260128,202.55863539445627,521.3219616204691,635.4515050167224
2335,......2335 Saint-Martin (FR),1043,166.82646212847555,671.1409395973154,162.03259827420902,40.26845637583892,65.19654841802493,61.36145733461169,56.56759348034516,101.62991371045062,207.09491850431448,305.8485139022052,93.95973154362416,48.897411313518695,19.175455417066157,494.7267497603068,505.27325023969314,979.1271347248577,457.3346116970278,412.27229146692235,42.18600191754554,88.20709491850431,248.57142857142858,241.42857142857144,490.0,971.264367816092
2336,......2336 Semsales,1568,167.09183673469389,661.3520408163265,171.55612244897958,49.744897959183675,56.76020408163265,60.586734693877546,61.86224489795918,110.33163265306123,211.73469387755102,277.42346938775506,98.85204081632654,57.39795918367347,15.306122448979592,503.82653061224494,496.17346938775506,1015.4241645244215,476.40306122448976,385.2040816326531,45.28061224489796,93.11224489795919,252.65188042430086,259.40212150433945,512.0540019286402,1026.7175572519086
2337,......2337 Le Flon,1211,162.67547481420314,674.6490503715937,162.67547481420314,42.93971924029728,48.72006606110652,71.01568951279934,77.62180016515278,108.17506193228736,199.83484723369116,289.01734104046244,96.61436829066886,50.371593724194874,15.68951279933939,482.24607762180017,517.7539223781998,931.4194577352473,476.4657308009909,402.972749793559,44.59124690338563,75.9702725020644,241.12607099143207,241.12607099143207,482.25214198286415,1000.0
2338,......2338 La Verrerie,1350,177.77777777777777,700.0,122.22222222222221,54.81481481481482,65.92592592592592,57.03703703703704,64.44444444444444,123.70370370370371,220.74074074074073,291.1111111111111,58.51851851851852,48.148148148148145,15.555555555555555,509.6296296296297,490.3703703703703,1039.274924471299,482.22222222222223,404.44444444444446,30.37037037037037,82.22222222222223,253.96825396825395,174.60317460317458,428.57142857142856,687.5
2401,......2401 Egerkingen,4311,170.0301554163767,651.1250289955926,178.84481558803063,58.45511482254697,57.75922059846903,53.815819995360705,47.08884249594061,113.66272326606355,241.24333101368592,249.13013221990258,98.58501507770819,59.15100904662491,21.10879146369752,515.1936905590351,484.806309440965,1062.6794258373207,427.51101832521454,444.4444444444444,45.69705404778473,82.11551844119694,261.132882080513,274.67046669041684,535.8033487709298,1051.8417462482948
2402,......2402 Härkingen,1781,163.95283548568221,669.8483997754071,166.19876473891074,57.832678270634474,54.463784390791695,51.65637282425604,47.16451431779899,98.82088714205503,242.5603593486805,281.3026389668725,107.24312184166199,47.16451431779899,11.791128579449747,518.8096574957889,481.1903425042111,1078.1796966161025,444.1325098259405,431.7798989331836,27.512633352049413,96.01347557551937,244.76110645431683,248.11399832355409,492.8751047778709,1013.6986301369864
2403,......2403 Kestenholz,1884,157.64331210191082,635.8811040339702,206.4755838641189,48.30148619957537,47.239915074309984,62.10191082802548,58.9171974522293,95.01061571125265,182.59023354564755,299.3630573248408,101.38004246284501,73.2484076433121,31.84713375796178,506.9002123142251,493.09978768577497,1027.9870828848223,430.4670912951168,430.9978768577495,48.30148619957537,90.23354564755839,247.91318864774624,324.70784641068445,572.6210350584307,1309.7643097643097
2404,......2404 Neuendorf,2396,157.76293823038398,662.3539232053422,179.8831385642738,42.15358931552588,63.439065108514185,52.1702838063439,48.83138564273789,113.9398998330551,202.0033388981636,297.57929883138564,111.43572621035058,53.42237061769616,15.025041736227045,499.1652754590985,500.8347245409015,996.6666666666667,434.47412353923204,444.9081803005008,30.884808013355595,89.73288814691152,238.1852551984877,271.5816005040958,509.7668557025835,1140.2116402116403
2405,......2405 Niederbuchsiten,1341,151.37956748695004,672.6323639075317,175.98806860551827,46.97986577181208,58.165548098434,46.23415361670395,49.9627143922446,105.14541387024609,233.40790454884413,284.11633109619686,98.43400447427294,54.436987322893366,23.117076808351975,494.40715883668906,505.59284116331094,977.8761061946902,429.5302013422819,430.27591349739004,32.811334824757644,107.38255033557047,225.05543237250555,261.6407982261641,486.6962305986696,1162.5615763546798
2406,......2406 Oberbuchsiten,2406,150.45719035743974,686.2011637572734,163.3416458852868,54.86284289276808,46.13466334164588,49.45968412302577,54.03158769742311,116.37572734829592,224.02327514546965,291.77057356608475,97.67248545303408,49.87531172069826,15.793848711554446,516.209476309227,483.79052369077306,1067.0103092783504,427.68079800498754,460.09975062344137,27.43142144638404,84.78802992518703,219.26105390672322,238.03755299818292,457.2986069049061,1085.635359116022
2407,......2407 Oensingen,6817,160.7745342526038,674.4902449757958,164.7352207716004,53.98269033299105,56.03637963913745,50.75546428047528,50.31538800058677,120.2875165028605,238.9614199794631,264.92592049288544,87.57517969781428,56.62314801232213,20.53689306146399,518.8499339885581,481.150066011442,1078.3536585365853,437.14243802259057,432.5949831304093,44.594396362036086,85.66818248496406,238.36450630709004,244.23662461939975,482.60113092648976,1024.6350364963503
2408,......2408 Wolfwil,2443,156.7744576340565,625.0511665984445,218.174375767499,49.11993450675399,56.078591895210806,51.57593123209169,50.75726565697913,88.82521489971347,205.07572656569792,280.39295947605405,117.06917724109701,72.86123618501841,28.243962341383543,488.33401555464593,511.66598444535407,954.4,417.11011051985264,443.7167417110111,53.21326238231682,85.95988538681948,250.81859855926652,349.0504256712508,599.8690242305173,1391.6449086161879
2421,......2421 Aedermannsdorf,593,133.22091062394603,627.318718381113,239.46037099494097,43.84485666104553,47.217537942664414,42.15851602023609,67.45362563237774,91.06239460370995,180.43844856661045,288.36424957841484,163.575042158516,52.27655986509275,23.608768971332207,539.6290050590219,460.37099494097805,1172.1611721611723,401.3490725126476,487.35244519392916,33.72681281618887,77.5716694772344,212.36559139784947,381.72043010752685,594.0860215053764,1797.4683544303798
2422,......2422 Balsthal,6560,158.23170731707316,641.1585365853658,200.609756097561,43.75,53.96341463414634,60.51829268292683,56.707317073170735,99.54268292682927,209.7560975609756,275.1524390243902,103.5060975609756,68.14024390243902,28.963414634146343,521.9512195121952,478.04878048780483,1091.8367346938776,437.0426829268293,425.45731707317077,48.01829268292683,89.32926829268293,246.79029957203994,312.8863528292915,559.6766524013315,1267.8227360308285
2424,......2424 Herbetswil,608,151.31578947368422,616.7763157894736,231.9078947368421,57.56578947368421,44.4078947368421,49.3421052631579,50.98684210526316,80.59210526315789,208.8815789473684,276.3157894736842,100.32894736842105,88.8157894736842,42.76315789473684,541.1184210526316,458.88157894736844,1179.2114695340501,442.4342105263158,417.7631578947368,54.276315789473685,85.52631578947368,245.33333333333331,376.0,621.3333333333333,1532.6086956521738
2425,......2425 Holderbank (SO),779,123.23491655969191,694.4801026957638,182.2849807445443,44.929396662387674,34.65982028241335,43.64569961489089,55.198973042362,136.07188703465982,177.15019255455712,326.0590500641848,94.99358151476252,55.198973042362,32.09242618741977,514.7625160462131,485.2374839537869,1060.846560846561,422.3363286264442,427.4711168164313,39.79460847240052,110.397946084724,177.44916820702403,262.47689463955635,439.9260628465804,1479.1666666666667
2426,......2426 Laupersdorf,1880,166.48936170212767,620.7446808510638,212.7659574468085,54.255319148936174,55.31914893617021,56.91489361702128,54.787234042553195,99.46808510638299,203.1914893617021,263.2978723404255,121.27659574468085,63.29787234042553,28.191489361702125,512.2340425531914,487.7659574468085,1050.163576881134,423.40425531914894,456.3829787234043,44.68085106382979,75.0,268.20908311910887,342.75921165381317,610.968294772922,1277.9552715654952
2427,......2427 Matzendorf,1409,156.13910574875797,632.3633782824699,211.49751596877218,53.22924059616749,53.22924059616749,49.680624556423,41.1639460610362,85.8765081618169,200.14194464158976,305.180979418027,123.49183818310858,61.036195883605394,26.9694819020582,511.000709723208,488.99929027679207,1044.9927431059507,410.2200141944641,479.0631653655075,43.29311568488289,67.4237047551455,246.91358024691357,334.4556677890011,581.3692480359147,1354.5454545454545
2428,......2428 Mümliswil-Ramiswil,2481,143.89359129383314,632.4062877871826,223.70012091898428,49.57678355501813,46.352277307537285,47.964530431277716,45.54615074566707,99.15356711003626,193.06731156791616,294.6392583635631,116.88835147118097,71.745264006449,35.066505441354295,509.87505038291016,490.12494961708984,1040.296052631579,430.06852075775896,430.87464731962916,55.21966948810964,83.43409915356712,227.53346080305928,353.72848948374764,581.261950286807,1554.6218487394958
2430,......2430 Welschenrohr-Gänsbrunnen,1209,133.16790736145575,622.8287841191067,244.00330851943755,40.52936311000827,49.62779156327544,43.01075268817205,34.7394540942928,96.77419354838709,196.02977667493795,295.2853598014888,135.64929693961952,65.34325889164599,43.01075268817205,518.6104218362283,481.3895781637717,1077.319587628866,401.1579818031431,445.822994210091,60.380479735318445,92.63854425144747,213.81142098273574,391.7662682602921,605.5776892430279,1832.2981366459628
2445,......2445 Biezwil,345,147.82608695652175,591.304347826087,260.8695652173913,49.275362318840585,46.3768115942029,52.17391304347826,72.46376811594203,49.275362318840585,185.5072463768116,284.05797101449275,150.72463768115944,92.7536231884058,17.391304347826086,518.840579710145,481.15942028985506,1078.3132530120483,411.5942028985507,428.9855072463768,60.869565217391305,98.55072463768117,250.0,441.1764705882353,691.1764705882352,1764.7058823529412
2455,......2455 Lüterkofen-Ichertswil,902,159.6452328159645,607.5388026607538,232.8159645232816,49.889135254988915,56.5410199556541,53.21507760532151,46.56319290465632,88.69179600886919,188.470066518847,283.8137472283814,119.73392461197339,86.47450110864744,26.607538802660756,491.1308203991131,508.869179600887,965.1416122004357,423.50332594235033,444.56762749445676,49.889135254988915,82.039911308204,262.77372262773724,383.2116788321168,645.9854014598541,1458.3333333333333
2457,......2457 Messen,1498,154.2056074766355,630.8411214953271,214.9532710280374,35.380507343124165,57.409879839786385,61.415220293724964,51.401869158878505,96.12817089452604,176.23497997329773,307.07610146862487,115.48731642189586,71.42857142857143,28.037383177570092,517.3564753004006,482.6435246995995,1071.9225449515905,413.21762349799735,467.9572763684913,52.069425901201605,66.08811748998664,244.44444444444443,340.7407407407407,585.1851851851851,1393.939393939394
2461,......2461 Schnottwil,1176,152.2108843537415,653.0612244897959,194.7278911564626,45.06802721088435,53.57142857142857,53.57142857142857,47.61904761904761,80.78231292517007,188.77551020408163,335.8843537414966,91.83673469387756,70.578231292517,32.31292517006803,501.7006802721088,498.29931972789115,1006.825938566553,416.6666666666667,449.82993197278915,38.26530612244898,95.23809523809523,233.07291666666666,298.1770833333333,531.25,1279.3296089385476
2463,......2463 Unterramsern,225,177.77777777777777,662.2222222222223,160.0,57.77777777777778,44.44444444444444,75.55555555555556,22.22222222222222,71.11111111111111,200.0,368.88888888888886,93.33333333333334,57.77777777777778,8.88888888888889,475.55555555555554,524.4444444444445,906.7796610169491,337.77777777777777,555.5555555555555,31.11111111111111,75.55555555555556,268.4563758389262,241.61073825503357,510.0671140939598,900.0
2464,......2464 Lüsslingen-Nennigkofen,1144,152.97202797202797,638.1118881118881,208.9160839160839,44.58041958041959,52.44755244755245,55.94405594405595,62.93706293706294,82.16783216783216,173.07692307692307,319.93006993007,107.5174825174825,78.67132867132867,22.727272727272727,496.50349650349654,503.4965034965035,986.1111111111112,450.1748251748252,397.7272727272727,45.45454545454545,106.64335664335664,239.72602739726025,327.39726027397256,567.1232876712329,1365.7142857142856
2465,......2465 Buchegg,2964,122.13225371120107,650.8097165991903,227.05802968960865,35.76248313090418,44.534412955465584,41.83535762483131,47.233468286099864,84.34547908232119,187.58434547908232,331.6464237516869,117.74628879892038,74.56140350877193,34.75033738191633,487.85425101214577,512.1457489878543,952.5691699604744,408.9068825910931,450.7422402159244,51.95681511470985,88.39406207827261,187.66200103680663,348.8854328667704,536.5474339035769,1859.1160220994475
2471,......2471 Bättwil,1192,133.38926174496643,656.8791946308726,209.73154362416108,40.26845637583892,53.691275167785236,39.42953020134228,63.75838926174497,103.18791946308725,162.751677852349,327.18120805369125,125.0,68.79194630872483,15.939597315436243,488.25503355704694,511.744966442953,954.0983606557377,399.32885906040264,485.73825503355704,39.42953020134228,75.503355704698,203.06513409961684,319.28480204342276,522.3499361430396,1572.3270440251574
2472,......2472 Büren (SO),1077,173.63045496750232,641.5970287836583,184.77251624883937,45.49675023212628,58.4958217270195,69.63788300835655,42.71123491179202,97.49303621169916,195.91457753017642,305.47818012999073,103.06406685236769,60.352831940575676,21.35561745589601,485.60817084493965,514.3918291550603,944.0433212996389,411.3277623026927,461.46703806870937,42.71123491179202,83.56545961002786,270.6222865412446,287.98842257597687,558.6107091172214,1064.1711229946525
2473,......2473 Dornach,6901,140.55933922619909,621.5041298362556,237.93653093754526,42.02289523257499,49.26822199681206,49.26822199681206,53.32560498478482,93.75452832922765,180.98826257064192,293.4357339516012,116.79466743950152,87.08882770612955,34.05303579191422,479.78553832777857,520.2144616722214,922.2841225626742,441.3853064773221,413.85306477322126,46.9497174322562,97.81191131720041,226.15994404290043,382.83982280251803,608.9997668454185,1692.7835051546392
2474,......2474 Gempen,934,146.68094218415416,630.6209850107066,222.69807280513916,34.261241970021416,43.897216274089935,68.52248394004283,64.23982869379014,80.29978586723769,156.3169164882227,329.76445396145607,118.84368308351178,81.37044967880087,22.483940042826553,500.0,500.0,1000.0,440.04282655246254,415.41755888650965,38.54389721627409,105.99571734475374,232.59762308998302,353.1409168081494,585.7385398981324,1518.2481751824816
2475,......2475 Hochwald,1282,141.9656786271451,577.2230889235569,280.81123244929796,43.6817472698908,42.1216848673947,56.1622464898596,48.361934477379094,70.20280811232449,157.5663026521061,301.09204368174727,174.7269890795632,81.1232449297972,24.960998439937597,503.90015600624025,496.09984399375975,1015.7232704402517,381.43525741029646,488.29953198127924,35.881435257410295,94.38377535101404,245.94594594594597,486.4864864864865,732.4324324324324,1978.0219780219782
2476,......2476 Hofstetten-Flüh,3402,146.9723691945914,624.3386243386243,228.68900646678426,42.32804232804233,52.02821869488536,52.616108171663726,57.025279247501466,81.12874779541445,156.96649029982362,329.2181069958848,119.63550852439741,84.36213991769547,24.691358024691358,494.70899470899474,505.2910052910053,979.0575916230366,383.5978835978836,495.8847736625515,40.56437389770723,79.95296884185774,235.40489642184556,366.2900188323917,601.6949152542372,1556.0
2477,......2477 Metzerlen-Mariastein,988,142.71255060728743,610.3238866396761,246.96356275303643,38.46153846153847,59.716599190283404,44.534412955465584,48.582995951417004,66.80161943319838,155.87044534412956,339.0688259109312,144.73684210526315,71.86234817813765,30.364372469635626,519.2307692307693,480.7692307692308,1080.0,393.72469635627533,458.502024291498,52.63157894736842,94.12955465587045,233.83084577114428,404.6434494195688,638.4742951907131,1730.4964539007092
2478,......2478 Nuglar-St. Pantaleon,1553,129.42691564713456,613.6509980682549,256.92208628461043,42.49839021249195,47.64971023824855,39.27881519639408,44.430135222150675,88.21635544108177,159.04700579523504,321.9575016097875,141.01738570508692,95.2994204764971,20.6052801030264,503.5415325177076,496.45846748229235,1014.2671854734111,385.06117192530587,488.73148744365744,38.6349001931745,87.57244043786221,210.91290661070306,418.67785939139554,629.5907660020986,1985.0746268656717
2479,......2479 Rodersdorf,1408,147.72727272727275,551.1363636363636,301.1363636363636,35.51136363636364,53.26704545454545,58.94886363636364,44.74431818181819,80.9659090909091,146.3068181818182,279.1193181818182,166.9034090909091,106.5340909090909,27.698863636363637,470.1704545454545,529.8295454545454,887.3994638069705,374.2897727272727,482.2443181818182,53.26704545454545,89.48863636363637,268.0412371134021,546.3917525773195,814.4329896907217,2038.4615384615383
2480,......2480 Seewen,1088,139.7058823529412,627.7573529411765,232.53676470588235,40.44117647058824,49.63235294117647,49.63235294117647,36.76470588235294,89.15441176470588,177.38970588235296,324.4485294117647,127.75735294117646,75.36764705882352,29.41176470588235,493.56617647058823,506.4338235294118,974.5916515426497,417.2794117647059,440.25735294117646,47.79411764705882,94.66911764705883,222.5475841874085,370.42459736456806,592.9721815519766,1664.4736842105262
2481,......2481 Witterswil,1500,150.0,622.6666666666667,227.33333333333334,45.333333333333336,52.666666666666664,52.0,44.0,92.66666666666666,183.33333333333331,302.66666666666663,115.33333333333333,80.66666666666666,31.333333333333332,497.33333333333337,502.6666666666667,989.3899204244032,396.6666666666667,478.6666666666667,52.666666666666664,72.0,240.89935760171304,365.0963597430407,605.9957173447538,1515.5555555555557
2491,......2491 Hauenstein-Ifenthal,341,143.69501466275662,648.0938416422288,208.21114369501467,49.853372434017594,43.98826979472141,49.853372434017594,61.58357771260997,87.97653958944282,175.95307917888564,322.5806451612903,105.57184750733138,82.11143695014663,20.527859237536656,545.4545454545454,454.5454545454545,1200.0,436.95014662756597,448.68035190615836,38.12316715542522,76.24633431085044,221.71945701357464,321.2669683257919,542.9864253393665,1448.9795918367347
2492,......2492 Kienberg,526,155.893536121673,648.2889733840304,195.81749049429658,47.52851711026616,41.82509505703422,66.53992395437263,47.52851711026616,72.24334600760456,199.61977186311788,328.89733840304183,93.15589353612168,85.55133079847909,17.11026615969582,524.7148288973384,475.2851711026616,1104.0,423.95437262357416,418.25095057034224,43.72623574144487,114.06844106463879,240.4692082111437,302.0527859237537,542.5219941348973,1256.0975609756097
2493,......2493 Lostorf,4129,147.97771857592636,626.0595785904577,225.96270283361588,44.80503753935577,52.55509808670381,50.6175829498668,44.56284814725115,94.21167352869944,167.35286994429643,319.9321869702107,114.07120368127876,84.03971906030516,27.85178009203197,507.14458706708643,492.8554129329135,1028.992628992629,386.04989101477355,483.1678372487285,46.50036328408816,84.03971906030516,236.36363636363635,360.92843326885884,597.2920696324951,1527.0049099836333
2495,......2495 Niedergösgen,4255,160.28202115158638,635.2526439482962,204.4653349001175,51.46886016451234,53.11398354876616,55.69917743830787,44.41833137485311,113.74853113983549,208.46063454759107,268.62514688601647,109.048178613396,70.50528789659225,24.91186839012926,511.39835487661577,488.6016451233843,1046.6570466570465,422.5616921269095,432.43243243243245,49.35370152761457,95.41715628672151,252.31224565297816,321.8645948945616,574.1768405475398,1275.659824046921
2497,......2497 Obergösgen,2490,138.55421686746988,624.0963855421687,237.34939759036143,49.799196787148595,41.76706827309237,46.98795180722892,44.17670682730924,114.05622489959839,188.75502008032126,277.10843373493975,119.27710843373494,84.33734939759036,33.734939759036145,495.9839357429719,504.0160642570282,984.0637450199204,409.23694779116465,432.93172690763055,62.65060240963856,95.18072289156626,222.007722007722,380.3088803088803,602.3166023166024,1713.0434782608697
2499,......2499 Stüsslingen,1259,154.88482922954728,618.7450357426529,226.37013502779985,52.42255758538523,50.833995234312944,51.628276409849086,43.68546465448769,84.19380460683082,196.98173153296267,293.8840349483717,129.4678316123908,76.25099285146942,20.651310563939635,494.8371723590151,505.16282764098486,979.559748427673,409.054805401112,476.56870532168386,36.536934074662426,77.8395552025417,250.32092426187418,365.8536585365854,616.1745827984596,1461.5384615384614
2500,......2500 Trimbach,6854,157.42632039684855,659.177122847972,183.39655675517946,51.50277210388095,55.44207761890867,50.48147067405894,50.04377006127809,123.5774730084622,230.52232273125182,255.0335570469799,92.06302888824044,64.4878902830464,26.845637583892618,504.5229063320689,495.4770936679311,1018.2567726737337,447.18412605777644,418.0040852057193,48.00116720163408,86.66472133060986,238.8224878264719,278.2204515272244,517.0429393536963,1164.967562557924
2501,......2501 Winznau,2053,155.38236726741354,606.9167072576716,237.70092547491475,49.68339016074038,49.19629810034096,56.5026790063322,38.48027277155382,98.39259620068192,188.9917194349732,281.0521188504627,130.54067218704336,81.34437408670239,25.81587920116902,503.6531904529956,496.3468095470044,1014.7203140333661,412.5669751583049,452.9956161714564,50.1704822211398,84.26692644909888,256.01926163723914,391.65329052969497,647.6725521669342,1529.780564263323
2502,......2502 Wisen (SO),438,130.13698630136986,639.269406392694,230.59360730593605,43.37899543378995,47.94520547945205,38.81278538812785,41.0958904109589,59.3607305936073,189.49771689497715,349.3150684931507,148.40182648401824,57.077625570776256,25.11415525114155,497.7168949771689,502.283105022831,990.909090909091,390.4109589041096,486.3013698630137,41.0958904109589,82.1917808219178,203.57142857142858,360.7142857142857,564.2857142857143,1771.9298245614034
2503,......2503 Erlinsbach (SO),3736,161.93790149892934,633.2976445396146,204.7644539614561,49.25053533190578,59.42184154175589,53.265524625267666,50.856531049250535,96.35974304068523,205.83511777301928,280.24625267665954,103.85438972162741,74.14346895074947,26.76659528907923,483.9400428265524,516.0599571734475,937.7593360995851,443.79014989293364,412.74089935760173,48.4475374732334,94.48608137044968,255.70583262890955,323.330515638208,579.0363482671174,1264.4628099173553
2511,......2511 Aeschi (SO),1328,143.82530120481928,608.433734939759,247.74096385542168,46.68674698795181,52.71084337349398,44.42771084337349,29.367469879518072,77.56024096385543,201.05421686746988,300.4518072289157,155.12048192771087,67.01807228915662,25.602409638554217,503.01204819277115,496.9879518072289,1012.1212121212122,381.7771084337349,486.4457831325301,38.403614457831324,92.62048192771084,236.38613861386136,407.17821782178214,643.5643564356436,1722.5130890052355
2513,......2513 Biberist,9545,146.98795180722894,643.5830277632268,209.42902042954427,49.13567312729178,49.13567312729178,48.71660555264536,47.35463593504453,123.93923520167627,202.40963855421688,269.87951807228916,105.70979570455737,72.70822420115243,31.01100052383447,494.18543740178103,505.81456259821897,977.0091135045568,451.96437925615504,401.99057097957046,47.56416972236773,98.48088004190676,228.39003744098974,325.411036952629,553.8010743936188,1424.8039914468995
2514,......2514 Bolken,577,129.98266897746967,677.6429809358752,192.3743500866551,24.263431542461007,41.5944540727903,64.12478336221837,60.658578856152516,91.85441941074524,155.9792027729636,369.1507798960139,124.78336221837088,57.19237435008666,10.398613518197575,528.5961871750433,471.4038128249567,1121.3235294117646,384.7487001733102,474.8700173310225,34.66204506065858,103.98613518197574,191.8158567774936,283.8874680306905,475.70332480818416,1480.0
2516,......2516 Deitingen,2338,132.16424294268606,631.3088109495295,236.52694610778443,38.49443969204448,50.89820359281437,42.7715996578272,54.31993156544055,94.09751924721985,192.4721984602224,290.4191616766467,119.3327630453379,94.09751924721985,23.096663815226687,509.83746792130023,490.16253207869977,1040.1396160558465,397.77587681779295,480.75278015397777,43.199315654405474,78.27202737382379,209.34959349593495,374.66124661246613,584.0108401084011,1789.6440129449838
2517,......2517 Derendingen,7133,138.23075844665638,661.9935511005187,199.7756904528249,47.38539184074022,45.98345717089584,44.86190943502033,47.946165708677974,121.40754240852377,206.22458993410908,286.4152530492079,104.30393943642225,71.6388616290481,23.83288938735455,494.0417776531614,505.9582223468386,976.4477694652259,420.3000140193467,414.83246880695356,56.918547595682035,107.94896957801767,208.80982634476916,301.7789072426938,510.5887335874629,1445.2332657200811
2518,......2518 Etziken,1069,185.2198316183349,628.6248830682881,186.155285313377,66.41721234798878,65.48175865294668,53.32086061739944,41.1599625818522,89.80355472404115,238.54069223573433,259.1206735266604,98.22263797942001,71.09448082319925,16.83816651075772,496.7259120673527,503.2740879326474,986.9888475836432,449.0177736202058,430.3086997193639,41.1599625818522,79.51356407857811,294.64285714285717,296.1309523809524,590.7738095238095,1005.050505050505
2519,......2519 Gerlafingen,5859,162.31438812083974,660.8636286055641,176.8219832735962,51.71530977982591,56.152927120669055,54.44615122034477,54.44615122034477,132.957842635262,217.44324970131422,256.0163850486431,89.26437958696023,60.419866871479776,27.13773681515617,513.0568356374808,486.9431643625192,1053.627760252366,445.9805427547363,415.4292541389316,43.18143027820447,95.40877282812767,245.6095041322314,267.5619834710744,513.1714876033058,1089.37960042061
2520,......2520 Halten,841,124.8513674197384,614.7443519619501,260.40428061831153,38.04994054696789,41.617122473246134,45.18430439952437,52.318668252080855,76.09988109393578,159.33412604042806,326.9916765755054,123.66230677764565,102.25921521997621,34.48275862068965,513.6741973840666,486.3258026159334,1056.234718826406,356.718192627824,513.6741973840666,54.696789536266344,74.91082045184304,203.09477756286267,423.5976789168279,626.6924564796905,2085.714285714286
2523,......2523 Horriwil,943,188.7592788971368,624.6023329798516,186.63838812301168,50.901378579003186,63.62672322375397,74.23117709437963,54.08271474019088,86.95652173913044,187.69883351007425,295.864262990456,99.68186638388123,65.74761399787911,21.208907741251327,496.288441145281,503.711558854719,985.2631578947369,444.3266171792153,452.81018027571577,40.296924708377524,62.56627783669141,302.20713073005095,298.811544991511,601.018675721562,988.7640449438202
2524,......2524 Hüniken,161,192.54658385093168,590.0621118012423,217.3913043478261,49.689440993788814,74.53416149068323,68.32298136645963,37.267080745341616,74.53416149068323,155.27950310559004,322.98136645962734,142.85714285714286,49.689440993788814,24.844720496894407,509.31677018633536,490.6832298136646,1037.9746835443038,366.4596273291926,527.9503105590062,37.267080745341616,68.32298136645963,326.3157894736842,368.4210526315789,694.7368421052632,1129.0322580645163
2525,......2525 Kriegstetten,1446,148.68603042876902,618.9488243430152,232.36514522821577,43.56846473029045,56.016597510373444,49.100968188105114,50.48409405255878,86.44536652835407,206.77731673582295,275.2420470262794,126.55601659751036,87.1369294605809,18.672199170124482,493.0843706777317,506.9156293222683,972.7148703956344,410.09681881051176,446.0580912863071,51.17565698478561,91.97786998616874,240.22346368715083,375.4189944134078,615.6424581005587,1562.7906976744187
2526,......2526 Lohn-Ammannsegg,2947,140.48184594502885,601.2894468951476,258.22870715982356,45.80929759077027,49.5419070240923,45.13064133016627,38.34407872412623,94.67254835425857,180.52256532066508,287.7502544960977,135.7312521208008,93.65456396335256,28.842891075670174,492.36511706820494,507.63488293179506,969.9197860962568,403.80047505938245,450.9670851713607,53.61384458771632,91.61859518154054,233.63431151241534,429.45823927765235,663.0925507900677,1838.1642512077294
2527,......2527 Luterbach,3724,137.48657357679915,639.0977443609023,223.41568206229863,42.42749731471536,46.18689581095596,48.87218045112782,55.85392051557466,98.81847475832438,198.17400644468313,286.2513426423201,112.24489795918367,79.484425349087,31.68635875402793,507.51879699248127,492.4812030075188,1030.5343511450383,426.9602577873254,417.8302900107411,53.43716433941998,101.77228786251342,215.12605042016807,349.57983193277306,564.7058823529412,1625.0
2528,......2528 Obergerlafingen,1266,148.4992101105845,636.650868878357,214.84992101105846,49.76303317535545,48.183254344391784,50.552922590837284,41.07424960505529,93.20695102685623,214.84992101105846,287.51974723538706,105.05529225908373,86.88783570300158,22.906793048973142,487.3617693522907,512.6382306477093,950.693374422188,400.4739336492891,454.9763033175355,46.603475513428116,97.94628751974724,233.25062034739454,337.468982630273,570.7196029776675,1446.808510638298
2529,......2529 Oekingen,894,155.48098434004473,624.1610738255033,220.3579418344519,39.14988814317673,53.691275167785236,62.639821029082775,53.691275167785236,100.67114093959731,181.20805369127515,288.59060402684565,126.39821029082773,73.8255033557047,20.13422818791946,505.59284116331094,494.40715883668906,1022.6244343891402,412.751677852349,456.3758389261745,42.50559284116331,88.36689038031321,249.10394265232975,353.04659498207883,602.1505376344086,1417.2661870503598
2530,......2530 Recherswil,2202,160.76294277929154,611.716621253406,227.52043596730246,49.50045413260673,57.22070844686648,54.04178019981835,38.14713896457766,84.01453224341508,214.35059037238875,275.20435967302456,132.60672116257945,74.0236148955495,20.89009990917348,491.3714804722979,508.62851952770205,966.0714285714286,396.45776566757496,455.0408719346049,47.229791099000906,101.27157129881925,262.80623608017817,371.9376391982183,634.7438752783964,1415.2542372881355
2532,......2532 Subingen,3299,147.92361321612609,645.347074871173,206.72931191270084,45.77144589269476,51.227644740830556,50.92452258260079,43.34646862685662,107.60836617156714,185.51076083661715,308.8814792361322,120.03637465898757,60.018187329493784,26.67474992421946,499.5453167626553,500.4546832373447,998.1829194427619,403.7587147620491,453.16762655350107,47.59017884207335,95.48347984237648,229.21559417566934,320.3381869422264,549.5537811178958,1397.5409836065573
2534,......2534 Zuchwil,9616,144.9667221297837,671.1730449251247,183.86023294509152,49.91680532445923,50.33277870216306,44.717138103161396,43.57321131447588,133.8394342762063,239.7046589018303,254.0557404326123,96.29783693843594,61.044093178036604,26.518302828618967,500.2079866888519,499.7920133111481,1000.8322929671245,467.7620632279534,383.21547420965055,45.445091514143094,103.47337770382696,215.99008366904246,273.9386427022002,489.92872637124265,1268.2926829268292
2535,......2535 Drei Höfe,732,140.7103825136612,633.8797814207651,225.40983606557378,46.44808743169399,50.54644808743169,43.71584699453552,36.885245901639344,79.23497267759564,191.25683060109287,326.5027322404371,139.34426229508196,62.84153005464481,23.224043715846996,505.46448087431696,494.53551912568304,1022.0994475138122,401.6393442622951,461.74863387978144,49.18032786885246,87.43169398907104,221.98275862068968,355.60344827586204,577.5862068965517,1601.9417475728155
2541,......2541 Balm bei Günsberg,230,143.47826086956522,582.6086956521739,273.9130434782608,56.52173913043478,43.47826086956522,43.47826086956522,56.52173913043478,104.34782608695652,143.47826086956522,278.2608695652174,169.56521739130434,86.95652173913044,17.391304347826086,578.2608695652174,421.7391304347826,1371.1340206185566,360.8695652173913,539.1304347826087,17.391304347826086,82.6086956521739,246.2686567164179,470.1492537313433,716.4179104477612,1909.0909090909092
2542,......2542 Bellach,5556,156.94744420446364,602.0518358531317,241.0007199424046,54.17566594672426,55.43556515478762,47.33621310295177,40.85673146148308,102.23182145428365,207.88336933045358,251.07991360691145,119.3304535637149,89.99280057595392,31.67746580273578,495.3203743700504,504.6796256299496,981.4550641940085,413.4269258459323,433.2253419726422,54.895608351331894,98.27213822894169,260.68759342301945,400.2989536621824,660.9865470852018,1535.5504587155963
2543,......2543 Bettlach,4987,133.14618006817727,622.8193302586725,244.0344896731502,37.096450772007216,47.92460397032284,48.1251253258472,44.51574092640866,85.8231401644275,195.90936434730298,296.57108482053343,123.52115500300782,85.22157609785442,35.29175857228795,511.1289352316022,488.8710647683978,1045.5291222313372,401.8447964708242,441.74854622017244,49.72929617004211,106.6773611389613,213.77978106889893,391.8222794591114,605.6020605280104,1832.8313253012047
2544,......2544 Feldbrunnen-St. Niklaus,1071,131.65266106442579,607.8431372549019,260.5042016806723,54.15499533146592,42.016806722689076,35.48085901027078,32.67973856209151,81.23249299719889,182.07282913165264,311.85807656395895,132.58636788048554,87.76844070961717,40.14939309056957,507.9365079365079,492.06349206349205,1032.258064516129,397.75910364145653,442.5770308123249,50.42016806722689,109.24369747899159,216.58986175115209,428.57142857142856,645.1612903225806,1978.7234042553193
2545,......2545 Flumenthal,1052,130.2281368821293,673.9543726235742,195.81749049429658,49.42965779467681,50.38022813688213,30.418250950570343,39.92395437262358,104.56273764258556,213.87832699619773,315.58935361216726,89.35361216730038,81.7490494296578,24.714828897338403,487.6425855513308,512.3574144486693,951.7625231910947,431.55893536121675,419.20152091254755,49.42965779467681,99.80988593155894,193.2299012693935,290.55007052186176,483.7799717912553,1503.6496350364962
2546,......2546 Grenchen,18602,137.45833781313837,641.6514353295345,220.89022685732718,44.94140415009139,45.80152671755725,46.71540694548973,43.43618965702613,117.94430706375658,210.8375443500699,269.43339425868186,111.4933878077626,75.26072465326308,34.13611439630147,504.19309751639605,495.80690248360395,1016.9142361487586,424.3629717234706,403.45124180195677,55.53166326201484,116.54660789162456,214.22587131367294,344.2526809651474,558.4785522788204,1606.9612827532264
2547,......2547 Günsberg,1205,132.78008298755188,622.4066390041494,244.81327800829874,37.344398340248965,50.62240663900415,44.81327800829875,38.17427385892117,76.34854771784234,199.17012448132778,308.71369294605813,131.95020746887968,81.32780082987553,31.535269709543567,501.2448132780083,498.7551867219917,1004.9916805324459,413.27800829875514,436.51452282157675,54.77178423236514,95.43568464730289,213.33333333333334,393.3333333333333,606.6666666666667,1843.75
2548,......2548 Hubersdorf,719,159.94436717663422,598.0528511821975,242.0027816411683,36.161335187760784,54.24200278164117,69.54102920723227,58.4144645340751,70.93184979137692,150.2086230876217,318.4979137691238,159.94436717663422,62.58692628650904,19.471488178025034,493.7413073713491,506.25869262865086,975.2747252747253,389.4297635605007,492.35048678720443,37.552155771905426,80.66759388038942,267.44186046511624,404.6511627906977,672.093023255814,1513.0434782608695
2549,......2549 Kammersrohr,32,62.5,593.75,343.75,31.25,0.0,31.25,62.5,0.0,375.0,156.25,187.5,125.0,31.25,500.0,500.0,1000.0,406.25,406.25,125.0,62.5,105.26315789473684,578.9473684210526,684.2105263157895,5500.0
2550,......2550 Langendorf,3883,131.34174607262426,594.1282513520474,274.53000257532835,35.5395312902395,41.20525366984291,54.59696111254185,51.50656708730363,84.21323718774144,162.76075199587947,295.64769508112283,135.20473860417204,96.57481328869432,42.75045068246201,477.9809425701777,522.0190574298224,915.6388751850025,409.47720834406385,426.7319083183106,60.26268349214524,103.5281998454803,221.06631989596877,462.0719549198093,683.138274815778,2090.196078431373
2551,......2551 Lommiswil,1618,157.601977750309,598.8875154511743,243.51050679851667,42.64524103831891,58.0964153275649,56.86032138442522,52.533992583436344,66.74907292954265,186.65018541409148,292.95426452410385,137.20642768850433,80.96415327564894,25.33992583436341,499.38195302843013,500.61804697156987,997.530864197531,385.0432632880099,492.5834363411619,41.409147095179236,80.96415327564894,263.1578947368421,406.6047471620227,669.7626418988648,1545.0980392156864
2553,......2553 Oberdorf (SO),1818,149.61496149614962,605.6105610561056,244.77447744774477,40.7040704070407,57.755775577557756,51.15511551155116,58.30583058305831,72.05720572057206,171.06710671067108,304.18041804180416,134.76347634763476,75.35753575357536,34.65346534653466,490.64906490649065,509.35093509350935,963.2829373650108,398.23982398239826,451.04510451045104,52.25522552255225,98.45984598459846,247.04813805631247,404.17801998183467,651.2261580381471,1636.0294117647059
2554,......2554 Riedholz,2310,145.45454545454544,615.5844155844155,238.96103896103895,38.0952380952381,49.78354978354978,57.57575757575758,58.00865800865801,74.45887445887446,167.96536796536796,315.1515151515151,129.43722943722943,78.78787878787878,30.735930735930733,490.0432900432901,509.9567099567099,960.9507640067911,410.3896103896104,447.61904761904765,41.125541125541126,100.43290043290042,236.28691983122363,388.1856540084388,624.4725738396625,1642.857142857143
2555,......2555 Rüttenen,1532,143.60313315926894,584.2036553524804,272.19321148825065,38.51174934725849,53.52480417754569,51.56657963446475,56.13577023498695,66.57963446475196,172.3237597911227,289.1644908616188,139.68668407310705,92.68929503916449,39.81723237597911,498.69451697127937,501.3054830287206,994.7916666666666,407.3107049608355,427.54569190600523,60.052219321148826,105.09138381201043,245.81005586592178,465.9217877094972,711.731843575419,1895.4545454545455
2556,......2556 Selzach,3690,154.20054200542006,636.3143631436315,209.4850948509485,51.76151761517615,51.76151761517615,50.67750677506775,49.864498644986455,106.23306233062331,201.6260162601626,278.5907859078591,101.0840108401084,79.94579945799458,28.455284552845526,506.77506775067747,493.22493224932253,1027.4725274725274,431.97831978319783,427.91327913279133,53.116531165311656,86.72086720867209,242.33390119250424,329.2163543441227,571.5502555366269,1358.523725834798
2571,......2571 Boningen,813,174.66174661746618,685.1168511685117,140.22140221402213,62.73062730627306,57.81057810578106,54.12054120541206,51.66051660516605,92.25092250922509,211.5621156211562,329.6432964329643,98.4009840098401,29.520295202952028,12.300123001230013,489.5448954489545,510.45510455104545,959.0361445783132,432.9643296432965,416.97416974169744,31.98031980319803,118.08118081180811,254.93716337522443,204.66786355475764,459.60502692998205,802.8169014084507
2572,......2572 Däniken,3073,142.53172795314026,643.996095021152,213.4721770257078,49.1376505043931,47.83599088838269,45.558086560364465,45.558086560364465,102.83110966482265,215.4246664497234,280.18223234624145,117.8001952489424,67.36088512853888,28.31109664822649,520.6638464041653,479.33615359583473,1086.2186014935508,432.1509925154572,429.2222583794338,48.486820696387895,90.13992840872112,221.32390096008083,331.4805457301668,552.8044466902477,1497.716894977169
2573,......2573 Dulliken,5450,150.45871559633028,645.5045871559632,204.03669724770643,51.19266055045871,53.944954128440365,45.32110091743119,46.972477064220186,120.55045871559633,217.43119266055047,260.55045871559633,105.13761467889908,69.1743119266055,29.724770642201836,504.58715596330273,495.41284403669727,1018.5185185185186,417.7981651376147,442.5688073394495,54.862385321100916,84.77064220183486,233.08698123934056,316.0886867538374,549.175667993178,1356.09756097561
2574,......2574 Eppenberg-Wöschnau,340,147.05882352941177,679.4117647058824,173.52941176470588,47.05882352941176,41.1764705882353,58.8235294117647,41.1764705882353,141.1764705882353,217.64705882352942,279.4117647058824,82.3529411764706,76.47058823529413,14.705882352941176,552.9411764705883,447.05882352941177,1236.842105263158,444.1176470588235,405.88235294117646,35.294117647058826,114.70588235294117,216.45021645021646,255.4112554112554,471.8614718614719,1180.0
2575,......2575 Fulenbach,1821,163.0971993410214,624.9313563975838,211.97144426139482,48.32509610104338,53.81658429434376,60.95551894563427,48.32509610104338,83.47062053816585,193.84953322350356,299.28610653487095,120.26359143327842,75.7825370675453,15.925315760571115,500.82372322899505,499.17627677100495,1003.3003300330032,405.27182866556836,450.3020318506315,53.267435475013734,91.15870400878639,260.9841827768014,339.1915641476274,600.1757469244288,1299.6632996632998
2576,......2576 Gretzenbach,2789,163.14091072068842,622.0867694514163,214.7723198278953,40.87486554320545,55.21692362854069,67.04912154894227,45.177482968806025,100.03585514521333,203.29867335962712,273.5747579777698,131.2298314808175,66.6905700968089,16.851918250268913,496.59376120473286,503.40623879526714,986.4672364672365,417.3538902832556,468.9852993904625,41.233416995338835,72.42739333094299,262.2478386167147,345.2449567723343,607.492795389049,1316.4835164835165
2578,......2578 Gunzgen,1696,146.22641509433961,626.1792452830189,227.5943396226415,44.81132075471698,53.06603773584906,48.34905660377359,40.094339622641506,79.59905660377359,203.41981132075472,303.0660377358491,141.50943396226415,63.08962264150944,22.995283018867923,511.7924528301887,488.2075471698113,1048.3091787439614,396.8160377358491,452.24056603773585,44.221698113207545,106.72169811320754,233.5216572504708,363.4651600753296,596.9868173258004,1556.4516129032259
2579,......2579 Hägendorf,5299,157.95433100585015,649.9339498018494,192.11171919230043,41.32855255708624,56.99188526137007,59.63389318739385,58.124174372523115,96.62200415172674,207.9637667484431,287.22400452915645,95.112285336856,71.71164370635968,25.28779014908473,511.60596338931873,488.39403661068127,1047.5270479134467,420.0792602377807,450.2736365351953,47.74485752028685,81.90224570673712,243.03135888501743,295.58652729384437,538.6178861788618,1216.2485065710873
2580,......2580 Kappel (SO),3562,169.5676586187535,628.0179674340259,202.41437394722067,52.779337450870294,62.043795620437955,54.74452554744526,48.84896125772038,91.24087591240875,225.7158899494666,262.21224031443006,113.41942728804042,68.2201010668164,20.774845592363842,490.4548006737788,509.5451993262212,962.534435261708,418.3043234138125,445.2554744525548,46.88377316114543,89.55642897248737,270.00447027268666,322.3066607063031,592.3111309789897,1193.7086092715233
2581,......2581 Olten,19051,129.9144401868668,683.1137473098526,186.97181250328066,47.76652144244397,43.51477612723741,38.63314261718545,37.05842213007191,140.9374835966616,264.7105138837856,240.40732769933336,89.02419820481865,62.673875387118784,35.27373891134324,497.4017111962626,502.5982888037374,989.6605744125326,502.2308540234108,359.1937431105979,48.02897485696289,90.49393732612461,190.17980636237897,273.70524051021977,463.88504687259876,1439.1919191919192
2582,......2582 Rickenbach (SO),1211,141.2056151940545,649.0503715937241,209.7440132122213,52.02312138728324,45.41701073492981,43.76548307184145,42.11395540875309,103.22047894302229,212.22130470685386,291.4946325350949,128.81915772089184,63.58381502890173,17.341040462427745,502.0644095788605,497.9355904211395,1008.2918739635159,431.8744838976053,439.3063583815029,51.19735755573906,77.62180016515278,217.55725190839695,323.15521628498726,540.7124681933842,1485.3801169590643
2583,......2583 Schönenwerd,5337,157.3917931422147,644.5568671538317,198.05133970395352,51.15233277121978,52.65130222971707,53.588158141277866,48.529136218849544,121.6038973205921,204.42195990256698,270.0018737118231,105.11523327712199,63.70620198613454,29.229904440697023,499.7189432265318,500.2810567734682,998.876404494382,439.76016488664044,427.76840921866216,45.718568484167136,86.37811504590594,244.1860465116279,307.2674418604651,551.453488372093,1258.3333333333333
2584,......2584 Starrkirch-Wil,1980,168.68686868686868,634.3434343434343,196.96969696969697,55.05050505050505,51.515151515151516,62.12121212121212,40.90909090909091,114.64646464646465,190.40404040404042,288.3838383838384,99.4949494949495,75.75757575757576,21.71717171717172,506.0606060606061,493.93939393939394,1024.5398773006136,447.47474747474746,442.42424242424244,42.42424242424243,67.67676767676768,265.92356687898086,310.50955414012736,576.4331210191083,1167.6646706586826
2585,......2585 Walterswil (SO),772,139.8963730569948,646.3730569948186,213.73056994818654,47.92746113989637,44.04145077720207,47.92746113989637,59.58549222797927,88.08290155440415,185.23316062176164,313.4715025906736,119.17098445595855,67.35751295336787,27.202072538860104,494.81865284974094,505.18134715025906,979.4871794871794,418.3937823834197,444.30051813471505,53.108808290155444,84.19689119170984,216.43286573146293,330.66132264529057,547.0941883767536,1527.7777777777776
2586,......2586 Wangen bei Olten,5532,158.35140997830803,652.7476500361533,188.90093998553868,50.2530730296457,55.856832971800436,52.24150397686189,49.168474331164134,107.73680404916848,221.43890093998553,274.40347071583517,104.84454085321765,56.399132321041215,27.65726681127983,497.1077368040492,502.8922631959508,988.4974838245865,428.23571945047,436.73174258857557,42.48011569052783,92.5524222704266,242.5920797563002,289.3935198006092,531.9855995569095,1192.9223744292237
2601,......2601 Solothurn,16847,122.21760550839912,659.2865198551671,218.49587463643377,39.65097643497358,41.550424407906455,41.01620466551908,39.71033418412774,131.12126788152193,236.95613462337508,251.49878316614232,105.775508992699,77.52122039532262,35.19914524841218,484.83409509111414,515.1659049088859,941.12224910704,508.2210482578501,331.33495577847685,49.08885855048377,110.04926693179794,185.37859007832898,331.4126226703881,516.7912127487169,1787.7610490529382
2611,......2611 Bärschwil,796,114.321608040201,587.9396984924623,297.73869346733665,27.638190954773872,32.663316582914575,54.02010050251256,36.4321608040201,59.04522613065326,155.77889447236183,336.68341708542715,172.1105527638191,96.73366834170855,28.894472361809047,531.4070351758794,468.5929648241206,1134.0482573726542,379.3969849246231,478.643216080402,57.788944723618094,84.17085427135679,194.44444444444446,506.4102564102564,700.8547008547008,2604.3956043956046
2612,......2612 Beinwil (SO),262,145.03816793893128,606.8702290076335,248.0916030534351,19.083969465648856,57.25190839694656,68.70229007633588,45.80152671755725,106.87022900763358,190.83969465648858,263.3587786259542,137.40458015267177,76.33587786259542,34.35114503816794,530.5343511450383,469.46564885496184,1130.0813008130083,484.73282442748086,385.4961832061068,87.78625954198472,41.98473282442748,238.9937106918239,408.8050314465409,647.7987421383648,1710.5263157894738
2613,......2613 Breitenbach,4366,152.54237288135593,624.1410902427851,223.31653687585893,49.24415941365094,51.0765002290426,52.22171323866239,49.24415941365094,108.33715071003206,194.68621163536417,271.8735684837379,112.00183234081538,75.5840586349061,35.730645900137425,487.4026568941823,512.5973431058177,950.8489722966935,403.1149793861658,446.63307375171786,58.634906092533214,91.61704076958314,244.40366972477065,357.7981651376147,602.2018348623853,1463.9639639639638
2614,......2614 Büsserach,2450,146.9387755102041,658.7755102040817,194.28571428571428,46.93877551020408,50.20408163265306,49.79591836734694,47.3469387755102,120.0,187.75510204081633,303.67346938775506,108.16326530612245,63.265306122448976,22.857142857142858,504.4897959183674,495.51020408163265,1018.1219110378912,424.0816326530612,444.8979591836735,49.38775510204082,81.63265306122449,223.04832713754647,294.91945477075586,517.9677819083024,1322.2222222222222
2615,......2615 Erschwil,967,162.3578076525336,592.5542916235781,245.0879007238883,53.77456049638056,59.979317476732156,48.603929679420894,54.80868665977249,81.69596690796277,172.69906928645295,283.35056876938984,141.67528438469492,66.18407445708377,37.22854188210962,518.0972078593588,481.9027921406411,1075.107296137339,399.1726990692864,473.6297828335057,51.70630816959669,75.49120992761117,273.99650959860384,413.6125654450262,687.60907504363,1509.5541401273886
2616,......2616 Fehren,600,125.0,658.3333333333334,216.66666666666669,36.666666666666664,36.666666666666664,51.666666666666664,58.333333333333336,105.0,161.66666666666666,333.3333333333333,98.33333333333333,90.0,28.333333333333332,495.0,505.0,980.1980198019802,405.0,446.66666666666663,65.0,83.33333333333333,189.873417721519,329.1139240506329,518.9873417721519,1733.3333333333335
2617,......2617 Grindel,519,129.09441233140657,620.4238921001927,250.48169556840077,42.38921001926782,42.38921001926782,44.31599229287091,44.31599229287091,86.70520231213872,159.9229287090559,329.4797687861272,148.36223506743738,69.36416184971098,32.75529865125241,506.74373795761073,493.2562620423892,1027.34375,398.84393063583815,458.5741811175337,59.73025048169557,82.85163776493256,208.07453416149067,403.72670807453414,611.8012422360248,1940.2985074626865
2618,......2618 Himmelried,964,132.78008298755188,613.0705394190871,254.14937759336098,42.531120331950206,50.829875518672196,39.41908713692946,53.941908713692946,63.27800829875518,159.75103734439833,336.0995850622407,142.1161825726141,91.2863070539419,20.74688796680498,508.29875518672196,491.701244813278,1033.7552742616035,398.34024896265555,450.20746887966806,54.97925311203319,95.43568464730289,216.58206429780034,414.5516074450085,631.1336717428088,1914.0625
2619,......2619 Kleinlützel,1197,125.31328320802004,588.9724310776943,285.7142857142857,35.08771929824561,42.606516290726816,47.61904761904761,33.41687552213868,88.5547201336675,165.41353383458645,301.58730158730157,155.38847117794487,88.5547201336675,41.77109440267335,497.9114452798663,502.0885547201337,991.6805324459235,395.15455304928986,444.4444444444444,72.68170426065163,87.71929824561403,212.7659574468085,485.1063829787234,697.8723404255319,2280.0
2620,......2620 Meltingen,631,137.87638668779715,637.0839936608558,225.03961965134707,34.86529318541997,49.1283676703645,53.88272583201268,44.37400950871633,79.23930269413628,171.15689381933439,342.31378763866877,129.95245641838352,71.31537242472267,23.771790808240887,508.716323296355,491.283676703645,1035.483870967742,381.9334389857369,507.1315372424723,45.95879556259905,64.97622820919176,216.4179104477612,353.23383084577114,569.6517412935324,1632.183908045977
2621,......2621 Nunningen,1983,133.13161875945536,625.8194654563792,241.0489157841654,35.80433686333838,50.93292990418558,46.39435199193142,43.87291981845688,101.36157337367625,183.56026222894604,297.0247100353001,133.13161875945536,76.14725163893091,31.77004538577912,509.83358547655064,490.16641452344936,1040.1234567901233,422.5920322743318,436.2077660110943,55.975794251134644,85.22440746343923,212.73166800966962,385.1732473811442,597.9049153908138,1810.6060606060605
2622,......2622 Zullwil,701,145.50641940085592,646.2196861626248,208.27389443651924,38.516405135520685,58.487874465049934,48.50213980028531,84.16547788873038,91.2981455064194,162.62482168330956,308.1312410841655,114.12268188302426,62.76747503566334,31.38373751783167,520.6847360912982,479.3152639087018,1086.3095238095236,442.22539229671895,393.72325249643364,58.487874465049934,105.56348074179743,225.1655629139073,322.2958057395143,547.4613686534217,1431.372549019608
2701,......2701 Basel,177571,133.02284719914852,678.0724329986315,188.90471980221994,45.63808279505099,45.14813792792742,42.236626476170095,39.23501022126361,121.55137944822071,262.1261354613084,255.15990786783877,90.94390412848945,64.91487911877502,33.04593655495548,489.725236665897,510.27476333410294,959.7285067873304,521.6617578320785,335.5615500278762,43.49246217006155,99.09838881348868,196.17793133232564,278.5907679019318,474.7686992342574,1420.0922907582237
2702,......2702 Bettingen,1279,163.408913213448,581.704456606724,254.886630179828,51.602814698983586,58.639562157935885,53.16653635652854,51.602814698983586,78.18608287724784,180.60985144644255,271.30570758405,112.5879593432369,86.00469116497264,56.29397967161845,486.31743549648166,513.6825645035184,946.7275494672755,423.7685691946834,456.60672400312745,44.56606724003127,75.05863956215794,280.9139784946236,438.1720430107527,719.0860215053764,1559.8086124401914
2703,......2703 Riehen,22534,159.62545486819917,586.3140143782728,254.060530753528,41.137836158693524,58.489393804917015,59.998224904588625,59.376941510606194,71.66947723440136,167.6133842194018,287.6542114138635,108.81334871749357,92.5268483180971,52.720333717937336,474.4386260761516,525.5613739238484,902.7273494891497,418.0793467648886,430.1499955622615,63.504038342060895,88.13348717493567,272.25249772933694,433.318195579776,705.5706933091129,1591.6041145398942
2761,......2761 Aesch (BL),11137,140.79195474544312,618.299362485409,240.9086827691479,44.53623058274221,48.93597916853731,47.31974499416359,48.8461883810721,103.88794109724341,190.62584178863247,274.939391218461,111.25078566939032,92.03555715183623,37.62233994792134,489.6291640477687,510.3708359522313,959.35960591133,403.16063571877527,442.93795456586156,58.094639489988324,95.62718865044447,227.70839384257914,389.63113563752546,617.3395294801045,1711.0969387755101
2762,......2762 Allschwil,22155,150.93658316407132,625.5021439855562,223.56127285037238,47.52877454299255,52.222974497856015,51.18483412322275,43.60189573459716,94.6513202437373,217.01647483638007,270.2324531708418,98.62333559016024,85.48860302414803,39.4493342360641,481.5165876777251,518.483412322275,928.7020109689214,439.62988038817423,408.75648837734144,53.39652448657188,97.99142405777476,241.30466156732575,357.4108818011257,598.7155433684514,1481.1602870813397
2763,......2763 Arlesheim,9314,136.56860639896928,571.6126261541765,291.8187674468542,37.1483787846253,47.77753918831866,51.64268842602534,53.7899935580846,76.76615847111874,151.49237706678122,289.564097058192,131.52243933863002,106.61369980674255,53.68262830148164,459.52329826068285,540.4767017393171,850.2185141040923,415.8256388232768,416.79192613270345,67.74747691646984,99.63495812754992,238.91810668670172,510.5184072126221,749.4365138993238,2136.7924528301887
2764,......2764 Biel-Benken,3485,146.6284074605452,600.5738880918221,252.79770444763273,36.15494978479197,51.36298421807747,59.11047345767575,61.692969870875174,81.77905308464848,142.3242467718795,314.7776183644189,117.07317073170732,98.42180774748924,37.30272596843615,492.1090387374462,507.89096126255384,968.9265536723163,392.2525107604017,484.93543758967,44.18938307030129,78.62266857962697,244.14715719063545,420.92689918776875,665.0740563784042,1724.0704500978475
2765,......2765 Binningen,16053,145.33109076185136,614.2154114495733,240.45349778857533,43.356381984675764,49.14969164642123,52.825017130754375,46.96941381673207,86.77505762162836,196.59876658568493,283.87217342552793,101.28947860213044,94.43717685167881,44.72684233476608,476.04809069955775,523.9519093004424,908.5721079538699,434.9342801968479,420.79362113000684,54.9430013081667,89.14221640814802,236.6125760649087,391.4807302231237,628.0933062880325,1654.5220745820832
2766,......2766 Birsfelden,10445,123.98276687410244,638.2958353279081,237.72139779798948,40.114887505983724,43.465773097175685,40.40210627094303,43.0828147438966,109.43034944949737,218.76495931067495,267.01771182383914,97.65438008616563,86.35710866443274,53.7099090473911,494.11201531833416,505.88798468166584,976.7221801665405,445.2848252752513,382.2881761608425,64.6242221158449,107.80277644806127,194.24028798560073,372.43137843107843,566.6716664166792,1917.3745173745174
2767,......2767 Bottmingen,7014,154.9757627601939,602.3666951810665,242.65754205873966,42.7715996578272,53.89221556886228,58.311947533504416,57.31394354148845,81.26603934987169,181.35158254918736,282.43512974051896,101.08354719133163,98.08953521528372,43.48445965212432,479.8973481608212,520.1026518391789,922.6973684210526,412.1756487025948,457.6561163387511,51.0407755916738,79.12745936698032,257.27810650887574,402.84023668639054,660.1183431952663,1565.777368905244
2768,......2768 Ettingen,5567,153.76324770971797,600.5029638943777,245.73378839590444,45.44638045626011,53.17046883420155,55.14639841925633,43.470450871205315,88.1983114783546,182.68367163642895,286.15052990838876,116.40021555595473,93.40758038440812,35.92599245554159,485.8990479611999,514.1009520388001,945.1432564640112,401.11370576612177,454.10454463804564,51.01490928686905,93.58721034668582,256.0574334430152,409.2132814836973,665.2707149267126,1598.1308411214955
2769,......2769 Münchenstein,12457,145.70121216986433,644.0555510957694,210.2432367343662,41.50276952717347,54.346953520109174,49.85148912258168,49.53038452275829,110.6205346391587,201.894517138958,282.01011479489443,98.73966444569318,73.53295335955688,37.970618929116156,488.4803724813358,511.5196275186642,954.9591964846203,453.7207995504536,407.00008027614996,53.463915870594846,85.7349281528458,226.2246042627446,326.43649507665464,552.6610993393992,1442.9752066115702
2770,......2770 Muttenz,18120,144.26048565121414,609.7682119205298,245.97130242825608,40.01103752759382,52.980132450331126,51.269315673289185,48.62030905077263,96.19205298013244,187.0860927152318,277.86975717439293,113.52097130242826,90.89403973509934,41.55629139072848,486.14790286975716,513.8520971302428,946.0852754806143,423.8962472406181,431.5121412803532,57.94701986754966,86.47902869757175,236.58249615349806,403.38492171237215,639.9674178658702,1705.0497322111705
2771,......2771 Oberwil (BL),11430,146.45669291338584,616.7979002624671,236.74540682414698,43.39457567804025,52.493438320209975,50.56867891513561,59.05511811023622,87.13910761154855,172.79090113735785,297.81277340332457,103.84951881014872,90.02624671916011,42.86964129483815,477.95275590551176,522.0472440944882,915.5354449472096,418.28521434820647,439.63254593175856,53.105861767279094,88.88888888888889,237.44680851063828,383.82978723404256,621.2765957446809,1616.4874551971327
2772,......2772 Pfeffingen,2413,145.87650227932033,599.6684624948198,254.45503522585994,43.514297554910904,49.73062577704103,52.63157894736842,61.74886033982594,67.55076668048072,152.5072523829258,317.86158309158725,129.29962702030667,93.24492333195194,31.910484873601327,491.5043514297555,508.49564857024455,966.5851670741646,372.150849564857,499.7927890592623,47.24409448818898,80.81226688769166,243.2619212163096,424.326192121631,667.5881133379405,1744.318181818182
2773,......2773 Reinach (BL),20690,137.94103431609471,603.4316094731754,258.6273562107298,41.08264862252295,47.51087481875302,49.34751087481876,48.6708554857419,97.48670855485742,174.9154180763654,282.3586273562108,113.29144514258095,99.66167230546158,45.67423876268729,479.84533591106816,520.1546640889319,922.5051105742426,404.8815853069115,436.5393910101498,59.98066698888352,98.50169163847269,228.59431317581098,428.59431317581095,657.1886263516219,1874.9124036440085
2774,......2774 Schönenbuch,1494,148.59437751004015,590.3614457831326,261.04417670682733,39.49129852744311,56.89424364123159,52.20883534136546,46.18473895582329,76.97456492637215,159.30388219544847,307.8982597054886,127.17536813922356,91.70013386880856,42.16867469879518,494.64524765729584,505.3547523427041,978.8079470198675,377.5100401606425,493.9759036144578,44.84605087014726,83.66800535475234,251.70068027210885,442.17687074829934,693.8775510204082,1756.7567567567569
2775,......2775 Therwil,10125,139.65432098765433,610.9629629629629,249.38271604938274,37.53086419753086,48.39506172839506,53.7283950617284,53.333333333333336,96.49382716049384,161.28395061728395,299.85185185185185,112.98765432098766,95.1111111111111,41.283950617283956,483.75308641975306,516.2469135802469,937.0575856131625,402.1728395061728,443.0617283950618,57.382716049382715,97.38271604938271,228.58066602004527,408.17976075008085,636.7604267701262,1785.7142857142858
2781,......2781 Blauen,707,141.44271570014143,585.5728429985855,272.98444130127297,36.77510608203678,48.090523338048094,56.57708628005658,45.26166902404526,65.06364922206507,171.14568599717114,304.10183875530413,154.17256011315416,86.28005657708627,32.53182461103253,496.4639321074965,503.53606789250347,985.9550561797753,405.94059405940595,469.5898161244696,63.649222065063654,60.820367751060814,241.54589371980674,466.1835748792271,707.7294685990339,1930.0
2782,......2782 Brislach,1772,146.1625282167043,656.3205417607223,197.51693002257338,41.7607223476298,54.74040632054176,49.66139954853273,52.48306997742664,121.33182844243792,161.3995485327314,321.1060948081264,111.17381489841986,67.15575620767494,19.187358916478555,505.64334085778785,494.35665914221215,1022.8310502283105,404.627539503386,475.1693002257336,49.66139954853273,69.97742663656885,222.6999140154772,300.94582975064486,523.645743766122,1351.3513513513512
2783,......2783 Burg im Leimental,286,125.87412587412588,653.8461538461538,220.2797202797203,52.44755244755245,34.96503496503497,38.46153846153847,62.93706293706294,73.42657342657343,136.36363636363635,381.1188811188811,97.9020979020979,97.9020979020979,24.475524475524477,486.01398601398597,513.986013986014,945.5782312925171,391.6083916083916,468.53146853146853,45.45454545454545,94.4055944055944,192.5133689839572,336.89839572192517,529.4117647058823,1750.0
2784,......2784 Dittingen,740,129.72972972972974,633.7837837837837,236.48648648648648,33.78378378378378,33.78378378378378,62.16216216216217,48.64864864864865,78.37837837837839,183.7837837837838,322.97297297297297,105.40540540540542,100.0,31.081081081081084,482.43243243243245,517.5675675675676,932.1148825065275,406.7567567567568,414.86486486486484,68.91891891891892,109.45945945945947,204.69083155650318,373.13432835820896,577.8251599147121,1822.9166666666667
2785,......2785 Duggingen,1621,148.673658235657,656.3849475632326,194.94139420111043,38.247995064774834,50.586057988895746,59.83960518198643,64.77483035163479,77.11289327575571,178.90191239975323,335.59531153608884,122.14682294879704,51.81986428130783,20.974706971005553,500.9253547193091,499.07464528069096,1003.708281829419,409.0067859346083,463.9111659469463,34.546576187538555,92.53547193090685,226.50375939849624,296.9924812030075,523.4962406015038,1311.2033195020747
2786,......2786 Grellingen,1958,138.91726251276813,674.668028600613,186.41470888661902,46.986721144024514,54.13687436159346,37.79366700715015,38.81511746680286,110.31664964249234,213.9938712972421,311.5423901940756,109.80592441266599,60.776302349336056,15.832482124616957,514.8110316649643,485.1889683350358,1061.0526315789475,423.90194075587334,449.438202247191,37.2829417773238,89.37691521961185,205.90461771385316,276.30582891748674,482.2104466313399,1341.9117647058822
2787,......2787 Laufen,6054,137.09943838784275,642.8807400066072,220.01982160555005,39.973571192599934,47.737033366369346,49.38883382887347,50.87545424512719,123.05913445655766,188.30525272547078,280.64089857945163,106.87148992401718,79.61678229269904,33.531549388833824,493.3927981499835,506.6072018500165,973.915878708836,448.1334654773703,403.5348529897588,55.33531549388834,92.9963660389825,213.2579650565262,342.24049331963005,555.4984583761562,1604.8192771084337
2788,......2788 Liesberg,1105,98.64253393665157,627.1493212669683,274.2081447963801,27.149321266968325,30.76923076923077,40.72398190045249,51.58371040723981,83.2579185520362,174.66063348416287,317.6470588235294,158.3710407239819,89.59276018099547,26.244343891402714,523.9819004524887,476.01809954751127,1100.7604562737642,380.0904977375565,470.5882352941176,62.44343891402715,85.97285067873302,157.28715728715727,437.2294372294372,594.5165945165945,2779.816513761468
2789,......2789 Nenzlingen,468,117.52136752136752,653.8461538461538,228.63247863247864,27.777777777777775,44.87179487179487,44.87179487179487,38.46153846153847,96.15384615384616,160.25641025641028,358.97435897435895,117.52136752136752,89.74358974358974,21.367521367521366,512.8205128205128,487.1794871794872,1052.6315789473683,401.70940170940173,482.9059829059829,36.32478632478633,79.05982905982906,179.73856209150327,349.6732026143791,529.4117647058823,1945.4545454545455
2790,......2790 Roggenburg,246,77.23577235772358,654.4715447154471,268.2926829268293,16.260162601626018,36.58536585365854,24.390243902439025,36.58536585365854,93.49593495934958,126.01626016260161,398.3739837398374,142.27642276422765,97.5609756097561,28.455284552845526,516.260162601626,483.739837398374,1067.2268907563025,345.5284552845528,487.8048780487805,40.65040650406504,126.01626016260161,118.01242236024845,409.9378881987578,527.9503105590062,3473.684210526316
2791,......2791 Röschenz,1941,139.6187532199897,647.0891293147862,213.29211746522412,44.82225656877898,44.82225656877898,49.97424008243174,63.884595569294184,101.4940752189593,167.95466254507986,313.7557959814529,121.07161257083978,65.43019062339,26.790314270994333,499.2272024729521,500.77279752704794,996.9135802469135,426.06903657908293,447.7073673364245,51.51983513652756,74.70376094796497,215.7643312101911,329.61783439490443,545.3821656050956,1527.6752767527676
2792,......2792 Wahlen,1592,154.52261306532662,646.3567839195979,199.12060301507537,45.22613065326633,52.13567839195979,57.1608040201005,54.64824120603015,96.73366834170855,198.4924623115578,296.4824120603015,121.23115577889448,60.92964824120603,16.959798994974875,501.25628140703515,498.74371859296485,1005.0377833753148,422.73869346733665,457.91457286432166,39.57286432160804,79.14572864321607,239.067055393586,308.06608357628767,547.1331389698737,1288.6178861788617
2793,......2793 Zwingen,2848,156.95224719101122,674.5084269662921,168.53932584269663,50.210674157303366,51.264044943820224,55.477528089887635,43.89044943820225,119.0308988764045,222.6123595505618,288.9747191011236,92.69662921348315,57.93539325842697,17.907303370786515,496.1376404494382,503.8623595505618,984.6689895470383,450.8426966292135,424.5084269662922,33.00561797752809,91.29213483146067,232.69130661114005,249.86985944820407,482.5611660593441,1073.8255033557048
2821,......2821 Arisdorf,1734,138.4083044982699,645.3287197231834,216.26297577854672,41.522491349480966,43.252595155709336,53.63321799307959,56.516724336793544,103.22952710495963,182.81430219146483,302.76816608996535,100.92272202998846,91.11880046136102,24.22145328719723,490.77277970011534,509.22722029988466,963.7599093997735,418.6851211072664,458.477508650519,44.40599769319493,78.43137254901961,214.47721179624665,335.1206434316354,549.5978552278821,1562.5
2822,......2822 Augst,1087,124.19503219871206,603.4958601655934,272.30910763569455,44.158233670653175,43.23827046918123,36.79852805887764,31.278748850046,80.03679852805888,179.39282428702853,312.78748850046003,139.83440662373505,109.475620975161,22.999080036798528,529.8988040478381,470.10119595216196,1127.20156555773,392.8242870285188,431.46274149034036,53.35786568537258,122.35510579576817,205.79268292682926,451.219512195122,657.0121951219512,2192.5925925925926
2823,......2823 Bubendorf,4534,150.19850022055581,608.7340097044553,241.067490074989,50.727834142037935,49.84561093956771,49.62505513895015,48.74283193647993,95.72121746801942,179.9735333039259,284.29642699603,127.4812527569475,84.69342743714161,28.89280988089987,502.8672254080282,497.1327745919717,1011.5350488021295,396.7798853109837,479.9294221438024,44.3317159241288,78.95897662108513,246.7391304347826,396.0144927536232,642.7536231884058,1604.992657856094
2824,......2824 Frenkendorf,6651,154.5632235754022,642.610133814464,202.8266426101338,46.15847241016389,56.38249887235002,52.02225229288829,54.578258908434826,116.52383100285671,198.4663960306721,273.04164787250033,94.12118478424297,77.13125845737483,31.574199368516012,505.9389565478876,494.0610434521125,1024.0413877054168,423.54533152909335,444.1437377837919,44.955645767553754,87.35528491956097,240.52409920449227,315.629386991109,556.1534861956013,1312.2568093385214
2825,......2825 Füllinsdorf,4730,139.95771670190274,600.4228329809725,259.61945031712474,47.780126849894295,46.088794926004226,46.088794926004226,55.17970401691332,92.81183932346723,178.01268498942918,274.4186046511628,108.24524312896405,109.30232558139535,42.07188160676533,489.0063424947146,510.99365750528534,956.9714522134877,386.892177589852,458.13953488372096,64.05919661733616,90.9090909090909,233.09859154929578,432.3943661971831,665.4929577464789,1854.984894259819
2826,......2826 Giebenach,1136,154.04929577464787,657.5704225352113,188.38028169014083,39.61267605633803,57.21830985915493,57.21830985915493,53.697183098591545,84.50704225352112,205.1056338028169,314.26056338028167,93.30985915492958,80.10563380281691,14.964788732394366,514.9647887323944,485.03521126760563,1061.7059891107078,393.48591549295776,479.7535211267606,36.09154929577465,90.66901408450704,234.27041499330656,286.47925033467203,520.7496653279786,1222.857142857143
2827,......2827 Hersberg,393,127.2264631043257,653.9440203562341,218.82951653944022,43.25699745547074,48.346055979643765,35.62340966921119,50.89058524173028,99.23664122137404,188.29516539440203,315.52162849872775,111.95928753180662,89.05852417302799,17.811704834605596,508.9058524173028,491.0941475826972,1036.2694300518133,440.2035623409669,427.48091603053433,45.80152671755725,86.51399491094148,194.55252918287937,334.63035019455253,529.182879377432,1720.0
2828,......2828 Lausen,5886,149.33741080530072,655.113829425756,195.54875976894326,52.32755691471288,51.30818892286782,45.70166496772001,50.28882093102276,118.58647638464153,216.95548759768943,269.28304451240234,106.18416581719333,68.80733944954129,20.55725450220863,495.7526333673123,504.2473666326878,983.1536388140162,437.47876316683653,435.949711179069,44.68229697587496,81.8892286782195,227.9564315352697,298.49585062240664,526.4522821576763,1309.4425483503983
2829,......2829 Liestal,16034,139.01708868654111,654.733690906823,206.2492204066359,45.652987401771234,45.52825246351503,47.835848821254835,50.081077709866534,134.65136584757389,212.73543719595858,257.26581015342396,98.7277036297867,76.40014968192591,31.12136709492329,496.07084944492954,503.92915055507046,984.4059405940594,454.6588499438693,407.32194087563926,48.89609579643258,89.06074591493076,212.3261573633073,315.0123833111069,527.3385406744142,1483.6249439210408
2830,......2830 Lupsingen,1565,169.32907348242813,599.3610223642173,231.30990415335464,47.92332268370607,65.17571884984027,56.230031948881795,61.34185303514377,73.48242811501598,169.96805111821087,294.56869009584665,112.46006389776359,81.15015974440895,37.69968051118211,484.9840255591054,515.0159744408945,941.6873449131513,404.4728434504792,460.06389776357827,53.674121405750796,81.78913738019169,282.5159914712154,385.9275053304904,668.4434968017058,1366.0377358490566
2831,......2831 Pratteln,16576,142.19353281853282,648.0453667953668,209.76110038610037,45.909749034749034,47.779922779922785,48.503861003861005,47.47828185328185,117.63996138996139,212.23455598455598,270.69256756756755,98.57625482625483,79.99517374517374,31.189671814671815,498.2504826254826,501.7495173745173,993.0263316099555,431.22586872586874,422.77992277992274,50.9773166023166,95.01689189189189,219.41910258797245,323.68274064420035,543.1018432321728,1475.1803139584217
2832,......2832 Ramlinsburg,732,132.5136612021858,625.6830601092896,241.80327868852459,51.91256830601093,35.51912568306011,45.08196721311476,47.81420765027322,66.93989071038251,157.10382513661202,353.8251366120219,142.07650273224044,66.93989071038251,32.786885245901644,478.1420765027322,521.8579234972677,916.2303664921466,356.55737704918033,524.5901639344263,42.349726775956285,76.50273224043715,211.79039301310044,386.4628820960699,598.2532751091702,1824.7422680412371
2833,......2833 Seltisberg,1316,144.37689969604864,563.0699088145897,292.5531914893617,43.31306990881459,44.07294832826748,56.99088145896657,51.671732522796354,77.50759878419453,133.7386018237082,300.15197568389056,142.85714285714286,104.10334346504558,45.59270516717325,490.8814589665654,509.11854103343467,964.1791044776119,364.741641337386,496.9604863221885,60.79027355623101,77.50759878419453,256.4102564102564,519.5681511470985,775.9784075573549,2026.3157894736842
2834,......2834 Ziefen,1708,161.59250585480095,621.1943793911007,217.21311475409834,40.39812646370024,54.449648711943794,66.74473067915692,66.1592505854801,81.38173302107728,172.1311475409836,301.5222482435597,122.36533957845432,67.33021077283372,27.517564402810304,501.1709601873536,498.8290398126464,1004.6948356807512,405.7377049180328,475.40983606557376,38.05620608899297,80.79625292740047,260.13195098963246,349.67012252591894,609.8020735155513,1344.2028985507245
2841,......2841 Anwil,547,157.22120658135282,636.1974405850092,206.58135283363802,58.50091407678245,45.703839122486286,53.016453382084094,53.016453382084094,74.9542961608775,160.87751371115175,347.3491773308958,127.97074954296161,51.18829981718464,27.422303473491773,526.5082266910421,473.491773308958,1111.969111969112,385.7404021937843,493.60146252285193,38.391224862888485,80.43875685557587,247.1264367816092,324.71264367816093,571.8390804597701,1313.9534883720928
2842,......2842 Böckten,857,137.68961493582262,660.4434072345391,201.86697782963827,35.00583430571762,45.5075845974329,57.17619603267212,67.67794632438739,107.3512252042007,166.86114352392065,318.5530921820303,113.1855309218203,68.84480746791131,19.83663943990665,511.0851808634772,488.91481913652274,1045.3460620525059,437.57292882147027,451.5752625437573,31.505250875145858,79.3465577596266,208.48056537102474,305.6537102473498,514.1342756183745,1466.1016949152543
2843,......2843 Buckten,715,134.26573426573427,639.1608391608393,226.5734265734266,46.15384615384615,44.75524475524475,43.35664335664335,64.33566433566433,85.31468531468532,180.41958041958043,309.09090909090907,134.26573426573427,71.32867132867132,20.97902097902098,492.3076923076923,507.6923076923077,969.6969696969697,400.0,461.53846153846155,53.14685314685315,85.31468531468532,210.06564551422318,354.4857768052516,564.5514223194749,1687.5
2844,......2844 Buus,1134,156.96649029982362,632.2751322751324,210.75837742504407,52.910052910052904,59.9647266313933,44.091710758377424,42.32804232804233,89.06525573192239,203.7037037037037,297.17813051146385,106.70194003527337,76.71957671957672,27.336860670194003,520.2821869488537,479.7178130511464,1084.5588235294117,404.76190476190476,468.25396825396825,46.73721340388007,80.24691358024691,248.2566248256625,333.3333333333333,581.5899581589958,1342.6966292134832
2845,......2845 Diepflingen,835,197.60479041916167,639.5209580838324,162.874251497006,57.48502994011976,80.23952095808383,59.880239520958085,43.11377245508982,83.8323353293413,216.76646706586828,295.80838323353294,99.40119760479043,47.90419161676647,15.568862275449103,506.58682634730536,493.4131736526946,1026.6990291262136,433.53293413173657,447.90419161676647,35.92814371257485,82.63473053892216,308.9887640449438,254.68164794007492,563.6704119850187,824.2424242424242
2846,......2846 Gelterkinden,6458,142.4589656240322,618.3028801486529,239.23815422731496,43.04738309074017,47.692784143697736,51.718798389594305,51.09941158253329,108.39269123567668,185.81604211830287,272.99473521214,119.38680706100959,87.02384639207185,32.827500774233506,495.5094456488077,504.49055435119226,982.1976672805403,412.5116135026324,442.55187364509135,54.19634561783834,90.58532053267265,230.40320560981718,386.92712246431256,617.3303280741297,1679.3478260869565
2847,......2847 Häfelfingen,246,134.14634146341464,670.7317073170732,195.1219512195122,48.78048780487805,44.71544715447155,40.65040650406504,40.65040650406504,69.10569105691057,174.7967479674797,386.1788617886179,105.69105691056912,52.84552845528456,36.58536585365854,516.260162601626,483.739837398374,1067.2268907563025,394.3089430894309,451.219512195122,48.78048780487805,105.69105691056912,200.0,290.9090909090909,490.9090909090909,1454.5454545454545
2848,......2848 Hemmiken,263,133.07984790874525,574.1444866920152,292.77566539923953,41.82509505703422,57.034220532319395,34.22053231939164,34.22053231939164,68.44106463878327,148.2889733840304,323.19391634980985,197.71863117870723,79.84790874524715,15.209125475285171,479.0874524714829,520.9125475285172,919.7080291970802,361.2167300380228,463.87832699619776,57.034220532319395,117.87072243346007,231.78807947019865,509.93377483443714,741.7218543046358,2200.0
2849,......2849 Itingen,2473,162.95996765062677,644.5612616255561,192.47877072381723,48.11969268095431,59.03760614638092,55.80266882329155,47.31095835018197,107.15729882733523,211.88839466235342,278.2046097856854,111.20097048119692,65.50748079255965,15.770319450060656,501.4152850788516,498.5847149211484,1005.6772100567721,424.98989082086536,466.63970885564095,37.60614638091387,70.3598867771937,252.82308657465495,298.6198243412798,551.4429109159348,1181.1414392059553
2850,......2850 Känerkinden,532,118.42105263157895,633.4586466165414,248.12030075187968,26.31578947368421,43.233082706766915,48.87218045112782,56.39097744360902,84.58646616541353,142.85714285714286,349.62406015037595,133.45864661654136,97.74436090225564,16.917293233082706,488.72180451127815,511.2781954887218,955.8823529411765,383.45864661654133,484.9624060150376,39.473684210526315,92.10526315789473,186.94362017804153,391.69139465875367,578.6350148367952,2095.2380952380954
2851,......2851 Kilchberg (BL),182,175.82417582417582,549.4505494505495,274.72527472527474,43.956043956043956,60.43956043956044,71.42857142857143,54.94505494505494,49.450549450549445,230.76923076923077,214.28571428571428,175.82417582417582,82.41758241758242,16.483516483516485,478.02197802197804,521.978021978022,915.7894736842105,395.60439560439556,510.9890109890109,32.96703296703297,60.43956043956044,320.0,500.0,820.0,1562.5
2852,......2852 Läufelfingen,1415,126.5017667844523,642.4028268551236,231.09540636042402,40.98939929328622,44.52296819787986,40.98939929328622,46.64310954063605,96.81978798586573,195.75971731448763,303.18021201413427,117.31448763250883,89.75265017667844,24.02826855123675,512.3674911660777,487.63250883392226,1050.7246376811595,398.58657243816253,452.29681978798584,54.41696113074205,94.69964664310953,196.91969196919692,359.73597359735976,556.6556655665566,1826.8156424581007
2853,......2853 Maisprach,956,116.10878661087865,672.5941422594143,211.29707112970712,48.11715481171548,33.47280334728033,34.51882845188285,50.2092050209205,93.09623430962343,170.5020920502092,358.7866108786611,133.89121338912133,52.30125523012552,25.10460251046025,494.76987447698747,505.2301255230126,979.296066252588,415.2719665271967,442.4686192468619,44.97907949790795,97.28033472803348,172.62830482115086,314.1524105754277,486.7807153965785,1819.81981981982
2854,......2854 Nusshof,277,140.7942238267148,671.4801444043321,187.72563176895306,54.151624548736464,21.660649819494584,64.98194945848375,64.98194945848375,61.371841155234655,162.4548736462094,382.6714801444043,115.52346570397113,50.54151624548736,21.660649819494584,512.6353790613719,487.36462093862815,1051.8518518518517,400.7220216606498,490.97472924187724,21.660649819494584,86.64259927797833,209.67741935483872,279.5698924731183,489.247311827957,1333.3333333333333
2855,......2855 Oltingen,526,173.00380228136882,610.2661596958176,216.7300380228137,41.82509505703422,60.836501901140686,70.34220532319392,51.330798479087456,74.1444866920152,169.20152091254752,315.58935361216726,125.47528517110266,66.53992395437263,24.714828897338403,503.8022813688213,496.1977186311787,1015.3256704980842,444.8669201520912,442.96577946768065,38.02281368821293,74.1444866920152,283.4890965732087,355.14018691588785,638.6292834890966,1252.7472527472528
2856,......2856 Ormalingen,2375,160.8421052631579,608.421052631579,230.73684210526315,46.73684210526316,62.31578947368421,51.78947368421053,40.421052631578945,89.26315789473684,201.26315789473685,277.4736842105263,116.63157894736842,82.52631578947368,31.578947368421055,491.36842105263156,508.63157894736844,966.0596026490066,411.3684210526316,447.5789473684211,53.05263157894736,88.0,264.3598615916955,379.2387543252595,643.5986159169549,1434.5549738219895
2857,......2857 Rickenbach (BL),570,126.31578947368422,659.6491228070176,214.03508771929825,33.333333333333336,35.08771929824561,57.89473684210526,47.36842105263158,87.71929824561403,156.140350877193,368.4210526315789,121.05263157894737,75.43859649122807,17.543859649122805,507.01754385964915,492.98245614035085,1028.4697508896795,391.2280701754386,466.6666666666667,50.87719298245614,89.47368421052632,191.48936170212767,324.468085106383,515.9574468085107,1694.4444444444443
2858,......2858 Rothenfluh,809,148.3312731767614,639.0605686032138,212.6081582200247,45.73547589616811,48.20766378244747,54.388133498145855,58.0964153275649,80.34610630407911,173.05315203955502,327.56489493201485,127.3176761433869,61.804697156983934,23.485784919653895,506.79851668726826,493.2014833127318,1027.5689223057645,401.7305315203956,462.2991347342398,42.027194066749075,93.94313967861558,232.10831721470018,332.68858800773694,564.7969052224371,1433.3333333333333
2859,......2859 Rümlingen,438,162.10045662100455,655.2511415525114,182.64840182648402,50.2283105022831,61.64383561643835,50.2283105022831,68.4931506849315,86.7579908675799,182.64840182648402,317.351598173516,102.73972602739725,52.51141552511415,27.397260273972602,541.095890410959,458.90410958904107,1179.1044776119404,429.2237442922374,417.8082191780822,54.794520547945204,98.17351598173515,247.38675958188153,278.74564459930315,526.1324041811847,1126.7605633802818
2860,......2860 Rünenberg,794,128.46347607052897,575.566750629723,295.9697732997481,40.30226700251889,52.896725440806044,35.26448362720403,49.1183879093199,86.90176322418137,149.87405541561714,289.67254408060455,148.6146095717884,113.35012594458438,34.005037783375315,484.8866498740554,515.1133501259446,941.320293398533,367.7581863979849,467.2544080604534,68.01007556675063,96.97732997481108,223.19474835886214,514.2231947483589,737.4179431072209,2303.9215686274506
2861,......2861 Sissach,6894,139.97679141282273,634.3196982883667,225.70351029881056,40.034812880765884,45.98201334493763,53.95996518711924,52.21932114882506,107.19466202494924,205.39599651871194,269.5097185958805,115.46272120684652,78.18392805337974,32.05686103858427,491.73194081810266,508.26805918189734,967.4657534246576,451.55207426747893,400.34812880765884,52.21932114882506,95.73542210617929,220.6723073404985,355.8198033386691,576.4921106791676,1612.4352331606217
2862,......2862 Tecknau,817,129.74296205630355,668.2986536107711,201.95838433292533,42.83965728274173,39.16768665850673,47.735618115055075,58.7515299877601,105.26315789473684,206.85434516523867,297.4296205630355,101.59118727050185,69.76744186046511,30.599755201958384,506.7319461444308,493.2680538555692,1027.2952853598015,403.91676866585067,479.8041615667075,47.735618115055075,68.54345165238678,194.13919413919413,302.19780219780216,496.3369963369963,1556.6037735849056
2863,......2863 Tenniken,938,149.25373134328356,586.3539445628998,264.3923240938166,39.44562899786781,60.76759061833688,49.04051172707889,43.71002132196162,82.08955223880596,183.36886993603412,277.1855010660981,151.3859275053305,90.6183368869936,22.388059701492537,489.33901918976545,510.6609808102346,958.2463465553236,381.6631130063966,492.5373134328358,45.84221748400853,79.95735607675907,254.54545454545453,450.90909090909093,705.4545454545455,1771.4285714285713
2864,......2864 Thürnen,1459,130.9115832762166,639.4790952707334,229.60932145305006,44.55106237148732,39.75325565455792,46.60726525017135,41.1240575736806,126.79917751884854,203.564084989719,267.9917751884853,119.25976696367375,82.2481151473612,28.101439342015077,522.960932145305,477.039067854695,1096.2643678160919,429.061000685401,434.5442083618917,43.86566141192598,92.52912954078135,204.7159699892819,359.0568060021436,563.7727759914255,1753.9267015706805
2865,......2865 Wenslingen,712,136.23595505617976,584.2696629213483,279.4943820224719,32.30337078651686,51.96629213483146,51.96629213483146,57.58426966292135,57.58426966292135,151.68539325842698,317.4157303370786,127.80898876404495,106.74157303370787,44.9438202247191,477.5280898876405,522.4719101123596,913.9784946236559,390.4494382022472,476.123595505618,53.37078651685393,80.0561797752809,233.17307692307693,478.36538461538464,711.5384615384615,2051.546391752577
2866,......2866 Wintersingen,602,134.55149501661128,606.312292358804,259.1362126245847,39.86710963455149,46.51162790697674,48.17275747508306,33.222591362126245,66.44518272425249,166.11295681063123,340.531561461794,147.8405315614618,93.02325581395348,18.272425249169437,519.9335548172758,480.06644518272424,1083.0449826989618,372.09302325581393,475.0830564784053,44.85049833887044,107.9734219269103,221.91780821917808,427.3972602739726,649.3150684931506,1925.9259259259259
2867,......2867 Wittinsburg,449,104.67706013363029,701.5590200445434,193.76391982182628,35.634743875278396,33.4075723830735,35.634743875278396,66.815144766147,118.04008908685968,158.1291759465479,358.5746102449889,102.44988864142539,77.9510022271715,13.3630289532294,501.11358574610244,498.88641425389756,1004.4642857142858,391.98218262806233,498.88641425389756,42.31625835189309,66.815144766147,149.20634920634922,276.1904761904762,425.39682539682536,1851.063829787234
2868,......2868 Zeglingen,519,154.1425818882466,616.5703275529864,229.28709055876686,36.60886319845857,55.8766859344894,61.65703275529865,63.58381502890173,75.14450867052024,175.3371868978805,302.50481695568396,123.3140655105973,77.0712909441233,28.90173410404624,504.8169556840077,495.1830443159923,1019.4552529182879,400.7707129094412,475.91522157996144,55.8766859344894,67.4373795761079,250.0,371.875,621.875,1487.5
2869,......2869 Zunzgen,2790,140.14336917562724,616.1290322580645,243.72759856630825,48.74551971326165,52.68817204301075,38.70967741935484,46.95340501792115,100.3584229390681,192.4731182795699,276.3440860215054,116.84587813620072,94.26523297491039,32.61648745519713,489.247311827957,510.752688172043,957.8947368421052,399.6415770609319,460.21505376344084,53.40501792114696,86.73835125448029,227.45782431646305,395.5788248981966,623.0366492146597,1739.1304347826087
2881,......2881 Arboldswil,608,129.93421052631578,636.5131578947369,233.55263157894737,41.11842105263158,32.89473684210526,55.921052631578945,65.78947368421052,93.75,157.89473684210526,319.0789473684211,123.35526315789473,74.01315789473684,36.18421052631579,491.7763157894737,508.2236842105263,967.6375404530745,378.2894736842105,465.4605263157895,49.3421052631579,106.90789473684211,204.1343669250646,366.9250645994832,571.0594315245479,1797.4683544303798
2882,......2882 Bennwil,677,175.7754800590842,635.1550960118169,189.06942392909897,47.267355982274744,63.515509601181684,64.99261447562776,59.084194977843424,84.19497784342688,166.91285081240767,324.96307237813886,91.5805022156573,79.76366322008863,17.725258493353028,519.9409158050221,480.05908419497786,1083.076923076923,447.562776957164,446.08567208271785,29.542097488921712,76.80945347119646,276.74418604651163,297.6744186046512,574.4186046511628,1075.6302521008404
2883,......2883 Bretzwil,736,130.43478260869566,642.6630434782609,226.9021739130435,28.532608695652172,46.19565217391304,55.70652173913043,72.01086956521739,63.85869565217392,169.83695652173913,336.95652173913044,116.84782608695653,74.72826086956522,35.326086956521735,508.15217391304344,491.84782608695656,1033.1491712707182,403.5326086956522,459.23913043478257,61.141304347826086,76.08695652173914,202.9598308668076,353.0655391120507,556.0253699788583,1739.5833333333333
2884,......2884 Diegten,1643,156.42118076688982,646.3785757760194,197.2002434570907,44.430919050517346,45.64820450395618,66.34205721241632,43.21363359707851,91.90505173463177,202.67802799756544,308.58186244674374,102.86062081558126,74.25441265976872,20.085209981740718,486.3055386488131,513.6944613511869,946.6824644549763,391.96591600730375,479.00182592818015,46.2568472306756,82.77541083384054,241.99623352165725,305.08474576271186,547.0809792843692,1260.7003891050583
2885,......2885 Eptingen,560,151.78571428571428,639.2857142857142,208.92857142857144,41.07142857142857,48.214285714285715,62.5,32.14285714285714,92.85714285714286,205.35714285714286,308.92857142857144,119.64285714285715,66.07142857142857,23.214285714285715,521.4285714285714,478.5714285714286,1089.55223880597,455.35714285714283,421.42857142857144,37.5,85.71428571428571,237.43016759776538,326.81564245810057,564.245810055866,1376.4705882352941
2886,......2886 Hölstein,2643,165.72077185017025,615.5883465758608,218.690881573969,43.51116155883466,62.807415815361324,59.40219447597427,48.42981460461597,97.99470298902763,192.2058267120696,276.9580022701476,114.64245175936435,75.29322739311388,28.755202421490733,520.2421490730231,479.7578509269769,1084.384858044164,411.6534241392357,458.19144911085885,48.0514566780174,82.103670071888,269.20712968653964,355.25507068223726,624.4622003687768,1319.6347031963471
2887,......2887 Lampenberg,581,170.3958691910499,592.0826161790017,237.52151462994837,49.91394148020654,70.56798623063683,49.91394148020654,53.35628227194492,84.33734939759036,180.72289156626505,273.66609294320136,122.20309810671256,79.17383820998279,36.144578313253014,506.0240963855421,493.9759036144578,1024.3902439024391,411.35972461273667,481.9277108433735,43.029259896729776,63.68330464716007,287.7906976744186,401.1627906976744,688.953488372093,1393.939393939394
2888,......2888 Langenbruck,975,116.92307692307692,635.8974358974359,247.17948717948718,30.76923076923077,33.84615384615385,52.30769230769231,36.92307692307693,97.43589743589743,206.15384615384616,295.3846153846154,142.56410256410257,86.15384615384615,18.461538461538463,537.4358974358975,462.5641025641026,1161.8625277161862,415.3846153846154,437.9487179487179,44.1025641025641,102.56410256410255,183.8709677419355,388.7096774193549,572.5806451612904,2114.035087719298
2889,......2889 Lauwil,324,108.02469135802468,645.0617283950617,246.91358024691357,30.864197530864196,33.95061728395061,43.20987654320987,70.98765432098764,86.41975308641975,123.45679012345678,364.1975308641975,163.58024691358025,64.81481481481481,18.51851851851852,484.5679012345679,515.4320987654321,940.1197604790419,404.320987654321,469.1358024691358,55.55555555555555,70.98765432098764,167.4641148325359,382.7751196172249,550.2392344497607,2285.714285714286
2890,......2890 Liedertswil,156,134.6153846153846,583.3333333333334,282.05128205128204,12.82051282051282,38.46153846153847,83.33333333333333,64.1025641025641,76.92307692307693,108.97435897435898,333.3333333333333,160.25641025641028,89.74358974358974,32.05128205128205,506.4102564102564,493.5897435897436,1025.974025974026,403.84615384615387,391.02564102564105,89.74358974358974,115.38461538461539,230.76923076923077,483.5164835164835,714.2857142857143,2095.2380952380954
2891,......2891 Niederdorf,1783,134.60459899046552,616.9377453729669,248.45765563656758,33.09029725182277,52.72013460459899,48.79416713404375,49.35501962983736,102.63600673022995,185.0813236118901,279.8653954010095,131.23948401570388,83.00616937745373,34.212002243409984,517.106001121705,482.893998878295,1070.8478513356563,395.96186203028606,459.89904655075713,54.96354458777341,89.1755468311834,218.18181818181816,402.7272727272727,620.9090909090909,1845.8333333333335
2892,......2892 Oberdorf (BL),2577,163.36825766395032,612.7279782693054,223.9037640667443,48.50601474582848,58.98331393092744,55.87892898719441,54.3267365153279,98.56422196352348,189.3674815677144,270.46953822273963,113.31005044625533,84.20644159875825,26.387272021730695,506.4027939464494,493.5972060535506,1025.943396226415,410.5549088086923,457.89677920062087,47.72991850989523,83.430345362825,266.6244458518049,365.4211526282457,632.0455984800507,1370.546318289786
2893,......2893 Reigoldswil,1593,151.9146264908977,622.7244193345888,225.3609541745135,47.70872567482737,52.73069679849341,51.4752040175769,52.102950408035156,84.11801632140616,183.92969240426868,302.57376020087884,104.83364720652855,94.78970495919648,25.73760200878845,512.8688010043943,487.13119899560576,1052.8350515463917,392.3414940364093,478.3427495291902,45.19774011299435,84.11801632140616,243.95161290322582,361.89516129032256,605.8467741935484,1483.4710743801654
2894,......2894 Titterten,442,110.85972850678732,601.8099547511312,287.33031674208144,38.46153846153847,22.62443438914027,49.77375565610859,42.98642533936651,95.02262443438913,149.3212669683258,314.4796380090498,149.3212669683258,113.12217194570135,24.886877828054295,513.5746606334841,486.42533936651586,1055.8139534883721,384.61538461538464,466.0633484162896,52.036199095022624,97.28506787330316,184.21052631578945,477.4436090225564,661.6541353383458,2591.8367346938776
2895,......2895 Waldenburg,1124,110.3202846975089,664.5907473309609,225.08896797153025,31.13879003558719,41.81494661921708,37.36654804270462,45.37366548042704,115.65836298932385,182.38434163701066,321.1743772241993,126.33451957295375,79.1814946619217,19.572953736654803,547.153024911032,452.846975088968,1208.2514734774065,415.48042704626334,419.0391459074733,46.263345195729535,119.21708185053382,165.99732262382867,338.6880856760375,504.6854082998661,2040.3225806451615
2901,......2901 Gächlingen,1029,187.56073858114675,586.0058309037901,226.43343051506318,66.08357628765792,74.82993197278911,46.647230320699705,45.6754130223518,68.02721088435375,183.67346938775512,288.6297376093295,129.2517006802721,74.82993197278911,22.351797862001945,511.17589893100103,488.824101068999,1045.7256461232605,409.13508260447037,466.4723032069971,48.590864917395535,75.80174927113703,320.0663349917081,386.40132669983416,706.4676616915423,1207.2538860103627
2903,......2903 Löhningen,1642,173.5688185140073,629.7198538367844,196.7113276492083,54.202192448233866,58.465286236297196,60.90133982947625,68.81851400730817,62.11936662606577,207.673568818514,291.1084043848965,103.53227771010961,67.60048721071864,25.578562728380025,505.4811205846529,494.5188794153471,1022.167487684729,419.61023142509134,458.5870889159562,32.886723507917175,88.91595615103533,275.62862669245646,312.37911025145064,588.0077369439072,1133.3333333333333
2904,......2904 Neunkirch,2660,167.66917293233084,612.0300751879699,220.30075187969925,52.255639097744364,66.9172932330827,48.49624060150376,45.48872180451128,89.84962406015038,208.27067669172934,268.42105263157896,117.66917293233082,79.69924812030075,22.93233082706767,504.88721804511283,495.1127819548872,1019.7418375094913,418.796992481203,443.98496240601503,42.857142857142854,94.3609022556391,273.95577395577396,359.95085995086,633.9066339066339,1313.9013452914799
2914,......2914 Büttenhardt,438,162.10045662100455,573.0593607305937,264.8401826484018,36.5296803652968,82.1917808219178,43.37899543378995,38.81278538812785,77.6255707762557,175.79908675799086,280.8219178082192,143.83561643835617,95.8904109589041,25.11415525114155,497.7168949771689,502.283105022831,990.909090909091,390.4109589041096,497.7168949771689,43.37899543378995,68.4931506849315,282.8685258964144,462.1513944223107,745.0199203187251,1633.8028169014085
2915,......2915 Dörflingen,1056,164.77272727272725,602.2727272727273,232.95454545454544,50.18939393939394,59.659090909090914,54.92424242424242,41.666666666666664,70.07575757575756,181.8181818181818,308.7121212121212,141.09848484848487,67.23484848484848,24.62121212121212,487.68939393939394,512.3106060606061,951.9408502772643,370.2651515151515,515.1515151515151,34.090909090909086,80.49242424242424,273.58490566037733,386.7924528301887,660.377358490566,1413.7931034482758
2917,......2917 Lohn (SH),760,173.6842105263158,618.421052631579,207.89473684210526,42.10526315789473,53.94736842105263,77.63157894736842,69.73684210526315,57.89473684210526,171.05263157894737,319.7368421052632,125.0,59.21052631578947,23.68421052631579,480.2631578947368,519.7368421052631,924.0506329113924,413.15789473684214,465.7894736842105,57.89473684210526,63.15789473684211,280.8510638297873,336.17021276595744,617.0212765957447,1196.969696969697
2919,......2919 Stetten (SH),1479,188.64097363083167,633.5361730899256,177.82285327924274,55.44286680189317,70.99391480730223,62.20419202163624,50.70993914807302,98.0392156862745,187.28870858688305,297.4983096686951,91.27789046653145,66.26098715348208,20.28397565922921,494.92900608519267,505.0709939148073,979.9196787148594,406.35564570655845,498.98580121703856,43.272481406355645,51.38607167004733,297.75880469583774,280.6830309498399,578.4418356456778,942.652329749104
2920,......2920 Thayngen,5881,157.62625403842884,623.7034517939127,218.67029416765857,47.10083319163408,50.16153715354532,60.36388369324944,51.18177180751573,83.99931984356401,201.32630505016152,287.1960550926713,109.16510797483421,74.47712973984017,35.02805645298419,502.2955279714334,497.70447202856656,1009.2244619063888,414.3853086209828,446.3526611120558,50.84169358952559,87.9102193504506,252.72628135223556,350.5997818974918,603.3260632497273,1387.2707659115426
2931,......2931 Bargen (SH),342,108.18713450292397,722.2222222222222,169.5906432748538,38.01169590643275,46.783625730994146,23.391812865497073,32.16374269005848,143.27485380116957,201.75438596491227,345.02923976608184,93.56725146198829,64.32748538011695,11.695906432748536,517.5438596491229,482.4561403508772,1072.7272727272727,502.9239766081871,353.80116959064327,35.08771929824561,108.18713450292397,149.79757085020242,234.8178137651822,384.61538461538464,1567.5675675675675
2932,......2932 Beringen,5269,155.05788574682103,635.4146896944392,209.5274245587398,48.39628012905674,53.33080280888214,53.33080280888214,43.841336116910234,103.43518694249383,218.82710191687227,269.31106471816287,107.42076295312202,75.91573353577529,26.190928069842474,507.49667868665784,492.50332131334216,1030.4431599229288,417.91611311444296,450.55987853482634,49.34522679825394,81.60941355095844,244.026284348865,329.7491039426523,573.7753882915173,1351.2851897184823
2933,......2933 Buchberg,885,137.85310734463278,601.1299435028249,261.01694915254234,38.4180790960452,48.58757062146893,50.84745762711865,42.93785310734463,81.35593220338983,150.28248587570621,326.55367231638417,134.4632768361582,93.78531073446328,32.76836158192091,498.3050847457627,501.6949152542373,993.2432432432432,378.5310734463277,479.0960451977401,61.016949152542374,81.35593220338983,229.32330827067668,434.2105263157895,663.5338345864662,1893.4426229508197
2936,......2936 Merishausen,905,144.75138121546962,641.9889502762431,213.2596685082873,33.14917127071823,57.4585635359116,54.14364640883978,62.98342541436463,95.02762430939227,183.4254143646409,300.5524861878453,110.49723756906077,79.55801104972375,23.204419889502763,499.4475138121547,500.5524861878453,997.7924944812362,426.5193370165746,457.4585635359116,47.51381215469613,68.50828729281767,225.47332185886404,332.18588640275385,557.6592082616179,1473.2824427480914
2937,......2937 Neuhausen am Rheinfall,11834,140.3582896738212,658.8642893358121,200.77742099036675,45.800236606388374,46.13824573263478,48.41980733479804,43.349670441101914,133.4291025857698,223.76204157512254,258.3234747338178,96.58610782491127,72.33395301673146,31.857360148724013,507.9432144667906,492.0567855332094,1032.285763352224,427.9195538279534,415.3287138752747,54.503971607233396,102.24776068953861,213.03065281518533,304.73258945748364,517.763242272669,1430.4635761589404
2938,......2938 Rüdlingen,815,136.1963190184049,626.9938650306749,236.80981595092024,44.171779141104295,45.398773006134974,46.625766871165645,57.668711656441715,63.8036809815951,170.5521472392638,334.96932515337426,120.24539877300613,94.47852760736195,22.085889570552148,500.6134969325153,499.3865030674847,1002.4570024570025,381.5950920245399,489.57055214723925,52.760736196319016,74.84662576687117,217.2211350293542,377.69080234833655,594.9119373776907,1738.7387387387387
2939,......2939 Schaffhausen,38964,132.94322964788012,646.3658761934093,220.6908941587106,44.37429422030592,44.19464120726825,44.37429422030592,46.35047736372036,125.1924853711118,212.91448516579405,261.9084282927831,106.89354275741711,77.76408992916538,36.03326147212812,489.37480751462886,510.6251924853711,958.3835946924005,451.0830510214557,398.21373575608254,51.48342059336824,99.09146904835232,205.67798292634504,341.4333928925948,547.1113758189399,1660.03861003861
2951,......2951 Beggingen,485,127.83505154639174,593.8144329896908,278.35051546391753,59.79381443298969,32.98969072164949,35.05154639175258,59.79381443298969,96.90721649484536,158.76288659793815,278.35051546391753,167.01030927835052,84.5360824742268,26.804123711340203,529.8969072164948,470.10309278350513,1127.1929824561405,410.30927835051546,432.9896907216495,59.79381443298969,96.90721649484536,215.2777777777778,468.75,684.0277777777778,2177.4193548387093
2952,......2952 Schleitheim,1845,169.10569105691056,579.9457994579947,250.94850948509483,48.23848238482385,61.24661246612466,59.62059620596206,42.81842818428184,74.25474254742548,182.1138211382114,280.75880758807585,116.53116531165311,93.22493224932249,41.19241192411924,507.3170731707317,492.6829268292683,1029.7029702970297,387.5338753387534,472.08672086720867,52.574525745257446,87.80487804878048,291.58878504672896,432.7102803738318,724.2990654205607,1483.9743589743591
2953,......2953 Siblingen,888,164.41441441441444,593.4684684684685,242.11711711711712,52.927927927927925,59.68468468468468,51.8018018018018,38.288288288288285,74.32432432432432,179.05405405405406,301.80180180180184,137.3873873873874,81.08108108108108,23.64864864864865,503.3783783783784,496.6216216216216,1013.6054421768707,391.8918918918919,483.1081081081081,46.171171171171174,78.82882882882883,277.0398481973435,407.9696394686907,685.0094876660341,1472.6027397260273
2961,......2961 Buch (SH),336,101.19047619047619,636.9047619047618,261.9047619047619,35.714285714285715,17.857142857142858,47.61904761904761,32.73809523809524,59.52380952380952,181.54761904761904,363.0952380952381,169.64285714285714,74.4047619047619,17.857142857142858,559.5238095238095,440.4761904761905,1270.2702702702702,360.1190476190476,488.0952380952381,32.73809523809524,119.04761904761904,158.87850467289718,411.21495327102804,570.0934579439252,2588.2352941176473
2962,......2962 Hemishofen,493,107.5050709939148,647.0588235294118,245.43610547667345,30.425963488843813,32.454361054766736,44.62474645030426,44.62474645030426,75.05070993914808,148.07302231237324,379.31034482758616,137.9310344827586,73.02231237322515,34.48275862068965,509.1277890466531,490.8722109533469,1037.190082644628,363.08316430020284,515.2129817444219,44.62474645030426,77.079107505071,166.14420062695925,379.31034482758616,545.4545454545454,2283.0188679245284
2963,......2963 Ramsen,1655,159.51661631419938,643.5045317220544,196.97885196374622,53.17220543806646,47.129909365558916,59.21450151057402,38.066465256797585,89.42598187311178,203.02114803625378,312.9909365558912,106.9486404833837,62.235649546827794,27.794561933534744,509.96978851963746,490.03021148036254,1040.6905055487052,416.3141993957704,444.7129909365559,55.58912386706949,83.38368580060424,247.88732394366198,306.1032863849765,553.9906103286385,1234.8484848484848
2964,......2964 Stein am Rhein,3770,118.3023872679045,597.3474801061009,284.35013262599466,37.93103448275862,36.3395225464191,44.03183023872679,45.88859416445623,84.61538461538461,179.57559681697612,287.2679045092838,144.0318302387268,105.83554376657825,34.48275862068965,487.53315649867375,512.4668435013263,951.3457556935819,377.18832891246683,450.9283819628647,61.0079575596817,110.34482758620689,198.0461811722913,476.02131438721136,674.0674955595026,2403.587443946188
2971,......2971 Hallau,2423,156.83037556747834,600.9079653322328,242.2616591002889,47.46182418489476,57.366900536524966,52.0016508460586,53.65249690466364,83.78043747420554,181.1803549319026,282.29467602146104,126.70243499793644,80.47874535699546,35.080478745357,502.6826248452332,497.3173751547668,1010.7883817427386,392.48865043334706,456.04622368964095,57.366900536524966,94.09822534048699,260.989010989011,403.15934065934067,664.1483516483516,1544.7368421052631
2972,......2972 Oberhallau,456,144.73684210526315,640.3508771929825,214.91228070175438,50.43859649122807,43.859649122807014,50.43859649122807,50.43859649122807,98.6842105263158,186.4035087719298,304.82456140350877,118.42105263157895,52.63157894736842,43.859649122807014,515.3508771929825,484.64912280701753,1063.3484162895927,418.85964912280707,449.56140350877195,52.63157894736842,78.94736842105263,226.02739726027397,335.6164383561644,561.6438356164384,1484.8484848484848
2973,......2973 Trasadingen,619,124.39418416801293,634.8949919224556,240.71082390953148,25.84814216478191,33.92568659127625,64.62035541195476,53.31179321486268,80.77544426494346,124.39418416801293,376.4135702746365,153.47334410339255,58.15831987075929,29.079159935379646,510.50080775444263,489.4991922455573,1042.904290429043,384.49111470113087,466.8820678513732,43.61873990306947,105.0080775444265,195.92875318066157,379.1348600508906,575.0636132315522,1935.064935064935
2974,......2974 Wilchingen,1738,144.99424626006905,595.5120828538551,259.49367088607596,46.02991944764097,45.45454545454545,53.50978135788262,47.7560414269275,86.30609896432681,165.70771001150746,295.74223245109323,142.692750287687,83.42922899884925,33.371691599539695,496.5477560414269,503.45224395857304,986.2857142857143,380.89758342922903,482.1634062140391,53.50978135788262,83.42922899884925,243.47826086956522,435.74879227053145,679.2270531400966,1789.6825396825398
3001,......3001 Herisau,15943,147.96462397290347,641.849087373769,210.18628865332747,45.09816220284765,53.00131719249827,49.86514457755755,47.9207175562943,109.32697735683372,212.38160948378598,272.2197829768551,110.45599949821239,72.38286395283195,27.347425202283134,504.6728971962616,495.32710280373834,1018.8679245283018,449.41353572100604,406.38524744401934,46.854418867214456,97.22135106316252,230.52868171601682,327.46995016124305,557.9986318772599,1420.517168291649
3002,......3002 Hundwil,965,193.78238341968913,650.7772020725389,155.440414507772,52.84974093264249,63.212435233160626,77.720207253886,79.79274611398964,92.2279792746114,206.21761658031087,272.5388601036269,80.82901554404145,62.17616580310881,12.435233160621761,522.279792746114,477.72020725388603,1093.2754880694142,468.39378238341965,434.1968911917098,31.088082901554404,66.32124352331606,297.77070063694265,238.8535031847134,536.6242038216561,802.1390374331551
3003,......3003 Schönengrund,557,186.7145421903052,603.2315978456014,210.05385996409336,64.63195691202873,75.40394973070018,46.6786355475763,55.65529622980251,80.7899461400359,222.62118491921004,244.16517055655297,122.08258527827648,68.22262118491922,19.748653500897664,522.4416517055655,477.55834829443444,1093.984962406015,468.58168761220827,402.15439856373433,37.70197486535009,91.56193895870736,309.5238095238095,348.2142857142857,657.7380952380952,1125.0
3004,......3004 Schwellbrunn,1556,208.86889460154242,593.8303341902314,197.30077120822622,57.19794344473008,80.33419023136247,71.33676092544987,50.771208226221084,96.40102827763495,203.08483290488434,243.573264781491,116.32390745501286,61.696658097686374,19.28020565552699,514.7814910025706,485.2185089974293,1060.9271523178807,460.7969151670951,426.09254498714654,46.91516709511568,66.19537275064268,351.73160173160176,332.25108225108227,683.9826839826841,944.6153846153846
3005,......3005 Stein (AR),1497,192.38476953907815,597.8623914495657,209.75283901135606,52.77221108884436,66.8002672010688,72.812291249165,38.7441549766199,105.54442217768872,185.70474281897128,267.8690714762859,108.88443553774215,72.812291249165,28.0561122244489,503.00601202404806,496.9939879759519,1012.0967741935485,439.5457581830327,439.5457581830327,59.45223780895124,61.4562458249833,321.7877094972067,350.83798882681566,672.6256983240223,1090.2777777777776
3006,......3006 Urnäsch,2373,177.83396544458492,606.826801517067,215.33923303834808,52.67593763168985,64.89675516224189,60.26127265065318,49.72608512431521,112.93721028234302,184.1550779603877,260.0084281500211,115.88706278971765,75.85335018963337,23.59882005899705,511.16729877791823,488.83270122208177,1045.6896551724137,431.94268857985674,442.8992836072482,51.8331226295828,73.32490518331227,293.05555555555554,354.86111111111114,647.9166666666667,1210.9004739336492
3007,......3007 Waldstatt,1867,159.61435457953937,597.7504017139796,242.635243706481,49.276914836636315,54.63310123192287,55.70433851098018,55.16871987145153,107.65934654525977,172.4692019282271,262.45313336904127,128.54847348687733,82.48527048741296,31.601499732190682,500.803427959293,499.196572040707,1003.2188841201717,416.71130155329405,447.7771826459561,56.239957150508836,78.73594001071238,267.02508960573476,405.9139784946236,672.9390681003584,1520.1342281879195
3021,......3021 Bühler,1934,148.3971044467425,671.147880041365,180.45501551189244,44.46742502585315,53.25749741468459,50.67218200620476,65.6670113753878,123.06101344364012,194.41571871768357,288.00413650465356,86.86659772492244,68.7693898655636,24.81902792140641,506.7218200620476,493.2781799379524,1027.2536687631027,455.0155118924509,425.54291623578075,39.813857290589446,79.62771458117889,221.10939907550076,268.87519260400614,489.98459167950693,1216.02787456446
3022,......3022 Gais,3134,162.09317166560305,606.8921506062541,231.01467772814294,51.05296745373325,57.11550733886407,53.92469687300574,46.26675175494575,88.70453095086152,191.7677089980855,280.1531589023612,125.39885130823228,73.38864071474156,32.22718570516911,500.0,500.0,1000.0,420.5488194001276,451.8187619655393,50.733886407147416,76.57945118059988,267.087276550999,380.6519453207151,647.739221871714,1425.1968503937007
3023,......3023 Speicher,4502,178.58729453576188,609.9511328298533,211.46157263438474,48.42292314526877,66.41492669924479,63.749444691248335,51.532652154597955,84.85117725455353,185.47312305641935,288.0941803642825,107.28565082185695,73.30075521990227,30.8751665926255,488.22745446468235,511.7725455353176,953.9930555555555,437.5832963127499,436.91692581075074,50.19991115059973,75.29986672589959,292.78951201748,346.6860888565186,639.4756008739986,1184.0796019900497
3024,......3024 Teufen (AR),6522,144.28089543084943,628.7948482060718,226.9242563630788,45.69150567310641,50.904630481447406,47.68475927629561,43.851579270162524,99.81600735970561,201.93192272309108,283.19533885311256,107.94234897270775,84.63661453541859,34.34529285495247,490.3403863845446,509.65961361545544,962.0938628158844,439.1291015026066,421.803127874885,49.21803127874885,89.69641214351427,229.45623018775908,360.8875883930749,590.343818580834,1572.7948990435707
3025,......3025 Trogen,1877,167.28822589238146,601.4917421417156,231.22003196590305,43.686734150239744,55.4075652637187,68.19392647842301,62.866275972296215,68.19392647842301,183.27117741076185,287.1603622802344,125.73255194459243,74.05434203516249,31.433137986148108,499.73361747469363,500.2663825253063,998.9350372736953,442.19499200852425,396.90996270644644,46.35055940330314,114.01172083111348,278.12223206377325,384.41098317094776,662.533215234721,1382.1656050955414
3031,......3031 Grub (AR),986,155.17241379310346,600.4056795131846,244.42190669371197,45.63894523326572,62.88032454361055,46.65314401622718,44.62474645030426,84.17849898580123,190.66937119675455,280.93306288032454,123.73225152129817,90.26369168356999,30.425963488843813,503.0425963488844,496.9574036511156,1012.2448979591836,396.55172413793105,473.630831643002,40.56795131845842,89.24949290060852,258.44594594594594,407.0945945945946,665.5405405405405,1575.1633986928105
3032,......3032 Heiden,4383,162.217659137577,598.6767054528862,239.10563540953686,49.50946840063883,56.8104038329911,55.897786903947065,44.03376682637463,88.29568788501027,189.36801277663702,276.97923796486424,117.95573807894135,86.4704540269222,34.67944330367329,496.91991786447636,503.0800821355236,987.7551020408163,407.93976728268314,432.580424366872,60.00456308464522,99.47524526579967,270.9603658536585,399.39024390243907,670.3506097560976,1473.9803094233475
3033,......3033 Lutzenberg,1321,146.8584405753217,632.0968962906888,221.04466313398942,46.17713853141559,46.17713853141559,54.504163512490535,39.36411809235428,71.15821347464042,191.5215745647237,330.0529901589705,158.21347464042393,49.96214988644966,12.869038607115822,517.7895533686601,482.2104466313399,1073.783359497645,399.69719909159727,451.1733535200606,38.60711582134746,109.76532929598788,232.33532934131736,349.70059880239523,582.0359281437126,1505.1546391752577
3034,......3034 Rehetobel,1714,147.60793465577595,632.438739789965,219.95332555425904,42.007001166861144,49.00816802800467,56.59276546091015,49.59159859976663,96.8494749124854,176.196032672112,309.8016336056009,125.43757292882147,68.26137689614936,26.254375729288213,511.66861143523926,488.33138856476074,1047.78972520908,429.98833138856475,417.1528588098016,56.00933488914819,96.8494749124854,233.39483394833948,347.7859778597786,581.180811808118,1490.118577075099
3035,......3035 Reute (AR),703,103.84068278805121,634.4238975817923,261.73541963015646,39.82930298719772,29.87197724039829,34.139402560455196,49.786628733997155,79.65860597439544,169.27453769559034,335.7041251778094,143.66998577524893,83.92603129445234,34.139402560455196,533.4281650071123,466.5718349928876,1143.2926829268292,391.1806543385491,462.30440967283073,51.209103840682786,95.30583214793741,163.67713004484304,412.55605381165924,576.2331838565023,2520.547945205479
3036,......3036 Wald (AR),929,153.92895586652313,635.091496232508,210.97954790096878,37.67491926803014,57.050592034445636,59.203444564047366,68.89128094725511,105.48977395048439,165.76964477933262,294.94079655543595,118.40688912809473,75.34983853606028,17.222820236813778,509.1496232508074,490.85037674919266,1037.280701754386,438.10548977395047,424.11194833153934,41.980624327233585,95.80193756727665,242.3728813559322,332.20338983050846,574.5762711864407,1370.6293706293707
3037,......3037 Walzenhausen,2054,134.85881207400195,649.9513145082765,215.18987341772151,43.816942551119766,53.06718597857838,37.9746835443038,34.079844206426486,87.63388510223953,201.55793573515092,326.6796494644596,127.06913339824733,59.39629990262902,28.72444011684518,518.9873417721519,481.01265822784814,1078.9473684210527,409.4449853943525,412.3661148977605,52.58033106134372,125.12171372930867,207.49063670411985,331.0861423220974,538.5767790262173,1595.667870036101
3038,......3038 Wolfhalden,1888,149.89406779661016,648.8347457627118,201.27118644067795,43.96186440677966,47.66949152542373,58.262711864406775,50.31779661016949,90.57203389830508,190.14830508474574,317.7966101694915,124.47033898305085,57.20338983050848,19.597457627118644,521.1864406779662,478.8135593220339,1088.4955752212388,415.78389830508473,433.7923728813559,41.84322033898305,108.58050847457628,231.0204081632653,310.2040816326531,541.2244897959184,1342.756183745583
3101,......3101 Appenzell,6096,134.51443569553805,641.7322834645669,223.753280839895,39.862204724409445,48.39238845144357,46.25984251968504,45.43963254593176,117.61811023622047,202.75590551181102,275.9186351706037,117.94619422572178,76.60761154855643,29.1994750656168,510.1706036745407,489.8293963254593,1041.5271265907568,452.26377952755905,417.3228346456693,50.36089238845144,80.05249343832021,209.61145194274027,348.6707566462168,558.282208588957,1663.4146341463413
3102,......3102 Gonten,1474,185.8887381275441,579.3758480325645,234.73541383989144,67.16417910447761,61.05834464043419,57.6662143826323,56.30936227951153,99.05020352781546,176.39077340569878,247.62550881953868,99.72862957937585,82.76797829036634,52.23880597014925,516.2822252374492,483.7177747625509,1067.321178120617,465.4002713704206,415.8751696065129,69.87788331071913,48.846675712347356,320.8430913348946,405.152224824356,725.9953161592506,1262.773722627737
3104,......3104 Schlatt-Haslen,1119,187.6675603217158,635.3887399463807,176.94369973190348,58.0875781948168,70.59874888293119,58.98123324396783,59.87488829311886,80.42895442359249,228.77569258266308,266.30920464700625,112.6005361930295,42.0017873100983,22.341376228775694,535.2993744414656,464.7006255585344,1151.923076923077,475.4244861483468,426.2734584450402,44.68275245755139,52.72564789991063,295.3586497890295,278.4810126582278,573.8396624472574,942.8571428571429
3111,......3111 Oberegg,1936,139.9793388429752,617.7685950413223,242.2520661157025,43.388429752066116,44.93801652892562,51.65289256198347,45.97107438016529,94.00826446280992,182.8512396694215,294.9380165289256,126.54958677685951,83.67768595041322,32.02479338842975,504.13223140495865,495.86776859504135,1016.6666666666666,415.8057851239669,440.08264462809916,58.36776859504132,85.22727272727272,226.5886287625418,392.1404682274248,618.7290969899666,1730.627306273063
3112,......3112 Schwende-Rüte,6108,164.37459070072035,637.1971185330714,198.42829076620825,48.624754420432225,57.95677799607073,57.79305828421742,51.89914865749836,121.4800261951539,185.494433529797,278.3235101506221,103.1434184675835,66.30648330058939,28.978388998035363,514.4073346430911,485.592665356909,1059.3391773432234,454.6496398166339,441.2246234446627,45.677799607072686,58.44793713163065,257.9650565262076,311.40801644398766,569.3730729701953,1207.171314741036
3201,......3201 Häggenschwil,1426,211.07994389901825,636.0448807854137,152.87517531556801,63.8148667601683,72.23001402524544,75.03506311360448,56.80224403927068,96.07293127629734,213.1837307152875,269.9859747545582,80.64516129032258,49.78962131837307,22.44039270687237,518.9340813464236,481.06591865357643,1078.7172011661808,435.48387096774195,473.35203366058903,30.855539971949508,60.308555399719495,331.86328555678057,240.35281146637266,572.2160970231532,724.2524916943521
3202,......3202 Muolen,1265,173.12252964426878,673.5177865612649,153.3596837944664,57.70750988142292,64.03162055335969,51.383399209486164,64.82213438735178,132.80632411067194,200.0,275.8893280632411,93.2806324110672,41.10671936758893,18.972332015810277,509.88142292490124,490.1185770750988,1040.3225806451612,460.8695652173913,449.0118577075099,33.99209486166008,56.126482213438734,257.0422535211267,227.69953051643193,484.74178403755866,885.8447488584475
3203,......3203 St. Gallen,78863,135.65296780492753,686.2914167607116,178.05561543436085,45.67414376830706,45.58538224515932,44.393441791461136,47.05628748589326,157.7165464159365,239.75755423963074,241.7610286192511,85.85775331904695,63.29964622192917,28.898215893384734,498.26915029861914,501.7308497013808,993.1004852405985,515.6917692707607,351.22934709559615,40.90638195351432,91.70333362920508,197.66088354304085,259.4460765293868,457.1069600724276,1312.58179098897
3204,......3204 Wittenbach,10142,154.0130151843818,624.9260500887399,221.06093472687832,44.96154604614475,54.52573456911851,54.52573456911851,50.877538946953266,117.72825872608952,193.2557680930783,263.0644843226188,101.55787813054624,87.65529481364622,31.84776178268586,487.97081443502265,512.0291855649773,953.0136722511072,412.6405048313942,452.67205679353185,50.38453953855256,84.3028988365214,246.4499842221521,353.7393499526665,600.1893341748186,1435.3393085787452
3212,......3212 Eggersriet,2434,167.6253081347576,595.3163516844701,237.0583401807724,46.014790468364836,58.34018077239113,63.270336894001645,73.13064913722269,78.47165160230074,171.3229252259655,272.39112571898113,113.80443714050945,94.49465899753493,28.759244042728017,509.03861955628594,490.96138044371406,1036.8200836820083,422.7608874281019,450.28759244042726,49.30156121610518,77.64995891536564,281.5734989648033,398.20565907522433,679.7791580400276,1414.2156862745098
3441,......3441 Andwil (SG),2144,181.4365671641791,643.6567164179105,174.90671641791045,50.37313432835821,67.63059701492537,63.43283582089553,73.69402985074628,84.42164179104478,186.1007462686567,299.44029850746267,98.88059701492537,57.36940298507463,18.656716417910445,503.26492537313425,496.7350746268657,1013.1455399061033,422.10820895522386,469.2164179104478,37.77985074626866,70.8955223880597,281.8840579710145,271.73913043478257,553.623188405797,964.0102827763496
3442,......3442 Gaiserwald,8714,163.75946752352536,606.610052788616,229.63047968785864,52.10006885471655,58.41175120495754,53.24764746385127,52.32958457654349,93.18338306173973,198.41634151939408,262.68074363093876,116.59398668808814,81.70759697039247,31.328896029378015,488.98324535230665,511.01675464769335,956.8830002245677,407.27564838191415,450.6541198072068,50.95249024558182,91.11774156529722,269.95838062807417,378.5471055618615,648.5054861899356,1402.2424667133848
3443,......3443 Gossau (SG),18633,144.85053399881932,640.5302420436859,214.61922395749477,48.14039607148607,49.80411098588525,46.90602694144797,50.0187838780658,121.88053453550152,206.78366339290505,261.84726023721356,104.43836204583266,81.95137658992111,28.229485321741,497.2360865131755,502.7639134868245,989.00512382579,430.4191488219825,434.98094778081895,50.87747544678796,83.61509150432029,226.14160033514872,335.06493506493507,561.2065354000838,1481.6598740274176
3444,......3444 Waldkirch,3576,184.84340044742729,649.0492170022371,166.1073825503356,47.53914988814318,61.80089485458613,75.503355704698,70.46979865771812,90.60402684563758,188.19910514541388,299.7762863534675,83.61297539149888,55.64876957494407,26.845637583892618,505.8724832214765,494.1275167785235,1023.7691001697793,438.19910514541385,454.1387024608501,41.946308724832214,65.71588366890381,284.7910383455407,255.9241706161137,540.7152089616545,898.6384266263237
3211,......3211 Berg (SG),1033,179.09002904162634,622.4588576960309,198.4511132623427,61.95546950629235,68.73184898354307,48.402710551790896,53.24298160696999,90.9970958373669,209.09970958373668,269.11907066795743,116.16650532429816,58.08325266214908,24.201355275895448,502.4201355275896,497.57986447241046,1009.727626459144,421.10358180058086,478.2187802516941,36.78606001936109,63.891577928363986,287.7138413685847,318.8180404354588,606.5318818040435,1108.1081081081081
3213,......3213 Goldach,9783,143.30982316262904,634.263518348155,222.426658489216,44.05601553715629,49.166922212000415,50.08688541347235,46.91812327506899,107.12460390473271,203.61852192578962,276.60226924256364,109.78227537565165,80.95676172953081,31.687621384033527,489.9315138505571,510.0684861494429,960.5210420841684,414.0856587958704,432.4849228253092,52.84677501788818,100.58264336093222,225.94681708299757,350.6849315068493,576.6317485898469,1552.06847360913
3214,......3214 Mörschwil,3671,149.27812585126668,618.6325251974939,232.08934895123946,39.77117951511849,50.93979842004903,58.56714791609915,55.57068918550804,99.7003541269409,163.44320348678835,299.91827839825663,119.58594388450014,82.26641242168347,30.236992645055842,502.8602560610188,497.1397439389812,1011.5068493150685,417.0525742304549,465.81312993734673,45.21928629801144,71.64260419504221,241.30339057683838,375.1651254953765,616.4685160722148,1554.7445255474452
3215,......3215 Rorschach,10274,132.0809811173837,687.1715008759977,180.74751800661863,46.71987541366556,42.82655246252676,42.534553241191354,48.471870741678025,145.9022775939264,229.99805333852444,262.7992992018688,90.32509246642009,65.79715787424567,24.62526766595289,516.2546233210045,483.7453766789955,1067.2032193158952,447.34280708584777,383.4923106871715,48.66653688923496,120.20634611641036,192.20963172804534,263.0311614730878,455.24079320113316,1368.4598378776714
3216,......3216 Rorschacherberg,7716,141.78330741316745,632.5816485225505,225.635044064282,48.21150855365474,49.89631933644375,43.675479523068944,45.36029030585795,97.20062208398133,203.47330222913425,286.54743390357703,118.1959564541213,79.83411093831,27.6049766718507,505.70243649559353,494.2975635044064,1023.0728893550079,401.89217210990154,451.01088646967344,46.78589942975635,100.18144116122343,224.13439868879328,356.68920303216555,580.8236017209588,1591.4076782449727
3217,......3217 Steinach,3581,147.72409941357162,635.8559061714604,216.4199944149679,48.86903099692824,50.54454063110863,48.31052778553477,44.95950851717397,103.04384250209439,186.54007260541746,301.3124825467746,103.3230941077911,79.86595922926557,33.2309410779112,500.4188774085451,499.58112259145486,1001.6769144773616,418.5981569394024,430.88522759005866,52.220050265289025,98.29656520524993,232.32323232323233,340.36012296881864,572.6833552920509,1465.0283553875236
3218,......3218 Tübach,1602,184.14481897627965,626.716604244694,189.1385767790262,56.17977528089887,57.42821473158552,70.53682896379526,48.064918851435706,102.99625468164794,220.97378277153558,254.68164794007492,100.49937578027465,68.66416978776529,19.975031210986266,491.2609238451935,508.7390761548065,965.6441717791411,465.04369538077407,413.2334581772784,42.44694132334582,79.27590511860174,293.8247011952191,301.792828685259,595.6175298804781,1027.1186440677966
3219,......3219 Untereggen,1035,162.31884057971013,672.463768115942,165.2173913043478,38.64734299516908,51.207729468599034,72.46376811594203,64.73429951690821,96.61835748792271,159.42028985507244,351.69082125603865,99.51690821256038,49.275362318840585,16.425120772946862,498.5507246376812,501.4492753623189,994.2196531791907,416.42512077294685,457.9710144927536,41.54589371980676,84.05797101449275,241.3793103448276,245.68965517241378,487.0689655172414,1017.8571428571428
3237,......3237 Thal,7137,141.09569847274767,652.0947176684881,206.8095838587642,45.817570407734344,51.42216617626453,43.85596188874877,46.097800196160854,105.78674513100742,209.19153706038952,291.01863528093037,113.21283452430994,65.43365559759003,28.16309373686423,510.9990191957405,489.0009808042595,1044.9856733524357,411.0970996216898,439.4003082527673,48.05940871514642,101.44318341039653,216.37301246239792,317.14654061022776,533.5195530726256,1465.7398212512414
3231,......3231 Au (SG),8628,154.8446917014372,663.189615206305,181.96569309225777,55.401019935095036,50.301344459898004,49.14232730644413,45.66527584608252,120.88548910523876,237.3667130273528,259.272137227631,88.31710709318497,65.83217431617989,27.81641168289291,505.21557719054243,494.78442280945757,1021.0822206605764,430.34306907742234,424.0843764487714,46.12888270746407,99.44367176634213,233.48479552603985,274.3795875567983,507.86438308283823,1175.1497005988024
3232,......3232 Balgach,5210,151.82341650671785,667.5623800383878,180.61420345489444,49.32821497120921,55.662188099808056,46.83301343570057,48.176583493282145,113.81957773512475,231.66986564299424,273.89635316698656,93.85796545105566,62.95585412667946,23.80038387715931,508.8291746641075,491.1708253358925,1035.9515435717078,443.7619961612284,425.52783109404993,38.57965451055662,92.13051823416507,227.42955721679127,270.5577918343876,497.98734905117885,1189.6333754740836
3233,......3233 Berneck,4008,153.4431137724551,634.9800399201597,211.57684630738524,43.662674650698605,53.39321357285429,56.387225548902194,52.14570858283433,94.31137724550898,200.5988023952096,287.92415169660677,119.26147704590818,66.11776447105788,26.19760479041916,501.74650698602795,498.25349301397205,1007.0105157736604,422.40518962075845,441.8662674650698,48.15369261477046,87.57485029940119,241.65029469548134,333.2023575638507,574.852652259332,1378.8617886178863
3234,......3234 Diepoldsau,6939,157.37137916126244,660.3256953451506,182.30292549358697,52.745352356247295,51.30422251044819,53.32180429456694,53.177691309987026,112.4081279723303,211.269635394149,283.47024066868426,99.29384637555843,65.13906903011961,17.870010087908923,511.0246433203631,488.97535667963683,1045.0928381962865,433.78008358553103,449.6325118893212,37.469375990776776,79.11802853437095,238.3238760366652,276.0803142732431,514.4041903099084,1158.4249084249086
3235,......3235 Rheineck,3514,136.02731929425158,645.9874786568014,217.98520204894706,48.66249288560046,46.95503699487763,40.409789413773474,39.55606146841206,125.21343198634035,215.9931701764371,265.22481502561186,112.12293682413204,75.98178713716563,29.880478087649404,504.8377916903813,495.1622083096187,1019.5402298850576,416.33466135458167,437.67785998861694,52.646556630620374,93.34092202618099,210.5726872246696,337.44493392070484,548.0176211453744,1602.510460251046
3236,......3236 St. Margrethen,6718,159.86900863352187,670.2887764215541,169.84221494492408,55.96903840428699,53.28966954450729,50.6103006847276,46.88895504614469,129.50282822268534,240.5477820779994,253.34921107472462,89.31229532598988,55.67133075320035,24.85858886573385,525.4540041679071,474.5459958320929,1107.2772898368883,430.4852634712712,433.46233998213756,46.29353974397142,89.6100029770765,238.5076615589607,253.38663113479905,491.8942926937597,1062.3836126629421
3238,......3238 Widnau,10409,151.21529445672013,676.9142088577192,171.87049668556057,47.26678835623019,51.30175809395715,52.64674800653281,52.83888942261505,118.83946584686329,222.69190123931213,282.5439523489288,88.48112210586991,61.38918243827457,22.000192141416083,509.27082332596797,490.7291766740321,1037.78386844166,439.2352771639927,434.81602459410124,41.40647516572197,84.54222307618407,223.38915696849276,253.90292364462107,477.29208061311385,1136.594663278272
3251,......3251 Altstätten,12581,150.147047134568,656.6250695493204,193.2278833161116,48.88323662665925,52.85748350687545,48.406327001033304,47.849932437803034,122.48628884826326,214.76830140688338,271.52054685637074,97.05110881487958,72.33129321993482,23.845481281297197,507.1933868531914,492.8066131468087,1029.1935483870968,439.94912963993323,425.3239011207377,51.18829981718464,83.53866942214451,228.6648105556228,294.27430093209057,522.9391114877134,1286.9242985706724
3252,......3252 Eichberg,1617,168.21273964131106,674.0878169449597,157.69944341372914,43.90847247990105,63.698206555349415,60.60606060606061,51.32962275819418,97.71181199752628,217.68707482993196,307.3593073593073,92.14594928880643,48.85590599876314,16.697588126159555,512.0593692022264,487.9406307977737,1049.4296577946768,451.4533085961657,437.84786641929503,35.86889301175015,74.82993197278911,249.54128440366975,233.94495412844037,483.48623853211006,937.5
3253,......3253 Marbach (SG),2169,148.4555094513601,665.283540802213,186.26094974642692,50.25357307514984,45.64315352697095,52.55878284923928,57.630244352236055,113.87736284001844,205.62471184877822,288.15122176118024,106.03964960811433,59.4744121715076,20.74688796680498,500.6915629322268,499.3084370677732,1002.770083102493,426.92485016136465,437.5288151221761,41.49377593360996,94.05255878284923,223.14622314622315,279.97227997228,503.11850311850316,1254.6583850931677
3254,......3254 Oberriet (SG),9373,157.6869732209538,666.4888509548704,175.82417582417582,50.03734129947722,52.38450869518831,55.265123226288274,55.90525978875493,116.93161207724314,207.72431452043102,285.9276645684413,93.35324869305451,61.773178278032645,20.697748853088658,515.5233116398165,484.47668836018346,1064.0828011451222,451.1895871119172,432.198869092073,47.69017390376614,68.92136989224367,236.59356491115736,263.8066271810469,500.40019209220424,1115.020297699594
3255,......3255 Rebstein,5077,140.63423281465433,673.4291904668112,185.93657671853455,49.832578294268274,47.66594445538704,43.13571006499902,48.059877880638176,129.99803033287375,218.04215087650186,277.3291313767973,94.15008863502068,66.37778215481583,25.408705928698048,511.12861926334455,488.87138073665545,1045.5278001611603,426.2359661217254,434.3116013393736,47.8629111680126,91.39255465826275,208.83299210295408,276.10412401286925,484.93711611582336,1322.1288515406163
3256,......3256 Rüthi (SG),2633,170.1481200151918,667.6794530953285,162.17242688947968,49.75313330801367,57.728826433725786,62.66616027345234,43.29661982529434,114.69806304595518,227.1173566274212,282.56741359665784,90.01139384732244,55.45005696923661,16.710976072920623,517.280668439043,482.7193315609571,1071.597167584579,443.2206608431447,440.56209646790734,42.53703000379795,72.54082795290543,254.83503981797494,242.8896473265074,497.72468714448235,953.125
3271,......3271 Buchs (SG),14038,164.33964952272405,666.3342356461034,169.32611483117253,54.851118392933465,57.98546801538681,51.50306311440376,45.51930474426556,120.17381393360878,252.8137911383388,247.8273258298903,88.18920074084627,60.122524576150454,21.014389514175807,509.7592249608206,490.24077503917937,1039.814007555943,450.77646388374416,427.7674882461889,42.028779028351614,79.42726884171535,246.63245670301475,254.11588625187088,500.7483429548856,1030.3424360641527
3272,......3272 Gams,3728,173.81974248927037,639.2167381974249,186.96351931330472,54.452789699570815,65.45064377682404,53.91630901287554,49.087982832618025,104.61373390557941,213.51931330472104,271.9957081545064,108.90557939914163,56.86695278969957,21.190987124463522,512.0708154506439,487.92918454935625,1049.4777350192412,432.9399141630901,466.20171673819743,39.69957081545064,61.1587982832618,271.92614351657573,292.48845992446496,564.4146034410406,1075.6172839506173
3273,......3273 Grabs,7488,163.46153846153845,629.8076923076923,206.73076923076923,52.35042735042735,56.75747863247863,54.35363247863248,54.48717948717949,104.7008547008547,198.5844017094017,272.0352564102564,108.57371794871796,71.58119658119658,26.5758547008547,500.53418803418805,499.46581196581195,1002.1390374331552,426.0149572649573,442.30769230769226,45.4059829059829,86.13782051282051,259.5419847328244,328.2442748091603,587.7862595419847,1264.7058823529412
3274,......3274 Sennwald,6332,139.13455464308274,691.566645609602,169.29879974731523,52.90587492103601,41.0612760581175,45.16740366392925,44.21983575489577,114.49778900821225,240.20846493998738,292.6405559065066,102.96904611497156,51.800379027163615,14.529374605180038,527.7953253316488,472.20467466835123,1117.7257525083612,437.3025900189513,431.9330385344283,41.85091598231207,88.75552747946936,201.187485727335,244.80474994290935,445.9922356702444,1216.799091940976
3275,......3275 Sevelen,5411,162.44686749214563,669.562003326557,167.99112918129737,49.34392903345038,59.87802624283866,53.22491221585659,52.67048604694142,115.6902605802994,233.22860839031603,267.9726483090002,92.03474403991868,58.39955645906487,17.556828682313807,514.1378673073369,485.86213269266307,1058.1970330924307,441.8776566253927,426.7233413417113,44.90851968212899,86.49048235076695,242.61661606403533,250.8970466464256,493.51366271046095,1034.1296928327645
3276,......3276 Wartau,5595,164.43252904378912,645.218945487042,190.3485254691689,40.57193923145666,61.304736371760505,62.55585344057194,50.044682752457554,113.85165326184094,208.75781948168006,272.56478999106344,104.37890974084003,64.5218945487042,21.447721179624665,510.2770330652369,489.7229669347632,1041.9708029197081,437.17605004468277,435.5674709562109,47.184986595174266,80.07149240393207,254.8476454293629,295.0138504155125,549.8614958448753,1157.6086956521738
3291,......3291 Bad Ragaz,6872,144.79045401629804,649.3015133876601,205.9080325960419,49.03958090803259,49.03958090803259,46.71129220023283,40.74505238649592,100.11641443538998,236.61233993015134,271.82770663562286,97.0605355064028,79.0162980209546,29.831199068684516,506.2572759022119,493.74272409778814,1025.34630120837,434.662398137369,420.54714784633296,45.11059371362049,99.67986030267753,222.9941730165845,317.12236665172566,540.1165396683102,1422.1105527638192
3292,......3292 Flums,5400,161.66666666666666,642.4074074074074,195.92592592592592,49.25925925925926,62.59259259259259,49.81481481481481,44.62962962962963,120.55555555555556,215.18518518518516,262.037037037037,102.96296296296296,70.55555555555556,22.40740740740741,504.81481481481484,495.18518518518516,1019.4465220643232,446.48148148148147,418.7037037037037,56.2962962962963,78.33333333333334,251.6575381954454,304.9870279619487,556.6445661573941,1211.9129438717066
3293,......3293 Mels,9581,165.5359565807327,648.0534390982152,186.4106043210521,57.19653480847511,53.125978499112826,55.21344327314476,53.125978499112826,116.37616115228056,215.00887172528962,263.5424277215322,96.02337960546916,67.73823191733639,22.648992798246532,501.72215843857634,498.27784156142366,1006.9124423963134,440.5594405594406,439.933201127231,44.67174616428348,74.7312389103434,255.4356579159285,287.64696408439363,543.0826220003221,1126.1034047919293
3294,......3294 Pfäfers,1624,149.63054187192117,619.4581280788177,230.9113300492611,48.645320197044335,54.80295566502463,46.18226600985221,59.72906403940887,92.98029556650246,179.80295566502463,286.9458128078818,123.76847290640394,83.12807881773398,24.01477832512315,525.2463054187192,474.7536945812808,1106.355382619974,414.4088669950739,466.7487684729064,56.65024630541872,62.19211822660098,241.5506958250497,372.76341948310136,614.314115308151,1543.20987654321
3295,......3295 Quarten,3105,126.57004830917876,653.1400966183575,220.28985507246375,38.00322061191626,42.19001610305958,46.3768115942029,48.95330112721417,98.22866344605475,202.57648953301128,303.3816425120773,107.5684380032206,81.8035426731079,30.917874396135264,498.5507246376812,501.4492753623189,994.2196531791907,424.47665056360705,422.54428341384863,47.34299516908213,105.31400966183575,193.7869822485207,337.27810650887574,531.0650887573964,1740.4580152671756
3296,......3296 Sargans,6615,156.4625850340136,659.8639455782312,183.67346938775512,42.63038548752834,58.201058201058196,55.631141345427054,47.467876039304606,129.85638699924414,230.9901738473167,251.5495086923658,93.42403628117914,65.3061224489796,24.943310657596374,496.44746787603935,503.55253212396065,985.8901230861603,456.2358276643991,415.1171579743008,47.467876039304606,81.02796674225246,237.11340206185565,278.35051546391753,515.4639175257731,1173.913043478261
3297,......3297 Vilters-Wangs,5121,160.51552431165788,635.4227689904316,204.06170669791058,45.30365163054091,56.2390158172232,58.972856863893774,57.605936340558486,111.30638547158759,189.2208553016989,277.2895918765866,112.67330599492287,67.7602030853349,23.628197617652802,502.83147822690876,497.1685217730912,1011.3904163393559,432.3374340949033,447.178285491115,46.475297793399726,73.81370826010544,252.6121696373694,321.14320835894284,573.7553779963123,1271.2895377128955
3298,......3298 Walenstadt,5926,155.2480593992575,622.0047249409383,222.74721565980425,47.92440094498819,50.62436719541006,56.69929125885927,49.78062774215322,97.19878501518731,200.80998987512655,274.2153223084711,117.1110361120486,77.79277759028012,27.843401957475532,497.13128585892673,502.86871414107327,988.5906040268457,435.8758015524806,425.91967600404996,50.62436719541006,87.5801552480594,249.59305480195334,358.1117742810635,607.7048290830168,1434.782608695652
3311,......3311 Amden,1901,132.03577064702787,585.4813256180958,282.4829037348764,39.97895844292478,39.45291951604419,52.60389268805891,44.71330878485008,64.17674907943189,158.33771699105733,318.25355076275645,146.23882167280377,99.42135718043136,36.82272488164124,495.00263019463443,504.99736980536557,980.2083333333334,349.8158863755918,479.7475013150973,61.54655444502893,108.89005786428196,225.51662174303684,482.47978436657684,707.9964061096136,2139.4422310756972
3312,......3312 Benken (SG),3073,173.44614383338757,647.5756589651807,178.9781972014318,57.92385291246339,55.32053368044256,60.20175724048161,67.68630003254148,98.60071591278881,191.99479336153595,289.29384965831434,106.08525870484868,51.415554832411324,21.477383664171818,515.131793036121,484.86820696387895,1062.4161073825505,437.3576309794989,445.8184184835666,46.53433127237228,70.28961926456232,267.8391959798995,276.38190954773864,544.2211055276381,1031.8949343339586
3313,......3313 Kaltbrunn,5099,160.22749558737007,659.7372033732104,180.0353010394195,46.67581878799765,59.031182584820556,54.520494214551874,60.40400078446755,105.90311825848205,212.00235340262796,281.42773092763287,100.4118454598941,60.40400078446755,19.219454795057853,512.6495391253187,487.3504608746813,1051.9114688128773,434.791135516768,437.14453814473427,40.59619533241812,87.0758972347519,242.86563614744352,272.8894173602854,515.7550535077289,1123.6230110159117
3315,......3315 Schänis,4172,184.56375838926175,624.4007670182167,191.03547459252158,55.60882070949185,68.79194630872483,60.16299137104506,52.4928092042186,89.64525407478428,205.41706615532118,276.84563758389265,110.73825503355705,58.00575263662512,22.291466922339406,495.20613614573347,504.7938638542665,981.0066476733143,434.8034515819751,439.3576222435283,48.418024928092045,77.18120805369128,295.58541266794623,305.95009596928986,601.535508637236,1035.064935064935
3316,......3316 Weesen,1898,131.19072708113805,631.190727081138,237.61854583772393,41.62276080084299,49.52581664910432,40.042149631190725,48.99894625922023,114.33087460484721,184.93150684931507,282.92939936775554,110.64278187565859,87.98735511064278,38.988408851422555,478.9251844046364,521.0748155953635,919.1102123356926,450.47418335089566,391.99157007376186,55.84826132771338,101.68598524762908,207.84641068447414,376.4607679465776,584.3071786310518,1811.2449799196788
3338,......3338 Schmerikon,4150,150.60240963855424,631.3253012048192,218.0722891566265,50.60240963855422,52.04819277108434,47.95180722891566,53.25301204819277,113.49397590361446,193.49397590361446,271.0843373493976,106.26506024096385,83.6144578313253,28.19277108433735,498.55421686746985,501.4457831325301,994.2335415665545,414.45783132530124,457.3493975903615,45.5421686746988,82.65060240963855,238.5496183206107,345.41984732824426,583.969465648855,1448.0
3339,......3339 Uznach,7038,160.6990622335891,649.0480250071043,190.2529127593066,44.89911906791702,60.10230179028133,55.69764137539074,54.276783177038936,126.74055129298095,206.87695368002272,261.1537368570617,102.30179028132991,64.36487638533676,23.586246092639954,495.4532537652742,504.54674623472573,981.9769079132639,441.0343847684001,443.5919295254334,43.33617504973004,72.03751065643648,247.59194395796845,293.1260945709282,540.7180385288966,1183.9080459770114
3340,......3340 Rapperswil-Jona,28779,141.83953577261195,641.6136766392161,216.54678758817192,45.971020535807355,50.349212967789015,45.5193022690156,47.22193265923069,110.49723756906077,212.44657562806213,271.4479307828625,101.74085270509747,82.00423920219605,32.80169568087842,490.4965426178811,509.5034573821189,962.6952192593603,436.95055422356575,422.5303172452135,46.97869974634282,93.54042878487786,221.06688329271594,337.50338478202,558.570268074736,1526.702596766291
3341,......3341 Gommiswald,5718,149.17803427771946,646.5547394193774,204.2672263029031,52.29101084295208,48.96817068905212,47.918852745715284,45.995103182931096,105.10668065757257,187.12836656173488,308.32458901713886,118.92270024484085,63.65862189576775,21.68590416229451,508.0447708989158,491.9552291010843,1032.7052968361181,408.0097936341378,445.6103532703742,40.04896817068905,106.33088492479888,230.72761698674603,315.93183662429,546.6594536110359,1369.284876905041
3342,......3342 Eschenbach (SG),10266,161.69881161114358,645.0418858367426,193.25930255211375,52.113773621663746,54.93863237872589,54.646405610753945,55.328268069355154,106.46795246444573,198.3245665302942,284.9210987726476,103.93532047535554,64.67952464445743,24.644457432300797,508.0849405805572,491.9150594194428,1032.871287128713,425.77440093512564,453.63335281511786,40.424702902785896,80.16754334697059,250.67955300513438,299.60736937481124,550.2869223799456,1195.1807228915663
3352,......3352 Ebnat-Kappel,5323,153.10914897614128,595.34097313545,251.54987788840876,52.97764418560961,55.795603982716514,44.335900807815136,59.36501972571858,98.06500093931993,175.08923539357505,262.82171707683636,123.99023107270337,93.93199323689649,33.627653578808946,496.7123802367086,503.2876197632914,986.9354236655469,428.7056171331956,428.7056171331956,57.862107833928235,84.72665789968063,257.17892079520357,422.530766803408,679.7096875986115,1642.9447852760736
3359,......3359 Wildhaus-Alt St. Johann,2601,148.78892733564015,584.3906189926951,266.8204536716647,36.13994617454825,51.13417916186083,61.51480199923107,51.903114186851205,82.66051518646675,161.47635524798153,288.35063437139564,138.0238369857747,100.34602076124567,28.450595924644368,507.88158400615146,492.11841599384854,1032.03125,425.2210688196847,418.6851211072664,61.51480199923107,94.57900807381776,254.6052631578947,456.57894736842104,711.1842105263157,1793.28165374677
3360,......3360 Nesslau,3890,166.32390745501286,587.6606683804628,246.01542416452443,62.98200514138817,52.18508997429306,51.15681233933162,51.67095115681234,93.573264781491,175.83547557840618,266.5809768637532,130.5912596401028,84.31876606683805,31.105398457583547,506.94087403598974,493.0591259640103,1028.1543274244004,427.7634961439589,426.9922879177378,58.3547557840617,86.88946015424165,283.02712160979877,418.63517060367457,701.6622922134733,1479.1344667697065
3374,......3374 Lichtensteig,2141,126.10929472209249,680.9901914992994,192.90051377860811,34.09621672115834,41.56936011209715,50.443717888836986,51.37786081270435,135.450723960766,217.65530126109294,276.5063054647361,113.49836524988324,62.587575899112565,16.814572629612332,518.4493227463802,481.5506772536198,1076.6246362754607,461.93367585240543,371.3218122372723,46.240074731433914,119.57029425502101,185.18518518518516,283.2647462277092,468.4499314128944,1529.6296296296296
3379,......3379 Wattwil,9165,148.1723949809056,621.0583742498636,230.76923076923077,45.06273867975995,53.02782324058919,50.08183306055646,48.66339334424441,119.47626841243863,193.3442444080742,259.5744680851064,111.29296235679215,85.6519367157665,33.824331696672125,496.2356792144026,503.7643207855974,985.0552306692657,424.33169667212223,426.7321331151118,58.48336061102018,90.1254773595199,238.58046380885452,371.57413914265635,610.1546029515109,1557.4374079528718
3392,......3392 Kirchberg (SG),9791,175.56940046981921,646.5121029516904,177.91849657849045,52.29292207128996,59.13594117046267,64.14053722806659,51.68011439076703,116.73986313961801,209.88663057910327,268.20549484220203,95.39372893473598,58.31886426309876,24.205903380655705,518.8438361760801,481.1561638239199,1078.3273190405434,428.96537636605046,451.3328567051374,44.734960678173834,74.96680625063834,271.563981042654,275.1974723538704,546.7614533965245,1013.3798720186155
3393,......3393 Lütisburg,1646,195.62575941676795,640.9477521263669,163.42648845686514,63.7910085054678,71.08140947752126,60.75334143377886,61.96840826245444,91.73754556500607,218.1044957472661,269.13730255164035,106.92588092345079,40.704738760631834,15.795868772782502,515.1883353584446,484.8116646415553,1062.65664160401,448.3596597812879,441.06925880923455,35.84447144592953,74.72660996354799,305.2132701421801,254.97630331753558,560.1895734597157,835.4037267080745
3394,......3394 Mosnang,2981,193.22375041932239,624.6226098624622,182.15363971821535,62.05971150620597,61.05333780610533,70.11070110701107,63.40154310634015,106.67561221066755,190.54008721905402,264.0053673264006,100.97282791009728,54.34417980543442,26.83663200268366,517.9469976517947,482.0530023482053,1074.4606819763396,446.49446494464945,455.8872861455887,41.932237504193225,55.6860114055686,309.3447905477981,291.6219119226638,600.9667024704619,942.7083333333334
3395,......3395 Bütschwil-Ganterschwil,5336,178.97301349325338,635.119940029985,185.90704647676162,61.656671664167916,62.40629685157421,54.91004497751124,50.78710644677661,122.93853073463268,218.89055472263868,242.50374812593702,98.57571214392803,60.15742128935532,27.17391304347826,503.1859070464768,496.81409295352324,1012.8253489249339,451.83658170914543,430.0974512743628,46.289355322338835,71.40179910044978,281.7940395396872,292.7117143700206,574.5057539097079,1038.7434554973822
3396,......3396 Neckertal,6420,176.01246105919003,609.3457943925233,214.6417445482866,56.074766355140184,60.12461059190031,59.81308411214953,55.14018691588785,85.202492211838,196.41744548286604,272.5856697819314,130.68535825545172,63.239875389408105,20.71651090342679,502.80373831775705,497.196261682243,1011.2781954887217,431.46417445482865,431.46417445482865,47.35202492211838,89.25233644859813,288.8548057259714,352.24948875255626,641.1042944785275,1219.4690265486724
3401,......3401 Degersheim,4216,185.9582542694497,615.7495256166983,198.292220113852,44.59203036053131,72.34345351043643,69.02277039848197,61.66982922201139,106.0246679316888,184.53510436432637,263.51992409867177,105.78747628083492,64.99051233396584,27.514231499051235,496.20493358633775,503.79506641366225,984.9340866290019,455.1707779886148,415.32258064516134,48.387096774193544,81.11954459203035,302.0030816640986,322.03389830508473,624.0369799691834,1066.3265306122448
3402,......3402 Flawil,10632,159.42437923250563,642.4943566591422,198.08126410835214,47.686230248307,54.364183596689244,57.37396538750941,53.23551542513168,119.07449209932281,198.8337095560572,271.35063957863053,100.3574115876599,71.01203912716328,26.71181339352897,504.13844996237776,495.8615500376223,1016.6919575113809,431.4334085778781,434.7253574115877,48.34462001504891,85.40255831452221,248.1335090030742,308.300395256917,556.4339042599912,1242.4778761061948
3405,......3405 Jonschwil,3992,170.34068136272546,636.2725450901804,193.38677354709418,46.59318637274549,59.368737474949896,64.37875751503006,60.62124248496994,103.45691382765531,196.14228456913827,276.05210420841684,112.97595190380761,67.13426853707415,13.276553106212424,507.0140280561122,492.98597194388776,1028.4552845528456,418.8376753507014,467.1843687374749,36.322645290581164,77.65531062124248,267.7165354330709,303.9370078740157,571.6535433070866,1135.2941176470588
3407,......3407 Oberuzwil,6743,174.25478273765384,640.2194868752781,185.52573038706808,54.13020910573928,65.54945869790895,54.57511493400564,50.86756636511938,120.71778140293638,214.2963072816254,254.33783182559694,93.72682782144447,65.9943645261753,25.804538039448317,506.5994364526175,493.4005635473825,1026.750826570484,429.92733204804983,454.39715260269907,41.96944979979238,73.7060655494587,272.17975445911514,289.7845726198749,561.96432707899,1064.6808510638298
3408,......3408 Uzwil,14570,170.07549759780372,651.544269045985,178.3802333562114,58.956760466712424,56.417295813315036,54.70144131777625,53.05422100205902,136.51338366506522,212.97185998627316,249.00480439258752,90.8716540837337,62.73164035689774,24.776938915579958,505.90253946465333,494.0974605353466,1023.892207251007,431.64035689773505,454.9759780370625,42.4159231297186,70.89910775566231,261.0344464342147,273.7806805014221,534.8151269356368,1048.8297013720742
3422,......3422 Niederbüren,1529,184.434270765206,642.9038587311968,172.66187050359713,53.62982341399607,60.82406801831262,69.98037933289731,60.82406801831262,104.64355788096795,207.9790712884238,269.4571615434925,118.378024852845,39.89535644211903,14.388489208633095,531.7200784826684,468.2799215173316,1135.4748603351957,445.3891432308699,476.7822105951602,34.009156311314584,43.81948986265533,286.8769074262462,268.5656154628688,555.442522889115,936.1702127659574
3423,......3423 Niederhelfenschwil,3290,188.75379939209728,647.1124620060791,164.1337386018237,57.75075987841945,68.69300911854104,62.31003039513678,65.34954407294832,103.34346504559271,187.23404255319147,291.18541033434656,89.36170212765958,57.14285714285714,17.62917933130699,505.16717325227967,494.8328267477204,1020.884520884521,429.1793313069909,474.16413373860183,37.38601823708207,59.27051671732523,291.68623767026776,253.64020666979803,545.3264443400657,869.5652173913044
3424,......3424 Oberbüren,4726,179.0097333897588,651.2907321201861,169.69953449005502,66.22936944561997,57.55395683453238,55.226407109606434,50.57130765975455,115.74269995768091,215.61574269995768,269.36098180279305,96.69911129919593,56.28438425730004,16.716038933559034,526.4494286923402,473.55057130765977,1111.7068811438785,442.8692340245451,449.8518831993229,33.22048243757935,73.84680490901397,274.8538011695906,260.5588044184535,535.4126055880441,947.9905437352246
3426,......3426 Zuzwil (SG),5033,154.97715080468905,634.4128750248361,210.60997417047486,48.877409099940394,55.2354460560302,50.86429564871846,51.46036161335188,93.97973375720247,187.1647128948937,301.80806675938805,118.02106099741705,73.7134909596662,18.875422213391616,507.0534472481622,492.9465527518378,1028.6174929463925,404.92747864096964,460.5603020067554,42.320683488972776,92.19153586330219,244.28437206388975,331.9761979329784,576.2605699968682,1358.9743589743591
3427,......3427 Wil (SG),25176,147.24340641881156,653.1220209723546,199.6345726088338,47.70416269462981,49.76962186209088,49.76962186209088,49.13409596441055,128.29679059421673,215.00635525897678,260.6847791547506,101.00889736256752,70.66253574833175,27.96313949793454,493.88306323482686,506.1169367651732,975.8279704912886,444.98728948204644,416.5475055608516,45.44010168414363,92.94566253574833,225.44547831904154,305.6619838229034,531.1074621419449,1355.8133261397356
3506,......3506 Vaz/Obervaz,2732,118.59443631039532,626.6471449487555,254.7584187408492,30.380673499267935,41.36163982430454,46.85212298682284,41.36163982430454,110.90775988286968,198.38945827232794,275.9882869692533,136.89604685212296,86.01756954612006,31.84480234260615,513.5431918008785,486.4568081991215,1055.680963130173,442.89897510980967,423.8653001464129,49.780380673499266,83.45534407027819,189.25233644859813,406.5420560747663,595.7943925233645,2148.1481481481483
3513,......3513 Lantsch/Lenz,518,129.34362934362935,596.5250965250965,274.13127413127415,32.818532818532816,54.054054054054056,42.471042471042466,34.74903474903475,63.706563706563706,185.32818532818533,312.74131274131275,156.37065637065638,81.08108108108108,36.67953667953668,501.9305019305019,498.0694980694981,1007.7519379844962,382.2393822393823,447.87644787644786,63.706563706563706,106.17760617760618,216.8284789644013,459.546925566343,676.3754045307443,2119.402985074627
3514,......3514 Schmitten (GR),205,107.3170731707317,526.829268292683,365.8536585365854,53.65853658536585,39.02439024390244,14.634146341463415,4.878048780487805,73.17073170731707,126.82926829268293,321.9512195121951,160.97560975609755,175.60975609756096,29.26829268292683,556.0975609756098,443.9024390243903,1252.7472527472528,307.3170731707317,492.6829268292683,78.04878048780488,121.95121951219512,203.7037037037037,694.4444444444445,898.1481481481482,3409.090909090909
3542,......3542 Albula/Alvra,1354,113.7370753323486,638.109305760709,248.1536189069424,36.92762186115214,37.66617429837518,39.143279172821266,39.881831610044316,96.7503692762186,186.85376661742984,314.62333825701626,127.03101920236337,79.76366322008863,41.3589364844904,513.2939438700148,486.70605612998526,1054.628224582701,405.4652880354505,433.53028064992617,64.25406203840473,96.7503692762186,178.24074074074073,388.8888888888889,567.1296296296297,2181.8181818181815
3543,......3543 Surses,2465,109.12778904665315,577.6876267748479,313.184584178499,38.94523326572008,34.07707910750507,36.105476673427994,31.643002028397564,89.6551724137931,178.49898580121703,277.89046653144015,167.54563894523326,112.7789046653144,32.860040567951316,512.7789046653144,487.22109533468563,1052.4562864279767,386.2068965517241,449.89858012170384,69.3711967545639,94.52332657200812,188.90449438202248,542.1348314606741,731.0393258426966,2869.888475836431
3544,......3544 Bergün Filisur,898,112.47216035634744,609.13140311804,278.39643652561244,34.521158129175944,35.634743875278396,42.31625835189309,40.0890868596882,92.42761692650333,197.10467706013364,279.5100222717149,144.7661469933185,95.7683741648107,37.8619153674833,494.4320712694877,505.5679287305123,977.9735682819384,398.6636971046771,473.27394209354117,50.11135857461024,75.7238307349666,184.64351005484463,457.0383912248629,641.6819012797075,2475.2475247524753
3551,......3551 Brusio,1099,103.73066424021839,600.5459508644221,295.72338489535946,23.657870791628753,37.306642402183805,42.766151046405824,40.03639672429481,83.71246587807097,152.86624203821654,323.9308462238398,131.93812556869884,115.55959963603276,48.22565969062784,526.8425841674249,473.1574158325751,1113.4615384615386,389.44494995450407,445.859872611465,80.98271155595995,83.71246587807097,172.72727272727272,492.42424242424244,665.1515151515151,2850.8771929824566
3561,......3561 Poschiavo,3505,140.37089871611983,576.6048502139801,283.0242510699002,36.2339514978602,47.93152639087018,56.20542082738944,47.646219686162624,90.15691868758915,158.34522111269615,280.45649072753207,138.08844507845936,103.85164051355207,41.084165477888725,496.14835948644793,503.851640513552,984.7112117780295,402.8530670470756,462.7674750356633,71.89728958630528,62.48216833095577,243.44383968332508,490.84611578426524,734.2899554675904,2016.2601626016258
3746,......3746 Zernez,1592,123.11557788944724,634.4221105527639,242.46231155778895,30.77889447236181,42.085427135678394,50.25125628140704,47.1105527638191,87.31155778894473,180.27638190954772,319.72361809045225,114.94974874371859,91.70854271356784,35.80402010050251,503.76884422110555,496.2311557788945,1015.1898734177216,376.8844221105528,467.33668341708545,58.41708542713568,97.36180904522614,194.05940594059408,382.1782178217822,576.2376237623762,1969.387755102041
3752,......3752 Samnaun,750,105.33333333333333,677.3333333333334,217.33333333333331,17.333333333333332,48.0,40.0,32.0,101.33333333333333,202.66666666666666,341.3333333333333,141.33333333333334,46.66666666666667,29.333333333333332,545.3333333333334,454.6666666666667,1199.4134897360705,454.6666666666667,418.6666666666667,50.666666666666664,76.0,155.51181102362204,320.86614173228344,476.3779527559055,2063.2911392405063
3762,......3762 Scuol,4546,123.84513858337,602.7276726792785,273.4271887373515,34.315882094148705,41.135063792344916,48.394192696876374,42.23493180818301,88.20941487021558,171.5794104707435,300.7039155301364,138.58336999560052,100.30796304443466,34.53585569731632,495.38055433348,504.61944566652005,981.691368788143,397.27232732072156,450.2859656841179,59.17289925208975,93.26880774307084,205.47445255474452,453.64963503649636,659.1240875912408,2207.8152753108347
3764,......3764 Valsot,801,106.11735330836454,614.2322097378277,279.65043695380774,22.47191011235955,46.192259675405744,37.453183520599254,54.931335830212234,93.63295880149813,151.06117353308366,314.6067415730337,158.55181023720348,91.13607990012484,29.9625468164794,508.1148564294632,491.8851435705368,1032.994923857868,360.7990012484394,505.6179775280899,53.682896379525594,79.90012484394506,172.7642276422764,455.2845528455284,628.0487804878048,2635.294117647059
3847,......3847 Val Müstair,1430,85.31468531468532,567.8321678321678,346.8531468531468,26.573426573426573,30.76923076923077,27.972027972027973,36.36363636363636,86.01398601398601,141.25874125874128,304.1958041958042,169.23076923076923,129.3706293706294,48.25174825174825,486.7132867132867,513.2867132867133,948.2288828337875,361.53846153846155,476.92307692307696,86.01398601398601,75.52447552447552,150.24630541871923,610.8374384236454,761.0837438423646,4065.5737704918033
3721,......3721 Bonaduz,3565,169.7054698457223,646.5638148667601,183.73071528751754,48.80785413744741,61.15007012622721,59.747545582047685,47.68583450210379,104.90883590462833,213.46423562412343,280.50490883590464,105.18934081346423,59.747545582047685,18.79382889200561,498.45722300140255,501.5427769985975,993.8478747203579,438.14866760168303,437.3071528751753,36.1851332398317,88.35904628330995,262.472885032538,284.1648590021692,546.6377440347071,1082.6446280991736
3722,......3722 Domat/Ems,8392,147.40228789323166,653.1220209723546,199.47569113441375,46.23450905624404,49.690181124880844,51.47759771210677,52.669208770257384,119.28026692087703,208.88941849380362,272.28312678741656,97.59294566253575,73.76072449952335,28.122020972354626,504.64728312678744,495.35271687321256,1018.7635313928314,430.29075309818876,441.9685414680648,45.28122020972355,82.34032411820782,225.68874293012223,305.4187192118227,531.1074621419449,1353.274050121261
3723,......3723 Rhäzüns,1612,148.26302729528538,663.7717121588089,187.9652605459057,39.702233250620345,52.10918114143921,56.45161290322581,67.61786600496278,119.10669975186104,192.30769230769232,284.7394540942928,102.97766749379653,67.61786600496278,17.3697270471464,522.9528535980149,477.0471464019851,1096.2288686605982,419.35483870967744,477.66749379652606,37.841191066997524,65.136476426799,223.36448598130843,283.177570093458,506.5420560747663,1267.7824267782428
3731,......3731 Felsberg,2886,180.87318087318087,656.6181566181566,162.5086625086625,54.054054054054056,62.02356202356202,64.7955647955648,51.62855162855163,104.989604989605,229.03672903672904,270.96327096327093,90.43659043659044,59.5980595980596,12.474012474012476,497.57449757449757,502.42550242550243,990.3448275862069,466.3894663894664,432.0859320859321,28.413028413028414,73.11157311157311,275.46174142480214,247.49340369393138,522.9551451187335,898.4674329501916
3732,......3732 Flims,2902,113.37008959338388,627.842866988284,258.7870434183322,36.18194348725017,39.97243280496209,37.215713301171604,39.97243280496209,93.03928325292901,222.605099931082,272.2260509993108,127.84286698828396,98.20813232253619,32.73604410751206,503.44589937973814,496.5541006202619,1013.8792505204719,455.2033080634045,398.69055823569954,58.23569951757409,87.52584424534804,180.5708013172338,412.18441273326016,592.7552140504939,2282.6747720364738
3733,......3733 Tamins,1223,149.63205233033526,612.4284546197874,237.93949304987734,43.33605887162715,58.0539656582175,48.2420278004906,39.247751430907606,82.58381030253476,194.6034341782502,295.99345870809486,125.10220768601799,89.12510220768601,23.712183156173342,506.13246116107933,493.8675388389207,1024.8344370860927,423.54865085854453,432.54292722812755,43.33605887162715,100.57236304170074,244.32576769025366,388.5180240320427,632.8437917222965,1590.1639344262294
3734,......3734 Trin,1557,160.56518946692358,606.2941554271034,233.14065510597302,55.8766859344894,57.16120745022479,47.527296082209375,41.10468850353243,84.13615928066795,213.2305716120745,267.82273603082854,127.16763005780346,77.0712909441233,28.90173410404624,498.3943481053308,501.6056518946692,993.5979513444302,441.233140655106,424.53436095054593,41.74694926140013,92.48554913294797,264.8305084745763,384.53389830508473,649.364406779661,1452.0
3945,......3945 Trimmis,3424,152.4532710280374,653.6214953271028,193.92523364485982,45.268691588785046,50.81775700934579,56.36682242990654,54.322429906542055,99.5911214953271,193.63317757009347,306.0747663551402,101.34345794392523,72.13785046728972,20.44392523364486,508.7616822429907,491.2383177570093,1035.6718192627825,438.9602803738318,436.0397196261682,37.0911214953271,87.9088785046729,233.24396782841822,296.69347631814117,529.9374441465594,1272.0306513409962
3946,......3946 Untervaz,2674,155.19820493642484,663.7995512341062,181.00224382946897,49.3642483171279,59.835452505609574,45.99850411368736,45.25056095736724,120.79281974569933,215.0336574420344,282.72251308900525,97.60658189977562,60.5833956619297,22.81226626776365,504.8616305160808,495.1383694839192,1019.6374622356494,456.9932685115931,408.75093492894536,44.12864622288706,90.12715033657443,233.80281690140845,272.67605633802816,506.4788732394366,1166.265060240964
3947,......3947 Zizers,3691,129.77512869141154,658.0872392305607,212.13763207802762,38.471958818748305,40.91032240585207,50.39284746681116,52.56028176645895,126.79490652939582,195.34001625575726,283.3920346789488,108.64264426984558,75.0474126253048,28.44757518287727,498.7808182064481,501.21918179355185,995.1351351351352,448.38797073963696,418.58574911947983,45.78704958005961,86.96830127336764,197.20049403046522,322.354878550844,519.5553725813091,1634.6555323590815
3951,......3951 Fläsch,879,143.34470989761093,673.4926052332195,183.1626848691695,51.19453924914676,50.056882821387944,42.09328782707622,34.129692832764505,80.773606370876,250.2844141069397,308.3048919226394,105.80204778156997,63.708759954493736,13.651877133105803,499.43117178612056,500.5688282138794,997.7272727272726,451.64960182025027,401.5927189988623,31.854379977246868,114.9032992036405,212.83783783783784,271.9594594594595,484.7972972972973,1277.7777777777776
3952,......3952 Jenins,964,139.00414937759336,656.6390041493776,204.35684647302904,60.16597510373444,33.19502074688797,45.64315352697095,43.56846473029045,126.55601659751036,186.7219917012448,299.79253112033194,122.40663900414937,65.35269709543569,16.597510373443985,510.37344398340247,489.6265560165975,1042.3728813559323,446.0580912863071,447.0954356846473,26.970954356846473,79.87551867219916,211.69036334913113,311.216429699842,522.9067930489731,1470.1492537313432
3953,......3953 Maienfeld,3266,142.06981016533987,645.7440293937539,212.1861604409063,43.78444580526638,48.37721984078383,49.90814451928965,43.78444580526638,97.97917942437232,205.4500918554807,298.5303123086344,110.53276178812003,75.62767911818737,26.0257195345989,501.5309246785058,498.4690753214942,1006.1425061425062,446.72382118799754,420.08573178199634,43.78444580526638,89.40600122473974,220.0094831673779,328.5917496443812,548.6012328117591,1493.5344827586207
3954,......3954 Malans,2529,148.6753657572163,651.2455516014235,200.07908264136023,49.031237643337285,46.263345195729535,53.38078291814947,51.00830367734282,88.1771451166469,194.54329774614473,317.51680506128906,99.2487149070779,78.68722815342034,22.143139580862,492.6848556741795,507.3151443258205,971.1613406079501,434.9545274812179,440.8857255832345,36.378015025701856,87.78173190984579,228.2938676381299,307.2252580449302,535.5191256830601,1345.7446808510638
3955,......3955 Landquart,9244,153.28861964517526,639.2254435309391,207.48593682388577,46.624837732583295,53.65642578970143,53.00735612289052,50.19472090004327,101.47122457810471,207.7022933794894,279.8572046733016,117.69796624837733,68.69320640415405,21.09476417135439,504.11077455646904,495.8892254435309,1016.5794066317626,418.3254002596279,450.67070532237125,45.21852012115967,85.78537429684118,239.80368928752748,324.5896090709088,564.3932983584364,1353.5638673253352
3781,......3781 Bever,618,113.26860841423948,626.2135922330098,260.51779935275084,46.92556634304207,33.980582524271846,32.362459546925564,45.307443365695796,82.5242718446602,182.84789644012943,315.5339805825243,142.39482200647248,98.70550161812297,19.41747572815534,475.7281553398058,524.2718446601941,907.4074074074074,386.73139158576055,490.29126213592235,40.45307443365696,82.5242718446602,180.87855297157623,416.0206718346253,596.8992248062015,2300.0
3782,......3782 Celerina/Schlarigna,1415,81.2720848056537,665.7243816254417,253.0035335689046,24.734982332155475,23.321554770318023,33.21554770318021,45.936395759717314,111.66077738515901,180.91872791519432,327.2084805653711,127.91519434628975,94.69964664310953,30.3886925795053,507.42049469964667,492.5795053003534,1030.1291248206599,411.30742049469967,462.8975265017668,40.28268551236749,85.51236749116607,122.08067940552017,380.0424628450106,502.1231422505308,3113.0434782608695
3783,......3783 Madulain,196,86.73469387755102,596.9387755102041,316.32653061224494,15.306122448979592,45.91836734693878,25.510204081632654,40.816326530612244,81.63265306122449,132.65306122448982,341.83673469387753,209.18367346938777,102.04081632653062,5.1020408163265305,515.3061224489795,484.69387755102036,1063.157894736842,346.9387755102041,530.6122448979593,35.714285714285715,86.73469387755102,145.29914529914532,529.9145299145299,675.2136752136753,3647.0588235294117
3784,......3784 Pontresina,2072,115.83011583011583,654.9227799227799,229.24710424710426,29.92277992277992,42.471042471042466,43.43629343629344,41.02316602316603,89.76833976833977,191.60231660231662,332.5289575289575,123.55212355212356,80.11583011583012,25.57915057915058,487.9343629343629,512.065637065637,952.8746465598492,424.22779922779927,443.5328185328185,46.33204633204633,85.9073359073359,176.86072218128223,350.03684598378777,526.8975681650701,1979.1666666666667
3785,......3785 La Punt Chamues-ch,750,105.33333333333333,616.0,278.6666666666667,48.0,36.0,21.333333333333332,28.0,110.66666666666666,166.66666666666666,310.66666666666663,158.66666666666669,101.33333333333333,18.666666666666668,500.0,500.0,1000.0,372.0,458.6666666666667,50.666666666666664,118.66666666666667,170.99567099567102,452.3809523809524,623.3766233766233,2645.5696202531644
3786,......3786 Samedan,2901,113.75387797311272,677.007928300586,209.2381937263013,31.7132023440193,37.917959324370905,44.12271630472251,45.501551189245085,122.02688728024819,189.93450534298518,319.5449844881075,105.82557738710788,75.14650120648052,28.266115132712855,498.1041020337815,501.89589796621857,992.445054945055,452.6025508445364,425.71527059634604,51.361599448466045,69.97587038952085,168.0244399185336,309.0631364562118,477.0875763747454,1839.3939393939393
3787,......3787 St. Moritz,4997,96.65799479687813,671.2027216329798,232.13928357014208,30.61837102261357,30.218130878527116,35.821492895737435,36.421853111867115,107.2643586151691,211.72703622173302,315.7894736842105,109.6657994796878,87.05223133880328,35.42125275165099,504.1024614768861,495.89753852311384,1016.545601291364,445.66740044026415,415.4492695617371,48.22893736241745,90.65439263558135,144.00715563506262,345.855694692904,489.8628503279666,2401.656314699793
3788,......3788 S-chanf,713,122.0196353436185,660.5890603085553,217.3913043478261,33.66058906030855,50.49088359046283,37.86816269284712,47.68583450210379,113.60448807854137,203.36605890603084,295.9326788218794,113.60448807854137,85.55399719495091,18.2328190743338,525.9467040673211,474.0532959326788,1109.4674556213017,441.7952314165498,405.3295932678822,50.49088359046283,102.38429172510519,184.71337579617833,329.08704883227176,513.8004246284501,1781.6091954022988
3789,......3789 Sils im Engadin/Segl,708,120.05649717514125,682.2033898305084,197.74011299435028,25.423728813559325,50.84745762711865,43.78531073446327,39.54802259887006,127.11864406779661,173.72881355932205,341.8079096045198,100.28248587570621,74.85875706214689,22.598870056497177,515.5367231638418,484.4632768361582,1064.1399416909621,447.7401129943503,443.5028248587571,36.72316384180791,72.03389830508475,175.98343685300208,289.8550724637681,465.83850931677017,1647.0588235294117
3790,......3790 Silvaplana,1124,102.31316725978648,618.3274021352313,279.3594306049822,32.028469750889684,41.81494661921708,28.469750889679712,26.690391459074736,80.07117437722421,192.17081850533808,319.3950177935943,140.5693950177936,105.87188612099645,32.91814946619217,523.1316725978647,476.86832740213526,1097.0149253731342,433.2740213523132,415.48042704626334,44.48398576512456,106.76156583629894,165.46762589928056,451.7985611510791,617.2661870503597,2730.4347826086955
3791,......3791 Zuoz,1224,108.66013071895425,651.9607843137255,239.37908496732027,29.41176470588235,33.49673202614379,45.7516339869281,128.26797385620915,85.7843137254902,159.31372549019608,278.5947712418301,133.16993464052288,76.79738562091504,29.41176470588235,508.16993464052285,491.8300653594771,1033.2225913621262,457.516339869281,401.1437908496732,51.470588235294116,89.86928104575163,166.66666666666666,367.16791979949875,533.8345864661654,2203.0075187969924
3792,......3792 Bregaglia,1591,122.56442489000628,567.5675675675675,309.86800754242614,38.969201759899434,42.74041483343809,40.85480829666876,39.597737272155875,82.33815210559396,171.59019484600879,274.0414833438089,172.21873035826525,91.13764927718417,46.51162790697674,490.2576995600251,509.7423004399748,961.7755856966708,396.60590823381517,456.3167818981773,74.16719044626022,72.91011942174732,215.9468438538206,545.9579180509413,761.9047619047618,2528.205128205128
3804,......3804 Buseno,91,10.989010989010989,604.3956043956043,384.61538461538464,10.989010989010989,0.0,0.0,43.956043956043956,87.91208791208791,87.91208791208791,384.61538461538464,197.80219780219778,109.89010989010988,76.92307692307693,472.5274725274725,527.4725274725275,895.8333333333334,362.6373626373626,384.61538461538464,120.87912087912088,131.86813186813188,18.18181818181818,636.3636363636364,654.5454545454545,35000.0
3805,......3805 Castaneda,254,74.80314960629921,594.488188976378,330.70866141732284,19.68503937007874,3.937007874015748,51.181102362204726,31.496062992125985,86.61417322834646,106.2992125984252,370.0787401574803,125.98425196850394,141.73228346456693,62.99212598425197,468.503937007874,531.496062992126,881.4814814814815,433.07086614173227,377.9527559055118,74.80314960629921,114.1732283464567,125.82781456953643,556.2913907284768,682.1192052980133,4421.0526315789475
3808,......3808 Rossa,168,47.61904761904761,553.5714285714286,398.80952380952385,17.857142857142858,17.857142857142858,11.904761904761903,17.857142857142858,53.57142857142857,142.85714285714286,339.2857142857143,261.9047619047619,101.19047619047619,35.714285714285715,559.5238095238095,440.4761904761905,1270.2702702702702,273.80952380952385,541.6666666666666,59.52380952380952,125.0,86.0215053763441,720.4301075268818,806.4516129032257,8375.0
3810,......3810 Santa Maria in Calanca,113,17.699115044247787,584.070796460177,398.2300884955752,0.0,17.699115044247787,0.0,44.24778761061947,53.097345132743364,115.04424778761062,371.6814159292036,238.93805309734515,115.04424778761062,44.24778761061947,539.8230088495575,460.17699115044246,1173.076923076923,336.283185840708,460.17699115044246,61.94690265486726,141.5929203539823,30.303030303030305,681.8181818181818,712.1212121212121,22500.0
3821,......3821 Lostallo,866,106.23556581986143,680.1385681293302,213.62586605080833,33.48729792147806,33.48729792147806,39.260969976905315,46.18937644341801,118.93764434180139,187.06697459584296,327.9445727482679,108.54503464203233,76.21247113163972,28.868360277136258,525.4041570438799,474.5958429561201,1107.0559610705598,418.013856812933,431.8706697459584,53.11778290993072,96.99769053117784,156.19694397283533,314.0916808149406,470.2886247877759,2010.869565217391
3822,......3822 Mesocco,1414,108.2036775106082,623.7623762376238,268.03394625176804,36.77510608203678,31.117397454031117,40.31117397454031,36.06789250353607,89.81612446958982,145.6859971711457,352.1923620933522,128.7128712871287,97.5954738330976,41.72560113154172,524.7524752475248,475.2475247524752,1104.1666666666667,406.6478076379066,429.98585572843,63.649222065063654,99.71711456859971,173.46938775510205,429.70521541950114,603.1746031746031,2477.124183006536
3823,......3823 Soazza,324,58.641975308641975,604.9382716049383,336.41975308641975,15.432098765432098,24.691358024691358,18.51851851851852,18.51851851851852,117.28395061728395,114.19753086419752,354.9382716049383,160.49382716049382,111.1111111111111,64.81481481481481,527.7777777777778,472.22222222222223,1117.6470588235295,373.45679012345676,441.358024691358,61.72839506172839,123.45679012345678,96.93877551020408,556.1224489795918,653.0612244897959,5736.8421052631575
3831,......3831 Cama,720,120.83333333333333,698.6111111111111,180.55555555555554,47.22222222222222,27.777777777777775,45.83333333333333,41.666666666666664,122.22222222222221,193.05555555555557,341.6666666666667,90.27777777777777,62.5,27.777777777777775,529.1666666666666,470.8333333333333,1123.8938053097345,450.0,379.16666666666663,50.0,120.83333333333333,172.96222664015903,258.4493041749503,431.41153081510936,1494.2528735632184
3832,......3832 Grono,1580,113.92405063291139,683.5443037974684,202.53164556962025,36.075949367088604,35.44303797468355,42.405063291139236,51.265822784810126,108.22784810126582,205.0632911392405,318.98734177215186,96.20253164556962,81.0126582278481,25.31645569620253,531.0126582278482,468.9873417721519,1132.2537112010796,443.0379746835443,412.02531645569616,44.93670886075949,100.0,166.66666666666666,296.2962962962963,462.962962962963,1777.7777777777776
3834,......3834 Roveredo (GR),2656,131.02409638554215,653.2379518072289,215.7379518072289,34.26204819277109,40.662650602409634,56.09939759036144,51.58132530120482,102.78614457831326,171.31024096385542,327.56024096385545,102.03313253012048,80.94879518072288,32.75602409638554,493.59939759036143,506.40060240963857,974.7211895910781,425.0753012048193,403.2379518072289,68.90060240963855,102.78614457831326,200.5763688760807,330.2593659942363,530.835734870317,1646.5517241379312
3835,......3835 San Vittore,961,108.22060353798128,683.6628511966701,208.11654526534858,48.90738813735692,31.21748178980229,28.095733610822062,27.05515088449532,117.58584807492196,228.92819979188346,310.0936524453694,124.86992715920915,60.3537981269511,22.892819979188346,516.1290322580645,483.8709677419355,1066.6666666666667,427.67950052029136,436.00416233090533,42.66389177939646,93.65244536940686,158.2952815829528,304.41400304414003,462.7092846270928,1923.076923076923
3837,......3837 Calanca,204,88.23529411764706,529.4117647058823,382.35294117647055,53.92156862745098,24.509803921568626,9.803921568627452,14.705882352941176,44.11764705882353,132.35294117647058,338.2352941176471,210.7843137254902,122.54901960784314,49.01960784313725,519.6078431372549,480.39215686274514,1081.6326530612246,397.05882352941177,387.2549019607843,73.52941176470588,142.15686274509804,166.66666666666666,722.2222222222222,888.8888888888888,4333.333333333333
3901,......3901 Chur,39177,124.66498200474769,651.0963065063685,224.23871148888378,39.89585726319014,43.00992929524976,41.75919544630778,42.19312351634888,122.41876611277024,216.70878321464124,269.77563366260813,107.7162620925543,81.11902391709422,35.40342547923527,490.31319396584735,509.6868060341527,961.9891826923077,466.98317890599077,378.53842815937924,51.969267682568855,102.50912525206115,191.469342951231,344.4017563117454,535.8710992629763,1798.7305487305487
3911,......3911 Churwalden,2114,124.88174077578051,662.7246925260171,212.39356669820245,37.842951750236516,44.93850520340587,42.100283822138124,45.88457899716178,122.98959318826869,216.65089877010408,277.1996215704825,112.58278145695365,70.95553453169347,28.855250709555342,526.4900662251656,473.5099337748344,1111.8881118881118,465.46830652790914,392.1475875118259,49.195837275307476,92.71523178807948,188.43683083511777,320.4853675945753,508.9221984296931,1700.7575757575758
3921,......3921 Arosa,3159,100.03165558721113,640.0759734093068,259.89237100348214,37.03703703703704,34.82114593225704,28.173472617917064,24.691358024691358,107.94555238999683,212.40899018676797,295.0300728078506,138.6514719848053,87.36942070275404,33.871478315922765,532.4469768914213,467.55302310857866,1138.7948544346648,443.49477682811016,419.1199746755303,50.01582779360557,87.36942070275404,156.2809099901088,406.03363006923837,562.3145400593472,2598.101265822785
3932,......3932 Tschiertschen-Praden,309,161.81229773462783,550.1618122977346,288.02588996763757,25.889967637540455,87.37864077669903,48.543689320388346,25.889967637540455,35.59870550161812,213.59223300970874,275.0809061488673,174.75728155339806,100.32362459546925,12.944983818770227,514.5631067961165,485.4368932038835,1060.0,378.6407766990291,482.2006472491909,45.307443365695796,93.85113268608414,294.11764705882354,523.5294117647059,817.6470588235294,1780.0
3851,......3851 Davos,10774,122.79561908297754,652.4967514386486,224.70762947837386,35.91980694263969,44.087618340449225,42.788193799888624,46.87209949879339,100.14850566177836,215.2403935400037,290.23575273807313,115.5559680712827,81.67811397809542,27.47354742899573,502.13476888806383,497.86523111193617,1008.5756897837434,472.9905327640616,397.53109337293483,46.96491553740486,82.32782624837571,188.19345661450924,344.3812233285917,532.574679943101,1829.9319727891157
3861,......3861 Fideris,626,162.93929712460064,592.6517571884984,244.40894568690098,65.49520766773163,57.50798722044728,39.936102236421725,22.364217252396166,95.84664536741214,196.4856230031949,277.9552715654952,123.00319488817891,87.8594249201278,33.546325878594246,492.01277955271564,507.9872204472844,968.5534591194969,415.335463258786,453.6741214057508,57.50798722044728,73.48242811501598,274.93261455525607,412.3989218328841,687.3315363881402,1500.0
3862,......3862 Furna,203,162.5615763546798,586.2068965517241,251.23152709359607,39.40886699507389,54.187192118226605,68.9655172413793,49.26108374384237,128.07881773399015,142.85714285714286,266.00985221674875,167.48768472906403,59.11330049261083,24.630541871921185,502.46305418719214,497.53694581280786,1009.90099009901,428.57142857142856,482.7586206896552,54.187192118226605,34.48275862068965,277.3109243697479,428.57142857142856,705.8823529411765,1545.4545454545455
3863,......3863 Jenaz,1164,124.5704467353952,614.2611683848797,261.1683848797251,32.64604810996564,42.09621993127148,49.828178694158076,48.96907216494845,109.96563573883161,151.20274914089347,304.12371134020617,143.47079037800685,79.89690721649484,37.80068728522337,511.16838487972507,488.8316151202749,1045.6942003514937,390.0343642611684,442.4398625429553,60.13745704467354,107.38831615120274,202.79720279720277,425.1748251748252,627.972027972028,2096.551724137931
3871,......3871 Klosters,4478,108.53059401518534,599.1514068780706,292.3179991067441,36.17686467172845,35.50692273336311,36.84680661009379,38.63331844573471,103.17105850826262,170.16525234479678,287.1817775792765,142.02769093345245,106.29745422063421,43.992853952657434,504.46627958910227,495.53372041089773,1018.0261378999548,396.15899955337204,443.2782492184011,67.21750781598928,93.3452434122376,181.14051434960865,487.88669399925453,669.0272083488632,2693.4156378600824
3881,......3881 Conters im Prättigau,224,147.32142857142858,584.8214285714286,267.85714285714283,8.928571428571429,49.107142857142854,89.28571428571429,49.107142857142854,71.42857142857143,174.10714285714286,290.17857142857144,129.46428571428572,107.14285714285714,31.25,508.9285714285714,491.07142857142856,1036.3636363636365,410.7142857142857,441.9642857142857,53.57142857142857,93.75,251.90839694656486,458.0152671755725,709.9236641221373,1818.181818181818
3882,......3882 Küblis,910,137.36263736263737,621.978021978022,240.65934065934067,39.56043956043956,57.14285714285714,40.659340659340664,47.25274725274725,75.82417582417582,195.6043956043956,303.2967032967033,123.07692307692308,82.41758241758242,35.16483516483517,498.9010989010989,501.0989010989011,995.6140350877192,418.6813186813187,405.4945054945055,59.340659340659336,116.48351648351648,220.84805653710245,386.9257950530035,607.773851590106,1752.0
3891,......3891 Luzein,1689,130.25458851391355,619.3013617525163,250.44404973357015,45.58910597986974,42.62877442273535,42.03670811130847,57.430432208407346,116.63706335109532,166.3706335109532,278.86323268206036,142.09591474245116,81.11308466548253,27.23505032563647,523.9786856127886,476.02131438721136,1100.7462686567164,429.84014209591476,435.76080521018355,50.917702782711665,83.48134991119005,210.3250478011472,404.3977055449331,614.7227533460803,1922.7272727272725
3961,......3961 Grüsch,2176,133.27205882352942,629.1360294117648,237.59191176470588,34.9264705882353,45.49632352941176,52.849264705882355,45.95588235294118,99.72426470588236,178.30882352941177,305.14705882352945,142.00367647058823,69.39338235294117,26.19485294117647,510.1102941176471,489.8897058823529,1041.2757973733585,408.5477941176471,447.1507352941176,51.470588235294116,92.83088235294117,211.83345507669833,377.64791818845873,589.481373265157,1782.7586206896551
3962,......3962 Schiers,2993,164.0494487136652,641.4968259271634,194.45372535917141,56.79919812896759,57.801536919478785,49.44871366521885,54.794520547945204,116.60541262946876,198.46308052121617,271.6338122285332,103.24089542265286,68.1590377547611,23.053792181757437,503.84229869695963,496.1577013030404,1015.4882154882155,459.0711660541263,412.9635816906114,46.775810223855665,81.18944203140661,255.72916666666669,303.125,558.8541666666666,1185.336048879837
3972,......3972 Seewis im Prättigau,1450,150.3448275862069,651.0344827586206,198.6206896551724,42.06896551724138,49.6551724137931,58.62068965517241,46.89655172413793,109.65517241379311,203.44827586206895,291.0344827586207,99.3103448275862,78.62068965517241,20.689655172413794,511.03448275862075,488.9655172413793,1045.1339915373765,427.58620689655174,448.2758620689655,44.82758620689655,79.3103448275862,230.9322033898305,305.08474576271186,536.0169491525423,1321.1009174311928
3572,......3572 Falera,635,116.53543307086613,604.7244094488188,278.74015748031496,23.62204724409449,42.51968503937008,50.39370078740157,37.79527559055118,88.18897637795276,176.3779527559055,302.3622047244094,137.00787401574803,102.36220472440945,39.37007874015748,533.8582677165355,466.14173228346453,1145.2702702702702,388.9763779527559,510.236220472441,44.09448818897638,56.69291338582677,192.70833333333334,460.9375,653.6458333333334,2391.891891891892
3575,......3575 Laax,2102,117.03139866793529,635.5851569933398,247.38344433872504,39.48620361560418,44.71931493815414,32.825880114176975,21.408182683158895,98.95337773549001,238.82017126546145,276.4034253092293,137.01236917221692,87.05994291151283,23.311132254995243,544.7193149381542,455.2806850618459,1196.4472309299897,457.65937202664134,400.5708848715509,40.913415794481445,100.85632730732635,184.13173652694613,389.2215568862276,573.3532934131737,2113.8211382113823
3581,......3581 Sagogn,769,136.54096228868661,611.183355006502,252.27568270481143,31.209362808842652,50.71521456436931,54.61638491547465,66.31989596879063,67.62028608582575,185.9557867360208,291.28738621586473,117.03511053315995,97.52925877763329,37.711313394018205,521.4564369310793,478.54356306892066,1089.6739130434783,416.12483745123535,459.03771131339397,59.81794538361508,63.71911573472042,223.40425531914892,412.7659574468085,636.1702127659574,1847.6190476190477
3582,......3582 Schluein,616,134.74025974025975,665.5844155844156,199.67532467532467,43.83116883116883,51.948051948051955,38.96103896103896,29.22077922077922,87.66233766233766,215.9090909090909,332.7922077922078,129.87012987012986,55.19480519480519,14.61038961038961,548.7012987012987,451.2987012987013,1215.8273381294964,430.1948051948052,428.57142857142856,42.20779220779221,99.02597402597404,202.43902439024393,300.0,502.4390243902439,1481.9277108433735
3603,......3603 Vals,958,106.47181628392484,654.4885177453027,239.03966597077246,50.104384133611696,30.271398747390396,26.096033402922757,44.88517745302714,118.99791231732777,208.76826722338205,281.83716075156576,110.64718162839249,89.77035490605428,38.62212943632567,529.2275574112734,470.7724425887265,1124.168514412417,451.98329853862214,416.49269311064717,68.89352818371609,62.63048016701461,162.67942583732057,365.23125996810205,527.9106858054226,2245.098039215686
3618,......3618 Lumnezia,2075,95.42168674698794,576.3855421686746,328.1927710843374,35.66265060240964,32.7710843373494,26.987951807228914,37.59036144578314,97.83132530120483,162.89156626506025,278.07228915662654,173.97590361445782,108.91566265060241,45.30120481927711,527.2289156626506,472.7710843373494,1115.1885830784913,379.27710843373495,479.5180722891566,67.46987951807229,73.73493975903614,165.55183946488293,569.3979933110368,734.9498327759197,3439.3939393939395
3619,......3619 Ilanz/Glion,5067,132.2281428853365,614.3674758239589,253.40438129070458,39.07637655417407,47.76001578843497,45.39175054272746,39.66844286560095,106.57193605683835,189.85593053088613,278.2711663706335,125.51805802249852,89.79672389974344,38.0895993684626,490.62561673574106,509.3743832642589,963.1925610228593,434.1819617130452,428.85336491020325,54.27274521413065,82.29721728833628,215.2264696434308,412.4638612271121,627.6903308705429,1916.4179104477612
3672,......3672 Safiental,964,139.00414937759336,604.7717842323651,256.22406639004146,42.531120331950206,53.941908713692946,42.531120331950206,53.941908713692946,98.54771784232365,171.16182572614107,281.12033195020746,115.14522821576763,90.24896265560166,50.829875518672196,520.746887966805,479.25311203319507,1086.5800865800866,433.6099585062241,434.6473029045643,60.16597510373444,71.57676348547717,229.84562607204117,423.6706689536878,653.5162950257289,1843.2835820895523
3981,......3981 Breil/Brigels,1706,137.7491207502931,590.8558030480656,271.39507620164125,38.68698710433763,57.444314185228606,41.61781946072685,43.376318874560376,99.64830011723329,167.05744431418523,280.7737397420868,141.26611957796015,91.4419695193435,38.68698710433763,511.137162954279,488.862837045721,1045.5635491606713,396.8347010550997,458.968347010551,66.23681125439624,77.9601406799531,233.13492063492063,459.3253968253968,692.4603174603175,1970.212765957447
3982,......3982 Disentis/Mustér,2104,127.85171102661596,583.6501901140684,288.4980988593156,33.74524714828897,44.67680608365019,49.42965779467681,42.77566539923954,97.43346007604563,172.0532319391635,271.38783269961976,140.20912547528516,103.61216730038022,44.67680608365019,519.4866920152091,480.51330798479086,1081.1078140454995,406.3688212927757,461.9771863117871,65.11406844106465,66.53992395437263,219.05537459283386,494.29967426710095,713.3550488599349,2256.5055762081784
3983,......3983 Medel (Lucmagn),328,48.78048780487805,664.6341463414634,286.5853658536585,24.390243902439025,15.24390243902439,9.146341463414634,27.4390243902439,125.0,131.09756097560975,381.0975609756098,164.63414634146343,48.78048780487805,73.17073170731707,503.0487804878049,496.9512195121951,1012.2699386503067,390.2439024390244,500.0,67.07317073170732,42.6829268292683,73.39449541284404,431.19266055045875,504.58715596330273,5875.0
3985,......3985 Sumvitg,1063,93.13264346190029,600.1881467544686,306.6792097836312,25.39981185324553,33.866415804327374,33.866415804327374,31.984948259642522,111.94731890874883,155.22107243650046,301.03480714957664,148.63593603010347,106.30291627469427,51.74035747883349,494.82596425211665,505.17403574788335,979.5158286778399,359.36030103480715,514.5813734713076,70.55503292568203,55.50329256820319,155.17241379310346,510.9717868338558,666.1442006269592,3292.929292929293
3986,......3986 Tujetsch,1199,94.24520433694745,581.3177648040033,324.4370308590492,25.020850708924105,30.025020850708923,39.19933277731443,45.03753127606338,100.08340283569642,140.11676396997495,296.08006672226855,156.79733110925773,125.93828190158466,41.70141784820684,519.5996663886572,480.4003336113428,1081.5972222222224,376.9808173477898,454.5454545454545,66.72226855713095,101.75145954962468,162.12338593974175,558.1061692969871,720.2295552367289,3442.4778761061943
3987,......3987 Trun,1141,110.42944785276073,617.8790534618755,271.69149868536374,40.31551270815074,41.19193689745837,28.921998247151624,45.57405784399649,103.41805433829973,156.00350569675723,312.88343558282213,140.22787028922,78.87817703768624,52.58545135845749,497.80893952673097,502.1910604732691,991.2739965095985,408.4136722173532,431.20070113935145,85.01314636283962,75.37248028045573,178.72340425531917,439.7163120567376,618.4397163120567,2460.3174603174602
3988,......3988 Obersaxen Mundaun,1160,125.0,568.1034482758621,306.8965517241379,41.37931034482759,44.82758620689655,38.793103448275865,36.20689655172414,81.03448275862068,164.6551724137931,286.2068965517241,177.58620689655172,96.55172413793103,32.758620689655174,512.9310344827587,487.0689655172414,1053.0973451327434,389.6551724137931,463.7931034482759,66.37931034482759,80.17241379310344,220.03034901365706,540.2124430955994,760.2427921092565,2455.1724137931033
3633,......3633 Fürstenau,353,121.81303116147309,609.0651558073654,269.1218130311614,28.328611898016998,33.9943342776204,59.49008498583569,50.991501416430594,116.14730878186968,144.47592067988668,297.45042492917844,133.14447592067987,118.98016997167139,16.9971671388102,458.92351274787535,541.0764872521246,848.1675392670157,422.09631728045326,399.4334277620397,90.6515580736544,87.81869688385268,200.0,441.8604651162791,641.860465116279,2209.302325581395
3637,......3637 Rothenbrunnen,304,157.89473684210526,608.5526315789474,233.55263157894737,59.21052631578947,52.63157894736842,46.05263157894736,46.05263157894736,88.8157894736842,190.78947368421055,282.89473684210526,141.44736842105263,78.94736842105263,13.157894736842104,539.4736842105264,460.5263157894737,1171.4285714285716,450.6578947368421,421.05263157894734,23.02631578947368,105.26315789473684,259.4594594594595,383.7837837837838,643.2432432432432,1479.1666666666667
3638,......3638 Scharans,836,172.2488038277512,575.3588516746412,252.39234449760767,43.0622009569378,74.16267942583733,55.02392344497608,32.29665071770335,90.9090909090909,200.95693779904306,251.1961722488038,143.54066985645932,75.35885167464116,33.49282296650718,482.0574162679426,517.9425837320574,930.7159353348729,441.3875598086124,413.8755980861244,58.61244019138756,86.1244019138756,299.3762993762994,438.6694386694387,738.0457380457381,1465.2777777777776
3640,......3640 Sils im Domleschg,976,153.68852459016395,622.9508196721312,223.36065573770492,40.983606557377044,55.32786885245901,57.37704918032787,51.22950819672131,103.48360655737706,178.27868852459017,289.95901639344265,98.36065573770492,95.28688524590163,29.71311475409836,498.9754098360656,501.0245901639344,995.9100204498977,401.6393442622951,469.2622950819672,49.18032786885246,79.91803278688525,246.71052631578945,358.55263157894734,605.2631578947369,1453.3333333333333
3661,......3661 Cazis,2439,143.91143911439113,639.1963919639196,216.89216892168923,43.87043870438705,51.25051250512505,48.79048790487905,60.680606806068056,97.1709717097171,195.98195981959822,285.3628536285363,118.90118901189012,72.98072980729808,25.010250102501026,518.2451824518245,481.7548175481755,1075.7446808510638,435.8343583435834,426.4042640426404,38.95038950389504,98.8109881098811,225.1443232841565,339.32007697241824,564.4644002565748,1507.1225071225072
3662,......3662 Flerden,255,149.01960784313727,643.1372549019609,207.84313725490196,27.45098039215686,58.8235294117647,62.745098039215684,54.90196078431372,121.56862745098039,176.47058823529412,290.1960784313726,129.41176470588238,66.66666666666667,11.76470588235294,494.11764705882354,505.88235294117646,976.7441860465116,486.27450980392155,396.078431372549,58.8235294117647,58.8235294117647,231.70731707317074,323.1707317073171,554.8780487804878,1394.7368421052631
3663,......3663 Masein,531,203.3898305084746,593.2203389830509,203.3898305084746,56.497175141242934,54.61393596986817,92.27871939736347,52.73069679849341,69.6798493408663,214.68926553672316,256.120527306968,129.94350282485874,65.91337099811676,7.532956685499058,483.9924670433145,516.0075329566854,937.9562043795621,421.8455743879473,455.74387947269304,28.248587570621467,94.16195856873823,342.85714285714283,342.85714285714283,685.7142857142857,1000.0
3668,......3668 Thusis,3439,127.9441698168072,649.0258796161676,223.02995056702528,38.383250945042164,40.709508578075024,48.85141029369003,43.9081128234952,123.5824367548706,190.46234370456528,291.07298633323643,114.85897063099739,79.6743239313754,28.496656004652518,511.7766792672288,488.2233207327711,1048.2430017867778,430.64844431520794,403.89648153533005,63.099738296016284,101.48298924105845,197.1326164874552,343.6379928315412,540.7706093189964,1743.1818181818182
3669,......3669 Tschappina,146,136.986301369863,534.2465753424658,328.7671232876712,61.64383561643835,47.94520547945205,27.397260273972602,34.24657534246575,61.64383561643835,123.2876712328767,315.0684931506849,212.32876712328766,82.1917808219178,34.24657534246575,534.2465753424658,465.7534246575342,1147.0588235294117,308.2191780821918,582.1917808219179,47.94520547945205,61.64383561643835,256.4102564102564,615.3846153846155,871.7948717948718,2400.0
3670,......3670 Urmein,163,104.29447852760735,503.06748466257665,392.63803680981596,18.404907975460123,42.944785276073624,42.944785276073624,67.48466257668711,24.539877300613497,165.6441717791411,245.39877300613497,165.6441717791411,177.91411042944785,49.079754601226995,503.06748466257665,496.93251533742335,1012.3456790123457,368.09815950920245,533.7423312883436,42.944785276073624,55.214723926380366,207.3170731707317,780.4878048780488,987.8048780487804,3764.705882352941
3673,......3673 Domleschg,2262,169.76127320954907,601.237842617153,229.00088417329798,64.1025641025641,51.28205128205128,54.37665782493369,42.88240495137047,82.67020335985853,190.0972590627763,285.58797524314764,134.83642793987622,67.1971706454465,26.96728558797524,485.4111405835544,514.5888594164456,943.2989690721649,422.1927497789567,431.47656940760385,48.187444739168875,98.14323607427056,282.3529411764706,380.88235294117646,663.2352941176471,1348.9583333333333
3681,......3681 Avers,169,201.18343195266272,502.9585798816568,295.85798816568047,76.92307692307693,76.92307692307693,47.337278106508876,17.75147928994083,100.59171597633136,171.59763313609466,213.01775147928996,159.76331360946747,100.59171597633136,35.50295857988166,467.4556213017751,532.5443786982249,877.7777777777777,455.6213017751479,378.698224852071,71.00591715976331,94.67455621301775,400.0,588.2352941176471,988.2352941176471,1470.5882352941178
3695,......3695 Sufers,147,170.06802721088434,564.625850340136,265.30612244897964,20.408163265306122,68.02721088435375,81.63265306122449,81.63265306122449,74.82993197278911,136.0544217687075,272.108843537415,115.64625850340137,108.84353741496598,40.816326530612244,530.6122448979593,469.38775510204084,1130.4347826086955,394.5578231292517,517.0068027210884,27.210884353741495,61.224489795918366,301.20481927710847,469.87951807228916,771.0843373493976,1560.0
3701,......3701 Andeer,923,146.26218851570962,568.7973997833152,284.94041170097506,39.0032502708559,34.66955579631636,72.58938244853738,47.670639219935,84.50704225352112,144.09534127843986,292.52437703141925,138.67822318526544,104.00866738894908,42.25352112676056,471.28927410617547,528.7107258938245,891.3934426229508,364.03033586132176,453.9544962080173,85.59046587215602,94.25785482123511,257.1428571428571,500.9523809523809,758.0952380952381,1948.1481481481483
3711,......3711 Rongellen,59,118.64406779661017,627.1186440677966,254.23728813559322,33.898305084745765,67.79661016949153,16.949152542372882,33.898305084745765,118.64406779661017,220.33898305084745,254.23728813559322,186.4406779661017,67.79661016949153,0.0,559.322033898305,440.6779661016949,1269.230769230769,322.03389830508473,406.7796610169492,33.898305084745765,237.28813559322035,189.1891891891892,405.4054054054054,594.5945945945946,2142.8571428571427
3712,......3712 Zillis-Reischen,426,107.98122065727699,676.056338028169,215.96244131455398,51.64319248826291,21.12676056338028,35.21126760563381,51.64319248826291,119.71830985915493,133.80281690140845,370.8920187793427,124.41314553990611,65.72769953051643,25.821596244131456,549.2957746478874,450.7042253521127,1218.75,401.40845070422534,450.7042253521127,44.60093896713615,103.28638497652582,159.7222222222222,319.4444444444444,479.1666666666667,2000.0
3713,......3713 Ferrera,76,210.52631578947367,578.9473684210526,210.52631578947367,105.26315789473684,52.63157894736842,52.63157894736842,0.0,131.57894736842104,250.0,197.3684210526316,92.10526315789473,92.10526315789473,26.31578947368421,565.7894736842105,434.2105263157895,1303.030303030303,539.4736842105264,342.10526315789474,26.31578947368421,92.10526315789473,363.6363636363636,363.6363636363636,727.2727272727273,1000.0
3714,......3714 Rheinwald,570,107.01754385964912,589.4736842105262,303.50877192982455,43.859649122807014,36.84210526315789,26.31578947368421,36.84210526315789,103.50877192982456,164.9122807017544,284.2105263157895,121.05263157894737,138.59649122807016,43.859649122807014,521.0526315789473,478.9473684210526,1087.9120879120878,408.7719298245614,454.3859649122807,66.66666666666667,70.17543859649122,181.54761904761904,514.8809523809523,696.4285714285714,2836.0655737704915
3715,......3715 Muntogna da Schons,368,179.3478260869565,562.5,258.15217391304344,62.5,65.21739130434783,51.630434782608695,27.17391304347826,86.95652173913044,160.32608695652172,288.04347826086956,146.73913043478262,54.34782608695652,57.065217391304344,510.86956521739137,489.1304347826087,1044.4444444444446,396.73913043478257,451.0869565217391,59.78260869565218,92.39130434782608,318.8405797101449,458.93719806763283,777.7777777777778,1439.3939393939395
4001,......4001 Aarau,22710,137.91281373844123,677.8071334214003,184.28005284015853,47.027741083223255,47.071774548656975,43.81329810656099,43.94539850286217,131.30779392338178,259.88551298987227,242.66842800528403,89.12373403786877,66.13826508146191,29.01805372082783,499.0752972258917,500.92470277410825,996.3080168776371,528.4456186701893,342.6243945398503,40.24658740642889,88.63936591809775,203.4691093354122,271.8768271292146,475.3459364646268,1336.2068965517242
4002,......4002 Biberstein,1657,133.37356668678336,593.2407966203983,273.38563669281837,35.6065178032589,45.866022933011465,51.901025950512974,42.84852142426071,58.539529269764635,165.9625829812915,325.8901629450815,147.25407362703683,96.56004828002413,29.571514785757394,497.8877489438745,502.11225105612556,991.5865384615385,379.6016898008449,467.10923355461676,48.28002414001207,105.00905250452625,224.82197355035603,460.83418107833165,685.6561546286877,2049.7737556561083
4003,......4003 Buchs (AG),8491,170.53350606524555,661.5239665528206,167.94252738193381,53.23283476622306,59.82805323283476,57.47261806618773,48.87527970792604,116.35849723236367,237.19232128135673,259.0978683311742,87.85773171593452,51.93734542456719,28.147450241432104,494.641384995878,505.35861500412204,978.7928221859706,462.84301024614297,415.2632198798728,41.69120244965258,79.61370863266988,257.7888552608154,253.87217375823394,511.6610290190493,984.8066298342542
4004,......4004 Densbüren,769,143.04291287386218,622.8868660598179,234.0702210663199,40.31209362808843,54.61638491547465,48.11443433029909,31.209362808842652,88.42652795838751,189.85695708712612,313.39401820546163,126.13784135240572,74.1222366710013,33.81014304291288,487.64629388816644,512.3537061118335,951.7766497461929,405.7217165149545,460.33810143042916,54.61638491547465,79.32379713914175,229.64509394572025,375.78288100208766,605.427974947808,1636.3636363636365
4005,......4005 Erlinsbach (AG),4639,152.18797154559172,621.6857081267515,226.1263203276568,49.79521448588058,47.85514119422289,54.537615865488256,51.30416037939211,95.27915499029965,200.04311273981463,275.0592800172451,111.44643242078034,82.34533304591507,32.33455486096141,491.9163612847596,508.08363871524034,968.1798896902842,411.9422289286484,458.0728605302867,47.20845009700367,82.56089674498816,244.7988904299584,363.73092926490983,608.5298196948681,1485.8356940509916
4006,......4006 Gränichen,8692,157.2710538426139,644.5006902899217,198.22825586746436,51.54164749194662,52.69213069489186,53.03727565577543,51.31155085135757,104.11872986654396,212.95444086516338,276.1159687068569,104.57892314772205,67.9935572940635,25.655775425678787,492.8670041417395,507.1329958582604,971.8693284936479,421.42199723884033,455.82144500690293,44.1785549930971,78.46295444086516,244.01999285969296,307.56872545519457,551.5887183148875,1260.4242867593268
4007,......4007 Hirschthal,1763,142.37095859330688,655.1332955190016,202.4957458876914,41.97390811117414,49.9149177538287,50.48213272830403,50.48213272830403,116.27906976744185,203.06296086216676,285.30913216108905,111.17413499716393,71.46908678389109,19.852524106636416,511.06069200226887,488.9393079977312,1045.243619489559,433.35224049914916,440.72603516732846,43.10833806012479,82.24617129892229,217.31601731601734,309.09090909090907,526.4069264069265,1422.3107569721117
4008,......4008 Küttigen,6997,148.6351293411462,641.9894240388738,209.37544661998,50.736029727025866,50.3072745462341,47.591825067886234,53.45147920537374,92.61111905102187,203.22995569529797,292.69687008718023,103.90167214520508,81.03472916964414,24.439045305130772,486.63713019865656,513.3628698013434,947.9398663697106,447.4774903530084,416.0354437616121,43.01843647277405,93.32571101900815,231.5227070347284,326.13535173642026,557.6580587711487,1408.6538461538462
4009,......4009 Muhen,4090,151.34474327628362,619.3154034229829,229.3398533007335,44.987775061124694,47.92176039119805,58.43520782396088,54.03422982885086,77.99511002444989,188.99755501222492,298.2885085574572,125.4278728606357,79.95110024449878,23.960880195599024,501.7114914425428,498.2885085574572,1006.8694798822376,407.33496332518337,464.30317848410755,43.27628361858191,85.08557457212713,244.3742597710225,370.31188314251875,614.6861429135413,1515.3473344103393
4010,......4010 Oberentfelden,8946,162.754303599374,644.9809970936732,192.26469930695285,48.848647440196736,55.890900961323496,58.01475519785379,52.20210149787614,116.02951039570758,217.6391683433937,259.11021685669573,97.25016767270287,69.75184439973172,25.26268723451822,497.8761457634697,502.1238542365303,991.5405164737311,429.91281019450037,441.426335792533,47.95439302481556,80.59467918622848,252.33968804159446,298.0935875216638,550.4332755632582,1181.3186813186812
4012,......4012 Suhr,11617,169.9233881380735,657.4847206679866,172.59189119393992,53.11181888611518,59.56787466643712,57.24369458552122,53.28398037359043,124.55883618834467,225.3593871051046,254.28251700094688,90.55694241198243,58.53490574158561,23.500043040371867,495.65292244124987,504.3470775587501,982.7615634067247,472.0667986571404,408.79745200998536,42.26564517517431,76.87010415769991,258.4446190102121,262.5032731081435,520.9478921183555,1015.7041540020264
4013,......4013 Unterentfelden,4550,158.46153846153845,646.5934065934066,194.94505494505495,52.30769230769231,53.18681318681319,52.967032967032964,63.2967032967033,109.67032967032966,206.8131868131868,266.8131868131868,91.86813186813187,69.67032967032966,33.40659340659341,500.0,500.0,1000.0,446.3736263736264,415.16483516483515,51.86813186813187,86.5934065934066,245.07138001359618,301.4955812372536,546.5669612508498,1230.2357836338417
4021,......4021 Baden,23853,132.05886052068922,699.7442669685155,168.1968725107953,43.390768456797886,44.60654844254391,44.06154362134742,41.71383054542405,128.87267848907894,267.5554437596948,261.60231417431766,83.5115079864168,61.29208066071354,23.393283863664948,505.89024441370054,494.10975558629946,1023.8418462582725,506.3514023393284,368.12979499434033,38.56957196159812,86.90730725694881,188.72446228506382,240.3690611706908,429.09352345575456,1273.6507936507937
4022,......4022 Bellikon,1580,125.9493670886076,631.6455696202532,242.40506329113921,36.708860759493675,45.56962025316456,43.67088607594936,51.265822784810126,79.74683544303797,160.126582278481,340.50632911392404,135.44303797468353,81.0126582278481,25.949367088607595,498.73417721518985,501.26582278481015,994.9494949494949,396.8354430379747,463.29113924050637,39.24050632911393,100.0,199.3987975951904,383.7675350701403,583.1663326653307,1924.6231155778894
4023,......4023 Bergdietikon,2997,170.83750417083752,622.9562896229562,206.2062062062062,57.39072405739072,59.72639305972639,53.72038705372039,44.711378044711374,75.40874207540874,212.87954621287955,289.9566232899566,100.10010010010011,73.74040707374041,32.3656990323657,495.82916249582917,504.1708375041708,983.4546657842488,420.42042042042044,447.4474474474475,46.04604604604605,86.08608608608608,274.2367434386717,331.01231922870915,605.2490626673808,1207.03125
4024,......4024 Birmenstorf (AG),3066,166.01435094585779,653.9465101108937,180.03913894324853,51.20678408349641,51.532941943900845,63.27462491846053,53.163731245923024,86.7579908675799,206.78408349641225,307.24070450097844,95.56425309849966,65.88388780169602,18.590998043052835,499.02152641878666,500.9784735812133,996.09375,436.399217221135,436.399217221135,44.031311154598825,83.17025440313111,253.8653366583541,275.31172069825436,529.1770573566084,1084.4793713163065
4026,......4026 Ennetbaden,3703,152.03888738860383,643.532271131515,204.42884147988119,41.587901701323254,53.2001080205239,57.250877666756686,45.63867134755604,86.14636780988388,234.40453686200377,277.3426951120713,103.42965163381042,74.26411018093437,26.735079665136375,491.49338374291113,508.5066162570888,966.542750929368,483.3918444504456,419.38968403996756,32.136105860113425,64.54226302997569,236.25681913554345,317.66680654637014,553.9236256819136,1344.582593250444
4027,......4027 Fislisbach,6140,149.0228013029316,630.9446254071661,220.03257328990227,43.97394136807817,56.02605863192182,49.0228013029316,49.0228013029316,112.54071661237785,209.77198697068403,259.60912052117266,101.4657980456026,83.55048859934854,35.016286644951144,498.20846905537456,501.7915309446254,992.8594612138916,428.3387622149837,425.5700325732899,53.09446254071661,92.99674267100977,236.18998451213216,348.7351574599897,584.9251419721219,1476.5027322404371
4028,......4028 Freienwil,1100,170.0,644.5454545454545,185.45454545454547,48.18181818181818,59.090909090909086,62.72727272727273,52.72727272727273,82.72727272727273,194.54545454545456,314.54545454545456,113.63636363636363,51.81818181818182,20.0,480.0,520.0,923.0769230769231,440.90909090909093,444.5454545454545,31.818181818181817,82.72727272727273,263.7517630465444,287.7291960507757,551.4809590973202,1090.9090909090908
4029,......4029 Gebenstorf,5807,160.84036507663166,635.7843981401757,203.3752367831927,55.278112622696746,52.86722920613053,52.69502324780437,46.49560874806268,92.4745996211469,227.656276907181,269.1579128637851,110.21181332874117,69.91561908042019,23.24780437403134,507.14654727053556,492.85345272946444,1029.0006988120194,430.8593077320475,447.21887377303256,41.32942999827794,80.59238849664197,252.97941495124593,319.8808234019502,572.8602383531961,1264.453961456103
4030,......4030 Killwangen,2304,154.07986111111111,680.5555555555555,165.36458333333334,47.30902777777778,51.64930555555555,55.12152777777778,55.12152777777778,128.90625,196.61458333333334,299.9131944444444,91.5798611111111,55.989583333333336,17.79513888888889,509.54861111111114,490.4513888888889,1038.9380530973451,429.6875,467.0138888888889,31.25,72.0486111111111,226.40306122448982,242.98469387755102,469.38775510204084,1073.2394366197182
4031,......4031 Künten,1956,156.95296523517382,650.8179959100204,192.2290388548057,53.68098159509203,51.124744376278116,52.14723926380368,54.70347648261759,92.02453987730061,212.67893660531698,291.41104294478527,114.51942740286299,59.304703476482615,18.404907975460123,511.2474437627812,488.7525562372188,1046.0251046025105,434.560327198364,434.0490797546012,32.719836400818,98.15950920245399,241.1626080125687,295.3652788688138,536.5278868813825,1224.755700325733
4032,......4032 Mägenwil,2232,165.32258064516128,681.0035842293906,153.67383512544802,49.73118279569892,58.24372759856631,57.34767025089606,57.34767025089606,110.21505376344086,212.8136200716846,300.6272401433692,83.33333333333333,51.52329749103943,18.817204301075268,522.8494623655914,477.15053763440864,1095.7746478873241,447.5806451612903,442.65232974910396,34.05017921146953,75.71684587813621,242.76315789473685,225.6578947368421,468.42105263157896,929.5392953929539
4033,......4033 Mellingen,6319,160.468428548821,667.0359234056021,172.49564804557681,47.950625098908056,56.49628105712929,56.02152239278367,48.74188953948409,123.75375850609274,233.26475708181673,261.27551827820855,90.52065200189902,66.14970723215698,15.825288811520808,498.97135622725114,501.0286437727488,995.8938723941883,442.3168222820066,432.50514321886374,36.55641715461307,88.46336445640134,240.5693950177936,258.6002372479241,499.1696322657177,1074.9506903353056
4034,......4034 Neuenhof,9212,164.78506296135475,662.613981762918,172.6009552757273,57.642205818497615,53.30004342162397,53.84281372123317,49.71775944420322,127.00825010855407,238.60182370820667,247.28614850195396,88.90577507598785,60.356057316543634,23.339122883195834,503.5822839774208,496.4177160225792,1014.4325388147823,436.49587494572296,440.40382110290926,40.056448111159355,82.82674772036475,248.68938401048493,260.4849279161206,509.17431192660547,1047.4308300395257
4035,......4035 Niederrohrdorf,4695,151.863684771033,640.0425985090523,208.0937167199148,44.72843450479233,49.41427050053248,57.720979765708194,47.07135250266241,98.18956336528221,220.234291799787,274.5473908413206,105.85729499467519,78.16826411075613,24.068157614483493,499.6805111821086,500.31948881789134,998.7228607918263,424.2811501597444,442.5985090521832,43.024494142705,90.0958466453674,237.2712146422629,325.12479201331115,562.396006655574,1370.2664796633942
4037,......4037 Oberrohrdorf,4287,148.58875670632145,604.1520877070212,247.25915558665733,45.253090739444836,49.91835782598554,53.417308140891066,47.81898763704222,79.54280382551902,191.74247725682295,285.047818987637,115.69862374620946,92.83881502216002,38.72171681828785,497.0842080709121,502.91579192908796,988.404452690167,401.9127595054817,460.4618614415675,47.35246092838815,90.27291812456264,245.94594594594597,409.26640926640925,655.2123552123552,1664.0502354788068
4038,......4038 Obersiggenthal,8966,153.58019183582422,630.6045059112201,215.8153022529556,43.163060450591125,53.20098148561232,57.21614989962079,50.747267454829355,108.18648226633951,197.07784965424938,274.59290653580194,90.89895159491412,86.43765335712693,38.47869730091456,494.8695070265447,505.13049297345526,979.686465003312,432.07673432968994,437.4302922150346,51.86259201427615,78.63038144099933,243.54439334984082,342.23558542624687,585.7799787760877,1405.2287581699345
4039,......4039 Remetschwil,2096,135.9732824427481,663.1679389312976,200.8587786259542,38.645038167938935,48.18702290076335,49.1412213740458,51.04961832061069,105.91603053435114,160.78244274809163,345.41984732824426,122.6145038167939,62.977099236641216,15.267175572519083,516.6984732824428,483.3015267175573,1069.101678183613,412.2137404580153,468.9885496183206,36.73664122137404,82.06106870229007,205.0359712230216,302.8776978417266,507.9136690647482,1477.1929824561403
4040,......4040 Spreitenbach,12587,169.77834273456742,679.2722650353539,150.94939223007867,56.327957416381985,54.10344005720188,59.34694526098355,54.42122825137046,135.45721776436005,235.95773417017557,253.43608484944784,78.97036625089378,52.67339318344323,19.305632795741637,508.54055771828075,491.45944228171925,1034.755900420304,434.17812028283146,447.84301263208073,40.756335902121236,77.22253118296655,249.94152046783628,222.2222222222222,472.1637426900584,889.0968647636874
4041,......4041 Stetten (AG),2541,187.32782369146005,652.8925619834711,159.77961432506888,57.06414797323888,72.01889020070838,58.24478551751279,48.40613931523023,108.22510822510823,233.37268791814247,262.8886265249902,89.33490751672569,55.09641873278237,15.348288075560802,506.88705234159784,493.11294765840216,1027.9329608938547,456.9067296340024,431.719795356159,28.33530106257379,83.03817394726485,286.9198312236287,244.72573839662448,531.6455696202531,852.9411764705882
4044,......4044 Untersiggenthal,7812,158.73015873015873,643.3691756272401,197.90066564260113,50.56323604710702,54.91551459293395,53.25140809011777,54.14746543778802,113.03123399897594,205.4531490015361,270.7373271889401,99.97439836149513,76.16487455197132,21.761392729134663,503.71223758320536,496.2877624167947,1014.9600206345112,436.63594470046087,433.6917562724014,45.6989247311828,83.97337429595494,246.71707122960603,307.60047751691206,554.317548746518,1246.774193548387
4045,......4045 Wettingen,21856,144.17093704245974,652.7726939970718,203.05636896046852,45.479502196193266,47.218155197657396,51.47327964860908,49.96339677891654,108.57430453879942,218.97877013177157,275.2562225475842,97.27306002928258,70.59846266471449,35.184846266471446,498.6731332357248,501.3268667642753,994.7065802683215,457.6775256222548,403.8250366032211,49.91764275256222,88.39677891654466,220.85932571668886,311.067498422934,531.9268241396229,1408.4417645192002
4046,......4046 Wohlenschwil,1855,175.2021563342318,656.6037735849056,168.19407008086253,56.064690026954175,60.91644204851752,58.22102425876011,50.13477088948787,108.35579514824798,210.78167115902966,287.3315363881402,97.03504043126685,60.91644204851752,10.242587601078167,506.7385444743935,493.26145552560644,1027.3224043715848,438.81401617250674,436.6576819407008,37.73584905660377,85.71428571428571,266.83087027914615,256.1576354679803,522.9885057471264,960.0
4047,......4047 Würenlingen,5262,166.09654123907262,650.3230710756367,183.58038768529076,48.080577727099964,57.96275180539719,60.053211706575446,53.78183200304067,115.92550361079438,215.88749524895476,264.7282402128468,103.00266058532877,57.58266818700114,22.99505891296085,503.99087799315845,496.0091220068415,1016.0919540229885,429.8745724059293,445.8380843785633,45.419992398327636,78.67730900798176,255.40619520748098,282.2910578609001,537.697253068381,1105.2631578947369
4048,......4048 Würenlos,6931,164.3341509161737,647.5256095801471,188.1402395036791,48.189294474101864,54.68186408887606,61.46299235319579,63.48290290001443,88.29894676092916,193.47857452027125,302.2651853989323,92.91588515365748,70.98542778819795,24.23892656182369,504.11196075602373,495.8880392439763,1016.5842304335175,436.4449574375992,450.44005194055694,36.06983119319002,77.04515942865388,253.78787878787878,290.5525846702317,544.3404634581104,1144.86391571554
4049,......4049 Ehrendingen,4928,160.51136363636365,639.0016233766233,200.487012987013,45.657467532467535,58.8474025974026,56.006493506493506,57.426948051948045,97.60551948051949,189.52922077922076,294.43993506493507,100.64935064935065,70.21103896103897,29.626623376623375,494.1152597402597,505.8847402597403,976.7348576012837,431.4123376623377,439.3262987012987,44.439935064935064,84.6185064935065,251.1908542394411,313.75039695141317,564.9412511908542,1249.0518331226297
4061,......4061 Arni (AG),1987,162.55661801711122,647.2068444891796,190.2365374937091,50.327126321087064,54.85656768998491,57.372924006039256,54.35329642677403,85.556114745848,194.76597886260694,312.5314544539507,119.27528938097635,54.35329642677403,16.60795168595873,505.28434826371415,494.71565173628585,1021.3631739572737,417.71514846502265,471.0619023653749,31.706089582284854,79.51685958731757,251.16640746500778,293.9346811819596,545.1010886469674,1170.2786377708978
4062,......4062 Berikon,5000,159.39999999999998,633.6,207.0,47.800000000000004,52.0,59.6,53.0,95.4,194.39999999999998,290.8,100.8,82.19999999999999,24.0,497.40000000000003,502.6,989.6538002387584,440.2,414.6,46.4,98.8,251.57828282828282,326.7045454545455,578.2828282828283,1298.6198243412798
4063,......4063 Bremgarten (AG),8871,142.26130086799685,666.3284860782325,191.41021305377072,44.527110810506144,46.556194341111485,51.17799571637921,46.7816480667343,115.43230751888176,227.70826287904407,276.4062676135723,103.14507947243828,64.93067297937098,23.334460601961446,492.6163904858528,507.38360951414717,970.895356587425,466.0128508623605,390.59857964152854,40.807124337729675,102.58144515838124,213.50025376416852,287.26103874132974,500.76129250549826,1345.4833597464342
4064,......4064 Büttikon,1170,180.34188034188034,623.9316239316239,195.72649572649573,65.81196581196582,69.23076923076924,45.299145299145295,45.299145299145295,81.1965811965812,200.0,297.43589743589746,135.04273504273505,47.863247863247864,12.82051282051282,499.14529914529913,500.85470085470087,996.5870307167235,402.5641025641026,457.2649572649573,35.8974358974359,103.4188034188034,289.04109589041093,313.6986301369863,602.7397260273972,1085.308056872038
4065,......4065 Dottikon,4257,162.55579046276722,664.7874089734554,172.6568005637773,59.90133897110642,54.733380314775665,47.92107117688513,46.51162790697674,116.51397697909326,239.60535588442568,262.15644820295984,91.6138125440451,62.250411087620385,18.792576932111817,522.4336387127084,477.5663612872915,1093.9498278406297,439.2764857881137,435.9877848249941,40.169133192389005,84.56659619450318,244.52296819787986,259.7173144876325,504.24028268551234,1062.1387283236993
4066,......4066 Eggenwil,1055,165.87677725118482,614.218009478673,219.90521327014218,47.393364928909946,64.45497630331754,54.02843601895735,42.65402843601896,85.30805687203792,192.4170616113744,293.8388625592417,138.38862559241707,59.71563981042654,21.80094786729858,516.5876777251185,483.4123222748815,1068.627450980392,420.8530805687204,465.4028436018957,39.81042654028436,73.93364928909952,270.0617283950617,358.02469135802465,628.0864197530865,1325.7142857142856
4067,......4067 Fischbach-Göslikon,1733,162.72360069244084,668.205424120023,169.07097518753605,48.47085978072707,54.81823427582228,59.434506635891516,42.70051933064051,122.33121754183497,214.65666474321984,288.51702250432777,104.44316214656665,49.04789382573572,15.579919215233698,502.596653202539,497.40334679746104,1010.4408352668213,446.04731679169066,424.1200230813618,35.19907674552799,94.6335833814195,243.52331606217618,253.02245250431776,496.54576856649396,1039.0070921985814
4068,......4068 Hägglingen,2588,155.3323029366306,657.6506955177744,187.01700154559506,48.68624420401855,52.55023183925812,54.09582689335394,45.59505409582689,102.00927357032458,201.31375579598145,308.7326120556414,105.87326120556415,62.59659969088099,18.54714064914992,505.02318392581145,494.9768160741886,1020.296643247463,426.1978361669243,437.403400309119,42.8902627511592,93.12210200927356,236.19271445358402,284.37132784958874,520.5640423031728,1203.9800995024875
4071,......4071 Jonen,2347,167.0217298679165,674.0519812526629,158.92628887942053,42.60758414997869,68.59821048146571,55.815935236472086,58.372390285470814,92.45845760545376,183.2126118449084,340.00852151683,93.31060928845335,52.407328504473796,13.208351086493396,504.47379633574775,495.52620366425225,1018.0567497850388,428.2062207072859,462.7183638687686,31.955688112484026,77.11972731146145,247.78761061946904,235.77749683944373,483.5651074589128,951.530612244898
4072,......4072 Niederwil (AG),3023,142.57360238174,659.2788620575587,198.14753556070127,44.988422097254386,49.61958319550116,47.96559708898445,54.250744293747935,110.48627191531591,205.75587165067813,288.78597419781676,112.14025802183261,63.182269268938136,22.825008269930535,509.7585180284485,490.2414819715514,1039.8110661268556,430.0363876943434,454.5153820707906,35.06450545815415,80.38372477671187,216.25689914701454,300.5519317611641,516.8088309081786,1389.7911832946636
4073,......4073 Oberlunkhofen,2207,143.6338921613049,623.4707748074309,232.89533303126416,43.04485727231536,51.653828726778436,48.93520616221115,50.294517444494794,85.1835070231083,180.78840054372452,307.20434979610326,132.30629814227456,77.02763932940643,23.561395559583147,484.82102401449936,515.1789759855006,941.0729991204925,405.5278658812868,464.43135478024465,42.59175351155415,86.99592206615316,230.37790697674419,373.54651162790697,603.9244186046512,1621.4511041009464
4074,......4074 Oberwil-Lieli,2627,148.83897982489532,645.2226874762085,205.9383326988961,48.34411876665398,47.5827940616673,52.91206699657404,51.00875523410735,82.98439284354778,200.22839741149602,311.00114198705745,109.63075751808147,71.18385991625428,25.12371526456033,509.3262276360868,490.6737723639132,1038.0139643134212,421.3932242101256,437.7617053673392,48.34411876665398,92.50095165588124,230.67846607669617,319.1740412979351,549.8525073746313,1383.631713554987
4075,......4075 Rudolfstetten-Friedlisberg,4644,160.2067183462532,661.4987080103359,178.29457364341087,46.29629629629629,54.90956072351421,59.000861326442724,55.98621877691645,113.04909560723515,216.83893195521102,275.62446167097335,88.50129198966408,65.67614125753661,24.117140396210164,496.7700258397933,503.2299741602068,987.1630295250321,432.81653746770024,436.47717484926784,39.19035314384152,91.51593453919035,242.1875,269.53125,511.71875,1112.9032258064515
4076,......4076 Sarmenstorf,3182,164.3620364550597,661.847894406034,173.79006913890635,55.93966059082338,56.882463859208045,51.539912005028285,55.62539283469516,103.39409176618479,209.9308610936518,292.8975487115022,97.42300439974859,56.882463859208045,19.484600879949717,510.6851037083595,489.3148962916405,1043.6737315350033,440.9176618478944,441.8604651162791,34.255185417976115,82.96668761785041,248.33808167141498,262.5830959164293,510.9211775878443,1057.36137667304
4077,......4077 Tägerig,1547,166.12798965740143,648.3516483516484,185.52036199095022,39.431157078215904,52.35940530058177,74.33742727860376,58.8235294117647,105.36522301228183,186.8131868131868,297.349709114415,102.77957336780865,63.348416289592755,19.392372333548806,499.03038138332255,500.96961861667745,996.1290322580645,432.44990303813836,453.781512605042,38.13833225597932,74.98383968972205,256.2313060817548,286.14157527417746,542.3728813559322,1116.7315175097276
4078,......4078 Uezwil,554,169.67509025270758,658.8447653429603,171.48014440433212,70.3971119133574,55.95667870036101,43.32129963898917,46.931407942238266,79.42238267148015,232.8519855595668,299.6389891696751,95.66787003610108,63.1768953068592,12.63537906137184,496.3898916967509,503.61010830324915,985.663082437276,431.4079422382672,451.2635379061372,28.88086642599278,88.44765342960288,257.5342465753425,260.2739726027397,517.8082191780821,1010.6382978723404
4079,......4079 Unterlunkhofen,1688,143.36492890995262,680.6872037914692,175.9478672985782,49.76303317535545,50.355450236966824,43.24644549763033,44.43127962085308,110.78199052132702,217.4170616113744,308.05687203791473,107.22748815165876,54.502369668246445,14.218009478672984,502.3696682464455,497.63033175355446,1009.5238095238095,446.09004739336496,435.42654028436016,23.696682464454973,94.78672985781989,210.61792863359443,258.48563968668407,469.1035683202785,1227.2727272727273
4080,......4080 Villmergen,8242,170.58966270322736,670.2256733802475,159.1846639165251,52.89978160640621,61.02887648628973,56.66100461053143,58.11696190245086,104.70759524387286,236.95704925988835,270.4440669740354,88.81339480708566,52.77845183207959,17.592817277359863,511.162339238049,488.837660761951,1045.668900471581,449.40548410579953,427.2021354040281,39.43217665615142,83.96020383402086,254.52570601013758,237.50905141202028,492.03475742215784,933.1436699857752
4081,......4081 Widen,3815,155.9633027522936,584.5347313237221,259.5019659239843,41.41546526867628,62.38532110091744,52.16251638269987,47.706422018348626,84.14154652686763,182.96199213630408,269.72477064220186,120.05242463958061,104.06290956749673,35.38663171690695,493.05373525557013,506.9462647444298,972.5956566701137,404.19397116644825,450.06553079947577,52.94888597640891,92.79161205766711,266.8161434977578,443.94618834080717,710.762331838565,1663.8655462184875
4082,......4082 Wohlen (AG),17816,151.38078132016165,660.7543780871126,187.86484059272564,47.709923664122144,50.74090704984284,52.92995060619668,53.94027840143691,121.91288729232151,207.95913785361472,276.94207453973956,93.3991917377638,66.96228109564437,27.503367759317467,510.2716659182757,489.72833408172426,1041.948424068768,418.8370004490346,451.2236192186798,46.194431971261785,83.68881903906602,229.10295616717636,284.31872239211685,513.4216785592932,1241.0085279940674
4083,......4083 Zufikon,4906,147.778230737872,631.0640032613127,221.15776600081531,42.19323277619242,56.25764370158989,49.327354260089685,48.51202609050142,94.17040358744394,199.14390542193235,289.23766816143495,121.48389726865064,78.88300040766408,20.79086832450061,493.0697105584998,506.9302894415002,972.6578206674709,411.94455768446795,455.56461475743987,39.33958418263351,93.15124337545862,234.17312661498707,350.4521963824289,584.625322997416,1496.5517241379312
4084,......4084 Islisberg,692,177.7456647398844,661.849710982659,160.40462427745663,53.46820809248555,73.69942196531792,50.578034682080926,39.017341040462426,76.58959537572255,239.88439306358381,306.3583815028902,83.81502890173411,65.02890173410404,11.560693641618496,518.7861271676301,481.21387283236993,1078.078078078078,433.52601156069363,447.9768786127168,27.45664739884393,91.04046242774567,268.5589519650655,242.3580786026201,510.9170305676856,902.439024390244
4091,......4091 Auenstein,1743,156.05278255880665,644.8651749856568,199.08204245553642,51.63511187607573,57.946069994262764,46.47160068846816,43.029259896729776,78.60011474469306,222.03098106712565,301.20481927710847,116.46586345381526,61.96213425129088,20.654044750430295,510.61388410786003,489.38611589213997,1043.3763188745604,436.02983362019506,435.45611015490533,35.57085484796328,92.94320137693632,241.99288256227757,308.7188612099644,550.711743772242,1275.735294117647
4092,......4092 Birr,4847,172.68413451619557,670.3115329069528,157.00433257685168,52.403548586754695,56.323499071590675,63.957086857850214,57.767691355477616,122.3437177635651,222.40561171858883,267.79451206932123,86.85785021662883,54.672993604291314,15.473488755931504,521.147101299773,478.85289870022694,1088.323998276605,430.16298741489584,469.3624922632556,32.80379616257479,67.67072415927377,257.61772853185596,234.2259156663589,491.84364419821486,909.1995221027479
4093,......4093 Birrhard,969,150.67079463364294,696.5944272445821,152.734778121775,70.17543859649122,50.56759545923633,29.927760577915375,27.86377708978328,172.34262125902993,214.65428276573786,281.73374613003097,89.78328173374612,49.53560371517028,13.415892672858616,496.38802889576885,503.61197110423115,985.655737704918,448.9164086687307,448.9164086687307,22.703818369453046,79.46336429308566,216.2962962962963,219.25925925925927,435.55555555555554,1013.6986301369864
4095,......4095 Brugg,13529,145.02180501145688,638.4803015743958,216.49789341414737,46.86229580900288,50.705891048858014,47.45361815359598,43.09261586222189,118.19055362554512,226.6982038583783,250.49892822825043,102.96400325227289,81.89814472614384,31.63574543573065,502.91965407642846,497.0803459235716,1011.7472118959108,448.0745066154187,417.99098233424496,47.231872274373565,86.55480818981447,227.13591109053021,339.08312109284554,566.2190321833758,1492.8644240570845
4099,......4099 Habsburg,431,125.29002320185614,640.3712296983759,234.338747099768,44.08352668213457,39.443155452436194,41.76334106728538,44.08352668213457,83.52668213457076,155.4524361948956,357.30858468677496,136.8909512761021,71.92575406032482,25.522041763341065,491.8793503480278,508.12064965197214,968.0365296803652,399.0719257540603,452.43619489559165,44.08352668213457,104.40835266821345,195.6521739130435,365.94202898550725,561.5942028985507,1870.3703703703704
4100,......4100 Hausen (AG),3774,150.76841547429785,645.2040275569688,204.02755696873342,46.89984101748808,50.60943296237414,53.25914149443561,48.489666136724956,109.43296237413884,216.4811870694224,270.8002119766826,101.74880763116057,73.13195548489666,29.146793852676204,496.0254372019078,503.97456279809217,984.2271293375394,429.51775304716483,444.35612082670906,43.190249072602015,82.67090620031796,233.67556468172484,316.22176591375774,549.8973305954825,1353.2513181019333
4104,......4104 Lupfig,3401,149.66186415760072,639.8118200529256,210.52631578947367,54.983828285798296,46.456924433990004,48.22111143781241,42.92855042634519,106.7333137312555,192.88444575124964,297.2655101440753,107.61540723316672,73.21376065862982,29.697147897677155,503.08732725668926,496.9126727433108,1012.4260355029586,419.8765069097324,441.9288444575125,47.044986768597475,91.1496618641576,233.91544117647058,329.04411764705884,562.9595588235294,1406.679764243615
4105,......4105 Mandach,328,179.8780487804878,600.609756097561,219.5121951219512,30.48780487804878,79.26829268292683,70.1219512195122,33.53658536585366,76.21951219512195,155.4878048780488,335.3658536585366,131.09756097560975,67.07317073170732,21.34146341463415,542.6829268292684,457.3170731707317,1186.6666666666667,426.8292682926829,460.3658536585366,39.63414634146341,73.17073170731707,299.49238578680206,365.48223350253807,664.9746192893401,1220.3389830508474
4106,......4106 Mönthal,393,122.13740458015266,526.7175572519084,351.1450381679389,33.07888040712468,38.16793893129771,50.89058524173028,40.712468193384225,66.15776081424936,119.59287531806616,300.25445292620867,206.10687022900765,111.95928753180662,33.07888040712468,480.9160305343512,519.0839694656488,926.4705882352941,356.23409669211196,524.1730279898219,50.89058524173028,68.70229007633588,231.8840579710145,666.6666666666666,898.5507246376811,2875.0
4107,......4107 Mülligen,1088,147.97794117647058,663.6029411764706,188.4191176470588,48.713235294117645,43.1985294117647,56.06617647058824,56.06617647058824,91.91176470588236,238.05147058823528,277.5735294117647,114.88970588235294,66.17647058823529,7.352941176470588,524.8161764705882,475.18382352941177,1104.4487427466152,432.9044117647059,446.69117647058823,23.89705882352941,96.50735294117648,222.99168975069253,283.9335180055402,506.92520775623274,1273.2919254658386
4110,......4110 Remigen,1380,151.44927536231884,620.2898550724639,228.26086956521738,35.507246376811594,54.34782608695652,61.594202898550726,55.07246376811594,97.82608695652175,203.6231884057971,263.768115942029,144.20289855072463,69.56521739130434,14.492753623188406,511.59420289855075,488.40579710144925,1047.4777448071218,425.36231884057975,434.7826086956522,41.30434782608695,98.55072463768117,244.1588785046729,367.9906542056075,612.1495327102804,1507.177033492823
4111,......4111 Riniken,1568,174.74489795918367,598.8520408163265,226.40306122448982,58.673469387755105,59.94897959183673,56.12244897959184,55.48469387755102,77.8061224489796,198.34183673469389,267.21938775510205,102.04081632653062,91.83673469387756,32.525510204081634,500.0,500.0,1000.0,419.0051020408163,461.09693877551024,43.36734693877551,76.53061224489797,291.7997870074547,378.06176783812566,669.8615548455804,1295.6204379562043
4112,......4112 Rüfenach,888,162.16216216216216,631.7567567567568,206.0810810810811,56.306306306306304,64.18918918918918,41.666666666666664,42.792792792792795,82.20720720720722,185.8108108108108,320.94594594594594,110.36036036036036,70.94594594594594,24.774774774774777,524.7747747747748,475.2252252252252,1104.2654028436018,382.8828828828829,513.5135135135134,39.414414414414416,64.18918918918918,256.6844919786096,326.2032085561498,582.8877005347593,1270.8333333333333
4117,......4117 Thalheim (AG),956,165.27196652719664,589.9581589958159,244.76987447698744,55.43933054393305,62.76150627615063,47.071129707112966,44.97907949790795,62.76150627615063,201.88284518828453,280.3347280334728,139.1213389121339,86.82008368200837,18.82845188284519,507.3221757322176,492.67782426778246,1029.723991507431,404.8117154811716,479.0794979079498,40.794979079497914,75.31380753138076,280.1418439716312,414.8936170212766,695.0354609929078,1481.012658227848
4120,......4120 Veltheim (AG),1600,156.25,668.125,175.625,48.75,53.75,53.75,49.375,99.375,210.625,308.75,113.75,48.125,13.75,510.625,489.375,1043.4227330779056,430.0,438.125,40.625,91.25,233.86342376052386,262.86248830682877,496.7259120673527,1124.0
4121,......4121 Villigen,2231,137.15822501120573,646.7951591214702,216.04661586732408,41.23711340206186,47.51232631107127,48.40878529807261,40.78888390856118,86.95652173913044,214.70192738682206,304.34782608695656,125.05602868668758,66.33796503809951,24.652622142536977,506.49932765575977,493.5006723442403,1026.3396911898276,417.30165844912597,444.643657552667,44.374719856566564,93.67996414164053,212.05821205821206,334.02633402633404,546.084546084546,1575.1633986928105
4122,......4122 Villnachern,1705,146.6275659824047,629.9120234604105,223.46041055718473,42.22873900293255,49.26686217008798,55.131964809384165,59.82404692082111,95.01466275659824,169.50146627565982,305.57184750733137,113.78299120234604,88.56304985337243,21.114369501466275,509.09090909090907,490.9090909090909,1037.037037037037,400.0,469.79472140762465,41.05571847507331,88.56304985337243,232.77467411545624,354.7486033519553,587.5232774674115,1524.0
4123,......4123 Windisch,8153,149.8834784741813,664.6633141175028,185.45320740831593,46.4859560897829,49.42965779467681,53.96786458972157,56.05298663068809,128.05102416288483,222.86274990800933,257.6965534159205,86.47123758125844,63.534895130626765,35.44707469643076,500.5519440696676,499.4480559303324,1002.2102161100197,466.82202870109165,403.5324420458727,50.53354593401202,78.98932908131975,225.50286030632958,279.01826905333087,504.52112935966045,1237.315875613748
4124,......4124 Bözberg,1696,128.53773584905662,623.2311320754717,248.2311320754717,43.63207547169811,44.81132075471698,40.094339622641506,51.88679245283019,83.72641509433961,202.83018867924528,284.7877358490566,144.45754716981133,83.13679245283019,20.63679245283019,511.7924528301887,488.2075471698113,1048.3091787439614,409.7877358490566,476.41509433962267,39.50471698113208,74.29245283018868,206.24408703878902,398.29706717123935,604.5411542100284,1931.1926605504589
4125,......4125 Schinznach,2462,136.4744110479285,636.4744110479286,227.05117790414297,37.77416734362307,46.3038180341186,52.39642567018684,47.116165718927704,95.8570268074736,188.46466287571081,305.0365556458164,118.60276198212836,80.42242079610074,28.02599512591389,504.0617384240455,495.93826157595447,1016.3800163800163,414.7034930950447,443.94800974817224,49.553208773354996,91.79528838342812,214.42246330567966,356.73261008296106,571.1550733886407,1663.6904761904764
4131,......4131 Beinwil am See,3719,143.58698574885722,641.8392040871202,214.57381016402258,45.711212691583754,49.744554987899974,48.13121806937349,41.40898090884646,97.60688357085239,197.6337725194945,305.1895670879269,118.84915299811777,68.83570852379673,26.888948642108094,502.5544501210003,497.44554987899977,1010.2702702702702,423.7698305996235,428.07206238236085,39.79564399031998,108.36246302769561,223.71177209886886,334.3108504398827,558.0226225387515,1494.3820224719102
4132,......4132 Birrwil,1414,104.66760961810468,649.9292786421499,245.4031117397454,40.31117397454031,38.89674681753889,25.45968882602546,32.53182461103253,99.00990099009901,190.94766619519095,327.4398868458274,130.83451202263083,89.81612446958982,24.752475247524753,514.1442715700142,485.85572842998585,1058.2241630276565,404.5261669024045,432.8147100424328,43.84724186704385,118.8118811881188,161.04461371055496,377.58433079434167,538.6289445048966,2344.5945945945946
4134,......4134 Dürrenäsch,1375,180.36363636363637,637.090909090909,182.54545454545453,57.45454545454545,65.45454545454545,57.45454545454545,68.36363636363636,72.0,204.36363636363635,292.3636363636364,101.81818181818183,61.81818181818182,18.90909090909091,509.09090909090907,490.9090909090909,1037.037037037037,425.4545454545455,469.8181818181818,28.363636363636367,75.63636363636364,283.10502283105023,286.5296803652968,569.634703196347,1012.0967741935485
4135,......4135 Gontenschwil,2209,135.80805794477138,643.7301946582163,220.4617473970122,40.742417383431416,49.79628791308284,45.269352648257126,43.91127206880942,95.97102761430511,196.46899049343594,307.3789044816659,117.70031688546852,73.33635129017655,29.42507922136713,520.1448619284744,479.8551380715256,1083.9622641509434,420.0995925758262,432.77501131733817,50.70167496604799,96.42372114078769,210.9704641350211,342.47538677918425,553.4458509142054,1623.3333333333333
4136,......4136 Holziken,1763,161.65626772546796,672.1497447532615,166.19398752127057,64.09529211571186,50.48213272830403,47.078842881452076,45.37719795802609,118.54792966534316,234.82699943278504,273.3976176971072,99.26262053318207,53.31820760068066,13.613159387407828,488.9393079977312,511.06069200226887,956.7147613762487,468.5195689166194,400.45377197958027,36.8689733408962,94.15768576290415,240.50632911392407,247.25738396624473,487.7637130801688,1028.0701754385966
4137,......4137 Leimbach (AG),543,158.37937384898711,644.5672191528545,197.05340699815838,44.19889502762431,51.56537753222836,62.615101289134444,57.0902394106814,97.60589318600368,193.37016574585635,296.5009208103131,117.86372007366482,57.0902394106814,22.099447513812155,502.7624309392266,497.23756906077347,1011.1111111111111,418.0478821362799,464.08839779005524,38.67403314917127,79.18968692449356,245.71428571428572,305.7142857142857,551.4285714285713,1244.1860465116279
4138,......4138 Leutwil,755,131.12582781456953,651.6556291390729,217.21854304635764,35.76158940397351,43.70860927152318,51.65562913907284,60.9271523178808,80.79470198675497,154.96688741721854,354.9668874172186,131.12582781456953,54.30463576158941,31.788079470198674,513.9072847682119,486.0927152317881,1057.2207084468666,407.94701986754967,445.0331125827814,56.95364238410596,90.06622516556291,201.21951219512195,333.3333333333333,534.5528455284552,1656.5656565656566
4139,......4139 Menziken,8672,159.4787822878229,663.2841328413284,177.23708487084872,53.15959409594096,55.465867158671585,50.85332103321033,54.19741697416974,119.81088560885608,211.02398523985238,278.2518450184502,93.28874538745389,62.61531365313654,21.3330258302583,511.41605166051664,488.58394833948336,1046.731177720085,423.5470479704797,444.9953874538745,43.35793357933579,87.98431734317343,240.43810848400557,267.21140472878994,507.6495132127955,1111.352133044107
4140,......4140 Oberkulm,3023,166.7217995368839,612.3056566324842,220.97254383063182,55.5739331789613,61.85908038372478,49.288785974197815,50.28117763810784,108.83228580879921,195.1703605689712,258.021832616606,126.69533575917963,64.83625537545484,29.440952695997353,493.5494541845849,506.4505458154151,974.5264532984977,397.28746278531264,466.09328481640756,54.91233873635461,81.70691366192524,272.28525121555913,360.8860075634792,633.1712587790383,1325.3968253968253
4141,......4141 Reinach (AG),9634,147.80984014947063,653.6225866722026,198.56757317832677,45.04878555117293,51.172929209051276,51.58812538924642,49.71974257836828,124.97405023873782,207.59809009757112,271.33070375752544,105.45982976956613,70.58335063317416,22.524392775586463,510.0685073697322,489.9314926302678,1041.1016949152543,416.13037160058127,440.62694623209467,47.33236454224621,95.91031762507785,226.1394314753057,303.79545815467685,529.9348896299825,1343.3988764044943
4142,......4142 Schlossrued,893,165.73348264277715,648.3762597984323,185.8902575587906,48.15229563269877,59.350503919372905,58.23068309070549,39.193729003359465,89.58566629339306,198.20828667413215,321.3885778275476,107.50279955207166,53.75139977603583,24.63605823068309,509.51847704367304,490.48152295632696,1038.8127853881278,416.57334826427774,438.969764837626,44.79283314669653,99.66405375139978,255.6131260794473,286.7012089810017,542.314335060449,1121.6216216216217
4143,......4143 Schmiedrued,1160,133.6206896551724,652.5862068965517,213.79310344827587,45.689655172413794,47.41379310344827,40.51724137931034,47.41379310344827,103.44827586206897,171.55172413793105,330.1724137931035,135.3448275862069,54.310344827586206,24.137931034482758,493.10344827586204,506.89655172413796,972.7891156462584,423.2758620689655,430.17241379310343,41.37931034482759,104.3103448275862,204.7556142668428,327.6089828269485,532.3645970937913,1600.0
4144,......4144 Schöftland,4608,129.99131944444446,633.0295138888888,236.97916666666666,43.40277777777778,42.96875,43.619791666666664,50.130208333333336,103.7326388888889,204.21006944444446,274.95659722222223,117.1875,85.28645833333333,34.505208333333336,488.4982638888889,511.50173611111114,955.027577428935,414.9305555555556,419.48784722222223,64.453125,101.12847222222223,205.34796023311623,374.35721631813504,579.7051765512513,1823.0383973288815
4145,......4145 Teufenthal (AG),1803,152.52357182473656,661.1203549639489,186.35607321131448,54.35385468663339,50.471436494731,47.69828064337216,41.597337770382694,102.05213533000556,231.83582917359954,285.6350526899612,109.26234054353854,56.0177481974487,21.07598447032723,519.134775374376,480.86522462562397,1079.5847750865053,419.30116472545757,452.5790349417637,37.71491957848031,90.40488075429839,230.70469798657717,281.87919463087246,512.5838926174496,1221.818181818182
4146,......4146 Unterkulm,3801,162.58879242304658,650.618258353065,186.79294922388846,54.98553012365167,53.9331754801368,53.67008681925809,49.72375690607735,122.07313864772429,217.57432254669823,261.2470402525651,98.92133649039727,65.77216521967904,22.099447513812155,498.5530123651671,501.44698763483296,994.2287513116474,429.3606945540647,453.3017626940279,37.621678505656405,79.71586424625099,249.89890820865347,287.10068742418116,536.9995956328346,1148.8673139158577
4147,......4147 Zetzwil,1381,160.7530774800869,619.1165821868212,220.13034033309194,49.23968139029689,52.13613323678494,59.37726285300507,49.9637943519189,89.79000724112962,193.33816075307746,286.02461984069515,125.27154236060825,69.51484431571325,25.343953656770456,503.982621288921,496.01737871107895,1016.0583941605838,419.26140477914555,453.2947139753802,52.13613323678494,75.30774800868936,259.64912280701753,355.55555555555554,615.2046783625731,1369.3693693693695
4161,......4161 Eiken,2516,148.64864864864865,677.2655007949126,174.0858505564388,44.51510333863275,49.68203497615262,54.45151033386327,42.527821939586644,123.2114467408585,202.3052464228935,309.2209856915739,91.01748807631161,55.64387917329094,27.424483306836247,512.7186009538951,487.2813990461049,1052.2022838499186,426.0731319554849,448.3306836248013,36.96343402225755,88.63275039745629,219.48356807511738,257.0422535211267,476.5258215962441,1171.1229946524065
4163,......4163 Frick,5924,146.52261985145174,651.0803511141121,202.39702903443617,50.13504388926401,41.86360567184335,54.523970290344366,51.48548278190412,119.85145172180958,208.8116137744767,270.93180283592164,99.76367319378798,74.949358541526,27.683997299122215,496.79270762997976,503.20729237002024,987.2525997987252,435.0101282916948,432.6468602295746,53.679945982444295,78.6630654962863,225.0453720508167,310.8633653098263,535.908737360643,1381.336405529954
4164,......4164 Gansingen,1128,150.70921985815602,632.0921985815603,217.19858156028369,55.85106382978723,50.53191489361702,44.326241134751776,51.41843971631206,76.24113475177305,207.4468085106383,296.98581560283685,113.47517730496453,81.56028368794327,22.163120567375888,495.5673758865248,504.43262411347524,982.4253075571178,416.6666666666667,466.31205673758865,46.98581560283688,69.14893617021276,238.42917251051892,343.61851332398317,582.0476858345021,1441.1764705882354
4165,......4165 Gipf-Oberfrick,3887,146.642655003859,653.7175199382558,199.63982505788525,45.27913558013893,49.90995626447131,51.45356315924877,51.71083097504502,111.13969642397737,182.14561358374067,308.7213789554927,110.88242860818112,69.46231026498585,19.295086184718294,501.67224080267556,498.32775919732444,1006.7114093959733,418.8320041162851,435.0398765114484,48.36634936969385,97.76177000257267,224.32113341204249,305.3915781188509,529.7127115308934,1361.4035087719299
4169,......4169 Kaisten,2946,141.20841819416157,643.9239646978955,214.86761710794298,41.07264086897488,58.044806517311606,42.09097080787509,48.200950441276305,96.74134419551935,184.99660556687033,313.98506449422945,119.48404616429056,68.90699253224712,26.476578411405296,503.3944331296674,496.6055668703326,1013.6705399863295,398.8458927359131,459.9456890699253,50.57705363204345,90.63136456211812,219.29362150764365,333.68476541908274,552.9783869267264,1521.6346153846155
4170,......4170 Laufenburg,3858,142.30171073094868,646.1897356143079,211.5085536547434,42.249870399170554,47.43390357698289,52.61793675479523,52.87713841368585,102.9030585795749,198.0300673924313,292.37947122861584,107.30948678071539,68.94764126490409,35.2514256091239,529.2897874546397,470.71021254536026,1124.4493392070485,410.83462934162776,446.3452566096423,52.099533437013996,90.4613789528253,220.21660649819495,327.31648616125153,547.5330926594465,1486.3387978142077
4172,......4172 Münchwilen (AG),1077,156.91736304549676,680.594243268338,162.48839368616527,49.21077065923862,52.92479108635097,54.78180129990715,40.85422469823584,110.49210770659239,242.3398328690808,286.908077994429,77.99442896935933,65.9238625812442,18.570102135561743,506.03528319405757,493.96471680594243,1024.4360902255637,467.0380687093779,433.6118848653668,26.92664809656453,72.42339832869081,230.5593451568895,238.7448840381992,469.3042291950887,1035.5029585798816
4173,......4173 Oberhof,584,150.6849315068493,654.1095890410959,195.2054794520548,27.397260273972602,61.64383561643835,61.64383561643835,82.1917808219178,68.4931506849315,164.3835616438356,339.041095890411,95.8904109589041,70.2054794520548,29.109589041095887,523.972602739726,476.027397260274,1100.7194244604316,393.83561643835617,486.3013698630137,53.082191780821915,66.78082191780823,230.36649214659684,298.42931937172773,528.7958115183245,1295.4545454545455
4175,......4175 Oeschgen,1185,167.08860759493672,664.1350210970463,168.77637130801688,47.257383966244724,66.66666666666667,53.164556962025316,35.44303797468355,106.32911392405063,203.37552742616032,318.98734177215186,88.60759493670886,64.13502109704642,16.033755274261605,504.6413502109705,495.3586497890295,1018.739352640545,457.38396624472574,421.0970464135021,43.037974683544306,78.48101265822785,251.58831003811943,254.12960609911056,505.71791613722996,1010.1010101010102
4176,......4176 Schwaderloch,728,130.4945054945055,678.5714285714286,190.93406593406593,41.20879120879121,45.32967032967033,43.956043956043956,41.20879120879121,94.78021978021978,218.4065934065934,324.1758241758242,109.89010989010988,59.065934065934066,21.978021978021978,515.1098901098901,484.8901098901099,1062.3229461756373,402.4725274725275,464.2857142857143,53.57142857142857,79.67032967032966,192.30769230769232,281.37651821862346,473.6842105263158,1463.1578947368423
4177,......4177 Sisseln,1653,142.77071990320627,686.6303690260132,170.5989110707804,40.53236539624924,52.02661826981246,50.21173623714459,44.162129461584996,100.42347247428918,215.9709618874773,326.07380520266184,94.37386569872959,62.91591046581972,13.309134906231096,526.3157894736842,473.6842105263158,1111.111111111111,430.73200241984273,429.5220810647308,37.50756200846945,101.63339382940109,207.9295154185022,248.4581497797357,456.38766519823787,1194.915254237288
4181,......4181 Wittnau,1429,156.75297410776767,648.7053883834849,194.54163750874736,46.88593421973408,52.48425472358292,57.38278516445067,38.488453463960816,122.4632610216935,203.63890832750175,284.11476557032887,119.66410076976906,57.38278516445067,17.49475157452764,502.44926522043386,497.55073477956614,1009.845288326301,443.66689993002103,445.0664800559832,32.19034289713086,78.37648705388384,241.63969795037758,299.8921251348436,541.5318230852212,1241.0714285714287
4182,......4182 Wölflinswil,1077,129.9907149489322,676.8802228412256,193.12906220984217,38.06870937790158,37.14020427112349,54.78180129990715,61.28133704735376,124.4196843082637,172.70194986072423,318.47725162488393,96.56453110492109,79.85143918291551,16.71309192200557,526.4623955431755,473.5376044568245,1111.764705882353,468.8950789229341,422.4698235840297,44.56824512534819,64.06685236768803,192.04389574759944,285.32235939643346,477.3662551440329,1485.7142857142858
4183,......4183 Zeihen,1265,178.65612648221344,663.2411067193675,158.10276679841897,60.07905138339921,59.28853754940711,59.28853754940711,43.47826086956522,80.63241106719369,223.71541501976287,315.4150197628459,80.63241106719369,59.28853754940711,18.18181818181818,498.02371541501975,501.97628458498025,992.1259842519685,448.2213438735178,432.4110671936759,37.944664031620555,81.42292490118577,269.36829558998807,238.37902264600717,507.7473182359953,884.9557522123894
4184,......4184 Mettauertal,2176,136.94852941176472,625.9191176470589,237.13235294117646,40.44117647058824,43.658088235294116,52.849264705882355,45.49632352941176,80.88235294117648,183.36397058823528,316.1764705882353,138.78676470588235,74.44852941176471,23.89705882352941,503.21691176470586,496.7830882352941,1012.9509713228492,387.4080882352941,466.9117647058824,46.875,98.34558823529412,218.79588839941263,378.8546255506608,597.6505139500734,1731.5436241610737
4185,......4185 Böztal,2940,165.3061224489796,638.4353741496599,196.25850340136057,50.0,56.12244897959184,59.183673469387756,47.95918367346939,77.2108843537415,222.7891156462585,290.4761904761905,126.53061224489795,51.36054421768708,18.367346938775512,502.7210884353741,497.27891156462584,1010.9439124487005,419.3877551020408,459.5238095238095,41.156462585034014,79.93197278911565,258.9238145977624,307.4054342035162,566.3292488012787,1187.2427983539096
4186,......4186 Herznach-Ueken,2667,148.4814398200225,672.2909636295464,179.2275965504312,43.49456317960255,54.74315710536183,50.24371953505811,53.993250843644546,132.7334083239595,179.60254968128984,305.9617547806524,107.61154855643045,56.2429696287964,15.37307836520435,506.1867266591676,493.81327334083244,1025.0569476082005,435.3205849268841,443.56955380577426,35.9955005624297,85.11436070491189,220.85889570552146,266.59230340211934,487.45119910764083,1207.070707070707
4191,......4191 Ammerswil,802,187.03241895261846,638.4039900249377,174.5635910224439,59.8503740648379,62.34413965087282,64.83790523690773,51.12219451371571,83.54114713216957,206.98254364089775,296.7581047381546,99.75062344139651,52.36907730673317,22.443890274314214,513.715710723192,486.284289276808,1056.4102564102564,443.8902743142145,455.1122194513716,29.92518703241895,71.07231920199501,292.96875,273.4375,566.40625,933.3333333333334
4192,......4192 Boniswil,1770,135.59322033898306,662.7118644067797,201.6949152542373,37.85310734463277,54.80225988700565,42.93785310734463,43.50282485875706,125.42372881355932,207.34463276836158,286.4406779661017,123.1638418079096,63.27683615819209,15.254237288135593,489.26553672316385,510.73446327683615,957.9646017699115,423.1638418079096,440.1129943502825,36.72316384180791,100.0,204.60358056265983,304.34782608695656,508.95140664961633,1487.5
4193,......4193 Brunegg,920,189.1304347826087,667.3913043478261,143.47826086956522,55.43478260869565,57.608695652173914,76.08695652173914,32.608695652173914,96.73913043478261,253.26086956521738,284.7826086956522,84.78260869565217,46.73913043478261,11.956521739130435,515.2173913043479,484.78260869565213,1062.780269058296,447.82608695652175,420.6521739130435,26.08695652173913,105.43478260869566,283.38762214983717,214.98371335504888,498.371335504886,758.6206896551723
4194,......4194 Dintikon,2428,162.68533772652387,663.509060955519,173.80560131795716,50.658978583196046,55.18945634266886,56.836902800658976,61.36738056013179,115.7331136738056,205.10708401976936,281.30148270181223,101.72981878088962,57.66062602965403,14.415156507413508,514.827018121911,485.17298187808893,1061.1205432937181,431.63097199341024,454.6952224052718,35.420098846787475,78.25370675453047,245.1893234016139,261.94909993792675,507.1384233395406,1068.3544303797466
4195,......4195 Egliswil,1605,135.82554517133957,677.8816199376947,186.29283489096574,41.74454828660436,38.006230529595015,56.074766355140184,46.10591900311527,125.85669781931463,196.8847352024922,309.03426791277263,122.11838006230529,50.46728971962617,13.707165109034268,497.81931464174454,502.18068535825546,991.3151364764268,419.3146417445483,445.4828660436137,31.77570093457944,103.42679127725857,200.36764705882354,274.81617647058823,475.18382352941177,1371.559633027523
4196,......4196 Fahrwangen,2536,171.9242902208202,640.7728706624606,187.30283911671924,51.656151419558356,57.965299684542586,62.30283911671924,49.290220820189276,115.93059936908517,207.807570977918,267.74447949526814,106.86119873817034,65.06309148264984,15.378548895899053,501.18296529968455,498.81703470031545,1004.7430830039525,448.3438485804416,423.10725552050474,31.940063091482653,96.21451104100946,268.3076923076923,292.3076923076923,560.6153846153846,1089.4495412844037
4197,......4197 Hallwil,1024,149.4140625,671.875,178.7109375,66.40625,42.96875,40.0390625,51.7578125,99.609375,225.5859375,294.921875,117.1875,56.640625,4.8828125,500.0,500.0,1000.0,452.1484375,409.1796875,29.296875,109.375,222.38372093023256,265.9883720930232,488.3720930232558,1196.078431372549
4198,......4198 Hendschiken,1387,173.03532804614275,705.8399423215574,121.12472963229992,59.84138428262437,52.63157894736842,60.56236481614996,42.53785147801009,129.77649603460705,241.52847873107424,291.9971160778659,69.2141312184571,40.37490987743331,11.535688536409516,515.5010814708003,484.49891852919967,1063.9880952380954,463.59048305695745,431.14635904830567,31.72314347512617,73.54001441961067,245.14811031664965,171.60367722165475,416.75178753830437,700.0
4199,......4199 Holderbank (AG),1570,135.03184713375796,714.6496815286624,150.3184713375796,47.77070063694268,47.77070063694268,39.49044585987261,40.12738853503185,146.4968152866242,247.77070063694268,280.2547770700637,87.89808917197452,47.133757961783445,15.286624203821656,529.2993630573249,470.70063694267515,1124.4925575101488,463.05732484076435,410.828025477707,31.21019108280255,94.90445859872612,188.9483065953654,210.3386809269162,399.28698752228166,1113.2075471698113
4200,......4200 Hunzenschwil,4382,175.49064354176176,672.5239616613419,151.9853947968964,61.159287996348695,60.018256503879506,54.31309904153355,45.41305340027385,114.78776814240072,244.86535828388864,267.45778183477864,84.66453674121406,51.118210862619804,16.20264719306253,515.2898219990872,484.71017800091283,1063.0885122410548,442.2638064810589,442.7202190780465,31.720675490643544,83.29529895025102,260.94333220223956,225.99253478113334,486.93586698337293,866.0598179453837
4201,......4201 Lenzburg,11314,144.77638324200106,676.772140710624,178.45147604737494,51.08714866537034,48.877496906487536,44.81173767014319,38.53632667491603,143.18543397560546,268.7820399505038,226.26834010959874,87.85575393318013,60.63284426374403,29.962877850450766,506.2754109952271,493.72458900477284,1025.4206945936269,500.79547463319784,379.9717164574863,47.99363620293442,71.06240056567086,213.92190152801356,263.6802925427713,477.6021940707849,1232.6007326007327
4202,......4202 Meisterschwanden,3310,121.14803625377643,660.1208459214502,218.7311178247734,35.95166163141994,45.01510574018127,40.181268882175225,37.764350453172206,90.03021148036254,201.51057401812687,330.81570996978854,129.607250755287,71.29909365558912,17.82477341389728,514.5015105740182,485.4984894259819,1059.7386434349721,406.04229607250755,432.6283987915408,35.34743202416919,125.98187311178246,183.52402745995423,331.350114416476,514.8741418764303,1805.4862842892767
4203,......4203 Möriken-Wildegg,4987,147.58371766593143,649.0876278323642,203.32865450170442,44.51574092640866,54.74233005815119,48.325646681371566,58.15119310206536,111.69039502707038,195.10727892520555,284.13876077802286,109.68518147182675,71.98716663324645,21.65630639663124,513.7357128534189,486.2642871465811,1056.4948453608247,418.08702626829756,448.5662723080008,46.520954481652296,86.62522558652496,227.37102255174543,313.2530120481928,540.6240345999382,1377.717391304348
4204,......4204 Niederlenz,4958,175.87736990722067,665.3892698668818,158.73336022589754,52.03711173860428,63.33198870512304,60.50826946349334,53.44897135941912,121.01653892698668,212.7874142799516,278.1363453005244,88.74546187979024,54.65913674868899,15.328761597418314,502.62202501008466,497.3779749899153,1010.5433901054339,443.72730939895115,445.74425171440095,38.92698668818072,71.60145219846713,264.3225219763565,238.5571385268263,502.8796605031828,902.5229357798164
4205,......4205 Othmarsingen,3168,162.24747474747474,692.5505050505051,145.20202020202018,57.13383838383838,60.60606060606061,44.50757575757576,51.4520202020202,136.36363636363635,244.94949494949495,259.7853535353535,81.43939393939394,48.29545454545455,15.467171717171718,517.3611111111112,482.6388888888889,1071.9424460431655,454.5454545454545,440.65656565656565,30.934343434343436,73.86363636363637,234.27529626253417,209.66271649954422,443.9380127620784,894.9416342412452
4206,......4206 Rupperswil,6229,171.45609247070158,675.8709263124098,152.67298121688873,54.10178198747793,60.20227965965645,57.15203082356719,53.13854551292342,115.90945577139188,242.41451276288328,264.4084122652111,85.88858564777654,49.76721785198266,17.017177717129556,515.3315138866592,484.66848611334086,1063.2659821132827,467.81184780863697,420.93433938031785,34.83705249638786,76.41676031465724,253.6817102137767,225.89073634204277,479.5724465558195,890.4494382022472
4207,......4207 Schafisheim,3155,159.42947702060223,640.8874801901743,199.68304278922344,46.90966719492869,54.51664025356577,58.003169572107765,54.199683042789225,89.06497622820919,206.65610142630743,290.96671949286844,111.25198098256735,71.94928684627575,16.48177496038035,514.4215530903327,485.57844690966715,1059.3994778067886,418.0665610142631,459.27099841521397,44.69096671949287,77.97147385103011,248.76360039564787,311.5727002967359,560.3363006923838,1252.4850894632207
4208,......4208 Seengen,4494,146.19492656875835,634.623943035158,219.18113039608366,42.72363150867824,49.39919893190921,54.0720961281709,51.6243880729862,101.46862483311081,186.47085002225188,295.06008010680904,117.26746773475745,73.20872274143302,28.704939919893192,494.8820649755229,505.1179350244771,979.7356828193833,428.7939474855363,421.2283044058745,45.83889630618602,103.9163328882955,230.36465638148667,345.37166900420755,575.7363253856943,1499.2389649923896
4209,......4209 Seon,5652,158.52795470629866,649.5046001415427,191.96744515215852,54.49398443029016,55.37862703467799,48.6553432413305,53.60934182590234,103.85704175513092,220.62986553432413,271.4083510261854,97.48761500353856,66.70205237084217,27.777777777777775,501.59235668789813,498.4076433121019,1006.3897763578276,426.92852087756546,444.4444444444444,46.00141542816702,82.62561924982307,244.07518387360392,295.5597929719422,539.6349768455461,1210.9375
4210,......4210 Staufen,4402,177.4193548387097,663.789186733303,158.7914584279873,65.19763743752839,67.69650159018629,44.525215810995,42.25352112676056,108.35983643798274,271.4675147660154,241.70831440254432,85.64288959563834,53.38482507950931,19.763743752839616,512.4943207632894,487.5056792367106,1051.2581547064306,479.1004089050432,419.35483870967744,32.48523398455248,68.8323489323035,267.2826830937714,239.21971252566735,506.50239561943874,895.0064020486556
4221,......4221 Abtwil,1120,164.28571428571428,711.6071428571429,124.10714285714286,51.78571428571429,49.107142857142854,63.39285714285714,53.57142857142857,100.0,238.39285714285717,319.6428571428571,90.17857142857143,25.892857142857146,8.035714285714285,498.2142857142857,501.7857142857143,992.8825622775801,466.07142857142856,432.14285714285717,20.535714285714285,81.25,230.86574654956084,174.40401505646173,405.2697616060226,755.4347826086956
4222,......4222 Aristau,1603,174.67248908296943,658.1409856519027,167.1865252651279,56.1447286338116,63.006862133499695,55.52089831565814,39.92514036182158,96.69369931378664,222.08359326263255,299.43855271366186,107.92264504054897,46.16344354335621,13.100436681222707,517.7791640673737,482.2208359326263,1073.738680465718,416.0948222083593,469.1203992514036,29.94385527136619,84.84092326887087,265.40284360189577,254.02843601895736,519.4312796208532,957.1428571428572
4223,......4223 Auw,2301,179.92177314211213,690.1347240330291,129.94350282485874,53.455019556714475,57.36636245110821,69.10039113428944,66.4928292046936,129.94350282485874,208.60495436766624,285.0934376358105,77.35767057800956,36.071273359408956,16.514558887440245,521.0777922642329,478.9222077357671,1088.021778584392,468.9265536723164,433.72446762277275,31.290743155149936,66.05823554976098,260.7052896725441,188.28715365239296,448.992443324937,722.2222222222222
4224,......4224 Beinwil (Freiamt),1309,187.1657754010695,637.8915202444614,174.94270435446907,70.28265851795264,52.71199388846448,64.1711229946524,55.76776165011459,94.72880061115355,229.94652406417111,257.4484339190222,100.07639419404126,55.003819709702064,19.862490450725744,498.8540870893812,501.14591291061885,995.4268292682927,459.1291061879297,430.86325439266614,38.19709702062643,71.8105423987777,293.4131736526946,274.25149700598797,567.6646706586827,934.6938775510204
4226,......4226 Besenbüren,637,156.98587127158555,692.3076923076923,150.70643642072213,40.816326530612244,72.21350078492935,43.956043956043956,62.794348508634215,108.32025117739404,183.67346938775512,337.51962323390893,94.19152276295134,45.52590266875981,10.989010989010989,518.0533751962323,481.94662480376763,1074.9185667752442,453.68916797488225,444.27001569858714,26.687598116169546,75.35321821036106,226.75736961451247,217.68707482993196,444.4444444444444,960.0
4227,......4227 Bettwil,716,160.6145251396648,645.2513966480446,194.13407821229052,61.452513966480446,53.072625698324025,46.089385474860336,44.6927374301676,108.93854748603351,231.84357541899442,259.77653631284915,136.87150837988827,46.089385474860336,11.1731843575419,515.3631284916202,484.63687150837984,1063.400576368876,455.3072625698324,435.75418994413405,22.3463687150838,86.59217877094973,248.91774891774892,300.8658008658009,549.7835497835498,1208.695652173913
4228,......4228 Boswil,3114,158.95953757225433,666.3455362877329,174.69492614001283,51.05973025048169,53.94990366088632,53.94990366088632,50.73859987154785,125.24084778420038,220.29543994861913,270.07064868336545,96.33911368015414,56.19781631342325,22.157996146435455,510.5973025048169,489.4026974951831,1043.3070866141732,470.7771355170199,401.73410404624275,44.637122671804754,82.53050738599872,238.55421686746988,262.1686746987952,500.72289156626505,1098.9898989898988
4229,......4229 Bünzen,1245,159.8393574297189,660.2409638554217,179.91967871485946,40.96385542168675,60.24096385542169,58.634538152610446,54.61847389558233,99.59839357429719,216.86746987951807,289.1566265060241,116.46586345381526,53.81526104417671,9.63855421686747,505.22088353413653,494.77911646586347,1021.1038961038961,429.718875502008,455.421686746988,31.32530120481928,83.53413654618474,242.09245742092457,272.5060827250608,514.5985401459853,1125.6281407035176
4230,......4230 Buttwil,1297,171.93523515805705,650.7324595219737,177.33230531996915,55.51272166538165,63.22282189668466,53.19969159599075,56.28373168851195,87.89514263685427,202.7756360832691,303.7779491133385,108.7124132613724,56.28373168851195,12.33616037008481,494.98843484965306,505.01156515034694,980.1526717557251,453.3538936006168,431.7656129529684,41.63454124903624,73.24595219737856,264.21800947867297,272.5118483412322,536.7298578199052,1031.390134529148
4231,......4231 Dietwil,1417,165.84333098094567,698.6591390261116,135.49752999294284,59.985885673959075,50.81157374735356,55.04587155963303,66.33733239237827,107.26887791107976,218.77205363443898,306.28087508821454,82.56880733944955,37.4029640084686,15.525758645024702,535.6386732533522,464.3613267466479,1153.4954407294833,484.12138320395206,422.7240649258998,25.40578687367678,67.74876499647142,237.37373737373738,193.93939393939394,431.3131313131313,817.0212765957447
4232,......4232 Geltwil,241,207.4688796680498,643.1535269709544,149.37759336099586,74.68879668049793,95.43568464730289,37.344398340248965,45.64315352697095,78.83817427385893,248.96265560165975,269.7095435684647,91.2863070539419,53.941908713692946,4.149377593360996,497.9253112033195,502.0746887966805,991.7355371900827,448.13278008298755,448.13278008298755,33.19502074688797,70.53941908713693,322.5806451612903,232.25806451612905,554.8387096774193,720.0
4233,......4233 Kallern,422,220.3791469194313,632.7014218009479,146.91943127962085,80.56872037914692,73.45971563981043,66.35071090047394,56.87203791469194,59.241706161137444,236.96682464454977,279.62085308056874,104.26540284360189,37.91469194312796,4.739336492890995,492.8909952606635,507.1090047393365,971.9626168224299,485.78199052132703,445.49763033175356,18.95734597156398,49.76303317535545,348.3146067415731,232.20973782771537,580.5243445692884,666.6666666666666
4234,......4234 Merenschwand,3893,167.48009247367068,685.0757770357051,147.4441304906242,48.291805805291546,62.933470331363985,56.25481633701516,52.65861803236579,122.78448497302851,201.38710506036475,308.245568969946,82.71256100693553,47.26432057539173,17.46724890829694,510.4032879527357,489.5967120472643,1042.4973767051417,446.1854610839969,453.1209863858207,28.255843822245055,71.92396609298741,244.46944131983503,215.2230971128609,459.6925384326959,880.3680981595093
4235,......4235 Mühlau,1347,176.6889383815887,660.7275426874536,162.5835189309577,57.164068299925766,69.78470675575353,49.74016332590943,38.60430586488493,116.55530809205642,233.11061618411284,272.4573125463994,100.96510764662213,41.57386785449147,20.0445434298441,510.7646622123236,489.2353377876763,1044.0060698027314,462.50927988121754,435.7832219747587,28.953229398663698,72.75426874536006,267.4157303370787,246.06741573033707,513.4831460674158,920.1680672268907
4236,......4236 Muri (AG),8712,149.90817263544537,651.2855831037649,198.80624426078973,46.14325068870524,52.11202938475665,51.65289256198347,52.11202938475665,123.62258953168045,209.48117539026632,266.0697887970615,101.2396694214876,74.3801652892562,23.186409550045912,496.5564738292011,503.4435261707989,986.3201094391245,445.7070707070707,423.43893480257117,46.372819100091824,84.366391184573,230.17271765949948,305.2520267888615,535.4247444483609,1326.186830015314
4237,......4237 Oberrüti,1630,184.66257668711654,654.601226993865,160.7361963190184,52.14723926380368,66.87116564417178,65.6441717791411,63.190184049079754,96.31901840490798,204.29447852760734,290.79754601226995,104.9079754601227,41.717791411042946,14.110429447852761,515.3374233128834,484.66257668711654,1063.2911392405063,446.01226993865026,472.3926380368098,26.993865030674847,54.601226993865026,282.0993439550141,245.54826616682288,527.6476101218369,870.4318936877077
4238,......4238 Rottenschwil,960,118.75,691.6666666666666,189.58333333333331,39.58333333333333,41.666666666666664,37.5,26.041666666666668,136.45833333333331,226.04166666666666,303.125,132.29166666666666,45.83333333333333,11.458333333333332,530.2083333333333,469.7916666666667,1128.6031042128604,420.8333333333333,431.25,33.333333333333336,114.58333333333333,171.6867469879518,274.0963855421687,445.7831325301205,1596.4912280701756
4239,......4239 Sins,4491,153.19527944778446,665.3306613226453,181.47405922957026,47.20552215542195,49.65486528612781,56.33489200623469,63.682921398352256,119.34981073257626,195.72478289913158,286.5731462925852,97.52839011356046,60.56557559563572,23.380093520374082,499.6659986639946,500.3340013360054,998.6648865153538,447.33912268982414,435.5377421509686,43.420173680694724,73.25762636383878,230.25435073627844,272.7576974564926,503.01204819277115,1184.593023255814
4240,......4240 Waltenschwil,3186,149.71751412429379,662.9001883239172,187.3822975517891,45.8254865034526,49.90583804143126,53.98618957940992,51.78907721280603,105.14752040175769,205.58694287507848,300.376647834275,107.65850596359071,59.63590709353421,20.087884494664156,498.1167608286252,501.8832391713748,992.4953095684804,414.94036409290646,443.188951663528,42.3728813559322,99.4978028876334,225.85227272727275,282.6704545454545,508.5227272727273,1251.572327044025
4251,......4251 Hellikon,850,154.11764705882354,611.764705882353,234.11764705882354,43.52941176470588,49.41176470588235,61.1764705882353,40.0,71.76470588235294,201.1764705882353,298.8235294117647,150.58823529411762,61.1764705882353,22.35294117647059,498.8235294117647,501.17647058823536,995.3051643192489,418.8235294117647,451.764705882353,49.41176470588235,77.64705882352942,251.9230769230769,382.6923076923077,634.6153846153845,1519.0839694656488
4252,......4252 Kaiseraugst,5824,144.05906593406593,663.804945054945,192.13598901098902,49.107142857142854,48.76373626373626,46.18818681318682,48.76373626373626,109.89010989010988,226.13324175824175,279.01785714285717,92.89148351648352,70.57005494505495,28.674450549450547,509.78708791208794,490.21291208791206,1039.9299474605955,423.4203296703297,437.3282967032967,45.84478021978022,93.4065934065934,217.02017589239526,289.44645628556646,506.46663217796174,1333.73063170441
4253,......4253 Magden,3888,150.20576131687244,617.798353909465,231.99588477366257,34.97942386831276,51.18312757201647,64.04320987654322,57.870370370370374,76.3888888888889,168.20987654320987,315.3292181069959,110.85390946502058,89.50617283950616,31.635802469135804,488.6831275720165,511.3168724279835,955.7344064386318,392.74691358024694,481.224279835391,49.89711934156379,76.13168724279835,243.13072439633638,375.52039966694423,618.6511240632806,1544.5205479452056
4254,......4254 Möhlin,11389,148.12538414259373,658.9691807884801,192.90543506892615,43.287382562121344,47.85319167617877,56.98480990429362,57.862850118535434,102.37948898059531,201.24681710422337,297.480024585126,100.18438844499077,65.9408200895601,26.780226534375274,500.1317060321363,499.86829396786374,1000.5269629369402,427.78119237861097,438.49328299236106,44.692246904908245,88.94547370269558,224.78347768154563,292.73817455029985,517.5216522318455,1302.3117960877298
4255,......4255 Mumpf,1563,108.76519513755598,715.2911068458093,175.94369801663467,51.823416506717855,33.26935380678183,23.672424824056304,33.90914907229686,118.3621241202815,214.97120921305182,348.04862444017914,99.16826615483046,56.301983365323096,20.473448496481126,529.7504798464491,470.24952015355086,1126.5306122448978,392.83429302623165,454.89443378119006,40.94689699296225,111.32437619961611,152.05724508050088,245.97495527728086,398.03220035778173,1617.6470588235295
4256,......4256 Obermumpf,1081,143.38575393154488,672.5254394079557,184.08880666049953,39.77798334875116,49.953746530989825,53.65402405180388,33.30249768732655,98.98242368177614,201.66512488436632,338.5753931544866,101.75763182238667,66.6049953746531,15.72617946345976,520.814061054579,479.1859389454209,1086.872586872587,413.50601295097135,454.20906567992597,42.5531914893617,89.73172987974098,213.20495185694634,273.7276478679505,486.9325997248968,1283.8709677419356
4257,......4257 Olsberg,360,136.1111111111111,561.1111111111111,302.77777777777777,38.88888888888889,55.55555555555555,41.666666666666664,27.777777777777775,47.22222222222222,147.22222222222223,338.8888888888889,133.33333333333334,147.22222222222223,22.22222222222222,513.8888888888888,486.1111111111111,1057.142857142857,363.88888888888886,500.0,47.22222222222222,88.88888888888889,242.57425742574256,539.6039603960396,782.1782178217823,2224.4897959183672
4258,......4258 Rheinfelden,13820,140.6657018813314,642.9088277858177,216.42547033285095,47.9739507959479,47.539797395079596,45.151953690303905,40.15918958031838,100.28943560057887,225.75976845151953,276.70043415340086,105.42691751085384,80.31837916063677,30.680173661360346,495.36903039073803,504.6309696092619,981.6461141382276,422.79305354558613,427.20694645441387,48.62518089725036,101.30246020260492,218.79572312886887,336.63477771525044,555.4305008441193,1538.5802469135804
4259,......4259 Schupfart,883,121.17780294450736,679.501698754247,199.32049830124578,47.56511891279728,37.37259343148358,36.2400906002265,53.22763306908267,80.40770101925254,203.85050962627406,342.0158550396376,112.11778029445074,63.42015855039637,23.78255945639864,525.4813137032842,474.5186862967157,1107.398568019093,399.77349943374855,484.71121177802945,37.37259343148358,78.14269535673839,178.33333333333334,293.3333333333333,471.6666666666667,1644.8598130841121
4260,......4260 Stein (AG),3512,149.20273348519362,668.5649202733485,182.23234624145786,55.239179954441916,48.405466970387245,45.558086560364465,45.84282460136674,100.5125284738041,235.47835990888382,286.7312072892939,99.65831435079727,60.07972665148064,22.49430523917995,518.507972665148,481.4920273348519,1076.8775872264932,425.96810933940776,437.0728929384966,44.41913439635535,92.53986332574033,223.1686541737649,272.572402044293,495.7410562180579,1221.3740458015268
4261,......4261 Wallbach,2065,144.79418886198548,648.4261501210655,206.77966101694915,52.78450363196126,45.520581113801455,46.489104116222755,48.426150121065376,72.63922518159806,190.79903147699758,336.5617433414044,121.06537530266344,61.016949152542374,24.69733656174334,510.8958837772397,489.1041162227603,1044.5544554455446,394.6731234866828,477.96610169491527,45.520581113801455,81.84019370460048,223.3009708737864,318.8946975354742,542.1956684092606,1428.0936454849498
4262,......4262 Wegenstetten,1017,106.19469026548673,631.2684365781711,262.53687315634215,36.38151425762045,30.48180924287119,39.33136676499508,66.86332350049163,101.27826941986234,162.24188790560473,300.8849557522124,139.62635201573252,91.44542772861357,31.46509341199607,490.65880039331364,509.34119960668636,963.3204633204633,383.4808259587021,476.89282202556535,61.94690265486726,77.67944936086529,168.22429906542055,415.8878504672897,584.1121495327103,2472.222222222222
4263,......4263 Zeiningen,2545,149.3123772102161,653.0451866404715,197.64243614931237,43.61493123772102,61.29666011787819,44.4007858546169,51.080550098231825,99.80353634577602,184.28290766208252,317.8781925343811,106.8762278978389,68.36935166994105,22.396856581532415,493.909626719057,506.09037328094297,975.9316770186335,419.25343811394896,456.97445972495086,35.36345776031434,88.40864440078586,228.6401925391095,302.647412755716,531.2876052948255,1323.6842105263158
4264,......4264 Zuzgen,909,154.01540154015402,624.8624862486248,221.12211221122112,49.504950495049506,45.1045104510451,59.4059405940594,49.504950495049506,104.5104510451045,152.91529152915294,317.93179317931794,139.71397139713972,71.5071507150715,9.900990099009901,487.34873487348733,512.6512651265126,950.6437768240344,408.1408140814081,477.4477447744774,42.9042904290429,71.5071507150715,246.47887323943664,353.8732394366197,600.3521126760563,1435.7142857142858
4271,......4271 Aarburg,8917,155.43344174049568,696.758999663564,147.80755859594032,56.072670180554,51.811147246831894,47.549624313109796,47.88606033419311,130.87361220141304,251.87843445104858,266.12089267690925,83.88471459010879,47.549624313109796,16.373219692721765,510.9341706852081,489.065829314792,1044.714515019491,451.9457216552652,425.3672759896826,36.895816978804525,85.67904003588652,223.08063737324966,212.13584419765007,435.2164815708997,950.937950937951
4273,......4273 Bottenwil,863,186.558516801854,601.3904982618772,212.05098493626883,52.14368482039398,64.88991888760138,69.52491309385864,45.19119351100811,67.20741599073001,227.11471610660485,261.87717265353416,122.82734646581692,69.52491309385864,19.698725376593277,486.6743916570104,513.3256083429895,948.0812641083521,447.27694090382386,446.1181923522596,35.92120509849363,70.68366164542294,310.21194605009634,352.60115606936415,662.8131021194605,1136.6459627329193
4274,......4274 Brittnau,4339,158.56188061765383,647.1537220557733,194.28439732657293,57.6169624337405,50.702926941691636,50.24199124222171,48.62871629407697,92.87854344318967,219.63586079741876,286.01060152108784,108.78082507490205,67.06614427287394,18.437427978796958,502.6503802719521,497.3496197280479,1010.658016682113,431.6662825535838,439.04125374510255,44.48029499884766,84.81216870246601,245.014245014245,300.2136752136752,545.2279202279202,1225.2906976744187
4275,......4275 Kirchleerau,938,170.57569296375266,633.2622601279318,196.16204690831557,50.10660980810235,66.09808102345416,54.37100213219617,40.51172707889126,84.22174840085287,235.60767590618337,272.92110874200426,111.94029850746269,63.965884861407254,20.25586353944563,506.3965884861408,493.60341151385927,1025.9179265658747,452.02558635394456,395.5223880597015,40.51172707889126,111.94029850746269,269.36026936026934,309.76430976430976,579.1245791245791,1150.0
4276,......4276 Kölliken,5106,173.12965139052093,651.9780650215433,174.89228358793576,54.64159811985899,64.82569526047786,53.6623580101841,54.83744614179397,103.6036036036036,224.63768115942028,268.8993341167254,98.31570701135918,56.60007833920878,19.9764982373678,501.9584802193497,498.0415197806502,1007.8647267007473,443.5957696827262,429.1030160595378,42.10732471602037,84.99804151978064,265.5452087714028,268.24872334034245,533.7939321117453,1010.180995475113
4277,......4277 Moosleerau,955,143.45549738219896,678.5340314136125,178.01047120418846,55.49738219895288,39.79057591623037,48.167539267015705,62.82722513089005,95.28795811518324,238.7434554973822,281.67539267015707,103.66492146596859,63.87434554973822,10.471204188481677,532.9842931937173,467.01570680628276,1141.255605381166,449.21465968586386,426.1780104712042,28.272251308900525,96.33507853403141,211.41975308641975,262.34567901234567,473.7654320987654,1240.8759124087592
4279,......4279 Murgenthal,3128,143.8618925831202,657.9283887468031,198.2097186700767,46.35549872122762,50.191815856777495,47.314578005115095,48.913043478260875,95.58823529411764,211.6368286445013,301.79028132992323,115.08951406649616,58.18414322250639,24.93606138107417,522.6982097186701,477.3017902813299,1095.1105157401207,427.10997442455243,435.10230179028133,44.43734015345269,93.35038363171356,218.6588921282799,301.2633624878523,519.9222546161321,1377.7777777777778
4280,......4280 Oftringen,15120,170.1058201058201,665.8730158730158,164.02116402116403,57.804232804232804,58.7962962962963,53.50529100529101,49.074074074074076,115.21164021164022,237.83068783068785,263.7566137566137,89.35185185185185,55.29100529100529,19.37830687830688,509.5238095238095,490.4761904761905,1038.8349514563106,428.9682539682539,442.6587301587301,43.91534391534391,84.39153439153439,255.46285260230434,246.3249900675407,501.78784266984513,964.2301710730949
4281,......4281 Reitnau,1621,170.88217149907464,664.4046884639112,164.71314003701417,46.267735965453426,64.77483035163479,59.83960518198643,51.81986428130783,115.36088834053054,201.72732880937693,295.49660703269586,93.1523750771129,46.267735965453426,25.293028994447873,511.4127082048119,488.58729179518815,1046.7171717171718,452.1900061690315,437.38433066008633,35.780382479950646,74.64528069093153,257.1959145775302,247.9108635097493,505.10677808727945,963.8989169675091
4282,......4282 Rothrist,9896,165.52142279708974,649.4543249797898,185.02425222312044,52.54648342764753,53.556992724333064,59.41794664510913,54.870654810024256,106.70978172999192,218.47210994341148,269.40177849636217,97.21099434114794,65.78415521422797,22.029102667744542,509.90299110751823,490.0970088924818,1040.4123711340205,434.3168957154406,440.6831042845594,43.04769603880355,81.75020210185933,254.86229967325346,284.89186245526685,539.7541621285203,1117.8266178266178
4283,......4283 Safenwil,4630,158.09935205183584,659.1792656587473,182.72138228941685,53.131749460043196,55.0755939524838,49.892008639308855,46.868250539956804,102.1598272138229,225.91792656587472,284.2332613390929,104.53563714902808,58.53131749460043,19.65442764578834,498.2721382289417,501.7278617710583,993.1123547137323,430.88552915766735,423.11015118790493,43.628509719222464,101.72786177105831,239.8427260812582,277.19528178243775,517.038007863696,1155.737704918033
4284,......4284 Staffelbach,1365,152.3809523809524,687.1794871794872,160.43956043956047,45.421245421245416,60.07326007326007,46.88644688644688,43.22344322344322,106.95970695970695,233.6996336996337,303.2967032967033,102.56410256410255,44.688644688644686,13.186813186813186,514.2857142857142,485.7142857142857,1058.8235294117646,470.3296703296703,393.4065934065934,37.362637362637365,98.90109890109889,221.74840085287846,233.47547974413646,455.2238805970149,1052.8846153846155
4285,......4285 Strengelbach,5098,138.485680659082,652.6088662220478,208.90545311887016,46.48881914476265,44.33111023930953,47.665751275009804,54.92349941153393,113.57395056885053,202.4323264025108,281.67908983915265,108.27775598273833,77.48136524127108,23.14633189486073,512.5539427226363,487.44605727736365,1051.5090543259557,430.9533150255002,436.4456649666536,47.665751275009804,84.73911337779522,212.20318605350167,320.1082055906222,532.3113916441239,1508.4985835694051
4286,......4286 Uerkheim,1441,143.65024288688412,648.854961832061,207.49479528105482,44.41360166551006,56.21096460791117,43.02567661346287,46.49548924358084,83.96946564885496,186.675919500347,331.7140874392783,127.68910478834142,57.59888965995836,22.20680083275503,507.28660652324777,492.71339347675223,1029.5774647887324,412.90770298403885,448.2997918112422,43.71963913948647,95.07286606523247,221.39037433155082,319.78609625668446,541.1764705882352,1444.4444444444443
4287,......4287 Vordemwald,2039,163.31535066208926,593.9185875429132,242.76606179499754,44.629720451201564,56.89063266307013,61.79499754781756,43.158410985777344,73.56547327121137,176.0666993624326,301.1280039234919,117.70475723393821,95.63511525257479,29.426189308484552,500.2452182442374,499.7547817557627,1000.981354268891,396.27268268759195,473.7616478666013,42.17753800882785,87.78813143697892,274.9793559042114,408.7530966143683,683.7324525185797,1486.4864864864865
4288,......4288 Wiliberg,170,111.76470588235294,676.4705882352941,211.76470588235293,11.76470588235294,41.1764705882353,58.8235294117647,52.94117647058823,82.3529411764706,182.35294117647058,358.8235294117647,135.2941176470588,41.1764705882353,35.294117647058826,535.2941176470588,464.7058823529412,1151.8987341772151,358.8235294117647,541.1764705882352,52.94117647058823,47.05882352941176,165.2173913043478,313.04347826086956,478.26086956521743,1894.7368421052631
4289,......4289 Zofingen,12876,144.68779123951538,649.1146318732526,206.19757688723206,48.38459148803977,49.782541161851505,46.520658589624105,46.13233923578751,111.68064616340479,233.37993165579374,257.92171481826654,102.05032618825723,71.91674433053744,32.2305063684374,494.87418452935697,505.12581547064303,979.7047970479705,468.3131407269338,391.96955576265924,44.65672569120845,95.06057781919851,222.90021536252692,317.6597272074659,540.5599425699928,1425.1207729468597
4303,......4303 Böttstein,4326,144.70642625982433,624.8266296809985,230.46694405917705,50.624133148404994,52.24225612575127,41.84003698566805,48.31252889505316,120.8969024503005,184.9283402681461,270.6888580674988,132.22376329172445,71.19741100323624,27.045769764216363,516.1812297734629,483.81877022653725,1066.8896321070233,388.58067498844196,481.2760055478502,56.63430420711974,73.50901525658807,231.59452460229375,368.84942656307805,600.4439511653719,1592.6517571884983
4304,......4304 Döttingen,4561,156.1061170795878,657.7504933128699,186.1433896075422,57.88204341153256,51.30453847840386,46.91953518965139,45.165533874150405,124.31484323613243,217.27691295768471,270.9932032449025,91.64656873492655,66.43279982459987,28.06402104801579,512.6068844551634,487.3931155448367,1051.731893837157,428.19557114667833,444.8585836439377,50.64678798509099,76.0798070598553,237.33333333333334,283.0,520.3333333333333,1192.4157303370787
4305,......4305 Endingen,2717,144.2767758557232,655.5023923444976,200.22083179977918,33.49282296650718,57.04821494295179,53.73573794626426,65.88148693411851,120.7213838792786,172.2488038277512,296.6507177033493,100.47846889952153,74.71475892528524,25.027603974972397,491.7188075082812,508.2811924917188,967.4149167270094,440.5594405594406,433.56643356643355,43.7983069562017,81.33971291866028,220.1010668163953,305.4463784390792,525.5474452554745,1387.7551020408164
4306,......4306 Fisibach,605,183.4710743801653,682.6446280991736,133.88429752066116,56.19834710743802,72.72727272727272,54.54545454545454,42.97520661157025,100.82644628099173,236.36363636363635,302.4793388429752,77.68595041322314,41.32231404958678,14.87603305785124,500.8264462809917,499.1735537190083,1003.3112582781456,454.5454545454545,462.8099173553719,26.446280991735538,56.19834710743802,268.7651331719128,196.12590799031477,464.8910411622276,729.7297297297297
4307,......4307 Full-Reuenthal,1013,165.84402764067127,644.6199407699901,189.5360315893386,39.486673247778874,72.06317867719645,54.29417571569596,51.332675222112535,85.88351431391905,195.45903257650542,311.9447186574531,110.56268509378086,56.2685093780849,22.704837117472852,519.2497532082923,480.7502467917078,1080.082135523614,402.7640671273445,483.7117472852912,38.4995064165844,75.02467917077986,257.27411944869834,294.0275650842267,551.3016845329249,1142.857142857143
4309,......4309 Klingnau,3700,151.0810810810811,633.2432432432432,215.67567567567568,40.0,60.270270270270274,50.810810810810814,46.75675675675676,97.83783783783784,208.91891891891893,279.7297297297297,119.72972972972973,70.8108108108108,25.135135135135137,512.1621621621622,487.83783783783787,1049.8614958448752,417.2972972972973,446.7567567567568,44.054054054054056,91.8918918918919,238.58301323090055,340.5889884763124,579.172001707213,1427.5491949910554
4310,......4310 Koblenz,1821,138.38550247116967,695.7715540911587,165.8429434376716,39.53871499176277,49.97254255903349,48.87424492037342,52.16913783635365,114.222954420648,211.97144426139482,317.4080175727622,91.70785282811642,54.365733113673805,19.769357495881383,534.8709500274574,465.1290499725426,1149.9409681227864,415.1565074135091,449.7528830313015,38.98956617243273,96.10104338275673,198.8950276243094,238.3583267561168,437.25335438042623,1198.4126984126983
4311,......4311 Leibstadt,1605,152.02492211838006,668.5358255451713,179.4392523364486,47.35202492211838,56.074766355140184,48.598130841121495,41.12149532710281,125.85669781931463,226.791277258567,274.76635514018693,97.81931464174455,63.55140186915888,18.06853582554517,541.4330218068536,458.5669781931464,1180.7065217391303,447.97507788161994,432.398753894081,42.36760124610592,77.25856697819316,227.39981360671015,268.4063373718546,495.8061509785648,1180.327868852459
4312,......4312 Lengnau (AG),2955,163.7901861252115,651.4382402707276,184.7715736040609,44.670050761421315,57.1912013536379,61.92893401015229,55.49915397631134,110.65989847715736,190.18612521150592,295.09306260575295,96.78510998307952,65.65143824027072,22.335025380710658,494.077834179357,505.922165820643,976.5886287625418,427.4111675126904,452.45346869712347,41.28595600676819,78.51099830795262,251.42857142857144,283.6363636363636,535.0649350649351,1128.0991735537189
4313,......4313 Leuggern,2444,139.11620294599018,636.252045826514,224.6317512274959,47.46317512274959,48.28150572831424,43.37152209492635,38.05237315875614,112.1112929623568,187.80687397708672,298.28150572831424,122.34042553191489,81.42389525368249,20.867430441898527,504.0916530278232,495.9083469721768,1016.5016501650166,405.8919803600655,462.7659574468085,49.50900163666121,81.83306055646482,218.64951768488746,353.05466237942125,571.7041800643087,1614.7058823529412
4314,......4314 Mellikon,224,133.92857142857142,593.75,272.32142857142856,13.392857142857142,75.89285714285714,44.642857142857146,44.642857142857146,71.42857142857143,183.03571428571428,294.64285714285717,183.03571428571428,71.42857142857143,17.857142857142858,500.0,500.0,1000.0,388.39285714285717,508.9285714285714,40.17857142857143,62.5,225.56390977443607,458.64661654135335,684.2105263157895,2033.3333333333333
4318,......4318 Schneisingen,1564,134.91048593350382,618.9258312020461,246.16368286445012,42.83887468030691,45.39641943734015,46.67519181585678,42.19948849104859,81.20204603580562,183.50383631713555,312.02046035805625,119.56521739130436,96.54731457800511,30.051150895140665,484.65473145780055,515.3452685421995,940.4466501240695,387.4680306905371,477.62148337595903,40.28132992327366,94.62915601023019,217.97520661157026,397.7272727272727,615.702479338843,1824.6445497630332
4319,......4319 Siglistorf,799,152.69086357947435,684.6057571964957,162.70337922403002,62.5782227784731,47.559449311639554,42.5531914893617,46.30788485607009,115.14392991239049,202.75344180225284,320.40050062578223,110.13767209011264,43.80475594493116,8.760951188986233,511.8898623279099,488.1101376720901,1048.7179487179487,430.5381727158949,443.0538172715895,33.79224030037547,91.36420525657071,223.0347349177331,237.65996343692868,460.6946983546618,1065.5737704918033
4320,......4320 Tegerfelden,1304,148.00613496932516,661.8098159509202,190.1840490797546,44.47852760736196,55.214723926380366,48.31288343558282,49.84662576687116,105.8282208588957,194.01840490797545,312.11656441717787,108.12883435582822,72.08588957055214,9.969325153374232,498.46625766871165,501.53374233128835,993.8837920489296,429.4478527607362,444.0184049079754,42.17791411042945,84.3558282208589,223.63847045191193,287.36964078794904,511.0081112398609,1284.9740932642485
4324,......4324 Zurzach,8336,132.07773512476007,639.6353166986564,228.28694817658348,42.10652591170825,45.465451055662186,44.505758157389636,42.22648752399232,98.84836852207293,197.936660268714,300.62380038387715,120.08157389635316,79.77447216890594,28.43090211132438,521.7130518234165,478.2869481765835,1090.7950840230749,397.07293666026874,454.17466410748557,50.383877159309016,98.12859884836853,206.48912228057014,356.9017254313578,563.3908477119279,1728.4287011807448
4401,......4401 Arbon,16354,146.44735232970527,642.5950837715544,210.95756389874037,45.67689861807509,52.21964045493458,48.550813256695605,45.24886877828054,107.80237250825486,206.31038278097103,283.23345970404796,101.13733643145407,78.02372508254861,31.796502384737675,502.445884798826,497.55411520117406,1009.8316332800788,423.5661000366883,410.1137336431454,51.730463495169374,114.46740858505565,227.89989532781428,328.29003711104764,556.1899324388619,1440.5010438413362
4406,......4406 Dozwil,732,168.03278688524588,609.2896174863388,222.6775956284153,58.743169398907106,51.91256830601093,57.37704918032787,66.93989071038251,65.57377049180329,193.98907103825135,282.7868852459016,103.82513661202186,84.69945355191257,34.15300546448088,513.6612021857924,486.3387978142076,1056.1797752808989,401.6393442622951,502.73224043715845,34.15300546448088,61.47540983606557,275.78475336322873,365.4708520179372,641.2556053811659,1325.2032520325204
4411,......4411 Egnach,5180,163.70656370656368,651.5444015444015,184.74903474903476,53.47490347490348,53.66795366795367,56.56370656370657,50.77220077220077,104.24710424710425,206.94980694980694,289.57528957528956,99.8069498069498,60.617760617760624,24.324324324324326,506.56370656370655,493.4362934362934,1026.60406885759,427.2200772200772,455.2123552123552,39.38223938223938,78.18532818532819,251.25925925925924,283.55555555555554,534.8148148148149,1128.5377358490566
4416,......4416 Hefenhofen,1340,156.71641791044777,678.358208955224,164.92537313432837,50.74626865671642,62.6865671641791,43.28358208955224,48.507462686567166,102.23880597014926,214.92537313432837,312.6865671641791,114.92537313432835,41.04477611940298,8.955223880597016,503.731343283582,496.2686567164179,1015.0375939849625,430.5970149253731,447.0149253731343,27.611940298507463,94.77611940298507,231.02310231023102,243.12431243124314,474.14741474147417,1052.3809523809525
4421,......4421 Horn,3165,117.21958925750394,638.2306477093207,244.54976303317537,49.60505529225909,35.07109004739337,32.543443917851505,40.44233807266982,91.31121642969984,209.79462875197473,296.6824644549763,122.5908372827804,86.88783570300158,35.07109004739337,496.6824644549763,503.3175355450237,986.8173258003766,415.1658767772512,420.5371248025276,58.135860979462876,106.1611374407583,183.66336633663366,383.16831683168317,566.8316831683168,2086.2533692722373
4426,......4426 Kesswil,1005,158.2089552238806,599.0049751243781,242.7860696517413,34.82587064676617,68.65671641791045,54.72636815920398,56.71641791044777,93.53233830845771,142.28855721393035,306.4676616915423,120.39800995024875,82.58706467661692,39.80099502487562,480.5970149253732,519.4029850746269,925.2873563218391,400.9950248756219,455.7213930348259,55.72139303482587,87.56218905472637,264.1196013289037,405.3156146179402,669.4352159468439,1534.5911949685535
4431,......4431 Roggwil (TG),3452,166.57010428736965,659.0382387022016,174.39165701042876,55.90961761297798,58.80648899188876,51.8539976825029,54.171494785631516,107.18424101969873,200.7531865585168,296.92931633835457,101.39049826187717,54.171494785631516,18.829663962920044,504.9246813441484,495.0753186558517,1019.8946752486835,444.66975666280416,441.48319814600234,38.818076477404404,74.73928157589803,252.74725274725273,264.61538461538464,517.3626373626373,1046.9565217391303
4436,......4436 Romanshorn,11945,147.2582670573462,632.3984930933445,220.34323984930933,48.72331519464211,49.64420259522813,48.89074926747593,44.956048555881125,114.44118878191712,216.3248221012976,256.6764336542486,111.9296776894098,78.27542904981163,30.138133110087903,497.7814985349518,502.2185014650481,991.1651941990332,423.0221850146505,429.8032649644203,49.14190037672667,97.94893260778568,232.85676462801163,348.42467566851997,581.2814402965316,1496.304718590108
4441,......4441 Salmsach,1631,172.2869405272839,652.9736358062538,174.7394236664623,60.69895769466585,66.21704475781728,45.37093807480073,41.69221336603311,102.39117106069897,247.08767627222565,261.80257510729615,98.71244635193133,58.24647455548743,17.780502759043532,520.5395462906192,479.4604537093807,1085.6777493606137,430.41079092581236,458.61434702636416,29.429797670141017,81.5450643776824,263.84976525821594,267.6056338028169,531.455399061033,1014.2348754448398
4446,......4446 Sommeri,673,190.1931649331352,615.1560178306092,194.65081723625556,63.893016344725105,77.26597325408619,49.03417533432392,32.68945022288262,115.89895988112927,252.6002971768202,213.9673105497771,124.81426448736998,50.52005943536404,19.316493313521548,505.2005943536404,494.7994056463596,1021.021021021021,479.9405646359584,410.1040118870728,38.632986627043095,71.32243684992571,309.17874396135267,316.42512077294685,625.6038647342995,1023.4375
4451,......4451 Uttwil,1921,125.4554919312858,639.770952628839,234.77355543987508,46.85059864653826,39.562727745965645,39.04216553878189,55.700156168662154,91.09838625715773,165.01821967725144,327.95419052576784,124.93492972410203,86.4133263925039,23.42529932326913,502.8630921395106,497.1369078604893,1011.5183246073299,399.27121290994273,457.57418011452364,41.64497657470068,100.98906819364915,196.09438567941416,366.96501220504473,563.0593978844589,1871.369294605809
4461,......4461 Amriswil,14951,158.58471005283928,650.8594742826567,190.55581566450405,52.772389806701895,55.380910975854455,50.43140927028293,48.09042873386395,122.80115042472076,229.95117383452612,250.01672128954584,102.33429202060063,62.67139321784496,25.550130426058455,498.4950839408735,501.5049160591265,993.9983995732196,439.8368002140325,421.24272623904756,47.15403651929637,91.63266671125677,243.65430068852123,292.77566539923953,536.4299660877607,1201.602699283003
4536,......4536 Basadingen-Schlattingen,1902,138.801261829653,667.7181913774973,193.48054679284962,40.483701366982125,53.62776025236593,44.689800210304945,52.05047318611987,102.52365930599369,189.2744479495268,323.869610935857,115.6677181913775,58.88538380651946,18.92744479495268,511.5667718191378,488.4332281808623,1047.3627556512379,399.5793901156677,467.9284963196635,39.95793901156677,92.53417455310199,207.8740157480315,289.76377952755905,497.6377952755905,1393.939393939394
4545,......4545 Diessenhofen,4138,140.4059932334461,634.1227646205897,225.47124214596423,47.12421459642339,45.43257612373127,47.849202513291445,50.99081681971967,99.80666988883519,213.14644755920733,270.17883035282745,107.0565490575157,90.86515224746255,27.549540840985983,514.4997583373611,485.5002416626389,1059.7312095569935,419.28467858869016,439.3426776220397,43.25761237312712,97.87336877718705,221.41768292682926,355.5640243902439,576.9817073170732,1605.8519793459554
4546,......4546 Schlatt (TG),1887,154.74297827239002,660.3073661897191,184.94965553789083,46.10492845786963,57.233704292527825,51.40434552199258,43.98516163222046,91.14997350291468,203.49761526232115,321.67461579226284,105.98834128245893,63.063063063063055,15.898251192368837,506.62427133015365,493.3757286698463,1026.8528464017186,403.28563857975627,451.51033386327504,33.91626921038686,111.28775834658188,234.34991974317816,280.09630818619587,514.446227929374,1195.2054794520548
4561,......4561 Felben-Wellhausen,3232,154.7029702970297,650.6806930693069,194.61633663366337,47.02970297029703,57.240099009900995,50.43316831683168,53.21782178217822,112.31435643564356,216.2747524752475,268.8737623762376,120.66831683168317,56.62128712871287,17.32673267326733,512.6856435643564,487.31435643564356,1052.063492063492,426.36138613861385,443.0693069306931,38.67574257425743,91.89356435643565,237.75558725630052,299.0965287684261,536.8521160247266,1258.0
4566,......4566 Frauenfeld,27099,140.96461124026715,655.190228421713,203.84516033801987,45.72124432635891,47.12351009262335,48.11985682128492,51.03509354588731,125.39208088859368,223.4399793350308,255.32307465220117,102.03328536108343,71.73696446363334,30.074910513303074,495.14742241411125,504.85257758588875,980.7762590453915,452.6735303885752,409.83062105612754,45.426030480829546,91.95911288239418,215.15066178541255,311.1236271472825,526.274288932695,1446.0732984293195
4571,......4571 Gachnang,4636,171.2683347713546,654.227782571182,174.50388265746332,48.96462467644521,63.63244176013805,58.671268334771355,47.02329594477998,107.20448662640207,213.33045729076792,286.66954270923213,99.87057808455566,59.74978429680759,14.883520276100086,504.0983606557377,495.90163934426226,1016.5289256198347,435.7204486626402,448.01553062985334,37.31665228645384,78.94736842105263,261.78700956149027,266.7326079788988,528.519617540389,1018.8916876574308
4590,......4590 Hüttlingen,906,163.35540838852097,640.1766004415011,196.46799116997792,51.87637969094923,55.18763796909492,56.29139072847683,47.46136865342163,93.81898454746137,219.6467991169978,279.2494481236203,120.30905077262693,57.39514348785872,18.76379690949227,524.2825607064018,475.7174392935982,1102.0881670533643,403.97350993377484,469.09492273730683,29.801324503311257,97.13024282560706,255.17241379310346,306.8965517241379,562.0689655172414,1202.7027027027027
4591,......4591 Matzingen,3167,168.2980738869593,666.5614145879382,165.14051152510262,50.836754025892006,64.73002841806127,52.731291443006,49.25797284496369,117.77707609725292,230.5020524155352,269.0243132301863,102.62077676034102,50.205241553520686,12.314493211240922,515.3141774550047,484.68582254499523,1063.1921824104234,438.9011682980739,431.9545311019893,36.6277233975371,92.51657720239976,252.48697299857886,247.74988157271434,500.2368545712932,981.2382739212007
4601,......4601 Neunforn,1112,174.46043165467626,604.31654676259,221.22302158273382,62.05035971223022,72.84172661870504,39.568345323741006,28.77697841726619,88.12949640287769,212.23021582733816,275.1798561151079,124.10071942446044,79.13669064748201,17.985611510791365,527.8776978417267,472.1223021582734,1118.095238095238,424.4604316546763,447.841726618705,40.46762589928058,87.23021582733813,288.69047619047615,366.07142857142856,654.7619047619048,1268.041237113402
4606,......4606 Stettfurt,1276,192.78996865203763,622.2570532915361,184.95297805642633,58.777429467084644,72.10031347962382,61.91222570532915,50.940438871473354,82.2884012539185,180.25078369905955,308.77742946708463,108.93416927899686,61.91222570532915,14.106583072100314,499.2163009404389,500.7836990595611,996.8701095461658,434.95297805642633,454.5454545454545,36.05015673981191,74.45141065830721,309.823677581864,297.2292191435768,607.0528967254409,959.349593495935
4611,......4611 Thundorf,1737,177.31721358664365,636.7299942429477,185.95279217040874,61.02475532527346,60.44905008635579,55.843408175014396,50.662061024755324,116.86816350028785,210.70811744386876,258.4916522740357,103.62694300518135,63.90328151986183,18.422567645365575,509.4991364421416,490.5008635578584,1038.7323943661972,459.412780656304,420.26482440990213,42.026482440990215,78.29591249280368,278.4810126582278,292.0433996383364,570.5244122965642,1048.7012987012986
4616,......4616 Uesslingen-Buch,1139,169.4468832309043,630.377524143986,200.17559262510974,67.60316066725197,57.94556628621598,43.89815627743634,46.53204565408252,71.99297629499561,223.00263388937663,288.8498683055312,113.25724319578579,64.9692712906058,21.94907813871817,496.0491659350307,503.95083406496934,984.3205574912893,419.6663740122915,451.27304653204567,41.26426690079017,87.79631255487269,268.8022284122563,317.5487465181058,586.3509749303621,1181.3471502590673
4621,......4621 Warth-Weiningen,1476,163.95663956639567,619.2411924119241,216.80216802168022,54.8780487804878,54.8780487804878,54.200542005420054,47.42547425474255,80.62330623306232,214.76964769647697,276.4227642276423,125.33875338753387,75.88075880758807,15.582655826558266,500.0,500.0,1000.0,418.02168021680217,470.18970189701895,36.58536585365854,75.20325203252033,264.77024070021884,350.109409190372,614.8796498905908,1322.314049586777
4801,......4801 Berlingen,957,125.39184952978056,557.9937304075236,316.6144200626959,37.61755485893417,54.33646812957157,33.43782654127482,34.48275862068965,54.33646812957157,175.5485893416928,293.6259143155695,153.6050156739812,120.16718913270637,42.84221525600836,501.56739811912223,498.4326018808777,1006.2893081761006,387.6698014629049,451.41065830721004,52.2466039707419,107.62800417972832,224.7191011235955,567.4157303370787,792.1348314606741,2525.0
4806,......4806 Eschenz,1923,147.16588663546543,614.6645865834633,238.16952678107126,47.32189287571502,52.52210088403536,47.32189287571502,44.721788871554864,76.4430577223089,188.24752990119606,305.25221008840356,132.08528341133646,86.32345293811753,19.760790431617263,507.0202808112324,492.97971918876755,1028.4810126582279,391.055642225689,461.2584503380136,48.88195527821112,98.80395215808632,239.424703891709,387.47884940778346,626.9035532994924,1618.374558303887
4811,......4811 Herdern,1176,151.36054421768708,662.4149659863946,186.22448979591837,45.91836734693878,56.97278911564626,48.46938775510204,46.7687074829932,76.53061224489797,207.48299319727892,331.63265306122446,123.29931972789116,51.87074829931973,11.054421768707483,518.7074829931972,481.2925170068027,1077.7385159010603,409.01360544217687,456.63265306122446,33.163265306122454,101.19047619047619,228.49807445442877,281.1296534017972,509.6277278562259,1230.3370786516855
4816,......4816 Homburg,1573,181.18245390972666,598.2199618563255,220.59758423394788,47.679593134138585,69.93006993006993,63.57279084551812,47.679593134138585,77.5588048315321,189.446916719644,283.5346471710108,128.4170375079466,76.28734901462174,15.89319771137953,491.41767323585503,508.58232676414497,966.25,415.7660521296885,465.35282898919263,36.87221869040051,82.00890019071836,302.8692879914984,368.7566418703507,671.6259298618492,1217.5438596491229
4821,......4821 Hüttwilen,1783,169.3774537296691,634.3241727425687,196.29837352776218,44.868199663488504,63.3763320246775,61.132922041503086,66.74144699943915,71.22826696578801,194.6158160403814,301.7386427369602,125.63095905776781,56.64610207515423,14.021312394840157,509.2540661805945,490.74593381940554,1037.7142857142858,419.5176668536175,473.3595064498037,32.529444756029164,74.59338194054963,267.02033598585325,309.4606542882405,576.4809902740938,1158.9403973509934
4826,......4826 Mammern,704,125.0,671.875,203.125,25.56818181818182,51.13636363636364,48.29545454545455,72.44318181818183,80.9659090909091,190.3409090909091,328.125,127.8409090909091,46.875,28.409090909090907,526.9886363636364,473.0113636363636,1114.1141141141143,436.0795454545455,455.9659090909091,36.93181818181819,71.02272727272728,186.04651162790697,302.3255813953488,488.3720930232558,1625.0
4831,......4831 Müllheim,3339,156.63372267145854,653.1895777178795,190.1766996106619,52.41090146750524,51.81191973644804,52.41090146750524,49.71548367774783,109.91314764899671,209.04462413896377,284.51632225217134,103.32434860736747,66.4869721473495,20.365378855944893,507.0380353399221,492.96196466007785,1028.554070473876,426.47499251272836,447.73884396525904,39.532794249775385,86.25336927223721,239.7982576799633,291.1508482347547,530.949105914718,1214.14913957935
4841,......4841 Pfyn,2259,140.7702523240372,676.8481629039397,182.38158477202302,39.39796370075255,55.776892430278885,45.595396193005755,53.563523683045595,104.02833111996458,207.17131474103587,312.08499335989376,104.9136786188579,57.990261177512174,19.477644975652943,502.4347056219566,497.56529437804335,1009.7864768683273,419.6547144754316,458.1673306772908,34.08587870739265,88.0920761398849,207.9790712884238,269.4571615434925,477.4362328319163,1295.5974842767296
4864,......4864 Steckborn,4054,120.12826837691169,612.9748396645288,266.8968919585594,27.380365071534285,42.67390231869758,50.07400098667982,51.06068080907745,81.40108534780464,175.38233843117908,305.1307350764677,142.82190429205724,87.81450419338925,36.26048347311298,499.5066600888012,500.4933399111988,998.0285855101035,392.4518993586581,435.1258016773557,55.99407992106561,116.42821904292057,195.9758551307847,435.41247484909456,631.3883299798792,2221.7659137577
4871,......4871 Wagenhausen,1858,145.8557588805167,644.7793326157158,209.36490850376748,46.28632938643703,45.20990312163617,54.35952637244349,54.89773950484392,90.41980624327233,192.68030139935414,306.7814854682454,118.94510226049515,66.20021528525297,24.219590958019374,492.46501614639396,507.5349838536061,970.3075291622482,423.03552206673845,441.33476856835307,45.20990312163617,90.41980624327233,226.21035058430718,324.70784641068445,550.9181969949917,1435.4243542435424
4641,......4641 Altnau,2355,161.3588110403397,642.0382165605096,196.60297239915076,43.31210191082802,58.174097664543524,59.87261146496815,53.503184713375795,84.07643312101911,185.13800424628448,319.3205944798301,114.64968152866243,62.84501061571125,19.108280254777068,488.7473460721868,511.2526539278132,955.9800664451827,426.7515923566879,435.244161358811,38.6411889596603,99.36305732484077,251.32275132275134,306.21693121693124,557.5396825396825,1218.421052631579
4643,......4643 Bottighofen,2696,146.88427299703264,613.1305637982197,239.98516320474778,55.637982195845694,44.13946587537092,47.10682492581603,44.8813056379822,68.62017804154303,183.23442136498517,316.3946587537092,115.72700296735906,89.7626112759644,34.49554896142433,494.80712166172106,505.19287833827894,979.4419970631424,389.83679525222556,475.1483679525222,45.62314540059347,89.02077151335313,239.56442831215972,391.4095583787054,630.9739866908651,1633.8383838383838
4646,......4646 Ermatingen,3780,128.3068783068783,633.5978835978837,238.09523809523807,41.7989417989418,46.56084656084656,39.94708994708995,50.26455026455026,83.06878306878306,183.5978835978836,316.66666666666663,131.21693121693121,78.83597883597885,28.04232804232804,495.76719576719574,504.23280423280426,983.2109129066107,400.2645502645503,451.85185185185185,44.97354497354497,102.91005291005291,202.50521920668058,375.78288100208766,578.2881002087684,1855.6701030927836
4651,......4651 Gottlieben,347,129.6829971181556,674.3515850144091,195.96541786743515,34.5821325648415,46.10951008645533,48.99135446685879,51.87319884726225,74.9279538904899,210.37463976945244,337.17579250720456,100.86455331412104,83.57348703170028,11.527377521613833,484.149855907781,515.850144092219,938.5474860335196,466.8587896253602,380.4034582132565,54.75504322766571,97.98270893371757,192.30769230769232,290.59829059829065,482.9059829059829,1511.111111111111
4656,......4656 Güttingen,1799,150.0833796553641,642.023346303502,207.89327404113396,56.69816564758199,40.02223457476376,53.36297943301834,60.033351862145636,90.05002779321845,181.21178432462477,310.72818232351307,117.8432462479155,68.9271817676487,21.12284602556976,514.1745414118955,485.8254585881045,1058.3524027459955,418.56586992773765,448.0266814897165,41.68982768204558,91.71762090050026,233.76623376623377,323.80952380952385,557.5757575757576,1385.185185185185
4666,......4666 Kemmental,2837,177.65244977088474,659.1469862530843,163.20056397603102,55.69263306309482,67.32463870285513,54.63517800493479,50.052872752908,89.8836799436024,221.71307719421924,297.4973563623546,91.64610504053577,55.34014804370814,16.214310891787097,510.04582305252023,489.9541769474797,1041.0071942446043,438.1388790976383,446.59851956291857,34.543531899894255,80.71906943954882,269.5187165775401,247.59358288770053,517.1122994652407,918.6507936507936
4671,......4671 Kreuzlingen,23407,133.6352373221686,670.7822446276755,195.58251805015595,43.36309650959115,47.29354466612551,42.97859614645191,44.858375699577046,114.7519972657752,234.6733883026445,276.49848335967874,94.75797838253513,73.18323578416714,27.641303883453666,507.19870124321784,492.80129875678216,1029.2154312960556,461.2295467167941,394.96731746913315,46.82359977784424,96.8513692485154,199.2229794280619,291.5737851092287,490.7967645372906,1463.5549872122763
4681,......4681 Langrickenbach,1503,180.97139055222888,659.3479707252162,159.6806387225549,61.87624750499002,63.87225548902195,55.222887558216904,51.23087159015303,98.46972721224219,211.57684630738524,298.07052561543577,107.78443113772455,41.91616766467065,9.980039920159681,500.33266799733866,499.66733200266134,1001.3315579227698,451.76314038589487,443.77910844976714,27.27877578176979,77.1789753825682,274.47023208879915,242.17961654894046,516.6498486377396,882.3529411764706
4683,......4683 Lengwil,1796,168.15144766146994,663.1403118040089,168.70824053452117,54.56570155902005,56.792873051224944,56.792873051224944,57.906458797327396,91.31403118040089,204.34298440979956,309.57683741648106,103.56347438752785,50.11135857461024,15.033407572383073,490.53452115812917,509.4654788418709,962.8415300546447,420.93541202672606,467.70601336302894,33.96436525612472,77.39420935412026,253.56842989084805,254.40806045340054,507.97649034424853,1003.3112582781456
4691,......4691 Münsterlingen,3723,147.99892559763632,651.3564329841525,200.6446414182111,43.7818963201719,51.03411227504701,53.182917002417405,42.1702927746441,102.87402632285792,201.45044319097502,304.86167069567557,113.61804995970991,67.68734891216761,19.339242546333605,497.98549556809024,502.01450443190976,991.9743178170144,423.8517324738114,439.4305667472468,35.1866774106903,101.2624227773301,227.21649484536084,308.0412371134021,535.2577319587629,1355.7168784029038
4696,......4696 Tägerwilen,5453,158.26150742710433,670.0898587933248,171.64863377957087,48.04694663487989,54.648817164863374,55.56574362736109,51.71465248487071,95.17696680726206,214.37740693196406,308.82083256922795,93.70988446726572,52.26480836236934,25.673940949935815,505.593251421236,494.406748578764,1022.6261127596439,441.4083990463965,439.94131670640013,37.77737025490556,80.87291399229782,236.17952928297757,256.1576354679803,492.33716475095787,1084.5886442641947
4701,......4701 Wäldi,1171,179.33390264731,637.062339880444,183.60375747224595,56.36208368915457,60.63193851409052,62.3398804440649,40.13663535439795,85.39709649871904,192.99743808710505,318.531169940222,115.28608027327071,55.508112724167376,12.809564474807857,516.6524338172502,483.34756618274974,1068.904593639576,436.3791631084543,454.3125533731853,34.158838599487616,75.14944491887275,281.50134048257377,288.20375335120644,569.7050938337802,1023.8095238095237
4846,......4846 Raperswilen,421,137.76722090261282,638.9548693586698,223.27790973871734,57.00712589073635,52.25653206650831,28.503562945368174,42.75534441805225,90.26128266033254,211.4014251781473,294.5368171021378,137.76722090261282,57.00712589073635,28.503562945368174,501.187648456057,498.812351543943,1004.7619047619047,420.42755344418055,418.0522565320665,54.63182897862233,106.88836104513064,215.61338289962825,349.4423791821562,565.0557620817845,1620.6896551724137
4851,......4851 Salenstein,1454,119.66987620357635,627.9229711141678,252.40715268225583,41.26547455295736,39.2022008253095,39.2022008253095,48.143053645116915,57.7716643741403,164.37414030261348,357.6341127922971,152.68225584594222,77.71664374140302,22.008253094910593,493.1224209078404,506.8775790921596,972.8629579375848,379.6423658872077,458.73452544704264,44.70426409903714,116.91884456671252,190.58050383351588,401.9715224534502,592.552026286966,2109.1954022988502
4551,......4551 Aadorf,9800,164.79591836734696,624.6938775510205,210.51020408163265,52.244897959183675,58.87755102040816,53.6734693877551,44.897959183673464,104.48979591836735,208.46938775510205,266.83673469387753,113.87755102040816,71.02040816326532,25.612244897959183,502.3469387755102,497.6530612244898,1009.4320278859954,420.7142857142857,450.9183673469388,46.326530612244895,82.04081632653062,263.8026788631166,336.98137863443316,600.7840574975498,1277.3993808049536
4716,......4716 Bettwiesen,1342,162.4441132637854,682.5633383010432,154.9925484351714,58.867362146050674,49.925484351713855,53.65126676602087,39.49329359165424,144.56035767511176,232.48882265275708,266.02086438152014,105.81222056631893,34.277198211624444,14.903129657228018,520.8643815201193,479.1356184798808,1087.091757387247,461.99701937406854,443.36810730253353,26.08047690014903,68.55439642324889,237.99126637554585,227.07423580786028,465.06550218340607,954.1284403669725
4721,......4721 Bichelsee-Balterswil,3030,162.04620462046205,650.4950495049505,187.45874587458746,51.15511551155116,54.45544554455446,56.43564356435644,57.755775577557756,97.35973597359735,206.6006600660066,288.7788778877888,104.2904290429043,68.31683168316832,14.85148514851485,519.4719471947194,480.52805280528054,1081.043956043956,423.4323432343234,441.5841584158416,44.224422442244226,90.75907590759076,249.11212582445458,288.1785895484525,537.2907153729071,1156.8228105906312
4723,......4723 Braunau,904,154.86725663716814,699.1150442477876,146.01769911504425,59.73451327433629,53.097345132743364,42.0353982300885,50.88495575221239,125.0,247.78761061946904,275.4424778761062,77.43362831858407,59.73451327433629,8.849557522123893,505.5309734513275,494.46902654867256,1022.3713646532437,443.5840707964602,455.75221238938053,30.97345132743363,69.69026548672566,221.51898734177215,208.86075949367088,430.37974683544303,942.8571428571429
4724,......4724 Eschlikon,4916,162.5305126118796,641.7819365337673,195.68755085435313,56.75345809601302,56.14320585842148,49.63384865744508,45.158665581773796,117.57526444263628,214.40195280716028,264.6460537021969,106.3873067534581,62.652563059397885,26.64768104149715,506.30593978844587,493.6940602115541,1025.5459414915533,435.1098454027665,437.75427176566313,47.80309194467046,79.33279088689991,253.24881141045958,304.9128367670365,558.161648177496,1204.0050062578223
4726,......4726 Fischingen,3028,184.61030383091148,623.8441215323646,191.54557463672393,56.47291941875825,72.32496697490093,55.812417437252314,44.253632760898284,90.81902245706738,210.7001321003963,278.07133421400266,108.3223249669749,64.72919418758256,18.49405548216645,514.2007926023779,485.7992073976222,1058.4636301835485,427.3447820343461,469.9471598414795,33.3553500660502,69.35270805812416,295.92376919004766,307.0407623080995,602.9645314981473,1037.5670840787118
4741,......4741 Lommis,1331,173.55371900826447,646.1307287753568,180.31555221637865,60.10518407212622,56.34861006761834,57.09992486851991,43.57625845229151,91.66040570999249,208.86551465063863,302.0285499624343,114.9511645379414,48.83546205860256,16.528925619834713,513.1480090157776,486.85199098422237,1054.0123456790122,424.49286250939144,459.8046581517656,39.81968444778362,75.88279489105935,268.6046511627907,279.06976744186045,547.6744186046511,1038.9610389610389
4746,......4746 Münchwilen (TG),5976,168.34002677376174,644.4109772423026,187.24899598393574,46.3520749665328,65.09370816599733,56.89424364123159,53.212851405622494,101.23828647925033,211.1780455153949,278.78179384203486,97.38955823293173,63.75502008032129,26.10441767068273,495.9839357429719,504.0160642570282,984.0637450199204,419.1767068273092,442.7710843373494,47.02141900937082,90.86345381526105,261.2308491300961,290.573876915087,551.8047260451831,1112.3260437375745
4751,......4751 Rickenbach (TG),3061,161.71185886965046,666.7755635413264,171.51257758902318,54.88402482848742,58.15093106827834,48.676902972884676,43.7765436131983,138.84351519111402,229.9901992812806,254.1653054557334,94.08689970597844,57.82424044429925,19.601437438745506,507.0238484155505,492.9761515844495,1028.495692511597,433.19176739627574,442.3391048676903,36.58934988565828,87.87977785037569,242.5281724644782,257.2268495835375,499.7550220480157,1060.6060606060605
4761,......4761 Sirnach,8200,144.6341463414634,665.9756097560976,189.39024390243904,50.487804878048784,45.853658536585364,48.29268292682927,53.78048780487805,116.95121951219512,217.4390243902439,277.8048780487805,108.78048780487805,62.19512195121951,18.414634146341463,509.1463414634146,490.8536585365854,1037.2670807453417,428.4146341463414,438.7804878048781,45.0,87.80487804878048,217.17634132942683,284.3801501556492,501.556491485076,1309.4435075885328
4776,......4776 Tobel-Tägerschen,1730,159.53757225433526,669.3641618497111,171.09826589595374,51.445086705202314,57.80346820809248,50.28901734104046,53.75722543352601,126.58959537572254,221.96531791907515,267.05202312138726,90.7514450867052,53.17919075144509,27.167630057803468,504.6242774566474,495.3757225433526,1018.6697782963827,452.02312138728325,402.8901734104046,39.884393063583815,104.6242774566474,238.3419689119171,255.6131260794473,493.95509499136443,1072.4637681159422
4781,......4781 Wängi,5065,171.7670286278381,644.817374136229,183.41559723593286,56.66337611056269,56.66337611056269,58.440276406712734,51.72754195459032,101.0858835143139,209.27936821322805,282.7245804540968,99.70384995064165,60.01974333662389,23.692003948667324,504.4422507403751,495.55774925962487,1017.9282868525896,423.6920039486674,454.294175715696,41.46100691016782,80.55281342546891,266.3808940600122,284.4458052663809,550.8266993263932,1067.816091954023
4786,......4786 Wilen (TG),2506,166.00159616919393,648.0446927374302,185.9537110933759,43.09656823623304,57.861133280127696,65.04389465283319,67.43814844373505,98.5634477254589,186.35275339185952,295.6903431763767,107.7414205905826,57.06304868316042,21.14924181963288,495.2114924181963,504.78850758180374,981.0276679841897,426.5762170790104,464.4852354349561,42.29848363926576,66.64006384676776,256.1576354679803,286.9458128078818,543.1034482758621,1120.1923076923076
4471,......4471 Bischofszell,6417,156.6152407667134,655.4464703132304,187.9382889200561,50.95839177185601,50.95839177185601,54.6984572230014,46.75081813931744,129.18809412498052,209.9111734455353,269.59638460339727,94.12498052049244,63.113604488078536,30.69970391148512,506.6230325697366,493.3769674302634,1026.8477574226154,437.27598566308245,411.7188717469222,57.50350631136045,93.50163627863488,238.944365192582,286.7332382310984,525.6776034236805,1200.0
4476,......4476 Erlen,3980,178.643216080402,668.5929648241206,152.7638190954774,51.256281407035175,64.32160804020101,63.06532663316583,58.54271356783919,111.05527638190955,224.12060301507537,274.87437185929645,89.44723618090453,48.49246231155779,14.824120603015075,514.5728643216081,485.42713567839195,1060.0414078674949,449.2462311557789,442.964824120603,29.14572864321608,78.64321608040201,267.19278466741827,228.48553175497932,495.6783164223976,855.1336146272855
4486,......4486 Hauptwil-Gottshaus,2104,174.4296577946768,650.1901140684411,175.38022813688212,60.836501901140686,59.4106463878327,54.18250950570342,54.18250950570342,96.95817490494296,222.4334600760456,276.615969581749,104.08745247148289,49.90494296577947,21.38783269961977,515.6844106463878,484.3155893536122,1064.7693817468107,456.74904942965776,436.787072243346,34.69581749049429,71.7680608365019,268.2748538011696,269.7368421052632,538.0116959064327,1005.449591280654
4495,......4495 Hohentannen,655,174.04580152671755,680.9160305343511,145.03816793893128,79.38931297709924,59.541984732824424,35.11450381679389,47.32824427480916,93.12977099236642,216.793893129771,323.6641221374046,93.12977099236642,35.11450381679389,16.793893129770993,506.87022900763355,493.12977099236645,1027.8637770897833,416.793893129771,473.2824427480916,38.16793893129771,71.7557251908397,255.6053811659193,213.00448430493273,468.609865470852,833.3333333333334
4501,......4501 Kradolf-Schönenberg,3932,166.83621566632755,652.0854526958291,181.07833163784335,51.88199389623601,59.25737538148525,55.69684638860631,42.726347914547304,112.41098677517802,227.8738555442523,269.07426246185145,109.35910478128179,51.11902339776196,20.600203458799594,518.5656154628688,481.4343845371312,1077.1262546222927,440.74262461851475,419.63377416073246,42.98067141403865,96.38860630722279,255.85023400936035,277.69110764430576,533.5413416536662,1085.3658536585367
4506,......4506 Sulgen,4152,157.03275529865124,648.121387283237,194.84585741811176,52.263969171483616,54.190751445086704,50.578034682080926,46.48362235067437,119.70134874759151,211.46435452793835,270.4720616570327,104.28709055876686,64.0655105973025,26.493256262042387,500.0,500.0,1000.0,422.9287090558767,445.3275529865125,50.33718689788054,81.16570327552986,242.28911185432924,300.6317354143441,542.9208472686734,1240.79754601227
4511,......4511 Zihlschlacht-Sitterdorf,2624,174.16158536585365,664.2530487804878,161.58536585365854,56.021341463414636,58.3079268292683,59.83231707317073,48.78048780487805,112.42378048780488,226.3719512195122,276.6768292682927,91.08231707317073,54.4969512195122,16.00609756097561,524.0091463414634,475.9908536585366,1100.8807045636509,464.5579268292683,423.3993902439024,28.58231707317073,83.46036585365854,262.1916236374068,243.25874928284566,505.4503729202524,927.7899343544858
4711,......4711 Affeltrangen,2880,178.125,656.25,165.625,52.083333333333336,62.15277777777778,63.888888888888886,54.16666666666667,105.55555555555556,221.18055555555554,275.34722222222223,101.04166666666667,45.83333333333333,18.75,521.1805555555555,478.81944444444446,1088.469905728789,447.9166666666667,436.80555555555554,35.763888888888886,79.51388888888889,271.4285714285714,252.38095238095238,523.8095238095239,929.8245614035088
4756,......4756 Schönholzerswilen,867,188.00461361014993,670.1268742791234,141.86851211072664,40.36908881199538,78.43137254901961,69.20415224913495,64.59054209919262,122.26066897347174,198.38523644752019,284.8904267589389,78.43137254901961,47.28950403690888,16.147635524798154,524.7981545559401,475.20184544406,1104.368932038835,464.82122260668973,440.5997693194925,36.90888119953864,56.516724336793544,280.55077452667814,211.7039586919105,492.2547332185886,754.601226993865
4791,......4791 Wuppenau,1213,200.32976092333058,620.7749381698269,178.89530090684255,55.23495465787305,70.07419620774938,75.02061005770815,57.70816158285243,75.02061005770815,190.436933223413,297.60923330585325,103.05028854080791,61.00577081615829,14.83924154987634,511.95383347073374,488.0461665292663,1048.9864864864865,448.4748557295961,436.93322341302553,38.746908491343774,75.84501236603462,322.70916334661354,288.18061088977424,610.8897742363878,893.0041152263375
4881,......4881 Amlikon-Bissegg,1414,157.00141442715702,635.077793493635,207.9207920792079,56.57708628005658,53.74823196605375,46.67609618104668,50.91937765205092,89.10891089108911,206.5063649222065,288.5431400282886,124.46958981612447,58.6987270155587,24.752475247524753,516.973125884017,483.02687411598305,1070.2781844802344,392.5035360678925,478.07637906647807,34.65346534653466,94.76661951909476,247.21603563474386,327.3942093541203,574.6102449888641,1324.3243243243244
4891,......4891 Berg (TG),3590,170.1949860724234,639.5543175487464,190.25069637883007,47.910863509749305,61.28133704735376,61.00278551532033,52.646239554317546,102.22841225626742,202.50696378830082,282.1727019498607,105.84958217270194,61.83844011142061,22.56267409470752,509.4707520891365,490.5292479108635,1038.6144236229416,438.44011142061277,437.3259052924791,40.94707520891365,83.28690807799443,266.11498257839725,297.47386759581883,563.588850174216,1117.8396072013093
4901,......4901 Birwinken,1428,164.56582633053222,651.2605042016806,184.17366946778714,60.924369747899156,54.621848739495796,49.01960784313725,56.72268907563025,98.73949579831933,196.77871148459383,299.01960784313724,112.04481792717087,52.52100840336134,19.607843137254903,506.30252100840335,493.69747899159665,1025.531914893617,438.375350140056,443.97759103641454,44.817927170868344,72.82913165266108,252.68817204301075,282.79569892473114,535.483870967742,1119.1489361702127
4911,......4911 Bürglen (TG),4173,142.58327342439492,676.2520968128445,181.1646297627606,53.19913731128685,44.572250179726815,44.81188593338126,42.17589264318236,135.87347232207046,241.5528396836808,256.64989216391086,107.35681763719147,55.59549484783129,18.21231727773784,516.1754133716751,483.82458662832494,1066.8647845468054,439.0127006949437,436.8559789120537,33.54900551162233,90.1030433740714,210.84337349397592,267.89510985116937,478.7384833451453,1270.5882352941176
4921,......4921 Bussnang,2615,179.34990439770553,660.8030592734225,159.8470363288719,62.715105162523905,61.5678776290631,55.06692160611855,46.653919694072655,108.22179732313575,230.21032504780115,275.71701720841304,89.48374760994264,48.94837476099426,21.41491395793499,525.4302103250478,474.56978967495223,1107.1716357775988,455.83173996175907,436.7112810707457,42.06500956022945,65.39196940726578,271.412037037037,241.89814814814815,513.3101851851852,891.2579957356077
4941,......4941 Märstetten,3008,155.58510638297872,675.8643617021277,168.5505319148936,50.86436170212766,51.861702127659576,52.859042553191486,50.86436170212766,113.03191489361703,201.79521276595744,310.1728723404255,101.39627659574468,54.85372340425532,12.300531914893618,507.31382978723406,492.68617021276594,1029.689608636977,442.81914893617017,431.18351063829783,33.244680851063826,92.0877659574468,230.20167240531234,249.38514510575504,479.5868175110674,1083.3333333333333
4946,......4946 Weinfelden,12504,150.67178502879077,648.5124760076776,200.81573896353166,52.30326295585413,50.223928342930265,48.14459373000639,47.504798464491365,124.60012795905311,230.80614203454894,245.6014075495841,99.40818937939859,71.0172744721689,30.390275111964172,508.23736404350603,491.76263595649397,1033.5013823385916,458.893154190659,412.42802303262954,50.383877159309016,78.29494561740242,232.33444321124676,309.6559378468369,541.9903810580836,1332.8025477707006
4951,......4951 Wigoltingen,2640,170.45454545454544,645.4545454545455,184.0909090909091,48.86363636363637,62.5,59.090909090909086,54.16666666666667,89.01515151515152,203.78787878787878,298.48484848484844,116.28787878787878,50.75757575757576,17.045454545454543,512.1212121212121,487.8787878787879,1049.6894409937888,422.72727272727275,451.51515151515156,35.22727272727273,90.53030303030303,264.0845070422535,285.2112676056338,549.2957746478874,1080.0
5001,......5001 Arbedo-Castione,5160,142.82945736434107,650.5813953488372,206.5891472868217,41.860465116279066,44.37984496124031,56.58914728682171,48.44961240310078,112.20930232558139,200.5813953488372,289.34108527131787,106.20155038759691,68.6046511627907,31.782945736434108,499.6124031007752,500.38759689922483,998.4508133230055,452.90697674418607,411.8217054263566,53.29457364341085,81.97674418604652,219.54125707476916,317.5454274649985,537.0866845397676,1446.40434192673
5002,......5002 Bellinzona,45305,137.22547180222932,646.7498068645845,216.02472133318616,41.07714380311224,46.90431519699812,49.244012802118974,52.88599492329765,110.27480410550712,195.45304050325572,288.135967332524,100.8939410661075,78.53437810396204,36.59640216311665,486.0832137733142,513.9167862266858,945.8403126744836,455.6009270499945,395.78412978699924,56.59419490122503,91.95453040503256,212.1770588034538,334.01590389406505,546.1929626975189,1574.2319446678464
5003,......5003 Cadenazzo,3132,159.32311621966792,690.2937420178799,150.3831417624521,51.404853128991064,53.00127713920817,54.91698595146871,49.808429118773944,134.7381864623244,222.86079182630908,282.88633461047255,83.0140485312899,49.489144316730524,17.879948914431672,521.7113665389528,478.28863346104725,1090.7877169559413,468.07151979565776,421.7752234993614,32.56704980842912,77.58620689655173,230.80481036077705,217.85383903792786,448.65864939870494,943.8877755511022
5009,......5009 Isone,404,126.23762376237624,594.059405940594,279.7029702970297,44.554455445544555,49.504950495049506,32.17821782178218,47.02970297029703,81.68316831683168,175.74257425742573,289.6039603960396,131.1881188118812,103.96039603960395,44.554455445544555,495.049504950495,504.950495049505,980.3921568627451,460.3960396039604,418.3168316831683,66.83168316831683,54.45544554455446,212.5,470.8333333333333,683.3333333333334,2215.686274509804
5010,......5010 Lumino,1684,135.98574821852733,676.3657957244656,187.6484560570071,41.56769596199525,40.38004750593824,54.03800475059382,57.00712589073635,99.7624703087886,218.52731591448932,301.06888361045134,86.10451306413302,70.07125890736341,31.47268408551069,491.09263657957246,508.90736342042754,964.9941656942824,457.83847980997626,407.3634204275535,48.69358669833729,85.5106888361045,201.05355575065846,277.4363476733977,478.4899034240562,1379.9126637554587
5017,......5017 Sant'Antonino,2671,138.8992886559341,667.165855484837,193.93485585922875,41.55746911269188,50.91725945338824,46.42456008985399,46.42456008985399,109.3223511793336,214.1520029951329,297.2669412205167,91.72594533882442,78.6222388618495,23.58667165855485,503.1823287158368,496.8176712841632,1012.810851544838,449.26993635342563,418.5698240359416,49.419692998876826,82.74054661175589,208.19304152637486,290.68462401795733,498.8776655443322,1396.2264150943395
5048,......5048 Acquarossa,1796,110.80178173719376,603.0066815144766,286.19153674832967,34.521158129175944,37.30512249443208,38.97550111358575,40.0890868596882,85.18930957683742,155.34521158129175,322.3830734966592,138.08463251670378,99.66592427616928,48.44097995545657,505.01113585746106,494.98886414253894,1020.2474690663668,423.16258351893094,412.58351893095767,67.92873051224944,96.32516703786192,183.7488457987073,474.60757156048015,658.3564173591875,2582.9145728643216
5049,......5049 Blenio,1747,124.7853463079565,569.547796222095,305.66685746994847,43.50314825414997,44.07555809959931,37.20663995420721,38.3514596451059,89.86834573554665,148.25414997137952,293.07384087006295,145.39210074413282,102.46136233543217,57.813394390383515,503.1482541499713,496.85174585002864,1012.6728110599079,424.15569547796224,394.3903835145964,82.99942759015455,98.45449341728678,219.09547738693468,536.6834170854271,755.7788944723618,2449.54128440367
5050,......5050 Serravalle,2070,122.70531400966183,619.3236714975845,257.9710144927536,32.367149758454104,42.512077294685994,47.82608695652174,52.65700483091788,103.86473429951691,171.49758454106282,291.30434782608694,98.06763285024155,101.44927536231884,58.45410628019324,509.6618357487923,490.33816425120773,1039.4088669950738,440.0966183574879,403.3816425120773,63.28502415458938,93.23671497584542,198.1279251170047,416.53666146645867,614.6645865834633,2102.3622047244094
5061,......5061 Airolo,1452,99.86225895316804,615.0137741046832,285.12396694214874,22.03856749311295,36.50137741046832,41.32231404958678,42.69972451790634,97.10743801652892,176.99724517906338,298.2093663911846,128.78787878787878,106.06060606060606,50.27548209366391,522.038567493113,477.96143250688704,1092.2190201729106,421.4876033057851,403.58126721763085,81.26721763085399,93.66391184573003,162.37402015677492,463.60582306830906,625.979843225084,2855.1724137931033
5063,......5063 Bedretto,108,18.51851851851852,694.4444444444445,287.037037037037,18.51851851851852,0.0,0.0,18.51851851851852,18.51851851851852,185.18518518518516,472.22222222222223,148.14814814814815,101.85185185185185,37.03703703703704,555.5555555555555,444.4444444444444,1250.0,333.3333333333333,481.48148148148147,64.81481481481481,120.37037037037037,26.666666666666668,413.3333333333333,440.0,15500.0
5064,......5064 Bodio,961,127.9916753381894,634.7554630593132,237.2528616024974,31.21748178980229,38.50156087408949,58.27263267429761,44.745057232049945,95.73361082206034,189.38605619146722,304.8907388137357,125.9105098855359,85.32778355879292,26.014568158168572,522.372528616025,477.62747138397503,1093.681917211329,386.05619146722165,424.55775234131113,73.88137356919876,115.50468262226848,201.63934426229508,373.77049180327873,575.4098360655737,1853.658536585366
5071,......5071 Dalpe,185,108.10810810810811,529.7297297297298,362.1621621621622,43.24324324324324,27.027027027027028,37.83783783783784,32.432432432432435,48.64864864864865,156.75675675675677,291.89189189189193,232.43243243243245,108.10810810810811,21.62162162162162,459.4594594594595,540.5405405405405,850.0,421.62162162162167,372.97297297297297,59.45945945945946,145.94594594594597,204.08163265306123,683.6734693877551,887.7551020408163,3350.0
5072,......5072 Faido,2705,107.9482439926063,588.9094269870609,303.14232902033274,28.835489833641404,36.22920517560074,42.88354898336414,40.66543438077634,72.45841035120148,159.70425138632163,316.08133086876154,151.20147874306838,108.31792975970426,43.622920517560075,495.7486136783734,504.25138632162657,983.1378299120234,393.7153419593346,439.55637707948244,73.93715341959336,92.79112754158965,183.3019460138104,514.752040175769,698.0539861895794,2808.219178082192
5073,......5073 Giornico,801,111.1111111111111,596.7540574282148,292.13483146067415,19.975031210986266,38.70162297128589,52.434456928838955,53.682896379525594,77.40324594257179,144.81897627965043,320.8489388264669,136.07990012484393,98.6267166042447,57.42821473158552,519.350811485643,480.64918851435704,1080.5194805194803,379.52559300873907,456.92883895131087,78.65168539325842,84.89388264669164,186.19246861924685,489.5397489539749,675.7322175732218,2629.2134831460676
5076,......5076 Personico,317,123.02839116719242,593.0599369085173,283.9116719242902,22.082018927444796,56.782334384858046,44.16403785488959,50.473186119873816,113.56466876971609,151.41955835962145,277.602523659306,138.801261829653,107.25552050473186,37.85488958990536,498.4227129337539,501.5772870662461,993.7106918238994,435.3312302839117,416.403785488959,82.01892744479495,66.24605678233439,207.4468085106383,478.72340425531917,686.1702127659574,2307.6923076923076
5077,......5077 Pollegio,920,139.1304347826087,691.304347826087,169.56521739130434,69.56521739130434,40.21739130434782,29.347826086956523,42.391304347826086,151.08695652173913,203.26086956521738,294.5652173913044,79.34782608695652,63.04347826086956,27.17391304347826,520.6521739130435,479.3478260869565,1086.1678004535147,461.95652173913044,400.0,50.0,88.04347826086958,201.25786163522014,245.28301886792454,446.54088050314465,1218.75
5078,......5078 Prato (Leventina),376,106.38297872340425,593.0851063829788,300.531914893617,23.93617021276596,39.8936170212766,42.5531914893617,53.191489361702125,90.42553191489363,164.89361702127658,284.5744680851064,132.9787234042553,103.72340425531915,63.82978723404255,539.8936170212766,460.1063829787234,1173.4104046242776,401.59574468085106,444.1489361702128,79.7872340425532,74.46808510638297,179.37219730941703,506.72645739910314,686.0986547085201,2825.0
5079,......5079 Quinto,926,104.75161987041037,592.8725701943845,302.3758099352052,29.157667386609074,29.157667386609074,46.436285097192226,47.51619870410367,89.63282937365011,156.58747300215984,299.13606911447084,136.06911447084232,104.75161987041037,61.55507559395249,509.71922246220305,490.28077753779695,1039.647577092511,401.7278617710583,427.64578833693304,77.7537796976242,92.87257019438445,176.6848816029144,510.0182149362478,686.7030965391621,2886.59793814433
5091,......5091 Ascona,5322,90.37955655768508,564.6373543780534,344.98308906426155,27.809094325441563,31.00338218714769,31.567080045095828,39.270950770387074,86.43367155204811,146.18564449455093,292.74708756106725,140.3607666290868,144.11875234874108,60.50357008643367,467.6813228109733,532.3186771890267,878.5739498764561,385.5693348365276,395.5279969936114,86.62157083803082,132.28109733183013,160.0665557404326,610.981697171381,771.0482529118136,3817.0478170478173
5096,......5096 Brione sopra Minusio,436,64.22018348623854,536.697247706422,399.08256880733944,20.642201834862387,22.93577981651376,20.642201834862387,25.22935779816514,61.92660550458716,126.14678899082568,323.39449541284404,172.0183486238532,165.1376146788991,61.92660550458716,490.8256880733945,509.17431192660547,963.963963963964,346.33027522935777,456.42201834862385,82.56880733944955,114.67889908256882,119.65811965811966,743.5897435897436,863.2478632478633,6214.285714285715
5097,......5097 Brissago,1619,74.73749227918468,534.2804200123534,390.982087708462,21.618282890673257,21.618282890673257,31.500926497838172,33.971587399629406,55.589870290302656,114.26806670784435,330.4508956145769,174.79925880172948,153.79864113650402,62.384187770228536,486.7201976528722,513.2798023471279,948.2551143200963,321.8035824583076,470.04323656578134,87.70846201358863,120.44471896232243,139.88439306358381,731.7919075144509,871.6763005780347,5231.404958677686
5108,......5108 Gordola,4831,126.0608569654316,632.3742496377562,241.56489339681227,42.227282136203684,42.4342786172635,41.3992962119644,49.472158973297454,101.84226868143242,173.04905816601118,308.01076381701506,111.15711032912441,93.56240943903954,36.84537362864832,496.3775615814531,503.62243841854695,985.6144677353062,429.10370523701096,419.1678741461395,56.096046367211756,95.63237424963776,199.34533551554827,381.9967266775777,581.342062193126,1916.256157635468
5112,......5112 Lavertezzo,1253,145.2513966480447,670.3910614525139,184.35754189944134,35.91380686352753,47.08699122106943,62.250598563447724,90.98164405426975,95.77015163607342,169.99201915403034,313.64724660814045,87.78930566640064,59.85634477254589,36.71189146049481,533.9185953711093,466.08140462889065,1145.5479452054794,465.2833200319234,392.657621707901,42.29848363926576,99.76057462090981,216.66666666666669,275.0,491.66666666666663,1269.230769230769
5113,......5113 Locarno,16374,112.80078172712837,630.2674972517406,256.93172102113107,30.108708928789543,39.02528398680836,43.66678881153047,45.682179064370345,111.27397092952242,182.42335409796019,290.8879931598876,117.32014168804201,93.9294002687187,45.682179064370345,473.7999267130817,526.2000732869183,900.41782729805,444.72944912666424,377.4887016000977,63.759618908024926,114.02223036521313,178.97286821705427,407.65503875968994,586.6279069767442,2277.747698971305
5115,......5115 Losone,6727,126.05916456072543,623.4577077449086,250.48312769436598,34.78519399435112,44.44774788167088,46.82622268470343,51.137208265199945,100.34190575293593,171.6961498439126,300.28244388286015,113.27486249442545,95.88226549724989,41.32599970269065,482.08711163966103,517.9128883603389,930.8266360505166,428.8687379218076,412.8140330013379,55.596848520885985,102.72038055596848,202.19360991893183,401.7644253695756,603.9580352885074,1987.0283018867924
5117,......5117 Mergoscia,201,119.40298507462687,552.2388059701493,328.35820895522386,49.75124378109453,34.82587064676617,34.82587064676617,39.80099502487562,84.5771144278607,134.32835820895522,293.5323383084577,144.27860696517413,149.25373134328356,34.82587064676617,492.5373134328358,507.4626865671642,970.5882352941177,417.910447761194,393.0348258706467,64.67661691542288,124.37810945273633,216.21621621621622,594.5945945945946,810.8108108108108,2750.0
5118,......5118 Minusio,7321,109.82106269635295,586.6684879114875,303.51044939215956,31.826253244092335,35.24108728315804,42.75372216910258,43.57328233847835,86.73678459226882,156.12621226608385,300.23220871465645,139.7350088785685,116.10435732823385,47.67108318535719,464.554022674498,535.445977325502,867.6020408163265,406.2286572872558,402.9504166097528,67.203933888813,123.6169922141784,187.19441210710127,517.3457508731083,704.5401629802095,2763.6815920398008
5120,......5120 Muralto,2572,75.81648522550543,568.8180404354588,355.36547433903576,24.10575427682737,25.660964230171075,26.049766718506998,29.548989113530325,100.69984447900467,155.52099533437013,283.04821150855366,145.800933125972,135.69206842923796,73.87247278382581,461.8973561430793,538.1026438569206,858.3815028901735,394.63452566096424,374.02799377916017,84.75894245723173,146.57853810264385,133.28776486671222,624.7436773752563,758.0314422419686,4687.179487179487
5121,......5121 Orselina,687,50.946142649199416,513.8282387190685,435.2256186317322,10.189228529839884,29.112081513828237,11.644832605531295,20.378457059679768,77.14701601164484,109.1703056768559,307.1324599708879,195.0509461426492,170.3056768558952,69.86899563318777,489.08296943231437,510.9170305676856,957.2649572649573,330.42212518195055,459.9708879184862,71.32459970887918,138.28238719068415,99.1501416430595,847.0254957507082,946.1756373937677,8542.857142857143
5125,......5125 Ronco sopra Ascona,522,44.06130268199234,526.8199233716475,429.1187739463602,13.409961685823756,9.578544061302681,21.072796934865902,22.988505747126435,51.724137931034484,97.70114942528737,354.4061302681992,212.64367816091954,151.34099616858236,65.13409961685824,530.6513409961686,469.3486590038314,1130.6122448979593,304.5977011494253,477.01149425287355,82.37547892720306,136.0153256704981,83.63636363636364,814.5454545454546,898.1818181818182,9739.13043478261
5131,......5131 Tenero-Contra,3393,139.9941055113469,625.6999705275567,234.30592396109637,43.029767167698196,47.745358090185675,49.21898025346301,49.21898025346301,124.37371058060712,176.53993516062482,275.56734453286174,104.33244916003537,88.12260536398468,41.850869437076334,479.2219274977896,520.7780725022104,920.2037351443124,447.6864132036546,392.2782198644267,58.355437665782496,101.67992926613616,223.73999057936882,374.47008949599626,598.210080075365,1673.6842105263158
5136,......5136 Onsernone,663,55.80693815987934,532.4283559577677,411.7647058823529,18.09954751131222,16.591251885369534,21.116138763197586,28.657616892911008,78.43137254901961,120.66365007541478,304.6757164404223,233.78582202111613,143.28808446455506,34.690799396681754,506.78733031674204,493.21266968325796,1027.5229357798166,417.7978883861237,395.17345399698337,84.46455505279035,102.56410256410255,104.8158640226629,773.371104815864,878.1869688385269,7378.378378378378
5138,......5138 Cugnasco-Gerra,2858,120.71378586424072,651.1546536039187,228.13156053184045,32.19034289713086,38.488453463960816,50.03498950314905,57.732680195941214,115.46536039188243,155.703289013296,322.25332400279916,118.61441567529742,80.1259622113366,29.391182645206438,496.15115465360395,503.84884534639605,984.7222222222223,425.1224632610217,433.51994401679497,47.23582925122463,94.12176347095871,185.38420204191294,350.34927458355725,535.7334766254702,1889.8550724637682
5396,......5396 Terre di Pedemonte,2685,130.3538175046555,605.9590316573557,263.68715083798884,35.381750465549345,45.06517690875233,49.90689013035382,48.41713221601489,102.79329608938548,151.21042830540037,303.53817504655495,127.00186219739292,101.30353817504655,35.381750465549345,471.1359404096834,528.8640595903165,890.8450704225353,430.54003724394784,425.3258845437616,58.10055865921788,86.03351955307264,215.119852489244,435.1567301782422,650.2765826674862,2022.8571428571427
5397,......5397 Centovalli,1070,86.91588785046729,571.9626168224299,341.12149532710276,18.69158878504673,25.233644859813086,42.99065420560748,33.64485981308411,70.09345794392523,147.66355140186914,320.5607476635514,171.02803738317758,140.18691588785046,29.906542056074766,507.47663551401865,492.52336448598135,1030.3605313092978,385.98130841121497,417.7570093457944,67.28971962616822,128.97196261682242,151.96078431372547,596.4052287581699,748.3660130718954,3924.731182795699
5398,......5398 Gambarogno,5024,122.61146496815287,611.4649681528662,265.92356687898086,32.44426751592356,43.988853503184714,46.17834394904458,45.97929936305732,83.9968152866242,160.03184713375796,321.4570063694268,136.3455414012739,93.15286624203821,36.42515923566879,498.80573248407643,501.19426751592357,995.2343129467831,399.4824840764331,437.10191082802544,61.504777070063696,101.91082802547771,200.52083333333334,434.8958333333333,635.4166666666666,2168.831168831169
5399,......5399 Verzasca,776,92.78350515463917,560.5670103092783,346.64948453608247,36.08247422680412,34.79381443298969,21.907216494845358,41.23711340206186,69.58762886597938,146.90721649484536,302.83505154639175,184.27835051546393,131.44329896907217,30.927835051546392,488.40206185567007,511.5979381443299,954.6599496221663,426.5463917525773,381.44329896907215,76.03092783505154,114.69072164948453,165.51724137931035,618.3908045977012,783.9080459770115,3736.1111111111113
5141,......5141 Agno,4554,124.94510320597277,648.8801054018445,226.1747913921827,38.42775581906017,43.47826086956522,43.039086517347386,46.55248133509003,114.84409310496267,181.379007465964,306.10452349582783,94.20289855072464,95.30083443126921,36.67105841018885,474.088713219148,525.9112867808519,901.4613778705636,438.95476504172154,401.8445322793149,59.50812472551603,99.69257795344753,192.5549915397631,348.56175972927247,541.1167512690356,1810.1933216168718
5143,......5143 Aranno,351,136.75213675213678,658.1196581196581,205.1282051282051,25.64102564102564,45.58404558404558,65.52706552706553,56.98005698005698,82.62108262108262,142.45014245014247,376.06837606837604,85.47008547008546,88.31908831908831,31.33903133903134,481.48148148148147,518.5185185185185,928.5714285714286,396.011396011396,498.5754985754986,37.03703703703704,68.37606837606839,207.79220779220782,311.68831168831167,519.4805194805194,1500.0
5144,......5144 Arogno,938,99.14712153518124,634.3283582089553,266.52452025586354,27.718550106609808,36.247334754797436,35.18123667377399,59.701492537313435,100.2132196162047,139.6588486140725,334.7547974413646,132.1961620469083,82.08955223880596,52.23880597014925,485.07462686567163,514.9253731343284,942.0289855072464,425.3731343283582,406.18336886993603,70.36247334754798,98.08102345415779,156.30252100840337,420.16806722689074,576.470588235294,2688.1720430107525
5146,......5146 Astano,313,92.6517571884984,571.8849840255591,335.4632587859425,15.974440894568689,38.33865814696485,38.33865814696485,51.118210862619804,73.48242811501598,99.04153354632588,348.2428115015975,194.88817891373802,89.45686900958466,51.118210862619804,472.8434504792332,527.1565495207667,896.969696969697,354.6325878594249,460.06389776357827,67.09265175718849,118.2108626198083,162.01117318435755,586.5921787709497,748.6033519553073,3620.6896551724135
5148,......5148 Bedano,1510,131.78807947019868,652.317880794702,215.8940397350993,30.4635761589404,44.37086092715232,56.95364238410596,61.58940397350993,99.33774834437085,153.64238410596028,337.74834437086093,100.66225165562915,80.79470198675497,34.437086092715234,484.10596026490066,515.8940397350993,938.382541720154,405.96026490066225,466.887417218543,49.668874172185426,77.48344370860927,202.0304568527919,330.96446700507613,532.9949238578681,1638.1909547738694
5149,......5149 Bedigliora,619,134.08723747980613,613.8933764135702,252.0193861066236,38.77221324717286,45.23424878836833,50.080775444264944,33.92568659127625,116.31663974151859,148.62681744749594,315.0242326332795,138.93376413570275,74.31340872374797,38.77221324717286,505.65428109854605,494.34571890145395,1022.875816993464,441.03392568659126,408.7237479806139,53.31179321486268,95.31502423263329,218.42105263157896,410.5263157894737,628.9473684210526,1879.5180722891566
5151,......5151 Bioggio,2801,114.95894323455909,676.54409139593,208.4969653695109,37.48661192431275,40.342734737593716,37.12959657265263,46.7690110674759,107.1046054980364,202.07068903962872,320.59978579078904,105.67654409139593,71.76008568368441,31.060335594430562,489.1110317743663,510.8889682256337,957.3724668064291,440.5569439485898,417.707961442342,51.05319528739736,90.68189932167083,169.92084432717678,308.17941952506595,478.10026385224273,1813.664596273292
5154,......5154 Bissone,930,80.64516129032258,670.9677419354839,248.38709677419354,15.053763440860216,30.107526881720432,35.483870967741936,38.70967741935484,91.3978494623656,154.83870967741936,386.0215053763441,117.20430107526882,100.0,31.18279569892473,507.52688172043014,492.4731182795699,1030.5676855895197,384.9462365591398,443.01075268817203,45.16129032258064,126.88172043010753,120.1923076923077,370.19230769230774,490.38461538461536,3080.0
5160,......5160 Brusino Arsizio,474,132.91139240506328,552.7426160337553,314.34599156118145,40.084388185654014,54.85232067510549,37.9746835443038,40.084388185654014,59.07172995780591,126.58227848101266,327.0042194092827,158.22784810126583,101.26582278481013,54.85232067510549,521.0970464135021,478.90295358649786,1088.1057268722468,377.63713080168776,457.8059071729958,67.51054852320675,97.0464135021097,240.4580152671756,568.7022900763359,809.1603053435115,2365.0793650793653
5161,......5161 Cademario,790,134.1772151898734,646.8354430379746,218.9873417721519,29.11392405063291,46.835443037974684,58.22784810126582,63.29113924050633,89.87341772151898,162.0253164556962,331.6455696202531,97.46835443037975,89.87341772151898,31.645569620253166,487.34177215189874,512.6582278481012,950.6172839506173,465.82278481012656,400.0,41.77215189873418,92.40506329113924,207.43639921722112,338.5518590998043,545.9882583170255,1632.0754716981132
5162,......5162 Cadempino,1585,121.76656151419559,682.6498422712933,195.58359621451103,35.96214511041009,38.48580441640379,47.3186119873817,58.67507886435331,123.02839116719242,174.13249211356467,326.81388012618294,88.32807570977918,78.23343848580441,29.022082018927446,501.5772870662461,498.4227129337539,1006.3291139240507,451.73501577287067,411.3564668769716,49.21135646687697,87.69716088328074,178.37338262476896,286.50646950092425,464.87985212569316,1606.2176165803107
5167,......5167 Canobbio,2404,131.03161397670547,669.3011647254575,199.66722129783693,39.93344425956739,37.437603993344425,53.66056572379368,47.8369384359401,110.64891846921797,191.76372712146423,319.05158069883527,88.18635607321131,71.96339434276207,39.51747088186356,490.0166389351082,509.9833610648918,960.8482871125613,454.242928452579,418.88519134775373,54.90848585690516,71.96339434276207,195.77377252952144,298.3219390926041,494.0957116221256,1523.8095238095236
5171,......5171 Caslano,4400,121.81818181818181,588.1818181818181,290.0,25.0,40.22727272727273,56.590909090909086,52.72727272727273,93.40909090909092,137.95454545454544,304.09090909090907,128.63636363636363,113.63636363636363,47.72727272727273,466.3636363636364,533.6363636363637,873.9352640545145,390.2272727272727,430.90909090909093,75.9090909090909,102.95454545454545,207.1097372488408,493.04482225656875,700.1545595054096,2380.597014925373
5176,......5176 Comano,2186,150.96065873741995,618.4812442817932,230.55809698078684,38.426349496797805,43.91582799634035,68.6184812442818,61.29917657822507,95.15096065873742,163.7694419030192,298.26166514181153,114.82159194876488,78.22506861848125,37.51143641354071,484.44647758462946,515.5535224153706,939.6628216503992,439.15827996340346,433.2113449222324,53.06495882891125,74.56541628545288,244.0828402366864,372.78106508875743,616.8639053254437,1527.2727272727273
5180,......5180 Cureglia,1483,145.65070802427513,628.4558327714093,225.89345920431558,45.17869184086312,47.20161834120027,53.270397842211736,55.29332434254889,92.38031018206338,188.13216453135536,292.6500337154417,100.47201618341201,86.98583951449764,38.43560350640594,472.0161834120027,527.9838165879974,893.9974457215836,449.08968307484827,407.28253540121375,49.898853674983144,93.72892784895483,231.75965665236052,359.4420600858369,591.2017167381974,1550.9259259259259
5181,......5181 Curio,587,127.76831345826234,625.2129471890971,247.01873935264055,40.88586030664395,40.88586030664395,45.996592844974444,49.40374787052811,112.43611584327087,161.83986371379896,301.53321976149914,153.32197614991483,68.14310051107326,25.55366269165247,488.9267461669506,511.07325383304936,956.6666666666666,436.1158432708688,378.1942078364566,61.32879045996593,124.36115843270869,204.35967302452315,395.09536784741147,599.4550408719346,1933.3333333333333
5186,......5186 Grancia,468,119.65811965811966,696.5811965811965,183.76068376068378,38.46153846153847,40.5982905982906,40.5982905982906,55.55555555555555,102.56410256410255,175.2136752136752,363.2478632478632,83.33333333333333,70.51282051282051,29.914529914529915,506.4102564102564,493.5897435897436,1025.974025974026,446.5811965811966,416.6666666666667,49.14529914529914,87.6068376068376,171.7791411042945,263.80368098159505,435.5828220858896,1535.7142857142858
5187,......5187 Gravesano,1398,145.2074391988555,650.2145922746781,204.57796852646638,41.48783977110158,58.6552217453505,45.06437768240343,49.35622317596567,91.55937052932761,188.8412017167382,320.45779685264665,85.83690987124463,89.4134477825465,29.32761087267525,482.83261802575106,517.167381974249,933.6099585062241,429.1845493562232,437.76824034334766,55.07868383404864,77.96852646638054,223.3223322332233,314.6314631463146,537.953795379538,1408.8669950738918
5189,......5189 Lamone,1757,108.13887307911212,696.0728514513374,195.78827546955037,27.319294251565168,31.30335799658509,49.51622083096187,66.02162777461582,121.7985202048947,181.5594763801935,326.69322709163345,91.63346613545816,70.00569151963575,34.14911781445646,483.77916903813315,516.2208309618668,937.1554575523704,447.9225953329539,401.82128628343764,58.05350028457598,92.20261809903243,155.3556827473426,281.2755519215045,436.6312346688471,1810.5263157894738
5192,......5192 Lugano,63629,118.56229077936162,653.7742224457402,227.66348677489822,35.1097769884801,38.97593864432884,44.47657514655267,49.94577944019237,119.72528249697464,188.26321331468358,295.83994719388954,100.28446148768644,84.66265382137075,42.71637146584105,483.6316773798111,516.3683226201889,936.6021426832237,463.40505115591947,384.96597463420767,57.42664508321677,94.18661302236401,181.3505132334912,348.22952474819107,529.5800379816823,1920.2014846235418
5193,......5193 Magliaso,1622,107.89149198520346,613.4401972872996,278.66831072749693,32.675709001233045,35.75832305795314,39.457459926017265,62.268803945745994,90.01233045622688,150.4315659679408,310.72749691738596,127.00369913686806,101.10974106041924,50.55487053020962,471.02342786683107,528.9765721331689,890.4428904428905,395.8076448828607,433.4155363748459,83.84710234278668,86.92971639950677,175.87939698492463,454.2713567839196,630.1507537688442,2582.8571428571427
5194,......5194 Manno,1373,139.83976693372176,659.8689002184997,200.2913328477786,37.144938091769845,53.16824471959213,49.52658412235979,53.8965768390386,115.07647487254188,167.51638747268754,323.3794610342316,81.57319737800437,80.8448652585579,37.873270211216315,498.9075018208303,501.0924981791697,995.6395348837209,445.7392571012382,428.2592862345229,56.80990531682447,69.19155134741442,211.9205298013245,303.53200883002205,515.4525386313466,1432.2916666666667
5196,......5196 Massagno,6799,134.43153404912485,666.7156934843359,198.8527724665392,42.65333137226063,44.56537726136197,47.21282541550228,49.566112663627,120.16473010736874,226.94513899102807,270.0397117223121,83.24753640241211,71.03985880276511,44.56537726136197,471.5399323429916,528.4600676570084,892.2905649874756,485.9538167377556,375.7905574349169,52.50772172378291,85.74790410354464,201.6324729759541,298.25722479594083,499.889697771895,1479.2122538293218
5198,......5198 Melide,1785,115.406162464986,618.4873949579833,266.1064425770308,33.05322128851541,36.97478991596639,45.3781512605042,39.77591036414566,89.63585434173669,189.9159663865546,299.15966386554624,117.6470588235294,103.08123249299719,45.3781512605042,501.40056022408965,498.59943977591035,1005.6179775280898,436.97478991596637,408.4033613445378,58.26330532212885,96.35854341736695,186.59420289855072,430.2536231884058,616.8478260869565,2305.8252427184466
5199,......5199 Mezzovico-Vira,1389,149.02807775377968,682.5053995680346,168.46652267818573,35.27717782577393,43.19654427645788,70.55435565154787,63.35493160547156,101.51187904967603,160.5471562275018,357.0914326853852,82.07343412526997,61.9150467962563,24.478041756659465,503.2397408207343,496.76025917926563,1013.0434782608695,442.7645788336933,449.9640028797696,35.99712023038157,71.27429805615552,218.35443037974684,246.8354430379747,465.1898734177215,1130.4347826086955
5200,......5200 Miglieglia,293,126.27986348122866,668.9419795221843,204.77815699658703,23.890784982935156,34.129692832764505,68.25938566552901,85.32423208191128,85.32423208191128,129.6928327645051,368.6006825938566,95.56313993174062,64.84641638225256,44.36860068259386,488.0546075085324,511.94539249146754,953.3333333333334,457.33788395904435,399.3174061433447,51.19453924914676,92.15017064846415,188.77551020408163,306.12244897959187,494.89795918367344,1621.6216216216217
5203,......5203 Morcote,713,79.94389901823281,584.8527349228611,335.20336605890606,21.037868162692845,25.245441795231415,33.66058906030855,36.4656381486676,53.29593267882188,140.25245441795232,354.8387096774194,164.0953716690042,124.82468443197756,46.28330995792426,504.9088359046283,495.0911640953717,1019.8300283286119,357.64375876577844,479.6633941093969,61.711079943899016,99.57924263674614,136.6906474820144,573.1414868105516,709.832134292566,4192.982456140351
5205,......5205 Muzzano,805,108.07453416149067,642.2360248447205,249.68944099378882,31.055900621118013,37.267080745341616,39.75155279503106,42.2360248447205,100.62111801242236,181.3664596273292,318.0124223602485,120.49689440993788,94.40993788819877,34.78260869565217,457.1428571428571,542.8571428571428,842.1052631578947,422.360248447205,444.72049689440996,40.993788819875775,91.92546583850931,168.27852998065765,388.7814313346228,557.0599613152805,2310.344827586207
5206,......5206 Neggio,328,140.2439024390244,612.8048780487804,246.9512195121951,45.73170731707317,39.63414634146341,54.8780487804878,30.48780487804878,79.26829268292683,152.4390243902439,350.60975609756093,128.0487804878049,91.46341463414635,27.4390243902439,475.60975609756093,524.390243902439,906.9767441860464,435.9756097560976,432.9268292682927,54.8780487804878,76.21951219512195,228.85572139303483,402.9850746268657,631.8407960199005,1760.8695652173913
5207,......5207 Novaggio,850,129.41176470588238,642.3529411764706,228.23529411764707,35.294117647058826,48.23529411764706,45.88235294117647,48.23529411764706,109.41176470588235,165.8823529411765,318.82352941176475,118.8235294117647,80.0,29.41176470588235,487.05882352941177,512.9411764705883,949.5412844036697,451.764705882353,398.8235294117647,50.58823529411765,98.8235294117647,201.46520146520146,355.3113553113553,556.7765567765568,1763.6363636363637
5208,......5208 Origlio,1526,150.06553079947577,640.2359108781127,209.69855832241151,37.352555701179554,54.39056356487549,58.322411533420706,64.22018348623854,98.95150720838794,157.27391874180864,319.79030144167757,110.09174311926606,74.70511140235911,24.90170380078637,470.5111402359109,529.488859764089,888.6138613861386,456.7496723460026,430.5373525557012,45.87155963302752,66.18610747051113,234.39099283520983,327.53326509723644,561.9242579324463,1397.3799126637555
5210,......5210 Paradiso,4853,112.91984339583763,681.0220482175973,206.058108386565,37.7086338347414,40.38738924376675,34.823820317329485,55.42963115598599,103.85328662682878,220.07005975685144,301.6690706779312,95.4049041829796,73.97486091077683,36.67834329280857,524.0057696270349,475.99423037296515,1100.8658008658008,452.09148980012367,398.5163816196167,51.92664331341439,97.05336905007212,165.80937972768533,302.571860816944,468.38124054462935,1824.8175182481752
5212,......5212 Ponte Capriasca,1958,164.96424923391214,634.8314606741573,200.20429009193055,39.32584269662921,56.17977528089887,69.45863125638407,66.9050051072523,82.2267620020429,173.1358529111338,312.5638406537283,89.37691521961185,83.24821246169562,27.579162410623084,488.7640449438202,511.2359550561798,956.0439560439561,459.6527068437181,411.13381001021446,45.45454545454545,83.24821246169562,259.8551890587289,315.3660498793242,575.2212389380531,1213.6222910216718
5214,......5214 Porza,1717,112.40535818287711,643.5643564356436,244.03028538147933,29.120559114735002,43.6808386721025,39.603960396039604,42.516016307513105,134.53698311007574,170.6464764123471,295.86488060570764,111.82294700058242,83.86721025043681,48.3401281304601,480.4892253931275,519.5107746068725,924.8878923766815,441.46767617938264,417.00640652300524,56.49388468258591,85.03203261502621,174.66063348416287,379.18552036199094,553.8461538461539,2170.9844559585495
5216,......5216 Pura,1355,121.03321033210332,647.9704797047971,230.99630996309963,28.044280442804425,39.852398523985244,53.13653136531366,53.874538745387454,105.5350553505535,152.76752767527677,335.79335793357933,119.55719557195573,80.44280442804428,30.99630996309963,481.18081180811805,518.8191881918818,927.4537695590327,420.66420664206646,445.0184501845019,51.66051660516605,82.65682656826569,186.7881548974943,356.4920273348519,543.2801822323462,1908.5365853658536
5221,......5221 Savosa,2276,143.6731107205624,619.0685413005273,237.25834797891036,35.149384885764505,45.694200351493855,62.829525483304046,57.99648506151142,93.58523725834799,169.15641476274166,298.3304042179262,100.17574692442882,95.78207381370827,41.300527240773285,469.68365553602814,530.3163444639719,885.6669428334715,439.3673110720562,401.5817223198594,59.31458699472759,99.73637961335677,232.07948899929028,383.250532292406,615.3300212916962,1651.3761467889908
5225,......5225 Sorengo,2183,122.3087494273935,695.8314246449839,181.85982592762252,37.10490151168117,38.93724232707284,46.266605588639486,89.32661475034357,169.94961062757673,169.94961062757673,266.605588639487,88.41044434264774,61.84150251946862,31.607879065506182,455.33669262482823,544.6633073751717,835.9966358284272,534.1273476866697,349.5190105359597,46.266605588639486,70.0870361887311,175.77353522053983,261.35615536537193,437.12969058591176,1486.8913857677903
5226,......5226 Capriasca,6717,140.24117909781154,620.8128628852166,238.94595801697184,34.539228822390946,46.74705969927051,58.95489057615007,53.29760309662051,93.3452434122376,167.0388566324252,307.13115974393327,121.33392883727855,82.92392437099896,34.68810480869436,492.03513473276763,507.96486526723237,968.6400937866354,441.5661753759119,423.99880899210956,50.46895935685574,83.96605627512282,225.89928057553956,384.89208633093523,610.7913669064749,1703.8216560509554
5227,......5227 Torricella-Taverne,3087,138.3219954648526,637.5121477162294,224.16585681891803,41.78814382896016,45.9993521218011,50.53449951409135,56.36540330417881,106.25202461937155,183.3495302883058,291.5451895043732,119.2095885973437,80.98477486232589,23.97149335924846,498.21833495302883,501.78166504697117,992.8986442866366,425.65597667638485,449.30353093618396,53.77389050858439,71.26660187884677,216.97154471544715,351.6260162601626,568.5975609756098,1620.608899297424
5230,......5230 Vernate,613,114.19249592169658,678.6296900489397,207.1778140293638,35.88907014681892,39.15171288743882,39.15171288743882,50.57096247960848,96.24796084828712,163.1321370309951,368.6786296900489,122.34910277324633,66.88417618270799,17.94453507340946,491.0277324632953,508.97226753670475,964.7435897435897,420.88091353996737,417.6182707993475,57.09624796084829,104.40456769983687,168.26923076923077,305.28846153846155,473.55769230769226,1814.2857142857142
5231,......5231 Vezia,1958,139.93871297242083,644.5352400408581,215.52604698672116,36.77221654749744,44.43309499489275,58.73340143003064,55.669050051072524,106.74157303370787,156.28192032686414,325.8426966292135,94.48416751787539,84.26966292134831,36.77221654749744,483.65679264555666,516.3432073544433,936.6963402571711,441.26659856996935,416.24106230847804,56.69050051072523,85.80183861082737,217.11568938193344,334.38985736925514,551.5055467511886,1540.14598540146
5233,......5233 Vico Morcote,408,105.3921568627451,605.3921568627451,289.21568627450984,17.156862745098042,49.01960784313725,39.21568627450981,49.01960784313725,83.33333333333333,134.80392156862743,338.2352941176471,134.80392156862743,122.54901960784314,31.862745098039213,534.313725490196,465.6862745098039,1147.3684210526317,377.45098039215685,482.843137254902,36.76470588235294,102.94117647058823,174.08906882591094,477.73279352226723,651.8218623481782,2744.186046511628
5236,......5236 Collina d'Oro,4903,136.2431164593106,635.9371813175608,227.8197022231287,31.8172547419947,44.05466041199266,60.371201305323275,63.22659596165612,93.20823985315113,150.9280032633082,328.5743422394453,107.89312665714868,81.7866612278197,38.13991433816031,486.64083214358556,513.3591678564144,947.953913388955,437.4872527024271,426.67754436059556,51.397103813991436,84.43809912298593,214.23989737010905,358.24246311738295,572.482360487492,1672.1556886227545
5237,......5237 Alto Malcantone,1390,102.15827338129496,635.2517985611511,262.58992805755395,31.654676258992804,34.53237410071942,35.97122302158273,52.51798561151079,102.87769784172663,137.41007194244602,342.44604316546764,136.6906474820144,88.48920863309353,37.41007194244604,480.57553956834533,519.4244604316547,925.2077562326871,441.0071942446043,401.4388489208633,50.35971223021583,107.19424460431655,160.81540203850508,413.3635334088335,574.1789354473386,2570.4225352112676
5238,......5238 Monteceneri,4729,145.4853034468175,668.6403045041235,185.874392049059,46.94438570522309,48.00169168957497,50.53922605201946,50.53922605201946,100.44406851342778,206.59758934235566,311.0594205963206,96.00338337914994,63.64982025798266,26.221188411926413,506.4495665045464,493.5504334954536,1026.1353898886032,456.3332628462677,410.02326073165574,48.636075280186084,85.00740114189047,217.58380771663505,277.988614800759,495.57242251739405,1277.6162790697674
5239,......5239 Tresa,3126,103.64683301343571,601.7274472168906,294.6257197696737,26.55150351887396,31.03007037747921,46.06525911708253,53.742802303262955,82.85348688419705,139.47536788227768,325.6557901471529,147.1529110684581,107.1657069737684,40.30710172744722,488.8035828534869,511.1964171465131,956.1952440550689,408.50927703135,404.6705054382598,65.57901471529111,121.24120281509917,172.2488038277512,489.63317384370015,661.8819776714514,2842.5925925925926
5240,......5240 Val Mara,3005,133.44425956738766,651.9134775374375,214.64226289517472,35.607321131447584,48.91846921797005,48.91846921797005,47.920133111480865,91.18136439267886,186.68885191347752,326.1231281198003,107.15474209650583,74.54242928452578,32.945091514143094,492.17970049916806,507.82029950083194,969.2005242463958,448.585690515807,408.9850249584027,45.92346089850249,96.1730449251248,204.69627360898417,329.24961715160794,533.9458907605922,1608.4788029925187
5242,......5242 Balerna,3356,113.2300357568534,645.7091775923719,241.06078665077473,33.07508939213349,36.05482717520858,44.100119189511325,44.39809296781883,123.06317044100119,171.63289630512514,306.6150178784267,105.18474374255065,89.09415971394517,46.781883194278905,485.69725864123956,514.3027413587604,944.3800695249131,437.72348033373066,385.2800953516091,66.44815256257449,110.54827175208581,175.3576372865713,373.32718043377946,548.6848177203507,2128.9473684210525
5249,......5249 Castel San Pietro,2262,131.7418213969938,623.7842617152962,244.47391688771,39.787798408488065,47.745358090185675,44.20866489832007,44.20866489832007,89.74358974358974,169.31918656056587,320.51282051282055,112.29000884173298,97.25906277630415,34.92484526967286,493.36870026525196,506.631299734748,973.8219895287958,449.6021220159151,418.2139699381079,54.37665782493369,77.80725022104333,211.19773210489015,391.9206236711552,603.1183557760453,1855.7046979865772
5250,......5250 Chiasso,7564,105.89635113696457,622.9508196721312,271.1528291909043,28.15970386039133,36.885245901639344,40.8514013749339,46.27181385510312,101.66578529878372,157.05975674246432,317.95346377578,112.37440507667901,102.06240084611316,56.71602326811211,494.9762030671602,505.02379693283973,980.1047120418848,433.1041776837652,366.4727657324167,77.73664727657324,122.42199894235854,169.99151103565364,435.2716468590832,605.2631578947369,2560.549313358302
5251,......5251 Coldrerio,2834,119.97177134791815,585.0388143966126,294.98941425546934,34.580098800282286,39.52011291460833,45.87155963302752,41.99011997177135,78.33450952717008,159.13902611150317,305.575158786168,141.14326040931547,105.85744530698659,47.988708539167256,472.8299223712068,527.1700776287933,896.9210174029452,399.43542695836277,444.2484121383204,67.39590684544814,88.92025405786875,205.06634499396864,504.2219541616405,709.2882991556093,2458.823529411765
5254,......5254 Mendrisio,15085,108.9161418627776,646.4037122969838,244.68014584023865,29.433211799801125,35.86344050381173,43.619489559164734,52.9665230361286,128.67086509777926,162.67815710971163,302.08816705336426,108.12064965197216,91.34902220749089,45.21047398077561,485.6479946967186,514.3520053032814,944.1938394122953,458.2698044414982,393.5034802784223,59.92707988067617,88.29963539940339,168.49553891908522,378.52527945851705,547.0208183776023,2246.5003043213633
5257,......5257 Morbio Inferiore,4412,124.66001813236628,615.3671804170444,259.9728014505893,31.27833182230281,40.34451495920217,53.037171350861286,60.97008159564823,87.0353581142339,138.4859474161378,328.8757932910245,121.71350861287398,95.87488667271079,42.38440616500453,472.5747960108794,527.4252039891206,896.0034379028793,416.3644605621034,425.6572982774252,64.82320942883047,93.15503173164099,202.57826887661142,422.4677716390424,625.0460405156538,2085.4545454545455
5260,......5260 Novazzano,2340,122.64957264957265,617.5213675213676,259.8290598290599,35.8974358974359,39.743589743589745,47.008547008547005,46.58119658119658,90.17094017094017,152.13675213675214,328.63247863247864,113.24786324786325,92.3076923076923,54.27350427350427,486.7521367521367,513.2478632478632,948.3763530391341,404.2735042735043,438.46153846153845,67.09401709401709,90.17094017094017,198.6159169550173,420.7612456747405,619.3771626297579,2118.4668989547035
5263,......5263 Riva San Vitale,2695,116.88311688311688,633.3951762523191,249.72170686456403,35.62152133580705,43.41372912801484,37.84786641929499,48.608534322820034,95.36178107606679,168.0890538033395,321.3358070500928,116.14100185528757,90.9090909090909,42.67161410018553,494.24860853432284,505.75139146567716,977.2560528246515,415.95547309833023,439.33209647495363,61.96660482374768,82.74582560296847,184.5342706502636,394.25893380199176,578.7932044522555,2136.5079365079364
5266,......5266 Stabio,4522,125.82927908005307,653.250773993808,220.91994692613886,32.06545776205219,44.228217602830604,49.53560371517028,58.8235294117647,109.02255639097744,145.0685537372844,340.33613445378154,109.46483856700574,83.14904909332154,28.30605926581159,501.9902697921274,498.0097302078726,1007.9928952042629,427.9080053073861,437.85935426802297,48.87218045112782,85.36045997346308,192.6201760324983,338.1855111712931,530.8056872037915,1755.7117750439368
5268,......5268 Vacallo,3491,123.17387568032083,636.2073904325408,240.61873388713838,36.09281008307075,39.530220567172734,47.55084503007735,53.5663133772558,95.67459180750501,152.96476654253797,334.001718705242,102.2629619020338,95.38814093382985,42.96763105127471,491.26324835290745,508.73675164709255,965.6531531531532,421.94213692351764,423.9472930392438,63.59209395588657,89.94557433400172,193.60648356596127,378.20801440792434,571.8144979738856,1953.4883720930231
5269,......5269 Breggia,1889,112.7580730545262,623.0809952355744,264.1609317098994,31.762837480148228,38.644785600847015,42.35044997353097,43.40921122286924,91.58284806776072,155.63790365272632,332.45103229221814,121.22816304923239,103.22922181048173,39.70354685018528,488.0889359449444,511.9110640550556,953.464322647363,409.7406034939121,440.44467972472205,66.70195870831128,83.11275807305454,180.96856414613424,423.9592183517417,604.9277824978759,2342.7230046948357
5281,......5281 Biasca,6201,139.33236574746007,615.3846153846155,245.28301886792454,37.89711336881148,45.47653604257378,55.95871633607483,55.152394775036285,105.46686018384132,176.1006289308176,278.66473149492015,112.56248992098048,88.85663602644735,43.863892920496696,510.5628124496049,489.4371875503951,1043.163097199341,424.4476697306886,429.44686340912756,66.76342525399129,79.34204160619255,226.41509433962264,398.58490566037733,625.0,1760.4166666666667
5287,......5287 Riviera,4269,140.54813773717498,670.180370110096,189.27149215272897,37.47950339657999,45.678144764581866,57.39048957601312,57.39048957601312,109.62754743499649,190.2084797376435,312.95385336144295,87.60833918950574,70.50831576481612,31.154837198407122,504.3335675802295,495.66643241977044,1017.4858223062382,432.18552354181304,428.90606699461233,53.40829234012649,85.5001171234481,209.71688220901783,282.418734708144,492.1356169171618,1346.6666666666667
5304,......5304 Bosco/Gurin,47,42.5531914893617,638.2978723404256,319.1489361702128,0.0,21.27659574468085,21.27659574468085,21.27659574468085,42.5531914893617,234.04255319148936,340.4255319148936,191.48936170212767,127.6595744680851,0.0,617.0212765957447,382.97872340425533,1611.111111111111,382.97872340425533,468.0851063829787,85.1063829787234,63.82978723404255,66.66666666666667,500.0,566.6666666666666,7500.0
5307,......5307 Campo (Vallemaggia),49,40.816326530612244,591.8367346938776,367.34693877551024,0.0,20.408163265306122,20.408163265306122,20.408163265306122,20.408163265306122,163.26530612244898,387.7551020408163,244.89795918367346,102.04081632653062,20.408163265306122,591.8367346938776,408.16326530612247,1450.0,571.4285714285714,122.44897959183673,102.04081632653062,204.08163265306123,68.9655172413793,620.6896551724138,689.6551724137931,9000.0
5309,......5309 Cerentino,37,27.027027027027028,486.4864864864865,486.4864864864865,27.027027027027028,0.0,0.0,27.027027027027028,81.08108108108108,27.027027027027028,351.35135135135135,243.24324324324326,162.16216216216216,81.08108108108108,621.6216216216216,378.3783783783784,1642.857142857143,378.3783783783784,459.4594594594595,81.08108108108108,81.08108108108108,55.55555555555555,1000.0,1055.5555555555557,18000.0
5310,......5310 Cevio,1111,136.81368136813683,591.3591359135913,271.82718271827184,49.504950495049506,48.6048604860486,38.7038703870387,34.20342034203421,90.00900090009,166.51665166516653,300.63006300630065,137.71377137713773,86.40864086408641,47.70477047704771,472.54725472547256,527.4527452745275,895.9044368600682,440.14401440144013,381.6381638163817,67.50675067506751,110.71107110711071,231.3546423135464,459.66514459665143,691.0197869101978,1986.842105263158
5315,......5315 Linescio,41,48.78048780487805,560.9756097560976,390.2439024390244,48.78048780487805,0.0,0.0,0.0,0.0,121.95121951219512,439.0243902439024,243.90243902439025,146.34146341463415,0.0,536.5853658536586,463.4146341463415,1157.8947368421052,292.6829268292683,414.6341463414634,121.95121951219512,170.7317073170732,86.95652173913044,695.6521739130435,782.608695652174,8000.0
5317,......5317 Maggia,2674,148.46671652954376,600.2243829468961,251.3089005235602,40.38893044128646,58.339566192969336,49.738219895287955,37.77112939416604,89.75317875841436,178.38444278234854,294.31563201196707,123.7845923709798,94.61480927449514,32.909498878085266,491.0246821241586,508.97531787584137,964.7318148420279,430.8152580403889,416.60433807030665,54.9738219895288,97.60658189977562,247.35202492211837,418.69158878504675,666.0436137071652,1692.6952141057934
5323,......5323 Lavizzara,498,120.48192771084338,596.3855421686746,283.13253012048193,60.24096385542169,24.096385542168676,36.144578313253014,54.21686746987952,82.3293172690763,148.59437751004015,311.2449799196787,138.55421686746988,104.41767068273091,40.16064257028113,524.0963855421686,475.9036144578313,1101.2658227848103,407.6305220883534,443.77510040160644,70.28112449799197,78.3132530120482,202.02020202020202,474.74747474747477,676.7676767676768,2350.0
5324,......5324 Avegno Gordevio,1534,149.9348109517601,620.5997392438071,229.46544980443284,41.06910039113429,51.499348109517605,57.36636245110821,60.625814863102995,97.13168187744459,161.01694915254237,301.82529335071706,117.99217731421122,80.83441981747066,30.63885267275098,489.5697522816167,510.4302477183833,959.1315453384419,436.1147327249022,423.728813559322,50.84745762711865,89.30899608865711,241.5966386554622,369.74789915966386,611.344537815126,1530.4347826086957
5401,......5401 Aigle,11752,172.8216473791695,653.2505105513955,173.92784206943497,57.43703199455412,59.5643294758339,55.820285908781486,55.39482641252553,130.95643294758338,215.5377808032675,251.36147038801903,85.60245064669843,64.66984343090537,23.655547991831178,486.215112321307,513.784887678693,946.3398476316661,491.66099387338323,369.6392103471749,46.800544588155205,91.7290673927842,264.55646737006646,266.24983717598025,530.8063045460466,1006.4007877892665
5402,......5402 Bex,8841,176.2244090035064,644.1579006899672,179.6176903065264,48.523922633186295,64.35923538061306,63.34125098970704,59.15620404931569,116.27643931681936,212.30630019228593,256.4189571315462,87.65976699468386,62.66259472910304,29.295328582739508,495.98461712475967,504.0153828752404,984.0664272890484,481.61972627530827,370.20699015948423,46.94039135844361,101.00667345322928,273.5733099209833,278.8410886742757,552.414398595259,1019.2554557124517
5403,......5403 Chessel,527,178.36812144212524,650.853889943074,170.77798861480076,53.13092979127135,56.92599620493358,68.3111954459203,53.13092979127135,119.54459203036052,242.8842504743833,235.2941176470588,100.56925996204934,53.13092979127135,17.077798861480076,487.66603415559774,512.3339658444023,951.8518518518518,466.7931688804554,370.0189753320683,49.33586337760911,111.95445920303605,274.05247813411074,262.3906705539358,536.4431486880467,957.4468085106383
5404,......5404 Corbeyrier,452,126.10619469026548,555.3097345132744,318.5840707964602,30.97345132743363,39.823008849557525,55.309734513274336,42.0353982300885,61.94690265486726,168.141592920354,283.1858407079646,123.89380530973452,148.23008849557522,46.46017699115045,500.0,500.0,1000.0,365.04424778761063,453.53982300884957,70.79646017699115,108.4070796460177,227.09163346613545,573.7051792828686,800.796812749004,2526.315789473684
5405,......5405 Gryon,1519,132.32389730085583,645.1612903225806,222.51481237656353,36.20803159973667,52.00789993416721,44.10796576695194,53.982883475971036,91.50757077024359,179.72350230414747,319.94733377221854,119.15734035549704,82.94930875576037,20.408163265306122,519.4206714944041,480.57932850559575,1080.8219178082193,446.34628044766293,419.35483870967744,32.91639236339697,100.72416063199472,205.1020408163265,344.8979591836735,550.0,1681.5920398009948
5406,......5406 Lavey-Morcles,1015,184.23645320197045,607.8817733990147,207.88177339901478,55.172413793103445,61.083743842364534,67.98029556650246,45.320197044334975,81.77339901477833,228.57142857142856,252.21674876847288,124.13793103448276,66.99507389162561,16.748768472906402,493.5960591133005,506.4039408866995,974.7081712062256,451.231527093596,380.29556650246303,54.187192118226605,114.28571428571428,303.0794165316045,341.9773095623987,645.0567260940032,1128.342245989305
5407,......5407 Leysin,3659,119.1582399562722,720.4154140475539,160.4263459961738,28.696365127083904,37.71522273845313,52.746652090735175,134.18966930855424,158.7865537031976,179.28395736540037,248.15523367040174,88.82208253621208,54.11314566821536,17.491117791746376,505.05602623667664,494.94397376332336,1020.4307012700167,590.3252254714403,287.51024870183113,28.14976769609183,93.74145941514075,165.402124430956,222.68588770864946,388.0880121396055,1346.3302752293578
5408,......5408 Noville,1215,176.13168724279834,637.8600823045267,186.0082304526749,51.85185185185185,63.374485596707814,60.90534979423869,65.84362139917695,95.47325102880659,221.39917695473252,255.1440329218107,97.11934156378601,69.95884773662551,18.930041152263374,502.880658436214,497.119341563786,1011.5894039735098,455.1440329218107,445.26748971193416,29.62962962962963,69.95884773662551,276.1290322580645,291.61290322580646,567.741935483871,1056.0747663551401
5409,......5409 Ollon,8221,160.56440822284392,649.7992944897214,189.63629728743462,36.735190366135505,50.23719742123829,73.59202043547015,113.12492397518551,92.20289502493614,175.16117260673883,269.3103028828609,100.83931395207397,66.2936382435227,22.503345091837975,487.89684953168717,512.103150468313,952.7315914489311,494.4653935044399,383.04342537404204,35.883712443741636,86.36418927137818,247.09846499438413,291.8382628229127,538.9367278172969,1181.0606060606062
5410,......5410 Ormont-Dessous,1242,145.7326892109501,640.0966183574878,214.170692431562,48.309178743961354,51.529790660225444,45.893719806763286,45.893719806763286,76.48953301127214,220.61191626409018,297.1014492753623,124.7987117552335,70.85346215780999,18.51851851851852,501.6103059581321,498.3896940418679,1006.4620355411955,479.06602254428344,342.99516908212564,47.50402576489533,129.62962962962962,227.67295597484278,334.59119496855345,562.2641509433962,1469.6132596685084
5411,......5411 Ormont-Dessus,1433,117.23656664340544,576.4131193300768,306.3503140265178,36.287508722958826,37.68318213538032,43.26587578506629,41.8702023726448,79.55338450802513,177.9483600837404,277.04117236566645,150.73272854152128,110.25819958129799,45.35938590369854,499.6510816468946,500.3489183531054,998.6052998605301,427.7739009071877,392.1842288904396,69.08583391486393,110.95603628750872,203.3898305084746,531.4769975786925,734.866828087167,2613.095238095238
5412,......5412 Rennaz,949,171.75974710221286,660.695468914647,167.54478398314015,43.203371970495255,69.54689146469968,59.00948366701792,55.84826132771338,130.66385669125393,212.85563751317176,261.32771338250785,100.10537407797682,49.52581664910432,17.91359325605901,496.3119072708114,503.68809272918855,985.3556485355649,464.69968387776606,389.88408851422554,43.203371970495255,102.21285563751317,259.96810207336523,253.58851674641147,513.5566188197768,975.4601226993865
5413,......5413 Roche (VD),1994,198.59578736208624,659.4784353059177,141.925777331996,61.18355065195587,74.72417251755266,62.688064192577734,61.685055165496486,128.88665997993982,232.69809428284856,236.2086258776329,77.73319959879639,52.65797392176529,11.534603811434303,485.9578736208626,514.0421263791374,945.3658536585365,494.4834503510532,377.63289869608826,36.609829488465394,91.27382146439318,301.1406844106464,215.20912547528516,516.3498098859316,714.6464646464647
5414,......5414 Villeneuve (VD),6039,165.25914886570627,658.5527405199537,176.1881106143401,53.982447425070376,57.45984434509025,53.81685709554562,56.63189269746647,125.0206987911906,217.91687365457858,258.983275376718,91.07468123861565,61.268421924159625,23.84500745156483,495.61185626759396,504.38814373240604,982.6001313197637,472.7603907931777,383.83838383838383,42.39112435833747,100.6789203510515,250.94292180035205,267.53834548654766,518.4812672868997,1066.1322645290581
5415,......5415 Yvorne,1109,162.3083859332732,642.9215509467989,194.77006311992787,37.87195671776375,57.70964833183047,66.72678088367898,43.28223624887286,91.97475202885482,211.90261496844005,295.7619477006312,110.9107303877367,61.31650135256989,22.542831379621283,502.25428313796215,497.7457168620379,1009.0579710144926,452.6600541027953,401.2623985572588,46.88908926961226,99.18845807033364,252.45441795231415,302.945301542777,555.3997194950912,1200.0
5451,......5451 Avenches,4875,175.7948717948718,660.3076923076923,163.89743589743588,49.84615384615385,64.2051282051282,61.743589743589745,55.17948717948718,123.48717948717949,216.82051282051282,264.8205128205128,83.8974358974359,58.87179487179487,21.128205128205128,501.1282051282051,498.8717948717949,1004.5230263157894,483.0769230769231,374.56410256410254,43.07692307692307,98.87179487179488,266.2317489903697,248.21373097235167,514.4454799627214,932.3220536756126
5456,......5456 Cudrefin,1885,154.90716180371354,680.6366047745358,164.45623342175068,45.09283819628647,52.51989389920424,57.294429708222815,64.19098143236074,86.47214854111405,216.97612732095493,312.9973474801061,93.36870026525199,53.58090185676392,17.50663129973475,515.1193633952255,484.88063660477457,1062.363238512035,470.026525198939,368.16976127320953,39.257294429708224,122.54641909814323,227.59158222915045,241.6212003117693,469.2127825409197,1061.6438356164383
5458,......5458 Faoug,895,130.72625698324023,696.0893854748604,173.18435754189946,41.340782122905026,44.6927374301676,44.6927374301676,55.865921787709496,106.14525139664805,197.76536312849163,336.31284916201116,102.79329608938548,60.33519553072625,10.05586592178771,489.3854748603352,510.61452513966475,958.4245076586433,451.39664804469277,385.4748603351955,36.87150837988827,126.25698324022346,187.80096308186194,248.79614767255217,436.59711075441413,1324.7863247863247
5464,......5464 Vully-les-Lacs,3627,171.21588089330027,634.4086021505376,194.37551695616213,56.24483043837883,57.07196029776674,57.899090157154674,45.49214226633581,87.12434518886133,223.87648194099808,277.9156327543424,101.46126275158534,69.4789081885856,23.435346015991176,492.96939619520265,507.03060380479735,972.2675367047309,456.02426247587533,386.82106424041905,42.73504273504273,113.8682106424042,269.88265971316815,306.38852672750977,576.271186440678,1135.2657004830917
5663,......5663 Bussy-sur-Moudon,262,167.93893129770993,648.854961832061,183.206106870229,53.43511450381679,57.25190839694656,57.25190839694656,49.61832061068702,91.6030534351145,209.92366412213738,297.70992366412213,103.05343511450383,68.70229007633588,11.450381679389313,484.73282442748086,515.2671755725191,940.7407407407408,480.9160305343512,389.3129770992366,45.80152671755725,83.96946564885496,258.82352941176475,282.3529411764706,541.1764705882352,1090.9090909090908
5665,......5665 Chavannes-sur-Moudon,229,126.63755458515283,646.2882096069868,227.07423580786028,48.03493449781659,17.46724890829694,61.135371179039296,56.76855895196507,126.63755458515283,179.03930131004367,283.8427947598253,117.90393013100436,78.60262008733625,30.567685589519648,454.14847161572055,545.8515283842795,832.0,423.5807860262009,427.9475982532751,56.76855895196507,91.70305676855895,195.94594594594594,351.35135135135135,547.2972972972973,1793.103448275862
5669,......5669 Curtilles,308,146.1038961038961,659.090909090909,194.80519480519482,58.44155844155844,45.45454545454545,42.20779220779221,58.44155844155844,107.14285714285714,207.79220779220782,285.7142857142857,120.12987012987013,58.44155844155844,16.233766233766232,487.012987012987,512.987012987013,949.3670886075948,506.49350649350646,379.87012987012986,32.467532467532465,81.16883116883116,221.67487684729065,295.56650246305423,517.2413793103449,1333.3333333333333
5671,......5671 Dompierre (VD),240,195.83333333333334,591.6666666666666,212.5,70.83333333333333,62.5,62.5,37.5,79.16666666666666,170.83333333333334,304.16666666666663,129.16666666666669,66.66666666666667,16.666666666666668,500.0,500.0,1000.0,458.3333333333333,400.0,41.666666666666664,100.0,330.98591549295776,359.1549295774648,690.1408450704225,1085.1063829787233
5673,......5673 Hermenches,373,131.36729222520108,667.5603217158177,201.07238605898124,50.938337801608576,34.852546916890084,45.57640750670242,45.57640750670242,115.28150134048256,160.85790884718497,345.84450402144773,96.51474530831099,77.7479892761394,26.80965147453083,530.8310991957105,469.16890080428954,1131.4285714285716,436.9973190348526,423.5924932975871,42.89544235924933,96.51474530831099,196.78714859437753,301.20481927710847,497.99196787148594,1530.612244897959
5674,......5674 Lovatens,146,130.13698630136986,678.082191780822,191.7808219178082,34.24657534246575,41.0958904109589,54.794520547945204,54.794520547945204,102.73972602739725,239.72602739726025,280.8219178082192,95.8904109589041,75.34246575342465,20.54794520547945,472.6027397260274,527.3972602739726,896.1038961038961,486.3013698630137,321.9178082191781,34.24657534246575,157.53424657534245,191.91919191919192,282.8282828282828,474.74747474747477,1473.6842105263156
5675,......5675 Lucens,4736,194.25675675675674,657.3057432432432,148.4375,64.82263513513513,64.18918918918918,65.24493243243244,67.14527027027027,121.62162162162163,217.48310810810813,251.05574324324326,75.16891891891892,54.2652027027027,19.00337837837838,497.0439189189189,502.95608108108104,988.2451721242653,490.2871621621622,382.8125,42.01858108108108,84.88175675675676,295.5348538387408,225.8271763572117,521.3620301959525,764.1304347826086
5678,......5678 Moudon,6646,195.15498043936202,670.7794161901895,134.0656033704484,58.380981041227805,69.66596448991874,67.10803490821547,69.06409870598857,124.43575082756546,224.19500451399338,253.0845621426422,67.40896780018056,44.989467348781226,21.66716822148661,502.25699668973823,497.7430033102618,1009.06892382104,496.0878724044538,384.2913030394222,40.926873307252485,78.6939512488715,290.9376401973979,199.86541049798114,490.8030506953791,686.9699306090979
5683,......5683 Prévonloup,230,182.6086956521739,621.7391304347826,195.6521739130435,56.52173913043478,82.6086956521739,43.47826086956522,39.130434782608695,117.3913043478261,265.21739130434787,200.0,108.69565217391305,65.21739130434783,21.73913043478261,473.9130434782609,526.0869565217391,900.8264462809917,456.52173913043475,447.82608695652175,34.78260869565217,60.869565217391305,293.7062937062937,314.68531468531467,608.3916083916084,1071.4285714285713
5684,......5684 Rossenges,91,142.85714285714286,681.3186813186813,175.82417582417582,76.92307692307693,32.96703296703297,32.96703296703297,32.96703296703297,164.83516483516485,274.72527472527474,208.7912087912088,54.94505494505494,54.94505494505494,65.93406593406594,494.50549450549454,505.49450549450546,978.2608695652174,505.49450549450546,384.61538461538464,32.96703296703297,76.92307692307693,209.67741935483872,258.06451612903226,467.7419354838709,1230.769230769231
5688,......5688 Syens,151,165.56291390728478,615.8940397350993,218.5430463576159,46.35761589403974,59.602649006622514,59.602649006622514,33.11258278145696,152.31788079470198,192.05298013245033,238.41059602649005,119.20529801324503,72.8476821192053,26.490066225165563,536.4238410596026,463.5761589403973,1157.1428571428573,443.7086092715232,397.3509933774834,26.490066225165563,132.45033112582783,268.81720430107526,354.8387096774194,623.6559139784946,1320.0
5690,......5690 Villars-le-Comte,132,128.78787878787878,636.3636363636364,234.84848484848487,37.87878787878788,45.45454545454545,45.45454545454545,53.03030303030303,90.9090909090909,204.54545454545456,287.8787878787879,159.0909090909091,60.60606060606061,15.151515151515152,454.5454545454545,545.4545454545454,833.3333333333334,469.69696969696975,401.5151515151515,75.75757575757576,53.03030303030303,202.38095238095238,369.0476190476191,571.4285714285714,1823.5294117647059
5692,......5692 Vucherens,621,202.8985507246377,645.7326892109501,151.36876006441224,57.971014492753625,69.24315619967794,75.68438003220612,48.309178743961354,93.39774557165862,215.78099838969402,288.24476650563605,80.51529790660226,48.309178743961354,22.544283413848632,502.4154589371981,497.5845410628019,1009.7087378640776,484.70209339774556,410.6280193236715,33.81642512077295,70.85346215780999,314.21446384039905,234.41396508728178,548.6284289276808,746.031746031746
5785,......5785 Corcelles-le-Jorat,499,156.312625250501,655.310621242485,188.37675350701403,48.09619238476954,54.10821643286573,54.10821643286573,56.1122244488978,122.24448897795591,204.40881763527054,272.5450901803607,104.20841683366733,64.12825651302605,20.04008016032064,492.98597194388776,507.0140280561122,972.3320158102767,490.9819639278557,386.77354709418836,40.08016032064128,82.16432865731463,238.53211009174314,287.4617737003058,525.9938837920489,1205.128205128205
5798,......5798 Ropraz,530,200.0,633.9622641509434,166.0377358490566,56.60377358490566,79.24528301886792,64.15094339622641,33.9622641509434,109.43396226415095,271.6981132075472,218.8679245283019,96.22641509433963,56.60377358490566,13.20754716981132,524.5283018867924,475.47169811320754,1103.1746031746034,515.0943396226415,394.33962264150944,22.641509433962263,66.0377358490566,315.4761904761905,261.9047619047619,577.3809523809523,830.1886792452831
5803,......5803 Vulliens,628,192.67515923566881,654.4585987261147,152.86624203821654,68.47133757961784,68.47133757961784,55.732484076433124,52.547770700636946,113.05732484076434,257.96178343949043,230.89171974522293,89.17197452229298,47.77070063694268,15.92356687898089,511.1464968152867,488.85350318471336,1045.6026058631921,506.36942675159236,371.0191082802547,42.9936305732484,79.61783439490445,294.4038929440389,233.57664233576642,527.9805352798054,793.3884297520661
5812,......5812 Champtauroz,196,244.89795918367346,647.9591836734694,107.14285714285714,86.73469387755102,102.04081632653062,56.12244897959184,35.714285714285715,147.9591836734694,244.89795918367346,219.3877551020408,40.816326530612244,30.612244897959183,35.714285714285715,520.4081632653061,479.59183673469386,1085.1063829787233,500.0,423.46938775510205,40.816326530612244,35.714285714285715,377.9527559055118,165.35433070866142,543.3070866141733,437.5
5813,......5813 Chevroux,494,163.96761133603238,615.3846153846155,220.64777327935224,50.607287449392715,58.70445344129555,54.655870445344135,40.48582995951417,115.38461538461539,186.2348178137652,273.2793522267207,121.4574898785425,80.97165991902834,18.218623481781375,481.7813765182186,518.2186234817814,929.6875,437.2469635627531,455.46558704453446,44.534412955465584,62.75303643724696,266.44736842105266,358.55263157894734,625.0,1345.679012345679
5816,......5816 Corcelles-près-Payerne,2982,188.1287726358149,667.3373574782025,144.53386988598257,68.41046277665997,66.06304493628437,53.65526492287056,57.008718980549965,148.2226693494299,214.28571428571428,247.8202548625084,74.4466800804829,54.32595573440644,15.761234071093227,477.19651240778,522.80348759222,912.7645926876203,505.700871898055,373.9101274312542,39.23541247484909,80.48289738430583,281.9095477386935,216.58291457286433,498.4924623115578,768.270944741533
5817,......5817 Grandcour,976,190.57377049180326,635.2459016393442,174.18032786885246,55.32786885245901,62.5,72.74590163934425,54.303278688524586,108.60655737704917,190.57377049180326,281.7622950819672,86.0655737704918,65.57377049180329,22.54098360655738,505.12295081967216,494.8770491803279,1020.703933747412,502.04918032786884,364.75409836065575,44.05737704918033,89.13934426229508,300.0,274.19354838709677,574.1935483870968,913.9784946236559
5819,......5819 Henniez,469,236.67377398720683,637.5266524520256,125.7995735607676,91.68443496801706,70.36247334754798,74.62686567164178,59.701492537313435,130.0639658848614,247.33475479744135,200.4264392324094,72.49466950959487,38.37953091684435,14.925373134328359,511.72707889125803,488.27292110874197,1048.0349344978165,552.2388059701493,330.49040511727077,38.37953091684435,78.89125799573561,371.23745819397993,197.32441471571906,568.561872909699,531.5315315315315
5821,......5821 Missy,383,224.5430809399478,579.6344647519583,195.822454308094,73.1070496083551,57.44125326370757,93.99477806788512,54.83028720626632,78.3289817232376,203.65535248041775,242.81984334203653,91.38381201044386,75.71801566579634,28.720626631853786,524.8041775456919,475.1958224543081,1104.3956043956046,462.1409921671018,420.36553524804174,36.55352480417755,80.93994778067885,387.3873873873874,337.8378378378378,725.2252252252252,872.0930232558139
5822,......5822 Payerne,10758,180.70273284997214,656.9064881948318,162.39077895519614,57.073805540063205,62.00037181632274,61.62855549358617,61.256739170849606,126.13868748838075,209.89031418479271,259.6207473508087,82.54322364751812,58.3751626696412,21.472392638036812,493.1213980293735,506.8786019706265,972.8589767100679,475.1812604573341,390.12827663134414,45.5474995352296,88.95705521472392,275.08136408659965,247.20532050374982,522.2866845903495,898.6625514403293
5827,......5827 Trey,318,169.81132075471697,679.2452830188679,150.94339622641508,59.74842767295598,34.59119496855346,75.47169811320754,72.32704402515724,122.64150943396227,185.53459119496853,298.74213836477986,91.19496855345912,44.0251572327044,15.723270440251572,493.71069182389937,506.28930817610063,975.1552795031056,500.0,367.92452830188677,40.880503144654085,91.19496855345912,250.0,222.2222222222222,472.22222222222223,888.8888888888888
5828,......5828 Treytorrens (Payerne),108,129.62962962962962,657.4074074074074,212.96296296296296,55.55555555555555,18.51851851851852,55.55555555555555,55.55555555555555,64.81481481481481,166.66666666666666,370.3703703703703,120.37037037037037,83.33333333333333,9.25925925925926,546.2962962962963,453.7037037037037,1204.0816326530612,453.7037037037037,388.8888888888889,37.03703703703704,120.37037037037037,197.18309859154928,323.943661971831,521.1267605633802,1642.857142857143
5830,......5830 Villarzel,523,214.1491395793499,619.5028680688337,166.34799235181643,91.77820267686425,63.09751434034416,59.27342256214149,57.36137667304015,74.5697896749522,246.65391969407267,240.91778202676863,101.33843212237093,45.88910133843213,19.120458891013385,493.30783938814534,506.6921606118547,973.5849056603773,466.5391969407266,416.8260038240918,21.032504780114724,95.60229445506693,345.679012345679,268.51851851851853,614.1975308641975,776.7857142857143
5831,......5831 Valbroye,3425,181.021897810219,625.9854014598541,192.992700729927,60.14598540145986,61.8978102189781,58.97810218978102,54.306569343065696,97.81021897810218,215.76642335766425,258.1021897810219,102.18978102189782,64.23357664233576,26.56934306569343,503.94160583941607,496.05839416058393,1015.8917010005886,454.8905109489051,413.43065693430657,45.83941605839416,85.83941605839416,289.17910447761193,308.30223880597015,597.4813432835821,1066.1290322580646
5471,......5471 Bettens,646,184.21052631578945,722.9102167182663,92.87925696594428,60.37151702786378,51.083591331269346,72.75541795665634,35.60371517027864,117.6470588235294,270.8978328173375,298.76160990712077,58.8235294117647,29.41176470588235,4.643962848297213,520.123839009288,479.87616099071204,1083.8709677419356,490.7120743034056,386.99690402476784,30.959752321981423,91.3312693498452,254.81798715203425,128.4796573875803,383.29764453961457,504.2016806722689
5472,......5472 Bournens,531,180.7909604519774,681.7325800376648,137.4764595103578,79.09604519774012,48.964218455743875,52.73069679849341,75.32956685499057,103.57815442561206,248.58757062146893,254.23728813559322,69.6798493408663,50.84745762711865,16.949152542372882,506.59133709981165,493.4086629001883,1026.7175572519086,497.17514124293785,389.8305084745763,35.781544256120526,77.21280602636534,265.1933701657458,201.65745856353593,466.8508287292817,760.4166666666666
5473,......5473 Boussens,1006,197.8131212723658,664.0159045725646,138.17097415506956,44.73161033797217,81.51093439363817,71.57057654075547,62.62425447316103,88.46918489065607,218.68787276341948,294.234592445328,83.4990059642147,48.707753479125245,5.964214711729622,483.1013916500994,516.8986083499007,934.6153846153846,486.0834990059642,421.47117296222666,28.82703777335984,63.6182902584493,297.90419161676647,208.08383233532933,505.98802395209583,698.4924623115578
5480,......5480 Daillens,1097,186.87329079307202,668.1859617137648,144.94074749316317,41.93254329990884,72.01458523245215,72.92616226071102,61.987237921604375,89.33454876937101,243.39106654512307,273.47310847766636,96.62716499544212,34.63992707383774,13.67365542388332,474.9316317228806,525.0683682771195,904.5138888888888,487.693710118505,397.44758432087514,24.612579762989974,89.33454876937101,279.6725784447476,216.91678035470667,496.5893587994543,775.609756097561
5487,......5487 Lussery-Villars,470,180.85106382978725,668.0851063829787,151.06382978723403,80.85106382978724,46.80851063829787,53.191489361702125,31.914893617021274,100.0,244.68085106382978,291.4893617021276,91.48936170212765,36.170212765957444,23.404255319148934,502.12765957446805,497.8723404255319,1008.5470085470085,497.8723404255319,374.46808510638294,25.53191489361702,102.12765957446808,270.70063694267515,226.11464968152868,496.81528662420385,835.2941176470589
5489,......5489 Mex (VD),807,161.090458488228,643.1226765799256,195.78686493184637,60.718711276332094,58.240396530359355,42.13135068153655,50.80545229244114,81.78438661710037,251.54894671623296,258.9838909541512,99.13258983890955,74.34944237918216,22.304832713754646,493.18463444857497,506.81536555142503,973.1051344743277,464.6840148698885,426.270136307311,29.739776951672862,79.30607187112763,250.48169556840077,304.4315992292871,554.9132947976879,1215.3846153846152
5495,......5495 Penthalaz,3169,165.98295992426634,647.8384348374882,186.1786052382455,44.177974124329445,56.16913852950457,65.63584727043231,49.54244241085516,112.65383401704007,216.15651625118335,269.4856421584096,82.0448090880404,67.21363206058693,36.92016408961818,474.9132218365415,525.0867781634585,904.4471153846155,464.8153991795519,384.66393183969706,47.333543704638686,102.87156831808142,256.2104237700926,287.3843156356551,543.5947394057476,1121.6730038022813
5496,......5496 Penthaz,1945,188.68894601542416,668.3804627249358,142.93059125964012,51.9280205655527,59.12596401028278,77.6349614395887,58.09768637532134,108.48329048843188,211.31105398457584,290.4884318766067,67.35218508997428,58.09768637532134,17.480719794344473,506.94087403598974,493.0591259640103,1028.1543274244004,473.5218508997429,414.39588688946014,29.30591259640103,82.77634961439588,282.3076923076923,213.84615384615384,496.1538461538462,757.4931880108992
5501,......5501 Sullens,1226,189.23327895595432,649.2659053833605,161.50081566068516,64.43719412724306,69.33115823817292,55.46492659053834,49.7553017944535,88.90701468189232,244.69820554649266,265.905383360522,83.19738988580751,59.54323001631321,18.760195758564436,510.6035889070146,489.3964110929853,1043.3333333333333,486.13376835236545,402.12071778140296,35.88907014681892,75.85644371941272,291.4572864321608,248.74371859296483,540.2010050251256,853.448275862069
5503,......5503 Vufflens-la-Ville,1342,148.28614008941878,660.2086438152012,191.50521609538004,38.74813710879285,52.906110283159464,56.63189269746647,67.06408345752608,98.36065573770492,167.6602086438152,327.123695976155,93.14456035767512,81.2220566318927,17.138599105812222,505.96125186289123,494.03874813710877,1024.1327300150829,444.85842026825634,437.4068554396423,32.786885245901644,84.9478390461997,224.60496613995485,290.06772009029345,514.6726862302484,1291.4572864321608
5511,......5511 Assens,1717,172.9761211415259,677.3442050087361,149.6796738497379,51.83459522422831,65.81246359930111,55.3290623179965,54.164239953407105,101.9219569015725,235.87652882935353,285.3814793244031,79.79033197437391,55.3290623179965,14.560279557367501,515.4338963308096,484.56610366919045,1063.701923076923,472.91788002329645,400.116482236459,31.4502038439138,95.5154338963308,255.37403267411867,220.98022355975925,476.3542562338779,865.3198653198652
5512,......5512 Bercher,1344,172.61904761904762,662.202380952381,165.17857142857142,44.642857142857146,56.54761904761905,71.42857142857143,66.2202380952381,131.69642857142858,171.875,292.4107142857143,88.54166666666667,55.05952380952381,21.577380952380953,494.0476190476191,505.9523809523809,976.4705882352941,477.67857142857144,383.92857142857144,38.69047619047619,99.70238095238096,260.6741573033708,249.43820224719101,510.1123595505618,956.8965517241379
5514,......5514 Bottens,1354,192.76218611521418,655.096011816839,152.14180206794683,60.561299852289515,55.391432791728214,76.80945347119646,53.91432791728213,107.82865583456426,237.07533234859676,256.27769571639584,88.62629246676514,50.22156573116691,13.293943870014772,502.2156573116692,497.78434268833087,1008.9020771513353,497.04579025110786,383.3087149187592,36.92762186115214,81.97932053175775,294.250281848929,232.2435174746336,526.4937993235626,789.272030651341
5515,......5515 Bretigny-sur-Morrens,899,181.3125695216908,685.2057842046718,133.48164627363738,53.392658509454954,74.52725250278085,53.392658509454954,63.40378197997776,102.33592880978865,224.69410456062292,294.77196885428253,68.9655172413793,53.392658509454954,11.123470522803116,480.53392658509455,519.4660734149055,925.0535331905782,500.5561735261401,371.523915461624,25.583982202447164,101.22358175750834,264.61038961038963,194.80519480519482,459.41558441558436,736.1963190184049
5516,......5516 Cugy (VD),2787,165.76964477933262,669.8959454610692,164.33440975959812,44.13347685683531,54.89773950484392,66.73842841765338,73.9146035163258,125.22425547183353,178.32795120200933,292.4291352709006,74.63222102619304,65.66200215285254,24.040186580552565,494.4384642985289,505.5615357014711,977.9985805535841,467.5278076785074,403.65984930032295,39.46896304269824,88.62576246860424,247.45581146223887,245.31333690412427,492.76914836636314,991.3419913419913
5518,......5518 Echallens,6719,166.24497693109095,675.5469563923203,158.20806667658877,53.72823336806072,58.34201518083048,54.17472838219974,61.1698169370442,141.09242446792678,205.9830331894627,267.3016817978866,78.58312248846555,60.27682690876619,19.348117279357044,486.6795654115196,513.3204345884805,948.1008988112496,468.3732698318202,407.5011162375353,41.67286798630749,82.30391427295729,246.08944701476096,234.19255342586473,480.28200044062567,951.6562220232767
5520,......5520 Essertines-sur-Yverdon,1142,202.276707530648,662.8721541155867,134.85113835376532,66.54991243432575,69.1768826619965,66.54991243432575,55.166374781085814,127.84588441330999,227.6707530647986,252.1891418563923,72.67950963222417,51.66374781085814,10.507880910683012,523.6427320490368,476.3572679509632,1099.264705882353,497.37302977232923,427.3204903677758,19.26444833625219,56.042031523642734,305.1519154557464,203.4346103038309,508.5865257595773,666.6666666666666
5521,......5521 Etagnières,1191,154.49202350965575,691.855583543241,153.6523929471033,55.415617128463474,40.30226700251889,58.77413937867338,72.20822837951302,113.35012594458438,194.79429051217465,311.50293870696896,82.28379513014274,50.377833753148614,20.990764063811923,498.7405541561713,501.25944584382876,994.9748743718593,476.0705289672544,414.7774979009236,28.547439126784216,80.60453400503778,223.3009708737864,222.0873786407767,445.3883495145631,994.5652173913044
5522,......5522 Fey,789,183.77693282636247,679.340937896071,136.88212927756655,46.89480354879594,69.70849176172369,67.17363751584284,70.97591888466414,108.99873257287706,196.4512040557668,302.915082382763,68.44106463878327,53.2319391634981,15.209125475285171,518.3776932826363,481.6223067173637,1076.3157894736842,467.680608365019,419.5183776932827,26.61596958174905,86.1850443599493,270.5223880597015,201.49253731343285,472.0149253731343,744.8275862068966
5523,......5523 Froideville,2729,185.41590326126786,660.6815683400513,153.90252839868086,52.766581165262,63.02674972517405,69.6225723708318,70.7218761451081,97.1051667277391,208.50128252107,284.3532429461341,85.74569439355075,52.03371198241114,16.123122022718945,508.2447783070722,491.7552216929278,1033.532041728763,489.1901795529498,396.1157933308904,32.97911322828875,81.714913887871,280.6433721575152,232.9450915141431,513.5884636716584,830.0395256916996
5527,......5527 Morrens (VD),1155,181.8181818181818,631.1688311688312,187.01298701298703,45.02164502164503,87.44588744588745,49.350649350649356,51.082251082251084,90.9090909090909,221.64502164502164,267.53246753246754,84.84848484848486,73.5930735930736,28.57142857142857,501.29870129870125,498.7012987012987,1005.2083333333333,457.1428571428571,420.77922077922074,40.69264069264069,81.38528138528137,288.0658436213992,296.2962962962963,584.3621399176955,1028.5714285714284
5529,......5529 Oulens-sous-Echallens,603,157.54560530679933,681.592039800995,160.86235489220562,28.192371475953564,69.65174129353234,59.701492537313435,72.96849087893864,76.28524046434494,225.5389718076285,306.7993366500829,82.91873963515754,71.31011608623548,6.633499170812604,504.1459369817579,495.85406301824213,1016.7224080267558,442.7860696517413,422.8855721393035,33.16749585406302,101.1608623548922,231.1435523114355,236.0097323600973,467.15328467153284,1021.0526315789474
5530,......5530 Pailly,575,205.2173913043478,653.9130434782609,140.8695652173913,55.652173913043484,69.56521739130434,80.0,59.130434782608695,88.69565217391303,212.17391304347828,293.9130434782609,88.69565217391303,41.73913043478261,10.434782608695652,514.7826086956521,485.2173913043478,1060.931899641577,471.30434782608694,431.30434782608694,34.78260869565217,62.60869565217392,313.82978723404256,215.4255319148936,529.2553191489362,686.4406779661016
5531,......5531 Penthéréaz,430,176.74418604651163,693.0232558139535,130.2325581395349,48.83720930232558,60.46511627906977,67.44186046511628,51.16279069767442,106.97674418604652,213.95348837209303,320.9302325581395,76.74418604651163,30.232558139534884,23.25581395348837,488.3720930232558,511.6279069767442,954.5454545454546,481.3953488372093,413.953488372093,32.55813953488372,72.09302325581396,255.0335570469799,187.91946308724832,442.9530201342282,736.8421052631578
5533,......5533 Poliez-Pittet,850,188.23529411764704,661.1764705882352,150.58823529411762,40.0,65.88235294117648,82.3529411764706,52.94117647058823,98.8235294117647,207.05882352941177,302.3529411764706,72.94117647058823,55.294117647058826,22.35294117647059,489.4117647058824,510.5882352941177,958.5253456221197,457.6470588235294,416.4705882352941,32.94117647058824,92.94117647058823,284.69750889679716,227.7580071174377,512.455516014235,800.0
5534,......5534 Rueyres,304,164.47368421052633,638.1578947368422,197.3684210526316,59.21052631578947,52.63157894736842,52.63157894736842,59.21052631578947,167.76315789473685,161.18421052631578,250.0,105.26315789473684,65.78947368421052,26.31578947368421,500.0,500.0,1000.0,444.0789473684211,427.63157894736844,29.605263157894736,98.6842105263158,257.73195876288656,309.27835051546396,567.0103092783505,1200.0
5535,......5535 Saint-Barthélemy (VD),834,188.2494004796163,670.263788968825,141.48681055155876,75.53956834532374,57.55395683453238,55.15587529976019,58.752997601918466,112.70983213429255,217.0263788968825,281.77458033573146,81.5347721822542,45.563549160671464,14.388489208633095,514.3884892086331,485.61151079136687,1059.2592592592594,521.5827338129496,386.09112709832135,23.980815347721823,68.3453237410072,280.85867620751344,211.0912343470483,491.9499105545617,751.5923566878981
5537,......5537 Villars-le-Terroir,1308,188.83792048929664,656.7278287461775,154.43425076452598,48.92966360856269,73.39449541284404,66.5137614678899,54.281345565749234,113.14984709480122,226.29969418960243,262.99694189602445,79.51070336391437,53.51681957186545,21.406727828746178,500.76452599388375,499.23547400611625,1003.062787136294,483.18042813455656,391.43730886850153,47.400611620795104,77.9816513761468,287.54365541327127,235.15715948777648,522.7008149010477,817.8137651821862
5539,......5539 Vuarrens,1119,203.7533512064343,697.0509383378017,99.19571045576407,56.30026809651475,68.81143878462913,78.64164432529044,76.85433422698839,112.6005361930295,224.30741733690795,283.28865058087575,52.72564789991063,41.10813226094728,5.361930294906166,521.0008936550493,478.99910634495086,1087.686567164179,513.8516532618409,374.4414655942806,20.55406613047364,91.15281501340483,292.3076923076923,142.3076923076923,434.61538461538464,486.8421052631579
5540,......5540 Montilliez,1872,166.66666666666666,684.8290598290598,148.5042735042735,58.22649572649573,54.48717948717949,53.952991452991455,58.76068376068376,116.98717948717949,220.6196581196581,288.46153846153845,87.6068376068376,47.54273504273504,13.354700854700853,500.0,500.0,1000.0,496.2606837606838,394.2307692307692,25.64102564102564,83.86752136752136,243.36973478939157,216.84867394695786,460.21840873634943,891.0256410256411
5541,......5541 Goumoëns,1206,216.4179104477612,605.3067993366501,178.2752902155887,49.75124378109453,72.96849087893864,93.69817578772803,61.359867330016584,72.13930348258707,210.61359867330017,261.19402985074623,91.2106135986733,58.04311774461028,29.02155887230514,495.02487562189054,504.97512437810946,980.2955665024631,484.2454394693201,397.18076285240465,37.31343283582089,81.2603648424544,357.5342465753424,294.52054794520546,652.054794520548,823.7547892720306
5661,......5661 Boulens,368,192.93478260869566,625.0,182.06521739130434,48.913043478260875,67.93478260869564,76.08695652173914,43.47826086956522,81.52173913043478,263.5869565217391,236.41304347826087,89.67391304347825,78.80434782608695,13.58695652173913,489.1304347826087,510.86956521739137,957.4468085106383,500.0,364.1304347826087,40.76086956521739,95.10869565217392,308.69565217391306,291.30434782608694,600.0,943.6619718309859
5680,......5680 Ogens,341,228.7390029325513,592.375366568915,178.88563049853374,64.51612903225806,90.9090909090909,73.31378299120234,43.98826979472141,82.11143695014663,208.21114369501467,258.06451612903226,126.09970674486803,26.392961876832846,26.392961876832846,478.0058651026393,521.9941348973607,915.7303370786517,483.8709677419355,390.02932551319645,35.19061583577713,90.9090909090909,386.13861386138615,301.98019801980195,688.1188118811881,782.0512820512821
5693,......5693 Montanaire,2860,179.37062937062936,656.2937062937064,164.33566433566432,51.74825174825175,64.33566433566433,63.28671328671329,70.27972027972028,103.14685314685315,209.44055944055944,273.42657342657344,91.60839160839161,50.69930069930069,22.027972027972027,506.6433566433567,493.35664335664336,1026.9312544294826,500.6993006993007,371.67832167832165,36.71328671328671,90.9090909090909,273.3084709643047,250.39957378795953,523.7080447522643,916.1793372319688
5804,......5804 Jorat-Menthue,1574,168.99618805590853,657.5603557814486,173.44345616264295,55.27318932655655,57.814485387547656,55.90851334180432,64.1677255400254,102.287166454892,211.56289707750952,279.5425667090216,90.21601016518424,69.25031766200762,13.97712833545108,503.17662007623886,496.82337992376114,1012.7877237851663,482.84625158831,412.32528589580687,33.672172808132146,71.15628970775096,257.0048309178744,263.768115942029,520.7729468599034,1026.3157894736844
5923,......5923 Oppens,202,158.41584158415841,638.6138613861386,202.97029702970298,34.65346534653466,54.45544554455446,69.30693069306932,49.504950495049506,84.15841584158416,188.11881188118812,316.83168316831683,123.76237623762376,54.45544554455446,24.752475247524753,524.7524752475248,475.2475247524752,1104.1666666666667,450.4950495049505,430.6930693069307,44.554455445544555,74.25742574257426,248.06201550387595,317.82945736434107,565.8914728682171,1281.25
5551,......5551 Bonvillars,517,139.26499032882012,640.2321083172146,220.5029013539652,30.947775628626694,38.684719535783366,69.63249516441006,63.82978723404255,96.71179883945841,166.34429400386847,313.34622823984523,121.85686653771761,77.36943907156673,21.27659574468085,475.8220502901354,524.1779497098646,907.7490774907749,446.80851063829783,411.99226305609284,34.81624758220503,106.38297872340425,217.5226586102719,344.4108761329305,561.9335347432024,1583.3333333333333
5552,......5552 Bullet,681,124.81644640234948,580.0293685756241,295.15418502202647,35.24229074889868,46.98972099853157,42.584434654919235,52.863436123348016,82.23201174743025,157.12187958883993,287.8120411160059,145.37444933920705,107.19530102790014,42.584434654919235,488.9867841409692,511.0132158590308,956.8965517241379,370.0440528634361,450.8076358296623,70.48458149779736,108.66372980910425,215.18987341772151,508.8607594936709,724.0506329113924,2364.705882352941
5553,......5553 Champagne,1070,152.33644859813083,693.4579439252336,154.2056074766355,52.33644859813084,47.663551401869164,52.33644859813084,84.11214953271028,102.80373831775701,209.34579439252337,297.196261682243,98.13084112149532,43.925233644859816,12.149532710280374,503.7383177570094,496.2616822429907,1015.065913370998,484.11214953271025,383.1775700934579,36.44859813084112,94.39252336448598,219.6765498652291,222.37196765498652,442.0485175202156,1012.2699386503067
5554,......5554 Concise,1025,150.2439024390244,680.0,169.75609756097563,42.926829268292686,56.58536585365854,50.73170731707317,63.41463414634146,97.5609756097561,216.58536585365854,302.4390243902439,90.73170731707317,65.3658536585366,13.658536585365853,502.4390243902439,497.5609756097561,1009.8039215686274,497.5609756097561,348.29268292682923,46.829268292682926,107.3170731707317,220.94691535150645,249.64131994261118,470.5882352941176,1129.8701298701299
5555,......5555 Corcelles-près-Concise,434,188.9400921658986,573.7327188940093,237.32718894009216,64.51612903225806,62.21198156682028,62.21198156682028,52.995391705069125,69.12442396313365,225.80645161290323,225.80645161290323,133.64055299539172,55.29953917050692,48.387096774193544,463.13364055299536,536.8663594470046,862.6609442060086,442.39631336405535,410.13824884792626,59.907834101382484,87.55760368663594,329.3172690763052,413.65461847389554,742.9718875502008,1256.0975609756097
5556,......5556 Fiez,432,159.7222222222222,666.6666666666666,173.61111111111111,34.72222222222222,60.18518518518518,64.81481481481481,83.33333333333333,118.05555555555556,159.7222222222222,305.5555555555556,99.53703703703704,67.12962962962963,6.944444444444444,523.1481481481482,476.85185185185185,1097.0873786407767,500.0,379.6296296296297,23.148148148148145,97.22222222222223,239.58333333333334,260.4166666666667,500.0,1086.9565217391303
5557,......5557 Fontaines-sur-Grandson,219,136.986301369863,735.1598173515982,127.85388127853881,13.698630136986301,45.662100456621005,77.6255707762557,86.7579908675799,114.15525114155251,191.7808219178082,342.4657534246575,73.0593607305936,45.662100456621005,9.1324200913242,484.0182648401826,515.9817351598174,938.0530973451328,502.283105022831,342.4657534246575,36.5296803652968,118.7214611872146,186.33540372670805,173.91304347826087,360.24844720496895,933.3333333333334
5559,......5559 Giez,464,163.79310344827584,650.8620689655172,185.34482758620692,51.724137931034484,58.189655172413794,53.87931034482758,56.03448275862069,105.60344827586208,243.5344827586207,245.68965517241378,99.13793103448276,62.5,23.706896551724135,530.1724137931034,469.82758620689657,1128.440366972477,465.51724137931035,415.94827586206895,25.862068965517242,92.67241379310346,251.65562913907286,284.76821192052984,536.4238410596026,1131.578947368421
5560,......5560 Grandevent,241,182.5726141078838,639.0041493775933,178.4232365145228,62.24066390041494,45.64315352697095,74.68879668049793,45.64315352697095,62.24066390041494,153.52697095435687,377.5933609958506,95.43568464730289,62.24066390041494,20.74688796680498,481.3278008298755,518.6721991701245,928.0,410.7883817427386,477.17842323651456,33.19502074688797,78.83817427385893,285.7142857142857,279.2207792207792,564.9350649350649,977.2727272727273
5561,......5561 Grandson,3390,150.14749262536873,658.4070796460178,191.44542772861357,41.29793510324484,49.26253687315634,59.58702064896755,54.27728613569322,115.63421828908554,204.12979351032448,284.36578171091446,106.78466076696165,64.89675516224189,19.764011799410028,497.34513274336285,502.6548672566372,989.4366197183099,480.53097345132744,362.83185840707966,43.657817109144545,112.68436578171091,228.04659498207886,290.7706093189964,518.8172043010752,1275.0491159135559
5562,......5562 Mauborget,145,144.82758620689657,544.8275862068965,310.3448275862069,82.75862068965517,34.48275862068965,27.586206896551722,34.48275862068965,62.06896551724138,186.20689655172416,262.0689655172414,137.9310344827586,144.82758620689657,27.586206896551722,517.2413793103449,482.7586206896552,1071.4285714285713,462.06896551724134,365.51724137931035,41.37931034482759,131.0344827586207,265.82278481012656,569.620253164557,835.4430379746835,2142.8571428571427
5563,......5563 Mutrux,145,179.3103448275862,606.8965517241379,213.79310344827587,55.172413793103445,48.275862068965516,75.86206896551724,62.06896551724138,137.9310344827586,144.82758620689657,262.0689655172414,124.13793103448276,55.172413793103445,34.48275862068965,489.6551724137931,510.3448275862069,959.4594594594595,482.7586206896552,358.6206896551724,55.172413793103445,103.44827586206897,295.4545454545455,352.2727272727273,647.7272727272727,1192.3076923076924
5564,......5564 Novalles,106,198.11320754716982,575.4716981132075,226.41509433962264,56.60377358490566,28.30188679245283,113.20754716981132,47.16981132075472,75.47169811320754,169.81132075471697,283.0188679245283,132.0754716981132,84.90566037735849,9.433962264150942,471.6981132075472,528.3018867924528,892.8571428571429,471.6981132075472,443.39622641509436,18.867924528301884,66.0377358490566,344.2622950819672,393.44262295081967,737.704918032787,1142.857142857143
5565,......5565 Onnens (VD),513,159.84405458089668,647.1734892787524,192.98245614035088,50.682261208576996,50.682261208576996,58.47953216374269,62.37816764132553,95.51656920077973,171.5399610136452,317.73879142300194,101.36452241715399,77.97270955165692,13.64522417153996,504.8732943469786,495.1267056530214,1019.6850393700787,424.9512670565302,409.3567251461988,60.42884990253411,105.26315789473684,246.9879518072289,298.1927710843373,545.1807228915662,1207.3170731707316
5566,......5566 Provence,409,154.03422982885084,613.6919315403422,232.27383863080684,53.78973105134474,44.00977995110025,56.23471882640587,22.004889975550125,102.68948655256723,227.3838630806846,261.6136919315403,117.35941320293398,83.12958435207824,31.78484107579462,542.7872860635696,457.2127139364303,1187.1657754010696,432.7628361858191,396.0880195599022,53.78973105134474,117.35941320293398,250.996015936255,378.48605577689244,629.4820717131474,1507.936507936508
5568,......5568 Sainte-Croix,5139,130.3755594473633,613.9326717260167,255.69176882661998,35.220860089511575,41.25316209379257,53.90153726405916,54.48530842576377,107.41389375364857,181.3582409028994,270.675228643705,121.61899202179411,95.9330609067912,38.13971589803464,499.31893364467794,500.68106635532206,997.2794403420132,454.7577349678926,334.30628526950767,65.38237011091653,145.16442887721345,212.36133122028525,416.48177496038033,628.8431061806656,1961.1940298507461
5571,......5571 Tévenon,862,169.37354988399073,628.77030162413,201.85614849187937,48.72389791183294,58.0046403712297,62.64501160092807,54.524361948955914,76.5661252900232,177.49419953596288,320.18561484918797,105.56844547563806,67.28538283062645,29.00232018561485,496.5197215777262,503.48027842227384,986.1751152073732,433.87470997679816,406.0324825986079,46.403712296983755,113.6890951276102,269.37269372693726,321.0332103321033,590.4059040590406,1191.7808219178082
5741,......5741 L'Abergement,270,148.14814814814815,655.5555555555555,196.2962962962963,48.148148148148145,44.44444444444444,55.55555555555555,81.4814814814815,88.88888888888889,192.59259259259258,292.59259259259255,118.51851851851852,55.55555555555555,22.22222222222222,470.3703703703704,529.6296296296297,888.1118881118881,470.3703703703704,433.33333333333337,22.22222222222222,74.07407407407408,225.98870056497174,299.43502824858757,525.4237288135594,1325.0
5742,......5742 Agiez,372,204.30107526881721,637.0967741935484,158.6021505376344,67.20430107526882,75.26881720430107,61.82795698924731,61.82795698924731,102.15053763440861,220.43010752688173,252.68817204301075,88.70967741935485,64.51612903225806,5.376344086021506,481.18279569892474,518.8172043010752,927.461139896373,516.1290322580645,362.90322580645164,24.193548387096772,96.77419354838709,320.6751054852321,248.94514767932492,569.620253164557,776.3157894736842
5743,......5743 Arnex-sur-Orbe,694,180.11527377521614,639.7694524495678,180.11527377521614,67.72334293948126,53.31412103746398,59.0778097982709,60.518731988472624,108.06916426512967,217.5792507204611,253.60230547550432,100.86455331412104,59.0778097982709,20.172910662824208,495.6772334293948,504.32276657060515,982.8571428571429,478.38616714697406,409.2219020172911,34.5821325648415,77.80979827089338,281.5315315315315,281.5315315315315,563.063063063063,1000.0
5744,......5744 Ballaigues,1218,157.63546798029557,650.2463054187192,192.1182266009852,50.08210180623974,51.724137931034484,55.82922824302135,57.47126436781609,127.25779967159279,206.07553366174056,259.4417077175698,71.42857142857143,84.56486042692939,36.1247947454844,504.10509031198694,495.8949096880131,1016.5562913907285,474.5484400656814,394.08866995073896,46.79802955665024,82.92282430213464,242.42424242424244,295.4545454545455,537.8787878787879,1218.75
5745,......5745 Baulmes,1165,163.94849785407726,648.9270386266094,187.1244635193133,61.802575107296136,56.65236051502146,45.493562231759654,43.776824034334766,138.19742489270388,207.72532188841203,259.2274678111588,107.2961373390558,56.65236051502146,23.17596566523605,508.15450643776825,491.8454935622318,1033.1588132635252,458.3690987124464,390.5579399141631,48.068669527897,103.00429184549357,252.64550264550266,288.35978835978835,541.005291005291,1141.3612565445026
5746,......5746 Bavois,1041,160.42267050912585,711.8155619596542,127.76176753121999,47.070124879923156,59.558117195004805,53.79442843419788,48.99135446685879,129.6829971181556,255.52353506243998,277.6176753121998,83.57348703170028,39.3852065321806,4.803073967339097,516.8107588856868,483.1892411143132,1069.582504970179,498.5590778097982,379.4428434197887,26.89721421709894,95.10086455331412,225.3711201079622,179.48717948717947,404.8582995951417,796.4071856287425
5747,......5747 Bofflens,200,190.0,610.0,200.0,90.0,50.0,50.0,50.0,60.0,265.0,235.0,140.0,50.0,10.0,470.0,530.0,886.7924528301887,455.0,420.0,50.0,75.0,311.4754098360656,327.86885245901635,639.344262295082,1052.6315789473683
5748,......5748 Bretonnières,261,214.5593869731801,632.183908045977,153.2567049808429,53.639846743295024,80.45977011494253,80.45977011494253,42.145593869731805,76.62835249042145,233.71647509578546,279.6934865900383,88.12260536398468,42.145593869731805,22.988505747126435,475.09578544061304,524.904214559387,905.1094890510949,467.4329501915709,394.6360153256705,34.48275862068965,103.44827586206897,339.39393939393943,242.42424242424244,581.8181818181818,714.2857142857143
5749,......5749 Chavornay,5440,181.06617647058823,688.7867647058824,130.14705882352942,54.595588235294116,67.09558823529412,59.375,56.25,137.86764705882354,229.41176470588235,265.25735294117646,71.13970588235294,45.404411764705884,13.602941176470589,504.0441176470588,495.9558823529412,1016.308376575241,500.1838235294118,387.68382352941177,28.308823529411764,83.8235294117647,262.87696824125965,188.951160928743,451.8281291700026,718.7817258883249
5750,......5750 Les Clées,193,155.440414507772,564.7668393782384,279.7927461139896,41.45077720207254,72.53886010362693,41.45077720207254,56.994818652849744,62.17616580310881,207.2538860103627,238.3419689119171,165.80310880829015,103.62694300518135,10.362694300518134,476.6839378238342,523.3160621761658,910.8910891089109,476.6839378238342,445.5958549222798,41.45077720207254,36.269430051813465,275.22935779816515,495.41284403669727,770.6422018348625,1800.0
5752,......5752 Croy,403,148.8833746898263,573.2009925558312,277.9156327543424,47.146401985111666,52.10918114143921,49.62779156327544,22.332506203473944,109.18114143920596,198.51116625310175,243.17617866004963,111.66253101736973,101.73697270471465,64.51612903225806,446.6501240694789,553.3498759305211,807.1748878923767,399.50372208436727,414.3920595533499,99.25558312655087,86.848635235732,259.7402597402597,484.8484848484849,744.5887445887446,1866.6666666666667
5754,......5754 Juriens,348,166.66666666666666,632.183908045977,201.14942528735634,63.21839080459771,51.724137931034484,51.724137931034484,37.356321839080465,120.6896551724138,215.51724137931032,258.62068965517244,86.20689655172414,97.70114942528737,17.241379310344826,488.5057471264368,511.4942528735632,955.056179775281,462.64367816091954,399.4252873563218,48.850574712643684,89.08045977011494,263.6363636363636,318.1818181818182,581.8181818181818,1206.896551724138
5755,......5755 Lignerolle,461,195.22776572668113,620.3904555314533,184.3817787418655,73.7527114967462,65.0759219088937,56.399132321041215,54.229934924078094,91.1062906724512,225.59652928416486,249.45770065075922,119.3058568329718,49.891540130151846,15.184381778741864,518.4381778741865,481.5618221258134,1076.5765765765766,436.00867678958787,429.50108459869847,21.691973969631235,112.79826464208243,314.68531468531467,297.20279720279717,611.8881118881119,944.4444444444445
5756,......5756 Montcherand,489,151.32924335378323,695.2965235173824,153.37423312883436,36.809815950920246,53.169734151329244,61.34969325153374,98.15950920245399,96.11451942740285,173.8241308793456,327.19836400817996,79.75460122699386,49.079754601226995,24.539877300613497,490.79754601226995,509.20245398773,963.855421686747,482.61758691206546,398.7730061349693,38.854805725971374,79.75460122699386,217.64705882352942,220.58823529411765,438.2352941176471,1013.5135135135135
5757,......5757 Orbe,7978,175.1065429932314,665.8310353472048,159.0624216595638,59.03735271997994,58.285284532464274,57.78390574078716,57.40787164702933,129.98245174229132,233.51717222361495,244.92353973426924,76.08423163700176,57.533216344948606,25.444973677613437,500.3760340937579,499.6239659062421,1001.5052684395384,495.9889696665831,366.6332414138882,43.3692654800702,93.5071446477814,262.9894578313253,238.89307228915663,501.8825301204819,908.3750894774518
5758,......5758 La Praz,207,164.2512077294686,642.5120772946859,193.23671497584542,48.309178743961354,48.309178743961354,67.6328502415459,48.309178743961354,86.95652173913044,207.72946859903382,299.5169082125604,140.09661835748793,38.64734299516908,14.492753623188406,512.0772946859904,487.92270531400965,1049.5049504950496,468.59903381642516,420.28985507246375,33.81642512077295,77.29468599033817,255.6390977443609,300.7518796992481,556.390977443609,1176.4705882352941
5759,......5759 Premier,228,188.5964912280702,539.4736842105264,271.9298245614035,48.24561403508772,43.859649122807014,96.49122807017544,61.40350877192982,35.08771929824561,210.52631578947367,232.4561403508772,171.05263157894737,74.56140350877193,26.31578947368421,530.7017543859649,469.2982456140351,1130.8411214953271,495.6140350877193,364.03508771929825,39.473684210526315,100.87719298245614,349.5934959349594,504.06504065040644,853.6585365853658,1441.8604651162789
5760,......5760 Rances,509,143.41846758349706,646.3654223968566,210.21611001964635,33.39882121807466,56.97445972495088,53.04518664047151,47.151277013752456,119.84282907662082,178.7819253438114,300.58939096267187,115.91355599214145,74.65618860510806,19.646365422396855,485.2652259332024,514.7347740667977,942.7480916030534,418.46758349705306,483.30058939096267,37.32809430255403,60.90373280943025,221.88449848024317,325.2279635258359,547.112462006079,1465.7534246575344
5761,......5761 Romainmôtier-Envy,560,164.28571428571428,635.7142857142857,200.0,44.642857142857146,48.214285714285715,71.42857142857143,60.714285714285715,91.07142857142857,160.71428571428572,323.2142857142857,128.57142857142856,48.214285714285715,23.214285714285715,492.8571428571429,507.1428571428571,971.830985915493,483.92857142857144,358.92857142857144,46.42857142857143,108.92857142857143,258.42696629213486,314.6067415730337,573.0337078651685,1217.3913043478262
5762,......5762 Sergey,133,135.33834586466165,699.2481203007519,165.41353383458645,37.59398496240601,30.075187969924812,67.66917293233082,82.70676691729322,82.70676691729322,172.93233082706766,360.90225563909775,120.30075187969925,30.075187969924812,15.037593984962406,556.390977443609,443.6090225563909,1254.2372881355932,466.16541353383457,375.9398496240601,30.075187969924812,127.81954887218045,193.54838709677418,236.55913978494624,430.10752688172045,1222.2222222222224
5763,......5763 Valeyres-sous-Rances,578,179.9307958477509,652.2491349480969,167.82006920415225,34.602076124567475,62.28373702422145,83.04498269896193,58.8235294117647,93.42560553633218,207.61245674740482,292.38754325259515,102.07612456747404,50.173010380622834,15.570934256055363,515.5709342560554,484.42906574394465,1064.2857142857142,472.31833910034607,434.25605536332176,31.141868512110726,62.28373702422145,275.8620689655172,257.2944297082228,533.1564986737401,932.6923076923077
5764,......5764 Vallorbe,4319,179.20815003473027,648.9928224125955,171.79902755267423,53.716137994906234,61.81986570965501,63.672146330169014,55.10534846029174,116.23060893725399,219.49525353090993,258.1616114841398,92.38249594813615,56.263023848112994,23.1535077564251,511.22945126186613,488.7705487381338,1045.9497868308858,472.56309330863627,374.39222042139386,40.05556841861542,112.52604769622599,276.13271494826967,264.7163753121655,540.8490902604352,958.656330749354
5765,......5765 Vaulion,488,153.68852459016395,631.1475409836066,215.1639344262295,36.885245901639344,51.22950819672131,65.57377049180329,43.0327868852459,88.11475409836066,239.75409836065572,260.24590163934425,153.68852459016395,43.0327868852459,18.442622950819672,502.04918032786884,497.95081967213116,1008.230452674897,448.77049180327873,393.44262295081967,45.08196721311476,112.70491803278689,243.5064935064935,340.9090909090909,584.4155844155844,1400.0
5766,......5766 Vuiteboeuf,608,162.82894736842104,697.3684210526316,139.80263157894737,57.56578947368421,44.4078947368421,60.85526315789474,57.56578947368421,134.8684210526316,210.52631578947367,294.4078947368421,82.23684210526316,47.69736842105264,9.868421052631579,498.35526315789474,501.6447368421053,993.4426229508197,498.35526315789474,371.7105263157895,34.53947368421053,93.75,233.49056603773585,200.47169811320757,433.9622641509434,858.5858585858585
5871,......5871 L'Abbaye,1541,153.79623621025308,589.2277741726152,256.97598961713175,50.61648280337443,50.61648280337443,52.56327060350422,46.07397793640494,82.41401687216093,188.83841661258924,271.9013627514601,142.11550940947438,90.85009733939,24.010382868267357,486.04802076573657,513.9519792342635,945.7070707070707,421.1550940947437,419.8572355613238,49.967553536664504,107.72225827384815,261.0132158590308,436.12334801762114,697.136563876652,1670.886075949367
5872,......5872 Le Chenit,4753,151.06248685041027,615.8215863665054,233.11592678308438,43.34104775930991,51.546391752577314,56.175047338523036,57.85819482432148,92.15232484746475,190.82684620239849,274.9842204923206,107.51104565537555,88.15484956869346,37.45003155901536,509.5729013254786,490.42709867452135,1039.039039039039,445.402903429413,385.0199873763939,54.49189985272459,114.87481590574373,245.3023573624872,378.5445848992142,623.8469422617014,1543.175487465181
5873,......5873 Le Lieu,918,157.9520697167756,590.4139433551198,251.63398692810458,44.66230936819172,58.8235294117647,54.46623093681917,46.84095860566448,80.61002178649238,203.7037037037037,259.25925925925924,139.4335511982571,78.43137254901961,33.76906318082789,520.6971677559912,479.3028322440087,1086.3636363636365,444.4444444444444,387.7995642701525,64.27015250544663,103.48583877995642,267.52767527675275,426.19926199261994,693.7269372693727,1593.103448275862
5902,......5902 Belmont-sur-Yverdon,445,182.02247191011236,667.4157303370787,150.56179775280899,65.1685393258427,56.17977528089887,60.674157303370784,49.438202247191015,96.62921348314607,217.97752808988764,303.37078651685397,89.8876404494382,38.20224719101124,22.47191011235955,519.1011235955057,480.89887640449433,1079.4392523364486,485.39325842696627,382.02247191011236,17.97752808988764,114.6067415730337,272.7272727272727,225.58922558922558,498.3164983164983,827.1604938271605
5903,......5903 Bioley-Magnoux,257,214.0077821011673,536.964980544747,249.0272373540856,54.474708171206224,81.71206225680935,77.82101167315176,15.56420233463035,93.3852140077821,249.0272373540856,178.98832684824902,143.96887159533074,77.82101167315176,27.237354085603112,525.2918287937744,474.70817120622564,1106.5573770491803,451.36186770428014,420.23346303501944,58.36575875486381,70.03891050583658,398.5507246376811,463.768115942029,862.3188405797102,1163.6363636363635
5904,......5904 Chamblon,554,160.64981949458485,606.4981949458484,232.8519855595668,55.95667870036101,57.76173285198556,46.931407942238266,30.685920577617328,99.27797833935017,211.19133574007222,265.3429602888087,158.8447653429603,59.56678700361011,14.44043321299639,518.0505415162455,481.94945848375454,1074.9063670411986,424.18772563176896,436.8231046931408,32.49097472924188,106.49819494584838,264.8809523809524,383.92857142857144,648.8095238095239,1449.438202247191
5905,......5905 Champvent,724,186.46408839779005,658.8397790055249,154.6961325966851,42.81767955801105,64.9171270718232,78.7292817679558,49.72375690607735,125.69060773480665,222.37569060773478,261.04972375690613,82.87292817679558,55.248618784530386,16.574585635359114,493.09392265193367,506.9060773480663,972.7520435967302,484.8066298342542,406.0773480662984,30.386740331491712,78.7292817679558,283.0188679245283,234.8008385744235,517.8197064989519,829.6296296296296
5907,......5907 Chavannes-le-Chêne,322,149.06832298136646,670.8074534161491,180.12422360248448,49.689440993788814,43.47826086956522,55.900621118012424,55.900621118012424,105.59006211180125,276.3975155279503,232.91925465838509,99.37888198757763,62.11180124223603,18.633540372670808,465.83850931677017,534.1614906832298,872.0930232558139,503.10559006211173,347.82608695652175,49.689440993788814,99.37888198757763,222.2222222222222,268.51851851851853,490.74074074074076,1208.3333333333333
5908,......5908 Chêne-Pâquier,173,277.4566473988439,560.693641618497,161.84971098265896,98.26589595375724,121.38728323699422,57.80346820809248,23.12138728323699,34.68208092485549,289.01734104046244,213.8728323699422,92.48554913294797,52.02312138728324,17.341040462427745,508.67052023121386,491.3294797687861,1035.294117647059,485.5491329479769,387.28323699421964,52.02312138728324,75.14450867052024,494.8453608247423,288.659793814433,783.5051546391752,583.3333333333334
5909,......5909 Cheseaux-Noréaz,736,153.53260869565216,623.641304347826,222.82608695652172,40.76086956521739,48.913043478260875,63.85869565217392,81.52173913043478,112.77173913043478,137.22826086956522,292.1195652173913,111.41304347826086,70.65217391304347,40.76086956521739,509.51086956521743,490.48913043478257,1038.7811634349032,434.7826086956522,468.75,38.04347826086957,58.423913043478265,246.18736383442265,357.29847494553377,603.4858387799565,1451.3274336283187
5910,......5910 Cronay,426,194.83568075117373,579.81220657277,225.35211267605635,56.33802816901409,79.81220657276995,58.68544600938967,42.25352112676056,79.81220657276995,237.08920187793427,220.65727699530515,147.88732394366198,63.38028169014084,14.084507042253522,511.7370892018779,488.26291079812205,1048.076923076923,453.05164319248826,399.06103286384973,56.33802816901409,91.54929577464789,336.0323886639676,388.66396761133603,724.6963562753036,1156.6265060240964
5911,......5911 Cuarny,241,174.2738589211618,634.8547717842323,190.87136929460578,58.09128630705394,53.941908713692946,62.24066390041494,29.04564315352697,103.7344398340249,232.36514522821577,269.7095435684647,112.03319502074689,62.24066390041494,16.597510373443985,526.9709543568465,473.0290456431535,1114.0350877192982,489.6265560165975,377.5933609958506,49.792531120331944,82.98755186721992,274.5098039215687,300.65359477124184,575.1633986928105,1095.2380952380954
5912,......5912 Démoret,173,219.65317919075144,560.693641618497,219.65317919075144,69.36416184971098,98.26589595375724,52.02312138728324,0.0,63.58381502890173,283.2369942196532,213.8728323699422,144.50867052023122,52.02312138728324,23.12138728323699,508.67052023121386,491.3294797687861,1035.294117647059,439.3063583815029,445.08670520231215,34.68208092485549,80.92485549132948,391.7525773195876,391.7525773195876,783.5051546391752,1000.0
5913,......5913 Donneloye,916,195.41484716157206,648.471615720524,156.11353711790395,62.22707423580786,78.60262008733625,54.58515283842795,64.41048034934498,103.7117903930131,230.34934497816596,250.0,78.60262008733625,55.6768558951965,21.83406113537118,477.07423580786025,522.9257641921398,912.3173277661796,484.7161572052402,395.1965065502183,30.567685589519648,89.51965065502183,301.3468013468014,240.74074074074073,542.087542087542,798.8826815642458
5914,......5914 Ependes (VD),379,192.6121372031662,649.0765171503958,158.311345646438,58.047493403693935,76.51715039577836,58.047493403693935,50.13192612137203,102.90237467018468,232.18997361477574,263.85224274406335,65.96306068601584,79.155672823219,13.192612137203167,472.29551451187336,527.7044854881267,895.0,477.57255936675466,416.88654353562004,15.8311345646438,89.70976253298153,296.7479674796748,243.90243902439025,540.650406504065,821.917808219178
5919,......5919 Mathod,725,147.58620689655172,713.103448275862,139.3103448275862,55.172413793103445,52.41379310344828,40.0,60.689655172413794,162.75862068965515,222.06896551724137,267.5862068965517,75.86206896551724,45.51724137931035,17.93103448275862,504.8275862068966,495.17241379310343,1019.4986072423397,493.7931034482759,366.8965517241379,31.724137931034484,107.58620689655173,206.963249516441,195.357833655706,402.321083172147,943.9252336448598
5921,......5921 Molondin,269,204.46096654275092,605.9479553903345,189.5910780669145,59.479553903345725,89.21933085501858,55.762081784386616,29.739776951672862,111.52416356877323,234.2007434944238,230.48327137546468,96.65427509293681,89.21933085501858,3.717472118959108,486.9888475836431,513.0111524163568,949.2753623188406,472.1189591078067,427.5092936802974,29.739776951672862,70.63197026022306,337.4233128834356,312.88343558282213,650.3067484662577,927.2727272727273
5922,......5922 Montagny-près-Yverdon,780,134.6153846153846,689.7435897435897,175.64102564102564,30.76923076923077,55.128205128205124,48.717948717948715,80.76923076923077,133.33333333333334,216.66666666666669,258.974358974359,96.15384615384616,46.15384615384615,33.333333333333336,507.6923076923077,492.3076923076923,1031.25,474.35897435897436,400.0,39.743589743589745,85.8974358974359,195.16728624535315,254.64684014869889,449.81412639405204,1304.7619047619048
5924,......5924 Orges,424,198.11320754716982,693.3962264150944,108.49056603773585,75.47169811320754,54.24528301886792,68.39622641509433,47.16981132075472,129.71698113207546,250.0,266.50943396226415,66.0377358490566,35.37735849056604,7.0754716981132075,521.2264150943397,478.77358490566036,1088.6699507389162,518.8679245283018,344.33962264150944,25.943396226415096,110.84905660377359,285.7142857142857,156.4625850340136,442.17687074829934,547.6190476190477
5925,......5925 Orzens,214,154.2056074766355,635.5140186915887,210.2803738317757,46.72897196261682,51.401869158878505,56.074766355140184,37.38317757009346,135.51401869158877,182.2429906542056,280.3738317757009,107.4766355140187,46.72897196261682,56.074766355140184,490.6542056074766,509.3457943925234,963.302752293578,429.9065420560748,434.57943925233644,46.72897196261682,88.78504672897196,242.64705882352942,330.88235294117646,573.5294117647059,1363.6363636363635
5926,......5926 Pomy,876,199.7716894977169,650.6849315068494,149.54337899543378,59.3607305936073,74.20091324200912,66.21004566210046,66.21004566210046,110.73059360730593,210.0456621004566,263.6986301369863,81.05022831050228,47.94520547945205,20.54794520547945,506.8493150684932,493.1506849315068,1027.7777777777776,470.3196347031963,442.92237442922374,33.10502283105023,53.65296803652968,307.01754385964915,229.82456140350877,536.8421052631579,748.5714285714286
5928,......5928 Rovray,194,226.8041237113402,613.4020618556701,159.79381443298968,46.391752577319586,108.24742268041237,72.16494845360825,51.546391752577314,67.01030927835052,252.57731958762886,242.2680412371134,67.01030927835052,87.62886597938143,5.154639175257732,489.69072164948454,510.30927835051546,959.5959595959596,479.3814432989691,432.9896907216495,10.309278350515465,77.31958762886599,369.74789915966386,260.5042016806723,630.2521008403361,704.5454545454546
5929,......5929 Suchy,663,196.078431372549,702.865761689291,101.05580693815988,61.840120663650076,48.26546003016591,85.97285067873302,72.39819004524888,107.08898944193061,233.78582202111613,289.5927601809955,60.33182503770739,34.690799396681754,6.033182503770739,523.3785822021116,476.6214177978884,1098.1012658227849,475.1131221719457,416.289592760181,30.165912518853695,78.43137254901961,278.96995708154503,143.77682403433477,422.7467811158798,515.3846153846154
5930,......5930 Suscévaz,234,188.03418803418802,611.1111111111112,200.85470085470087,64.1025641025641,51.28205128205128,72.64957264957266,81.1965811965812,98.29059829059828,188.03418803418802,243.5897435897436,81.1965811965812,94.01709401709401,25.64102564102564,495.7264957264957,504.2735042735043,983.0508474576271,482.9059829059829,431.62393162393164,47.008547008547005,38.46153846153847,307.69230769230774,328.67132867132864,636.3636363636364,1068.181818181818
5931,......5931 Treycovagnes,515,157.28155339805824,681.5533980582525,161.16504854368932,42.71844660194175,58.25242718446602,56.310679611650485,62.13592233009709,133.98058252427182,192.23300970873785,293.20388349514565,95.14563106796116,46.601941747572816,19.41747572815534,499.02912621359224,500.9708737864078,996.1240310077519,446.6019417475728,440.7766990291262,40.77669902912621,71.84466019417475,230.76923076923077,236.46723646723646,467.2364672364672,1024.6913580246915
5932,......5932 Ursins,232,176.72413793103448,633.6206896551723,189.65517241379308,56.03448275862069,51.724137931034484,68.9655172413793,38.793103448275865,94.82758620689654,211.20689655172416,288.7931034482759,90.51724137931035,81.89655172413792,17.241379310344826,525.8620689655172,474.1379310344828,1109.0909090909092,418.10344827586204,465.51724137931035,34.48275862068965,81.89655172413792,278.9115646258503,299.31972789115645,578.2312925170068,1073.1707317073171
5933,......5933 Valeyres-sous-Montagny,707,147.1004243281471,653.4653465346535,199.43422913719942,33.946251768033946,57.99151343705799,55.162659123055164,50.91937765205092,118.8118811881188,176.8033946251768,306.9306930693069,107.4964639321075,69.30693069306932,22.63083451202263,479.4908062234795,520.5091937765205,921.1956521739131,431.4002828854314,428.57142857142856,43.84724186704385,96.18104667609619,225.10822510822513,305.1948051948052,530.3030303030303,1355.769230769231
5934,......5934 Valeyres-sous-Ursins,235,119.14893617021278,625.531914893617,255.3191489361702,29.787234042553195,42.5531914893617,46.80851063829787,51.06382978723404,123.40425531914893,119.14893617021278,331.9148936170213,93.61702127659574,123.40425531914893,38.297872340425535,497.8723404255319,502.12765957446805,991.5254237288136,404.25531914893617,455.3191489361702,46.80851063829787,93.61702127659574,190.47619047619045,408.16326530612247,598.6394557823129,2142.8571428571427
5935,......5935 Villars-Epeney,108,231.4814814814815,611.1111111111112,157.40740740740742,46.29629629629629,83.33333333333333,101.85185185185185,55.55555555555555,64.81481481481481,231.4814814814815,259.25925925925924,120.37037037037037,27.777777777777775,9.25925925925926,574.074074074074,425.9259259259259,1347.8260869565217,444.4444444444444,462.962962962963,18.51851851851852,74.07407407407408,378.7878787878788,257.57575757575756,636.3636363636364,680.0
5937,......5937 Vugelles-La Mothe,146,164.3835616438356,691.7808219178082,143.83561643835617,54.794520547945204,27.397260273972602,82.1917808219178,82.1917808219178,82.1917808219178,205.4794520547945,321.9178082191781,95.8904109589041,27.397260273972602,20.54794520547945,479.4520547945205,520.5479452054794,921.0526315789474,465.7534246575342,383.5616438356164,54.794520547945204,95.8904109589041,237.6237623762376,207.9207920792079,445.54455445544556,875.0
5938,......5938 Yverdon-les-Bains,30292,160.07526739733262,656.2128614815794,183.71187112108808,48.560676086095334,54.33777895153836,57.17681235969893,57.37488445794269,126.56807077776311,216.32774329856068,255.94216294731282,84.80787006470355,67.93872969760993,30.965271358774594,490.03037105506405,509.9696289449359,960.9010875194199,482.50363132180115,370.6259078304503,47.96645979136405,98.507856859897,243.93802193379616,279.9577422275883,523.8957641613844,1147.6593111981852
5939,......5939 Yvonand,3524,170.261066969353,629.9659477866061,199.77298524404085,45.40295119182747,58.456299659477864,66.40181611804768,61.861520998864926,103.85925085130533,192.11123723042,272.1339387060159,97.61634506242906,70.37457434733257,31.782065834279226,480.1362088535755,519.8637911464245,923.5807860262008,468.78547105561864,378.2633371169126,54.48354143019296,98.46765039727583,270.27027027027026,317.1171171171171,587.3873873873874,1173.3333333333333
5582,......5582 Cheseaux-sur-Lausanne,4847,152.67175572519085,669.0736538064782,178.25459046833092,50.753043119455334,47.65834536826903,54.260367237466475,55.29193315452857,122.75634413038993,221.1677326181143,269.8576439034454,84.17577883226738,69.9401691768104,24.13864245925315,488.7559315040231,511.24406849597693,956.0129136400323,482.36022281823807,384.36146069733854,35.898493913761094,97.37982257066227,228.18378045020043,266.4199814986124,494.60376194881286,1167.5675675675677
5584,......5584 Epalinges,9905,157.19333669863704,664.6138313982837,178.19283190307925,44.92680464411913,55.62847046945986,56.638061585058054,65.11862695608278,143.96769308430086,194.44724886421,261.08026249369004,83.79606259464917,65.11862695608278,29.278142352347302,480.06057546693586,519.9394245330641,923.3009708737864,491.56991418475513,395.4568399798082,40.48460373548713,72.18576476527006,236.51830472428983,268.11484125778526,504.6331459820751,1133.5902376364804
5585,......5585 Jouxtens-Mézery,1478,152.90933694181328,610.9607577807849,236.12990527740192,33.82949932341001,58.86332882273342,60.216508795669824,58.18673883626523,117.05006765899864,153.58592692828145,282.1380243572395,114.34370771312584,94.04600811907984,27.74018944519621,506.765899864682,493.234100135318,1027.434842249657,426.25169147496615,472.936400541272,27.06359945872801,73.74830852503383,250.2768549280177,386.48947951273533,636.766334440753,1544.2477876106195
5586,......5586 Lausanne,144873,139.60503337405865,716.3308553008497,144.06411132509163,46.73058471902977,47.213766540349134,45.66068211467975,52.33549384633437,161.29299455385063,262.96825495433933,239.7341119463254,67.76279914131688,50.85833799258661,25.442974191188146,486.4950680941238,513.5049319058762,947.40096514457,573.4194777494771,298.13008635149407,34.409448275386026,93.75107853085116,194.8890409242896,201.11392697803944,396.00296790232903,1031.9406674907293
5587,......5587 Le Mont-sur-Lausanne,9531,191.7951946280558,660.056657223796,148.14814814814815,54.55880809988459,68.93295561850803,68.3034309096632,60.64421361871787,110.48158640226629,230.40604343720491,258.524813765607,66.10009442870633,55.39817437834435,26.64987934109747,500.996747455671,499.00325254432903,1003.994953742641,496.6949952785647,398.2792991291575,33.57465113839052,71.34613366907983,290.5738356382133,224.4476235892545,515.0214592274677,772.4288840262582
5592,......5592 Romanel-sur-Lausanne,4321,163.3881046054154,669.7523721360797,166.85952325850496,65.26267067808378,50.91414024531358,47.21129368201805,48.3684332330479,137.00532284193474,236.05646841009025,248.3221476510067,77.99120573941218,68.27123351076139,20.597084008331404,491.78430918768805,508.215690812312,967.6684881602914,494.5614441101597,380.2360564684101,36.33418190233742,88.8683175190928,243.95300621976503,249.13614374568073,493.0891499654457,1021.2464589235128
5581,......5581 Belmont-sur-Lausanne,3915,168.58237547892722,671.5197956577267,159.89782886334612,47.254150702426564,61.30268199233716,60.02554278416347,66.15581098339719,107.27969348659005,196.42401021711368,301.6602809706258,82.50319284802043,55.68326947637293,21.711366538952745,497.8288633461047,502.17113665389525,991.353001017294,479.6934865900383,403.3205619412516,28.097062579821202,88.88888888888889,251.0460251046025,238.11335108406237,489.1593761886649,948.4848484848485
5588,......5588 Paudex,1509,147.77998674618954,640.1590457256461,212.06096752816433,49.03909874088801,51.68986083499006,47.051027170311464,43.07488402915838,96.75281643472498,239.89396951623593,260.4373757455268,92.7766732935719,89.46322067594434,29.82107355864811,487.740225314778,512.2597746852219,952.1345407503235,470.51027170311465,395.6262425447316,43.7375745526839,89.46322067594434,230.8488612836439,331.26293995859214,562.1118012422361,1434.9775784753363
5590,......5590 Pully,19538,150.93663629849524,632.9716449994883,216.09171870201658,47.49718497287338,51.07994677039615,52.35950455522571,58.706111167980346,97.60466782679906,212.04831610195515,264.61254990275364,86.19101238611935,87.11229399119665,42.78841232470058,471.6449994881769,528.3550005118232,892.666860408796,477.4286006756065,372.30013307400964,50.10748285392568,99.8566895280991,238.45718444246785,341.392415298779,579.8495997412468,1431.6717531366564
5601,......5601 Chexbres,2261,141.97257850508623,628.9252543122512,229.10216718266255,41.57452454666077,46.88191065900045,53.51614329942504,58.8235294117647,90.22556390977444,202.56523662096419,277.3109243697479,87.5718708536046,83.14904909332154,58.3812472357364,459.08889871738165,540.9111012826183,848.7326246933769,482.52985404688195,326.84652808491813,74.74568774878372,115.87793011941619,225.73839662447256,364.27566807313644,590.014064697609,1613.7071651090341
5604,......5604 Forel (Lavaux),2087,169.62146621945377,648.2989937709631,182.07954000958313,55.10301868711068,55.10301868711068,59.41542884523239,50.790608528988976,86.72735984666987,211.78725443219935,298.9937709631049,91.51892668902731,73.31097268806899,17.249640632486823,495.9271681839962,504.0728318160038,983.8403041825095,464.30282702443697,404.8873981792046,36.41590800191663,94.39386679444178,261.6407982261641,280.85735402808575,542.4981522542498,1073.446327683616
5606,......5606 Lutry,10751,146.87005859920006,624.1279880941307,229.00195330666915,43.53083434099154,52.27420705050693,51.06501720770161,50.41391498465259,93.85173472235141,197.19095898055994,282.6713794065668,99.89768393637802,87.52674169844666,41.57752767184448,484.3270393451772,515.6729606548229,939.2135642135642,455.58552692772764,399.8697795553902,52.83229467026323,91.61938424332621,235.3204172876304,366.91505216095385,602.2354694485842,1559.214692843572
5607,......5607 Puidoux,2974,148.95763281775388,704.4384667114997,146.60390047074648,45.05716207128446,48.4196368527236,55.4808338937458,60.86079354404842,118.3591123066577,227.97579018157361,297.2427706792199,79.35440484196369,50.773369199731,16.47612642905178,509.7511768661735,490.24882313382653,1039.7805212620028,485.2051109616678,393.4095494283793,31.94351042367182,89.4418291862811,211.45584725536992,208.11455847255368,419.5704057279236,984.1986455981942
5609,......5609 Rivaz,329,112.46200607902736,650.4559270516718,237.08206686930092,51.671732522796354,33.43465045592705,27.35562310030395,33.43465045592705,133.7386018237082,188.4498480243161,294.8328267477204,88.14589665653496,88.14589665653496,60.79027355623101,504.55927051671733,495.44072948328267,1018.40490797546,443.76899696048633,440.7294832826748,33.43465045592705,82.06686930091185,172.89719626168224,364.4859813084112,537.3831775700935,2108.108108108108
5610,......5610 Saint-Saphorin (Lavaux),387,116.27906976744185,715.7622739018088,167.95865633074936,23.25581395348837,43.927648578811365,49.09560723514212,69.76744186046511,108.52713178294573,240.31007751937986,297.15762273901805,90.43927648578811,56.84754521963824,20.671834625322997,519.3798449612403,480.6201550387597,1080.6451612903224,516.7958656330749,377.2609819121447,23.25581395348837,82.68733850129199,162.4548736462094,234.65703971119135,397.1119133574007,1444.4444444444443
5611,......5611 Savigny,3517,166.3349445550185,633.7787887404037,199.88626670457776,50.32698322433893,57.71964742678419,58.288313903895364,53.1703156098948,96.38896787034403,202.16093261302245,282.05857264714246,107.19363093545635,69.66164344611884,23.030992323002557,502.1324992891669,497.8675007108331,1008.5665334094803,466.02217799260734,414.5578618140461,39.23798692067103,80.18197327267558,262.4495289367429,315.38806639748765,577.8375953342306,1201.7094017094016
5613,......5613 Bourg-en-Lavaux,5464,139.8243045387994,643.8506588579795,216.3250366032211,44.65592972181552,44.83894582723279,50.329428989751094,56.91800878477306,94.43631039531479,197.10834553440705,295.3879941434846,107.43045387994144,81.62518301610541,27.269399707174234,498.1698389458272,501.8301610541728,992.7060539752006,456.99121522693997,413.6163982430454,40.812591508052705,88.39677891654466,217.16884593519046,335.98635588402504,553.1552018192156,1547.1204188481674
5790,......5790 Maracon,569,182.77680140597542,648.506151142355,168.7170474516696,52.72407732864675,66.78383128295255,63.2688927943761,59.753954305799645,91.38840070298771,193.32161687170475,304.04217926186294,103.69068541300527,50.966608084358526,14.0597539543058,467.48681898066786,532.5131810193323,877.8877887788778,456.94200351493845,420.0351493848858,36.90685413005272,86.11599297012303,281.8428184281843,260.1626016260163,542.0054200542005,923.0769230769231
5792,......5792 Montpreveyres,656,141.7682926829268,728.6585365853658,129.5731707317073,51.829268292682926,51.829268292682926,38.109756097560975,82.31707317073172,138.71951219512195,195.1219512195122,312.5,77.7439024390244,38.109756097560975,13.71951219512195,504.57317073170725,495.4268292682927,1018.4615384615386,500.0,387.1951219512195,30.48780487804878,82.31707317073172,194.56066945606696,177.82426778242677,372.3849372384937,913.9784946236559
5799,......5799 Servion,2228,182.2262118491921,650.359066427289,167.41472172351885,48.47396768402154,74.95511669658887,58.797127468581685,60.14362657091562,90.66427289048474,201.97486535008977,297.5763016157989,91.11310592459606,59.245960502693,17.055655296229805,499.10233393177737,500.89766606822263,996.415770609319,478.45601436265713,415.6193895870736,32.76481149012567,73.15978456014363,280.19323671497585,257.4189095928227,537.6121463077985,918.7192118226601
5805,......5805 Oron,6341,181.99022236240341,647.374231193818,170.6355464437786,57.561898754139726,64.343163538874,60.08516006938969,62.45071755243652,101.40356410660779,223.1509225674184,260.3690269673553,88.31414603374863,56.93108342532723,25.39031698470273,486.516322346633,513.483677653367,947.4815724815725,483.6776533669768,387.47831572307206,41.00299637281186,87.68333070493613,281.12058465286236,263.5809987819732,544.7015834348356,937.6083188908145
5806,......5806 Jorat-Mézières,3189,167.13703355283786,658.2000627155849,174.6629037315773,48.29100031357792,55.50329256820319,63.34274067105676,65.53778613985575,116.33740984634682,201.63060520539355,274.69426152398876,98.14989024772656,57.38476011288805,19.128253370962685,481.3421135152085,518.6578864847914,928.0532043530835,478.83349012229536,385.7008466603951,47.03668861712136,88.42897460018814,253.9304430681277,265.3644592663173,519.2949023344449,1045.028142589118
5422,......5422 Aubonne,3856,152.74896265560167,666.753112033195,180.49792531120332,37.344398340248965,52.12655601659751,63.27800829875518,59.90663900414938,115.92323651452283,193.7240663900415,297.1991701244813,89.9896265560166,64.05601659751036,26.452282157676347,503.11203319502073,496.88796680497927,1012.5260960334028,463.9522821576764,411.8257261410788,38.122406639004154,85.84024896265561,229.09373784519644,270.71178529754957,499.805523142746,1181.6638370118847
5423,......5423 Ballens,579,157.16753022452502,639.0328151986183,203.79965457685665,56.994818652849744,60.44905008635579,39.72366148531951,63.90328151986183,136.44214162348877,189.98272884283247,248.70466321243524,96.71848013816927,74.26597582037996,32.81519861830743,493.95509499136443,506.0449050086355,976.1092150170648,455.95854922279796,433.50604490500865,37.99654576856649,72.53886010362693,245.94594594594597,318.91891891891896,564.8648648648649,1296.7032967032967
5424,......5424 Berolle,303,171.6171617161716,663.3663366336634,165.01650165016503,59.4059405940594,69.30693069306932,42.9042904290429,62.7062706270627,118.8118811881188,178.21782178217822,303.63036303630366,92.4092409240924,52.805280528052805,19.801980198019802,504.950495049505,495.049504950495,1020.0,468.64686468646863,409.2409240924093,52.805280528052805,69.30693069306932,258.70646766169153,248.75621890547265,507.4626865671642,961.5384615384615
5425,......5425 Bière,1669,158.77771120431396,663.8705811863391,177.3517076093469,43.73876572798083,49.73037747153984,65.30856800479329,48.53205512282804,119.83223487118035,218.09466746554824,277.4116237267825,83.88256440982624,64.70940683043739,28.75973636908328,505.0928699820252,494.9071300179748,1020.581113801453,448.7717195925704,403.2354703415219,48.53205512282804,98.8615937687238,239.16967509025272,267.14801444043326,506.3176895306859,1116.9811320754716
5426,......5426 Bougy-Villars,514,107.00389105058365,671.2062256809338,221.78988326848247,35.01945525291829,35.01945525291829,36.964980544747085,71.98443579766537,103.11284046692606,178.98832684824902,317.1206225680934,126.45914396887159,73.92996108949417,21.40077821011673,484.43579766536965,515.5642023346303,939.622641509434,433.85214007782105,463.03501945525295,29.182879377431906,73.92996108949417,159.42028985507244,330.4347826086956,489.8550724637681,2072.727272727273
5427,......5427 Féchy,923,154.9295774647887,676.056338028169,169.01408450704224,42.25352112676056,57.42145178764897,55.2546045503792,70.42253521126761,109.4257854821235,173.3477789815818,322.8602383531961,87.7573131094258,68.25568797399784,13.001083423618635,498.37486457204767,501.6251354279523,993.5205183585313,453.9544962080173,453.9544962080173,29.25243770314193,62.8385698808234,229.16666666666666,250.0,479.1666666666667,1090.9090909090908
5428,......5428 Gimel,2457,192.91819291819291,634.9206349206349,172.16117216117215,57.38705738705738,70.81807081807082,64.71306471306472,54.53805453805454,111.1111111111111,208.38420838420836,260.8872608872609,91.98209198209197,55.35205535205535,24.827024827024825,487.99348799348803,512.006512006512,953.1001589825119,470.8994708994709,389.09238909238906,39.479039479039486,100.12210012210012,303.8461538461538,271.15384615384613,575.0,892.4050632911392
5431,......5431 Mollens (VD),324,123.45679012345678,725.3086419753087,151.23456790123458,55.55555555555555,49.382716049382715,18.51851851851852,30.864197530864196,114.19753086419752,243.82716049382717,336.41975308641975,74.07407407407408,55.55555555555555,21.604938271604937,543.2098765432098,456.79012345679007,1189.1891891891892,438.2716049382716,422.8395061728395,43.20987654320987,95.67901234567901,170.2127659574468,208.51063829787233,378.72340425531917,1225.0
5435,......5435 Saint-Livres,715,159.44055944055944,696.5034965034965,144.05594405594405,51.74825174825175,50.349650349650354,57.34265734265735,51.74825174825175,113.2867132867133,190.2097902097902,341.2587412587413,71.32867132867132,46.15384615384615,26.573426573426573,489.51048951048955,510.4895104895105,958.904109589041,447.5524475524476,402.79720279720283,46.15384615384615,102.0979020979021,228.9156626506024,206.82730923694777,435.7429718875502,903.5087719298245
5436,......5436 Saint-Oyens,457,201.3129102844639,680.5251641137856,118.16192560175055,61.2691466083151,80.96280087527352,59.08096280087528,54.70459518599562,102.84463894967178,210.06564551422318,312.910284463895,67.83369803063458,39.38730853391685,10.940919037199125,503.2822757111597,496.71772428884026,1013.2158590308371,457.33041575492337,426.69584245076584,28.446389496717725,85.33916849015317,295.81993569131834,173.63344051446947,469.45337620578783,586.9565217391305
5437,......5437 Saubraz,447,185.68232662192395,720.3579418344519,93.95973154362416,55.92841163310962,51.45413870246085,78.29977628635346,80.53691275167785,120.80536912751678,223.71364653243847,295.3020134228188,49.21700223713647,38.03131991051454,6.7114093959731544,512.3042505592841,487.6957494407159,1050.4587155963302,525.7270693512305,382.5503355704698,29.082774049217,62.639821029082775,257.76397515527947,130.43478260869566,388.19875776397515,506.0240963855421
5474,......5474 La Chaux (Cossonay),432,173.61111111111111,625.0,201.38888888888889,41.666666666666664,60.18518518518518,71.75925925925925,60.18518518518518,85.64814814814815,175.92592592592592,303.24074074074076,118.05555555555556,71.75925925925925,11.574074074074073,511.5740740740741,488.4259259259259,1047.39336492891,465.27777777777777,386.5740740740741,55.55555555555555,92.59259259259258,277.77777777777777,322.22222222222223,600.0,1160.0
5475,......5475 Chavannes-le-Veyron,160,250.0,581.25,168.75,81.25,81.25,87.5,31.25,50.0,256.25,243.75,118.75,50.0,0.0,493.75,506.25,975.3086419753087,475.0,418.75,12.5,93.75,430.10752688172045,290.32258064516134,720.4301075268818,675.0
5476,......5476 Chevilly,346,187.86127167630056,696.5317919075145,115.60693641618496,52.02312138728324,40.46242774566474,95.3757225433526,54.91329479768786,121.38728323699422,205.20231213872833,315.028901734104,66.47398843930635,40.46242774566474,8.670520231213873,488.4393063583815,511.5606936416185,954.8022598870057,523.121387283237,390.1734104046243,23.12138728323699,63.58381502890173,269.7095435684647,165.97510373443984,435.6846473029046,615.3846153846155
5477,......5477 Cossonay,4893,160.63764561618638,696.5052115266708,142.85714285714286,57.63335377069283,51.91089311260985,51.09339873288371,52.72838749233599,141.63090128755366,244.83956672797873,257.3063560188024,78.88820764357244,49.86715716329451,14.101778050275904,486.4091559370529,513.5908440629471,947.075208913649,504.18965869609644,373.7993051297772,31.473533619456365,90.3331289597384,230.6338028169014,205.1056338028169,435.73943661971833,889.3129770992366
5479,......5479 Cuarnens,561,224.59893048128345,614.9732620320856,160.42780748663102,83.77896613190731,69.5187165775401,71.301247771836,37.4331550802139,105.1693404634581,228.16399286987522,244.2067736185383,103.38680926916221,37.4331550802139,19.607843137254903,532.9768270944742,467.0231729055259,1141.2213740458014,490.19607843137254,409.98217468805706,33.8680926916221,65.9536541889483,365.2173913043478,260.8695652173913,626.0869565217391,714.2857142857143
5481,......5481 Dizy,238,172.2689075630252,701.6806722689075,126.05042016806722,50.42016806722689,46.21848739495798,75.63025210084034,37.81512605042017,138.65546218487395,226.890756302521,298.3193277310924,88.23529411764706,16.80672268907563,21.008403361344538,491.5966386554622,508.40336134453776,966.9421487603306,521.0084033613446,382.35294117647055,16.80672268907563,79.83193277310924,245.50898203592814,179.64071856287424,425.14970059880244,731.7073170731708
5482,......5482 Eclépens,1210,181.8181818181818,657.0247933884298,161.15702479338842,52.892561983471076,68.59504132231405,60.3305785123967,53.719008264462815,98.34710743801652,242.1487603305785,262.8099173553719,84.29752066115702,52.066115702479344,24.793388429752067,510.74380165289256,489.25619834710744,1043.918918918919,457.8512396694215,413.22314049586777,34.71074380165289,93.38842975206612,276.7295597484277,245.28301886792454,522.0125786163522,886.3636363636364
5483,......5483 Ferreyres,309,174.75728155339806,644.0129449838188,181.22977346278319,45.307443365695796,48.543689320388346,80.90614886731392,64.72491909385113,77.66990291262135,168.28478964401293,333.3333333333333,100.32362459546925,80.90614886731392,0.0,527.5080906148867,472.4919093851133,1116.4383561643835,433.6569579288026,488.6731391585761,22.653721682847898,55.01618122977346,271.356783919598,281.4070351758794,552.7638190954773,1037.037037037037
5484,......5484 Gollion,1066,185.74108818011257,665.1031894934334,149.15572232645403,61.91369606003752,63.789868667917446,60.0375234521576,42.213883677298305,88.18011257035647,243.90243902439025,290.80675422138836,77.86116322701689,62.851782363977485,8.442776735459663,491.5572232645403,508.4427767354597,966.789667896679,474.671669793621,401.50093808630396,33.77110694183865,90.0562851782364,279.26657263751764,224.25952045133994,503.5260930888575,803.030303030303
5485,......5485 Grancy,538,200.74349442379182,654.2750929368029,144.9814126394052,78.06691449814126,68.77323420074349,53.90334572490706,53.90334572490706,105.94795539033457,230.48327137546468,263.9405204460967,78.06691449814126,52.04460966542751,14.869888475836431,486.9888475836431,513.0111524163568,949.2753623188406,526.0223048327138,369.88847583643127,22.304832713754646,81.78438661710037,306.8181818181818,221.5909090909091,528.409090909091,722.2222222222222
5486,......5486 L'Isle,1094,163.6197440585009,640.7678244972577,195.6124314442413,58.50091407678245,50.274223034734916,54.844606946983546,64.89945155393052,85.92321755027423,209.3235831809872,280.6215722120658,104.20475319926874,68.55575868372942,22.851919561243143,503.6563071297989,496.3436928702011,1014.7329650092081,478.0621572212066,380.2559414990859,42.04753199268738,99.63436928702012,255.3495007132668,305.27817403708985,560.6276747503567,1195.5307262569831
5488,......5488 Mauraz,67,149.25373134328356,746.2686567164179,104.4776119402985,74.62686567164178,74.62686567164178,0.0,74.62686567164178,59.701492537313435,283.5820895522388,328.35820895522386,59.701492537313435,29.850746268656717,14.925373134328359,507.4626865671642,492.5373134328358,1030.3030303030303,388.05970149253733,537.3134328358209,14.925373134328359,59.701492537313435,200.0,140.0,340.0,700.0
5490,......5490 Moiry,300,163.33333333333334,613.3333333333333,223.33333333333331,43.333333333333336,56.666666666666664,63.333333333333336,36.666666666666664,113.33333333333333,176.66666666666666,286.6666666666667,120.0,90.0,13.333333333333334,500.0,500.0,1000.0,450.0,426.6666666666667,36.666666666666664,83.33333333333333,266.304347826087,364.1304347826087,630.4347826086956,1367.3469387755101
5491,......5491 Mont-la-Ville,496,179.43548387096774,637.0967741935484,183.46774193548387,68.54838709677419,72.58064516129033,38.306451612903224,64.51612903225806,72.58064516129033,201.61290322580643,298.38709677419354,108.87096774193549,62.5,12.096774193548386,518.1451612903227,481.85483870967744,1075.313807531381,425.40322580645164,483.8709677419355,20.161290322580644,70.56451612903227,281.6455696202532,287.9746835443038,569.620253164557,1022.4719101123596
5492,......5492 Montricher,943,138.91834570519617,676.5641569459173,184.51749734888654,48.78048780487805,34.994697773064686,55.143160127253445,50.901378579003186,117.70943796394485,203.60551431601274,304.34782608695656,97.5609756097561,72.11028632025452,14.846235418875928,490.9862142099682,509.01378579003176,964.5833333333334,430.5408271474019,443.2661717921527,38.17603393425239,86.95652173913044,205.32915360501568,272.7272727272727,478.0564263322884,1328.2442748091603
5493,......5493 Orny,497,171.0261569416499,698.1891348088532,130.784708249497,62.374245472837025,60.36217303822938,48.2897384305835,54.32595573440644,152.91750503018108,203.21931589537223,287.7263581488934,60.36217303822938,36.21730382293763,34.205231388329985,490.9456740442656,509.0543259557344,964.4268774703557,541.2474849094567,311.8712273641851,54.32595573440644,92.5553319919517,244.95677233429393,187.31988472622479,432.2766570605187,764.7058823529411
5497,......5497 Pompaples,932,206.00858369098714,653.4334763948498,140.5579399141631,63.30472103004292,76.18025751072962,66.52360515021459,62.231759656652365,126.60944206008584,210.30042918454936,254.29184549356222,76.18025751072962,46.137339055793994,18.240343347639485,504.2918454935622,495.7081545064378,1017.3160173160175,543.9914163090128,329.3991416309013,25.751072961373392,85.83690987124463,315.27093596059115,215.10673234811165,530.3776683087028,682.2916666666666
5498,......5498 La Sarraz,2615,170.5544933078394,663.8623326959847,165.58317399617593,49.33078393881453,53.53728489483748,67.68642447418738,66.15678776290632,111.66347992351817,197.3231357552581,288.7189292543021,87.18929254302103,60.038240917782026,18.35564053537285,473.0401529636711,526.9598470363289,897.677793904209,493.30783938814534,369.7896749521988,42.44741873804971,94.45506692160612,256.9124423963134,249.42396313364054,506.33640552995394,970.8520179372198
5499,......5499 Senarclens,480,185.41666666666669,639.5833333333333,175.0,35.416666666666664,79.16666666666666,70.83333333333333,56.25,87.5,206.25,289.58333333333337,81.25,64.58333333333334,29.166666666666668,525.0,475.0,1105.2631578947369,452.0833333333333,414.58333333333337,47.91666666666667,85.41666666666667,289.90228013029315,273.6156351791531,563.5179153094463,943.8202247191011
5621,......5621 Aclens,585,181.19658119658118,675.2136752136753,143.5897435897436,66.66666666666667,52.99145299145299,61.53846153846154,42.73504273504273,119.65811965811966,242.73504273504273,270.0854700854701,78.63247863247864,46.15384615384615,18.803418803418804,529.9145299145299,470.0854700854701,1127.2727272727273,485.47008547008545,406.8376068376068,20.512820512820515,87.17948717948717,268.3544303797468,212.65822784810126,481.01265822784814,792.4528301886793
5622,......5622 Bremblens,614,169.38110749185668,679.1530944625407,151.4657980456026,47.23127035830619,50.4885993485342,71.6612377850163,68.40390879478828,107.49185667752444,203.5830618892508,299.6742671009772,91.20521172638436,39.08794788273615,21.172638436482085,504.885993485342,495.114006514658,1019.736842105263,467.4267100977199,428.3387622149837,24.4299674267101,79.80456026058631,249.40047961630697,223.02158273381295,472.4220623501199,894.2307692307693
5623,......5623 Buchillon,686,169.09620991253644,612.2448979591837,218.6588921282799,18.950437317784257,80.17492711370262,69.97084548104957,58.309037900874635,87.46355685131195,179.3002915451895,287.1720116618076,102.04081632653062,88.92128279883383,27.696793002915452,488.3381924198251,511.66180758017487,954.4159544159544,421.28279883381924,463.5568513119533,36.44314868804665,78.71720116618076,276.1904761904762,357.14285714285717,633.3333333333333,1293.103448275862
5628,......5628 Chigny,420,192.85714285714286,680.952380952381,126.19047619047619,47.61904761904761,83.33333333333333,61.904761904761905,78.57142857142857,109.52380952380952,204.76190476190476,288.0952380952381,83.33333333333333,35.714285714285715,7.142857142857142,523.8095238095239,476.19047619047615,1100.0,507.1428571428571,416.6666666666667,11.904761904761903,64.28571428571428,283.21678321678326,185.3146853146853,468.53146853146853,654.320987654321
5629,......5629 Clarmont,228,166.66666666666666,692.9824561403509,140.35087719298244,57.017543859649116,61.40350877192982,48.24561403508772,65.78947368421052,109.64912280701753,236.8421052631579,280.7017543859649,83.33333333333333,26.31578947368421,30.70175438596491,478.0701754385965,521.9298245614035,915.9663865546219,526.3157894736842,324.56140350877195,30.70175438596491,109.64912280701753,240.50632911392407,202.53164556962025,443.0379746835443,842.1052631578947
5631,......5631 Denens,742,138.81401617250674,656.3342318059299,204.85175202156333,30.99730458221024,53.90835579514825,53.90835579514825,47.16981132075472,107.8167115902965,190.02695417789758,311.3207547169811,111.85983827493263,59.299191374663074,33.692722371967655,483.8274932614555,516.1725067385444,937.33681462141,424.52830188679246,447.4393530997305,30.99730458221024,97.03504043126685,211.49897330595482,312.1149897330596,523.6139630390144,1475.7281553398059
5632,......5632 Denges,1830,143.71584699453553,730.0546448087432,126.22950819672133,54.09836065573771,44.80874316939891,44.80874316939891,48.63387978142077,158.46994535519127,227.86885245901638,295.08196721311475,74.86338797814207,37.158469945355186,14.207650273224045,509.28961748633884,490.7103825136612,1037.8619153674833,486.3387978142076,408.19672131147536,33.333333333333336,72.1311475409836,196.8562874251497,172.90419161676647,369.76047904191614,878.3269961977186
5633,......5633 Echandens,2999,119.03967989329776,670.8902967655886,210.0700233411137,40.01333777925975,38.01267089029677,41.01367122374125,85.69523174391463,186.06202067355784,163.0543514504835,236.07869289763252,88.69623207735911,87.3624541513838,34.01133711237079,505.16838946315437,494.8316105368456,1020.8894878706199,499.1663887962654,368.12270756918974,51.68389463154384,81.027009003001,177.43538767395626,313.12127236580517,490.5566600397614,1764.7058823529412
5634,......5634 Echichens,3222,182.18497827436374,626.9397889509621,190.87523277467412,56.17628801986344,62.38361266294227,63.62507759155804,53.382991930477964,93.73060211049038,201.1173184357542,278.70887647423956,85.04034761018,58.03848541278709,47.796399751707014,477.03289882060835,522.9671011793918,912.1661721068249,466.48044692737426,411.54562383612665,48.41713221601489,73.55679702048418,290.5940594059406,304.45544554455444,595.049504950495,1047.7001703577514
5636,......5636 Etoy,2962,135.71910871033086,705.9419311276165,158.33896016205267,38.82511816340311,44.22687373396354,52.66711681296422,70.56043214044564,123.5651586765699,175.219446320054,336.5968939905469,68.53477380148549,64.82106684672519,24.983119513842,494.2606347062796,505.7393652937204,977.3030707610146,470.2903443619176,388.5887913571911,45.57731262660364,95.54355165428764,192.25251076040172,224.29459588713536,416.5471066475371,1166.6666666666667
5637,......5637 Lavigny,1099,182.89353958143766,675.1592356687897,141.94722474977254,52.775250227479525,51.865332120109194,78.25295723384895,66.42402183803458,102.82074613284804,204.73157415832574,301.1828935395814,87.35213830755232,44.58598726114649,10.009099181073703,505.00454959053684,494.99545040946316,1020.2205882352941,494.99545040946316,414.0127388535032,20.928116469517743,70.06369426751593,270.88948787062,210.24258760107816,481.1320754716981,776.1194029850747
5638,......5638 Lonay,2734,131.67520117044623,644.4769568397952,223.8478419897586,36.5764447695684,47.183613752743234,47.915142648134605,61.08266276517922,120.33650329188004,187.6371616678859,275.42062911485004,90.34381858083394,72.05559619604975,61.448427212874904,478.054133138259,521.945866861741,915.9074982480728,435.6254572055596,423.9209948792977,63.643013899049016,76.81053401609364,204.3132803632236,347.33257661748013,551.6458569807038,1700.0
5639,......5639 Lully (VD),836,191.38755980861245,625.5980861244019,183.01435406698565,47.84688995215311,75.35885167464116,68.18181818181817,66.98564593301435,106.45933014354067,166.26794258373207,285.88516746411483,92.10526315789473,72.96650717703349,17.942583732057415,508.3732057416268,491.6267942583732,1034.0632603406325,472.488038277512,421.05263157894734,35.88516746411483,69.377990430622,305.92734225621416,292.5430210325048,598.470363288719,956.25
5640,......5640 Lussy-sur-Morges,719,200.27816411682892,589.7079276773296,210.01390820584146,57.02364394993046,66.75938803894297,76.49513212795549,75.10431154381085,76.49513212795549,166.89847009735746,271.21001390820584,91.7941585535466,66.75938803894297,51.46036161335188,470.09735744089016,529.90264255911,887.1391076115485,449.23504867872043,413.0737134909597,65.36856745479832,72.32267037552157,339.62264150943395,356.1320754716981,695.7547169811321,1048.611111111111
5642,......5642 Morges,17701,141.06547652674988,673.9732218518728,184.96130162137734,51.353030902208914,45.64713857974126,44.06530704479973,47.34195808146433,130.78357154962995,251.8501779560477,243.99751426473082,72.9902265408734,76.09739562736569,35.87367945313824,481.554714422914,518.445285577086,928.8438487523156,491.15869159934465,361.0530478504039,48.754307666233544,98.5820010168917,209.30427493713327,274.43419949706623,483.7384744341995,1311.1734080897077
5643,......5643 Préverenges,5260,146.38783269961976,663.4980988593155,190.11406844106463,43.346007604562736,46.57794676806084,56.463878326996195,68.8212927756654,114.63878326996198,200.38022813688212,279.6577946768061,84.9809885931559,80.79847908745246,24.334600760456272,489.16349809885935,510.8365019011407,957.5735020468924,469.9619771863118,389.1634980988593,42.39543726235741,98.47908745247149,220.63037249283667,286.5329512893983,507.16332378223495,1298.7012987012986
5645,......5645 Romanel-sur-Morges,454,114.53744493392071,689.4273127753304,196.0352422907489,57.268722466960355,28.634361233480178,28.634361233480178,50.66079295154185,127.7533039647577,193.83259911894274,317.1806167400881,123.34801762114537,52.863436123348016,19.823788546255507,502.2026431718062,497.7973568281938,1008.8495575221239,462.55506607929516,418.50220264317176,39.647577092511014,79.29515418502203,166.13418530351436,284.3450479233227,450.4792332268371,1711.5384615384614
5646,......5646 Saint-Prex,5865,160.44330775788575,672.6342710997443,166.92242114236998,48.93435635123615,51.83290707587383,59.67604433077579,65.47314578005114,106.90537084398977,197.95396419437338,302.30179028132994,86.10400682011935,61.551577152600174,19.26683716965047,487.29752770673485,512.7024722932651,950.4489524442967,475.87382779198634,390.28132992327363,36.146632566069904,97.69820971867007,238.5297845373891,248.16223067173638,486.6920152091255,1040.3825717321997
5649,......5649 Tolochenaz,1934,160.8066184074457,676.8355739400207,162.3578076525336,44.98448810754912,59.4622543950362,56.359875904860395,56.359875904860395,125.64632885211996,197.0010341261634,297.82833505687694,83.76421923474663,53.25749741468459,25.33609100310238,497.41468459152014,502.58531540847986,989.7119341563786,468.976215098242,392.4508790072389,33.092037228541884,104.96380558428129,237.58594346829642,239.877769289534,477.4637127578304,1009.6463022508037
5650,......5650 Vaux-sur-Morges,185,156.75675675675677,621.6216216216216,221.62162162162164,43.24324324324324,64.86486486486487,48.64864864864865,64.86486486486487,145.94594594594597,156.75675675675677,254.05405405405406,91.8918918918919,108.10810810810811,21.62162162162162,518.918918918919,481.0810810810811,1078.6516853932585,454.05405405405406,410.81081081081084,43.24324324324324,91.8918918918919,252.17391304347825,356.52173913043475,608.6956521739131,1413.7931034482758
5652,......5652 Villars-sous-Yens,602,166.11295681063123,674.4186046511628,159.46843853820596,48.17275747508306,54.817275747508305,63.12292358803987,53.15614617940199,111.29568106312291,200.9966777408638,308.9700996677741,91.36212624584718,53.15614617940199,14.950166112956811,490.0332225913621,509.9667774086378,960.9120521172638,471.7607973421927,413.62126245847173,21.59468438538206,93.02325581395348,246.30541871921181,236.45320197044333,482.7586206896552,960.0
5653,......5653 Vufflens-le-Château,837,154.12186379928318,642.7718040621266,203.1063321385902,41.81600955794504,52.56869772998805,59.73715651135006,76.46356033452807,102.74790919952211,161.29032258064515,302.2700119474313,103.9426523297491,76.46356033452807,22.700119474313023,508.96057347670256,491.0394265232975,1036.4963503649635,425.3285543608124,476.7025089605735,34.64755077658303,63.32138590203107,239.77695167286245,315.9851301115242,555.7620817843866,1317.829457364341
5654,......5654 Vullierens,547,166.3619744058501,643.510054844607,190.12797074954295,53.016453382084094,49.36014625228519,63.98537477148081,51.18829981718464,78.61060329067641,235.83180987202925,277.87934186471665,107.86106032906764,63.98537477148081,18.281535648994517,510.054844606947,489.945155393053,1041.044776119403,475.31992687385736,387.5685557586837,36.56307129798903,96.89213893967093,258.5227272727273,295.4545454545455,553.9772727272727,1142.857142857143
5655,......5655 Yens,1498,177.57009345794393,646.8624833110814,175.56742323097464,46.72897196261682,56.742323097463284,74.09879839786382,65.42056074766354,90.78771695594126,181.57543391188253,309.0787716955941,82.10947930574099,74.09879839786382,19.359145527369826,515.3538050734312,484.64619492656874,1063.3608815426999,457.94392523364485,428.57142857142856,38.05073431241655,75.43391188251002,274.5098039215687,271.41382868937046,545.9236326109391,988.7218045112783
5656,......5656 Hautemorges,4383,183.4360027378508,641.1133926534337,175.4506046087155,58.40748345881816,62.97056810403832,62.057951174994294,51.562856490987905,111.79557380789413,205.5669632671686,272.18799908738305,87.15491672370521,65.25211042664841,23.043577458361852,490.3034451289072,509.69655487109287,961.9516562220233,469.54140999315536,401.77960301163586,42.20853296828656,86.4704540269222,286.12099644128114,273.66548042704625,559.7864768683274,956.4676616915423
5851,......5851 Allaman,430,120.93023255813954,704.6511627906978,174.4186046511628,48.83720930232558,32.55813953488372,39.53488372093023,65.11627906976744,123.25581395348837,204.65116279069767,311.6279069767442,81.39534883720931,69.76744186046511,23.25581395348837,490.6976744186046,509.30232558139534,963.4703196347032,476.74418604651163,418.60465116279073,41.860465116279066,62.79069767441861,171.6171617161716,247.5247524752475,419.1419141914192,1442.3076923076924
5429,......5429 Longirod,556,163.66906474820144,647.4820143884892,188.84892086330933,59.35251798561151,59.35251798561151,44.96402877697842,64.74820143884892,97.12230215827338,183.45323741007195,302.158273381295,109.71223021582733,61.15107913669065,17.985611510791365,508.99280575539575,491.0071942446043,1036.6300366300368,467.62589928057554,419.0647482014389,35.97122302158273,77.33812949640289,252.77777777777777,291.6666666666667,544.4444444444443,1153.8461538461538
5430,......5430 Marchissy,508,147.63779527559055,690.9448818897638,161.41732283464566,49.21259842519685,49.21259842519685,49.21259842519685,80.70866141732283,104.33070866141732,200.78740157480314,305.1181102362205,92.51968503937007,53.1496062992126,15.748031496062993,521.6535433070866,478.34645669291336,1090.5349794238684,470.4724409448819,417.3228346456693,25.590551181102363,86.61417322834646,213.67521367521366,233.6182336182336,447.2934472934473,1093.3333333333333
5434,......5434 Saint-George,1081,148.93617021276594,672.5254394079557,178.53839037927844,37.92784458834412,51.80388529139685,59.204440333024976,83.25624421831637,77.70582793709528,173.91304347826087,337.65032377428304,100.83256244218316,61.05457909343201,16.651248843663275,499.5374653098982,500.46253469010173,998.1515711645102,431.08233117483815,452.358926919519,24.976873265494913,91.58186864014802,221.45804676753784,265.474552957359,486.9325997248968,1198.7577639751553
5701,......5701 Arnex-sur-Nyon,270,166.66666666666666,666.6666666666666,166.66666666666666,59.25925925925926,37.03703703703704,70.37037037037038,77.77777777777779,92.59259259259258,196.2962962962963,300.0,107.4074074074074,40.74074074074075,18.51851851851852,537.0370370370371,462.962962962963,1160.0,474.0740740740741,425.9259259259259,22.22222222222222,77.77777777777779,250.0,250.0,500.0,1000.0
5702,......5702 Arzier-Le Muids,2968,172.84366576819406,676.2129380053908,150.94339622641508,42.78975741239893,65.02695417789757,65.02695417789757,68.05929919137466,86.59029649595686,186.65768194070083,334.90566037735846,86.92722371967655,52.56064690026954,11.455525606469003,500.6738544474394,499.32614555256066,1002.6990553306343,458.2210242587601,434.6361185983827,29.649595687331537,77.49326145552561,255.6053811659193,223.21873442949678,478.82411559541606,873.2943469785574
5703,......5703 Bassins,1483,168.57720836142954,703.9784221173297,127.44436952124072,49.22454484153742,56.64194200944032,62.71072151045179,70.8024275118004,108.56372218476062,182.73769386378962,341.8745785569791,61.36210384356035,49.22454484153742,16.857720836142953,494.94268374915714,505.0573162508429,979.9732977303071,461.2272420768712,437.6264329062711,20.903573836817262,78.89413351314903,239.46360153256705,181.0344827586207,420.49808429118775,756.0
5704,......5704 Begnins,2035,145.45454545454544,648.1572481572482,206.38820638820638,40.2948402948403,55.52825552825553,49.63144963144963,61.42506142506143,95.82309582309583,180.34398034398032,310.56511056511056,82.06388206388206,78.62407862407862,45.7002457002457,479.11547911547916,520.8845208845208,919.8113207547169,431.94103194103195,410.31941031941034,53.562653562653566,104.17690417690417,224.41243366186507,318.42304776345713,542.8354814253222,1418.918918918919
5705,......5705 Bogis-Bossey,991,203.83451059535824,661.9576185671039,134.20787083753785,54.49041372351161,62.56306760847628,86.78102926337033,92.83551967709384,84.76286579212916,186.68012108980827,297.67911200807265,66.59939455095864,58.52674066599395,9.081735620585267,512.6135216952573,487.3864783047427,1051.75983436853,468.2139253279516,445.0050454086781,26.236125126135217,60.544904137235115,307.9268292682927,202.7439024390244,510.67073170731703,658.4158415841584
5706,......5706 Borex,1146,167.53926701570683,657.9406631762653,174.52006980802793,41.88481675392671,59.3368237347295,66.31762652705062,75.91623036649214,88.1326352530541,172.77486910994764,321.11692844677134,86.38743455497382,64.57242582897032,23.56020942408377,498.2547993019197,501.7452006980803,993.0434782608696,440.6631762652705,437.17277486910996,32.28621291448516,89.87783595113439,254.6419098143236,265.2519893899204,519.893899204244,1041.6666666666667
5707,......5707 Chavannes-de-Bogis,1384,195.8092485549133,635.1156069364163,169.07514450867052,38.294797687861276,70.8092485549133,86.70520231213872,64.30635838150289,70.8092485549133,200.14450867052022,299.8554913294798,100.43352601156069,53.46820809248555,15.173410404624278,494.21965317919074,505.7803468208093,977.1428571428571,436.41618497109823,460.26011560693644,26.01156069364162,77.31213872832369,308.3048919226394,266.21160409556313,574.5164960182026,863.4686346863468
5708,......5708 Chavannes-des-Bois,983,219.735503560529,649.033570701933,131.23092573753814,41.70905391658189,76.2970498474059,101.7293997965412,78.33163784333674,81.38351983723297,155.64598168870802,333.6724313326551,68.1586978636826,51.88199389623601,11.190233977619531,495.42217700915563,504.5778229908443,981.8548387096773,458.7995930824008,457.7822990844354,26.44964394710071,54.93387589013225,338.55799373040753,202.19435736677116,540.7523510971787,597.2222222222222
5709,......5709 Chéserex,1279,157.15402658326818,653.635652853792,189.21032056293978,46.91164972634871,59.42142298670837,50.8209538702111,69.58561376075059,86.00469116497264,166.53635652853794,331.5089913995309,90.6958561376075,75.84050039093042,22.673964034401877,492.57232212666145,507.42767787333855,970.7241910631741,436.278342455043,444.0969507427678,32.838154808444095,86.78655199374512,240.4306220095694,289.4736842105263,529.9043062200957,1203.9800995024875
5710,......5710 Coinsins,519,165.70327552986512,628.131021194605,206.16570327552986,63.58381502890173,55.8766859344894,46.24277456647398,59.73025048169557,107.89980732177264,181.1175337186898,279.383429672447,109.82658959537572,71.29094412331406,25.048169556840076,475.91522157996144,524.0847784200386,908.0882352941177,443.159922928709,433.52601156069363,38.53564547206165,84.77842003853564,263.80368098159505,328.22085889570553,592.0245398773006,1244.1860465116279
5711,......5711 Commugny,2973,188.36192398250927,646.8213925327951,164.81668348469557,37.33602421796166,63.23578876555668,87.79011099899093,84.76286579212916,96.53548604103598,142.9532458795829,322.5697948200471,68.2811974436596,73.99932727884293,22.536158762193068,489.06828119744364,510.93171880255636,957.2086899275839,458.4594685502859,454.75950218634375,30.272452068617557,56.508577194752775,291.2116484659386,254.81019240769632,546.0218408736349,875.0
5712,......5712 Coppet,3232,168.00742574257427,645.7301980198021,186.26237623762376,29.7029702970297,59.71534653465346,78.58910891089108,76.11386138613861,94.05940594059406,151.6089108910891,323.9480198019802,85.3960396039604,72.4009900990099,28.465346534653467,493.5024752475248,506.4975247524752,974.3433109346365,428.2178217821782,466.5841584158416,37.12871287128713,68.06930693069307,260.1820795400096,288.45232390991856,548.6344034499281,1108.6556169429098
5713,......5713 Crans (VD),2445,165.2351738241309,657.6687116564417,177.09611451942743,37.627811860940696,59.304703476482615,68.30265848670757,76.89161554192229,101.43149284253579,143.55828220858896,335.7873210633947,74.43762781186095,77.30061349693251,25.357873210633947,497.34151329243355,502.6584867075664,989.4222945484133,438.44580777096115,442.1267893660532,38.445807770961146,80.57259713701431,251.24378109452738,269.27860696517416,520.5223880597015,1071.7821782178219
5714,......5714 Crassier,1275,192.94117647058823,676.8627450980392,130.19607843137254,57.254901960784316,61.96078431372549,73.72549019607844,72.94117647058823,105.88235294117646,171.76470588235293,326.2745098039216,59.6078431372549,53.333333333333336,17.254901960784313,488.62745098039215,511.37254901960785,955.5214723926381,476.8627450980392,429.01960784313724,21.96078431372549,72.15686274509804,285.0521436848204,192.35225955967556,477.40440324449594,674.7967479674796
5715,......5715 Duillier,1140,189.47368421052633,661.4035087719298,149.12280701754386,63.15789473684211,68.42105263157895,57.89473684210526,51.75438596491228,92.10526315789473,233.33333333333334,284.2105263157895,75.43859649122807,50.0,23.68421052631579,500.87719298245617,499.12280701754383,1003.5149384885764,456.14035087719293,414.03508771929825,35.96491228070175,93.85964912280701,286.47214854111405,225.46419098143235,511.93633952254646,787.0370370370371
5716,......5716 Eysins,1774,186.58399098083427,677.564825253664,135.8511837655017,54.11499436302142,59.75197294250282,72.71702367531003,71.02593010146562,82.29988726042842,219.27846674182638,304.96054114994365,56.93348365276212,62.00676437429538,16.91093573844419,483.0890642615558,516.9109357384442,934.5692475463468,481.9616685456595,410.9357384441939,21.42051860202931,85.11837655016912,275.3743760399334,200.49916805324457,475.87354409317805,728.0966767371601
5717,......5717 Founex,3763,187.61626361945258,663.3005580653734,149.08317831517405,40.65904863141111,62.18442731862876,84.77278766941271,81.5838426787138,97.79431304809992,161.57321286207812,322.34918947648157,73.34573478607494,56.86951900079724,18.867924528301884,495.3494552218974,504.6505447781026,981.5692469720906,453.36167951102846,452.03295243157055,29.49774116396492,64.8418814775445,282.8525641025641,224.7596153846154,507.6121794871795,794.6175637393768
5718,......5718 Genolier,2012,172.96222664015903,641.6500994035786,185.38767395626243,38.767395626242546,60.63618290258449,73.558648111332,74.05566600397614,95.42743538767395,158.54870775347914,313.6182902584493,84.99005964214712,80.5168986083499,19.880715705765407,496.520874751491,503.4791252485089,986.1796643632774,430.41749502982105,470.67594433399603,31.312127236580515,67.5944333996024,269.5584817970566,288.9233152594888,558.4817970565454,1071.8390804597702
5719,......5719 Gingins,1256,147.29299363057325,638.5350318471338,214.171974522293,39.808917197452224,42.9936305732484,64.49044585987261,55.732484076433124,100.31847133757962,156.84713375796179,325.6369426751592,109.87261146496816,78.02547770700636,26.273885350318473,472.13375796178343,527.8662420382166,894.4193061840122,428.343949044586,427.54777070063693,51.7515923566879,92.35668789808916,230.67331670822944,335.4114713216957,566.0847880299252,1454.0540540540542
5720,......5720 Givrins,1068,150.749063670412,658.2397003745318,191.01123595505618,37.453183520599254,51.49812734082397,61.79775280898876,59.9250936329588,106.74157303370787,157.30337078651684,334.2696629213483,99.25093632958801,74.90636704119851,16.853932584269664,500.9363295880149,499.063670411985,1003.75234521576,433.52059925093636,450.37453183520597,29.9625468164794,86.14232209737828,229.01849217638693,290.1849217638691,519.203413940256,1267.0807453416148
5721,......5721 Gland,13987,166.94073067848717,698.1482805462215,134.91098877529134,52.19132051190391,56.552513047830125,58.19689711875313,59.62679631086009,122.97133052119825,237.14878101093873,278.4013727032244,70.13655537284622,48.54507757203117,16.229355830413958,488.6680489025524,511.33195109744764,955.6767337807606,478.4442696789876,399.799814113105,28.312004003717735,93.08643740616286,239.11930363543266,193.2411674347158,432.3604710701485,808.1370449678801
5722,......5722 Grens,391,153.4526854219949,710.997442455243,135.54987212276214,40.92071611253197,51.15089514066496,61.38107416879796,58.8235294117647,120.20460358056266,181.5856777493606,350.38363171355496,51.15089514066496,56.265984654731454,28.132992327365727,488.4910485933504,511.50895140664966,955.0,457.8005115089514,442.45524296675194,33.24808184143223,66.49616368286446,215.82733812949638,190.6474820143885,406.4748201438849,883.3333333333333
5723,......5723 Mies,2180,183.94495412844037,648.6238532110091,167.43119266055047,42.6605504587156,68.34862385321101,72.93577981651377,82.56880733944955,94.95412844036697,153.21100917431193,317.88990825688074,74.77064220183486,61.467889908256886,31.19266055045872,462.38532110091745,537.6146788990825,860.0682593856656,455.5045871559633,445.8715596330276,37.61467889908257,61.00917431192661,283.5926449787836,258.1329561527581,541.7256011315418,910.2244389027431
5724,......5724 Nyon,23351,161.57766262686823,681.4269196180035,156.99541775512827,54.85846430559719,54.72999015031476,51.98920817095628,49.29125091002526,116.5260588411631,252.92278703267525,262.68682283413983,71.81705280287783,62.26714059355059,22.91122435869984,488.6728619759325,511.3271380240675,955.6951423785595,492.0131900132757,378.8274592094557,35.88711404222517,93.01528842447861,237.11664152840623,230.39215686274508,467.50879839115134,971.6406042936655
5725,......5725 Prangins,4271,166.00327792086162,639.6628424256614,194.3338796534769,46.59330367595411,54.08569421681105,65.32428002809647,65.79255443690002,104.89346757199719,170.21774760009365,298.7590728166706,93.88901896511356,72.58253336455164,27.862327323811755,476.46921095762116,523.5307890423788,910.1073345259392,456.33341137906814,428.0028096464528,33.949894638258016,81.24560992741748,259.5168374816984,303.80673499267937,563.3235724743777,1170.6629055007052
5726,......5726 La Rippe,1196,180.6020066889632,673.0769230769231,146.32107023411373,41.80602006688963,76.08695652173914,62.709030100334445,58.52842809364549,81.10367892976589,178.9297658862876,354.51505016722405,84.44816053511705,46.82274247491638,15.050167224080267,481.60535117056855,518.3946488294314,929.0322580645162,462.3745819397994,420.5685618729097,24.24749163879599,92.80936454849498,268.3229813664596,217.3913043478261,485.7142857142857,810.1851851851852
5727,......5727 Saint-Cergue,3009,169.15918909936855,661.0169491525423,169.82386174808906,51.51213027583915,62.81156530408774,54.83549351944168,41.874376869391824,75.44034562977734,223.66234629444997,320.0398803589232,100.36556995679628,55.167829843801925,14.290461947490861,530.0764373546028,469.92356264539717,1128.005657708628,455.30076437354603,396.47723496178133,30.242605516782984,117.97939514788966,255.90749120160882,256.91302161890394,512.8205128205128,1003.9292730844793
5728,......5728 Signy-Avenex,608,175.98684210526315,641.4473684210526,182.56578947368422,52.63157894736842,65.78947368421052,57.56578947368421,65.78947368421052,118.42105263157895,161.18421052631578,296.05263157894734,75.65789473684211,80.59210526315789,26.31578947368421,486.8421052631579,513.1578947368422,948.7179487179487,478.61842105263156,375.0,46.05263157894736,100.32894736842105,274.35897435897436,284.6153846153846,558.974358974359,1037.3831775700935
5729,......5729 Tannay,1746,172.96678121420388,643.1844215349371,183.84879725085912,41.809851088201604,65.29209621993128,65.86483390607103,79.61053837342497,98.51088201603665,134.59335624284077,330.46964490263457,84.19243986254295,82.47422680412372,17.182130584192443,477.66323024054986,522.3367697594502,914.4736842105264,420.9621993127148,485.6815578465063,31.500572737686138,61.28293241695303,268.92252894033834,285.8414959928762,554.7640249332146,1062.9139072847681
5730,......5730 Trélex,1426,159.1865357643759,659.8877980364657,180.92566619915848,39.971949509116406,53.99719495091164,65.21739130434783,71.52875175315567,105.18934081346423,138.14866760168303,345.0210378681627,91.86535764375877,65.91865357643759,23.14165497896213,495.0911640953717,504.9088359046283,980.5555555555555,423.56241234221596,481.06591865357643,33.66058906030855,61.711079943899016,241.2327311370882,274.17640807651435,515.4091392136025,1136.5638766519824
5731,......5731 Le Vaud,1367,159.47329919531822,660.5705925384052,179.95610826627652,46.81784930504755,59.253840526700806,53.40160936356986,78.27359180687637,94.36722750548647,170.44623262618873,317.48354059985365,108.26627651792246,57.79078273591807,13.899049012435992,501.8288222384785,498.17117776152156,1007.3421439060206,441.11192392099485,449.1587417702999,31.455742501828823,78.27359180687637,241.41749723145074,272.42524916943523,513.8427464008859,1128.440366972477
5732,......5732 Vich,1182,179.3570219966159,670.896785109983,149.74619289340103,51.60744500846023,54.145516074450086,73.60406091370558,58.3756345177665,102.36886632825718,218.2741116751269,291.87817258883246,87.14043993231812,54.145516074450086,8.460236886632826,503.3840947546532,496.6159052453469,1013.6286201022147,472.0812182741117,395.93908629441626,29.61082910321489,102.36886632825718,267.3392181588903,223.203026481715,490.5422446406053,834.9056603773585
5852,......5852 Bursinel,532,159.77443609022558,654.1353383458646,186.09022556390977,35.714285714285715,41.35338345864661,82.70676691729322,75.18796992481202,93.98496240601503,176.69172932330827,308.2706766917293,103.38345864661653,65.78947368421052,16.917293233082706,496.24060150375936,503.75939849624064,985.0746268656716,443.6090225563909,462.406015037594,20.676691729323306,73.30827067669172,244.2528735632184,284.48275862068965,528.735632183908,1164.7058823529412
5853,......5853 Bursins,814,178.13267813267814,647.4201474201474,174.44717444717443,60.19656019656019,62.65356265356266,55.28255528255528,51.597051597051596,87.22358722358722,196.56019656019654,312.03931203931205,76.16707616707617,77.39557739557739,20.884520884520885,513.5135135135134,486.4864864864865,1055.5555555555557,428.74692874692875,432.43243243243245,25.798525798525798,113.02211302211303,275.1423149905123,269.449715370019,544.5920303605312,979.3103448275862
5854,......5854 Burtigny,401,192.01995012468828,643.3915211970075,164.58852867830424,57.356608478803,44.88778054862843,89.77556109725685,72.31920199501248,127.18204488778053,144.63840399002495,299.25187032418955,84.78802992518703,72.31920199501248,7.481296758104738,503.7406483790524,496.25935162094765,1015.0753768844221,496.25935162094765,408.9775561097257,24.93765586034913,69.82543640897755,298.44961240310073,255.8139534883721,554.2635658914728,857.1428571428571
5855,......5855 Dully,620,161.29032258064515,650.0,188.70967741935485,50.0,43.54838709677419,67.74193548387098,67.74193548387098,100.0,153.2258064516129,329.03225806451616,108.06451612903226,59.67741935483871,20.967741935483872,469.35483870967744,530.6451612903226,884.4984802431611,438.7096774193549,450.0,25.806451612903224,85.48387096774194,248.13895781637717,290.32258064516134,538.4615384615385,1170.0
5856,......5856 Essertines-sur-Rolle,785,210.19108280254778,638.2165605095541,151.59235668789808,72.61146496815286,66.2420382165605,71.3375796178344,78.98089171974522,71.3375796178344,214.01273885350318,273.88535031847135,90.44585987261146,53.503184713375795,7.643312101910828,508.28025477707007,491.71974522292993,1033.678756476684,472.61146496815286,434.3949044585987,25.477707006369428,67.51592356687898,329.34131736526945,237.5249500998004,566.8662674650699,721.2121212121212
5857,......5857 Gilly,1441,166.55100624566273,684.2470506592643,149.20194309507286,49.27133934767522,61.762664816099935,55.517002081887576,51.35322692574601,97.15475364330327,201.24913254684245,334.48993754337266,84.66342817487856,46.49548924358084,18.043025676613464,491.3254684247051,508.67453157529496,965.8935879945429,456.62734212352535,429.5628036086052,20.81887578070784,92.99097848716168,243.4077079107505,218.052738336714,461.4604462474645,895.8333333333334
5858,......5858 Luins,633,175.35545023696682,679.3048973143759,145.33965244865718,44.23380726698262,58.45181674565561,72.66982622432859,48.97314375987362,94.78672985781989,214.84992101105846,320.695102685624,86.88783570300158,45.813586097946285,12.638230647709321,508.68878357030013,491.3112164296998,1035.3697749196142,454.9763033175355,398.1042654028436,25.276461295418642,121.64296998420221,258.13953488372096,213.95348837209303,472.09302325581393,828.8288288288288
5859,......5859 Mont-sur-Rolle,2752,174.05523255813955,654.4331395348837,171.51162790697674,45.78488372093023,60.31976744186047,67.95058139534883,65.77034883720931,97.02034883720931,191.49709302325581,300.14534883720927,85.75581395348837,60.683139534883715,25.07267441860465,485.4651162790697,514.5348837209302,943.502824858757,466.20639534883725,417.8779069767442,33.43023255813953,82.48546511627906,265.9633536923931,262.0766240977235,528.0399777901166,985.3862212943633
5860,......5860 Perroy,1584,145.20202020202018,689.3939393939395,165.40404040404042,46.717171717171716,42.2979797979798,56.186868686868685,63.131313131313135,121.84343434343434,194.44444444444446,309.97474747474746,80.17676767676768,75.75757575757576,9.46969696969697,501.2626262626263,498.73737373737373,1005.0632911392405,463.3838383838384,416.6666666666667,31.565656565656568,88.38383838383838,210.62271062271063,239.92673992673994,450.54945054945057,1139.1304347826087
5861,......5861 Rolle,6540,170.79510703363914,673.394495412844,155.81039755351682,47.400611620795104,49.69418960244648,73.70030581039755,86.08562691131498,103.6697247706422,205.96330275229357,277.67584097859327,67.2782874617737,56.269113149847094,32.26299694189602,488.5321100917431,511.4678899082569,955.1569506726457,502.2935779816514,368.0428134556575,40.97859327217125,88.53211009174312,253.6330608537693,231.38056312443234,485.0136239782016,912.2649955237243
5862,......5862 Tartegnin,235,136.17021276595744,706.3829787234042,157.4468085106383,51.06382978723404,34.04255319148936,51.06382978723404,76.59574468085107,148.93617021276594,187.23404255319147,293.6170212765957,68.08510638297872,68.08510638297872,21.27659574468085,506.3829787234042,493.6170212765957,1025.8620689655174,493.6170212765957,387.2340425531915,25.53191489361702,93.61702127659574,192.7710843373494,222.89156626506025,415.66265060240966,1156.25
5863,......5863 Vinzel,387,149.87080103359173,677.0025839793282,173.1266149870801,43.927648578811365,59.43152454780361,46.51162790697674,46.51162790697674,108.52713178294573,180.87855297157623,341.08527131782944,118.86304909560722,49.09560723514212,5.167958656330749,503.8759689922481,496.1240310077519,1015.625,423.77260981912144,472.8682170542636,28.42377260981912,74.93540051679587,221.37404580152673,255.72519083969465,477.0992366412214,1155.1724137931035
5583,......5583 Crissier,10676,150.61820906706632,720.962907455976,128.41888347695766,53.016110902959916,50.018733608092916,47.583364556013485,61.16523042337954,184.71337579617833,236.79280629449232,238.2914949419258,67.34732109404271,44.96065942300487,16.110902959910078,514.8932184338704,485.10678156612965,1061.401815022205,521.8246534282503,369.2394155114275,28.287748220307233,80.4608467590858,208.91256333636483,178.12134597895286,387.03390931531766,852.6119402985075
5589,......5589 Prilly,12758,138.18780373099233,692.349898103151,169.46229816585674,45.30490672519204,46.63740398181533,46.24549302398495,52.04577519987459,151.51277629722526,236.16554318858755,252.62580341746354,73.28734911428124,65.21398338297539,30.960965668600096,489.8886972879762,510.11130271202387,960.3564843269821,510.5032136698542,350.76030725819095,41.777708104718606,96.41009562627372,199.59243745046984,244.76395335673044,444.3563908072003,1226.3187748156552
5591,......5591 Renens (VD),21541,141.0333782089968,713.9872800705631,144.9793417204401,44.79829162991505,47.53725453785804,48.69783204122371,61.18564597743837,180.214474722622,218.60637853395852,253.98078083654423,69.30968850099809,52.458103152128494,23.211550067313496,510.3755628800891,489.6244371199109,1042.3817199203565,515.5285269950327,360.89318044659024,35.931479504201285,87.32185135323337,197.5292587776333,203.0559167750325,400.5851755526658,1027.9789335088874
5624,......5624 Bussigny,11632,175.37826685006877,698.9339752407153,125.68775790921596,62.67193947730399,59.49105914718019,53.215268225584595,51.06602475928474,152.59628610729024,256.79160935350757,238.48005502063273,64.13342503438788,48.057083906464925,13.497248968363136,501.7193947730398,498.2806052269601,1006.9013112491374,519.2572214580467,370.4436038514443,28.370013755158187,81.84319119669877,250.92250922509223,179.8277982779828,430.750307503075,716.6666666666666
5627,......5627 Chavannes-près-Renens,9774,141.49785144260284,760.9985676284019,97.50358092899529,45.63126662574176,49.41682013505218,46.44976468180888,99.03826478412114,251.3812154696133,221.19909965213833,189.37998772252914,47.67751176590956,38.776345406179665,11.049723756906078,525.3734397380806,474.62656026191934,1106.9195947402457,598.0151422140373,314.0986290157561,22.201759770820544,65.47984448536936,185.93707986017745,128.12584027964508,314.0629201398225,689.0817064352857
5635,......5635 Ecublens (VD),13364,138.35677940736306,703.3822208919486,158.26099970068842,44.97156539958096,45.64501646213708,47.74019754564501,72.95719844357977,201.5115234959593,196.87219395390602,232.04130499850345,76.54893744387908,57.99161927566597,23.720442981143368,515.3397186471116,484.6602813528884,1063.3009109155473,522.6728524393894,358.1263094881772,36.81532475306795,82.3106854235259,196.70212765957444,225.0,421.7021276595745,1143.8615467820443
5648,......5648 Saint-Sulpice (VD),5155,142.38603297769157,689.6217264791464,167.99224054316198,45.97478176527643,51.21241513094083,45.1988360814743,76.4306498545102,181.76527643064986,210.28128031037826,221.14451988360815,73.71483996120271,69.25315227934045,25.02424830261882,523.3753637245393,476.6246362754607,1098.087098087098,536.7604267701262,354.99515033947625,33.559650824442286,74.68477206595537,206.46976090014067,243.60056258790436,450.070323488045,1179.8365122615803
5651,......5651 Villars-Sainte-Croix,953,160.54564533053514,658.9716684155298,180.48268625393493,44.07135362014691,62.959076600209855,53.51521511017839,47.2193074501574,115.42497376705143,184.67995802728225,311.6474291710388,97.58656873032528,68.20566631689402,14.690451206715634,496.3273871983211,503.67261280167884,985.4166666666667,447.00944386149007,439.6642182581322,32.52885624344176,80.797481636936,243.63057324840764,273.88535031847135,517.515923566879,1124.1830065359477
5841,......5841 Château-d'Oex,3653,150.83493019436082,611.8258965234055,237.3391732822338,44.34711196277032,51.190802080481795,55.29701615110868,50.917054475773334,95.81166164796058,183.68464275937586,281.4125376402957,113.0577607445935,85.68300027374761,38.59841226389269,485.080755543389,514.919244456611,942.0520999468368,447.0298384889132,395.2915411990145,62.68820147823706,94.99041883383521,246.5324384787472,387.91946308724835,634.4519015659955,1573.502722323049
5842,......5842 Rossinière,499,178.35671342685373,603.2064128256513,218.43687374749499,46.09218436873747,60.12024048096192,72.14428857715431,52.104208416833664,96.19238476953907,168.3366733466934,286.5731462925852,116.23246492985973,78.1563126252505,24.04809619238477,484.9699398797595,515.0300601202405,941.6342412451362,446.8937875751503,418.8376753507014,64.12825651302605,70.14028056112224,295.6810631229236,362.12624584717605,657.8073089700996,1224.7191011235957
5843,......5843 Rougemont,813,118.08118081180811,616.2361623616235,265.6826568265683,31.98031980319803,47.97047970479705,38.13038130381304,54.12054120541206,98.4009840098401,157.44157441574416,306.2730627306273,113.16113161131611,104.5510455104551,47.97047970479705,515.3751537515375,484.62484624846246,1063.4517766497463,447.72447724477246,370.2337023370234,77.49077490774908,104.5510455104551,191.61676646706587,431.1377245508982,622.7544910179641,2250.0
5882,......5882 Chardonne,3337,134.5519928079113,640.9949056038357,224.45310158825293,53.64099490560383,38.95714713814804,41.95385076415943,44.95055439017081,93.4971531315553,198.38178004195387,304.1654180401558,108.48067126161223,73.71890919988013,42.25352112676056,482.1696134252322,517.8303865747678,931.1342592592594,466.88642493257413,377.88432724003593,51.243632004794726,103.98561582259515,209.9111734455353,350.1636278634876,560.0748013090229,1668.1514476614698
5883,......5883 Corseaux,2320,134.48275862068965,600.0,265.51724137931035,40.51724137931034,46.98275862068965,46.98275862068965,45.689655172413794,74.13793103448275,201.29310344827587,278.8793103448276,110.77586206896552,107.32758620689656,47.41379310344827,468.1034482758621,531.896551724138,880.0648298217179,429.7413793103448,415.94827586206895,58.62068965517241,95.6896551724138,224.13793103448276,442.5287356321839,666.6666666666666,1974.3589743589744
5884,......5884 Corsier-sur-Vevey,3385,149.48301329394386,647.5627769571639,202.95420974889217,42.245199409158054,54.94830132939438,52.28951255539143,49.335302806499264,101.92023633677991,221.86115214180208,274.44608567208275,96.602658788774,75.92319054652882,30.428360413589367,488.92171344165433,511.07828655834567,956.6473988439307,478.5819793205318,385.8197932053176,37.81388478581979,97.78434268833088,230.83941605839416,313.41240875912405,544.2518248175182,1357.7075098814228
5885,......5885 Jongny,1928,174.79253112033194,643.1535269709544,182.05394190871368,50.829875518672196,64.83402489626556,59.12863070539419,46.6804979253112,105.80912863070539,235.47717842323652,255.18672199170123,88.17427385892117,73.65145228215768,20.228215767634858,490.66390041493776,509.3360995850622,963.3401221995927,464.2116182572614,416.49377593361,34.75103734439834,84.5435684647303,271.77419354838713,283.06451612903226,554.8387096774193,1041.5430267062316
5886,......5886 Montreux,26955,131.77518085698387,658.2452235206825,209.9795956223335,39.69578927842701,45.371916156557226,46.707475421999625,68.26191801150065,125.98775737340013,199.07252828788722,264.92301984789464,94.97310332034873,76.01558152476349,38.990910777221295,478.05601929141164,521.9439807085884,915.914421778378,487.5533296234465,348.28417733259136,53.348172880727134,110.51752921535893,200.1916248661444,318.9990418756693,519.1906667418137,1593.4684684684685
5889,......5889 La Tour-de-Peilz,12812,147.51795192007495,648.7667811426787,203.71526693724635,45.348111145800814,51.51420543240712,50.655635341867,52.60693100218545,112.23852638151732,208.78863565407428,275.13268810490166,87.49609740867936,80.00312207305652,36.216047455510456,467.6084920387137,532.3915079612863,878.3169623222401,479.6284733062754,363.09709647205744,50.421479862628786,106.61879487980019,227.38209817131857,314.0038498556304,541.385948026949,1380.952380952381
5890,......5890 Vevey,20142,144.37493794062158,701.3206235726343,154.30443848674412,48.30702015688611,49.79644523880449,46.27147254493099,49.00208519511469,137.27534505014395,259.9543242974878,255.0888690298878,74.86843411776388,54.31436798729024,25.121636381690003,476.7153212193427,523.2846787806574,911.0056925996205,532.9162943103962,325.1911428855129,39.02293714626155,102.77033065236819,205.86153192694323,220.01982160555005,425.8813535324933,1068.7757909215957
5891,......5891 Veytaux,1038,135.83815028901734,675.3371868978805,188.82466281310212,50.09633911368015,44.31599229287091,41.42581888246628,48.16955684007707,100.1926782273603,243.73795761078998,283.2369942196532,90.5587668593449,62.62042389210019,35.64547206165703,493.2562620423892,506.74373795761073,973.384030418251,487.47591522157995,342.0038535645472,43.35260115606936,125.24084778420038,201.14122681883023,279.60057061340945,480.74179743223965,1390.0709219858156
5892,......5892 Blonay - Saint-Légier,12464,155.64826700898587,643.1322207958922,201.21951219512195,38.59114249037227,57.04428754813864,60.01283697047497,70.92426187419768,104.0596919127086,164.63414634146343,303.5141206675225,93.79011553273428,74.21373555840822,33.21566110397946,481.54685494223367,518.4531450577664,928.8146084803467,445.76379974326056,427.0699614890886,46.69448010269576,80.23106546854943,242.01596806387226,312.87425149700596,554.8902195608782,1292.7835051546392
6002,......6002 Brig-Glis,14085,133.1203407880724,644.4444444444445,222.43521476748313,40.82357117500887,45.86439474618388,46.432374866879655,44.94142705005324,120.05679801206958,204.5438409655662,274.9023784167554,113.80901668441605,76.60631877884275,32.019879304224354,492.5807596734114,507.4192403265886,970.7569609626416,443.23748668796594,421.22825701100464,53.03514376996805,82.42811501597444,206.5660460504572,345.1580918805773,551.7241379310344,1670.9333333333334
6004,......6004 Eggerberg,338,91.71597633136095,636.094674556213,272.18934911242604,26.627218934911244,23.668639053254438,41.42011834319527,23.668639053254438,82.84023668639054,186.39053254437871,343.1952662721893,171.59763313609466,71.00591715976331,29.585798816568047,520.7100591715977,479.2899408284024,1086.4197530864196,360.94674556213016,494.0828402366864,85.79881656804733,59.171597633136095,144.18604651162792,427.90697674418607,572.0930232558139,2967.741935483871
6007,......6007 Naters,10674,143.15158328649053,625.8197489226158,231.02866779089376,45.25014052838673,49.1849353569421,48.7165074011617,42.43957279370433,103.14783586284429,209.76203859846356,270.4703016676035,123.9460370994941,80.00749484729249,27.075135844107177,499.5315720442196,500.4684279557804,998.1280419318608,414.746112047967,444.4444444444444,57.80400974330148,82.8180625819749,228.7425149700599,369.16167664670655,597.9041916167664,1613.874345549738
6008,......6008 Ried-Brig,2310,158.00865800865802,641.1255411255411,200.86580086580085,46.753246753246756,57.57575757575758,53.67965367965368,58.44155844155844,100.86580086580086,187.44588744588745,294.3722943722944,113.41991341991343,69.6969696969697,17.74891774891775,507.35930735930737,492.64069264069263,1029.8769771528998,406.4935064935065,497.83549783549785,35.93073593073593,59.74025974025974,246.4550979068197,313.30182309250506,559.7569209993247,1271.2328767123288
6009,......6009 Simplon,281,85.40925266903915,558.7188612099644,355.87188612099646,7.117437722419928,39.145907473309606,39.145907473309606,42.704626334519574,67.61565836298932,135.23131672597864,313.16725978647685,206.40569395017795,96.08540925266904,53.38078291814947,516.0142348754448,483.98576512455514,1066.1764705882354,391.4590747330961,473.30960854092524,78.29181494661921,56.939501779359425,152.86624203821654,636.9426751592356,789.8089171974523,4166.666666666667
6010,......6010 Termen,1175,201.70212765957447,612.7659574468086,185.53191489361703,55.31914893617021,70.63829787234043,75.74468085106382,52.76595744680851,74.04255319148936,202.55319148936172,283.40425531914894,94.46808510638297,59.57446808510639,31.489361702127663,485.95744680851067,514.0425531914894,945.364238410596,428.936170212766,467.2340425531915,40.0,63.82978723404255,329.1666666666667,302.77777777777777,631.9444444444445,919.831223628692
6011,......6011 Zwischbergen,71,0.0,774.6478873239437,225.35211267605635,0.0,0.0,0.0,42.25352112676056,70.42253521126761,197.18309859154928,464.7887323943662,126.76056338028168,56.33802816901409,42.25352112676056,732.3943661971831,267.6056338028169,2736.842105263158,338.0281690140845,338.0281690140845,112.67605633802818,211.26760563380282,0.0,290.9090909090909,290.9090909090909,
6021,......6021 Ardon,3835,167.14471968709256,690.7431551499348,142.1121251629726,45.371577574967404,58.40938722294654,63.363754889178615,59.97392438070404,136.37548891786182,231.02998696219035,263.3637548891786,69.36114732724901,52.41199478487614,20.338983050847457,502.2164276401565,497.78357235984356,1008.9051859612364,487.35332464146023,387.22294654498046,36.50586701434159,87.8748370273794,241.97810494526237,205.73801434503585,447.71611929029825,850.2340093603744
6022,......6022 Chamoson,4389,152.42652084757347,642.2875370243792,205.2859421280474,46.25199362041467,54.22647527910686,51.948051948051955,44.884939621781726,106.63021189336979,218.50079744816586,272.2715880610617,104.12394622920938,79.51697425381636,21.645021645021643,497.3798131692869,502.6201868307132,989.5738893925658,455.00113921166553,390.29391660970606,48.758259284575075,105.94668489405332,237.3181979425328,319.6168854203618,556.9350833628946,1346.7862481315397
6023,......6023 Conthey,9408,156.4625850340136,639.1369047619048,204.40051020408163,47.406462585034014,54.42176870748299,54.6343537414966,52.61479591836735,116.70918367346938,202.593537414966,267.21938775510205,103.74149659863946,76.95578231292517,23.703231292517007,500.21258503401356,499.7874149659864,1000.8507018290089,436.86224489795916,411.13945578231295,49.744897959183675,102.04081632653062,244.80292699151838,319.8070846499252,564.6100116414435,1306.3858695652173
6024,......6024 Nendaz,7314,140.1421930544162,643.2868471424665,216.5709598031173,42.38446814328685,52.22860267979218,45.52912223133716,47.44325950232431,97.07410445720537,217.52802843861087,281.24145474432595,116.76237353021602,76.15531856713152,23.653267705769757,503.82827454197434,496.17172545802566,1015.4312482777625,427.3995077932732,416.1881323489199,52.36532677057697,103.50013672409078,217.85334750265676,336.663124335813,554.5164718384698,1545.3658536585367
6025,......6025 Vétroz,6605,170.0227100681302,668.4330052990159,161.5442846328539,50.113550340651024,60.56018168054504,59.34897804693414,56.62376987130961,119.60635881907646,209.08402725208174,283.1188493565481,91.1430734292203,53.292959878879635,17.108251324753976,487.35806207418625,512.6419379258139,950.6792675723568,456.0181680545042,423.9212717638153,39.06131718395155,80.999242997729,254.36013590033974,241.67610419026047,496.0362400906002,950.13357079252
6032,......6032 Bourg-Saint-Pierre,222,108.10810810810811,657.6576576576578,234.23423423423424,54.054054054054056,22.52252252252252,31.531531531531527,13.513513513513514,94.5945945945946,198.1981981981982,351.35135135135135,112.61261261261261,85.58558558558559,36.03603603603604,522.5225225225225,477.47747747747746,1094.3396226415093,396.3963963963964,396.3963963963964,72.07207207207207,135.13513513513513,164.3835616438356,356.16438356164383,520.5479452054794,2166.6666666666665
6033,......6033 Liddes,770,145.45454545454544,636.3636363636364,218.18181818181816,63.63636363636363,58.44155844155844,23.376623376623378,46.753246753246756,109.09090909090908,194.80519480519482,285.7142857142857,103.89610389610391,83.11688311688312,31.16883116883117,511.6883116883116,488.31168831168833,1047.872340425532,428.57142857142856,425.97402597402595,57.14285714285714,88.31168831168831,228.57142857142856,342.85714285714283,571.4285714285714,1500.0
6034,......6034 Orsières,3303,152.2858007871632,626.0974871329095,221.61671207992734,42.38570996064184,53.28489252194974,56.6151983045716,64.48683015440508,108.0835603996367,178.92824704813808,274.59884953072964,105.96427490160461,82.95488949439903,32.6975476839237,524.3717832273691,475.62821677263094,1102.4824952259705,434.1507720254315,426.5818952467454,53.28489252194974,85.67968513472601,243.2301740812379,353.96518375241783,597.1953578336557,1455.2683896620279
6035,......6035 Sembrancher,1114,150.80789946140035,666.0682226211849,183.12387791741472,66.42728904847397,48.47396768402154,35.90664272890485,49.371633752244165,114.00359066427289,228.9048473967684,273.78815080789946,99.64093357271095,56.552962298025136,26.929982046678635,524.2369838420108,475.7630161579892,1101.8867924528302,459.60502692998205,386.8940754039497,61.04129263913824,92.45960502692999,226.41509433962264,274.93261455525607,501.3477088948787,1214.2857142857142
6037,......6037 Val de Bagnes,10907,141.83551847437425,643.0732557073438,215.09122581828183,45.47538278169982,45.38369854222059,50.97643715045383,46.850646373888324,99.38571559548913,212.799119831301,284.03777390666545,111.39635096726873,76.46465572568076,27.230219125332354,511.6897405336023,488.3102594663977,1047.8783327074727,460.4382506647107,411.75391950123776,45.842119739616756,81.87402585495553,220.55888223552896,334.4739093242087,555.0327915597376,1516.4835164835165
6052,......6052 Bellwald,363,85.39944903581268,625.3443526170798,289.25619834710744,27.548209366391184,22.03856749311295,35.81267217630854,66.11570247933885,74.3801652892562,146.0055096418733,338.8429752066115,151.51515151515153,96.41873278236915,41.32231404958678,523.4159779614324,476.58402203856747,1098.2658959537573,360.8815426997245,506.88705234159784,63.36088154269973,68.87052341597796,136.56387665198238,462.55506607929516,599.1189427312776,3387.0967741935483
6054,......6054 Binn,129,100.7751937984496,550.3875968992248,348.8372093023256,23.25581395348837,23.25581395348837,54.263565891472865,62.01550387596899,85.27131782945736,85.27131782945736,317.82945736434107,108.52713178294573,186.04651162790697,54.263565891472865,534.8837209302325,465.1162790697674,1150.0,387.59689922480624,449.6124031007752,100.7751937984496,62.01550387596899,183.09859154929578,633.8028169014085,816.9014084507043,3461.538461538462
6056,......6056 Ernen,544,101.1029411764706,573.5294117647059,325.36764705882354,44.11764705882353,23.89705882352941,33.088235294117645,31.25,49.63235294117647,191.17647058823528,301.4705882352941,216.91176470588235,77.20588235294117,31.25,514.7058823529411,485.29411764705884,1060.6060606060605,354.7794117647059,481.61764705882354,64.33823529411764,99.26470588235294,176.2820512820513,567.3076923076923,743.5897435897436,3218.1818181818185
6057,......6057 Fiesch,910,113.18681318681318,583.5164835164835,303.2967032967033,26.373626373626372,37.362637362637365,49.450549450549445,30.76923076923077,72.52747252747254,175.82417582417582,304.3956043956044,174.72527472527472,97.8021978021978,30.76923076923077,520.8791208791209,479.1208791208791,1087.1559633027523,383.51648351648356,460.4395604395604,56.043956043956044,100.0,193.97363465160075,519.774011299435,713.7476459510358,2679.611650485437
6058,......6058 Fieschertal,357,176.47058823529412,588.2352941176471,235.2941176470588,61.62464985994398,58.8235294117647,56.022408963585434,30.81232492997199,75.63025210084034,187.6750700280112,294.11764705882354,159.6638655462185,53.22128851540616,22.408963585434172,526.6106442577031,473.3893557422969,1112.4260355029585,361.34453781512605,501.40056022408965,53.22128851540616,84.03361344537815,300.0,400.0,700.0,1333.3333333333333
6061,......6061 Lax,339,150.4424778761062,536.8731563421829,312.68436578171094,35.39823008849557,61.94690265486726,53.097345132743364,67.84660766961652,44.24778761061947,147.49262536873155,277.2861356932154,171.09144542772862,120.94395280235987,20.64896755162242,519.1740412979351,480.8259587020649,1079.7546012269938,389.3805309734513,483.7758112094395,58.99705014749262,67.84660766961652,280.2197802197802,582.4175824175825,862.6373626373627,2078.4313725490197
6076,......6076 Obergoms,663,76.92307692307693,609.3514328808446,313.72549019607845,31.674208144796378,16.591251885369534,28.657616892911008,60.33182503770739,99.54751131221718,135.74660633484163,313.72549019607845,149.3212669683258,125.18853695324283,39.21568627450981,509.8039215686274,490.19607843137254,1040.0,387.63197586727,473.604826546003,70.88989441930619,67.87330316742081,126.23762376237624,514.8514851485148,641.0891089108911,4078.431372549019
6077,......6077 Goms,1149,94.8651000870322,574.4125326370757,330.7223672758921,26.97998259355962,31.331592689295036,36.55352480417755,38.29416884247171,76.58833768494343,152.30635335073978,307.2236727589208,177.54569190600523,114.88250652741515,38.29416884247171,492.6022628372498,507.3977371627503,970.8404802744426,348.12880765883375,491.73194081810266,72.236727589208,87.90252393385553,165.15151515151516,575.7575757575758,740.909090909091,3486.238532110092
6082,......6082 Ayent,4451,149.17995955964952,604.3585711076163,246.46146933273423,43.136373848573356,53.920467310716695,52.12311840035947,47.85441473826107,84.9247360143788,198.83172320826782,272.7476971467086,127.8364412491575,89.6427769040665,28.98225117951022,491.1255897551112,508.8744102448888,965.121412803532,433.8350932374747,430.6897326443496,53.471130083127385,82.00404403504831,246.84014869888478,407.80669144981414,654.6468401486989,1652.1084337349396
6083,......6083 Evolène,1666,97.83913565426171,629.6518607442977,272.5090036014406,30.012004801920767,34.213685474189674,33.61344537815126,38.41536614645858,100.24009603841537,189.07563025210084,301.92076830732293,145.2581032412965,102.64105642256904,24.609843937575032,503.60144057623046,496.3985594237695,1014.5102781136638,412.96518607442977,400.9603841536615,70.82833133253301,115.24609843937574,155.38608198284078,432.79313632030505,588.179218303146,2785.276073619632
6084,......6084 Hérémence,1545,110.67961165048544,585.1132686084143,304.2071197411003,44.66019417475728,35.59870550161812,30.42071197411003,28.4789644012945,100.97087378640776,176.6990291262136,278.9644012944984,148.8673139158576,110.67961165048544,44.66019417475728,491.2621359223301,508.7378640776699,965.6488549618321,405.1779935275081,443.3656957928803,67.31391585760518,84.14239482200647,189.1592920353982,519.9115044247787,709.070796460177,2748.5380116959063
6087,......6087 Saint-Martin (VS),853,114.88862837045721,545.134818288394,339.97655334114893,36.34232121922626,32.825322391559205,45.72098475967175,30.48065650644783,93.78663540445487,152.40328253223913,268.46424384525204,178.19460726846427,111.37162954279015,50.410316529894494,483.00117233294253,516.9988276670574,934.2403628117913,385.6975381008206,454.8651817116061,76.20164126611957,83.2356389214537,210.752688172043,623.6559139784946,834.4086021505376,2959.1836734693875
6089,......6089 Vex,1980,145.95959595959596,630.3030303030303,223.73737373737373,38.88888888888889,54.04040404040404,53.03030303030303,44.44444444444444,102.52525252525253,191.91919191919192,291.4141414141414,125.25252525252526,73.73737373737374,24.747474747474747,510.10101010101005,489.8989898989899,1041.2371134020618,423.73737373737373,414.14141414141415,51.515151515151516,110.60606060606061,231.57051282051282,354.96794871794873,586.5384615384615,1532.871972318339
6090,......6090 Mont-Noble,1187,108.67733782645324,541.7017691659646,349.62089300758214,31.17101937657961,36.22577927548441,41.28053917438922,30.32855939342881,66.55433866891322,169.33445661331086,275.4844144903117,182.8138163437237,120.47177759056444,46.33529907329402,504.6335299073294,495.3664700926706,1018.7074829931972,370.68239258635214,442.29149115417016,64.02695871946082,122.99915754001685,200.62208398133748,645.412130637636,846.0342146189736,3217.0542635658912
6101,......6101 Agarn,745,96.64429530201342,683.2214765100672,220.13422818791946,33.557046979865774,29.530201342281877,33.557046979865774,61.74496644295302,108.7248322147651,187.91946308724832,324.8322147651007,115.43624161073826,76.51006711409396,28.187919463087248,538.255033557047,461.74496644295306,1165.6976744186047,397.31543624161077,476.51006711409394,52.348993288590606,73.8255033557047,141.45383104125736,322.2003929273084,463.6542239685658,2277.777777777778
6102,......6102 Albinen,259,61.77606177606178,571.4285714285714,366.79536679536676,27.027027027027028,30.88803088803089,3.8610038610038613,15.444015444015445,84.94208494208493,166.02316602316603,305.019305019305,196.9111969111969,127.41312741312741,42.471042471042466,498.0694980694981,501.9305019305019,992.3076923076924,343.6293436293436,474.9034749034749,84.94208494208493,96.52509652509653,108.10810810810811,641.8918918918919,750.0,5937.5
6104,......6104 Ergisch,183,71.03825136612022,579.2349726775956,349.72677595628414,21.85792349726776,27.3224043715847,21.85792349726776,27.3224043715847,60.10928961748633,147.54098360655738,344.2622950819672,207.65027322404373,92.89617486338798,49.18032786885246,562.8415300546447,437.1584699453552,1287.5,278.6885245901639,540.9836065573771,92.89617486338798,87.43169398907104,122.64150943396227,603.7735849056603,726.4150943396226,4923.076923076924
6109,......6109 Inden,130,115.38461538461539,623.0769230769231,261.53846153846155,0.0,38.46153846153847,76.92307692307693,15.384615384615385,76.92307692307693,223.0769230769231,307.69230769230774,176.92307692307693,84.61538461538461,0.0,576.9230769230769,423.0769230769231,1363.6363636363635,400.0,353.84615384615387,61.53846153846154,184.6153846153846,185.18518518518516,419.75308641975306,604.9382716049383,2266.6666666666665
6110,......6110 Leuk,4340,151.1520737327189,620.2764976958525,228.57142857142856,50.92165898617512,53.45622119815668,46.774193548387096,38.94009216589862,96.77419354838709,208.06451612903226,276.4976958525346,124.19354838709677,76.49769585253456,27.880184331797235,504.147465437788,495.85253456221193,1016.7286245353159,409.2165898617511,447.46543778801845,51.61290322580645,91.47465437788019,243.68499257057948,368.4992570579495,612.1842496285291,1512.1951219512196
6111,......6111 Leukerbad,1426,90.46283309957924,641.6549789621318,267.88218793828895,32.25806451612903,21.73913043478261,36.4656381486676,37.166900420757365,114.30575035063113,194.9509116409537,295.2314165497896,158.4852734922861,92.56661991584852,16.830294530154276,516.1290322580645,483.8709677419355,1066.6666666666667,409.53716690042074,435.48387096774195,56.100981767180926,98.87798036465638,140.98360655737704,417.4863387978142,558.4699453551913,2961.240310077519
6112,......6112 Oberems,140,64.28571428571428,614.2857142857143,321.42857142857144,14.285714285714285,28.57142857142857,21.428571428571427,28.57142857142857,128.57142857142856,121.42857142857143,335.71428571428567,107.14285714285714,178.57142857142858,35.714285714285715,450.0,550.0,818.1818181818182,400.0,421.42857142857144,92.85714285714286,85.71428571428571,104.65116279069768,523.2558139534884,627.9069767441861,5000.0
6113,......6113 Salgesch,1732,151.270207852194,621.2471131639722,227.48267898383372,50.80831408775981,50.80831408775981,49.65357967667437,37.52886836027714,113.16397228637413,202.07852193995382,268.47575057736725,107.39030023094688,84.8729792147806,35.21939953810624,495.38106235565823,504.6189376443418,981.6933638443935,410.5080831408776,456.69745958429564,49.65357967667437,83.14087759815241,243.49442379182156,366.1710037174721,609.6654275092936,1503.8167938931297
6116,......6116 Varen,700,124.28571428571429,605.7142857142858,270.0,34.285714285714285,41.42857142857142,48.57142857142857,37.142857142857146,85.71428571428571,175.71428571428572,307.14285714285717,135.7142857142857,102.85714285714286,31.42857142857143,531.4285714285714,468.57142857142856,1134.1463414634145,407.14285714285717,458.57142857142856,62.85714285714286,71.42857142857143,205.18867924528303,445.75471698113205,650.9433962264151,2172.4137931034484
6117,......6117 Guttet-Feschel,440,113.63636363636363,609.0909090909091,277.2727272727273,50.0,31.818181818181817,31.818181818181817,50.0,84.0909090909091,168.1818181818182,306.8181818181818,163.63636363636363,90.9090909090909,22.727272727272727,502.2727272727273,497.72727272727275,1009.1324200913243,372.72727272727275,465.9090909090909,84.0909090909091,77.27272727272727,186.56716417910448,455.2238805970149,641.7910447761194,2440.0
6118,......6118 Gampel-Bratsch,2247,136.62661326212728,645.3048509123275,218.06853582554515,57.409879839786385,40.05340453938585,39.16332888295506,35.60302625723186,116.15487316421897,195.37160658655986,298.17534490431683,113.48464619492657,80.99688473520249,23.58700489541611,506.89808633733867,493.10191366266133,1027.9783393501805,416.55540720961284,454.3836226079217,50.289274588340014,78.32665776591011,211.72413793103448,337.9310344827586,549.6551724137931,1596.0912052117264
6119,......6119 Turtmann-Unterems,1212,165.01650165016503,613.8613861386139,221.12211221122112,49.504950495049506,58.58085808580858,56.93069306930693,37.95379537953796,74.25742574257426,238.44884488448844,263.2013201320132,124.58745874587459,65.18151815181518,31.35313531353135,500.8250825082509,499.17491749174917,1003.3057851239669,402.64026402640263,476.0726072607261,56.1056105610561,65.18151815181518,268.81720430107526,360.2150537634409,629.0322580645161,1340.0
6131,......6131 Bovernier,952,160.71428571428572,660.7142857142857,178.57142857142858,52.52100840336134,50.42016806722689,57.77310924369748,56.72268907563025,99.78991596638656,237.39495798319328,266.8067226890756,86.1344537815126,64.07563025210084,28.361344537815125,509.453781512605,490.5462184873949,1038.5438972162742,445.37815126050424,400.21008403361344,58.8235294117647,95.58823529411764,243.24324324324326,270.27027027027026,513.5135135135134,1111.111111111111
6133,......6133 Fully,9310,154.7798066595059,665.3061224489795,179.9140708915145,49.19441460794844,51.8796992481203,53.70569280343717,59.50590762620838,112.56713211600429,214.82277121374867,278.41031149301824,97.09989258861438,62.62083780880773,20.193340494092375,492.91084854994625,507.08915145005375,972.039822071595,463.69495166487644,391.6219119226638,45.00537056928034,99.46294307196563,232.64449467226348,270.4229899903132,503.06748466257665,1162.387231089521
6134,......6134 Isérables,804,138.05970149253733,563.4328358208955,298.5074626865671,34.82587064676617,49.75124378109453,53.482587064676615,41.04477611940298,77.11442786069651,184.07960199004975,261.19402985074623,155.4726368159204,99.50248756218906,43.53233830845772,507.4626865671642,492.5373134328358,1030.3030303030303,431.59203980099505,409.2039800995025,79.60199004975124,79.60199004975124,245.03311258278146,529.8013245033113,774.8344370860926,2162.162162162162
6135,......6135 Leytron,3529,130.63190705582318,617.7387361858883,251.62935675828845,41.938226126381416,44.77189005383961,43.921790875602156,42.78832530461887,105.41229810144517,185.03825446302068,284.4998583168036,120.71408330971947,103.71209974497025,27.203173703598754,499.29158401813544,500.70841598186456,997.1703452178834,416.26523094361005,425.0495891187305,58.65684329838481,99.46160385378295,211.46788990825686,407.3394495412844,618.8073394495412,1926.2472885032537
6136,......6136 Martigny,22247,146.3568121544478,676.3159077628444,177.3272800827078,45.579179215175074,48.096372544612755,52.68126039465995,54.47925562997258,139.61433002202546,223.6256573920079,258.5966647188385,87.92196700678744,64.99752775655145,24.407785319368905,486.5375106755967,513.4624893244034,947.5619364440164,491.57189733447206,353.57576302422797,46.972625522542366,107.56506495257788,216.40303070583545,262.1959324737472,478.5989631795826,1211.6093366093367
6137,......6137 Martigny-Combe,2363,129.0732120186204,658.0617858654253,212.8650021159543,35.54803216250529,41.4727041895895,52.05247566652561,55.43800253914515,104.52814219212866,210.32585696148965,287.76978417266184,116.37748624629708,71.94244604316546,24.545069826491748,509.098603470165,490.9013965298349,1037.0689655172414,464.66356326703345,376.63986457892514,44.435040203131614,114.26153195090987,196.14147909967846,323.4726688102894,519.6141479099679,1649.1803278688524
6139,......6139 Riddes,3749,158.70898906375032,661.2429981328354,180.04801280341422,57.08188850360096,57.61536409709256,44.01173646305682,55.214723926380366,138.43691651106963,211.25633502267272,256.33502267271274,89.09042411309683,70.15204054414511,20.805548146172313,514.0037343291544,485.99626567084556,1057.628979143798,472.125900240064,399.0397439317152,39.743931715124035,88.82368631635103,240.0161355385236,272.28721258572006,512.3033481242436,1134.453781512605
6140,......6140 Saillon,3156,168.8846641318124,642.9024081115335,188.21292775665398,52.91508238276299,56.08365019011407,59.88593155893536,51.330798479087456,100.76045627376426,235.10773130544993,255.70342205323192,92.83903675538656,75.09505703422053,20.278833967046893,496.8314321926489,503.1685678073511,987.4055415617129,448.66920152091257,403.3586818757922,41.191381495564,106.4638783269962,262.6909807787087,292.75505174963035,555.4460325283392,1114.4465290806754
6141,......6141 Saxon,7424,163.65840517241378,690.8674568965517,145.47413793103448,54.283405172413794,56.303879310344826,53.071120689655174,56.8426724137931,132.27370689655172,242.05280172413794,259.69827586206895,77.18211206896551,48.22198275862069,20.070043103448278,515.8943965517241,484.1056034482759,1065.6649972175849,500.0,355.1993534482759,40.40948275862069,104.1217672413793,236.88828231624097,210.5673620588809,447.4556443751219,888.8888888888888
6142,......6142 Trient,175,154.28571428571428,588.5714285714286,257.1428571428571,40.0,62.85714285714286,51.42857142857143,45.714285714285715,74.28571428571429,171.42857142857142,297.14285714285717,142.85714285714286,85.71428571428571,28.57142857142857,514.2857142857142,485.7142857142857,1058.8235294117646,417.14285714285717,405.71428571428567,51.42857142857143,125.71428571428572,262.13592233009706,436.8932038834951,699.0291262135922,1666.6666666666667
6151,......6151 Champéry,1404,113.96011396011396,564.8148148148148,321.2250712250712,31.33903133903134,47.008547008547005,35.612535612535616,37.74928774928775,73.36182336182335,168.09116809116807,285.6125356125356,165.24216524216524,121.08262108262107,34.9002849002849,528.4900284900284,471.50997150997154,1120.845921450151,393.8746438746439,413.1054131054131,71.93732193732194,119.65811965811966,201.76544766708702,568.7263556116015,770.4918032786885,2818.75
6152,......6152 Collombey-Muraz,10051,175.40543229529402,679.235896925679,145.35867077902694,60.59098597154512,56.511789871654564,58.30265645209432,59.09859715451199,124.1667495771565,222.66441150134315,273.3061386926674,77.80320366132723,50.84071236692866,16.714754750771068,495.4730872549995,504.5269127450005,982.0548215342142,468.7095811362054,401.15411401850565,37.11073525022386,92.92607700726296,258.2393437820419,214.0032224989014,472.2425662809433,828.7010777084515
6153,......6153 Monthey,19074,144.80444584250813,663.0491768900073,192.14637726748455,44.03900597672224,49.91087344028521,50.85456642550068,54.052637097619794,120.11114606270316,218.77949040578798,270.10590332389637,92.21977561077907,71.51095732410612,28.415644332599353,494.4426968648422,505.5573031351578,978.0151405164368,458.79207297892424,375.9567998322323,52.11282373912132,112.77131173324945,218.39171344983,289.79204554439787,508.18375899422784,1326.9370021723387
6154,......6154 Port-Valais,4551,131.61942430235112,673.9178202592838,194.46275543836518,41.52933421226104,43.50692155570204,46.58316853438805,63.94199077125906,148.75851461217314,194.46275543836518,266.75455943748625,114.04087013843112,66.79850582289606,13.623379477038013,500.98879367172054,499.0112063282795,1003.9630118890357,479.0156009668205,375.0823994726434,34.71764447374204,110.9646231597451,195.30485816759045,288.5555917835018,483.8604499510923,1477.4624373956594
6155,......6155 Saint-Gingolph,1088,157.1691176470588,617.6470588235294,225.18382352941177,48.713235294117645,45.036764705882355,63.41911764705882,62.5,100.18382352941177,169.11764705882354,285.8455882352941,113.97058823529412,78.125,33.088235294117645,498.1617647058824,501.8382352941176,992.6739926739926,427.3897058823529,380.5147058823529,56.06617647058824,109.375,254.4642857142857,364.5833333333333,619.047619047619,1432.748538011696
6156,......6156 Troistorrents,5022,153.7236160892075,647.1525288729589,199.12385503783352,48.98446833930705,48.18797291915571,56.55117483074473,53.36519315013938,100.55754679410593,196.73436877737953,296.49542015133414,112.50497809637594,67.10473914774991,19.514137793707686,508.5623257666268,491.4376742333732,1034.8460291734198,440.86021505376345,407.2082835523696,42.21425726802071,109.51812027080844,237.53846153846152,307.69230769230774,545.2307692307692,1295.3367875647668
6157,......6157 Val-d'Illiez,2145,143.1235431235431,654.5454545454545,202.3310023310023,43.82284382284382,49.883449883449885,49.417249417249415,44.28904428904429,108.62470862470862,219.1142191142191,282.51748251748256,108.15850815850817,70.3962703962704,23.776223776223777,514.6853146853147,485.3146853146853,1060.5187319884726,460.6060606060606,402.79720279720283,44.28904428904429,91.84149184149184,218.66096866096865,309.1168091168091,527.7777777777778,1413.6807817589577
6158,......6158 Vionnaz,3024,152.7777777777778,658.7301587301587,188.4920634920635,51.58730158730158,44.31216931216931,56.87830687830687,50.925925925925924,114.74867724867725,204.36507936507937,288.69047619047615,101.52116402116403,65.47619047619048,21.494708994708994,513.2275132275132,486.77248677248673,1054.3478260869565,459.65608465608466,384.5899470899471,36.37566137566137,119.37830687830687,231.9277108433735,286.144578313253,518.0722891566265,1233.7662337662339
6159,......6159 Vouvry,4803,174.8906933166771,652.9252550489277,172.1840516343952,55.590256089943786,61.419945867166355,57.88049135956694,60.79533624817822,112.01332500520509,216.1149281698938,264.0016656256506,89.31917551530294,58.08869456589631,24.776181553195922,501.14511763481164,498.8548823651884,1004.5909849749584,469.08182386008747,379.34624193212574,47.262127836768684,103.89339995835937,267.85714285714283,263.71173469387753,531.5688775510205,984.5238095238096
6172,......6172 Bister,37,81.08108108108108,621.6216216216216,297.2972972972973,54.054054054054056,0.0,27.027027027027028,27.027027027027028,27.027027027027028,189.1891891891892,378.3783783783784,189.1891891891892,81.08108108108108,27.027027027027028,459.4594594594595,540.5405405405405,850.0,540.5405405405405,324.3243243243243,27.027027027027028,108.10810810810811,130.43478260869566,478.26086956521743,608.6956521739131,3666.6666666666665
6173,......6173 Bitsch,1142,170.75306479859896,679.5096322241682,149.73730297723293,57.79334500875657,67.42556917688266,45.53415061295972,39.404553415061294,103.32749562171628,242.5569176882662,294.2206654991243,91.94395796847635,43.78283712784589,14.010507880910684,501.7513134851138,498.2486865148862,1007.0298769771529,431.6987740805604,469.35201401050784,42.03152364273205,56.91768826619965,251.28865979381442,220.36082474226802,471.64948453608247,876.9230769230769
6177,......6177 Grengiols,417,119.90407673860912,642.6858513189449,237.41007194244605,33.57314148681055,45.563549160671464,40.7673860911271,31.17505995203837,131.89448441247004,175.0599520383693,304.55635491606716,131.89448441247004,64.74820143884892,40.7673860911271,496.40287769784175,503.59712230215825,985.7142857142858,400.4796163069544,501.19904076738607,57.55395683453238,40.7673860911271,186.56716417910448,369.4029850746269,555.9701492537314,1980.0
6181,......6181 Riederalp,440,111.36363636363636,631.8181818181819,256.8181818181818,22.727272727272727,25.0,63.63636363636363,70.45454545454545,95.45454545454545,136.36363636363635,329.5454545454545,152.27272727272728,75.0,29.545454545454543,504.5454545454545,495.4545454545455,1018.3486238532109,384.0909090909091,500.0,40.90909090909091,75.0,176.25899280575538,406.4748201438849,582.7338129496403,2306.122448979592
6191,......6191 Ausserberg,640,132.8125,612.5,254.6875,51.5625,42.1875,39.0625,37.5,100.0,190.625,284.375,137.5,84.375,32.8125,529.6875,470.3125,1126.2458471760797,389.0625,487.5,46.875,76.5625,216.83673469387753,415.81632653061223,632.6530612244899,1917.6470588235295
6192,......6192 Blatten,300,110.0,606.6666666666667,283.3333333333333,36.666666666666664,43.333333333333336,30.0,50.0,80.0,136.66666666666666,340.0,130.0,116.66666666666667,36.666666666666664,503.3333333333333,496.66666666666663,1013.4228187919463,416.6666666666667,456.6666666666667,83.33333333333333,43.333333333333336,181.3186813186813,467.03296703296706,648.3516483516484,2575.7575757575755
6193,......6193 Bürchen,767,113.42894393741851,611.4732724902217,275.09778357235984,39.11342894393742,40.41720990873533,33.898305084745765,32.59452411994785,97.78357235984355,187.7444589308996,293.3507170795306,153.84615384615387,91.26466753585397,29.98696219035202,518.9048239895698,481.09517601043024,1078.590785907859,357.23598435462844,499.3481095176011,65.1890482398957,78.22685788787484,185.50106609808103,449.89339019189765,635.3944562899787,2425.287356321839
6194,......6194 Eischoll,460,84.78260869565217,576.0869565217391,339.1304347826087,15.217391304347826,36.95652173913044,32.608695652173914,43.47826086956522,84.78260869565217,152.17391304347828,295.6521739130435,173.91304347826087,104.34782608695652,60.869565217391305,495.6521739130435,504.3478260869565,982.7586206896551,313.04347826086956,552.1739130434783,73.91304347826087,60.869565217391305,147.16981132075472,588.6792452830189,735.8490566037735,4000.0
6195,......6195 Ferden,248,72.58064516129033,661.2903225806451,266.1290322580645,20.161290322580644,24.193548387096772,28.225806451612904,28.225806451612904,125.0,120.96774193548387,387.09677419354836,125.0,92.74193548387098,48.387096774193544,532.258064516129,467.7419354838709,1137.9310344827586,395.1612903225806,500.0,72.58064516129033,32.25806451612903,109.7560975609756,402.4390243902439,512.1951219512196,3666.6666666666665
6197,......6197 Kippel,329,97.26443768996961,562.3100303951368,340.4255319148936,36.4741641337386,33.43465045592705,27.35562310030395,15.197568389057752,118.54103343465046,142.85714285714286,285.7142857142857,167.17325227963525,127.6595744680851,45.59270516717325,492.4012158054711,507.5987841945289,970.0598802395209,434.65045592705167,465.04559270516717,75.98784194528875,24.316109422492403,172.97297297297297,605.4054054054054,778.3783783783784,3500.0
6198,......6198 Niedergesteln,749,140.18691588785046,644.8598130841121,214.9532710280374,37.38317757009346,50.734312416555404,52.069425901201605,52.069425901201605,82.77703604806408,186.91588785046727,323.09746328437916,121.49532710280374,74.76635514018692,18.69158878504673,506.00801068090783,493.9919893190921,1024.3243243243244,401.86915887850466,485.98130841121497,49.39919893190921,62.750333778371164,217.3913043478261,333.3333333333333,550.7246376811594,1533.3333333333335
6199,......6199 Raron,2024,139.82213438735178,643.7747035573123,216.40316205533597,36.56126482213438,48.418972332015805,54.841897233201585,55.33596837944664,119.0711462450593,181.8181818181818,287.5494071146245,106.22529644268775,81.52173913043478,28.65612648221344,499.50592885375494,500.4940711462451,998.025666337611,409.5849802371542,452.5691699604743,60.7707509881423,76.58102766798419,217.19109746738297,336.14735226400614,553.3384497313891,1547.703180212014
6201,......6201 Unterbäch,479,121.08559498956159,594.9895615866388,283.9248434237996,29.227557411273484,58.45511482254697,33.40292275574112,27.13987473903967,89.77035490605428,198.32985386221293,279.74947807933194,146.13778705636744,102.2964509394572,35.49060542797495,507.3068893528184,492.69311064718164,1029.6610169491526,365.3444676409186,488.517745302714,66.80584551148225,79.33194154488518,203.50877192982455,477.1929824561403,680.7017543859649,2344.8275862068963
6202,......6202 Wiler (Lötschen),528,94.6969696969697,679.9242424242424,225.37878787878788,17.045454545454543,28.409090909090907,49.24242424242424,58.71212121212122,117.42424242424244,119.31818181818183,384.46969696969694,100.37878787878788,83.33333333333333,41.666666666666664,494.3181818181818,505.68181818181824,977.5280898876404,437.5,465.9090909090909,66.28787878787878,30.303030303030305,139.2757660167131,331.47632311977713,470.75208913649027,2380.0
6203,......6203 Mörel-Filet,759,146.24505928853753,629.7760210803689,223.97891963109353,26.350461133069828,59.28853754940711,60.60606060606061,38.20816864295125,93.54413702239789,197.62845849802372,300.39525691699606,93.54413702239789,90.9090909090909,39.52569169960474,509.88142292490124,490.1185770750988,1040.3225806451612,412.38471673254287,438.7351778656127,72.46376811594203,76.4163372859025,232.2175732217573,355.64853556485355,587.8661087866109,1531.5315315315315
6204,......6204 Steg-Hohtenn,1726,137.89107763615297,616.4542294322132,245.65469293163383,41.13557358053303,55.04055619930475,41.71494785631518,35.92120509849363,98.4936268829664,197.56662804171495,284.4727694090383,128.04171494785632,91.54113557358053,26.07184241019699,510.4287369640788,489.57126303592116,1042.603550295858,402.6651216685979,439.7450753186559,70.10428736964079,87.48551564310544,223.68421052631578,398.49624060150376,622.1804511278195,1781.512605042017
6205,......6205 Bettmeralp,483,142.85714285714286,604.5548654244305,252.5879917184265,31.055900621118013,60.041407867494826,51.75983436853002,28.985507246376812,78.67494824016563,190.47619047619045,306.41821946169773,151.13871635610764,80.74534161490683,20.70393374741201,546.583850931677,453.416149068323,1205.4794520547944,409.9378881987578,457.55693581780537,68.32298136645963,62.11180124223603,236.3013698630137,417.8082191780822,654.1095890410959,1768.1159420289855
6211,......6211 Collonges,869,159.95397008055238,642.1173762945915,197.92865362485614,44.87917146144994,70.19562715765247,44.87917146144994,51.783659378596084,101.26582278481013,211.73762945914845,277.33026467203683,107.01956271576525,72.49712313003452,18.411967779056386,497.1231300345225,502.8768699654775,988.558352402746,453.3947065592635,370.5408515535098,49.482163406214035,126.58227848101266,249.10394265232975,308.24372759856635,557.347670250896,1237.4100719424462
6212,......6212 Dorénaz,1113,159.92812219227315,693.6208445642408,146.45103324348608,51.21293800539083,45.82210242587601,62.893081761006286,63.7915543575921,116.80143755615454,240.79065588499552,272.23719676549865,85.35489667565139,52.11141060197664,8.984725965858042,515.7232704402516,484.27672955974845,1064.935064935065,486.97214734950586,359.38903863432165,42.22821203953279,111.41060197663971,230.56994818652848,211.13989637305698,441.7098445595855,915.7303370786517
6213,......6213 Evionnaz,1500,156.0,672.6666666666666,171.33333333333334,50.666666666666664,54.66666666666667,50.666666666666664,49.333333333333336,122.66666666666666,215.33333333333331,285.3333333333333,95.33333333333334,56.666666666666664,19.333333333333336,502.6666666666667,497.33333333333337,1010.7238605898124,448.0,390.0,37.333333333333336,124.0,231.9127849355798,254.70763131813678,486.62041625371654,1098.2905982905984
6214,......6214 Finhaut,418,105.26315789473684,617.2248803827752,277.511961722488,23.923444976076556,52.63157894736842,28.70813397129187,57.41626794258374,100.47846889952153,160.28708133971293,299.04306220095697,167.4641148325359,88.51674641148325,21.5311004784689,523.9234449760766,476.07655502392345,1100.502512562814,447.36842105263156,375.5980861244019,59.80861244019139,114.83253588516747,170.54263565891472,449.6124031007752,620.1550387596899,2636.363636363636
6215,......6215 Massongex,2126,181.0912511759172,671.6839134524929,147.22483537158985,58.32549388523048,60.67732831608655,62.088428974600184,45.155221072436504,107.2436500470367,245.53151458137347,273.7535277516463,83.2549388523048,47.50705550329257,16.462841015992474,486.3593603010348,513.6406396989652,946.8864468864468,472.7187206020696,390.40451552210726,38.57008466603951,98.30667920978362,269.60784313725486,219.187675070028,488.7955182072829,812.987012987013
6217,......6217 Saint-Maurice,4623,144.06229720960414,671.4254812892061,184.5122215011897,39.58468526930565,50.183863292234484,54.29374864806403,59.48518278174346,121.56608263032663,208.30629461388708,282.067921263249,93.44581440622972,64.02768764871296,27.038719446247026,491.6720744105559,508.3279255894441,967.2340425531914,472.42050616482805,372.26908933592904,49.75124378109453,105.55916071814839,214.56185567010309,274.80670103092785,489.3685567010309,1280.7807807807808
6218,......6218 Salvan,1495,148.49498327759198,585.2842809364549,266.2207357859532,45.48494983277592,54.8494983277592,48.16053511705685,34.78260869565217,79.59866220735785,226.08695652173913,244.8160535117057,155.85284280936455,77.59197324414716,32.775919732441466,497.65886287625415,502.34113712374585,990.6790945406125,432.7759197324414,402.0066889632107,55.518394648829435,109.6989966555184,253.71428571428572,454.85714285714283,708.5714285714286,1792.7927927927926
6219,......6219 Vernayaz,1928,149.89626556016597,661.3070539419087,188.7966804979253,44.6058091286307,43.56846473029045,61.72199170124482,44.6058091286307,126.55601659751036,197.6141078838174,292.5311203319502,97.5103734439834,56.53526970954357,34.75103734439834,510.8921161825726,489.10788381742736,1044.5387062566278,443.46473029045643,409.2323651452282,55.49792531120332,91.80497925311204,226.66666666666666,285.4901960784313,512.1568627450981,1259.515570934256
6220,......6220 Vérossaz,902,188.470066518847,665.1884700665188,146.34146341463415,69.84478935698448,62.08425720620843,56.5410199556541,57.649667405764966,101.99556541019955,243.90243902439025,261.6407982261641,74.27937915742794,50.99778270509977,21.064301552106432,505.5432372505543,494.45676274944566,1022.4215246636772,486.6962305986696,383.59201773835923,29.933481152993348,99.77827050997783,283.3333333333333,220.0,503.3333333333333,776.4705882352941
6232,......6232 Chalais,3927,162.46498599439778,620.575502928444,216.95951107715814,50.67481538069774,58.56888209829386,53.22128851540616,38.45174433409727,102.62286732874969,201.68067226890756,277.82021899668956,115.60988031576267,79.44996180290298,21.899668958492487,499.36338171632286,500.63661828367714,997.4567650050865,429.5900178253119,422.4598930481284,42.52610134963076,105.42398777692895,261.79729175215425,349.6101764464505,611.4074681986048,1335.4231974921631
6235,......6235 Chippis,1615,143.6532507739938,675.5417956656347,180.80495356037153,42.72445820433437,52.01238390092879,48.91640866873065,53.25077399380805,137.46130030959753,208.6687306501548,276.1609907120743,83.59133126934984,61.300309597523224,35.91331269349845,509.5975232198142,490.4024767801858,1039.141414141414,426.0061919504644,429.1021671826625,58.20433436532508,86.687306501548,212.64894592117324,267.64436296975254,480.29330889092574,1258.6206896551723
6238,......6238 Grône,2556,160.01564945226917,637.3239436619718,202.66040688575902,47.73082942097027,58.29420970266041,53.990610328638496,42.25352112676056,110.32863849765258,212.05007824726135,272.6917057902973,107.98122065727699,68.07511737089202,26.604068857589983,499.6087636932707,500.39123630672924,998.4362783424551,434.2723004694836,422.9264475743349,46.948356807511736,95.85289514866979,251.0742786985881,317.9864947820749,569.060773480663,1266.5036674816624
6239,......6239 Icogne,640,112.5,600.0,287.5,32.8125,23.4375,56.25,39.0625,87.5,164.0625,309.375,164.0625,84.375,39.0625,507.8125,492.1875,1031.7460317460318,395.3125,437.5,60.9375,106.25,187.5,479.1666666666667,666.6666666666666,2555.555555555555
6240,......6240 Lens,4570,109.62800875273524,594.0919037199125,296.2800875273523,32.60393873085339,38.51203501094092,38.51203501094092,52.95404814004377,98.24945295404814,182.27571115973743,260.6126914660831,142.66958424507658,110.28446389496719,43.32603938730853,505.9080962800875,494.09190371991247,1023.9149689991143,417.50547045951856,424.72647702407,58.86214442013129,98.24945295404814,184.5303867403315,498.7108655616943,683.2412523020258,2702.5948103792416
6246,......6246 Saint-Léonard,2628,138.88888888888889,673.896499238965,187.21461187214612,46.42313546423135,47.564687975646876,44.90106544901065,50.2283105022831,135.4642313546423,205.09893455098936,283.10502283105023,103.5007610350076,57.8386605783866,25.8751902587519,495.0532724505327,504.94672754946725,980.4069329314242,436.8340943683409,436.45357686453576,50.989345509893454,75.72298325722983,206.09824957651043,277.8091473743647,483.9073969508752,1347.9452054794522
6248,......6248 Sierre,17829,135.11694430422347,642.4364798923102,222.44657580346626,40.38364462392731,45.8242189690953,48.90908071120086,51.54523529081833,121.20702226709294,209.3218913006899,260.36233103370915,103.59526613943575,86.2078635930226,32.64344607100791,487.9129508104773,512.0870491895226,952.7929901423877,449.54848841774634,382.0741488586011,59.1171686578047,108.8675752986707,210.3195390256679,346.2545835515977,556.5741225772656,1646.3262764632627
6252,......6252 Anniviers,2790,125.80645161290322,606.8100358422939,267.38351254480284,39.42652329749104,37.27598566308244,49.10394265232975,41.57706093189964,88.88888888888889,193.1899641577061,283.1541218637993,145.87813620071685,96.415770609319,25.089605734767026,526.1648745519714,473.8351254480287,1110.4387291981845,416.8458781362007,437.99283154121866,50.53763440860215,94.6236559139785,207.32427643236858,440.63792085056116,647.9621972829297,2125.3561253561256
6253,......6253 Crans-Montana,10496,103.27743902439023,633.860518292683,262.86204268292687,30.964176829268293,34.489329268292686,37.82393292682927,53.25838414634146,131.19283536585365,175.0190548780488,274.39024390243907,120.9032012195122,105.9451219512195,36.01371951219512,507.3361280487805,492.6638719512195,1029.781473602785,444.16920731707313,404.0586890243902,56.021341463414636,95.75076219512195,162.93401473019688,414.7001352773185,577.6341500075154,2545.2029520295205
6254,......6254 Noble-Contrée,4693,152.3545706371191,623.2686980609419,224.37673130193906,40.48582995951417,51.56616236948647,60.30257830811848,57.319411890049004,101.42765821436181,185.595567867036,278.926060089495,103.13232473897294,93.75665885361175,27.487747709354355,494.56637545280205,505.43362454719795,978.4991568296796,438.312380140635,415.7255486895376,47.30449605795866,98.44449179629234,244.44444444444443,360.0,604.4444444444445,1472.7272727272727
6261,......6261 Arbaz,1461,140.3148528405202,603.6960985626283,255.98904859685146,46.54346338124572,51.3347022587269,42.436687200547574,39.01437371663245,89.66461327857633,189.596167008898,285.42094455852157,137.5770020533881,86.92676249144421,31.48528405201916,495.55099247091033,504.4490075290896,982.3609226594301,422.31348391512665,428.4736481861738,42.436687200547574,106.77618069815195,232.42630385487527,424.0362811791383,656.4625850340135,1824.3902439024391
6263,......6263 Grimisuat,3962,172.38768298838968,646.3907117617365,181.2216052498738,46.9459868753155,56.03230691569914,69.40938919737506,62.08985360928824,111.0550227158001,192.0747097425543,281.1711256940939,88.08682483594144,69.15699141847551,23.977788995456837,489.90408884401813,510.09591115598187,960.4156358238496,459.3639575971731,414.9419485108531,42.40282685512368,83.29126703685009,266.69269816477936,280.3592346739555,547.0519328387348,1051.2445095168375
6265,......6265 Savièse,8278,135.41918337762746,632.8823387291617,231.6984778932109,40.710316501570425,45.059193041797535,49.64967383425949,50.374486590964004,102.92341145204155,190.74655713940567,288.83788354675045,116.57405170330998,88.4271563179512,26.697269871949747,491.5438511717806,508.45614882821934,966.7379425041578,432.8340178787147,412.05605218651846,52.307320608842716,102.80260932592414,213.972132086276,366.10040083985496,580.072532926131,1710.972346119536
6266,......6266 Sion,37154,134.00979706088174,662.8626796576411,203.1275232814771,41.825913764332235,44.49049900414491,47.69338429240459,53.722344835011036,136.43214727889324,217.87694460892502,254.83124293481185,95.52134359692093,75.55041179953706,32.055767885019115,486.6501587985143,513.3498412014858,947.989304252084,486.62324379609197,357.3504871615438,52.94180976476288,102.81530925337782,202.16826376482052,306.4398245898977,508.6080883547182,1515.7662181160877
6267,......6267 Veysonnaz,614,144.95114006514657,630.2931596091205,224.75570032573287,29.315960912052116,48.8599348534202,66.77524429967427,58.63192182410423,81.43322475570032,203.5830618892508,286.6449511400652,112.37785016286644,89.57654723127035,22.80130293159609,495.114006514658,504.885993485342,980.6451612903226,460.91205211726384,421.8241042345277,47.23127035830619,70.03257328990229,229.97416020671835,356.58914728682174,586.56330749354,1550.561797752809
6281,......6281 Baltschieder,1386,164.5021645021645,665.2236652236653,170.27417027417027,48.340548340548345,49.06204906204906,67.09956709956711,53.39105339105339,103.89610389610391,201.2987012987013,306.63780663780665,106.78210678210678,46.17604617604618,17.316017316017316,515.1515151515151,484.8484848484849,1062.5,411.976911976912,502.8860028860029,38.23953823953824,46.897546897546896,247.28850325379608,255.9652928416486,503.2537960954447,1035.0877192982457
6282,......6282 Eisten,192,36.458333333333336,687.5,276.0416666666667,26.041666666666668,0.0,10.416666666666666,26.041666666666668,166.66666666666666,171.875,322.9166666666667,109.375,119.79166666666667,46.875,473.9583333333333,526.0416666666666,900.990099009901,406.25,385.4166666666667,114.58333333333333,93.75,53.03030303030303,401.5151515151515,454.5454545454545,7571.428571428572
6283,......6283 Embd,285,105.26315789473684,621.0526315789474,273.6842105263158,56.140350877192986,24.56140350877193,24.56140350877193,28.070175438596493,98.24561403508773,126.31578947368422,368.4210526315789,143.859649122807,84.21052631578947,45.6140350877193,515.7894736842105,484.2105263157895,1065.217391304348,347.3684210526316,561.4035087719298,59.64912280701754,31.578947368421055,169.4915254237288,440.6779661016949,610.1694915254237,2600.0
6285,......6285 Grächen,1316,114.74164133738601,651.2158054711246,234.04255319148936,37.993920972644375,34.954407294832826,41.79331306990881,39.51367781155015,85.86626139817629,190.72948328267478,335.1063829787234,132.21884498480244,78.26747720364742,23.556231003039514,499.2401215805471,500.7598784194529,996.9650986342943,386.7781155015197,463.5258358662614,63.82978723404255,85.86626139817629,176.196032672112,359.39323220536755,535.5892648774796,2039.7350993377486
6286,......6286 Lalden,760,167.10526315789474,646.0526315789473,186.8421052631579,78.94736842105263,44.73684210526316,43.42105263157895,35.526315789473685,103.94736842105263,246.05263157894737,260.52631578947364,94.73684210526316,51.31578947368421,40.78947368421053,513.1578947368422,486.8421052631579,1054.054054054054,403.9473684210526,492.10526315789474,59.21052631578947,44.73684210526316,258.65580448065174,289.2057026476578,547.8615071283097,1118.1102362204724
6287,......6287 Randa,468,149.57264957264957,664.5299145299145,185.8974358974359,64.1025641025641,38.46153846153847,47.008547008547005,40.5982905982906,141.02564102564102,213.67521367521366,269.2307692307692,91.88034188034189,70.51282051282051,23.504273504273502,506.4102564102564,493.5897435897436,1025.974025974026,455.12820512820514,452.991452991453,49.14529914529914,42.73504273504273,225.08038585209002,279.7427652733119,504.82315112540186,1242.857142857143
6288,......6288 Saas-Almagell,385,124.67532467532467,654.5454545454545,220.77922077922076,36.36363636363636,54.54545454545454,33.76623376623376,28.57142857142857,103.89610389610391,192.2077922077922,329.87012987012986,116.88311688311688,70.12987012987013,33.76623376623376,490.9090909090909,509.09090909090907,964.2857142857143,387.012987012987,514.2857142857142,57.14285714285714,41.55844155844156,190.47619047619045,337.30158730158735,527.7777777777778,1770.8333333333333
6289,......6289 Saas-Balen,341,114.36950146627565,630.4985337243402,255.13196480938416,41.05571847507331,35.19061583577713,38.12316715542522,17.595307917888565,93.841642228739,173.02052785923755,346.0410557184751,161.29032258064515,67.44868035190615,26.392961876832846,469.20821114369505,530.791788856305,883.9779005524862,357.7712609970675,533.7243401759531,49.853372434017594,55.71847507331378,181.39534883720933,404.6511627906977,586.046511627907,2230.769230769231
6290,......6290 Saas-Fee,1638,119.04761904761904,686.2026862026862,194.74969474969475,34.188034188034194,42.124542124542124,42.73504273504273,39.682539682539684,112.94261294261294,229.54822954822953,304.029304029304,119.04761904761904,57.38705738705738,18.315018315018317,515.2625152625152,484.73748473748475,1062.9722921914358,478.63247863247864,422.46642246642244,39.072039072039075,59.218559218559214,173.48754448398577,283.80782918149464,457.29537366548044,1635.8974358974358
6291,......6291 Saas-Grund,1057,134.34247871333966,641.438032166509,224.2194891201514,51.0879848628193,33.11258278145696,50.14191106906338,35.00473036896878,105.96026490066225,175.0236518448439,325.4493850520341,115.42100283822137,84.20056764427625,24.597918637653738,505.2034058656575,494.79659413434246,1021.0325047801148,402.081362346263,475.8751182592242,58.6565752128666,62.44087038789026,209.43952802359883,349.5575221238938,558.9970501474927,1669.0140845070423
6292,......6292 St. Niklaus,2298,135.77023498694518,641.8624891209747,222.36727589208007,39.59965187119234,40.905134899912966,55.26544821583986,46.12706701479547,114.01218450826805,178.85117493472586,302.8720626631854,120.5395996518712,76.15317667536989,25.674499564838992,503.4812880765883,496.5187119234117,1014.022787028922,412.0974760661445,473.89033942558746,58.311575282854655,55.26544821583986,211.52542372881356,346.44067796610165,557.9661016949152,1637.8205128205127
6293,......6293 Stalden (VS),1113,115.00449236298293,628.0323450134771,256.96316262354,34.14195867026056,35.93890386343217,44.923629829290206,36.837376460017964,108.7151841868823,203.05480682839172,279.4249775381851,121.29380053908356,83.55795148247978,52.11141060197664,509.4339622641509,490.5660377358491,1038.4615384615386,373.7646001796945,495.0584007187781,70.97933513027853,60.19766397124888,183.11874105865522,409.15593705293276,592.274678111588,2234.375
6294,......6294 Staldenried,561,130.1247771836007,627.4509803921569,242.42424242424244,53.475935828877006,46.34581105169341,30.303030303030305,26.737967914438503,112.29946524064172,187.1657754010695,301.24777183600713,124.777183600713,74.8663101604278,42.780748663101605,504.4563279857398,495.54367201426027,1017.9856115107915,390.37433155080214,475.93582887700535,76.6488413547237,57.040998217468804,207.38636363636365,386.3636363636364,593.75,1863.0136986301368
6295,......6295 Täsch,1305,140.22988505747128,737.1647509578544,122.60536398467433,48.275862068965516,42.145593869731805,49.808429118773944,44.44444444444444,145.59386973180077,224.52107279693487,322.60536398467434,65.13409961685824,43.67816091954023,13.793103448275861,518.007662835249,481.992337164751,1074.7217806041335,476.62835249042143,439.08045977011494,33.71647509578544,50.57471264367816,190.22869022869023,166.32016632016632,356.5488565488565,874.3169398907104
6296,......6296 Törbel,496,118.95161290322581,627.0161290322582,254.03225806451613,56.45161290322581,40.32258064516129,22.17741935483871,56.45161290322581,100.80645161290322,181.45161290322582,288.30645161290323,161.29032258064515,70.56451612903227,22.17741935483871,491.93548387096774,508.06451612903226,968.2539682539683,383.06451612903226,493.9516129032258,50.40322580645161,70.56451612903227,189.71061093247587,405.14469453376205,594.855305466238,2135.593220338983
6297,......6297 Visp,8838,142.79248698800635,669.9479520253451,187.25956098664855,45.59855170853134,50.463905861054535,46.73002941842046,42.76985743380855,124.6888436297805,242.92826431319304,259.560986648563,93.57320660782982,69.92532247114731,23.76103190767142,516.9721656483367,483.0278343516633,1070.2740688685874,456.2118126272913,423.17266349852906,46.50373387644263,73.99864222674813,213.13967235264315,279.513595676406,492.6532680290491,1311.4104595879558
6298,......6298 Visperterminen,1318,113.80880121396055,594.8406676783004,291.350531107739,30.349013657056148,40.21244309559939,43.247344461305005,47.04097116843703,98.63429438543247,134.29438543247343,314.8710166919575,138.84673748103188,106.22154779969651,46.28224582701062,481.7905918057663,518.2094081942337,929.7218155197658,380.8801213960547,515.174506828528,72.07890743550836,31.10773899848255,191.32653061224488,489.7959183673469,681.1224489795918,2560.0
6299,......6299 Zeneggen,355,149.29577464788733,642.2535211267606,208.45070422535213,61.971830985915496,50.70422535211268,36.61971830985915,45.07042253521127,98.59154929577464,225.35211267605635,273.23943661971833,121.12676056338029,64.78873239436619,22.535211267605636,566.1971830985916,433.80281690140845,1305.1948051948052,428.169014084507,484.50704225352115,30.985915492957748,56.33802816901409,232.4561403508772,324.56140350877195,557.0175438596491,1396.2264150943395
6300,......6300 Zermatt,6099,106.73880964092474,746.0239383505492,147.23725200852599,39.67863584194131,34.923757993113625,32.13641580586982,37.87506148548942,153.46778160354157,254.79586817511068,299.8852270864076,77.22577471716676,50.336120675520576,19.675356615838663,518.7735694376128,481.2264305623873,1078.0238500851788,519.7573372684046,374.15969831119855,33.448106246925725,72.30693556320708,143.07692307692307,197.36263736263737,340.4395604395604,1379.416282642089
6404,......6404 Boudry,6317,168.11777742599335,643.5016621814152,188.3805603925914,48.91562450530315,59.52192496438183,59.68022795630838,56.19756213392433,117.46082000949818,208.80164635111603,261.04163368687665,93.87367421244261,72.02786132657907,22.479024853569733,491.21418394807665,508.7858160519234,965.4635967641568,491.37248694000317,356.1817318347317,44.008231755580184,108.27924647775842,261.2546125461255,292.7429274292743,553.9975399753998,1120.527306967985
6408,......6408 Cortaillod,4807,157.27064697316413,631.9950072810485,210.73434574578738,43.47826086956522,49.303099646349075,64.48928645724985,52.42354899105471,93.61348034116914,201.16496775535677,284.79301019346786,98.19013938007073,82.17183274391512,30.37237362180154,483.4616184730601,516.5383815269398,935.9645590012083,439.15123777824004,383.8152693987934,56.7921780736426,120.24131474932389,248.8479262672811,333.44305464121135,582.2909809084924,1339.94708994709
6413,......6413 Rochefort,1354,144.01772525849336,644.7562776957164,211.22599704579025,35.450516986706056,58.34564254062038,50.22156573116691,49.48301329394387,98.2274741506647,191.2850812407681,305.7607090103397,130.72378138847859,61.29985228951256,19.202363367799116,519.2023633677991,480.79763663220086,1079.8771121351767,441.65435745937964,412.85081240768096,36.1890694239291,109.30576070901034,223.36769759450172,327.6059564719359,550.9736540664376,1466.6666666666665
6416,......6416 Milvignes,9308,153.41641598624838,624.1942415126772,222.38934250107434,44.47786850021487,52.96519123334765,55.97335625268586,54.254404813064035,106.5749892565535,191.9853889127632,271.3794585302966,98.62483884830253,90.67468844005157,33.08981521272024,483.66996132359264,516.3300386764074,936.7457344985435,463.5797163730125,375.4834550923936,51.56854318865492,109.36828534593899,245.7831325301205,356.28227194492257,602.065404475043,1449.579831932773
6417,......6417 La Grande Béroche,9229,141.51045617076608,635.4968035540145,222.99274027521943,44.31682739191679,47.78415863040416,49.40947014844512,52.55173908332431,110.52118322678513,170.54935529309785,301.8745259508072,109.00422580994692,81.80734640806155,32.18116805721097,490.0855997399501,509.9144002600499,961.1134721631959,437.7505688590313,388.66616101419436,55.26059161339256,118.214324412179,222.6768968456948,350.8951406649616,573.5720375106564,1575.8039816232772
6421,......6421 La Chaux-de-Fonds,37600,146.06382978723403,659.7606382978723,194.1755319148936,44.734042553191486,49.41489361702128,51.91489361702128,55.02659574468085,131.17021276595744,204.92021276595744,268.6436170212766,89.84042553191489,71.67553191489363,32.65957446808511,486.8085106382979,513.1914893617021,948.5903814262024,484.8936170212766,345.61170212765956,51.861702127659576,117.6063829787234,221.38912403757004,294.3120893296247,515.7012133671948,1329.3882010196648
6422,......6422 Les Planchettes,200,135.0,635.0,230.0,45.0,45.0,45.0,65.0,100.0,115.0,355.0,150.0,75.0,5.0,490.0,510.0,960.7843137254903,410.0,455.0,15.0,120.0,212.5984251968504,362.20472440944883,574.8031496062991,1703.7037037037037
6423,......6423 La Sagne,1075,164.65116279069767,608.3720930232558,226.97674418604652,43.72093023255814,60.46511627906977,60.46511627906977,63.255813953488364,97.67441860465117,192.5581395348837,254.88372093023253,103.25581395348837,93.95348837209302,29.76744186046512,490.2325581395349,509.76744186046506,961.6788321167883,451.1627906976744,390.69767441860466,64.18604651162791,93.95348837209302,270.64220183486236,373.08868501529054,643.7308868501528,1378.5310734463276
6432,......6432 La Brévine,624,160.25641025641028,605.7692307692307,233.97435897435898,65.7051282051282,64.1025641025641,30.44871794871795,32.05128205128205,104.16666666666667,181.0897435897436,288.46153846153845,99.35897435897435,105.76923076923077,28.846153846153847,540.0641025641025,459.9358974358974,1174.2160278745644,423.0769230769231,434.2948717948718,64.1025641025641,78.52564102564102,264.55026455026456,386.2433862433862,650.7936507936508,1460.0
6433,......6433 Brot-Plamboz,297,222.2222222222222,595.959595959596,181.8181818181818,87.54208754208754,70.7070707070707,63.97306397306397,50.505050505050505,90.9090909090909,195.2861952861953,259.25925925925924,101.01010101010101,74.07407407407408,6.7340067340067336,531.986531986532,468.013468013468,1136.6906474820144,461.2794612794613,430.97643097643095,47.13804713804714,60.60606060606061,372.8813559322034,305.08474576271186,677.9661016949152,818.1818181818182
6434,......6434 Le Cerneux-Péquignot,310,190.32258064516128,651.6129032258065,158.06451612903226,74.19354838709677,54.83870967741936,61.29032258064516,45.16129032258064,109.67741935483872,183.8709677419355,312.90322580645164,74.19354838709677,41.935483870967744,41.935483870967744,493.54838709677415,506.45161290322585,974.5222929936306,464.5161290322581,422.58064516129036,48.387096774193544,64.51612903225806,292.07920792079204,242.57425742574256,534.6534653465346,830.5084745762712
6435,......6435 La Chaux-du-Milieu,496,175.40322580645162,618.9516129032257,205.6451612903226,42.33870967741935,42.33870967741935,90.72580645161291,72.58064516129033,100.80645161290322,187.5,258.06451612903226,118.95161290322581,72.58064516129033,14.112903225806452,520.1612903225806,479.8387096774194,1084.033613445378,459.67741935483866,441.5322580645161,42.33870967741935,56.45161290322581,283.38762214983717,332.2475570032573,615.6351791530946,1172.4137931034481
6436,......6436 Le Locle,10907,144.1276244613551,635.646832309526,220.22554322911893,40.341065370862744,50.884752910974605,52.90180617951774,55.92738608233245,118.63940588612817,183.8269001558632,277.25314018520214,107.08719171174475,76.18960300724305,36.94874851013111,500.962684514532,499.037315485468,1003.8581664523241,448.7026680113688,371.32116989089576,62.16191436692033,117.81424773081507,226.74167027260924,346.45896437328713,573.2006346458965,1527.9898218829517
6437,......6437 Les Ponts-de-Martel,1231,147.8472786352559,630.3818034118602,221.77091795288385,49.553208773354996,51.17790414297319,47.116165718927704,48.7408610885459,126.72623883021933,190.08935824532898,264.825345247766,96.6693744922827,79.61007311129163,45.4914703493095,503.65556458164093,496.34443541835907,1014.7299509001637,427.29488220958575,442.7294882209586,53.61494719740049,76.36068237205524,234.53608247422682,351.80412371134025,586.340206185567,1500.0
6451,......6451 Cornaux,1682,148.03804994054698,649.8216409036861,202.14030915576694,51.129607609988106,45.18430439952437,51.724137931034484,48.75148632580262,124.25683709869203,212.2473246135553,264.56599286563613,117.71700356718193,65.39833531510108,19.024970273483945,499.4054696789536,500.5945303210464,997.624703087886,460.7609988109393,401.307966706302,39.833531510107015,98.0975029726516,227.81335773101554,311.0704483074108,538.8838060384263,1365.4618473895584
6452,......6452 Cressier (NE),2005,153.11720698254365,660.3491271820449,186.53366583541148,51.371571072319206,50.87281795511222,50.87281795511222,50.87281795511222,119.7007481296758,200.0,289.7755610972569,97.25685785536159,65.33665835411472,23.940149625935163,497.2568578553616,502.74314214463845,989.0873015873017,449.3765586034913,411.4713216957606,42.394014962593516,96.75810473815461,231.87311178247737,282.47734138972805,514.3504531722054,1218.241042345277
6453,......6453 Enges,283,194.34628975265016,590.1060070671377,215.547703180212,56.53710247349823,53.003533568904594,84.80565371024736,49.46996466431095,81.2720848056537,183.74558303886926,275.6183745583039,91.87279151943463,113.07420494699646,10.60070671378092,512.3674911660777,487.63250883392226,1050.7246376811595,445.22968197879857,371.0247349823322,49.46996466431095,134.27561837455832,329.34131736526945,365.2694610778443,694.6107784431138,1109.0909090909092
6454,......6454 Hauterive (NE),2666,137.28432108027005,643.6609152288072,219.05476369092273,42.010502625656414,50.637659414853715,44.63615903975994,52.13803450862716,111.40285071267816,211.17779444861216,268.94223555888976,93.39834958739685,93.02325581395348,32.6331582895724,472.2430607651913,527.7569392348087,894.8116560056859,463.2408102025506,373.218304576144,55.88897224306077,107.65191297824455,213.28671328671328,340.32634032634036,553.6130536130536,1595.6284153005465
6455,......6455 Le Landeron,4652,140.15477214101463,621.238177128117,238.60705073086842,44.067067927772996,46.861564918314706,49.22613929492691,60.18916595012898,98.23731728288908,178.63284608770422,284.1788478073947,113.28460877042131,92.64832330180568,32.67411865864144,490.32674118658645,509.6732588134136,962.0413327709826,437.8761822871883,388.0051590713672,55.6749785038693,118.22871883061049,225.60553633217992,384.08304498269894,609.6885813148789,1702.4539877300613
6456,......6456 Lignières,1061,164.9387370405278,654.0999057492932,180.96135721017907,50.89538171536286,49.01036757775683,65.03298774740811,72.57304429783224,114.98586239396795,204.5240339302545,262.01696512723845,104.61828463713478,62.20546654099906,14.137606032045241,512.7238454288407,487.2761545711593,1052.2243713733076,467.483506126296,386.42789820923656,36.757775683317625,109.33081998114987,252.16138328530258,276.657060518732,528.8184438040346,1097.142857142857
6458,......6458 Neuchâtel,45309,134.67523008673774,682.9768920082104,182.34787790505197,44.1854819130857,43.63371515592929,46.856033017722744,51.31430841554658,146.4388973493125,227.19547992672537,258.0282063166258,82.14703480544703,67.82316978966651,32.37767330993842,488.821205500011,511.17879449998895,956.2626829584216,515.482575205809,328.16879648634927,46.17184223884879,110.1326447284204,197.1885603490063,266.9898206495395,464.1783809985458,1353.9823008849557
6459,......6459 Saint-Blaise,3198,138.83677298311446,632.5828642901814,228.58036272670418,35.647279549718576,49.093183239524706,54.09631019387117,59.09943714821764,104.75297060662913,175.73483427141963,292.995622263915,99.12445278298937,89.4308943089431,40.025015634771734,494.6841776110069,505.31582238899307,978.9603960396039,445.5909943714822,387.74233896185115,60.35021888680425,106.31644777986241,219.47602570439943,361.34453781512605,580.8205635195255,1646.3963963963963
6461,......6461 La Tène,5571,161.90989050439777,635.9719978459881,202.11811164961406,44.15724286483576,55.824807036438706,61.92784060312332,61.568838628612454,108.77759827679053,185.60402082211453,280.0215401184706,93.34051337282355,81.49344821396518,27.284150062825347,490.2171961945791,509.78280380542094,961.6197183098592,448.3934661640639,418.775803266918,41.64422904325974,91.1865015257584,254.58650860852384,317.8097657352526,572.3962743437764,1248.3370288248336
6487,......6487 Val-de-Ruz,17514,163.29793308210574,658.958547447756,177.74351947013815,50.41680940961517,53.78554299417609,59.09558067831449,67.31757451181912,113.2237067488866,199.04076738609115,279.3764988009592,96.32294164668265,58.63880324311979,22.781774580335732,499.0293479502113,500.9706520497887,996.1249145201733,470.4236610711431,383.9214342811465,41.109969167523126,104.48783830078794,247.81214799410796,269.7339918551252,517.5461398492331,1088.4615384615383
6504,......6504 La Côte-aux-Fées,473,175.47568710359405,543.3403805496829,281.18393234672305,35.940803382663844,69.76744186046511,69.76744186046511,48.625792811839325,76.10993657505286,171.24735729386893,247.35729386892177,141.6490486257928,112.05073995771671,27.48414376321353,526.4270613107822,473.5729386892177,1111.607142857143,412.262156448203,429.1754756871036,50.7399577167019,107.82241014799155,322.9571984435798,517.5097276264592,840.4669260700389,1602.4096385542168
6511,......6511 Les Verrières,658,180.85106382978725,598.7841945288754,220.3647416413374,37.993920972644375,66.8693009118541,75.98784194528875,60.79027355623101,88.14589665653496,177.8115501519757,272.0364741641337,123.10030395136778,69.90881458966565,27.35562310030395,503.0395136778115,496.9604863221885,1012.2324159021407,458.96656534954406,341.9452887537994,75.98784194528875,123.10030395136778,302.0304568527919,368.02030456852793,670.0507614213199,1218.487394957983
6512,......6512 Val-de-Travers,10691,147.50724908801797,609.5781498456646,242.91460106631746,43.68160134692732,50.603311196333365,53.22233654475727,51.81928725095875,105.9769899915817,182.3028715742213,269.4790010289028,116.17248152651763,88.95332522682631,37.78879431297353,495.557010569638,504.44298943036205,982.3845725941035,430.8296698157328,378.3556262276681,66.41099990646337,124.40370405013562,241.98250728862973,398.49624060150376,640.4787478901335,1646.7977171845275
6601,......6601 Aire-la-Ville,1173,156.86274509803923,664.9616368286445,178.1756180733163,31.543052003410057,43.47826086956522,81.84143222506394,72.46376811594203,106.56436487638534,150.89514066496162,335.0383631713555,98.8917306052856,64.79113384484228,14.492753623188406,507.24637681159425,492.7536231884058,1029.4117647058822,441.6027280477408,448.4228473998295,31.543052003410057,78.43137254901961,235.89743589743588,267.94871794871796,503.8461538461538,1135.8695652173913
6602,......6602 Anières,2563,158.79828326180257,653.5310183378853,187.67069840031215,39.40694498634413,53.06281701131486,66.32852126414359,70.23019898556379,115.48966055403824,160.35895435037065,307.4522044479126,101.44362075692548,67.88919235271166,18.33788529067499,483.80803745610615,516.1919625438939,937.2637944066515,459.6176355833008,424.1123683183769,32.38392508778775,83.88607101053452,242.98507462686567,287.1641791044776,530.1492537313433,1181.818181818182
6603,......6603 Avully,1746,164.37571592210767,655.2119129438718,180.41237113402062,49.25544100801832,54.41008018327606,60.710194730813285,71.01947308132875,107.10194730813286,211.91294387170674,265.17754868270333,100.2290950744559,62.42840778923253,17.75486827033219,490.836197021764,509.16380297823594,964.0044994375703,493.6998854524628,349.942726231386,29.782359679266893,126.5750286368843,250.8741258741259,275.34965034965035,526.2237762237762,1097.5609756097563
6604,......6604 Avusy,1412,139.5184135977337,671.3881019830028,189.09348441926346,32.577903682719544,38.95184135977337,67.9886685552408,65.86402266288951,123.93767705382436,136.68555240793202,344.90084985835693,96.31728045325778,67.9886685552408,24.787535410764875,487.25212464589237,512.7478753541076,950.2762430939226,439.8016997167139,427.05382436260624,32.577903682719544,100.56657223796034,207.80590717299577,281.6455696202532,489.45147679324896,1355.3299492385786
6605,......6605 Bardonnex,2545,165.4223968565815,634.9705304518664,199.60707269155205,49.90176817288801,59.72495088408644,55.79567779960707,58.153241650294696,98.62475442043223,185.0687622789784,293.1237721021611,93.90962671905697,86.83693516699411,18.860510805500983,479.7642436149313,520.2357563850688,922.2054380664653,463.6542239685658,384.2829076620825,34.57760314341847,117.4852652259332,260.51980198019805,314.35643564356434,574.8762376237623,1206.6508313539193
6606,......6606 Bellevue,4105,193.42265529841657,676.73568818514,129.84165651644335,54.81120584652863,64.79902557856272,73.81242387332522,71.86358099878197,131.5468940316687,218.75761266747867,254.5676004872107,69.91473812423874,46.52862362971985,13.398294762484774,496.7113276492083,503.28867235079167,986.9312681510165,512.3020706455542,383.19123020706456,23.629719853836782,80.87697929354445,285.81713462922966,191.8646508279338,477.68178545716347,671.2846347607053
6607,......6607 Bernex,11112,158.11735061195103,649.5680345572355,192.31461483081353,44.45644348452124,54.98560115190785,58.67530597552196,59.755219582433405,116.0007199424046,188.26493880489562,285.54715622750183,82.79337652987762,81.35349172066235,28.16774658027358,490.55075593952483,509.4492440604752,962.9040805511394,471.2922966162707,386.87904967602594,40.22678185745141,101.60187185025198,243.419229703519,296.06539207536713,539.4846217788861,1216.277746158224
6608,......6608 Carouge (GE),22488,151.59196015652793,690.412664532195,157.99537531127714,48.247954464603346,51.89434364994664,51.449662041977945,50.604766986837426,127.22340803984348,236.21487015297046,276.36961935254357,77.28566346495909,56.65243685521167,24.057274991106368,475.1867662753468,524.8132337246532,905.4397559735638,529.4379224475275,322.8388473852721,35.21878335112059,112.45997865528281,219.56717763751126,228.84194254798405,448.4091201854953,1042.241126430038
6609,......6609 Cartigny,1050,180.0,644.7619047619047,175.23809523809524,49.523809523809526,70.47619047619047,60.0,80.0,88.57142857142857,170.47619047619048,305.7142857142857,80.95238095238096,77.14285714285714,17.142857142857142,500.9523809523809,499.0476190476191,1003.8167938931297,462.85714285714283,416.19047619047615,29.523809523809526,91.42857142857143,279.1728212703102,271.7872968980798,550.96011816839,973.5449735449735
6610,......6610 Céligny,862,164.73317865429235,679.8143851508121,155.4524361948956,37.12296983758701,54.524361948955914,73.08584686774942,71.92575406032482,119.48955916473318,165.89327146171692,322.5058004640371,80.04640371229699,56.8445475638051,18.561484918793504,487.2389791183295,512.7610208816706,950.2262443438914,465.1972157772622,443.15545243619493,26.682134570765662,64.96519721577727,242.320819112628,228.66894197952217,470.98976109215016,943.6619718309859
6611,......6611 Chancy,1664,195.3125,677.8846153846155,126.80288461538461,40.26442307692308,64.30288461538461,90.7451923076923,83.53365384615384,109.97596153846153,180.28846153846155,304.08653846153845,68.50961538461539,48.67788461538461,9.615384615384617,501.20192307692315,498.7980769230769,1004.8192771084337,501.8028846153846,374.39903846153845,24.639423076923077,99.15865384615384,288.12056737588654,187.05673758865248,475.177304964539,649.2307692307693
6612,......6612 Chêne-Bougeries,14342,178.14809649979082,629.4101241110026,192.44177938920654,55.71050062752754,55.222423650815784,67.2151722214475,61.14907265374425,109.46869334820806,203.17947287686516,255.61288523218516,70.91061218797937,75.44275554315995,46.088411658067216,476.7814809649979,523.218519035002,911.2473347547975,481.0347231906289,383.2101520011156,46.85538976432854,88.89973504392692,283.0397695801484,305.7494184114324,588.7891879915809,1080.2348336594912
6613,......6613 Chêne-Bourg,9578,157.54854875756942,680.8310712048444,161.62038003758613,47.50469826686156,55.23073710586762,54.81311338484026,57.42326164126122,127.79285863437043,222.28022551680934,273.33472541240343,84.15117978701191,52.62058884944665,24.848611401127584,480.78930883274165,519.2106911672582,926.0004021717273,495.3017331384423,360.30486531635,34.453956984756736,109.93944456045104,231.40622603895108,237.3869038491029,468.793129888054,1025.844930417495
6614,......6614 Choulex,1232,160.71428571428572,620.9415584415584,218.34415584415584,34.090909090909086,55.19480519480519,71.42857142857143,65.74675324675324,94.96753246753246,158.27922077922076,301.94805194805195,107.95454545454545,80.35714285714286,30.032467532467532,465.0974025974026,534.9025974025974,869.4992412746586,456.16883116883116,402.5974025974026,38.96103896103896,102.27272727272728,258.82352941176475,351.6339869281046,610.4575163398694,1358.5858585858587
6615,......6615 Collex-Bossy,1666,171.06842737094837,655.4621848739496,173.46938775510205,35.414165666266506,59.42376950780312,76.23049219687874,67.22689075630252,103.24129651860744,148.859543817527,336.1344537815126,85.23409363745499,63.02521008403361,25.210084033613445,499.3997599039616,500.6002400960384,997.6019184652279,445.9783913565426,446.578631452581,42.016806722689076,65.42617046818727,260.989010989011,264.65201465201466,525.6410256410256,1014.0350877192983
6616,......6616 Collonge-Bellerive,8643,176.21196343862087,630.4523892167072,193.335647344672,42.57780863126229,59.12298970264954,74.51116510470901,69.18893902580123,105.86601874349185,161.05518917042693,294.3422422769871,86.65972463265071,71.15584866365846,35.520074048362844,478.884646534768,521.1153534652319,918.9609236234459,458.7527478884646,422.075668170774,41.99930579659841,77.1722781441629,279.50082583960364,306.66177280234905,586.1625986419526,1097.176625082075
6617,......6617 Cologny,6027,177.36850837896134,614.5677783308445,208.06371329019413,56.08096897295504,61.39040982246557,59.89712958354073,57.076489132238265,99.38609590177535,202.58835241413638,255.51684088269454,90.42641446822631,73.50257176041148,44.134727061556326,467.23079475692714,532.7692052430729,876.9853628153223,462.253193960511,419.943587190974,41.97776671644267,75.82545213207234,288.6069114470842,338.5529157667387,627.159827213823,1173.0589335827876
6618,......6618 Confignon,4553,155.94113771139908,644.8495497474192,199.20931254118162,33.60421699978036,54.249945091148696,68.08697562047001,70.06369426751593,120.14056665934548,150.01098177026137,304.63430705029646,91.58796397979354,80.38655831320008,27.234790248188006,487.81023500988357,512.1897649901164,952.401372212693,464.0896112453328,413.3538326378212,34.263123215462336,88.29343290138371,241.82561307901906,308.92370572207085,550.7493188010899,1277.4647887323945
6619,......6619 Corsier (GE),2313,182.44703847816686,635.5382619974059,182.01469952442713,54.474708171206224,60.52745352356247,67.44487678339819,61.39213143104193,96.41158668396022,164.72114137483788,313.01340250756596,89.06182447038478,73.49762213575444,19.45525291828794,485.516645049719,514.483354950281,943.6974789915967,447.4708171206226,421.0981409424989,35.01945525291829,95.9792477302205,287.07482993197283,286.3945578231292,573.469387755102,997.6303317535545
6620,......6620 Dardagny,1828,158.6433260393873,649.890590809628,191.46608315098467,45.951859956236326,54.70459518599562,57.98687089715536,62.91028446389496,101.75054704595186,185.9956236323851,299.23413566739606,85.88621444201313,71.66301969365426,33.91684901531729,474.835886214442,525.1641137855579,904.1666666666666,470.4595185995624,385.12035010940923,43.21663019693654,101.2035010940919,244.1077441077441,294.61279461279463,538.7205387205387,1206.896551724138
6621,......6621 Genève,209061,134.89364348204592,705.5548380616183,159.5515184563357,46.25444248329435,45.87656234304821,42.762638655703356,44.1880599442268,130.82306121179943,261.16779313214806,269.37592377344413,75.47079560511047,56.289791017932565,27.790931833292674,479.9699609204969,520.0300390795031,922.9658382236612,531.653440861758,326.6845561821669,35.59726586977006,105.89253854138265,191.18803557869617,226.1362403731424,417.32427595183856,1182.7949363497746
6622,......6622 Genthod,2861,155.1904928346732,643.8308283816847,200.9786787836421,33.904229290457884,56.97308633344984,64.31317721076546,67.45893044390074,110.45089129674939,157.6371897937784,308.2838168472562,99.96504718629849,72.35232436211116,28.661307235232435,476.4068507514855,523.5931492485146,909.8798397863819,436.5606431317721,464.1733659559594,35.65186997553303,63.61412093673541,241.04234527687296,312.1606948968513,553.2030401737243,1295.045045045045
6623,......6623 Le Grand-Saconnex,13062,174.55213596692695,671.1070280202113,154.34083601286176,44.86296126167509,60.09799418159547,69.59118052365642,72.57694074414333,116.36809064461798,196.14147909967846,286.02051753177153,72.0410350635431,55.12172714745062,27.178073801868013,489.9709079773388,510.02909202266113,960.6724707295107,482.3916704945644,402.08237635890373,34.1448476496708,81.30454754248967,260.09582477754964,229.97946611909651,490.07529089664615,884.2105263157895
6624,......6624 Gy,553,188.06509945750452,618.4448462929477,193.49005424954794,61.48282097649186,65.0994575045208,61.48282097649186,52.44122965641953,99.45750452079565,206.14828209764917,260.3978300180832,122.96564195298372,56.057866184448464,14.466546112115731,453.8878842676311,546.1121157323689,831.1258278145696,497.2875226039783,394.2133815551537,23.508137432188065,84.99095840867993,304.093567251462,312.8654970760234,616.9590643274854,1028.8461538461538
6625,......6625 Hermance,1246,154.8956661316212,638.0417335473514,207.06260032102728,31.300160513643664,56.17977528089887,67.41573033707866,65.00802568218299,109.14927768860353,155.69823434991974,308.18619582664525,100.32102728731942,70.62600321027287,36.115569823434996,485.553772070626,514.446227929374,943.8377535101405,451.8459069020867,389.24558587479936,49.75922953451043,109.14927768860353,242.7672955974843,324.52830188679246,567.2955974842768,1336.7875647668395
6626,......6626 Jussy,1223,164.3499591169256,630.4170073589534,205.233033524121,48.2420278004906,48.2420278004906,67.86590351594441,56.41864268192968,111.20196238757154,193.7857726901063,269.01062959934586,91.57808667211773,85.03679476696648,28.618152085036794,483.2379394930499,516.7620605069502,935.126582278481,466.06704824202785,408.01308258381033,44.15372035977106,81.76614881439085,260.7003891050584,325.55123216601817,586.2516212710766,1248.7562189054727
6627,......6627 Laconnex,704,151.98863636363635,629.2613636363636,218.75,42.61363636363636,65.3409090909091,44.034090909090914,69.60227272727272,83.80681818181817,174.7159090909091,301.1363636363636,95.17045454545455,100.85227272727272,22.727272727272727,492.8977272727273,507.1022727272727,971.9887955182073,431.8181818181818,457.3863636363636,35.51136363636364,75.2840909090909,241.53498871331828,347.6297968397291,589.1647855530474,1439.252336448598
6628,......6628 Lancy,37259,177.1115703588395,673.1527952977804,149.73563434338013,56.71113019673099,59.717115327840254,60.68332483426823,56.308542902386,129.65994793204328,227.32762554013794,259.85667892321317,68.68139241525537,54.64451541909337,26.409726509031373,483.53417966128984,516.4658203387102,936.236553551941,505.6496416973081,357.4169999194826,37.09170938565179,99.76113153868864,263.1075315976237,222.4392966787608,485.54682827638453,845.4311259281709
6629,......6629 Meinier,2069,156.59739004349927,629.7728371193814,213.62977283711936,32.382793620106334,52.682455292411795,71.53214113098115,63.315611406476556,89.89850169163847,178.83035282745288,297.7283711938135,91.8318028032866,92.79845335911068,28.999516674722088,479.9420009666506,520.0579990333495,922.8624535315985,460.1256645722571,378.92701788303526,45.9159014016433,115.03141614306428,248.6569455103607,339.2171910974674,587.8741366078281,1364.1975308641977
6630,......6630 Meyrin,27059,179.2749177722754,663.9195831331534,156.8054990945711,55.98876529066115,62.82567722384419,60.46047525777006,56.43224065930005,129.34698251967922,223.2528918289663,254.8874681252079,70.14302080638605,60.164825012010795,26.497653276174283,496.80328171772794,503.19671828227206,987.2943595769683,483.462064377841,382.1279426438523,39.32148268598248,94.97764145016446,270.02504870581686,236.1814639576955,506.20651266351234,874.6650175221604
6631,......6631 Onex,18915,154.90351572825801,652.6037536346815,192.49273063706053,43.93338620142743,54.66560930478456,56.304520222045994,59.05366111551678,123.60560401797515,195.61194818926776,274.3325403119218,78.93206449907481,72.4821570182395,41.078509119746236,477.71609833465504,522.283901665345,914.6674764652292,470.05022468939995,364.2611683848797,53.238170763943955,112.45043616177637,237.36228127025274,294.9611147116008,532.3233959818535,1242.6621160409557
6632,......6632 Perly-Certoux,3304,155.56900726392254,652.8450363196125,191.58595641646488,48.426150121065376,53.26876513317191,53.87409200968523,61.743341404358354,122.88135593220339,204.90314769975788,263.31719128329297,88.68038740920096,78.9951573849879,23.91041162227603,474.8789346246973,525.1210653753027,904.3227665706052,482.14285714285717,368.64406779661016,39.346246973365616,109.56416464891042,238.2939267501159,293.46314325452016,531.7570700046361,1231.5175097276265
6633,......6633 Plan-les-Ouates,12186,165.02543902839324,682.9148202855736,152.05974068603314,51.04217955030363,56.78647628426062,57.196783193828985,71.31134088298047,133.5138683735434,193.66486131626456,284.4247497127851,79.35335631052028,52.35516166092237,20.351222714590513,486.21368783850323,513.7863121614969,946.3344513655966,498.6049565074676,380.6827506975217,33.23485967503693,87.47743311997375,241.64864215332852,222.66282143715452,464.311463590483,921.4321233217305
6634,......6634 Pregny-Chambésy,4262,186.06288127639607,642.6560300328484,171.2810886907555,49.272641952135146,66.8700140778977,69.92022524636322,67.3392773345847,92.21022993899578,178.08540591271705,305.0211168465509,77.66306898169874,59.596433599249174,34.0215861098076,488.268418582825,511.731581417175,954.1494727189363,449.08493664946036,455.8892538714219,37.54106053496011,57.48474894415767,289.52172325666305,266.5206279664111,556.0423512230741,920.5548549810844
6635,......6635 Presinge,708,145.48022598870057,576.271186440678,278.2485875706215,36.72316384180791,56.497175141242934,52.259887005649716,55.08474576271186,100.28248587570621,172.31638418079095,248.58757062146893,134.180790960452,100.28248587570621,43.78531073446327,477.40112994350284,522.5988700564972,913.5135135135135,460.4519774011299,379.9435028248588,52.259887005649716,107.34463276836158,252.45098039215685,482.843137254902,735.2941176470589,1912.621359223301
6636,......6636 Puplinge,2628,189.49771689497715,614.5357686453576,195.96651445966515,66.21004566210046,71.15677321156772,52.13089802130898,55.17503805175038,93.22678843226788,221.0806697108067,245.05327245053272,92.8462709284627,78.00608828006088,25.11415525114155,473.36377473363774,526.6362252663622,898.8439306358381,484.779299847793,383.1811263318113,37.671232876712324,94.3683409436834,308.359133126935,318.8854489164087,627.2445820433437,1034.136546184739
6637,......6637 Russin,543,127.0718232044199,696.1325966850828,176.79558011049724,34.99079189686925,27.624309392265193,64.45672191528546,55.248618784530386,99.4475138121547,191.52854511970534,349.90791896869246,82.87292817679558,64.45672191528546,29.465930018416206,511.9705340699816,488.0294659300184,1049.0566037735848,412.5230202578269,462.2467771639042,44.19889502762431,81.03130755064457,182.53968253968253,253.96825396825395,436.5079365079365,1391.304347826087
6638,......6638 Satigny,4713,187.99066412051772,663.4839804795247,148.52535539995756,51.771695310842354,63.65372374283895,72.56524506683641,61.53193295141099,104.39210693825589,208.1476766390834,289.41226395077445,67.4729471674093,57.28835136855506,23.764056863993208,510.2906853384256,489.70931466157435,1042.0277296360484,487.37534479100356,387.22681943560366,35.00954805856143,90.38828771483132,283.3386632555165,223.8567316917173,507.19539494723375,790.0677200902935
6639,......6639 Soral,942,173.03609341825901,605.0955414012739,221.8683651804671,38.216560509554135,74.3099787685775,60.50955414012739,53.07855626326964,76.43312101910827,183.65180467091295,291.932059447983,87.04883227176221,87.04883227176221,47.77070063694268,473.46072186836517,526.5392781316348,899.1935483870967,449.04458598726114,395.96602972399154,61.57112526539278,93.41825902335455,285.96491228070175,366.66666666666663,652.6315789473684,1282.208588957055
6640,......6640 Thônex,16809,161.87756558986257,659.5871259444345,178.53530846570288,49.8542447498364,57.409720982806824,54.61359985721935,55.327503123326785,124.87357962996013,206.79397941578918,272.59206377535844,86.02534356594681,64.13231007198524,28.377654827770836,481.28978523410075,518.7102147658992,927.8586993921322,480.99232553988935,375.2156582783033,41.34689749538938,102.445118686418,245.42256697032562,270.6773698926671,516.0999368629928,1102.9033443586918
6641,......6641 Troinex,3145,165.6597774244833,681.7170111287758,152.62321144674084,45.786963434022255,55.325914149443555,64.54689984101748,68.04451510333863,113.8314785373609,187.59936406995232,312.241653418124,73.76788553259142,58.18759936406995,20.66772655007949,497.61526232114466,502.3847376788553,990.506329113924,477.5834658187599,407.6311605723371,31.160572337042925,83.6248012718601,243.00373134328356,223.88059701492537,466.88432835820896,921.3051823416507
6642,......6642 Vandoeuvres,3030,193.06930693069307,636.3036303630363,170.62706270627064,51.48514851485148,72.93729372937294,68.64686468646865,51.81518151815182,108.91089108910892,191.0891089108911,284.4884488448845,86.13861386138613,57.0957095709571,27.392739273927393,489.76897689768975,510.2310231023103,959.8965071151358,458.08580858085804,445.87458745874585,28.712871287128714,66.99669966996699,303.4232365145228,268.1535269709544,571.5767634854772,883.7606837606837
6643,......6643 Vernier,37837,167.87800301292384,676.850701694109,155.2712952929672,52.06543859185454,57.13983666781193,58.6727277532574,60.126331368766024,130.3486005761556,216.85123027724185,269.52453947194545,76.82955836879245,55.89766630546819,22.544070618706556,499.7224938552211,500.27750614477895,998.8905911564267,481.9356714327246,381.34630123952746,37.37082749689458,99.26791236091655,248.02811401796174,229.40257711831316,477.4306911362749,924.9055415617129
6644,......6644 Versoix,13996,176.264647042012,658.6167476421834,165.11860531580453,44.58416690482995,61.66047442126322,70.02000571591883,85.66733352386396,110.88882537867963,188.55387253501,273.5067162046299,76.95055730208632,60.374392683623896,27.793655330094314,480.1371820520149,519.8628179479851,923.5843870258383,490.28293798228066,381.2517862246356,40.36867676478994,88.02515004286938,267.6285528314168,250.70514211325667,518.3336949446735,936.7653019862181
6645,......6645 Veyrier,12085,178.23748448489863,628.8787753413321,192.88374017376913,43.60777823748448,59.743483657426566,74.88622258998758,69.67314853123708,105.17170045510964,162.9292511377741,291.1046752172114,85.47786512205214,63.96359122879603,43.44228382292098,489.7807199007034,510.2192800992966,959.9416153097632,462.7223831195697,407.69549027720313,47.57964418700869,81.83698800165494,283.42105263157896,306.7105263157895,590.1315789473684,1082.1727019498608
6702,......6702 Boécourt,961,158.16857440166493,630.5931321540063,211.2382934443288,44.745057232049945,58.27263267429761,55.15088449531738,46.82622268470343,121.74817898022893,166.49323621227887,295.52549427679503,119.66701352757545,67.63787721123829,23.933402705515086,493.23621227887617,506.76378772112383,973.305954825462,437.0447450572321,415.19250780437045,56.191467221644125,90.53069719042664,250.8250825082508,334.983498349835,585.8085808580859,1335.5263157894738
6703,......6703 Bourrignon,263,182.50950570342206,608.3650190114068,209.12547528517112,57.034220532319395,79.84790874524715,45.627376425855516,41.82509505703422,79.84790874524715,224.33460076045628,262.3574144486692,129.27756653992395,45.627376425855516,34.22053231939164,505.7034220532319,494.2965779467681,1023.076923076923,425.8555133079848,463.87832699619776,64.63878326996198,41.82509505703422,300.0,343.75,643.75,1145.8333333333333
6704,......6704 Châtillon (JU),475,111.57894736842105,694.7368421052632,193.68421052631578,21.052631578947366,42.10526315789473,48.421052631578945,86.3157894736842,143.15789473684208,183.1578947368421,282.10526315789474,115.78947368421052,58.94736842105263,18.947368421052634,515.7894736842105,484.2105263157895,1065.217391304348,454.7368421052632,393.6842105263158,37.89473684210527,113.6842105263158,160.60606060606062,278.7878787878788,439.3939393939394,1735.8490566037735
6706,......6706 Courchapoix,449,151.4476614699332,650.3340757238308,198.21826280623608,44.54342984409799,60.13363028953229,46.770601336302896,60.13363028953229,129.1759465478842,167.03786191536747,293.9866369710468,97.99554565701558,69.04231625835189,31.180400890868597,538.9755011135857,461.0244988864143,1169.0821256038648,467.70601336302894,412.02672605790644,40.0890868596882,80.1781737193764,232.8767123287671,304.7945205479452,537.6712328767123,1308.8235294117646
6708,......6708 Courrendlin,3687,172.22674260916733,639.2731217792243,188.50013561160836,52.888527257933276,62.38133984269054,56.95687550854353,54.51586655817738,120.96555465147817,205.04475183075672,258.746948738812,98.4540276647681,66.72091131000813,23.325196636832114,502.8478437754271,497.1521562245728,1011.4566284779052,468.4024952535937,399.2405749932194,45.294277190127474,86.24898291293735,269.4102672889266,294.8663555366992,564.2766228256259,1094.488188976378
6709,......6709 Courroux,3443,151.3215219285507,636.6540807435375,212.02439732791171,44.43799012489108,56.63665408074354,50.24687772291606,62.445541678768514,124.31019459773452,183.56084809758931,266.33749636944526,104.55997676444962,81.9053151321522,25.559105431309902,490.27011327330814,509.72988672669186,961.8233618233618,451.641010746442,400.52279988382224,47.92332268370607,99.62242230612837,237.68248175182484,333.029197080292,570.7116788321168,1401.1516314779271
6710,......6710 Courtételle,2788,155.66714490674318,654.2324246771879,190.10043041606886,46.26972740315639,49.13916786226686,60.25824964131994,50.21520803443329,132.7116212338594,201.21951219512195,270.0860832137733,103.65853658536585,67.07317073170732,19.368723098995694,498.56527977044476,501.43472022955524,994.277539341917,482.42467718794836,383.0703012912482,41.96556671449068,92.53945480631278,237.93859649122805,290.5701754385965,528.5087719298245,1221.1981566820275
6711,......6711 Delémont,12813,135.5654413486303,637.7116990556466,226.7228595957231,40.66182783110903,45.03238897994225,49.871224537579025,59.00257550924842,123.15616951533599,182.31483649418558,273.2381175368766,103.09841567158355,83.74307344103644,39.8813704831031,491.21985483493324,508.78014516506676,965.4855039116429,462.8892531023179,365.4101303363771,63.52922812768281,107.70311402481853,212.58107942724268,355.52563945661484,568.1067188838575,1672.4237190558433
6712,......6712 Develier,1393,152.90739411342426,637.4730796841349,209.6195262024408,40.918880114860016,48.09763101220388,63.89088298636038,54.55850681981335,139.26776740847095,188.08327351040919,255.56353194544153,109.8348887293611,76.81263460157932,22.97200287150036,493.1801866475233,506.81981335247673,973.0878186968839,461.5936826992104,415.64967695620965,47.37975592246949,74.65900933237617,239.86486486486487,328.8288288288289,568.6936936936937,1370.8920187793428
6713,......6713 Ederswiler,115,121.73913043478261,547.8260869565216,330.4347826086956,34.78260869565217,34.78260869565217,52.17391304347826,26.08695652173913,60.869565217391305,156.52173913043478,304.34782608695656,165.2173913043478,121.73913043478261,43.47826086956522,495.6521739130435,504.3478260869565,982.7586206896551,408.69565217391306,443.4782608695652,86.95652173913044,60.869565217391305,222.2222222222222,603.1746031746031,825.3968253968253,2714.285714285714
6715,......6715 Mervelier,526,148.2889733840304,595.0570342205324,256.65399239543723,32.31939163498099,60.836501901140686,55.133079847908746,51.330798479087456,66.53992395437263,193.91634980988593,283.2699619771863,161.59695817490493,66.53992395437263,28.517110266159698,501.9011406844106,498.0988593155893,1007.6335877862595,393.5361216730038,439.1634980988593,64.63878326996198,102.66159695817491,249.20127795527156,431.30990415335464,680.5111821086261,1730.769230769231
6716,......6716 Mettembert,112,178.57142857142858,526.7857142857143,294.64285714285717,71.42857142857143,53.57142857142857,53.57142857142857,62.5,17.857142857142858,232.14285714285714,214.28571428571428,205.35714285714286,71.42857142857143,17.857142857142858,491.07142857142856,508.9285714285714,964.9122807017544,401.7857142857143,446.42857142857144,53.57142857142857,98.21428571428571,338.9830508474576,559.322033898305,898.3050847457628,1650.0
6718,......6718 Movelier,414,164.2512077294686,570.0483091787439,265.7004830917875,53.14009661835749,53.14009661835749,57.971014492753625,41.06280193236715,72.46376811594203,164.2512077294686,292.2705314009662,137.68115942028984,94.20289855072464,33.81642512077295,485.50724637681157,514.4927536231884,943.6619718309859,422.70531400966183,408.2125603864734,72.46376811594203,96.61835748792271,288.135593220339,466.1016949152542,754.2372881355932,1617.6470588235295
6719,......6719 Pleigne,365,167.12328767123287,580.8219178082192,252.05479452054797,52.054794520547944,41.0958904109589,73.97260273972603,41.0958904109589,84.93150684931507,169.86301369863014,284.93150684931504,136.986301369863,93.15068493150686,21.91780821917808,471.2328767123288,528.7671232876713,891.1917098445596,438.35616438356163,389.041095890411,73.97260273972603,98.63013698630137,287.73584905660374,433.9622641509434,721.6981132075472,1508.1967213114754
6721,......6721 Rossemaison,740,158.1081081081081,635.1351351351351,206.75675675675674,72.97297297297298,54.054054054054056,31.081081081081084,55.40540540540541,117.56756756756758,208.10810810810813,254.05405405405406,105.40540540540542,82.43243243243244,18.91891891891892,513.5135135135134,486.4864864864865,1055.5555555555557,475.6756756756757,431.08108108108104,39.18918918918919,54.054054054054056,248.93617021276594,325.53191489361706,574.468085106383,1307.6923076923076
6722,......6722 Saulcy,277,194.94584837545125,592.057761732852,212.99638989169677,72.20216606498195,83.03249097472924,39.711191335740075,28.88086642599278,97.47292418772562,238.26714801444044,227.43682310469316,144.4043321299639,36.101083032490976,32.49097472924188,527.0758122743683,472.9241877256318,1114.5038167938933,429.6028880866426,444.043321299639,43.32129963898917,83.03249097472924,329.26829268292687,359.7560975609756,689.0243902439024,1092.5925925925926
6724,......6724 Soyhières,453,134.6578366445916,646.7991169977925,218.5430463576159,59.602649006622514,37.52759381898454,37.52759381898454,30.90507726269316,121.41280353200882,231.78807947019865,262.69315673289185,134.6578366445916,48.56512141280353,35.32008830022075,481.23620309050773,518.7637969094923,927.6595744680851,467.9911699779249,366.4459161147903,50.77262693156733,114.79028697571744,208.19112627986348,337.88395904436857,546.0750853242321,1622.9508196721313
6729,......6729 Haute-Sorne,7453,157.38628740104656,636.5222058231584,206.09150677579498,50.7178317456058,52.99879243257748,53.66966322286328,57.560713806520866,119.68334898698511,200.05366966322285,259.2244733664296,107.74184891989803,70.70978129612236,27.63987655977459,501.5430028176573,498.45699718234266,1006.1911170928668,459.81483966188114,386.6899235207299,54.20635985509191,99.1547028042399,247.25969645868466,323.77740303541316,571.0370994940978,1309.462915601023
6730,......6730 Val Terbi,3270,161.7737003058104,622.0183486238532,216.20795107033638,51.37614678899083,55.65749235474006,54.740061162079506,59.32721712538226,108.56269113149847,178.89908256880736,275.22935779816515,116.20795107033639,72.4770642201835,27.522935779816514,498.4709480122324,501.52905198776756,993.9024390243902,448.01223241590213,415.9021406727829,54.12844036697248,81.9571865443425,260.07866273353,347.59095378564405,607.669616519174,1336.48393194707
6741,......6741 Le Bémont (JU),308,110.38961038961038,626.6233766233767,262.987012987013,38.96103896103896,45.45454545454545,25.974025974025977,51.948051948051955,100.64935064935065,188.31168831168833,285.7142857142857,133.11688311688312,100.64935064935065,29.22077922077922,509.7402597402597,490.2597402597403,1039.7350993377484,422.07792207792204,451.2987012987013,55.19480519480519,71.42857142857143,176.1658031088083,419.68911917098444,595.8549222797927,2382.3529411764707
6742,......6742 Les Bois,1244,175.24115755627008,598.0707395498392,226.6881028938907,45.81993569131833,67.52411575562701,61.89710610932476,53.05466237942122,82.79742765273312,205.7877813504823,256.43086816720256,133.44051446945338,63.50482315112541,29.7427652733119,504.01929260450163,495.98070739549837,1016.2074554294975,434.8874598070739,423.63344051446944,49.035369774919616,92.44372990353699,293.01075268817203,379.0322580645161,672.0430107526881,1293.5779816513761
6743,......6743 Les Breuleux,1627,158.5740626920713,636.140135218193,205.2858020897357,39.95082974800246,57.16041794714198,61.46281499692686,54.701905347264905,103.8721573448064,217.5783650891211,259.9877074370006,108.78918254456055,68.2237246465888,28.272894898586355,503.38045482483096,496.61954517516904,1013.6138613861385,466.5027658266749,388.44499078057777,44.253226797787335,100.79901659496005,249.2753623188406,322.70531400966183,571.9806763285025,1294.5736434108528
6745,......6745 Les Enfers,151,198.6754966887417,642.3841059602648,158.94039735099338,72.8476821192053,59.602649006622514,66.22516556291392,59.602649006622514,92.71523178807948,211.9205298013245,278.1456953642384,105.96026490066225,33.11258278145696,19.867549668874172,509.93377483443714,490.0662251655629,1040.5405405405406,450.3311258278146,450.3311258278146,39.735099337748345,59.602649006622514,309.27835051546396,247.42268041237114,556.7010309278351,800.0
6748,......6748 Les Genevez (JU),516,143.4108527131783,627.9069767441861,228.68217054263565,48.44961240310078,50.3875968992248,44.57364341085272,58.13953488372093,104.65116279069768,182.1705426356589,282.94573643410854,104.65116279069768,79.45736434108527,44.57364341085272,501.93798449612405,498.06201550387595,1007.7821011673152,503.8759689922481,362.40310077519376,54.263565891472865,79.45736434108527,228.39506172839504,364.1975308641975,592.5925925925926,1594.5945945945946
6750,......6750 Lajoux (JU),720,154.16666666666669,630.5555555555555,215.2777777777778,50.0,56.94444444444444,47.22222222222222,44.44444444444444,111.1111111111111,200.0,275.0,127.77777777777777,63.888888888888886,23.61111111111111,472.22222222222223,527.7777777777778,894.7368421052631,450.0,419.44444444444446,47.22222222222222,83.33333333333333,244.4933920704846,341.40969162995594,585.9030837004406,1396.3963963963963
6751,......6751 Montfaucon,564,117.02127659574468,622.3404255319149,260.63829787234044,33.687943262411345,31.914893617021274,51.41843971631206,65.60283687943262,109.9290780141844,147.16312056737587,299.645390070922,124.11347517730496,102.83687943262412,33.687943262411345,526.595744680851,473.40425531914894,1112.3595505617977,414.8936170212766,441.48936170212767,58.51063829787234,85.1063829787234,188.03418803418802,418.8034188034188,606.8376068376068,2227.272727272727
6753,......6753 Muriaux,518,150.5791505791506,615.8301158301158,233.5907335907336,61.77606177606178,30.88803088803089,57.915057915057915,69.4980694980695,108.10810810810811,173.74517374517376,264.4787644787645,137.06563706563708,69.4980694980695,27.027027027027028,500.0,500.0,1000.0,480.6949806949807,388.03088803088804,44.401544401544406,86.87258687258688,244.5141065830721,379.31034482758616,623.8244514106583,1551.2820512820513
6754,......6754 Le Noirmont,1934,166.49431230610134,642.1923474663909,191.31334022750775,46.01861427094105,54.80868665977249,65.6670113753878,47.569803516028955,109.61737331954498,207.8593588417787,277.14581178903825,102.37849017580145,61.013443640124095,27.92140641158221,488.6246122026887,511.3753877973113,955.5106167846309,470.5274043433299,391.93381592554294,48.08686659772492,89.45191313340227,259.25925925925924,297.9066022544283,557.1658615136877,1149.0683229813665
6757,......6757 Saignelégier,2531,126.43224022125644,625.0493875938364,248.51837218490715,33.978664559462665,51.36309758988542,41.090478071908336,47.016989332279735,128.80284472540498,176.21493480837614,273.0146187277756,133.5440537337021,77.04464638482814,37.92967206637693,489.13472935598577,510.86527064401423,957.4632637277649,456.73646779928885,378.90161991307787,60.84551560647965,103.5163966811537,202.275600505689,397.59797724399493,599.8735777496839,1965.625
6758,......6758 Saint-Brais,237,130.8016877637131,683.5443037974684,185.65400843881858,46.413502109704645,42.19409282700422,42.19409282700422,59.07172995780591,101.26582278481013,168.77637130801688,354.43037974683546,88.60759493670886,88.60759493670886,8.438818565400844,506.32911392405066,493.6708860759494,1025.6410256410256,434.59915611814347,426.16033755274265,80.16877637130803,59.07172995780591,191.35802469135803,271.6049382716049,462.962962962963,1419.3548387096776
6759,......6759 Soubey,125,104.0,600.0,296.0,48.0,56.0,0.0,16.0,104.0,120.0,360.0,192.0,48.0,56.0,552.0,448.0,1232.142857142857,376.0,416.0,56.0,152.0,173.33333333333334,493.33333333333337,666.6666666666666,2846.153846153846
6771,......6771 Alle,1946,150.0513874614594,633.6073997944501,216.34121274409043,41.109969167523126,51.901336073997946,57.040082219938334,67.83144912641316,121.78828365878726,167.0092497430627,276.978417266187,105.34429599177801,77.59506680369991,33.40184994861254,495.37512846865366,504.6248715313464,981.6700610997964,459.9177800616649,384.37821171634124,59.09558067831449,94.55292908530319,236.82076236820762,341.44363341443636,578.264395782644,1441.7808219178082
6774,......6774 Boncourt,1170,114.52991452991452,572.6495726495726,312.8205128205128,29.914529914529915,40.17094017094018,44.44444444444444,54.7008547008547,82.90598290598291,138.46153846153848,296.5811965811966,129.91452991452994,125.64102564102564,57.26495726495726,475.2136752136752,524.7863247863248,905.5374592833875,375.21367521367523,409.4017094017094,95.72649572649573,119.65811965811966,200.0,546.2686567164179,746.2686567164179,2731.3432835820895
6778,......6778 Bure,645,141.08527131782947,570.5426356589147,288.37209302325584,38.75968992248062,52.713178294573645,49.6124031007752,51.16279069767442,91.47286821705426,145.73643410852713,282.17054263565893,128.68217054263567,122.48062015503876,37.2093023255814,497.6744186046512,502.3255813953489,990.7407407407406,389.1472868217054,457.3643410852713,75.96899224806201,77.51937984496124,247.28260869565216,505.4347826086957,752.7173913043478,2043.9560439560437
6781,......6781 Coeuve,717,172.94281729428172,609.4839609483961,217.5732217573222,39.05160390516039,57.18270571827057,76.70850767085078,65.55090655509066,103.20781032078104,179.9163179916318,260.8089260808926,108.7866108786611,78.10320781032078,30.683403068340308,481.17154811715477,518.8284518828452,927.4193548387096,425.3835425383543,432.35704323570434,62.76150627615063,79.4979079497908,283.7528604118993,356.97940503432494,640.7322654462243,1258.0645161290322
6782,......6782 Cornol,1083,178.20867959372114,645.4293628808865,176.36195752539243,58.17174515235457,65.55863342566944,54.478301015697134,48.014773776546626,105.26315789473684,213.29639889196676,278.8550323176362,85.87257617728531,61.865189289012,28.624192059095108,495.8448753462604,504.15512465373956,983.5164835164835,462.60387811634354,369.34441366574333,52.63157894736842,115.42012927054478,276.10872675250357,273.24749642346205,549.3562231759656,989.6373056994819
6783,......6783 Courchavon,323,179.56656346749224,609.907120743034,210.52631578947367,83.59133126934984,55.72755417956656,40.247678018575854,37.151702786377705,117.6470588235294,195.04643962848297,260.061919504644,117.6470588235294,55.72755417956656,37.151702786377705,498.4520123839009,501.5479876160991,993.8271604938271,445.8204334365325,414.8606811145511,55.72755417956656,83.59133126934984,294.4162436548223,345.1776649746193,639.5939086294417,1172.4137931034481
6784,......6784 Courgenay,2439,157.44157441574416,618.2861828618286,224.27224272242722,45.51045510455105,56.990569905699054,54.94054940549405,52.07052070520705,116.44116441164412,183.27183271832718,266.5026650266503,121.77121771217712,77.49077490774908,25.010250102501026,501.4350143501435,498.5649856498565,1005.7565789473683,456.33456334563346,372.28372283722837,56.17056170561706,114.80114801148011,254.6419098143236,362.7320954907162,617.3740053050399,1424.4791666666667
6785,......6785 Courtedoux,761,157.68725361366623,570.3022339027596,272.01051248357425,35.4796320630749,60.44678055190539,61.760840998685936,42.04993429697766,102.49671484888304,148.48883048620237,277.2667542706965,130.09198423127464,91.98423127463863,49.93429697766097,462.54927726675425,537.4507227332457,860.6356968215158,407.35873850197106,448.0946123521682,77.52956636005257,65.7030223390276,276.4976958525346,476.9585253456221,753.4562211981566,1725.0
6789,......6789 Fahy,337,124.62908011869436,563.7982195845698,311.5727002967359,41.54302670623145,47.47774480712167,35.60830860534125,26.706231454005934,100.89020771513353,136.49851632047478,299.7032640949555,178.04154302670625,103.85756676557864,29.673590504451038,480.71216617210683,519.2878338278932,925.7142857142857,356.0830860534125,456.973293768546,65.28189910979229,121.66172106824925,221.05263157894737,552.6315789473684,773.6842105263157,2500.0
6790,......6790 Fontenais,1632,156.25,607.2303921568626,236.51960784313724,31.862745098039213,55.75980392156863,68.62745098039217,53.30882352941176,104.16666666666667,155.02450980392157,294.73039215686276,126.22549019607843,76.59313725490196,33.70098039215686,490.19607843137254,509.8039215686274,961.5384615384615,441.7892156862745,409.9264705882353,59.436274509803916,88.84803921568628,257.31584258324926,389.50554994954587,646.8213925327951,1513.7254901960785
6792,......6792 Grandfontaine,378,166.66666666666666,568.7830687830689,264.55026455026456,37.03703703703704,55.55555555555555,74.07407407407408,58.201058201058196,100.52910052910052,150.79365079365078,259.25925925925924,142.85714285714286,89.94708994708994,31.746031746031743,486.77248677248673,513.2275132275132,948.4536082474226,447.0899470899471,407.4074074074074,58.201058201058196,87.30158730158729,293.0232558139535,465.1162790697674,758.1395348837209,1587.3015873015872
6800,......6800 Porrentruy,6574,120.01825372680256,620.4745968968665,259.50714937633103,31.94402190447216,40.76665652570733,47.307575296623064,62.51901429875266,116.36750836629145,167.63005780346822,273.9580164283541,116.36750836629145,97.96166717371463,45.17797383632492,489.199878308488,510.800121691512,957.7129243597379,452.2360815333131,357.3167021600243,68.7557042896258,120.32248250684515,193.42976219661682,418.23976464819805,611.6695268448149,2162.230671736375
6806,......6806 Vendlincourt,557,159.78456014362658,585.2782764811491,254.93716337522443,59.245960502693,53.85996409335727,46.6786355475763,32.31597845601436,131.0592459605027,156.1938958707361,265.70915619389586,140.03590664272892,68.22262118491922,46.6786355475763,513.4649910233393,486.53500897666066,1055.350553505535,423.6983842010772,438.0610412926391,61.04129263913824,77.19928186714542,273.0061349693251,435.5828220858896,708.5889570552148,1595.505617977528
6807,......6807 Basse-Allaine,1197,151.21136173767752,573.0994152046783,275.6892230576441,38.42940685045948,50.96073517126148,61.82121971595655,56.808688387635755,87.71929824561403,141.1862990810359,287.3851294903926,146.19883040935673,91.89640768588137,37.59398496240601,488.72180451127815,511.2781954887218,955.8823529411765,407.68588137009186,416.04010025062655,77.69423558897243,96.0735171261487,263.8483965014577,481.04956268221576,744.8979591836735,1823.2044198895028
6808,......6808 Clos du Doubs,1304,145.70552147239263,605.0613496932515,249.23312883435582,47.54601226993865,52.91411042944785,45.24539877300614,42.944785276073624,108.12883435582822,192.48466257668713,261.50306748466255,125.76687116564416,89.7239263803681,33.74233128834356,506.90184049079755,493.09815950920245,1027.9937791601865,467.02453987730064,377.3006134969325,59.04907975460122,96.62576687116564,240.81115335868185,411.9138149556401,652.7249683143219,1710.5263157894738
6809,......6809 Haute-Ajoie,1064,137.21804511278197,559.2105263157895,303.57142857142856,46.05263157894736,44.17293233082707,46.992481203007515,42.29323308270676,90.22556390977444,141.91729323308272,284.77443609022555,171.99248120300754,93.98496240601503,37.59398496240601,501.87969924812023,498.1203007518797,1007.5471698113207,412.593984962406,403.1954887218045,68.60902255639098,115.6015037593985,245.37815126050418,542.8571428571428,788.2352941176471,2212.328767123288
6810,......6810 La Baroche,1135,135.6828193832599,617.6211453744494,246.69603524229075,48.458149779735685,38.76651982378854,48.458149779735685,52.863436123348016,110.13215859030836,163.87665198237886,290.7488986784141,128.63436123348018,87.22466960352423,30.837004405286343,512.7753303964759,487.2246696035242,1052.4412296564196,443.17180616740086,377.97356828193836,71.36563876651982,106.6079295154185,219.6861626248217,399.42938659058484,619.1155492154065,1818.181818181818
6811,......6811 Damphreux-Lugnez,370,154.05405405405406,559.4594594594594,286.4864864864865,67.56756756756756,43.24324324324324,43.24324324324324,51.351351351351354,81.08108108108108,162.16216216216216,264.8648648648649,164.86486486486487,97.2972972972973,24.324324324324326,518.918918918919,481.0810810810811,1078.6516853932585,400.0,427.02702702702703,75.67567567567568,97.2972972972973,275.3623188405797,512.0772946859904,787.4396135265702,1859.6491228070176
6812,......6812 Basse-Vendline,736,112.77173913043478,554.3478260869565,332.8804347826087,33.96739130434782,32.608695652173914,46.19565217391304,36.684782608695656,69.29347826086956,131.79347826086956,316.57608695652175,150.81521739130434,137.22826086956522,44.836956521739125,483.695652173913,516.3043478260869,936.8421052631579,357.3369565217391,408.9673913043478,91.03260869565217,142.66304347826087,203.4313725490196,600.4901960784314,803.921568627451,2951.8072289156626
