"id","country","variable","coarse_level","coarse_stat","fine_level","fine_stat","diff_type","notes","coarse_significant_p05","fine_significant_p05"
"","US","ACCESS2_CrudePrev vs ARTHRITIS_CrudePrev","county(n=2956)","corr=-0.204","place/city(n=27529)","corr=-0.171","similar","CDC PLACES 2025 release (model-based small-area estimates from BRFSS). CrudePrev = crude prevalence percent. County and place/city releases are independently modeled, not row-matched. Exhaustive pairwise scan across ~38 health variables -- multiple-testing caution applies, same as SSDSE full scan.","yes","yes"
"","US","ACCESS2_CrudePrev vs BINGE_CrudePrev","county(n=2956)","corr=-0.252","place/city(n=27529)","corr=-0.232","similar","CDC PLACES 2025 release (model-based small-area estimates from BRFSS). CrudePrev = crude prevalence percent. County and place/city releases are independently modeled, not row-matched. Exhaustive pairwise scan across ~38 health variables -- multiple-testing caution applies, same as SSDSE full scan.","yes","yes"
"","US","ACCESS2_CrudePrev vs BPHIGH_CrudePrev","county(n=2956)","corr=0.145","place/city(n=27529)","corr=0.134","similar","CDC PLACES 2025 release (model-based small-area estimates from BRFSS). CrudePrev = crude prevalence percent. County and place/city releases are independently modeled, not row-matched. Exhaustive pairwise scan across ~38 health variables -- multiple-testing caution applies, same as SSDSE full scan.","yes","yes"
"","US","ACCESS2_CrudePrev vs BPMED_CrudePrev","county(n=2956)","corr=-0.196","place/city(n=27529)","corr=-0.187","similar","CDC PLACES 2025 release (model-based small-area estimates from BRFSS). CrudePrev = crude prevalence percent. County and place/city releases are independently modeled, not row-matched. Exhaustive pairwise scan across ~38 health variables -- multiple-testing caution applies, same as SSDSE full scan.","yes","yes"
"","US","ACCESS2_CrudePrev vs CANCER_CrudePrev","county(n=2956)","corr=-0.509","place/city(n=27529)","corr=-0.505","similar","CDC PLACES 2025 release (model-based small-area estimates from BRFSS). CrudePrev = crude prevalence percent. County and place/city releases are independently modeled, not row-matched. Exhaustive pairwise scan across ~38 health variables -- multiple-testing caution applies, same as SSDSE full scan.","yes","yes"
"","US","ACCESS2_CrudePrev vs CASTHMA_CrudePrev","county(n=2956)","corr=-0.183","place/city(n=27529)","corr=-0.017","magnitude_change","CDC PLACES 2025 release (model-based small-area estimates from BRFSS). CrudePrev = crude prevalence percent. County and place/city releases are independently modeled, not row-matched. Exhaustive pairwise scan across ~38 health variables -- multiple-testing caution applies, same as SSDSE full scan.","yes","yes"
"","US","ACCESS2_CrudePrev vs CHD_CrudePrev","county(n=2956)","corr=0.104","place/city(n=27529)","corr=0.138","magnitude_change","CDC PLACES 2025 release (model-based small-area estimates from BRFSS). CrudePrev = crude prevalence percent. County and place/city releases are independently modeled, not row-matched. Exhaustive pairwise scan across ~38 health variables -- multiple-testing caution applies, same as SSDSE full scan.","yes","yes"
"","US","ACCESS2_CrudePrev vs CHECKUP_CrudePrev","county(n=2956)","corr=-0.348","place/city(n=27529)","corr=-0.388","similar","CDC PLACES 2025 release (model-based small-area estimates from BRFSS). CrudePrev = crude prevalence percent. County and place/city releases are independently modeled, not row-matched. Exhaustive pairwise scan across ~38 health variables -- multiple-testing caution applies, same as SSDSE full scan.","yes","yes"
"","US","ACCESS2_CrudePrev vs CHOLSCREEN_CrudePrev","county(n=2956)","corr=-0.419","place/city(n=27529)","corr=-0.509","similar","CDC PLACES 2025 release (model-based small-area estimates from BRFSS). CrudePrev = crude prevalence percent. County and place/city releases are independently modeled, not row-matched. Exhaustive pairwise scan across ~38 health variables -- multiple-testing caution applies, same as SSDSE full scan.","yes","yes"
"","US","ACCESS2_CrudePrev vs COLON_SCREEN_CrudePrev","county(n=2956)","corr=-0.696","place/city(n=27528)","corr=-0.68","similar","CDC PLACES 2025 release (model-based small-area estimates from BRFSS). CrudePrev = crude prevalence percent. County and place/city releases are independently modeled, not row-matched. Exhaustive pairwise scan across ~38 health variables -- multiple-testing caution applies, same as SSDSE full scan.","yes","yes"
"","US","ACCESS2_CrudePrev vs COPD_CrudePrev","county(n=2956)","corr=0.11","place/city(n=27529)","corr=0.179","magnitude_change","CDC PLACES 2025 release (model-based small-area estimates from BRFSS). CrudePrev = crude prevalence percent. County and place/city releases are independently modeled, not row-matched. Exhaustive pairwise scan across ~38 health variables -- multiple-testing caution applies, same as SSDSE full scan.","yes","yes"
"","US","ACCESS2_CrudePrev vs CSMOKING_CrudePrev","county(n=2956)","corr=0.223","place/city(n=27529)","corr=0.333","magnitude_change","CDC PLACES 2025 release (model-based small-area estimates from BRFSS). CrudePrev = crude prevalence percent. County and place/city releases are independently modeled, not row-matched. Exhaustive pairwise scan across ~38 health variables -- multiple-testing caution applies, same as SSDSE full scan.","yes","yes"
"","US","ACCESS2_CrudePrev vs DENTAL_CrudePrev","county(n=2956)","corr=-0.499","place/city(n=27529)","corr=-0.618","similar","CDC PLACES 2025 release (model-based small-area estimates from BRFSS). CrudePrev = crude prevalence percent. County and place/city releases are independently modeled, not row-matched. Exhaustive pairwise scan across ~38 health variables -- multiple-testing caution applies, same as SSDSE full scan.","yes","yes"
"","US","ACCESS2_CrudePrev vs DEPRESSION_CrudePrev","county(n=2956)","corr=-0.177","place/city(n=27529)","corr=-0.084","magnitude_change","CDC PLACES 2025 release (model-based small-area estimates from BRFSS). CrudePrev = crude prevalence percent. County and place/city releases are independently modeled, not row-matched. Exhaustive pairwise scan across ~38 health variables -- multiple-testing caution applies, same as SSDSE full scan.","yes","yes"
"","US","ACCESS2_CrudePrev vs DIABETES_CrudePrev","county(n=2956)","corr=0.45","place/city(n=27529)","corr=0.502","similar","CDC PLACES 2025 release (model-based small-area estimates from BRFSS). CrudePrev = crude prevalence percent. County and place/city releases are independently modeled, not row-matched. Exhaustive pairwise scan across ~38 health variables -- multiple-testing caution applies, same as SSDSE full scan.","yes","yes"
"","US","ACCESS2_CrudePrev vs GHLTH_CrudePrev","county(n=2956)","corr=0.636","place/city(n=27529)","corr=0.704","similar","CDC PLACES 2025 release (model-based small-area estimates from BRFSS). CrudePrev = crude prevalence percent. County and place/city releases are independently modeled, not row-matched. Exhaustive pairwise scan across ~38 health variables -- multiple-testing caution applies, same as SSDSE full scan.","yes","yes"
"","US","ACCESS2_CrudePrev vs HIGHCHOL_CrudePrev","county(n=2956)","corr=0.046","place/city(n=27529)","corr=-0.049","similar","CDC PLACES 2025 release (model-based small-area estimates from BRFSS). CrudePrev = crude prevalence percent. County and place/city releases are independently modeled, not row-matched. Exhaustive pairwise scan across ~38 health variables -- multiple-testing caution applies, same as SSDSE full scan.","yes","yes"
"","US","ACCESS2_CrudePrev vs LPA_CrudePrev","county(n=2956)","corr=0.533","place/city(n=27529)","corr=0.635","similar","CDC PLACES 2025 release (model-based small-area estimates from BRFSS). CrudePrev = crude prevalence percent. County and place/city releases are independently modeled, not row-matched. Exhaustive pairwise scan across ~38 health variables -- multiple-testing caution applies, same as SSDSE full scan.","yes","yes"
"","US","ACCESS2_CrudePrev vs MAMMOUSE_CrudePrev","county(n=2956)","corr=-0.45","place/city(n=27525)","corr=-0.456","similar","CDC PLACES 2025 release (model-based small-area estimates from BRFSS). CrudePrev = crude prevalence percent. County and place/city releases are independently modeled, not row-matched. Exhaustive pairwise scan across ~38 health variables -- multiple-testing caution applies, same as SSDSE full scan.","yes","yes"
"","US","ACCESS2_CrudePrev vs MHLTH_CrudePrev","county(n=2956)","corr=0.305","place/city(n=27529)","corr=0.389","similar","CDC PLACES 2025 release (model-based small-area estimates from BRFSS). CrudePrev = crude prevalence percent. County and place/city releases are independently modeled, not row-matched. Exhaustive pairwise scan across ~38 health variables -- multiple-testing caution applies, same as SSDSE full scan.","yes","yes"
"","US","ACCESS2_CrudePrev vs OBESITY_CrudePrev","county(n=2956)","corr=0.239","place/city(n=27529)","corr=0.384","magnitude_change","CDC PLACES 2025 release (model-based small-area estimates from BRFSS). CrudePrev = crude prevalence percent. County and place/city releases are independently modeled, not row-matched. Exhaustive pairwise scan across ~38 health variables -- multiple-testing caution applies, same as SSDSE full scan.","yes","yes"
"","US","ACCESS2_CrudePrev vs PHLTH_CrudePrev","county(n=2956)","corr=0.428","place/city(n=27529)","corr=0.509","similar","CDC PLACES 2025 release (model-based small-area estimates from BRFSS). CrudePrev = crude prevalence percent. County and place/city releases are independently modeled, not row-matched. Exhaustive pairwise scan across ~38 health variables -- multiple-testing caution applies, same as SSDSE full scan.","yes","yes"
"","US","ACCESS2_CrudePrev vs SLEEP_CrudePrev","county(n=2956)","corr=0.421","place/city(n=27529)","corr=0.445","similar","CDC PLACES 2025 release (model-based small-area estimates from BRFSS). CrudePrev = crude prevalence percent. County and place/city releases are independently modeled, not row-matched. Exhaustive pairwise scan across ~38 health variables -- multiple-testing caution applies, same as SSDSE full scan.","yes","yes"
"","US","ACCESS2_CrudePrev vs STROKE_CrudePrev","county(n=2956)","corr=0.248","place/city(n=27529)","corr=0.277","similar","CDC PLACES 2025 release (model-based small-area estimates from BRFSS). CrudePrev = crude prevalence percent. County and place/city releases are independently modeled, not row-matched. Exhaustive pairwise scan across ~38 health variables -- multiple-testing caution applies, same as SSDSE full scan.","yes","yes"
"","US","ACCESS2_CrudePrev vs TEETHLOST_CrudePrev","county(n=2956)","corr=0.417","place/city(n=27520)","corr=0.477","similar","CDC PLACES 2025 release (model-based small-area estimates from BRFSS). CrudePrev = crude prevalence percent. County and place/city releases are independently modeled, not row-matched. Exhaustive pairwise scan across ~38 health variables -- multiple-testing caution applies, same as SSDSE full scan.","yes","yes"
"","US","ACCESS2_CrudePrev vs HEARING_CrudePrev","county(n=2956)","corr=0.091","place/city(n=27529)","corr=0.144","magnitude_change","CDC PLACES 2025 release (model-based small-area estimates from BRFSS). CrudePrev = crude prevalence percent. County and place/city releases are independently modeled, not row-matched. Exhaustive pairwise scan across ~38 health variables -- multiple-testing caution applies, same as SSDSE full scan.","yes","yes"
"","US","ACCESS2_CrudePrev vs VISION_CrudePrev","county(n=2956)","corr=0.692","place/city(n=27529)","corr=0.746","similar","CDC PLACES 2025 release (model-based small-area estimates from BRFSS). CrudePrev = crude prevalence percent. County and place/city releases are independently modeled, not row-matched. Exhaustive pairwise scan across ~38 health variables -- multiple-testing caution applies, same as SSDSE full scan.","yes","yes"
"","US","ACCESS2_CrudePrev vs COGNITION_CrudePrev","county(n=2956)","corr=0.498","place/city(n=27529)","corr=0.597","similar","CDC PLACES 2025 release (model-based small-area estimates from BRFSS). CrudePrev = crude prevalence percent. County and place/city releases are independently modeled, not row-matched. Exhaustive pairwise scan across ~38 health variables -- multiple-testing caution applies, same as SSDSE full scan.","yes","yes"
"","US","ACCESS2_CrudePrev vs MOBILITY_CrudePrev","county(n=2956)","corr=0.411","place/city(n=27529)","corr=0.466","similar","CDC PLACES 2025 release (model-based small-area estimates from BRFSS). CrudePrev = crude prevalence percent. County and place/city releases are independently modeled, not row-matched. Exhaustive pairwise scan across ~38 health variables -- multiple-testing caution applies, same as SSDSE full scan.","yes","yes"
"","US","ACCESS2_CrudePrev vs SELFCARE_CrudePrev","county(n=2956)","corr=0.539","place/city(n=27529)","corr=0.613","similar","CDC PLACES 2025 release (model-based small-area estimates from BRFSS). CrudePrev = crude prevalence percent. County and place/city releases are independently modeled, not row-matched. Exhaustive pairwise scan across ~38 health variables -- multiple-testing caution applies, same as SSDSE full scan.","yes","yes"
"","US","ACCESS2_CrudePrev vs INDEPLIVE_CrudePrev","county(n=2956)","corr=0.458","place/city(n=27529)","corr=0.545","similar","CDC PLACES 2025 release (model-based small-area estimates from BRFSS). CrudePrev = crude prevalence percent. County and place/city releases are independently modeled, not row-matched. Exhaustive pairwise scan across ~38 health variables -- multiple-testing caution applies, same as SSDSE full scan.","yes","yes"
"","US","ACCESS2_CrudePrev vs DISABILITY_CrudePrev","county(n=2956)","corr=0.435","place/city(n=27529)","corr=0.517","similar","CDC PLACES 2025 release (model-based small-area estimates from BRFSS). CrudePrev = crude prevalence percent. County and place/city releases are independently modeled, not row-matched. Exhaustive pairwise scan across ~38 health variables -- multiple-testing caution applies, same as SSDSE full scan.","yes","yes"
"","US","ACCESS2_CrudePrev vs LONELINESS_CrudePrev","county(n=2299)","corr=0.531","place/city(n=22116)","corr=0.565","similar","CDC PLACES 2025 release (model-based small-area estimates from BRFSS). CrudePrev = crude prevalence percent. County and place/city releases are independently modeled, not row-matched. Exhaustive pairwise scan across ~38 health variables -- multiple-testing caution applies, same as SSDSE full scan.","yes","yes"
"","US","ACCESS2_CrudePrev vs FOODSTAMP_CrudePrev","county(n=2299)","corr=0.586","place/city(n=22116)","corr=0.69","similar","CDC PLACES 2025 release (model-based small-area estimates from BRFSS). CrudePrev = crude prevalence percent. County and place/city releases are independently modeled, not row-matched. Exhaustive pairwise scan across ~38 health variables -- multiple-testing caution applies, same as SSDSE full scan.","yes","yes"
"","US","ACCESS2_CrudePrev vs FOODINSECU_CrudePrev","county(n=2299)","corr=0.742","place/city(n=22116)","corr=0.796","similar","CDC PLACES 2025 release (model-based small-area estimates from BRFSS). CrudePrev = crude prevalence percent. County and place/city releases are independently modeled, not row-matched. Exhaustive pairwise scan across ~38 health variables -- multiple-testing caution applies, same as SSDSE full scan.","yes","yes"
"","US","ACCESS2_CrudePrev vs HOUSINSECU_CrudePrev","county(n=2299)","corr=0.757","place/city(n=22116)","corr=0.806","similar","CDC PLACES 2025 release (model-based small-area estimates from BRFSS). CrudePrev = crude prevalence percent. County and place/city releases are independently modeled, not row-matched. Exhaustive pairwise scan across ~38 health variables -- multiple-testing caution applies, same as SSDSE full scan.","yes","yes"
"","US","ACCESS2_CrudePrev vs SHUTUTILITY_CrudePrev","county(n=2299)","corr=0.674","place/city(n=22116)","corr=0.705","similar","CDC PLACES 2025 release (model-based small-area estimates from BRFSS). CrudePrev = crude prevalence percent. County and place/city releases are independently modeled, not row-matched. Exhaustive pairwise scan across ~38 health variables -- multiple-testing caution applies, same as SSDSE full scan.","yes","yes"
"","US","ACCESS2_CrudePrev vs LACKTRPT_CrudePrev","county(n=2299)","corr=0.713","place/city(n=22116)","corr=0.748","similar","CDC PLACES 2025 release (model-based small-area estimates from BRFSS). CrudePrev = crude prevalence percent. County and place/city releases are independently modeled, not row-matched. Exhaustive pairwise scan across ~38 health variables -- multiple-testing caution applies, same as SSDSE full scan.","yes","yes"
"","US","ACCESS2_CrudePrev vs EMOTIONSPT_CrudePrev","county(n=2299)","corr=0.563","place/city(n=22116)","corr=0.628","similar","CDC PLACES 2025 release (model-based small-area estimates from BRFSS). CrudePrev = crude prevalence percent. County and place/city releases are independently modeled, not row-matched. Exhaustive pairwise scan across ~38 health variables -- multiple-testing caution applies, same as SSDSE full scan.","yes","yes"
"","US","ARTHRITIS_CrudePrev vs BINGE_CrudePrev","county(n=2956)","corr=-0.51","place/city(n=27529)","corr=-0.566","similar","CDC PLACES 2025 release (model-based small-area estimates from BRFSS). CrudePrev = crude prevalence percent. County and place/city releases are independently modeled, not row-matched. Exhaustive pairwise scan across ~38 health variables -- multiple-testing caution applies, same as SSDSE full scan.","yes","yes"
"","US","ARTHRITIS_CrudePrev vs BPHIGH_CrudePrev","county(n=2956)","corr=0.795","place/city(n=27529)","corr=0.851","similar","CDC PLACES 2025 release (model-based small-area estimates from BRFSS). CrudePrev = crude prevalence percent. County and place/city releases are independently modeled, not row-matched. Exhaustive pairwise scan across ~38 health variables -- multiple-testing caution applies, same as SSDSE full scan.","yes","yes"
"","US","ARTHRITIS_CrudePrev vs BPMED_CrudePrev","county(n=2956)","corr=0.72","place/city(n=27529)","corr=0.748","similar","CDC PLACES 2025 release (model-based small-area estimates from BRFSS). CrudePrev = crude prevalence percent. County and place/city releases are independently modeled, not row-matched. Exhaustive pairwise scan across ~38 health variables -- multiple-testing caution applies, same as SSDSE full scan.","yes","yes"
"","US","ARTHRITIS_CrudePrev vs CANCER_CrudePrev","county(n=2956)","corr=0.679","place/city(n=27529)","corr=0.72","similar","CDC PLACES 2025 release (model-based small-area estimates from BRFSS). CrudePrev = crude prevalence percent. County and place/city releases are independently modeled, not row-matched. Exhaustive pairwise scan across ~38 health variables -- multiple-testing caution applies, same as SSDSE full scan.","yes","yes"
"","US","ARTHRITIS_CrudePrev vs CASTHMA_CrudePrev","county(n=2956)","corr=0.461","place/city(n=27529)","corr=0.342","similar","CDC PLACES 2025 release (model-based small-area estimates from BRFSS). CrudePrev = crude prevalence percent. County and place/city releases are independently modeled, not row-matched. Exhaustive pairwise scan across ~38 health variables -- multiple-testing caution applies, same as SSDSE full scan.","yes","yes"
"","US","ARTHRITIS_CrudePrev vs CHD_CrudePrev","county(n=2956)","corr=0.871","place/city(n=27529)","corr=0.877","similar","CDC PLACES 2025 release (model-based small-area estimates from BRFSS). CrudePrev = crude prevalence percent. County and place/city releases are independently modeled, not row-matched. Exhaustive pairwise scan across ~38 health variables -- multiple-testing caution applies, same as SSDSE full scan.","yes","yes"
"","US","ARTHRITIS_CrudePrev vs CHECKUP_CrudePrev","county(n=2956)","corr=0.597","place/city(n=27529)","corr=0.617","similar","CDC PLACES 2025 release (model-based small-area estimates from BRFSS). CrudePrev = crude prevalence percent. County and place/city releases are independently modeled, not row-matched. Exhaustive pairwise scan across ~38 health variables -- multiple-testing caution applies, same as SSDSE full scan.","yes","yes"
"","US","ARTHRITIS_CrudePrev vs CHOLSCREEN_CrudePrev","county(n=2956)","corr=0.35","place/city(n=27529)","corr=0.357","similar","CDC PLACES 2025 release (model-based small-area estimates from BRFSS). CrudePrev = crude prevalence percent. County and place/city releases are independently modeled, not row-matched. Exhaustive pairwise scan across ~38 health variables -- multiple-testing caution applies, same as SSDSE full scan.","yes","yes"
"","US","ARTHRITIS_CrudePrev vs COLON_SCREEN_CrudePrev","county(n=2956)","corr=0.217","place/city(n=27528)","corr=0.262","similar","CDC PLACES 2025 release (model-based small-area estimates from BRFSS). CrudePrev = crude prevalence percent. County and place/city releases are independently modeled, not row-matched. Exhaustive pairwise scan across ~38 health variables -- multiple-testing caution applies, same as SSDSE full scan.","yes","yes"
"","US","ARTHRITIS_CrudePrev vs COPD_CrudePrev","county(n=2956)","corr=0.852","place/city(n=27529)","corr=0.805","similar","CDC PLACES 2025 release (model-based small-area estimates from BRFSS). CrudePrev = crude prevalence percent. County and place/city releases are independently modeled, not row-matched. Exhaustive pairwise scan across ~38 health variables -- multiple-testing caution applies, same as SSDSE full scan.","yes","yes"
"","US","ARTHRITIS_CrudePrev vs CSMOKING_CrudePrev","county(n=2956)","corr=0.553","place/city(n=27529)","corr=0.415","similar","CDC PLACES 2025 release (model-based small-area estimates from BRFSS). CrudePrev = crude prevalence percent. County and place/city releases are independently modeled, not row-matched. Exhaustive pairwise scan across ~38 health variables -- multiple-testing caution applies, same as SSDSE full scan.","yes","yes"
"","US","ARTHRITIS_CrudePrev vs DENTAL_CrudePrev","county(n=2956)","corr=-0.177","place/city(n=27529)","corr=-0.157","similar","CDC PLACES 2025 release (model-based small-area estimates from BRFSS). CrudePrev = crude prevalence percent. County and place/city releases are independently modeled, not row-matched. Exhaustive pairwise scan across ~38 health variables -- multiple-testing caution applies, same as SSDSE full scan.","yes","yes"
"","US","ARTHRITIS_CrudePrev vs DEPRESSION_CrudePrev","county(n=2956)","corr=0.377","place/city(n=27529)","corr=0.256","magnitude_change","CDC PLACES 2025 release (model-based small-area estimates from BRFSS). CrudePrev = crude prevalence percent. County and place/city releases are independently modeled, not row-matched. Exhaustive pairwise scan across ~38 health variables -- multiple-testing caution applies, same as SSDSE full scan.","yes","yes"
"","US","ARTHRITIS_CrudePrev vs DIABETES_CrudePrev","county(n=2956)","corr=0.611","place/city(n=27529)","corr=0.618","similar","CDC PLACES 2025 release (model-based small-area estimates from BRFSS). CrudePrev = crude prevalence percent. County and place/city releases are independently modeled, not row-matched. Exhaustive pairwise scan across ~38 health variables -- multiple-testing caution applies, same as SSDSE full scan.","yes","yes"
"","US","ARTHRITIS_CrudePrev vs GHLTH_CrudePrev","county(n=2956)","corr=0.426","place/city(n=27529)","corr=0.352","similar","CDC PLACES 2025 release (model-based small-area estimates from BRFSS). CrudePrev = crude prevalence percent. County and place/city releases are independently modeled, not row-matched. Exhaustive pairwise scan across ~38 health variables -- multiple-testing caution applies, same as SSDSE full scan.","yes","yes"
"","US","ARTHRITIS_CrudePrev vs HIGHCHOL_CrudePrev","county(n=2956)","corr=0.796","place/city(n=27529)","corr=0.8","similar","CDC PLACES 2025 release (model-based small-area estimates from BRFSS). CrudePrev = crude prevalence percent. County and place/city releases are independently modeled, not row-matched. Exhaustive pairwise scan across ~38 health variables -- multiple-testing caution applies, same as SSDSE full scan.","yes","yes"
"","US","ARTHRITIS_CrudePrev vs LPA_CrudePrev","county(n=2956)","corr=0.433","place/city(n=27529)","corr=0.387","similar","CDC PLACES 2025 release (model-based small-area estimates from BRFSS). CrudePrev = crude prevalence percent. County and place/city releases are independently modeled, not row-matched. Exhaustive pairwise scan across ~38 health variables -- multiple-testing caution applies, same as SSDSE full scan.","yes","yes"
"","US","ARTHRITIS_CrudePrev vs MAMMOUSE_CrudePrev","county(n=2956)","corr=-0.054","place/city(n=27525)","corr=-0.101","magnitude_change","CDC PLACES 2025 release (model-based small-area estimates from BRFSS). CrudePrev = crude prevalence percent. County and place/city releases are independently modeled, not row-matched. Exhaustive pairwise scan across ~38 health variables -- multiple-testing caution applies, same as SSDSE full scan.","yes","yes"
"","US","ARTHRITIS_CrudePrev vs MHLTH_CrudePrev","county(n=2956)","corr=0.248","place/city(n=27529)","corr=0.038","magnitude_change","CDC PLACES 2025 release (model-based small-area estimates from BRFSS). CrudePrev = crude prevalence percent. County and place/city releases are independently modeled, not row-matched. Exhaustive pairwise scan across ~38 health variables -- multiple-testing caution applies, same as SSDSE full scan.","yes","yes"
"","US","ARTHRITIS_CrudePrev vs OBESITY_CrudePrev","county(n=2956)","corr=0.412","place/city(n=27529)","corr=0.365","similar","CDC PLACES 2025 release (model-based small-area estimates from BRFSS). CrudePrev = crude prevalence percent. County and place/city releases are independently modeled, not row-matched. Exhaustive pairwise scan across ~38 health variables -- multiple-testing caution applies, same as SSDSE full scan.","yes","yes"
"","US","ARTHRITIS_CrudePrev vs PHLTH_CrudePrev","county(n=2956)","corr=0.666","place/city(n=27529)","corr=0.587","similar","CDC PLACES 2025 release (model-based small-area estimates from BRFSS). CrudePrev = crude prevalence percent. County and place/city releases are independently modeled, not row-matched. Exhaustive pairwise scan across ~38 health variables -- multiple-testing caution applies, same as SSDSE full scan.","yes","yes"
"","US","ARTHRITIS_CrudePrev vs SLEEP_CrudePrev","county(n=2956)","corr=0.163","place/city(n=27529)","corr=0.044","magnitude_change","CDC PLACES 2025 release (model-based small-area estimates from BRFSS). CrudePrev = crude prevalence percent. County and place/city releases are independently modeled, not row-matched. Exhaustive pairwise scan across ~38 health variables -- multiple-testing caution applies, same as SSDSE full scan.","yes","yes"
"","US","ARTHRITIS_CrudePrev vs STROKE_CrudePrev","county(n=2956)","corr=0.739","place/city(n=27529)","corr=0.76","similar","CDC PLACES 2025 release (model-based small-area estimates from BRFSS). CrudePrev = crude prevalence percent. County and place/city releases are independently modeled, not row-matched. Exhaustive pairwise scan across ~38 health variables -- multiple-testing caution applies, same as SSDSE full scan.","yes","yes"
"","US","ARTHRITIS_CrudePrev vs TEETHLOST_CrudePrev","county(n=2956)","corr=0.38","place/city(n=27520)","corr=0.331","similar","CDC PLACES 2025 release (model-based small-area estimates from BRFSS). CrudePrev = crude prevalence percent. County and place/city releases are independently modeled, not row-matched. Exhaustive pairwise scan across ~38 health variables -- multiple-testing caution applies, same as SSDSE full scan.","yes","yes"
"","US","ARTHRITIS_CrudePrev vs HEARING_CrudePrev","county(n=2956)","corr=0.734","place/city(n=27529)","corr=0.771","similar","CDC PLACES 2025 release (model-based small-area estimates from BRFSS). CrudePrev = crude prevalence percent. County and place/city releases are independently modeled, not row-matched. Exhaustive pairwise scan across ~38 health variables -- multiple-testing caution applies, same as SSDSE full scan.","yes","yes"
"","US","ARTHRITIS_CrudePrev vs VISION_CrudePrev","county(n=2956)","corr=0.284","place/city(n=27529)","corr=0.237","similar","CDC PLACES 2025 release (model-based small-area estimates from BRFSS). CrudePrev = crude prevalence percent. County and place/city releases are independently modeled, not row-matched. Exhaustive pairwise scan across ~38 health variables -- multiple-testing caution applies, same as SSDSE full scan.","yes","yes"
"","US","ARTHRITIS_CrudePrev vs COGNITION_CrudePrev","county(n=2956)","corr=0.312","place/city(n=27529)","corr=0.16","magnitude_change","CDC PLACES 2025 release (model-based small-area estimates from BRFSS). CrudePrev = crude prevalence percent. County and place/city releases are independently modeled, not row-matched. Exhaustive pairwise scan across ~38 health variables -- multiple-testing caution applies, same as SSDSE full scan.","yes","yes"
"","US","ARTHRITIS_CrudePrev vs MOBILITY_CrudePrev","county(n=2956)","corr=0.684","place/city(n=27529)","corr=0.67","similar","CDC PLACES 2025 release (model-based small-area estimates from BRFSS). CrudePrev = crude prevalence percent. County and place/city releases are independently modeled, not row-matched. Exhaustive pairwise scan across ~38 health variables -- multiple-testing caution applies, same as SSDSE full scan.","yes","yes"
"","US","ARTHRITIS_CrudePrev vs SELFCARE_CrudePrev","county(n=2956)","corr=0.471","place/city(n=27529)","corr=0.428","similar","CDC PLACES 2025 release (model-based small-area estimates from BRFSS). CrudePrev = crude prevalence percent. County and place/city releases are independently modeled, not row-matched. Exhaustive pairwise scan across ~38 health variables -- multiple-testing caution applies, same as SSDSE full scan.","yes","yes"
"","US","ARTHRITIS_CrudePrev vs INDEPLIVE_CrudePrev","county(n=2956)","corr=0.497","place/city(n=27529)","corr=0.388","similar","CDC PLACES 2025 release (model-based small-area estimates from BRFSS). CrudePrev = crude prevalence percent. County and place/city releases are independently modeled, not row-matched. Exhaustive pairwise scan across ~38 health variables -- multiple-testing caution applies, same as SSDSE full scan.","yes","yes"
"","US","ARTHRITIS_CrudePrev vs DISABILITY_CrudePrev","county(n=2956)","corr=0.593","place/city(n=27529)","corr=0.542","similar","CDC PLACES 2025 release (model-based small-area estimates from BRFSS). CrudePrev = crude prevalence percent. County and place/city releases are independently modeled, not row-matched. Exhaustive pairwise scan across ~38 health variables -- multiple-testing caution applies, same as SSDSE full scan.","yes","yes"
"","US","ARTHRITIS_CrudePrev vs LONELINESS_CrudePrev","county(n=2299)","corr=-0.063","place/city(n=22116)","corr=-0.2","magnitude_change","CDC PLACES 2025 release (model-based small-area estimates from BRFSS). CrudePrev = crude prevalence percent. County and place/city releases are independently modeled, not row-matched. Exhaustive pairwise scan across ~38 health variables -- multiple-testing caution applies, same as SSDSE full scan.","yes","yes"
"","US","ARTHRITIS_CrudePrev vs FOODSTAMP_CrudePrev","county(n=2299)","corr=0.305","place/city(n=22116)","corr=0.175","magnitude_change","CDC PLACES 2025 release (model-based small-area estimates from BRFSS). CrudePrev = crude prevalence percent. County and place/city releases are independently modeled, not row-matched. Exhaustive pairwise scan across ~38 health variables -- multiple-testing caution applies, same as SSDSE full scan.","yes","yes"
"","US","ARTHRITIS_CrudePrev vs FOODINSECU_CrudePrev","county(n=2299)","corr=0.19","place/city(n=22116)","corr=0.089","magnitude_change","CDC PLACES 2025 release (model-based small-area estimates from BRFSS). CrudePrev = crude prevalence percent. County and place/city releases are independently modeled, not row-matched. Exhaustive pairwise scan across ~38 health variables -- multiple-testing caution applies, same as SSDSE full scan.","yes","yes"
"","US","ARTHRITIS_CrudePrev vs HOUSINSECU_CrudePrev","county(n=2299)","corr=0.079","place/city(n=22116)","corr=-0.018","magnitude_change","CDC PLACES 2025 release (model-based small-area estimates from BRFSS). CrudePrev = crude prevalence percent. County and place/city releases are independently modeled, not row-matched. Exhaustive pairwise scan across ~38 health variables -- multiple-testing caution applies, same as SSDSE full scan.","yes","yes"
"","US","ARTHRITIS_CrudePrev vs SHUTUTILITY_CrudePrev","county(n=2299)","corr=0.251","place/city(n=22116)","corr=0.154","magnitude_change","CDC PLACES 2025 release (model-based small-area estimates from BRFSS). CrudePrev = crude prevalence percent. County and place/city releases are independently modeled, not row-matched. Exhaustive pairwise scan across ~38 health variables -- multiple-testing caution applies, same as SSDSE full scan.","yes","yes"
"","US","ARTHRITIS_CrudePrev vs LACKTRPT_CrudePrev","county(n=2299)","corr=0.15","place/city(n=22116)","corr=0.049","magnitude_change","CDC PLACES 2025 release (model-based small-area estimates from BRFSS). CrudePrev = crude prevalence percent. County and place/city releases are independently modeled, not row-matched. Exhaustive pairwise scan across ~38 health variables -- multiple-testing caution applies, same as SSDSE full scan.","yes","yes"
"","US","ARTHRITIS_CrudePrev vs EMOTIONSPT_CrudePrev","county(n=2299)","corr=0.001","place/city(n=22116)","corr=-0.097","similar","CDC PLACES 2025 release (model-based small-area estimates from BRFSS). CrudePrev = crude prevalence percent. County and place/city releases are independently modeled, not row-matched. Exhaustive pairwise scan across ~38 health variables -- multiple-testing caution applies, same as SSDSE full scan.","no","yes"
"","US","BINGE_CrudePrev vs BPHIGH_CrudePrev","county(n=2956)","corr=-0.662","place/city(n=27529)","corr=-0.688","similar","CDC PLACES 2025 release (model-based small-area estimates from BRFSS). CrudePrev = crude prevalence percent. County and place/city releases are independently modeled, not row-matched. Exhaustive pairwise scan across ~38 health variables -- multiple-testing caution applies, same as SSDSE full scan.","yes","yes"
"","US","BINGE_CrudePrev vs BPMED_CrudePrev","county(n=2956)","corr=-0.308","place/city(n=27529)","corr=-0.435","magnitude_change","CDC PLACES 2025 release (model-based small-area estimates from BRFSS). CrudePrev = crude prevalence percent. County and place/city releases are independently modeled, not row-matched. Exhaustive pairwise scan across ~38 health variables -- multiple-testing caution applies, same as SSDSE full scan.","yes","yes"
"","US","BINGE_CrudePrev vs CANCER_CrudePrev","county(n=2956)","corr=-0.066","place/city(n=27529)","corr=-0.272","magnitude_change","CDC PLACES 2025 release (model-based small-area estimates from BRFSS). CrudePrev = crude prevalence percent. County and place/city releases are independently modeled, not row-matched. Exhaustive pairwise scan across ~38 health variables -- multiple-testing caution applies, same as SSDSE full scan.","yes","yes"
"","US","BINGE_CrudePrev vs CASTHMA_CrudePrev","county(n=2956)","corr=-0.333","place/city(n=27529)","corr=-0.211","magnitude_change","CDC PLACES 2025 release (model-based small-area estimates from BRFSS). CrudePrev = crude prevalence percent. County and place/city releases are independently modeled, not row-matched. Exhaustive pairwise scan across ~38 health variables -- multiple-testing caution applies, same as SSDSE full scan.","yes","yes"
"","US","BINGE_CrudePrev vs CHD_CrudePrev","county(n=2956)","corr=-0.536","place/city(n=27529)","corr=-0.615","similar","CDC PLACES 2025 release (model-based small-area estimates from BRFSS). CrudePrev = crude prevalence percent. County and place/city releases are independently modeled, not row-matched. Exhaustive pairwise scan across ~38 health variables -- multiple-testing caution applies, same as SSDSE full scan.","yes","yes"
"","US","BINGE_CrudePrev vs CHECKUP_CrudePrev","county(n=2956)","corr=-0.378","place/city(n=27529)","corr=-0.386","similar","CDC PLACES 2025 release (model-based small-area estimates from BRFSS). CrudePrev = crude prevalence percent. County and place/city releases are independently modeled, not row-matched. Exhaustive pairwise scan across ~38 health variables -- multiple-testing caution applies, same as SSDSE full scan.","yes","yes"
"","US","BINGE_CrudePrev vs CHOLSCREEN_CrudePrev","county(n=2956)","corr=-0.164","place/city(n=27529)","corr=-0.215","magnitude_change","CDC PLACES 2025 release (model-based small-area estimates from BRFSS). CrudePrev = crude prevalence percent. County and place/city releases are independently modeled, not row-matched. Exhaustive pairwise scan across ~38 health variables -- multiple-testing caution applies, same as SSDSE full scan.","yes","yes"
"","US","BINGE_CrudePrev vs COLON_SCREEN_CrudePrev","county(n=2956)","corr=0.117","place/city(n=27528)","corr=0.035","magnitude_change","CDC PLACES 2025 release (model-based small-area estimates from BRFSS). CrudePrev = crude prevalence percent. County and place/city releases are independently modeled, not row-matched. Exhaustive pairwise scan across ~38 health variables -- multiple-testing caution applies, same as SSDSE full scan.","yes","yes"
"","US","BINGE_CrudePrev vs COPD_CrudePrev","county(n=2956)","corr=-0.546","place/city(n=27529)","corr=-0.518","similar","CDC PLACES 2025 release (model-based small-area estimates from BRFSS). CrudePrev = crude prevalence percent. County and place/city releases are independently modeled, not row-matched. Exhaustive pairwise scan across ~38 health variables -- multiple-testing caution applies, same as SSDSE full scan.","yes","yes"
"","US","BINGE_CrudePrev vs CSMOKING_CrudePrev","county(n=2956)","corr=-0.335","place/city(n=27529)","corr=-0.21","magnitude_change","CDC PLACES 2025 release (model-based small-area estimates from BRFSS). CrudePrev = crude prevalence percent. County and place/city releases are independently modeled, not row-matched. Exhaustive pairwise scan across ~38 health variables -- multiple-testing caution applies, same as SSDSE full scan.","yes","yes"
"","US","BINGE_CrudePrev vs DENTAL_CrudePrev","county(n=2956)","corr=0.406","place/city(n=27529)","corr=0.333","similar","CDC PLACES 2025 release (model-based small-area estimates from BRFSS). CrudePrev = crude prevalence percent. County and place/city releases are independently modeled, not row-matched. Exhaustive pairwise scan across ~38 health variables -- multiple-testing caution applies, same as SSDSE full scan.","yes","yes"
"","US","BINGE_CrudePrev vs DEPRESSION_CrudePrev","county(n=2956)","corr=-0.152","place/city(n=27529)","corr=0.037","magnitude_change","CDC PLACES 2025 release (model-based small-area estimates from BRFSS). CrudePrev = crude prevalence percent. County and place/city releases are independently modeled, not row-matched. Exhaustive pairwise scan across ~38 health variables -- multiple-testing caution applies, same as SSDSE full scan.","yes","yes"
"","US","BINGE_CrudePrev vs DIABETES_CrudePrev","county(n=2956)","corr=-0.666","place/city(n=27529)","corr=-0.672","similar","CDC PLACES 2025 release (model-based small-area estimates from BRFSS). CrudePrev = crude prevalence percent. County and place/city releases are independently modeled, not row-matched. Exhaustive pairwise scan across ~38 health variables -- multiple-testing caution applies, same as SSDSE full scan.","yes","yes"
"","US","BINGE_CrudePrev vs GHLTH_CrudePrev","county(n=2956)","corr=-0.576","place/city(n=27529)","corr=-0.498","similar","CDC PLACES 2025 release (model-based small-area estimates from BRFSS). CrudePrev = crude prevalence percent. County and place/city releases are independently modeled, not row-matched. Exhaustive pairwise scan across ~38 health variables -- multiple-testing caution applies, same as SSDSE full scan.","yes","yes"
"","US","BINGE_CrudePrev vs HIGHCHOL_CrudePrev","county(n=2956)","corr=-0.595","place/city(n=27529)","corr=-0.623","similar","CDC PLACES 2025 release (model-based small-area estimates from BRFSS). CrudePrev = crude prevalence percent. County and place/city releases are independently modeled, not row-matched. Exhaustive pairwise scan across ~38 health variables -- multiple-testing caution applies, same as SSDSE full scan.","yes","yes"
"","US","BINGE_CrudePrev vs LPA_CrudePrev","county(n=2956)","corr=-0.486","place/city(n=27529)","corr=-0.443","similar","CDC PLACES 2025 release (model-based small-area estimates from BRFSS). CrudePrev = crude prevalence percent. County and place/city releases are independently modeled, not row-matched. Exhaustive pairwise scan across ~38 health variables -- multiple-testing caution applies, same as SSDSE full scan.","yes","yes"
"","US","BINGE_CrudePrev vs MAMMOUSE_CrudePrev","county(n=2956)","corr=0.209","place/city(n=27525)","corr=0.199","similar","CDC PLACES 2025 release (model-based small-area estimates from BRFSS). CrudePrev = crude prevalence percent. County and place/city releases are independently modeled, not row-matched. Exhaustive pairwise scan across ~38 health variables -- multiple-testing caution applies, same as SSDSE full scan.","yes","yes"
"","US","BINGE_CrudePrev vs MHLTH_CrudePrev","county(n=2956)","corr=-0.33","place/city(n=27529)","corr=-0.047","magnitude_change","CDC PLACES 2025 release (model-based small-area estimates from BRFSS). CrudePrev = crude prevalence percent. County and place/city releases are independently modeled, not row-matched. Exhaustive pairwise scan across ~38 health variables -- multiple-testing caution applies, same as SSDSE full scan.","yes","yes"
"","US","BINGE_CrudePrev vs OBESITY_CrudePrev","county(n=2956)","corr=-0.261","place/city(n=27529)","corr=-0.183","similar","CDC PLACES 2025 release (model-based small-area estimates from BRFSS). CrudePrev = crude prevalence percent. County and place/city releases are independently modeled, not row-matched. Exhaustive pairwise scan across ~38 health variables -- multiple-testing caution applies, same as SSDSE full scan.","yes","yes"
"","US","BINGE_CrudePrev vs PHLTH_CrudePrev","county(n=2956)","corr=-0.597","place/city(n=27529)","corr=-0.532","similar","CDC PLACES 2025 release (model-based small-area estimates from BRFSS). CrudePrev = crude prevalence percent. County and place/city releases are independently modeled, not row-matched. Exhaustive pairwise scan across ~38 health variables -- multiple-testing caution applies, same as SSDSE full scan.","yes","yes"
"","US","BINGE_CrudePrev vs SLEEP_CrudePrev","county(n=2956)","corr=-0.425","place/city(n=27529)","corr=-0.257","magnitude_change","CDC PLACES 2025 release (model-based small-area estimates from BRFSS). CrudePrev = crude prevalence percent. County and place/city releases are independently modeled, not row-matched. Exhaustive pairwise scan across ~38 health variables -- multiple-testing caution applies, same as SSDSE full scan.","yes","yes"
"","US","BINGE_CrudePrev vs STROKE_CrudePrev","county(n=2956)","corr=-0.643","place/city(n=27529)","corr=-0.671","similar","CDC PLACES 2025 release (model-based small-area estimates from BRFSS). CrudePrev = crude prevalence percent. County and place/city releases are independently modeled, not row-matched. Exhaustive pairwise scan across ~38 health variables -- multiple-testing caution applies, same as SSDSE full scan.","yes","yes"
"","US","BINGE_CrudePrev vs TEETHLOST_CrudePrev","county(n=2956)","corr=-0.481","place/city(n=27520)","corr=-0.384","similar","CDC PLACES 2025 release (model-based small-area estimates from BRFSS). CrudePrev = crude prevalence percent. County and place/city releases are independently modeled, not row-matched. Exhaustive pairwise scan across ~38 health variables -- multiple-testing caution applies, same as SSDSE full scan.","yes","yes"
"","US","BINGE_CrudePrev vs HEARING_CrudePrev","county(n=2956)","corr=-0.377","place/city(n=27529)","corr=-0.5","magnitude_change","CDC PLACES 2025 release (model-based small-area estimates from BRFSS). CrudePrev = crude prevalence percent. County and place/city releases are independently modeled, not row-matched. Exhaustive pairwise scan across ~38 health variables -- multiple-testing caution applies, same as SSDSE full scan.","yes","yes"
"","US","BINGE_CrudePrev vs VISION_CrudePrev","county(n=2956)","corr=-0.559","place/city(n=27529)","corr=-0.493","similar","CDC PLACES 2025 release (model-based small-area estimates from BRFSS). CrudePrev = crude prevalence percent. County and place/city releases are independently modeled, not row-matched. Exhaustive pairwise scan across ~38 health variables -- multiple-testing caution applies, same as SSDSE full scan.","yes","yes"
"","US","BINGE_CrudePrev vs COGNITION_CrudePrev","county(n=2956)","corr=-0.49","place/city(n=27529)","corr=-0.275","magnitude_change","CDC PLACES 2025 release (model-based small-area estimates from BRFSS). CrudePrev = crude prevalence percent. County and place/city releases are independently modeled, not row-matched. Exhaustive pairwise scan across ~38 health variables -- multiple-testing caution applies, same as SSDSE full scan.","yes","yes"
"","US","BINGE_CrudePrev vs MOBILITY_CrudePrev","county(n=2956)","corr=-0.675","place/city(n=27529)","corr=-0.652","similar","CDC PLACES 2025 release (model-based small-area estimates from BRFSS). CrudePrev = crude prevalence percent. County and place/city releases are independently modeled, not row-matched. Exhaustive pairwise scan across ~38 health variables -- multiple-testing caution applies, same as SSDSE full scan.","yes","yes"
"","US","BINGE_CrudePrev vs SELFCARE_CrudePrev","county(n=2956)","corr=-0.615","place/city(n=27529)","corr=-0.553","similar","CDC PLACES 2025 release (model-based small-area estimates from BRFSS). CrudePrev = crude prevalence percent. County and place/city releases are independently modeled, not row-matched. Exhaustive pairwise scan across ~38 health variables -- multiple-testing caution applies, same as SSDSE full scan.","yes","yes"
"","US","BINGE_CrudePrev vs INDEPLIVE_CrudePrev","county(n=2956)","corr=-0.585","place/city(n=27529)","corr=-0.455","similar","CDC PLACES 2025 release (model-based small-area estimates from BRFSS). CrudePrev = crude prevalence percent. County and place/city releases are independently modeled, not row-matched. Exhaustive pairwise scan across ~38 health variables -- multiple-testing caution applies, same as SSDSE full scan.","yes","yes"
"","US","BINGE_CrudePrev vs DISABILITY_CrudePrev","county(n=2956)","corr=-0.623","place/city(n=27529)","corr=-0.544","similar","CDC PLACES 2025 release (model-based small-area estimates from BRFSS). CrudePrev = crude prevalence percent. County and place/city releases are independently modeled, not row-matched. Exhaustive pairwise scan across ~38 health variables -- multiple-testing caution applies, same as SSDSE full scan.","yes","yes"
"","US","BINGE_CrudePrev vs LONELINESS_CrudePrev","county(n=2299)","corr=-0.382","place/city(n=22116)","corr=-0.155","magnitude_change","CDC PLACES 2025 release (model-based small-area estimates from BRFSS). CrudePrev = crude prevalence percent. County and place/city releases are independently modeled, not row-matched. Exhaustive pairwise scan across ~38 health variables -- multiple-testing caution applies, same as SSDSE full scan.","yes","yes"
"","US","BINGE_CrudePrev vs FOODSTAMP_CrudePrev","county(n=2299)","corr=-0.494","place/city(n=22116)","corr=-0.37","similar","CDC PLACES 2025 release (model-based small-area estimates from BRFSS). CrudePrev = crude prevalence percent. County and place/city releases are independently modeled, not row-matched. Exhaustive pairwise scan across ~38 health variables -- multiple-testing caution applies, same as SSDSE full scan.","yes","yes"
"","US","BINGE_CrudePrev vs FOODINSECU_CrudePrev","county(n=2299)","corr=-0.55","place/city(n=22116)","corr=-0.398","similar","CDC PLACES 2025 release (model-based small-area estimates from BRFSS). CrudePrev = crude prevalence percent. County and place/city releases are independently modeled, not row-matched. Exhaustive pairwise scan across ~38 health variables -- multiple-testing caution applies, same as SSDSE full scan.","yes","yes"
"","US","BINGE_CrudePrev vs HOUSINSECU_CrudePrev","county(n=2299)","corr=-0.531","place/city(n=22116)","corr=-0.353","magnitude_change","CDC PLACES 2025 release (model-based small-area estimates from BRFSS). CrudePrev = crude prevalence percent. County and place/city releases are independently modeled, not row-matched. Exhaustive pairwise scan across ~38 health variables -- multiple-testing caution applies, same as SSDSE full scan.","yes","yes"
"","US","BINGE_CrudePrev vs SHUTUTILITY_CrudePrev","county(n=2299)","corr=-0.564","place/city(n=22116)","corr=-0.406","similar","CDC PLACES 2025 release (model-based small-area estimates from BRFSS). CrudePrev = crude prevalence percent. County and place/city releases are independently modeled, not row-matched. Exhaustive pairwise scan across ~38 health variables -- multiple-testing caution applies, same as SSDSE full scan.","yes","yes"
"","US","BINGE_CrudePrev vs LACKTRPT_CrudePrev","county(n=2299)","corr=-0.513","place/city(n=22116)","corr=-0.345","magnitude_change","CDC PLACES 2025 release (model-based small-area estimates from BRFSS). CrudePrev = crude prevalence percent. County and place/city releases are independently modeled, not row-matched. Exhaustive pairwise scan across ~38 health variables -- multiple-testing caution applies, same as SSDSE full scan.","yes","yes"
"","US","BINGE_CrudePrev vs EMOTIONSPT_CrudePrev","county(n=2299)","corr=-0.35","place/city(n=22116)","corr=-0.242","magnitude_change","CDC PLACES 2025 release (model-based small-area estimates from BRFSS). CrudePrev = crude prevalence percent. County and place/city releases are independently modeled, not row-matched. Exhaustive pairwise scan across ~38 health variables -- multiple-testing caution applies, same as SSDSE full scan.","yes","yes"
"","US","BPHIGH_CrudePrev vs BPMED_CrudePrev","county(n=2956)","corr=0.687","place/city(n=27529)","corr=0.696","similar","CDC PLACES 2025 release (model-based small-area estimates from BRFSS). CrudePrev = crude prevalence percent. County and place/city releases are independently modeled, not row-matched. Exhaustive pairwise scan across ~38 health variables -- multiple-testing caution applies, same as SSDSE full scan.","yes","yes"
"","US","BPHIGH_CrudePrev vs CANCER_CrudePrev","county(n=2956)","corr=0.249","place/city(n=27529)","corr=0.397","magnitude_change","CDC PLACES 2025 release (model-based small-area estimates from BRFSS). CrudePrev = crude prevalence percent. County and place/city releases are independently modeled, not row-matched. Exhaustive pairwise scan across ~38 health variables -- multiple-testing caution applies, same as SSDSE full scan.","yes","yes"
"","US","BPHIGH_CrudePrev vs CASTHMA_CrudePrev","county(n=2956)","corr=0.315","place/city(n=27529)","corr=0.298","similar","CDC PLACES 2025 release (model-based small-area estimates from BRFSS). CrudePrev = crude prevalence percent. County and place/city releases are independently modeled, not row-matched. Exhaustive pairwise scan across ~38 health variables -- multiple-testing caution applies, same as SSDSE full scan.","yes","yes"
"","US","BPHIGH_CrudePrev vs CHD_CrudePrev","county(n=2956)","corr=0.827","place/city(n=27529)","corr=0.871","similar","CDC PLACES 2025 release (model-based small-area estimates from BRFSS). CrudePrev = crude prevalence percent. County and place/city releases are independently modeled, not row-matched. Exhaustive pairwise scan across ~38 health variables -- multiple-testing caution applies, same as SSDSE full scan.","yes","yes"
"","US","BPHIGH_CrudePrev vs CHECKUP_CrudePrev","county(n=2956)","corr=0.633","place/city(n=27529)","corr=0.584","similar","CDC PLACES 2025 release (model-based small-area estimates from BRFSS). CrudePrev = crude prevalence percent. County and place/city releases are independently modeled, not row-matched. Exhaustive pairwise scan across ~38 health variables -- multiple-testing caution applies, same as SSDSE full scan.","yes","yes"
"","US","BPHIGH_CrudePrev vs CHOLSCREEN_CrudePrev","county(n=2956)","corr=0.222","place/city(n=27529)","corr=0.208","similar","CDC PLACES 2025 release (model-based small-area estimates from BRFSS). CrudePrev = crude prevalence percent. County and place/city releases are independently modeled, not row-matched. Exhaustive pairwise scan across ~38 health variables -- multiple-testing caution applies, same as SSDSE full scan.","yes","yes"
"","US","BPHIGH_CrudePrev vs COLON_SCREEN_CrudePrev","county(n=2956)","corr=-0.043","place/city(n=27528)","corr=0.023","magnitude_change","CDC PLACES 2025 release (model-based small-area estimates from BRFSS). CrudePrev = crude prevalence percent. County and place/city releases are independently modeled, not row-matched. Exhaustive pairwise scan across ~38 health variables -- multiple-testing caution applies, same as SSDSE full scan.","yes","yes"
"","US","BPHIGH_CrudePrev vs COPD_CrudePrev","county(n=2956)","corr=0.845","place/city(n=27529)","corr=0.827","similar","CDC PLACES 2025 release (model-based small-area estimates from BRFSS). CrudePrev = crude prevalence percent. County and place/city releases are independently modeled, not row-matched. Exhaustive pairwise scan across ~38 health variables -- multiple-testing caution applies, same as SSDSE full scan.","yes","yes"
"","US","BPHIGH_CrudePrev vs CSMOKING_CrudePrev","county(n=2956)","corr=0.686","place/city(n=27529)","corr=0.556","similar","CDC PLACES 2025 release (model-based small-area estimates from BRFSS). CrudePrev = crude prevalence percent. County and place/city releases are independently modeled, not row-matched. Exhaustive pairwise scan across ~38 health variables -- multiple-testing caution applies, same as SSDSE full scan.","yes","yes"
"","US","BPHIGH_CrudePrev vs DENTAL_CrudePrev","county(n=2956)","corr=-0.534","place/city(n=27529)","corr=-0.462","similar","CDC PLACES 2025 release (model-based small-area estimates from BRFSS). CrudePrev = crude prevalence percent. County and place/city releases are independently modeled, not row-matched. Exhaustive pairwise scan across ~38 health variables -- multiple-testing caution applies, same as SSDSE full scan.","yes","yes"
"","US","BPHIGH_CrudePrev vs DEPRESSION_CrudePrev","county(n=2956)","corr=0.154","place/city(n=27529)","corr=0.095","magnitude_change","CDC PLACES 2025 release (model-based small-area estimates from BRFSS). CrudePrev = crude prevalence percent. County and place/city releases are independently modeled, not row-matched. Exhaustive pairwise scan across ~38 health variables -- multiple-testing caution applies, same as SSDSE full scan.","yes","yes"
"","US","BPHIGH_CrudePrev vs DIABETES_CrudePrev","county(n=2956)","corr=0.891","place/city(n=27529)","corr=0.863","similar","CDC PLACES 2025 release (model-based small-area estimates from BRFSS). CrudePrev = crude prevalence percent. County and place/city releases are independently modeled, not row-matched. Exhaustive pairwise scan across ~38 health variables -- multiple-testing caution applies, same as SSDSE full scan.","yes","yes"
"","US","BPHIGH_CrudePrev vs GHLTH_CrudePrev","county(n=2956)","corr=0.729","place/city(n=27529)","corr=0.623","similar","CDC PLACES 2025 release (model-based small-area estimates from BRFSS). CrudePrev = crude prevalence percent. County and place/city releases are independently modeled, not row-matched. Exhaustive pairwise scan across ~38 health variables -- multiple-testing caution applies, same as SSDSE full scan.","yes","yes"
"","US","BPHIGH_CrudePrev vs HIGHCHOL_CrudePrev","county(n=2956)","corr=0.812","place/city(n=27529)","corr=0.776","similar","CDC PLACES 2025 release (model-based small-area estimates from BRFSS). CrudePrev = crude prevalence percent. County and place/city releases are independently modeled, not row-matched. Exhaustive pairwise scan across ~38 health variables -- multiple-testing caution applies, same as SSDSE full scan.","yes","yes"
"","US","BPHIGH_CrudePrev vs LPA_CrudePrev","county(n=2956)","corr=0.749","place/city(n=27529)","corr=0.665","similar","CDC PLACES 2025 release (model-based small-area estimates from BRFSS). CrudePrev = crude prevalence percent. County and place/city releases are independently modeled, not row-matched. Exhaustive pairwise scan across ~38 health variables -- multiple-testing caution applies, same as SSDSE full scan.","yes","yes"
"","US","BPHIGH_CrudePrev vs MAMMOUSE_CrudePrev","county(n=2956)","corr=-0.106","place/city(n=27525)","corr=-0.177","magnitude_change","CDC PLACES 2025 release (model-based small-area estimates from BRFSS). CrudePrev = crude prevalence percent. County and place/city releases are independently modeled, not row-matched. Exhaustive pairwise scan across ~38 health variables -- multiple-testing caution applies, same as SSDSE full scan.","yes","yes"
"","US","BPHIGH_CrudePrev vs MHLTH_CrudePrev","county(n=2956)","corr=0.399","place/city(n=27529)","corr=0.181","magnitude_change","CDC PLACES 2025 release (model-based small-area estimates from BRFSS). CrudePrev = crude prevalence percent. County and place/city releases are independently modeled, not row-matched. Exhaustive pairwise scan across ~38 health variables -- multiple-testing caution applies, same as SSDSE full scan.","yes","yes"
"","US","BPHIGH_CrudePrev vs OBESITY_CrudePrev","county(n=2956)","corr=0.659","place/city(n=27529)","corr=0.582","similar","CDC PLACES 2025 release (model-based small-area estimates from BRFSS). CrudePrev = crude prevalence percent. County and place/city releases are independently modeled, not row-matched. Exhaustive pairwise scan across ~38 health variables -- multiple-testing caution applies, same as SSDSE full scan.","yes","yes"
"","US","BPHIGH_CrudePrev vs PHLTH_CrudePrev","county(n=2956)","corr=0.765","place/city(n=27529)","corr=0.707","similar","CDC PLACES 2025 release (model-based small-area estimates from BRFSS). CrudePrev = crude prevalence percent. County and place/city releases are independently modeled, not row-matched. Exhaustive pairwise scan across ~38 health variables -- multiple-testing caution applies, same as SSDSE full scan.","yes","yes"
"","US","BPHIGH_CrudePrev vs SLEEP_CrudePrev","county(n=2956)","corr=0.507","place/city(n=27529)","corr=0.348","magnitude_change","CDC PLACES 2025 release (model-based small-area estimates from BRFSS). CrudePrev = crude prevalence percent. County and place/city releases are independently modeled, not row-matched. Exhaustive pairwise scan across ~38 health variables -- multiple-testing caution applies, same as SSDSE full scan.","yes","yes"
"","US","BPHIGH_CrudePrev vs STROKE_CrudePrev","county(n=2956)","corr=0.898","place/city(n=27529)","corr=0.899","similar","CDC PLACES 2025 release (model-based small-area estimates from BRFSS). CrudePrev = crude prevalence percent. County and place/city releases are independently modeled, not row-matched. Exhaustive pairwise scan across ~38 health variables -- multiple-testing caution applies, same as SSDSE full scan.","yes","yes"
"","US","BPHIGH_CrudePrev vs TEETHLOST_CrudePrev","county(n=2956)","corr=0.621","place/city(n=27520)","corr=0.543","similar","CDC PLACES 2025 release (model-based small-area estimates from BRFSS). CrudePrev = crude prevalence percent. County and place/city releases are independently modeled, not row-matched. Exhaustive pairwise scan across ~38 health variables -- multiple-testing caution applies, same as SSDSE full scan.","yes","yes"
"","US","BPHIGH_CrudePrev vs HEARING_CrudePrev","county(n=2956)","corr=0.597","place/city(n=27529)","corr=0.708","similar","CDC PLACES 2025 release (model-based small-area estimates from BRFSS). CrudePrev = crude prevalence percent. County and place/city releases are independently modeled, not row-matched. Exhaustive pairwise scan across ~38 health variables -- multiple-testing caution applies, same as SSDSE full scan.","yes","yes"
"","US","BPHIGH_CrudePrev vs VISION_CrudePrev","county(n=2956)","corr=0.641","place/city(n=27529)","corr=0.537","similar","CDC PLACES 2025 release (model-based small-area estimates from BRFSS). CrudePrev = crude prevalence percent. County and place/city releases are independently modeled, not row-matched. Exhaustive pairwise scan across ~38 health variables -- multiple-testing caution applies, same as SSDSE full scan.","yes","yes"
"","US","BPHIGH_CrudePrev vs COGNITION_CrudePrev","county(n=2956)","corr=0.544","place/city(n=27529)","corr=0.375","magnitude_change","CDC PLACES 2025 release (model-based small-area estimates from BRFSS). CrudePrev = crude prevalence percent. County and place/city releases are independently modeled, not row-matched. Exhaustive pairwise scan across ~38 health variables -- multiple-testing caution applies, same as SSDSE full scan.","yes","yes"
"","US","BPHIGH_CrudePrev vs MOBILITY_CrudePrev","county(n=2956)","corr=0.882","place/city(n=27529)","corr=0.85","similar","CDC PLACES 2025 release (model-based small-area estimates from BRFSS). CrudePrev = crude prevalence percent. County and place/city releases are independently modeled, not row-matched. Exhaustive pairwise scan across ~38 health variables -- multiple-testing caution applies, same as SSDSE full scan.","yes","yes"
"","US","BPHIGH_CrudePrev vs SELFCARE_CrudePrev","county(n=2956)","corr=0.784","place/city(n=27529)","corr=0.698","similar","CDC PLACES 2025 release (model-based small-area estimates from BRFSS). CrudePrev = crude prevalence percent. County and place/city releases are independently modeled, not row-matched. Exhaustive pairwise scan across ~38 health variables -- multiple-testing caution applies, same as SSDSE full scan.","yes","yes"
"","US","BPHIGH_CrudePrev vs INDEPLIVE_CrudePrev","county(n=2956)","corr=0.75","place/city(n=27529)","corr=0.611","similar","CDC PLACES 2025 release (model-based small-area estimates from BRFSS). CrudePrev = crude prevalence percent. County and place/city releases are independently modeled, not row-matched. Exhaustive pairwise scan across ~38 health variables -- multiple-testing caution applies, same as SSDSE full scan.","yes","yes"
"","US","BPHIGH_CrudePrev vs DISABILITY_CrudePrev","county(n=2956)","corr=0.776","place/city(n=27529)","corr=0.718","similar","CDC PLACES 2025 release (model-based small-area estimates from BRFSS). CrudePrev = crude prevalence percent. County and place/city releases are independently modeled, not row-matched. Exhaustive pairwise scan across ~38 health variables -- multiple-testing caution applies, same as SSDSE full scan.","yes","yes"
"","US","BPHIGH_CrudePrev vs LONELINESS_CrudePrev","county(n=2299)","corr=0.344","place/city(n=22116)","corr=0.102","magnitude_change","CDC PLACES 2025 release (model-based small-area estimates from BRFSS). CrudePrev = crude prevalence percent. County and place/city releases are independently modeled, not row-matched. Exhaustive pairwise scan across ~38 health variables -- multiple-testing caution applies, same as SSDSE full scan.","yes","yes"
"","US","BPHIGH_CrudePrev vs FOODSTAMP_CrudePrev","county(n=2299)","corr=0.604","place/city(n=22116)","corr=0.438","similar","CDC PLACES 2025 release (model-based small-area estimates from BRFSS). CrudePrev = crude prevalence percent. County and place/city releases are independently modeled, not row-matched. Exhaustive pairwise scan across ~38 health variables -- multiple-testing caution applies, same as SSDSE full scan.","yes","yes"
"","US","BPHIGH_CrudePrev vs FOODINSECU_CrudePrev","county(n=2299)","corr=0.618","place/city(n=22116)","corr=0.424","magnitude_change","CDC PLACES 2025 release (model-based small-area estimates from BRFSS). CrudePrev = crude prevalence percent. County and place/city releases are independently modeled, not row-matched. Exhaustive pairwise scan across ~38 health variables -- multiple-testing caution applies, same as SSDSE full scan.","yes","yes"
"","US","BPHIGH_CrudePrev vs HOUSINSECU_CrudePrev","county(n=2299)","corr=0.534","place/city(n=22116)","corr=0.337","magnitude_change","CDC PLACES 2025 release (model-based small-area estimates from BRFSS). CrudePrev = crude prevalence percent. County and place/city releases are independently modeled, not row-matched. Exhaustive pairwise scan across ~38 health variables -- multiple-testing caution applies, same as SSDSE full scan.","yes","yes"
"","US","BPHIGH_CrudePrev vs SHUTUTILITY_CrudePrev","county(n=2299)","corr=0.642","place/city(n=22116)","corr=0.471","similar","CDC PLACES 2025 release (model-based small-area estimates from BRFSS). CrudePrev = crude prevalence percent. County and place/city releases are independently modeled, not row-matched. Exhaustive pairwise scan across ~38 health variables -- multiple-testing caution applies, same as SSDSE full scan.","yes","yes"
"","US","BPHIGH_CrudePrev vs LACKTRPT_CrudePrev","county(n=2299)","corr=0.56","place/city(n=22116)","corr=0.361","magnitude_change","CDC PLACES 2025 release (model-based small-area estimates from BRFSS). CrudePrev = crude prevalence percent. County and place/city releases are independently modeled, not row-matched. Exhaustive pairwise scan across ~38 health variables -- multiple-testing caution applies, same as SSDSE full scan.","yes","yes"
"","US","BPHIGH_CrudePrev vs EMOTIONSPT_CrudePrev","county(n=2299)","corr=0.461","place/city(n=22116)","corr=0.265","magnitude_change","CDC PLACES 2025 release (model-based small-area estimates from BRFSS). CrudePrev = crude prevalence percent. County and place/city releases are independently modeled, not row-matched. Exhaustive pairwise scan across ~38 health variables -- multiple-testing caution applies, same as SSDSE full scan.","yes","yes"
"","US","BPMED_CrudePrev vs CANCER_CrudePrev","county(n=2956)","corr=0.622","place/city(n=27529)","corr=0.682","similar","CDC PLACES 2025 release (model-based small-area estimates from BRFSS). CrudePrev = crude prevalence percent. County and place/city releases are independently modeled, not row-matched. Exhaustive pairwise scan across ~38 health variables -- multiple-testing caution applies, same as SSDSE full scan.","yes","yes"
"","US","BPMED_CrudePrev vs CASTHMA_CrudePrev","county(n=2956)","corr=-0.01","place/city(n=27529)","corr=-0.069","magnitude_change","CDC PLACES 2025 release (model-based small-area estimates from BRFSS). CrudePrev = crude prevalence percent. County and place/city releases are independently modeled, not row-matched. Exhaustive pairwise scan across ~38 health variables -- multiple-testing caution applies, same as SSDSE full scan.","no","yes"
"","US","BPMED_CrudePrev vs CHD_CrudePrev","county(n=2956)","corr=0.685","place/city(n=27529)","corr=0.643","similar","CDC PLACES 2025 release (model-based small-area estimates from BRFSS). CrudePrev = crude prevalence percent. County and place/city releases are independently modeled, not row-matched. Exhaustive pairwise scan across ~38 health variables -- multiple-testing caution applies, same as SSDSE full scan.","yes","yes"
"","US","BPMED_CrudePrev vs CHECKUP_CrudePrev","county(n=2956)","corr=0.757","place/city(n=27529)","corr=0.757","similar","CDC PLACES 2025 release (model-based small-area estimates from BRFSS). CrudePrev = crude prevalence percent. County and place/city releases are independently modeled, not row-matched. Exhaustive pairwise scan across ~38 health variables -- multiple-testing caution applies, same as SSDSE full scan.","yes","yes"
"","US","BPMED_CrudePrev vs CHOLSCREEN_CrudePrev","county(n=2956)","corr=0.594","place/city(n=27529)","corr=0.642","similar","CDC PLACES 2025 release (model-based small-area estimates from BRFSS). CrudePrev = crude prevalence percent. County and place/city releases are independently modeled, not row-matched. Exhaustive pairwise scan across ~38 health variables -- multiple-testing caution applies, same as SSDSE full scan.","yes","yes"
"","US","BPMED_CrudePrev vs COLON_SCREEN_CrudePrev","county(n=2956)","corr=0.38","place/city(n=27528)","corr=0.435","similar","CDC PLACES 2025 release (model-based small-area estimates from BRFSS). CrudePrev = crude prevalence percent. County and place/city releases are independently modeled, not row-matched. Exhaustive pairwise scan across ~38 health variables -- multiple-testing caution applies, same as SSDSE full scan.","yes","yes"
"","US","BPMED_CrudePrev vs COPD_CrudePrev","county(n=2956)","corr=0.549","place/city(n=27529)","corr=0.46","similar","CDC PLACES 2025 release (model-based small-area estimates from BRFSS). CrudePrev = crude prevalence percent. County and place/city releases are independently modeled, not row-matched. Exhaustive pairwise scan across ~38 health variables -- multiple-testing caution applies, same as SSDSE full scan.","yes","yes"
"","US","BPMED_CrudePrev vs CSMOKING_CrudePrev","county(n=2956)","corr=0.28","place/city(n=27529)","corr=0.104","magnitude_change","CDC PLACES 2025 release (model-based small-area estimates from BRFSS). CrudePrev = crude prevalence percent. County and place/city releases are independently modeled, not row-matched. Exhaustive pairwise scan across ~38 health variables -- multiple-testing caution applies, same as SSDSE full scan.","yes","yes"
"","US","BPMED_CrudePrev vs DENTAL_CrudePrev","county(n=2956)","corr=-0.095","place/city(n=27529)","corr=0.034","magnitude_change","CDC PLACES 2025 release (model-based small-area estimates from BRFSS). CrudePrev = crude prevalence percent. County and place/city releases are independently modeled, not row-matched. Exhaustive pairwise scan across ~38 health variables -- multiple-testing caution applies, same as SSDSE full scan.","yes","yes"
"","US","BPMED_CrudePrev vs DEPRESSION_CrudePrev","county(n=2956)","corr=-0.083","place/city(n=27529)","corr=-0.157","magnitude_change","CDC PLACES 2025 release (model-based small-area estimates from BRFSS). CrudePrev = crude prevalence percent. County and place/city releases are independently modeled, not row-matched. Exhaustive pairwise scan across ~38 health variables -- multiple-testing caution applies, same as SSDSE full scan.","yes","yes"
"","US","BPMED_CrudePrev vs DIABETES_CrudePrev","county(n=2956)","corr=0.53","place/city(n=27529)","corr=0.478","similar","CDC PLACES 2025 release (model-based small-area estimates from BRFSS). CrudePrev = crude prevalence percent. County and place/city releases are independently modeled, not row-matched. Exhaustive pairwise scan across ~38 health variables -- multiple-testing caution applies, same as SSDSE full scan.","yes","yes"
"","US","BPMED_CrudePrev vs GHLTH_CrudePrev","county(n=2956)","corr=0.199","place/city(n=27529)","corr=0.095","magnitude_change","CDC PLACES 2025 release (model-based small-area estimates from BRFSS). CrudePrev = crude prevalence percent. County and place/city releases are independently modeled, not row-matched. Exhaustive pairwise scan across ~38 health variables -- multiple-testing caution applies, same as SSDSE full scan.","yes","yes"
"","US","BPMED_CrudePrev vs HIGHCHOL_CrudePrev","county(n=2956)","corr=0.725","place/city(n=27529)","corr=0.797","similar","CDC PLACES 2025 release (model-based small-area estimates from BRFSS). CrudePrev = crude prevalence percent. County and place/city releases are independently modeled, not row-matched. Exhaustive pairwise scan across ~38 health variables -- multiple-testing caution applies, same as SSDSE full scan.","yes","yes"
"","US","BPMED_CrudePrev vs LPA_CrudePrev","county(n=2956)","corr=0.391","place/city(n=27529)","corr=0.24","magnitude_change","CDC PLACES 2025 release (model-based small-area estimates from BRFSS). CrudePrev = crude prevalence percent. County and place/city releases are independently modeled, not row-matched. Exhaustive pairwise scan across ~38 health variables -- multiple-testing caution applies, same as SSDSE full scan.","yes","yes"
"","US","BPMED_CrudePrev vs MAMMOUSE_CrudePrev","county(n=2956)","corr=0.228","place/city(n=27525)","corr=0.192","similar","CDC PLACES 2025 release (model-based small-area estimates from BRFSS). CrudePrev = crude prevalence percent. County and place/city releases are independently modeled, not row-matched. Exhaustive pairwise scan across ~38 health variables -- multiple-testing caution applies, same as SSDSE full scan.","yes","yes"
"","US","BPMED_CrudePrev vs MHLTH_CrudePrev","county(n=2956)","corr=-0.15","place/city(n=27529)","corr=-0.349","magnitude_change","CDC PLACES 2025 release (model-based small-area estimates from BRFSS). CrudePrev = crude prevalence percent. County and place/city releases are independently modeled, not row-matched. Exhaustive pairwise scan across ~38 health variables -- multiple-testing caution applies, same as SSDSE full scan.","yes","yes"
"","US","BPMED_CrudePrev vs OBESITY_CrudePrev","county(n=2956)","corr=0.375","place/city(n=27529)","corr=0.205","magnitude_change","CDC PLACES 2025 release (model-based small-area estimates from BRFSS). CrudePrev = crude prevalence percent. County and place/city releases are independently modeled, not row-matched. Exhaustive pairwise scan across ~38 health variables -- multiple-testing caution applies, same as SSDSE full scan.","yes","yes"
"","US","BPMED_CrudePrev vs PHLTH_CrudePrev","county(n=2956)","corr=0.316","place/city(n=27529)","corr=0.238","similar","CDC PLACES 2025 release (model-based small-area estimates from BRFSS). CrudePrev = crude prevalence percent. County and place/city releases are independently modeled, not row-matched. Exhaustive pairwise scan across ~38 health variables -- multiple-testing caution applies, same as SSDSE full scan.","yes","yes"
"","US","BPMED_CrudePrev vs SLEEP_CrudePrev","county(n=2956)","corr=0.037","place/city(n=27529)","corr=-0.077","magnitude_change","CDC PLACES 2025 release (model-based small-area estimates from BRFSS). CrudePrev = crude prevalence percent. County and place/city releases are independently modeled, not row-matched. Exhaustive pairwise scan across ~38 health variables -- multiple-testing caution applies, same as SSDSE full scan.","yes","yes"
"","US","BPMED_CrudePrev vs STROKE_CrudePrev","county(n=2956)","corr=0.589","place/city(n=27529)","corr=0.539","similar","CDC PLACES 2025 release (model-based small-area estimates from BRFSS). CrudePrev = crude prevalence percent. County and place/city releases are independently modeled, not row-matched. Exhaustive pairwise scan across ~38 health variables -- multiple-testing caution applies, same as SSDSE full scan.","yes","yes"
"","US","BPMED_CrudePrev vs TEETHLOST_CrudePrev","county(n=2956)","corr=0.152","place/city(n=27520)","corr=0.039","magnitude_change","CDC PLACES 2025 release (model-based small-area estimates from BRFSS). CrudePrev = crude prevalence percent. County and place/city releases are independently modeled, not row-matched. Exhaustive pairwise scan across ~38 health variables -- multiple-testing caution applies, same as SSDSE full scan.","yes","yes"
"","US","BPMED_CrudePrev vs HEARING_CrudePrev","county(n=2956)","corr=0.478","place/city(n=27529)","corr=0.486","similar","CDC PLACES 2025 release (model-based small-area estimates from BRFSS). CrudePrev = crude prevalence percent. County and place/city releases are independently modeled, not row-matched. Exhaustive pairwise scan across ~38 health variables -- multiple-testing caution applies, same as SSDSE full scan.","yes","yes"
"","US","BPMED_CrudePrev vs VISION_CrudePrev","county(n=2956)","corr=0.139","place/city(n=27529)","corr=0.042","magnitude_change","CDC PLACES 2025 release (model-based small-area estimates from BRFSS). CrudePrev = crude prevalence percent. County and place/city releases are independently modeled, not row-matched. Exhaustive pairwise scan across ~38 health variables -- multiple-testing caution applies, same as SSDSE full scan.","yes","yes"
"","US","BPMED_CrudePrev vs COGNITION_CrudePrev","county(n=2956)","corr=-0.057","place/city(n=27529)","corr=-0.211","magnitude_change","CDC PLACES 2025 release (model-based small-area estimates from BRFSS). CrudePrev = crude prevalence percent. County and place/city releases are independently modeled, not row-matched. Exhaustive pairwise scan across ~38 health variables -- multiple-testing caution applies, same as SSDSE full scan.","yes","yes"
"","US","BPMED_CrudePrev vs MOBILITY_CrudePrev","county(n=2956)","corr=0.476","place/city(n=27529)","corr=0.414","similar","CDC PLACES 2025 release (model-based small-area estimates from BRFSS). CrudePrev = crude prevalence percent. County and place/city releases are independently modeled, not row-matched. Exhaustive pairwise scan across ~38 health variables -- multiple-testing caution applies, same as SSDSE full scan.","yes","yes"
"","US","BPMED_CrudePrev vs SELFCARE_CrudePrev","county(n=2956)","corr=0.312","place/city(n=27529)","corr=0.21","magnitude_change","CDC PLACES 2025 release (model-based small-area estimates from BRFSS). CrudePrev = crude prevalence percent. County and place/city releases are independently modeled, not row-matched. Exhaustive pairwise scan across ~38 health variables -- multiple-testing caution applies, same as SSDSE full scan.","yes","yes"
"","US","BPMED_CrudePrev vs INDEPLIVE_CrudePrev","county(n=2956)","corr=0.224","place/city(n=27529)","corr=0.062","magnitude_change","CDC PLACES 2025 release (model-based small-area estimates from BRFSS). CrudePrev = crude prevalence percent. County and place/city releases are independently modeled, not row-matched. Exhaustive pairwise scan across ~38 health variables -- multiple-testing caution applies, same as SSDSE full scan.","yes","yes"
"","US","BPMED_CrudePrev vs DISABILITY_CrudePrev","county(n=2956)","corr=0.277","place/city(n=27529)","corr=0.19","magnitude_change","CDC PLACES 2025 release (model-based small-area estimates from BRFSS). CrudePrev = crude prevalence percent. County and place/city releases are independently modeled, not row-matched. Exhaustive pairwise scan across ~38 health variables -- multiple-testing caution applies, same as SSDSE full scan.","yes","yes"
"","US","BPMED_CrudePrev vs LONELINESS_CrudePrev","county(n=2299)","corr=-0.184","place/city(n=22116)","corr=-0.415","magnitude_change","CDC PLACES 2025 release (model-based small-area estimates from BRFSS). CrudePrev = crude prevalence percent. County and place/city releases are independently modeled, not row-matched. Exhaustive pairwise scan across ~38 health variables -- multiple-testing caution applies, same as SSDSE full scan.","yes","yes"
"","US","BPMED_CrudePrev vs FOODSTAMP_CrudePrev","county(n=2299)","corr=0.068","place/city(n=22116)","corr=-0.105","reversed","CDC PLACES 2025 release (model-based small-area estimates from BRFSS). CrudePrev = crude prevalence percent. County and place/city releases are independently modeled, not row-matched. Exhaustive pairwise scan across ~38 health variables -- multiple-testing caution applies, same as SSDSE full scan.","yes","yes"
"","US","BPMED_CrudePrev vs FOODINSECU_CrudePrev","county(n=2299)","corr=0.021","place/city(n=22116)","corr=-0.153","magnitude_change","CDC PLACES 2025 release (model-based small-area estimates from BRFSS). CrudePrev = crude prevalence percent. County and place/city releases are independently modeled, not row-matched. Exhaustive pairwise scan across ~38 health variables -- multiple-testing caution applies, same as SSDSE full scan.","no","yes"
"","US","BPMED_CrudePrev vs HOUSINSECU_CrudePrev","county(n=2299)","corr=-0.064","place/city(n=22116)","corr=-0.219","magnitude_change","CDC PLACES 2025 release (model-based small-area estimates from BRFSS). CrudePrev = crude prevalence percent. County and place/city releases are independently modeled, not row-matched. Exhaustive pairwise scan across ~38 health variables -- multiple-testing caution applies, same as SSDSE full scan.","yes","yes"
"","US","BPMED_CrudePrev vs SHUTUTILITY_CrudePrev","county(n=2299)","corr=0.041","place/city(n=22116)","corr=-0.102","magnitude_change","CDC PLACES 2025 release (model-based small-area estimates from BRFSS). CrudePrev = crude prevalence percent. County and place/city releases are independently modeled, not row-matched. Exhaustive pairwise scan across ~38 health variables -- multiple-testing caution applies, same as SSDSE full scan.","yes","yes"
"","US","BPMED_CrudePrev vs LACKTRPT_CrudePrev","county(n=2299)","corr=-0.059","place/city(n=22116)","corr=-0.227","magnitude_change","CDC PLACES 2025 release (model-based small-area estimates from BRFSS). CrudePrev = crude prevalence percent. County and place/city releases are independently modeled, not row-matched. Exhaustive pairwise scan across ~38 health variables -- multiple-testing caution applies, same as SSDSE full scan.","yes","yes"
"","US","BPMED_CrudePrev vs EMOTIONSPT_CrudePrev","county(n=2299)","corr=-0.103","place/city(n=22116)","corr=-0.26","magnitude_change","CDC PLACES 2025 release (model-based small-area estimates from BRFSS). CrudePrev = crude prevalence percent. County and place/city releases are independently modeled, not row-matched. Exhaustive pairwise scan across ~38 health variables -- multiple-testing caution applies, same as SSDSE full scan.","yes","yes"
"","US","CANCER_CrudePrev vs CASTHMA_CrudePrev","county(n=2956)","corr=0.062","place/city(n=27529)","corr=-0.106","reversed","CDC PLACES 2025 release (model-based small-area estimates from BRFSS). CrudePrev = crude prevalence percent. County and place/city releases are independently modeled, not row-matched. Exhaustive pairwise scan across ~38 health variables -- multiple-testing caution applies, same as SSDSE full scan.","yes","yes"
"","US","CANCER_CrudePrev vs CHD_CrudePrev","county(n=2956)","corr=0.552","place/city(n=27529)","corr=0.554","similar","CDC PLACES 2025 release (model-based small-area estimates from BRFSS). CrudePrev = crude prevalence percent. County and place/city releases are independently modeled, not row-matched. Exhaustive pairwise scan across ~38 health variables -- multiple-testing caution applies, same as SSDSE full scan.","yes","yes"
"","US","CANCER_CrudePrev vs CHECKUP_CrudePrev","county(n=2956)","corr=0.352","place/city(n=27529)","corr=0.562","magnitude_change","CDC PLACES 2025 release (model-based small-area estimates from BRFSS). CrudePrev = crude prevalence percent. County and place/city releases are independently modeled, not row-matched. Exhaustive pairwise scan across ~38 health variables -- multiple-testing caution applies, same as SSDSE full scan.","yes","yes"
"","US","CANCER_CrudePrev vs CHOLSCREEN_CrudePrev","county(n=2956)","corr=0.532","place/city(n=27529)","corr=0.652","similar","CDC PLACES 2025 release (model-based small-area estimates from BRFSS). CrudePrev = crude prevalence percent. County and place/city releases are independently modeled, not row-matched. Exhaustive pairwise scan across ~38 health variables -- multiple-testing caution applies, same as SSDSE full scan.","yes","yes"
"","US","CANCER_CrudePrev vs COLON_SCREEN_CrudePrev","county(n=2956)","corr=0.511","place/city(n=27528)","corr=0.619","similar","CDC PLACES 2025 release (model-based small-area estimates from BRFSS). CrudePrev = crude prevalence percent. County and place/city releases are independently modeled, not row-matched. Exhaustive pairwise scan across ~38 health variables -- multiple-testing caution applies, same as SSDSE full scan.","yes","yes"
"","US","CANCER_CrudePrev vs COPD_CrudePrev","county(n=2956)","corr=0.35","place/city(n=27529)","corr=0.299","similar","CDC PLACES 2025 release (model-based small-area estimates from BRFSS). CrudePrev = crude prevalence percent. County and place/city releases are independently modeled, not row-matched. Exhaustive pairwise scan across ~38 health variables -- multiple-testing caution applies, same as SSDSE full scan.","yes","yes"
"","US","CANCER_CrudePrev vs CSMOKING_CrudePrev","county(n=2956)","corr=-0.026","place/city(n=27529)","corr=-0.176","magnitude_change","CDC PLACES 2025 release (model-based small-area estimates from BRFSS). CrudePrev = crude prevalence percent. County and place/city releases are independently modeled, not row-matched. Exhaustive pairwise scan across ~38 health variables -- multiple-testing caution applies, same as SSDSE full scan.","no","yes"
"","US","CANCER_CrudePrev vs DENTAL_CrudePrev","county(n=2956)","corr=0.339","place/city(n=27529)","corr=0.38","similar","CDC PLACES 2025 release (model-based small-area estimates from BRFSS). CrudePrev = crude prevalence percent. County and place/city releases are independently modeled, not row-matched. Exhaustive pairwise scan across ~38 health variables -- multiple-testing caution applies, same as SSDSE full scan.","yes","yes"
"","US","CANCER_CrudePrev vs DEPRESSION_CrudePrev","county(n=2956)","corr=0.093","place/city(n=27529)","corr=-0.038","magnitude_change","CDC PLACES 2025 release (model-based small-area estimates from BRFSS). CrudePrev = crude prevalence percent. County and place/city releases are independently modeled, not row-matched. Exhaustive pairwise scan across ~38 health variables -- multiple-testing caution applies, same as SSDSE full scan.","yes","yes"
"","US","CANCER_CrudePrev vs DIABETES_CrudePrev","county(n=2956)","corr=0.001","place/city(n=27529)","corr=0.051","similar","CDC PLACES 2025 release (model-based small-area estimates from BRFSS). CrudePrev = crude prevalence percent. County and place/city releases are independently modeled, not row-matched. Exhaustive pairwise scan across ~38 health variables -- multiple-testing caution applies, same as SSDSE full scan.","no","yes"
"","US","CANCER_CrudePrev vs GHLTH_CrudePrev","county(n=2956)","corr=-0.232","place/city(n=27529)","corr=-0.262","similar","CDC PLACES 2025 release (model-based small-area estimates from BRFSS). CrudePrev = crude prevalence percent. County and place/city releases are independently modeled, not row-matched. Exhaustive pairwise scan across ~38 health variables -- multiple-testing caution applies, same as SSDSE full scan.","yes","yes"
"","US","CANCER_CrudePrev vs HIGHCHOL_CrudePrev","county(n=2956)","corr=0.475","place/city(n=27529)","corr=0.664","magnitude_change","CDC PLACES 2025 release (model-based small-area estimates from BRFSS). CrudePrev = crude prevalence percent. County and place/city releases are independently modeled, not row-matched. Exhaustive pairwise scan across ~38 health variables -- multiple-testing caution applies, same as SSDSE full scan.","yes","yes"
"","US","CANCER_CrudePrev vs LPA_CrudePrev","county(n=2956)","corr=-0.168","place/city(n=27529)","corr=-0.213","similar","CDC PLACES 2025 release (model-based small-area estimates from BRFSS). CrudePrev = crude prevalence percent. County and place/city releases are independently modeled, not row-matched. Exhaustive pairwise scan across ~38 health variables -- multiple-testing caution applies, same as SSDSE full scan.","yes","yes"
"","US","CANCER_CrudePrev vs MAMMOUSE_CrudePrev","county(n=2956)","corr=0.106","place/city(n=27525)","corr=0.185","magnitude_change","CDC PLACES 2025 release (model-based small-area estimates from BRFSS). CrudePrev = crude prevalence percent. County and place/city releases are independently modeled, not row-matched. Exhaustive pairwise scan across ~38 health variables -- multiple-testing caution applies, same as SSDSE full scan.","yes","yes"
"","US","CANCER_CrudePrev vs MHLTH_CrudePrev","county(n=2956)","corr=-0.375","place/city(n=27529)","corr=-0.511","magnitude_change","CDC PLACES 2025 release (model-based small-area estimates from BRFSS). CrudePrev = crude prevalence percent. County and place/city releases are independently modeled, not row-matched. Exhaustive pairwise scan across ~38 health variables -- multiple-testing caution applies, same as SSDSE full scan.","yes","yes"
"","US","CANCER_CrudePrev vs OBESITY_CrudePrev","county(n=2956)","corr=-0.123","place/city(n=27529)","corr=-0.216","magnitude_change","CDC PLACES 2025 release (model-based small-area estimates from BRFSS). CrudePrev = crude prevalence percent. County and place/city releases are independently modeled, not row-matched. Exhaustive pairwise scan across ~38 health variables -- multiple-testing caution applies, same as SSDSE full scan.","yes","yes"
"","US","CANCER_CrudePrev vs PHLTH_CrudePrev","county(n=2956)","corr=0.086","place/city(n=27529)","corr=0.01","magnitude_change","CDC PLACES 2025 release (model-based small-area estimates from BRFSS). CrudePrev = crude prevalence percent. County and place/city releases are independently modeled, not row-matched. Exhaustive pairwise scan across ~38 health variables -- multiple-testing caution applies, same as SSDSE full scan.","yes","no"
"","US","CANCER_CrudePrev vs SLEEP_CrudePrev","county(n=2956)","corr=-0.461","place/city(n=27529)","corr=-0.511","similar","CDC PLACES 2025 release (model-based small-area estimates from BRFSS). CrudePrev = crude prevalence percent. County and place/city releases are independently modeled, not row-matched. Exhaustive pairwise scan across ~38 health variables -- multiple-testing caution applies, same as SSDSE full scan.","yes","yes"
"","US","CANCER_CrudePrev vs STROKE_CrudePrev","county(n=2956)","corr=0.245","place/city(n=27529)","corr=0.278","similar","CDC PLACES 2025 release (model-based small-area estimates from BRFSS). CrudePrev = crude prevalence percent. County and place/city releases are independently modeled, not row-matched. Exhaustive pairwise scan across ~38 health variables -- multiple-testing caution applies, same as SSDSE full scan.","yes","yes"
"","US","CANCER_CrudePrev vs TEETHLOST_CrudePrev","county(n=2956)","corr=-0.215","place/city(n=27520)","corr=-0.243","similar","CDC PLACES 2025 release (model-based small-area estimates from BRFSS). CrudePrev = crude prevalence percent. County and place/city releases are independently modeled, not row-matched. Exhaustive pairwise scan across ~38 health variables -- multiple-testing caution applies, same as SSDSE full scan.","yes","yes"
"","US","CANCER_CrudePrev vs HEARING_CrudePrev","county(n=2956)","corr=0.568","place/city(n=27529)","corr=0.529","similar","CDC PLACES 2025 release (model-based small-area estimates from BRFSS). CrudePrev = crude prevalence percent. County and place/city releases are independently modeled, not row-matched. Exhaustive pairwise scan across ~38 health variables -- multiple-testing caution applies, same as SSDSE full scan.","yes","yes"
"","US","CANCER_CrudePrev vs VISION_CrudePrev","county(n=2956)","corr=-0.315","place/city(n=27529)","corr=-0.319","similar","CDC PLACES 2025 release (model-based small-area estimates from BRFSS). CrudePrev = crude prevalence percent. County and place/city releases are independently modeled, not row-matched. Exhaustive pairwise scan across ~38 health variables -- multiple-testing caution applies, same as SSDSE full scan.","yes","yes"
"","US","CANCER_CrudePrev vs COGNITION_CrudePrev","county(n=2956)","corr=-0.354","place/city(n=27529)","corr=-0.444","similar","CDC PLACES 2025 release (model-based small-area estimates from BRFSS). CrudePrev = crude prevalence percent. County and place/city releases are independently modeled, not row-matched. Exhaustive pairwise scan across ~38 health variables -- multiple-testing caution applies, same as SSDSE full scan.","yes","yes"
"","US","CANCER_CrudePrev vs MOBILITY_CrudePrev","county(n=2956)","corr=0.091","place/city(n=27529)","corr=0.105","similar","CDC PLACES 2025 release (model-based small-area estimates from BRFSS). CrudePrev = crude prevalence percent. County and place/city releases are independently modeled, not row-matched. Exhaustive pairwise scan across ~38 health variables -- multiple-testing caution applies, same as SSDSE full scan.","yes","yes"
"","US","CANCER_CrudePrev vs SELFCARE_CrudePrev","county(n=2956)","corr=-0.156","place/city(n=27529)","corr=-0.173","similar","CDC PLACES 2025 release (model-based small-area estimates from BRFSS). CrudePrev = crude prevalence percent. County and place/city releases are independently modeled, not row-matched. Exhaustive pairwise scan across ~38 health variables -- multiple-testing caution applies, same as SSDSE full scan.","yes","yes"
"","US","CANCER_CrudePrev vs INDEPLIVE_CrudePrev","county(n=2956)","corr=-0.171","place/city(n=27529)","corr=-0.233","magnitude_change","CDC PLACES 2025 release (model-based small-area estimates from BRFSS). CrudePrev = crude prevalence percent. County and place/city releases are independently modeled, not row-matched. Exhaustive pairwise scan across ~38 health variables -- multiple-testing caution applies, same as SSDSE full scan.","yes","yes"
"","US","CANCER_CrudePrev vs DISABILITY_CrudePrev","county(n=2956)","corr=-0.024","place/city(n=27529)","corr=-0.046","magnitude_change","CDC PLACES 2025 release (model-based small-area estimates from BRFSS). CrudePrev = crude prevalence percent. County and place/city releases are independently modeled, not row-matched. Exhaustive pairwise scan across ~38 health variables -- multiple-testing caution applies, same as SSDSE full scan.","no","yes"
"","US","CANCER_CrudePrev vs LONELINESS_CrudePrev","county(n=2299)","corr=-0.65","place/city(n=22116)","corr=-0.689","similar","CDC PLACES 2025 release (model-based small-area estimates from BRFSS). CrudePrev = crude prevalence percent. County and place/city releases are independently modeled, not row-matched. Exhaustive pairwise scan across ~38 health variables -- multiple-testing caution applies, same as SSDSE full scan.","yes","yes"
"","US","CANCER_CrudePrev vs FOODSTAMP_CrudePrev","county(n=2299)","corr=-0.374","place/city(n=22116)","corr=-0.44","similar","CDC PLACES 2025 release (model-based small-area estimates from BRFSS). CrudePrev = crude prevalence percent. County and place/city releases are independently modeled, not row-matched. Exhaustive pairwise scan across ~38 health variables -- multiple-testing caution applies, same as SSDSE full scan.","yes","yes"
"","US","CANCER_CrudePrev vs FOODINSECU_CrudePrev","county(n=2299)","corr=-0.517","place/city(n=22116)","corr=-0.537","similar","CDC PLACES 2025 release (model-based small-area estimates from BRFSS). CrudePrev = crude prevalence percent. County and place/city releases are independently modeled, not row-matched. Exhaustive pairwise scan across ~38 health variables -- multiple-testing caution applies, same as SSDSE full scan.","yes","yes"
"","US","CANCER_CrudePrev vs HOUSINSECU_CrudePrev","county(n=2299)","corr=-0.612","place/city(n=22116)","corr=-0.622","similar","CDC PLACES 2025 release (model-based small-area estimates from BRFSS). CrudePrev = crude prevalence percent. County and place/city releases are independently modeled, not row-matched. Exhaustive pairwise scan across ~38 health variables -- multiple-testing caution applies, same as SSDSE full scan.","yes","yes"
"","US","CANCER_CrudePrev vs SHUTUTILITY_CrudePrev","county(n=2299)","corr=-0.495","place/city(n=22116)","corr=-0.507","similar","CDC PLACES 2025 release (model-based small-area estimates from BRFSS). CrudePrev = crude prevalence percent. County and place/city releases are independently modeled, not row-matched. Exhaustive pairwise scan across ~38 health variables -- multiple-testing caution applies, same as SSDSE full scan.","yes","yes"
"","US","CANCER_CrudePrev vs LACKTRPT_CrudePrev","county(n=2299)","corr=-0.541","place/city(n=22116)","corr=-0.548","similar","CDC PLACES 2025 release (model-based small-area estimates from BRFSS). CrudePrev = crude prevalence percent. County and place/city releases are independently modeled, not row-matched. Exhaustive pairwise scan across ~38 health variables -- multiple-testing caution applies, same as SSDSE full scan.","yes","yes"
"","US","CANCER_CrudePrev vs EMOTIONSPT_CrudePrev","county(n=2299)","corr=-0.57","place/city(n=22116)","corr=-0.605","similar","CDC PLACES 2025 release (model-based small-area estimates from BRFSS). CrudePrev = crude prevalence percent. County and place/city releases are independently modeled, not row-matched. Exhaustive pairwise scan across ~38 health variables -- multiple-testing caution applies, same as SSDSE full scan.","yes","yes"
"","US","CASTHMA_CrudePrev vs CHD_CrudePrev","county(n=2956)","corr=0.334","place/city(n=27529)","corr=0.298","similar","CDC PLACES 2025 release (model-based small-area estimates from BRFSS). CrudePrev = crude prevalence percent. County and place/city releases are independently modeled, not row-matched. Exhaustive pairwise scan across ~38 health variables -- multiple-testing caution applies, same as SSDSE full scan.","yes","yes"
"","US","CASTHMA_CrudePrev vs CHECKUP_CrudePrev","county(n=2956)","corr=0.204","place/city(n=27529)","corr=0.004","magnitude_change","CDC PLACES 2025 release (model-based small-area estimates from BRFSS). CrudePrev = crude prevalence percent. County and place/city releases are independently modeled, not row-matched. Exhaustive pairwise scan across ~38 health variables -- multiple-testing caution applies, same as SSDSE full scan.","yes","no"
"","US","CASTHMA_CrudePrev vs CHOLSCREEN_CrudePrev","county(n=2956)","corr=-0.12","place/city(n=27529)","corr=-0.349","magnitude_change","CDC PLACES 2025 release (model-based small-area estimates from BRFSS). CrudePrev = crude prevalence percent. County and place/city releases are independently modeled, not row-matched. Exhaustive pairwise scan across ~38 health variables -- multiple-testing caution applies, same as SSDSE full scan.","yes","yes"
"","US","CASTHMA_CrudePrev vs COLON_SCREEN_CrudePrev","county(n=2956)","corr=0.033","place/city(n=27528)","corr=-0.217","magnitude_change","CDC PLACES 2025 release (model-based small-area estimates from BRFSS). CrudePrev = crude prevalence percent. County and place/city releases are independently modeled, not row-matched. Exhaustive pairwise scan across ~38 health variables -- multiple-testing caution applies, same as SSDSE full scan.","no","yes"
"","US","CASTHMA_CrudePrev vs COPD_CrudePrev","county(n=2956)","corr=0.521","place/city(n=27529)","corr=0.554","similar","CDC PLACES 2025 release (model-based small-area estimates from BRFSS). CrudePrev = crude prevalence percent. County and place/city releases are independently modeled, not row-matched. Exhaustive pairwise scan across ~38 health variables -- multiple-testing caution applies, same as SSDSE full scan.","yes","yes"
"","US","CASTHMA_CrudePrev vs CSMOKING_CrudePrev","county(n=2956)","corr=0.524","place/city(n=27529)","corr=0.654","similar","CDC PLACES 2025 release (model-based small-area estimates from BRFSS). CrudePrev = crude prevalence percent. County and place/city releases are independently modeled, not row-matched. Exhaustive pairwise scan across ~38 health variables -- multiple-testing caution applies, same as SSDSE full scan.","yes","yes"
"","US","CASTHMA_CrudePrev vs DENTAL_CrudePrev","county(n=2956)","corr=-0.091","place/city(n=27529)","corr=-0.327","magnitude_change","CDC PLACES 2025 release (model-based small-area estimates from BRFSS). CrudePrev = crude prevalence percent. County and place/city releases are independently modeled, not row-matched. Exhaustive pairwise scan across ~38 health variables -- multiple-testing caution applies, same as SSDSE full scan.","yes","yes"
"","US","CASTHMA_CrudePrev vs DEPRESSION_CrudePrev","county(n=2956)","corr=0.617","place/city(n=27529)","corr=0.592","similar","CDC PLACES 2025 release (model-based small-area estimates from BRFSS). CrudePrev = crude prevalence percent. County and place/city releases are independently modeled, not row-matched. Exhaustive pairwise scan across ~38 health variables -- multiple-testing caution applies, same as SSDSE full scan.","yes","yes"
"","US","CASTHMA_CrudePrev vs DIABETES_CrudePrev","county(n=2956)","corr=0.292","place/city(n=27529)","corr=0.34","similar","CDC PLACES 2025 release (model-based small-area estimates from BRFSS). CrudePrev = crude prevalence percent. County and place/city releases are independently modeled, not row-matched. Exhaustive pairwise scan across ~38 health variables -- multiple-testing caution applies, same as SSDSE full scan.","yes","yes"
"","US","CASTHMA_CrudePrev vs GHLTH_CrudePrev","county(n=2956)","corr=0.333","place/city(n=27529)","corr=0.444","magnitude_change","CDC PLACES 2025 release (model-based small-area estimates from BRFSS). CrudePrev = crude prevalence percent. County and place/city releases are independently modeled, not row-matched. Exhaustive pairwise scan across ~38 health variables -- multiple-testing caution applies, same as SSDSE full scan.","yes","yes"
"","US","CASTHMA_CrudePrev vs HIGHCHOL_CrudePrev","county(n=2956)","corr=0.15","place/city(n=27529)","corr=-0.045","magnitude_change","CDC PLACES 2025 release (model-based small-area estimates from BRFSS). CrudePrev = crude prevalence percent. County and place/city releases are independently modeled, not row-matched. Exhaustive pairwise scan across ~38 health variables -- multiple-testing caution applies, same as SSDSE full scan.","yes","yes"
"","US","CASTHMA_CrudePrev vs LPA_CrudePrev","county(n=2956)","corr=0.2","place/city(n=27529)","corr=0.347","magnitude_change","CDC PLACES 2025 release (model-based small-area estimates from BRFSS). CrudePrev = crude prevalence percent. County and place/city releases are independently modeled, not row-matched. Exhaustive pairwise scan across ~38 health variables -- multiple-testing caution applies, same as SSDSE full scan.","yes","yes"
"","US","CASTHMA_CrudePrev vs MAMMOUSE_CrudePrev","county(n=2956)","corr=-0.097","place/city(n=27525)","corr=-0.338","magnitude_change","CDC PLACES 2025 release (model-based small-area estimates from BRFSS). CrudePrev = crude prevalence percent. County and place/city releases are independently modeled, not row-matched. Exhaustive pairwise scan across ~38 health variables -- multiple-testing caution applies, same as SSDSE full scan.","yes","yes"
"","US","CASTHMA_CrudePrev vs MHLTH_CrudePrev","county(n=2956)","corr=0.613","place/city(n=27529)","corr=0.687","similar","CDC PLACES 2025 release (model-based small-area estimates from BRFSS). CrudePrev = crude prevalence percent. County and place/city releases are independently modeled, not row-matched. Exhaustive pairwise scan across ~38 health variables -- multiple-testing caution applies, same as SSDSE full scan.","yes","yes"
"","US","CASTHMA_CrudePrev vs OBESITY_CrudePrev","county(n=2956)","corr=0.282","place/city(n=27529)","corr=0.457","magnitude_change","CDC PLACES 2025 release (model-based small-area estimates from BRFSS). CrudePrev = crude prevalence percent. County and place/city releases are independently modeled, not row-matched. Exhaustive pairwise scan across ~38 health variables -- multiple-testing caution applies, same as SSDSE full scan.","yes","yes"
"","US","CASTHMA_CrudePrev vs PHLTH_CrudePrev","county(n=2956)","corr=0.492","place/city(n=27529)","corr=0.56","similar","CDC PLACES 2025 release (model-based small-area estimates from BRFSS). CrudePrev = crude prevalence percent. County and place/city releases are independently modeled, not row-matched. Exhaustive pairwise scan across ~38 health variables -- multiple-testing caution applies, same as SSDSE full scan.","yes","yes"
"","US","CASTHMA_CrudePrev vs SLEEP_CrudePrev","county(n=2956)","corr=0.28","place/city(n=27529)","corr=0.407","magnitude_change","CDC PLACES 2025 release (model-based small-area estimates from BRFSS). CrudePrev = crude prevalence percent. County and place/city releases are independently modeled, not row-matched. Exhaustive pairwise scan across ~38 health variables -- multiple-testing caution applies, same as SSDSE full scan.","yes","yes"
"","US","CASTHMA_CrudePrev vs STROKE_CrudePrev","county(n=2956)","corr=0.38","place/city(n=27529)","corr=0.435","similar","CDC PLACES 2025 release (model-based small-area estimates from BRFSS). CrudePrev = crude prevalence percent. County and place/city releases are independently modeled, not row-matched. Exhaustive pairwise scan across ~38 health variables -- multiple-testing caution applies, same as SSDSE full scan.","yes","yes"
"","US","CASTHMA_CrudePrev vs TEETHLOST_CrudePrev","county(n=2956)","corr=0.415","place/city(n=27520)","corr=0.567","magnitude_change","CDC PLACES 2025 release (model-based small-area estimates from BRFSS). CrudePrev = crude prevalence percent. County and place/city releases are independently modeled, not row-matched. Exhaustive pairwise scan across ~38 health variables -- multiple-testing caution applies, same as SSDSE full scan.","yes","yes"
"","US","CASTHMA_CrudePrev vs HEARING_CrudePrev","county(n=2956)","corr=0.256","place/city(n=27529)","corr=0.295","similar","CDC PLACES 2025 release (model-based small-area estimates from BRFSS). CrudePrev = crude prevalence percent. County and place/city releases are independently modeled, not row-matched. Exhaustive pairwise scan across ~38 health variables -- multiple-testing caution applies, same as SSDSE full scan.","yes","yes"
"","US","CASTHMA_CrudePrev vs VISION_CrudePrev","county(n=2956)","corr=0.279","place/city(n=27529)","corr=0.417","magnitude_change","CDC PLACES 2025 release (model-based small-area estimates from BRFSS). CrudePrev = crude prevalence percent. County and place/city releases are independently modeled, not row-matched. Exhaustive pairwise scan across ~38 health variables -- multiple-testing caution applies, same as SSDSE full scan.","yes","yes"
"","US","CASTHMA_CrudePrev vs COGNITION_CrudePrev","county(n=2956)","corr=0.479","place/city(n=27529)","corr=0.59","similar","CDC PLACES 2025 release (model-based small-area estimates from BRFSS). CrudePrev = crude prevalence percent. County and place/city releases are independently modeled, not row-matched. Exhaustive pairwise scan across ~38 health variables -- multiple-testing caution applies, same as SSDSE full scan.","yes","yes"
"","US","CASTHMA_CrudePrev vs MOBILITY_CrudePrev","county(n=2956)","corr=0.373","place/city(n=27529)","corr=0.445","similar","CDC PLACES 2025 release (model-based small-area estimates from BRFSS). CrudePrev = crude prevalence percent. County and place/city releases are independently modeled, not row-matched. Exhaustive pairwise scan across ~38 health variables -- multiple-testing caution applies, same as SSDSE full scan.","yes","yes"
"","US","CASTHMA_CrudePrev vs SELFCARE_CrudePrev","county(n=2956)","corr=0.35","place/city(n=27529)","corr=0.462","magnitude_change","CDC PLACES 2025 release (model-based small-area estimates from BRFSS). CrudePrev = crude prevalence percent. County and place/city releases are independently modeled, not row-matched. Exhaustive pairwise scan across ~38 health variables -- multiple-testing caution applies, same as SSDSE full scan.","yes","yes"
"","US","CASTHMA_CrudePrev vs INDEPLIVE_CrudePrev","county(n=2956)","corr=0.496","place/city(n=27529)","corr=0.613","similar","CDC PLACES 2025 release (model-based small-area estimates from BRFSS). CrudePrev = crude prevalence percent. County and place/city releases are independently modeled, not row-matched. Exhaustive pairwise scan across ~38 health variables -- multiple-testing caution applies, same as SSDSE full scan.","yes","yes"
"","US","CASTHMA_CrudePrev vs DISABILITY_CrudePrev","county(n=2956)","corr=0.428","place/city(n=27529)","corr=0.519","similar","CDC PLACES 2025 release (model-based small-area estimates from BRFSS). CrudePrev = crude prevalence percent. County and place/city releases are independently modeled, not row-matched. Exhaustive pairwise scan across ~38 health variables -- multiple-testing caution applies, same as SSDSE full scan.","yes","yes"
"","US","CASTHMA_CrudePrev vs LONELINESS_CrudePrev","county(n=2299)","corr=0.285","place/city(n=22116)","corr=0.393","magnitude_change","CDC PLACES 2025 release (model-based small-area estimates from BRFSS). CrudePrev = crude prevalence percent. County and place/city releases are independently modeled, not row-matched. Exhaustive pairwise scan across ~38 health variables -- multiple-testing caution applies, same as SSDSE full scan.","yes","yes"
"","US","CASTHMA_CrudePrev vs FOODSTAMP_CrudePrev","county(n=2299)","corr=0.533","place/city(n=22116)","corr=0.622","similar","CDC PLACES 2025 release (model-based small-area estimates from BRFSS). CrudePrev = crude prevalence percent. County and place/city releases are independently modeled, not row-matched. Exhaustive pairwise scan across ~38 health variables -- multiple-testing caution applies, same as SSDSE full scan.","yes","yes"
"","US","CASTHMA_CrudePrev vs FOODINSECU_CrudePrev","county(n=2299)","corr=0.371","place/city(n=22116)","corr=0.544","magnitude_change","CDC PLACES 2025 release (model-based small-area estimates from BRFSS). CrudePrev = crude prevalence percent. County and place/city releases are independently modeled, not row-matched. Exhaustive pairwise scan across ~38 health variables -- multiple-testing caution applies, same as SSDSE full scan.","yes","yes"
"","US","CASTHMA_CrudePrev vs HOUSINSECU_CrudePrev","county(n=2299)","corr=0.343","place/city(n=22116)","corr=0.508","magnitude_change","CDC PLACES 2025 release (model-based small-area estimates from BRFSS). CrudePrev = crude prevalence percent. County and place/city releases are independently modeled, not row-matched. Exhaustive pairwise scan across ~38 health variables -- multiple-testing caution applies, same as SSDSE full scan.","yes","yes"
"","US","CASTHMA_CrudePrev vs SHUTUTILITY_CrudePrev","county(n=2299)","corr=0.463","place/city(n=22116)","corr=0.631","magnitude_change","CDC PLACES 2025 release (model-based small-area estimates from BRFSS). CrudePrev = crude prevalence percent. County and place/city releases are independently modeled, not row-matched. Exhaustive pairwise scan across ~38 health variables -- multiple-testing caution applies, same as SSDSE full scan.","yes","yes"
"","US","CASTHMA_CrudePrev vs LACKTRPT_CrudePrev","county(n=2299)","corr=0.428","place/city(n=22116)","corr=0.606","magnitude_change","CDC PLACES 2025 release (model-based small-area estimates from BRFSS). CrudePrev = crude prevalence percent. County and place/city releases are independently modeled, not row-matched. Exhaustive pairwise scan across ~38 health variables -- multiple-testing caution applies, same as SSDSE full scan.","yes","yes"
"","US","CASTHMA_CrudePrev vs EMOTIONSPT_CrudePrev","county(n=2299)","corr=0.202","place/city(n=22116)","corr=0.387","magnitude_change","CDC PLACES 2025 release (model-based small-area estimates from BRFSS). CrudePrev = crude prevalence percent. County and place/city releases are independently modeled, not row-matched. Exhaustive pairwise scan across ~38 health variables -- multiple-testing caution applies, same as SSDSE full scan.","yes","yes"
"","US","CHD_CrudePrev vs CHECKUP_CrudePrev","county(n=2956)","corr=0.417","place/city(n=27529)","corr=0.411","similar","CDC PLACES 2025 release (model-based small-area estimates from BRFSS). CrudePrev = crude prevalence percent. County and place/city releases are independently modeled, not row-matched. Exhaustive pairwise scan across ~38 health variables -- multiple-testing caution applies, same as SSDSE full scan.","yes","yes"
"","US","CHD_CrudePrev vs CHOLSCREEN_CrudePrev","county(n=2956)","corr=0.132","place/city(n=27529)","corr=0.112","similar","CDC PLACES 2025 release (model-based small-area estimates from BRFSS). CrudePrev = crude prevalence percent. County and place/city releases are independently modeled, not row-matched. Exhaustive pairwise scan across ~38 health variables -- multiple-testing caution applies, same as SSDSE full scan.","yes","yes"
"","US","CHD_CrudePrev vs COLON_SCREEN_CrudePrev","county(n=2956)","corr=-0.055","place/city(n=27528)","corr=-0.013","magnitude_change","CDC PLACES 2025 release (model-based small-area estimates from BRFSS). CrudePrev = crude prevalence percent. County and place/city releases are independently modeled, not row-matched. Exhaustive pairwise scan across ~38 health variables -- multiple-testing caution applies, same as SSDSE full scan.","yes","yes"
"","US","CHD_CrudePrev vs COPD_CrudePrev","county(n=2956)","corr=0.904","place/city(n=27529)","corr=0.887","similar","CDC PLACES 2025 release (model-based small-area estimates from BRFSS). CrudePrev = crude prevalence percent. County and place/city releases are independently modeled, not row-matched. Exhaustive pairwise scan across ~38 health variables -- multiple-testing caution applies, same as SSDSE full scan.","yes","yes"
"","US","CHD_CrudePrev vs CSMOKING_CrudePrev","county(n=2956)","corr=0.657","place/city(n=27529)","corr=0.559","similar","CDC PLACES 2025 release (model-based small-area estimates from BRFSS). CrudePrev = crude prevalence percent. County and place/city releases are independently modeled, not row-matched. Exhaustive pairwise scan across ~38 health variables -- multiple-testing caution applies, same as SSDSE full scan.","yes","yes"
"","US","CHD_CrudePrev vs DENTAL_CrudePrev","county(n=2956)","corr=-0.32","place/city(n=27529)","corr=-0.364","similar","CDC PLACES 2025 release (model-based small-area estimates from BRFSS). CrudePrev = crude prevalence percent. County and place/city releases are independently modeled, not row-matched. Exhaustive pairwise scan across ~38 health variables -- multiple-testing caution applies, same as SSDSE full scan.","yes","yes"
"","US","CHD_CrudePrev vs DEPRESSION_CrudePrev","county(n=2956)","corr=0.169","place/city(n=27529)","corr=0.132","similar","CDC PLACES 2025 release (model-based small-area estimates from BRFSS). CrudePrev = crude prevalence percent. County and place/city releases are independently modeled, not row-matched. Exhaustive pairwise scan across ~38 health variables -- multiple-testing caution applies, same as SSDSE full scan.","yes","yes"
"","US","CHD_CrudePrev vs DIABETES_CrudePrev","county(n=2956)","corr=0.777","place/city(n=27529)","corr=0.793","similar","CDC PLACES 2025 release (model-based small-area estimates from BRFSS). CrudePrev = crude prevalence percent. County and place/city releases are independently modeled, not row-matched. Exhaustive pairwise scan across ~38 health variables -- multiple-testing caution applies, same as SSDSE full scan.","yes","yes"
"","US","CHD_CrudePrev vs GHLTH_CrudePrev","county(n=2956)","corr=0.647","place/city(n=27529)","corr=0.611","similar","CDC PLACES 2025 release (model-based small-area estimates from BRFSS). CrudePrev = crude prevalence percent. County and place/city releases are independently modeled, not row-matched. Exhaustive pairwise scan across ~38 health variables -- multiple-testing caution applies, same as SSDSE full scan.","yes","yes"
"","US","CHD_CrudePrev vs HIGHCHOL_CrudePrev","county(n=2956)","corr=0.759","place/city(n=27529)","corr=0.738","similar","CDC PLACES 2025 release (model-based small-area estimates from BRFSS). CrudePrev = crude prevalence percent. County and place/city releases are independently modeled, not row-matched. Exhaustive pairwise scan across ~38 health variables -- multiple-testing caution applies, same as SSDSE full scan.","yes","yes"
"","US","CHD_CrudePrev vs LPA_CrudePrev","county(n=2956)","corr=0.643","place/city(n=27529)","corr=0.611","similar","CDC PLACES 2025 release (model-based small-area estimates from BRFSS). CrudePrev = crude prevalence percent. County and place/city releases are independently modeled, not row-matched. Exhaustive pairwise scan across ~38 health variables -- multiple-testing caution applies, same as SSDSE full scan.","yes","yes"
"","US","CHD_CrudePrev vs MAMMOUSE_CrudePrev","county(n=2956)","corr=-0.246","place/city(n=27525)","corr=-0.313","similar","CDC PLACES 2025 release (model-based small-area estimates from BRFSS). CrudePrev = crude prevalence percent. County and place/city releases are independently modeled, not row-matched. Exhaustive pairwise scan across ~38 health variables -- multiple-testing caution applies, same as SSDSE full scan.","yes","yes"
"","US","CHD_CrudePrev vs MHLTH_CrudePrev","county(n=2956)","corr=0.248","place/city(n=27529)","corr=0.144","magnitude_change","CDC PLACES 2025 release (model-based small-area estimates from BRFSS). CrudePrev = crude prevalence percent. County and place/city releases are independently modeled, not row-matched. Exhaustive pairwise scan across ~38 health variables -- multiple-testing caution applies, same as SSDSE full scan.","yes","yes"
"","US","CHD_CrudePrev vs OBESITY_CrudePrev","county(n=2956)","corr=0.477","place/city(n=27529)","corr=0.446","similar","CDC PLACES 2025 release (model-based small-area estimates from BRFSS). CrudePrev = crude prevalence percent. County and place/city releases are independently modeled, not row-matched. Exhaustive pairwise scan across ~38 health variables -- multiple-testing caution applies, same as SSDSE full scan.","yes","yes"
"","US","CHD_CrudePrev vs PHLTH_CrudePrev","county(n=2956)","corr=0.812","place/city(n=27529)","corr=0.773","similar","CDC PLACES 2025 release (model-based small-area estimates from BRFSS). CrudePrev = crude prevalence percent. County and place/city releases are independently modeled, not row-matched. Exhaustive pairwise scan across ~38 health variables -- multiple-testing caution applies, same as SSDSE full scan.","yes","yes"
"","US","CHD_CrudePrev vs SLEEP_CrudePrev","county(n=2956)","corr=0.204","place/city(n=27529)","corr=0.142","magnitude_change","CDC PLACES 2025 release (model-based small-area estimates from BRFSS). CrudePrev = crude prevalence percent. County and place/city releases are independently modeled, not row-matched. Exhaustive pairwise scan across ~38 health variables -- multiple-testing caution applies, same as SSDSE full scan.","yes","yes"
"","US","CHD_CrudePrev vs STROKE_CrudePrev","county(n=2956)","corr=0.903","place/city(n=27529)","corr=0.913","similar","CDC PLACES 2025 release (model-based small-area estimates from BRFSS). CrudePrev = crude prevalence percent. County and place/city releases are independently modeled, not row-matched. Exhaustive pairwise scan across ~38 health variables -- multiple-testing caution applies, same as SSDSE full scan.","yes","yes"
"","US","CHD_CrudePrev vs TEETHLOST_CrudePrev","county(n=2956)","corr=0.529","place/city(n=27520)","corr=0.52","similar","CDC PLACES 2025 release (model-based small-area estimates from BRFSS). CrudePrev = crude prevalence percent. County and place/city releases are independently modeled, not row-matched. Exhaustive pairwise scan across ~38 health variables -- multiple-testing caution applies, same as SSDSE full scan.","yes","yes"
"","US","CHD_CrudePrev vs HEARING_CrudePrev","county(n=2956)","corr=0.879","place/city(n=27529)","corr=0.913","similar","CDC PLACES 2025 release (model-based small-area estimates from BRFSS). CrudePrev = crude prevalence percent. County and place/city releases are independently modeled, not row-matched. Exhaustive pairwise scan across ~38 health variables -- multiple-testing caution applies, same as SSDSE full scan.","yes","yes"
"","US","CHD_CrudePrev vs VISION_CrudePrev","county(n=2956)","corr=0.572","place/city(n=27529)","corr=0.539","similar","CDC PLACES 2025 release (model-based small-area estimates from BRFSS). CrudePrev = crude prevalence percent. County and place/city releases are independently modeled, not row-matched. Exhaustive pairwise scan across ~38 health variables -- multiple-testing caution applies, same as SSDSE full scan.","yes","yes"
"","US","CHD_CrudePrev vs COGNITION_CrudePrev","county(n=2956)","corr=0.44","place/city(n=27529)","corr=0.366","similar","CDC PLACES 2025 release (model-based small-area estimates from BRFSS). CrudePrev = crude prevalence percent. County and place/city releases are independently modeled, not row-matched. Exhaustive pairwise scan across ~38 health variables -- multiple-testing caution applies, same as SSDSE full scan.","yes","yes"
"","US","CHD_CrudePrev vs MOBILITY_CrudePrev","county(n=2956)","corr=0.853","place/city(n=27529)","corr=0.852","similar","CDC PLACES 2025 release (model-based small-area estimates from BRFSS). CrudePrev = crude prevalence percent. County and place/city releases are independently modeled, not row-matched. Exhaustive pairwise scan across ~38 health variables -- multiple-testing caution applies, same as SSDSE full scan.","yes","yes"
"","US","CHD_CrudePrev vs SELFCARE_CrudePrev","county(n=2956)","corr=0.703","place/city(n=27529)","corr=0.674","similar","CDC PLACES 2025 release (model-based small-area estimates from BRFSS). CrudePrev = crude prevalence percent. County and place/city releases are independently modeled, not row-matched. Exhaustive pairwise scan across ~38 health variables -- multiple-testing caution applies, same as SSDSE full scan.","yes","yes"
"","US","CHD_CrudePrev vs INDEPLIVE_CrudePrev","county(n=2956)","corr=0.676","place/city(n=27529)","corr=0.61","similar","CDC PLACES 2025 release (model-based small-area estimates from BRFSS). CrudePrev = crude prevalence percent. County and place/city releases are independently modeled, not row-matched. Exhaustive pairwise scan across ~38 health variables -- multiple-testing caution applies, same as SSDSE full scan.","yes","yes"
"","US","CHD_CrudePrev vs DISABILITY_CrudePrev","county(n=2956)","corr=0.745","place/city(n=27529)","corr=0.736","similar","CDC PLACES 2025 release (model-based small-area estimates from BRFSS). CrudePrev = crude prevalence percent. County and place/city releases are independently modeled, not row-matched. Exhaustive pairwise scan across ~38 health variables -- multiple-testing caution applies, same as SSDSE full scan.","yes","yes"
"","US","CHD_CrudePrev vs LONELINESS_CrudePrev","county(n=2299)","corr=0.004","place/city(n=22116)","corr=-0.053","magnitude_change","CDC PLACES 2025 release (model-based small-area estimates from BRFSS). CrudePrev = crude prevalence percent. County and place/city releases are independently modeled, not row-matched. Exhaustive pairwise scan across ~38 health variables -- multiple-testing caution applies, same as SSDSE full scan.","no","yes"
"","US","CHD_CrudePrev vs FOODSTAMP_CrudePrev","county(n=2299)","corr=0.454","place/city(n=22116)","corr=0.395","similar","CDC PLACES 2025 release (model-based small-area estimates from BRFSS). CrudePrev = crude prevalence percent. County and place/city releases are independently modeled, not row-matched. Exhaustive pairwise scan across ~38 health variables -- multiple-testing caution applies, same as SSDSE full scan.","yes","yes"
"","US","CHD_CrudePrev vs FOODINSECU_CrudePrev","county(n=2299)","corr=0.381","place/city(n=22116)","corr=0.335","similar","CDC PLACES 2025 release (model-based small-area estimates from BRFSS). CrudePrev = crude prevalence percent. County and place/city releases are independently modeled, not row-matched. Exhaustive pairwise scan across ~38 health variables -- multiple-testing caution applies, same as SSDSE full scan.","yes","yes"
"","US","CHD_CrudePrev vs HOUSINSECU_CrudePrev","county(n=2299)","corr=0.256","place/city(n=22116)","corr=0.213","similar","CDC PLACES 2025 release (model-based small-area estimates from BRFSS). CrudePrev = crude prevalence percent. County and place/city releases are independently modeled, not row-matched. Exhaustive pairwise scan across ~38 health variables -- multiple-testing caution applies, same as SSDSE full scan.","yes","yes"
"","US","CHD_CrudePrev vs SHUTUTILITY_CrudePrev","county(n=2299)","corr=0.388","place/city(n=22116)","corr=0.344","similar","CDC PLACES 2025 release (model-based small-area estimates from BRFSS). CrudePrev = crude prevalence percent. County and place/city releases are independently modeled, not row-matched. Exhaustive pairwise scan across ~38 health variables -- multiple-testing caution applies, same as SSDSE full scan.","yes","yes"
"","US","CHD_CrudePrev vs LACKTRPT_CrudePrev","county(n=2299)","corr=0.342","place/city(n=22116)","corr=0.298","similar","CDC PLACES 2025 release (model-based small-area estimates from BRFSS). CrudePrev = crude prevalence percent. County and place/city releases are independently modeled, not row-matched. Exhaustive pairwise scan across ~38 health variables -- multiple-testing caution applies, same as SSDSE full scan.","yes","yes"
"","US","CHD_CrudePrev vs EMOTIONSPT_CrudePrev","county(n=2299)","corr=0.158","place/city(n=22116)","corr=0.126","similar","CDC PLACES 2025 release (model-based small-area estimates from BRFSS). CrudePrev = crude prevalence percent. County and place/city releases are independently modeled, not row-matched. Exhaustive pairwise scan across ~38 health variables -- multiple-testing caution applies, same as SSDSE full scan.","yes","yes"
"","US","CHECKUP_CrudePrev vs CHOLSCREEN_CrudePrev","county(n=2956)","corr=0.65","place/city(n=27529)","corr=0.707","similar","CDC PLACES 2025 release (model-based small-area estimates from BRFSS). CrudePrev = crude prevalence percent. County and place/city releases are independently modeled, not row-matched. Exhaustive pairwise scan across ~38 health variables -- multiple-testing caution applies, same as SSDSE full scan.","yes","yes"
"","US","CHECKUP_CrudePrev vs COLON_SCREEN_CrudePrev","county(n=2956)","corr=0.51","place/city(n=27528)","corr=0.586","similar","CDC PLACES 2025 release (model-based small-area estimates from BRFSS). CrudePrev = crude prevalence percent. County and place/city releases are independently modeled, not row-matched. Exhaustive pairwise scan across ~38 health variables -- multiple-testing caution applies, same as SSDSE full scan.","yes","yes"
"","US","CHECKUP_CrudePrev vs COPD_CrudePrev","county(n=2956)","corr=0.448","place/city(n=27529)","corr=0.321","similar","CDC PLACES 2025 release (model-based small-area estimates from BRFSS). CrudePrev = crude prevalence percent. County and place/city releases are independently modeled, not row-matched. Exhaustive pairwise scan across ~38 health variables -- multiple-testing caution applies, same as SSDSE full scan.","yes","yes"
"","US","CHECKUP_CrudePrev vs CSMOKING_CrudePrev","county(n=2956)","corr=0.23","place/city(n=27529)","corr=-0.034","magnitude_change","CDC PLACES 2025 release (model-based small-area estimates from BRFSS). CrudePrev = crude prevalence percent. County and place/city releases are independently modeled, not row-matched. Exhaustive pairwise scan across ~38 health variables -- multiple-testing caution applies, same as SSDSE full scan.","yes","yes"
"","US","CHECKUP_CrudePrev vs DENTAL_CrudePrev","county(n=2956)","corr=-0.104","place/city(n=27529)","corr=0.111","reversed","CDC PLACES 2025 release (model-based small-area estimates from BRFSS). CrudePrev = crude prevalence percent. County and place/city releases are independently modeled, not row-matched. Exhaustive pairwise scan across ~38 health variables -- multiple-testing caution applies, same as SSDSE full scan.","yes","yes"
"","US","CHECKUP_CrudePrev vs DEPRESSION_CrudePrev","county(n=2956)","corr=0.115","place/city(n=27529)","corr=-0.096","reversed","CDC PLACES 2025 release (model-based small-area estimates from BRFSS). CrudePrev = crude prevalence percent. County and place/city releases are independently modeled, not row-matched. Exhaustive pairwise scan across ~38 health variables -- multiple-testing caution applies, same as SSDSE full scan.","yes","yes"
"","US","CHECKUP_CrudePrev vs DIABETES_CrudePrev","county(n=2956)","corr=0.421","place/city(n=27529)","corr=0.291","magnitude_change","CDC PLACES 2025 release (model-based small-area estimates from BRFSS). CrudePrev = crude prevalence percent. County and place/city releases are independently modeled, not row-matched. Exhaustive pairwise scan across ~38 health variables -- multiple-testing caution applies, same as SSDSE full scan.","yes","yes"
"","US","CHECKUP_CrudePrev vs GHLTH_CrudePrev","county(n=2956)","corr=0.132","place/city(n=27529)","corr=-0.081","reversed","CDC PLACES 2025 release (model-based small-area estimates from BRFSS). CrudePrev = crude prevalence percent. County and place/city releases are independently modeled, not row-matched. Exhaustive pairwise scan across ~38 health variables -- multiple-testing caution applies, same as SSDSE full scan.","yes","yes"
"","US","CHECKUP_CrudePrev vs HIGHCHOL_CrudePrev","county(n=2956)","corr=0.626","place/city(n=27529)","corr=0.657","similar","CDC PLACES 2025 release (model-based small-area estimates from BRFSS). CrudePrev = crude prevalence percent. County and place/city releases are independently modeled, not row-matched. Exhaustive pairwise scan across ~38 health variables -- multiple-testing caution applies, same as SSDSE full scan.","yes","yes"
"","US","CHECKUP_CrudePrev vs LPA_CrudePrev","county(n=2956)","corr=0.287","place/city(n=27529)","corr=0.102","magnitude_change","CDC PLACES 2025 release (model-based small-area estimates from BRFSS). CrudePrev = crude prevalence percent. County and place/city releases are independently modeled, not row-matched. Exhaustive pairwise scan across ~38 health variables -- multiple-testing caution applies, same as SSDSE full scan.","yes","yes"
"","US","CHECKUP_CrudePrev vs MAMMOUSE_CrudePrev","county(n=2956)","corr=0.42","place/city(n=27525)","corr=0.425","similar","CDC PLACES 2025 release (model-based small-area estimates from BRFSS). CrudePrev = crude prevalence percent. County and place/city releases are independently modeled, not row-matched. Exhaustive pairwise scan across ~38 health variables -- multiple-testing caution applies, same as SSDSE full scan.","yes","yes"
"","US","CHECKUP_CrudePrev vs MHLTH_CrudePrev","county(n=2956)","corr=0.076","place/city(n=27529)","corr=-0.274","reversed","CDC PLACES 2025 release (model-based small-area estimates from BRFSS). CrudePrev = crude prevalence percent. County and place/city releases are independently modeled, not row-matched. Exhaustive pairwise scan across ~38 health variables -- multiple-testing caution applies, same as SSDSE full scan.","yes","yes"
"","US","CHECKUP_CrudePrev vs OBESITY_CrudePrev","county(n=2956)","corr=0.341","place/city(n=27529)","corr=0.102","magnitude_change","CDC PLACES 2025 release (model-based small-area estimates from BRFSS). CrudePrev = crude prevalence percent. County and place/city releases are independently modeled, not row-matched. Exhaustive pairwise scan across ~38 health variables -- multiple-testing caution applies, same as SSDSE full scan.","yes","yes"
"","US","CHECKUP_CrudePrev vs PHLTH_CrudePrev","county(n=2956)","corr=0.199","place/city(n=27529)","corr=0.021","magnitude_change","CDC PLACES 2025 release (model-based small-area estimates from BRFSS). CrudePrev = crude prevalence percent. County and place/city releases are independently modeled, not row-matched. Exhaustive pairwise scan across ~38 health variables -- multiple-testing caution applies, same as SSDSE full scan.","yes","yes"
"","US","CHECKUP_CrudePrev vs SLEEP_CrudePrev","county(n=2956)","corr=0.232","place/city(n=27529)","corr=0.018","magnitude_change","CDC PLACES 2025 release (model-based small-area estimates from BRFSS). CrudePrev = crude prevalence percent. County and place/city releases are independently modeled, not row-matched. Exhaustive pairwise scan across ~38 health variables -- multiple-testing caution applies, same as SSDSE full scan.","yes","yes"
"","US","CHECKUP_CrudePrev vs STROKE_CrudePrev","county(n=2956)","corr=0.424","place/city(n=27529)","corr=0.35","similar","CDC PLACES 2025 release (model-based small-area estimates from BRFSS). CrudePrev = crude prevalence percent. County and place/city releases are independently modeled, not row-matched. Exhaustive pairwise scan across ~38 health variables -- multiple-testing caution applies, same as SSDSE full scan.","yes","yes"
"","US","CHECKUP_CrudePrev vs TEETHLOST_CrudePrev","county(n=2956)","corr=0.181","place/city(n=27520)","corr=-0.024","magnitude_change","CDC PLACES 2025 release (model-based small-area estimates from BRFSS). CrudePrev = crude prevalence percent. County and place/city releases are independently modeled, not row-matched. Exhaustive pairwise scan across ~38 health variables -- multiple-testing caution applies, same as SSDSE full scan.","yes","yes"
"","US","CHECKUP_CrudePrev vs HEARING_CrudePrev","county(n=2956)","corr=0.142","place/city(n=27529)","corr=0.203","magnitude_change","CDC PLACES 2025 release (model-based small-area estimates from BRFSS). CrudePrev = crude prevalence percent. County and place/city releases are independently modeled, not row-matched. Exhaustive pairwise scan across ~38 health variables -- multiple-testing caution applies, same as SSDSE full scan.","yes","yes"
"","US","CHECKUP_CrudePrev vs VISION_CrudePrev","county(n=2956)","corr=0.069","place/city(n=27529)","corr=-0.119","reversed","CDC PLACES 2025 release (model-based small-area estimates from BRFSS). CrudePrev = crude prevalence percent. County and place/city releases are independently modeled, not row-matched. Exhaustive pairwise scan across ~38 health variables -- multiple-testing caution applies, same as SSDSE full scan.","yes","yes"
"","US","CHECKUP_CrudePrev vs COGNITION_CrudePrev","county(n=2956)","corr=0.046","place/city(n=27529)","corr=-0.252","magnitude_change","CDC PLACES 2025 release (model-based small-area estimates from BRFSS). CrudePrev = crude prevalence percent. County and place/city releases are independently modeled, not row-matched. Exhaustive pairwise scan across ~38 health variables -- multiple-testing caution applies, same as SSDSE full scan.","yes","yes"
"","US","CHECKUP_CrudePrev vs MOBILITY_CrudePrev","county(n=2956)","corr=0.355","place/city(n=27529)","corr=0.224","magnitude_change","CDC PLACES 2025 release (model-based small-area estimates from BRFSS). CrudePrev = crude prevalence percent. County and place/city releases are independently modeled, not row-matched. Exhaustive pairwise scan across ~38 health variables -- multiple-testing caution applies, same as SSDSE full scan.","yes","yes"
"","US","CHECKUP_CrudePrev vs SELFCARE_CrudePrev","county(n=2956)","corr=0.237","place/city(n=27529)","corr=0.043","magnitude_change","CDC PLACES 2025 release (model-based small-area estimates from BRFSS). CrudePrev = crude prevalence percent. County and place/city releases are independently modeled, not row-matched. Exhaustive pairwise scan across ~38 health variables -- multiple-testing caution applies, same as SSDSE full scan.","yes","yes"
"","US","CHECKUP_CrudePrev vs INDEPLIVE_CrudePrev","county(n=2956)","corr=0.217","place/city(n=27529)","corr=-0.035","magnitude_change","CDC PLACES 2025 release (model-based small-area estimates from BRFSS). CrudePrev = crude prevalence percent. County and place/city releases are independently modeled, not row-matched. Exhaustive pairwise scan across ~38 health variables -- multiple-testing caution applies, same as SSDSE full scan.","yes","yes"
"","US","CHECKUP_CrudePrev vs DISABILITY_CrudePrev","county(n=2956)","corr=0.222","place/city(n=27529)","corr=0.044","magnitude_change","CDC PLACES 2025 release (model-based small-area estimates from BRFSS). CrudePrev = crude prevalence percent. County and place/city releases are independently modeled, not row-matched. Exhaustive pairwise scan across ~38 health variables -- multiple-testing caution applies, same as SSDSE full scan.","yes","yes"
"","US","CHECKUP_CrudePrev vs LONELINESS_CrudePrev","county(n=2299)","corr=0.129","place/city(n=22116)","corr=-0.251","reversed","CDC PLACES 2025 release (model-based small-area estimates from BRFSS). CrudePrev = crude prevalence percent. County and place/city releases are independently modeled, not row-matched. Exhaustive pairwise scan across ~38 health variables -- multiple-testing caution applies, same as SSDSE full scan.","yes","yes"
"","US","CHECKUP_CrudePrev vs FOODSTAMP_CrudePrev","county(n=2299)","corr=0.208","place/city(n=22116)","corr=-0.144","reversed","CDC PLACES 2025 release (model-based small-area estimates from BRFSS). CrudePrev = crude prevalence percent. County and place/city releases are independently modeled, not row-matched. Exhaustive pairwise scan across ~38 health variables -- multiple-testing caution applies, same as SSDSE full scan.","yes","yes"
"","US","CHECKUP_CrudePrev vs FOODINSECU_CrudePrev","county(n=2299)","corr=0.141","place/city(n=22116)","corr=-0.201","reversed","CDC PLACES 2025 release (model-based small-area estimates from BRFSS). CrudePrev = crude prevalence percent. County and place/city releases are independently modeled, not row-matched. Exhaustive pairwise scan across ~38 health variables -- multiple-testing caution applies, same as SSDSE full scan.","yes","yes"
"","US","CHECKUP_CrudePrev vs HOUSINSECU_CrudePrev","county(n=2299)","corr=0.105","place/city(n=22116)","corr=-0.241","reversed","CDC PLACES 2025 release (model-based small-area estimates from BRFSS). CrudePrev = crude prevalence percent. County and place/city releases are independently modeled, not row-matched. Exhaustive pairwise scan across ~38 health variables -- multiple-testing caution applies, same as SSDSE full scan.","yes","yes"
"","US","CHECKUP_CrudePrev vs SHUTUTILITY_CrudePrev","county(n=2299)","corr=0.192","place/city(n=22116)","corr=-0.121","reversed","CDC PLACES 2025 release (model-based small-area estimates from BRFSS). CrudePrev = crude prevalence percent. County and place/city releases are independently modeled, not row-matched. Exhaustive pairwise scan across ~38 health variables -- multiple-testing caution applies, same as SSDSE full scan.","yes","yes"
"","US","CHECKUP_CrudePrev vs LACKTRPT_CrudePrev","county(n=2299)","corr=0.071","place/city(n=22116)","corr=-0.262","reversed","CDC PLACES 2025 release (model-based small-area estimates from BRFSS). CrudePrev = crude prevalence percent. County and place/city releases are independently modeled, not row-matched. Exhaustive pairwise scan across ~38 health variables -- multiple-testing caution applies, same as SSDSE full scan.","yes","yes"
"","US","CHECKUP_CrudePrev vs EMOTIONSPT_CrudePrev","county(n=2299)","corr=0.093","place/city(n=22116)","corr=-0.235","reversed","CDC PLACES 2025 release (model-based small-area estimates from BRFSS). CrudePrev = crude prevalence percent. County and place/city releases are independently modeled, not row-matched. Exhaustive pairwise scan across ~38 health variables -- multiple-testing caution applies, same as SSDSE full scan.","yes","yes"
"","US","CHOLSCREEN_CrudePrev vs COLON_SCREEN_CrudePrev","county(n=2956)","corr=0.658","place/city(n=27528)","corr=0.703","similar","CDC PLACES 2025 release (model-based small-area estimates from BRFSS). CrudePrev = crude prevalence percent. County and place/city releases are independently modeled, not row-matched. Exhaustive pairwise scan across ~38 health variables -- multiple-testing caution applies, same as SSDSE full scan.","yes","yes"
"","US","CHOLSCREEN_CrudePrev vs COPD_CrudePrev","county(n=2956)","corr=-0.005","place/city(n=27529)","corr=-0.13","magnitude_change","CDC PLACES 2025 release (model-based small-area estimates from BRFSS). CrudePrev = crude prevalence percent. County and place/city releases are independently modeled, not row-matched. Exhaustive pairwise scan across ~38 health variables -- multiple-testing caution applies, same as SSDSE full scan.","no","yes"
"","US","CHOLSCREEN_CrudePrev vs CSMOKING_CrudePrev","county(n=2956)","corr=-0.316","place/city(n=27529)","corr=-0.515","magnitude_change","CDC PLACES 2025 release (model-based small-area estimates from BRFSS). CrudePrev = crude prevalence percent. County and place/city releases are independently modeled, not row-matched. Exhaustive pairwise scan across ~38 health variables -- multiple-testing caution applies, same as SSDSE full scan.","yes","yes"
"","US","CHOLSCREEN_CrudePrev vs DENTAL_CrudePrev","county(n=2956)","corr=0.266","place/city(n=27529)","corr=0.494","magnitude_change","CDC PLACES 2025 release (model-based small-area estimates from BRFSS). CrudePrev = crude prevalence percent. County and place/city releases are independently modeled, not row-matched. Exhaustive pairwise scan across ~38 health variables -- multiple-testing caution applies, same as SSDSE full scan.","yes","yes"
"","US","CHOLSCREEN_CrudePrev vs DEPRESSION_CrudePrev","county(n=2956)","corr=-0.082","place/city(n=27529)","corr=-0.321","magnitude_change","CDC PLACES 2025 release (model-based small-area estimates from BRFSS). CrudePrev = crude prevalence percent. County and place/city releases are independently modeled, not row-matched. Exhaustive pairwise scan across ~38 health variables -- multiple-testing caution applies, same as SSDSE full scan.","yes","yes"
"","US","CHOLSCREEN_CrudePrev vs DIABETES_CrudePrev","county(n=2956)","corr=0.011","place/city(n=27529)","corr=-0.083","magnitude_change","CDC PLACES 2025 release (model-based small-area estimates from BRFSS). CrudePrev = crude prevalence percent. County and place/city releases are independently modeled, not row-matched. Exhaustive pairwise scan across ~38 health variables -- multiple-testing caution applies, same as SSDSE full scan.","no","yes"
"","US","CHOLSCREEN_CrudePrev vs GHLTH_CrudePrev","county(n=2956)","corr=-0.301","place/city(n=27529)","corr=-0.469","magnitude_change","CDC PLACES 2025 release (model-based small-area estimates from BRFSS). CrudePrev = crude prevalence percent. County and place/city releases are independently modeled, not row-matched. Exhaustive pairwise scan across ~38 health variables -- multiple-testing caution applies, same as SSDSE full scan.","yes","yes"
"","US","CHOLSCREEN_CrudePrev vs HIGHCHOL_CrudePrev","county(n=2956)","corr=0.462","place/city(n=27529)","corr=0.556","similar","CDC PLACES 2025 release (model-based small-area estimates from BRFSS). CrudePrev = crude prevalence percent. County and place/city releases are independently modeled, not row-matched. Exhaustive pairwise scan across ~38 health variables -- multiple-testing caution applies, same as SSDSE full scan.","yes","yes"
"","US","CHOLSCREEN_CrudePrev vs LPA_CrudePrev","county(n=2956)","corr=-0.231","place/city(n=27529)","corr=-0.38","magnitude_change","CDC PLACES 2025 release (model-based small-area estimates from BRFSS). CrudePrev = crude prevalence percent. County and place/city releases are independently modeled, not row-matched. Exhaustive pairwise scan across ~38 health variables -- multiple-testing caution applies, same as SSDSE full scan.","yes","yes"
"","US","CHOLSCREEN_CrudePrev vs MAMMOUSE_CrudePrev","county(n=2956)","corr=0.505","place/city(n=27525)","corr=0.556","similar","CDC PLACES 2025 release (model-based small-area estimates from BRFSS). CrudePrev = crude prevalence percent. County and place/city releases are independently modeled, not row-matched. Exhaustive pairwise scan across ~38 health variables -- multiple-testing caution applies, same as SSDSE full scan.","yes","yes"
"","US","CHOLSCREEN_CrudePrev vs MHLTH_CrudePrev","county(n=2956)","corr=-0.415","place/city(n=27529)","corr=-0.712","magnitude_change","CDC PLACES 2025 release (model-based small-area estimates from BRFSS). CrudePrev = crude prevalence percent. County and place/city releases are independently modeled, not row-matched. Exhaustive pairwise scan across ~38 health variables -- multiple-testing caution applies, same as SSDSE full scan.","yes","yes"
"","US","CHOLSCREEN_CrudePrev vs OBESITY_CrudePrev","county(n=2956)","corr=-0.199","place/city(n=27529)","corr=-0.374","magnitude_change","CDC PLACES 2025 release (model-based small-area estimates from BRFSS). CrudePrev = crude prevalence percent. County and place/city releases are independently modeled, not row-matched. Exhaustive pairwise scan across ~38 health variables -- multiple-testing caution applies, same as SSDSE full scan.","yes","yes"
"","US","CHOLSCREEN_CrudePrev vs PHLTH_CrudePrev","county(n=2956)","corr=-0.199","place/city(n=27529)","corr=-0.357","magnitude_change","CDC PLACES 2025 release (model-based small-area estimates from BRFSS). CrudePrev = crude prevalence percent. County and place/city releases are independently modeled, not row-matched. Exhaustive pairwise scan across ~38 health variables -- multiple-testing caution applies, same as SSDSE full scan.","yes","yes"
"","US","CHOLSCREEN_CrudePrev vs SLEEP_CrudePrev","county(n=2956)","corr=-0.177","place/city(n=27529)","corr=-0.37","magnitude_change","CDC PLACES 2025 release (model-based small-area estimates from BRFSS). CrudePrev = crude prevalence percent. County and place/city releases are independently modeled, not row-matched. Exhaustive pairwise scan across ~38 health variables -- multiple-testing caution applies, same as SSDSE full scan.","yes","yes"
"","US","CHOLSCREEN_CrudePrev vs STROKE_CrudePrev","county(n=2956)","corr=0.041","place/city(n=27529)","corr=-0.026","magnitude_change","CDC PLACES 2025 release (model-based small-area estimates from BRFSS). CrudePrev = crude prevalence percent. County and place/city releases are independently modeled, not row-matched. Exhaustive pairwise scan across ~38 health variables -- multiple-testing caution applies, same as SSDSE full scan.","yes","yes"
"","US","CHOLSCREEN_CrudePrev vs TEETHLOST_CrudePrev","county(n=2956)","corr=-0.341","place/city(n=27520)","corr=-0.502","magnitude_change","CDC PLACES 2025 release (model-based small-area estimates from BRFSS). CrudePrev = crude prevalence percent. County and place/city releases are independently modeled, not row-matched. Exhaustive pairwise scan across ~38 health variables -- multiple-testing caution applies, same as SSDSE full scan.","yes","yes"
"","US","CHOLSCREEN_CrudePrev vs HEARING_CrudePrev","county(n=2956)","corr=-0.091","place/city(n=27529)","corr=-0.058","magnitude_change","CDC PLACES 2025 release (model-based small-area estimates from BRFSS). CrudePrev = crude prevalence percent. County and place/city releases are independently modeled, not row-matched. Exhaustive pairwise scan across ~38 health variables -- multiple-testing caution applies, same as SSDSE full scan.","yes","yes"
"","US","CHOLSCREEN_CrudePrev vs VISION_CrudePrev","county(n=2956)","corr=-0.345","place/city(n=27529)","corr=-0.485","magnitude_change","CDC PLACES 2025 release (model-based small-area estimates from BRFSS). CrudePrev = crude prevalence percent. County and place/city releases are independently modeled, not row-matched. Exhaustive pairwise scan across ~38 health variables -- multiple-testing caution applies, same as SSDSE full scan.","yes","yes"
"","US","CHOLSCREEN_CrudePrev vs COGNITION_CrudePrev","county(n=2956)","corr=-0.509","place/city(n=27529)","corr=-0.725","magnitude_change","CDC PLACES 2025 release (model-based small-area estimates from BRFSS). CrudePrev = crude prevalence percent. County and place/city releases are independently modeled, not row-matched. Exhaustive pairwise scan across ~38 health variables -- multiple-testing caution applies, same as SSDSE full scan.","yes","yes"
"","US","CHOLSCREEN_CrudePrev vs MOBILITY_CrudePrev","county(n=2956)","corr=-0.083","place/city(n=27529)","corr=-0.183","magnitude_change","CDC PLACES 2025 release (model-based small-area estimates from BRFSS). CrudePrev = crude prevalence percent. County and place/city releases are independently modeled, not row-matched. Exhaustive pairwise scan across ~38 health variables -- multiple-testing caution applies, same as SSDSE full scan.","yes","yes"
"","US","CHOLSCREEN_CrudePrev vs SELFCARE_CrudePrev","county(n=2956)","corr=-0.215","place/city(n=27529)","corr=-0.354","magnitude_change","CDC PLACES 2025 release (model-based small-area estimates from BRFSS). CrudePrev = crude prevalence percent. County and place/city releases are independently modeled, not row-matched. Exhaustive pairwise scan across ~38 health variables -- multiple-testing caution applies, same as SSDSE full scan.","yes","yes"
"","US","CHOLSCREEN_CrudePrev vs INDEPLIVE_CrudePrev","county(n=2956)","corr=-0.325","place/city(n=27529)","corr=-0.528","magnitude_change","CDC PLACES 2025 release (model-based small-area estimates from BRFSS). CrudePrev = crude prevalence percent. County and place/city releases are independently modeled, not row-matched. Exhaustive pairwise scan across ~38 health variables -- multiple-testing caution applies, same as SSDSE full scan.","yes","yes"
"","US","CHOLSCREEN_CrudePrev vs DISABILITY_CrudePrev","county(n=2956)","corr=-0.277","place/city(n=27529)","corr=-0.422","magnitude_change","CDC PLACES 2025 release (model-based small-area estimates from BRFSS). CrudePrev = crude prevalence percent. County and place/city releases are independently modeled, not row-matched. Exhaustive pairwise scan across ~38 health variables -- multiple-testing caution applies, same as SSDSE full scan.","yes","yes"
"","US","CHOLSCREEN_CrudePrev vs LONELINESS_CrudePrev","county(n=2299)","corr=-0.197","place/city(n=22116)","corr=-0.539","magnitude_change","CDC PLACES 2025 release (model-based small-area estimates from BRFSS). CrudePrev = crude prevalence percent. County and place/city releases are independently modeled, not row-matched. Exhaustive pairwise scan across ~38 health variables -- multiple-testing caution applies, same as SSDSE full scan.","yes","yes"
"","US","CHOLSCREEN_CrudePrev vs FOODSTAMP_CrudePrev","county(n=2299)","corr=-0.192","place/city(n=22116)","corr=-0.5","magnitude_change","CDC PLACES 2025 release (model-based small-area estimates from BRFSS). CrudePrev = crude prevalence percent. County and place/city releases are independently modeled, not row-matched. Exhaustive pairwise scan across ~38 health variables -- multiple-testing caution applies, same as SSDSE full scan.","yes","yes"
"","US","CHOLSCREEN_CrudePrev vs FOODINSECU_CrudePrev","county(n=2299)","corr=-0.319","place/city(n=22116)","corr=-0.576","magnitude_change","CDC PLACES 2025 release (model-based small-area estimates from BRFSS). CrudePrev = crude prevalence percent. County and place/city releases are independently modeled, not row-matched. Exhaustive pairwise scan across ~38 health variables -- multiple-testing caution applies, same as SSDSE full scan.","yes","yes"
"","US","CHOLSCREEN_CrudePrev vs HOUSINSECU_CrudePrev","county(n=2299)","corr=-0.305","place/city(n=22116)","corr=-0.559","magnitude_change","CDC PLACES 2025 release (model-based small-area estimates from BRFSS). CrudePrev = crude prevalence percent. County and place/city releases are independently modeled, not row-matched. Exhaustive pairwise scan across ~38 health variables -- multiple-testing caution applies, same as SSDSE full scan.","yes","yes"
"","US","CHOLSCREEN_CrudePrev vs SHUTUTILITY_CrudePrev","county(n=2299)","corr=-0.313","place/city(n=22116)","corr=-0.54","magnitude_change","CDC PLACES 2025 release (model-based small-area estimates from BRFSS). CrudePrev = crude prevalence percent. County and place/city releases are independently modeled, not row-matched. Exhaustive pairwise scan across ~38 health variables -- multiple-testing caution applies, same as SSDSE full scan.","yes","yes"
"","US","CHOLSCREEN_CrudePrev vs LACKTRPT_CrudePrev","county(n=2299)","corr=-0.395","place/city(n=22116)","corr=-0.64","magnitude_change","CDC PLACES 2025 release (model-based small-area estimates from BRFSS). CrudePrev = crude prevalence percent. County and place/city releases are independently modeled, not row-matched. Exhaustive pairwise scan across ~38 health variables -- multiple-testing caution applies, same as SSDSE full scan.","yes","yes"
"","US","CHOLSCREEN_CrudePrev vs EMOTIONSPT_CrudePrev","county(n=2299)","corr=-0.197","place/city(n=22116)","corr=-0.47","magnitude_change","CDC PLACES 2025 release (model-based small-area estimates from BRFSS). CrudePrev = crude prevalence percent. County and place/city releases are independently modeled, not row-matched. Exhaustive pairwise scan across ~38 health variables -- multiple-testing caution applies, same as SSDSE full scan.","yes","yes"
"","US","COLON_SCREEN_CrudePrev vs COPD_CrudePrev","county(n=2956)","corr=-0.151","place/city(n=27528)","corr=-0.197","similar","CDC PLACES 2025 release (model-based small-area estimates from BRFSS). CrudePrev = crude prevalence percent. County and place/city releases are independently modeled, not row-matched. Exhaustive pairwise scan across ~38 health variables -- multiple-testing caution applies, same as SSDSE full scan.","yes","yes"
"","US","COLON_SCREEN_CrudePrev vs CSMOKING_CrudePrev","county(n=2956)","corr=-0.372","place/city(n=27528)","corr=-0.508","magnitude_change","CDC PLACES 2025 release (model-based small-area estimates from BRFSS). CrudePrev = crude prevalence percent. County and place/city releases are independently modeled, not row-matched. Exhaustive pairwise scan across ~38 health variables -- multiple-testing caution applies, same as SSDSE full scan.","yes","yes"
"","US","COLON_SCREEN_CrudePrev vs DENTAL_CrudePrev","county(n=3143)","corr=0.51","place/city(n=29921)","corr=0.626","similar","CDC PLACES 2025 release (model-based small-area estimates from BRFSS). CrudePrev = crude prevalence percent. County and place/city releases are independently modeled, not row-matched. Exhaustive pairwise scan across ~38 health variables -- multiple-testing caution applies, same as SSDSE full scan.","yes","yes"
"","US","COLON_SCREEN_CrudePrev vs DEPRESSION_CrudePrev","county(n=2956)","corr=0.073","place/city(n=27528)","corr=-0.102","reversed","CDC PLACES 2025 release (model-based small-area estimates from BRFSS). CrudePrev = crude prevalence percent. County and place/city releases are independently modeled, not row-matched. Exhaustive pairwise scan across ~38 health variables -- multiple-testing caution applies, same as SSDSE full scan.","yes","yes"
"","US","COLON_SCREEN_CrudePrev vs DIABETES_CrudePrev","county(n=2956)","corr=-0.275","place/city(n=27528)","corr=-0.305","similar","CDC PLACES 2025 release (model-based small-area estimates from BRFSS). CrudePrev = crude prevalence percent. County and place/city releases are independently modeled, not row-matched. Exhaustive pairwise scan across ~38 health variables -- multiple-testing caution applies, same as SSDSE full scan.","yes","yes"
"","US","COLON_SCREEN_CrudePrev vs GHLTH_CrudePrev","county(n=2956)","corr=-0.544","place/city(n=27528)","corr=-0.623","similar","CDC PLACES 2025 release (model-based small-area estimates from BRFSS). CrudePrev = crude prevalence percent. County and place/city releases are independently modeled, not row-matched. Exhaustive pairwise scan across ~38 health variables -- multiple-testing caution applies, same as SSDSE full scan.","yes","yes"
"","US","COLON_SCREEN_CrudePrev vs HIGHCHOL_CrudePrev","county(n=2956)","corr=0.115","place/city(n=27528)","corr=0.27","magnitude_change","CDC PLACES 2025 release (model-based small-area estimates from BRFSS). CrudePrev = crude prevalence percent. County and place/city releases are independently modeled, not row-matched. Exhaustive pairwise scan across ~38 health variables -- multiple-testing caution applies, same as SSDSE full scan.","yes","yes"
"","US","COLON_SCREEN_CrudePrev vs LPA_CrudePrev","county(n=2956)","corr=-0.466","place/city(n=27528)","corr=-0.518","similar","CDC PLACES 2025 release (model-based small-area estimates from BRFSS). CrudePrev = crude prevalence percent. County and place/city releases are independently modeled, not row-matched. Exhaustive pairwise scan across ~38 health variables -- multiple-testing caution applies, same as SSDSE full scan.","yes","yes"
"","US","COLON_SCREEN_CrudePrev vs MAMMOUSE_CrudePrev","county(n=3143)","corr=0.667","place/city(n=29918)","corr=0.673","similar","CDC PLACES 2025 release (model-based small-area estimates from BRFSS). CrudePrev = crude prevalence percent. County and place/city releases are independently modeled, not row-matched. Exhaustive pairwise scan across ~38 health variables -- multiple-testing caution applies, same as SSDSE full scan.","yes","yes"
"","US","COLON_SCREEN_CrudePrev vs MHLTH_CrudePrev","county(n=2956)","corr=-0.386","place/city(n=27528)","corr=-0.579","magnitude_change","CDC PLACES 2025 release (model-based small-area estimates from BRFSS). CrudePrev = crude prevalence percent. County and place/city releases are independently modeled, not row-matched. Exhaustive pairwise scan across ~38 health variables -- multiple-testing caution applies, same as SSDSE full scan.","yes","yes"
"","US","COLON_SCREEN_CrudePrev vs OBESITY_CrudePrev","county(n=2956)","corr=-0.253","place/city(n=27528)","corr=-0.378","magnitude_change","CDC PLACES 2025 release (model-based small-area estimates from BRFSS). CrudePrev = crude prevalence percent. County and place/city releases are independently modeled, not row-matched. Exhaustive pairwise scan across ~38 health variables -- multiple-testing caution applies, same as SSDSE full scan.","yes","yes"
"","US","COLON_SCREEN_CrudePrev vs PHLTH_CrudePrev","county(n=2956)","corr=-0.393","place/city(n=27528)","corr=-0.482","similar","CDC PLACES 2025 release (model-based small-area estimates from BRFSS). CrudePrev = crude prevalence percent. County and place/city releases are independently modeled, not row-matched. Exhaustive pairwise scan across ~38 health variables -- multiple-testing caution applies, same as SSDSE full scan.","yes","yes"
"","US","COLON_SCREEN_CrudePrev vs SLEEP_CrudePrev","county(n=3143)","corr=-0.363","place/city(n=29921)","corr=-0.479","magnitude_change","CDC PLACES 2025 release (model-based small-area estimates from BRFSS). CrudePrev = crude prevalence percent. County and place/city releases are independently modeled, not row-matched. Exhaustive pairwise scan across ~38 health variables -- multiple-testing caution applies, same as SSDSE full scan.","yes","yes"
"","US","COLON_SCREEN_CrudePrev vs STROKE_CrudePrev","county(n=2956)","corr=-0.165","place/city(n=27528)","corr=-0.172","similar","CDC PLACES 2025 release (model-based small-area estimates from BRFSS). CrudePrev = crude prevalence percent. County and place/city releases are independently modeled, not row-matched. Exhaustive pairwise scan across ~38 health variables -- multiple-testing caution applies, same as SSDSE full scan.","yes","yes"
"","US","COLON_SCREEN_CrudePrev vs TEETHLOST_CrudePrev","county(n=3143)","corr=-0.454","place/city(n=29910)","corr=-0.55","similar","CDC PLACES 2025 release (model-based small-area estimates from BRFSS). CrudePrev = crude prevalence percent. County and place/city releases are independently modeled, not row-matched. Exhaustive pairwise scan across ~38 health variables -- multiple-testing caution applies, same as SSDSE full scan.","yes","yes"
"","US","COLON_SCREEN_CrudePrev vs HEARING_CrudePrev","county(n=2956)","corr=-0.181","place/city(n=27528)","corr=-0.115","magnitude_change","CDC PLACES 2025 release (model-based small-area estimates from BRFSS). CrudePrev = crude prevalence percent. County and place/city releases are independently modeled, not row-matched. Exhaustive pairwise scan across ~38 health variables -- multiple-testing caution applies, same as SSDSE full scan.","yes","yes"
"","US","COLON_SCREEN_CrudePrev vs VISION_CrudePrev","county(n=2956)","corr=-0.572","place/city(n=27528)","corr=-0.641","similar","CDC PLACES 2025 release (model-based small-area estimates from BRFSS). CrudePrev = crude prevalence percent. County and place/city releases are independently modeled, not row-matched. Exhaustive pairwise scan across ~38 health variables -- multiple-testing caution applies, same as SSDSE full scan.","yes","yes"
"","US","COLON_SCREEN_CrudePrev vs COGNITION_CrudePrev","county(n=2956)","corr=-0.555","place/city(n=27528)","corr=-0.677","similar","CDC PLACES 2025 release (model-based small-area estimates from BRFSS). CrudePrev = crude prevalence percent. County and place/city releases are independently modeled, not row-matched. Exhaustive pairwise scan across ~38 health variables -- multiple-testing caution applies, same as SSDSE full scan.","yes","yes"
"","US","COLON_SCREEN_CrudePrev vs MOBILITY_CrudePrev","county(n=2956)","corr=-0.34","place/city(n=27528)","corr=-0.361","similar","CDC PLACES 2025 release (model-based small-area estimates from BRFSS). CrudePrev = crude prevalence percent. County and place/city releases are independently modeled, not row-matched. Exhaustive pairwise scan across ~38 health variables -- multiple-testing caution applies, same as SSDSE full scan.","yes","yes"
"","US","COLON_SCREEN_CrudePrev vs SELFCARE_CrudePrev","county(n=2956)","corr=-0.437","place/city(n=27528)","corr=-0.52","similar","CDC PLACES 2025 release (model-based small-area estimates from BRFSS). CrudePrev = crude prevalence percent. County and place/city releases are independently modeled, not row-matched. Exhaustive pairwise scan across ~38 health variables -- multiple-testing caution applies, same as SSDSE full scan.","yes","yes"
"","US","COLON_SCREEN_CrudePrev vs INDEPLIVE_CrudePrev","county(n=2956)","corr=-0.453","place/city(n=27528)","corr=-0.567","similar","CDC PLACES 2025 release (model-based small-area estimates from BRFSS). CrudePrev = crude prevalence percent. County and place/city releases are independently modeled, not row-matched. Exhaustive pairwise scan across ~38 health variables -- multiple-testing caution applies, same as SSDSE full scan.","yes","yes"
"","US","COLON_SCREEN_CrudePrev vs DISABILITY_CrudePrev","county(n=2956)","corr=-0.439","place/city(n=27528)","corr=-0.485","similar","CDC PLACES 2025 release (model-based small-area estimates from BRFSS). CrudePrev = crude prevalence percent. County and place/city releases are independently modeled, not row-matched. Exhaustive pairwise scan across ~38 health variables -- multiple-testing caution applies, same as SSDSE full scan.","yes","yes"
"","US","COLON_SCREEN_CrudePrev vs LONELINESS_CrudePrev","county(n=2299)","corr=-0.332","place/city(n=22115)","corr=-0.533","magnitude_change","CDC PLACES 2025 release (model-based small-area estimates from BRFSS). CrudePrev = crude prevalence percent. County and place/city releases are independently modeled, not row-matched. Exhaustive pairwise scan across ~38 health variables -- multiple-testing caution applies, same as SSDSE full scan.","yes","yes"
"","US","COLON_SCREEN_CrudePrev vs FOODSTAMP_CrudePrev","county(n=2299)","corr=-0.381","place/city(n=22115)","corr=-0.604","magnitude_change","CDC PLACES 2025 release (model-based small-area estimates from BRFSS). CrudePrev = crude prevalence percent. County and place/city releases are independently modeled, not row-matched. Exhaustive pairwise scan across ~38 health variables -- multiple-testing caution applies, same as SSDSE full scan.","yes","yes"
"","US","COLON_SCREEN_CrudePrev vs FOODINSECU_CrudePrev","county(n=2299)","corr=-0.514","place/city(n=22115)","corr=-0.674","magnitude_change","CDC PLACES 2025 release (model-based small-area estimates from BRFSS). CrudePrev = crude prevalence percent. County and place/city releases are independently modeled, not row-matched. Exhaustive pairwise scan across ~38 health variables -- multiple-testing caution applies, same as SSDSE full scan.","yes","yes"
"","US","COLON_SCREEN_CrudePrev vs HOUSINSECU_CrudePrev","county(n=2299)","corr=-0.518","place/city(n=22115)","corr=-0.681","magnitude_change","CDC PLACES 2025 release (model-based small-area estimates from BRFSS). CrudePrev = crude prevalence percent. County and place/city releases are independently modeled, not row-matched. Exhaustive pairwise scan across ~38 health variables -- multiple-testing caution applies, same as SSDSE full scan.","yes","yes"
"","US","COLON_SCREEN_CrudePrev vs SHUTUTILITY_CrudePrev","county(n=2299)","corr=-0.488","place/city(n=22115)","corr=-0.622","similar","CDC PLACES 2025 release (model-based small-area estimates from BRFSS). CrudePrev = crude prevalence percent. County and place/city releases are independently modeled, not row-matched. Exhaustive pairwise scan across ~38 health variables -- multiple-testing caution applies, same as SSDSE full scan.","yes","yes"
"","US","COLON_SCREEN_CrudePrev vs LACKTRPT_CrudePrev","county(n=2299)","corr=-0.528","place/city(n=22115)","corr=-0.683","similar","CDC PLACES 2025 release (model-based small-area estimates from BRFSS). CrudePrev = crude prevalence percent. County and place/city releases are independently modeled, not row-matched. Exhaustive pairwise scan across ~38 health variables -- multiple-testing caution applies, same as SSDSE full scan.","yes","yes"
"","US","COLON_SCREEN_CrudePrev vs EMOTIONSPT_CrudePrev","county(n=2299)","corr=-0.441","place/city(n=22115)","corr=-0.617","magnitude_change","CDC PLACES 2025 release (model-based small-area estimates from BRFSS). CrudePrev = crude prevalence percent. County and place/city releases are independently modeled, not row-matched. Exhaustive pairwise scan across ~38 health variables -- multiple-testing caution applies, same as SSDSE full scan.","yes","yes"
"","US","COPD_CrudePrev vs CSMOKING_CrudePrev","county(n=2956)","corr=0.845","place/city(n=27529)","corr=0.809","similar","CDC PLACES 2025 release (model-based small-area estimates from BRFSS). CrudePrev = crude prevalence percent. County and place/city releases are independently modeled, not row-matched. Exhaustive pairwise scan across ~38 health variables -- multiple-testing caution applies, same as SSDSE full scan.","yes","yes"
"","US","COPD_CrudePrev vs DENTAL_CrudePrev","county(n=2956)","corr=-0.436","place/city(n=27529)","corr=-0.534","similar","CDC PLACES 2025 release (model-based small-area estimates from BRFSS). CrudePrev = crude prevalence percent. County and place/city releases are independently modeled, not row-matched. Exhaustive pairwise scan across ~38 health variables -- multiple-testing caution applies, same as SSDSE full scan.","yes","yes"
"","US","COPD_CrudePrev vs DEPRESSION_CrudePrev","county(n=2956)","corr=0.387","place/city(n=27529)","corr=0.387","similar","CDC PLACES 2025 release (model-based small-area estimates from BRFSS). CrudePrev = crude prevalence percent. County and place/city releases are independently modeled, not row-matched. Exhaustive pairwise scan across ~38 health variables -- multiple-testing caution applies, same as SSDSE full scan.","yes","yes"
"","US","COPD_CrudePrev vs DIABETES_CrudePrev","county(n=2956)","corr=0.788","place/city(n=27529)","corr=0.786","similar","CDC PLACES 2025 release (model-based small-area estimates from BRFSS). CrudePrev = crude prevalence percent. County and place/city releases are independently modeled, not row-matched. Exhaustive pairwise scan across ~38 health variables -- multiple-testing caution applies, same as SSDSE full scan.","yes","yes"
"","US","COPD_CrudePrev vs GHLTH_CrudePrev","county(n=2956)","corr=0.743","place/city(n=27529)","corr=0.729","similar","CDC PLACES 2025 release (model-based small-area estimates from BRFSS). CrudePrev = crude prevalence percent. County and place/city releases are independently modeled, not row-matched. Exhaustive pairwise scan across ~38 health variables -- multiple-testing caution applies, same as SSDSE full scan.","yes","yes"
"","US","COPD_CrudePrev vs HIGHCHOL_CrudePrev","county(n=2956)","corr=0.721","place/city(n=27529)","corr=0.578","similar","CDC PLACES 2025 release (model-based small-area estimates from BRFSS). CrudePrev = crude prevalence percent. County and place/city releases are independently modeled, not row-matched. Exhaustive pairwise scan across ~38 health variables -- multiple-testing caution applies, same as SSDSE full scan.","yes","yes"
"","US","COPD_CrudePrev vs LPA_CrudePrev","county(n=2956)","corr=0.72","place/city(n=27529)","corr=0.724","similar","CDC PLACES 2025 release (model-based small-area estimates from BRFSS). CrudePrev = crude prevalence percent. County and place/city releases are independently modeled, not row-matched. Exhaustive pairwise scan across ~38 health variables -- multiple-testing caution applies, same as SSDSE full scan.","yes","yes"
"","US","COPD_CrudePrev vs MAMMOUSE_CrudePrev","county(n=2956)","corr=-0.296","place/city(n=27525)","corr=-0.436","magnitude_change","CDC PLACES 2025 release (model-based small-area estimates from BRFSS). CrudePrev = crude prevalence percent. County and place/city releases are independently modeled, not row-matched. Exhaustive pairwise scan across ~38 health variables -- multiple-testing caution applies, same as SSDSE full scan.","yes","yes"
"","US","COPD_CrudePrev vs MHLTH_CrudePrev","county(n=2956)","corr=0.567","place/city(n=27529)","corr=0.503","similar","CDC PLACES 2025 release (model-based small-area estimates from BRFSS). CrudePrev = crude prevalence percent. County and place/city releases are independently modeled, not row-matched. Exhaustive pairwise scan across ~38 health variables -- multiple-testing caution applies, same as SSDSE full scan.","yes","yes"
"","US","COPD_CrudePrev vs OBESITY_CrudePrev","county(n=2956)","corr=0.599","place/city(n=27529)","corr=0.623","similar","CDC PLACES 2025 release (model-based small-area estimates from BRFSS). CrudePrev = crude prevalence percent. County and place/city releases are independently modeled, not row-matched. Exhaustive pairwise scan across ~38 health variables -- multiple-testing caution applies, same as SSDSE full scan.","yes","yes"
"","US","COPD_CrudePrev vs PHLTH_CrudePrev","county(n=2956)","corr=0.894","place/city(n=27529)","corr=0.881","similar","CDC PLACES 2025 release (model-based small-area estimates from BRFSS). CrudePrev = crude prevalence percent. County and place/city releases are independently modeled, not row-matched. Exhaustive pairwise scan across ~38 health variables -- multiple-testing caution applies, same as SSDSE full scan.","yes","yes"
"","US","COPD_CrudePrev vs SLEEP_CrudePrev","county(n=2956)","corr=0.422","place/city(n=27529)","corr=0.382","similar","CDC PLACES 2025 release (model-based small-area estimates from BRFSS). CrudePrev = crude prevalence percent. County and place/city releases are independently modeled, not row-matched. Exhaustive pairwise scan across ~38 health variables -- multiple-testing caution applies, same as SSDSE full scan.","yes","yes"
"","US","COPD_CrudePrev vs STROKE_CrudePrev","county(n=2956)","corr=0.87","place/city(n=27529)","corr=0.886","similar","CDC PLACES 2025 release (model-based small-area estimates from BRFSS). CrudePrev = crude prevalence percent. County and place/city releases are independently modeled, not row-matched. Exhaustive pairwise scan across ~38 health variables -- multiple-testing caution applies, same as SSDSE full scan.","yes","yes"
"","US","COPD_CrudePrev vs TEETHLOST_CrudePrev","county(n=2956)","corr=0.683","place/city(n=27520)","corr=0.715","similar","CDC PLACES 2025 release (model-based small-area estimates from BRFSS). CrudePrev = crude prevalence percent. County and place/city releases are independently modeled, not row-matched. Exhaustive pairwise scan across ~38 health variables -- multiple-testing caution applies, same as SSDSE full scan.","yes","yes"
"","US","COPD_CrudePrev vs HEARING_CrudePrev","county(n=2956)","corr=0.757","place/city(n=27529)","corr=0.801","similar","CDC PLACES 2025 release (model-based small-area estimates from BRFSS). CrudePrev = crude prevalence percent. County and place/city releases are independently modeled, not row-matched. Exhaustive pairwise scan across ~38 health variables -- multiple-testing caution applies, same as SSDSE full scan.","yes","yes"
"","US","COPD_CrudePrev vs VISION_CrudePrev","county(n=2956)","corr=0.62","place/city(n=27529)","corr=0.626","similar","CDC PLACES 2025 release (model-based small-area estimates from BRFSS). CrudePrev = crude prevalence percent. County and place/city releases are independently modeled, not row-matched. Exhaustive pairwise scan across ~38 health variables -- multiple-testing caution applies, same as SSDSE full scan.","yes","yes"
"","US","COPD_CrudePrev vs COGNITION_CrudePrev","county(n=2956)","corr=0.668","place/city(n=27529)","corr=0.632","similar","CDC PLACES 2025 release (model-based small-area estimates from BRFSS). CrudePrev = crude prevalence percent. County and place/city releases are independently modeled, not row-matched. Exhaustive pairwise scan across ~38 health variables -- multiple-testing caution applies, same as SSDSE full scan.","yes","yes"
"","US","COPD_CrudePrev vs MOBILITY_CrudePrev","county(n=2956)","corr=0.883","place/city(n=27529)","corr=0.886","similar","CDC PLACES 2025 release (model-based small-area estimates from BRFSS). CrudePrev = crude prevalence percent. County and place/city releases are independently modeled, not row-matched. Exhaustive pairwise scan across ~38 health variables -- multiple-testing caution applies, same as SSDSE full scan.","yes","yes"
"","US","COPD_CrudePrev vs SELFCARE_CrudePrev","county(n=2956)","corr=0.759","place/city(n=27529)","corr=0.768","similar","CDC PLACES 2025 release (model-based small-area estimates from BRFSS). CrudePrev = crude prevalence percent. County and place/city releases are independently modeled, not row-matched. Exhaustive pairwise scan across ~38 health variables -- multiple-testing caution applies, same as SSDSE full scan.","yes","yes"
"","US","COPD_CrudePrev vs INDEPLIVE_CrudePrev","county(n=2956)","corr=0.818","place/city(n=27529)","corr=0.799","similar","CDC PLACES 2025 release (model-based small-area estimates from BRFSS). CrudePrev = crude prevalence percent. County and place/city releases are independently modeled, not row-matched. Exhaustive pairwise scan across ~38 health variables -- multiple-testing caution applies, same as SSDSE full scan.","yes","yes"
"","US","COPD_CrudePrev vs DISABILITY_CrudePrev","county(n=2956)","corr=0.837","place/city(n=27529)","corr=0.841","similar","CDC PLACES 2025 release (model-based small-area estimates from BRFSS). CrudePrev = crude prevalence percent. County and place/city releases are independently modeled, not row-matched. Exhaustive pairwise scan across ~38 health variables -- multiple-testing caution applies, same as SSDSE full scan.","yes","yes"
"","US","COPD_CrudePrev vs LONELINESS_CrudePrev","county(n=2299)","corr=0.219","place/city(n=22116)","corr=0.196","similar","CDC PLACES 2025 release (model-based small-area estimates from BRFSS). CrudePrev = crude prevalence percent. County and place/city releases are independently modeled, not row-matched. Exhaustive pairwise scan across ~38 health variables -- multiple-testing caution applies, same as SSDSE full scan.","yes","yes"
"","US","COPD_CrudePrev vs FOODSTAMP_CrudePrev","county(n=2299)","corr=0.589","place/city(n=22116)","corr=0.58","similar","CDC PLACES 2025 release (model-based small-area estimates from BRFSS). CrudePrev = crude prevalence percent. County and place/city releases are independently modeled, not row-matched. Exhaustive pairwise scan across ~38 health variables -- multiple-testing caution applies, same as SSDSE full scan.","yes","yes"
"","US","COPD_CrudePrev vs FOODINSECU_CrudePrev","county(n=2299)","corr=0.521","place/city(n=22116)","corr=0.52","similar","CDC PLACES 2025 release (model-based small-area estimates from BRFSS). CrudePrev = crude prevalence percent. County and place/city releases are independently modeled, not row-matched. Exhaustive pairwise scan across ~38 health variables -- multiple-testing caution applies, same as SSDSE full scan.","yes","yes"
"","US","COPD_CrudePrev vs HOUSINSECU_CrudePrev","county(n=2299)","corr=0.411","place/city(n=22116)","corr=0.406","similar","CDC PLACES 2025 release (model-based small-area estimates from BRFSS). CrudePrev = crude prevalence percent. County and place/city releases are independently modeled, not row-matched. Exhaustive pairwise scan across ~38 health variables -- multiple-testing caution applies, same as SSDSE full scan.","yes","yes"
"","US","COPD_CrudePrev vs SHUTUTILITY_CrudePrev","county(n=2299)","corr=0.562","place/city(n=22116)","corr=0.56","similar","CDC PLACES 2025 release (model-based small-area estimates from BRFSS). CrudePrev = crude prevalence percent. County and place/city releases are independently modeled, not row-matched. Exhaustive pairwise scan across ~38 health variables -- multiple-testing caution applies, same as SSDSE full scan.","yes","yes"
"","US","COPD_CrudePrev vs LACKTRPT_CrudePrev","county(n=2299)","corr=0.494","place/city(n=22116)","corr=0.498","similar","CDC PLACES 2025 release (model-based small-area estimates from BRFSS). CrudePrev = crude prevalence percent. County and place/city releases are independently modeled, not row-matched. Exhaustive pairwise scan across ~38 health variables -- multiple-testing caution applies, same as SSDSE full scan.","yes","yes"
"","US","COPD_CrudePrev vs EMOTIONSPT_CrudePrev","county(n=2299)","corr=0.283","place/city(n=22116)","corr=0.289","similar","CDC PLACES 2025 release (model-based small-area estimates from BRFSS). CrudePrev = crude prevalence percent. County and place/city releases are independently modeled, not row-matched. Exhaustive pairwise scan across ~38 health variables -- multiple-testing caution applies, same as SSDSE full scan.","yes","yes"
"","US","CSMOKING_CrudePrev vs DENTAL_CrudePrev","county(n=2956)","corr=-0.534","place/city(n=27529)","corr=-0.673","similar","CDC PLACES 2025 release (model-based small-area estimates from BRFSS). CrudePrev = crude prevalence percent. County and place/city releases are independently modeled, not row-matched. Exhaustive pairwise scan across ~38 health variables -- multiple-testing caution applies, same as SSDSE full scan.","yes","yes"
"","US","CSMOKING_CrudePrev vs DEPRESSION_CrudePrev","county(n=2956)","corr=0.363","place/city(n=27529)","corr=0.444","similar","CDC PLACES 2025 release (model-based small-area estimates from BRFSS). CrudePrev = crude prevalence percent. County and place/city releases are independently modeled, not row-matched. Exhaustive pairwise scan across ~38 health variables -- multiple-testing caution applies, same as SSDSE full scan.","yes","yes"
"","US","CSMOKING_CrudePrev vs DIABETES_CrudePrev","county(n=2956)","corr=0.714","place/city(n=27529)","corr=0.662","similar","CDC PLACES 2025 release (model-based small-area estimates from BRFSS). CrudePrev = crude prevalence percent. County and place/city releases are independently modeled, not row-matched. Exhaustive pairwise scan across ~38 health variables -- multiple-testing caution applies, same as SSDSE full scan.","yes","yes"
"","US","CSMOKING_CrudePrev vs GHLTH_CrudePrev","county(n=2956)","corr=0.776","place/city(n=27529)","corr=0.784","similar","CDC PLACES 2025 release (model-based small-area estimates from BRFSS). CrudePrev = crude prevalence percent. County and place/city releases are independently modeled, not row-matched. Exhaustive pairwise scan across ~38 health variables -- multiple-testing caution applies, same as SSDSE full scan.","yes","yes"
"","US","CSMOKING_CrudePrev vs HIGHCHOL_CrudePrev","county(n=2956)","corr=0.45","place/city(n=27529)","corr=0.17","magnitude_change","CDC PLACES 2025 release (model-based small-area estimates from BRFSS). CrudePrev = crude prevalence percent. County and place/city releases are independently modeled, not row-matched. Exhaustive pairwise scan across ~38 health variables -- multiple-testing caution applies, same as SSDSE full scan.","yes","yes"
"","US","CSMOKING_CrudePrev vs LPA_CrudePrev","county(n=2956)","corr=0.781","place/city(n=27529)","corr=0.776","similar","CDC PLACES 2025 release (model-based small-area estimates from BRFSS). CrudePrev = crude prevalence percent. County and place/city releases are independently modeled, not row-matched. Exhaustive pairwise scan across ~38 health variables -- multiple-testing caution applies, same as SSDSE full scan.","yes","yes"
"","US","CSMOKING_CrudePrev vs MAMMOUSE_CrudePrev","county(n=2956)","corr=-0.343","place/city(n=27525)","corr=-0.551","magnitude_change","CDC PLACES 2025 release (model-based small-area estimates from BRFSS). CrudePrev = crude prevalence percent. County and place/city releases are independently modeled, not row-matched. Exhaustive pairwise scan across ~38 health variables -- multiple-testing caution applies, same as SSDSE full scan.","yes","yes"
"","US","CSMOKING_CrudePrev vs MHLTH_CrudePrev","county(n=2956)","corr=0.715","place/city(n=27529)","corr=0.766","similar","CDC PLACES 2025 release (model-based small-area estimates from BRFSS). CrudePrev = crude prevalence percent. County and place/city releases are independently modeled, not row-matched. Exhaustive pairwise scan across ~38 health variables -- multiple-testing caution applies, same as SSDSE full scan.","yes","yes"
"","US","CSMOKING_CrudePrev vs OBESITY_CrudePrev","county(n=2956)","corr=0.722","place/city(n=27529)","corr=0.765","similar","CDC PLACES 2025 release (model-based small-area estimates from BRFSS). CrudePrev = crude prevalence percent. County and place/city releases are independently modeled, not row-matched. Exhaustive pairwise scan across ~38 health variables -- multiple-testing caution applies, same as SSDSE full scan.","yes","yes"
"","US","CSMOKING_CrudePrev vs PHLTH_CrudePrev","county(n=2956)","corr=0.824","place/city(n=27529)","corr=0.835","similar","CDC PLACES 2025 release (model-based small-area estimates from BRFSS). CrudePrev = crude prevalence percent. County and place/city releases are independently modeled, not row-matched. Exhaustive pairwise scan across ~38 health variables -- multiple-testing caution applies, same as SSDSE full scan.","yes","yes"
"","US","CSMOKING_CrudePrev vs SLEEP_CrudePrev","county(n=2956)","corr=0.544","place/city(n=27529)","corr=0.577","similar","CDC PLACES 2025 release (model-based small-area estimates from BRFSS). CrudePrev = crude prevalence percent. County and place/city releases are independently modeled, not row-matched. Exhaustive pairwise scan across ~38 health variables -- multiple-testing caution applies, same as SSDSE full scan.","yes","yes"
"","US","CSMOKING_CrudePrev vs STROKE_CrudePrev","county(n=2956)","corr=0.714","place/city(n=27529)","corr=0.669","similar","CDC PLACES 2025 release (model-based small-area estimates from BRFSS). CrudePrev = crude prevalence percent. County and place/city releases are independently modeled, not row-matched. Exhaustive pairwise scan across ~38 health variables -- multiple-testing caution applies, same as SSDSE full scan.","yes","yes"
"","US","CSMOKING_CrudePrev vs TEETHLOST_CrudePrev","county(n=2956)","corr=0.751","place/city(n=27520)","corr=0.813","similar","CDC PLACES 2025 release (model-based small-area estimates from BRFSS). CrudePrev = crude prevalence percent. County and place/city releases are independently modeled, not row-matched. Exhaustive pairwise scan across ~38 health variables -- multiple-testing caution applies, same as SSDSE full scan.","yes","yes"
"","US","CSMOKING_CrudePrev vs HEARING_CrudePrev","county(n=2956)","corr=0.569","place/city(n=27529)","corr=0.552","similar","CDC PLACES 2025 release (model-based small-area estimates from BRFSS). CrudePrev = crude prevalence percent. County and place/city releases are independently modeled, not row-matched. Exhaustive pairwise scan across ~38 health variables -- multiple-testing caution applies, same as SSDSE full scan.","yes","yes"
"","US","CSMOKING_CrudePrev vs VISION_CrudePrev","county(n=2956)","corr=0.681","place/city(n=27529)","corr=0.709","similar","CDC PLACES 2025 release (model-based small-area estimates from BRFSS). CrudePrev = crude prevalence percent. County and place/city releases are independently modeled, not row-matched. Exhaustive pairwise scan across ~38 health variables -- multiple-testing caution applies, same as SSDSE full scan.","yes","yes"
"","US","CSMOKING_CrudePrev vs COGNITION_CrudePrev","county(n=2956)","corr=0.792","place/city(n=27529)","corr=0.827","similar","CDC PLACES 2025 release (model-based small-area estimates from BRFSS). CrudePrev = crude prevalence percent. County and place/city releases are independently modeled, not row-matched. Exhaustive pairwise scan across ~38 health variables -- multiple-testing caution applies, same as SSDSE full scan.","yes","yes"
"","US","CSMOKING_CrudePrev vs MOBILITY_CrudePrev","county(n=2956)","corr=0.778","place/city(n=27529)","corr=0.747","similar","CDC PLACES 2025 release (model-based small-area estimates from BRFSS). CrudePrev = crude prevalence percent. County and place/city releases are independently modeled, not row-matched. Exhaustive pairwise scan across ~38 health variables -- multiple-testing caution applies, same as SSDSE full scan.","yes","yes"
"","US","CSMOKING_CrudePrev vs SELFCARE_CrudePrev","county(n=2956)","corr=0.753","place/city(n=27529)","corr=0.764","similar","CDC PLACES 2025 release (model-based small-area estimates from BRFSS). CrudePrev = crude prevalence percent. County and place/city releases are independently modeled, not row-matched. Exhaustive pairwise scan across ~38 health variables -- multiple-testing caution applies, same as SSDSE full scan.","yes","yes"
"","US","CSMOKING_CrudePrev vs INDEPLIVE_CrudePrev","county(n=2956)","corr=0.854","place/city(n=27529)","corr=0.866","similar","CDC PLACES 2025 release (model-based small-area estimates from BRFSS). CrudePrev = crude prevalence percent. County and place/city releases are independently modeled, not row-matched. Exhaustive pairwise scan across ~38 health variables -- multiple-testing caution applies, same as SSDSE full scan.","yes","yes"
"","US","CSMOKING_CrudePrev vs DISABILITY_CrudePrev","county(n=2956)","corr=0.81","place/city(n=27529)","corr=0.813","similar","CDC PLACES 2025 release (model-based small-area estimates from BRFSS). CrudePrev = crude prevalence percent. County and place/city releases are independently modeled, not row-matched. Exhaustive pairwise scan across ~38 health variables -- multiple-testing caution applies, same as SSDSE full scan.","yes","yes"
"","US","CSMOKING_CrudePrev vs LONELINESS_CrudePrev","county(n=2299)","corr=0.383","place/city(n=22116)","corr=0.431","similar","CDC PLACES 2025 release (model-based small-area estimates from BRFSS). CrudePrev = crude prevalence percent. County and place/city releases are independently modeled, not row-matched. Exhaustive pairwise scan across ~38 health variables -- multiple-testing caution applies, same as SSDSE full scan.","yes","yes"
"","US","CSMOKING_CrudePrev vs FOODSTAMP_CrudePrev","county(n=2299)","corr=0.674","place/city(n=22116)","corr=0.727","similar","CDC PLACES 2025 release (model-based small-area estimates from BRFSS). CrudePrev = crude prevalence percent. County and place/city releases are independently modeled, not row-matched. Exhaustive pairwise scan across ~38 health variables -- multiple-testing caution applies, same as SSDSE full scan.","yes","yes"
"","US","CSMOKING_CrudePrev vs FOODINSECU_CrudePrev","county(n=2299)","corr=0.66","place/city(n=22116)","corr=0.714","similar","CDC PLACES 2025 release (model-based small-area estimates from BRFSS). CrudePrev = crude prevalence percent. County and place/city releases are independently modeled, not row-matched. Exhaustive pairwise scan across ~38 health variables -- multiple-testing caution applies, same as SSDSE full scan.","yes","yes"
"","US","CSMOKING_CrudePrev vs HOUSINSECU_CrudePrev","county(n=2299)","corr=0.582","place/city(n=22116)","corr=0.644","similar","CDC PLACES 2025 release (model-based small-area estimates from BRFSS). CrudePrev = crude prevalence percent. County and place/city releases are independently modeled, not row-matched. Exhaustive pairwise scan across ~38 health variables -- multiple-testing caution applies, same as SSDSE full scan.","yes","yes"
"","US","CSMOKING_CrudePrev vs SHUTUTILITY_CrudePrev","county(n=2299)","corr=0.706","place/city(n=22116)","corr=0.76","similar","CDC PLACES 2025 release (model-based small-area estimates from BRFSS). CrudePrev = crude prevalence percent. County and place/city releases are independently modeled, not row-matched. Exhaustive pairwise scan across ~38 health variables -- multiple-testing caution applies, same as SSDSE full scan.","yes","yes"
"","US","CSMOKING_CrudePrev vs LACKTRPT_CrudePrev","county(n=2299)","corr=0.67","place/city(n=22116)","corr=0.732","similar","CDC PLACES 2025 release (model-based small-area estimates from BRFSS). CrudePrev = crude prevalence percent. County and place/city releases are independently modeled, not row-matched. Exhaustive pairwise scan across ~38 health variables -- multiple-testing caution applies, same as SSDSE full scan.","yes","yes"
"","US","CSMOKING_CrudePrev vs EMOTIONSPT_CrudePrev","county(n=2299)","corr=0.461","place/city(n=22116)","corr=0.518","similar","CDC PLACES 2025 release (model-based small-area estimates from BRFSS). CrudePrev = crude prevalence percent. County and place/city releases are independently modeled, not row-matched. Exhaustive pairwise scan across ~38 health variables -- multiple-testing caution applies, same as SSDSE full scan.","yes","yes"
"","US","DENTAL_CrudePrev vs DEPRESSION_CrudePrev","county(n=2956)","corr=0.052","place/city(n=27529)","corr=-0.122","reversed","CDC PLACES 2025 release (model-based small-area estimates from BRFSS). CrudePrev = crude prevalence percent. County and place/city releases are independently modeled, not row-matched. Exhaustive pairwise scan across ~38 health variables -- multiple-testing caution applies, same as SSDSE full scan.","yes","yes"
"","US","DENTAL_CrudePrev vs DIABETES_CrudePrev","county(n=2956)","corr=-0.601","place/city(n=27529)","corr=-0.642","similar","CDC PLACES 2025 release (model-based small-area estimates from BRFSS). CrudePrev = crude prevalence percent. County and place/city releases are independently modeled, not row-matched. Exhaustive pairwise scan across ~38 health variables -- multiple-testing caution applies, same as SSDSE full scan.","yes","yes"
"","US","DENTAL_CrudePrev vs GHLTH_CrudePrev","county(n=2956)","corr=-0.688","place/city(n=27529)","corr=-0.79","similar","CDC PLACES 2025 release (model-based small-area estimates from BRFSS). CrudePrev = crude prevalence percent. County and place/city releases are independently modeled, not row-matched. Exhaustive pairwise scan across ~38 health variables -- multiple-testing caution applies, same as SSDSE full scan.","yes","yes"
"","US","DENTAL_CrudePrev vs HIGHCHOL_CrudePrev","county(n=2956)","corr=-0.269","place/city(n=27529)","corr=-0.098","magnitude_change","CDC PLACES 2025 release (model-based small-area estimates from BRFSS). CrudePrev = crude prevalence percent. County and place/city releases are independently modeled, not row-matched. Exhaustive pairwise scan across ~38 health variables -- multiple-testing caution applies, same as SSDSE full scan.","yes","yes"
"","US","DENTAL_CrudePrev vs LPA_CrudePrev","county(n=2956)","corr=-0.689","place/city(n=27529)","corr=-0.772","similar","CDC PLACES 2025 release (model-based small-area estimates from BRFSS). CrudePrev = crude prevalence percent. County and place/city releases are independently modeled, not row-matched. Exhaustive pairwise scan across ~38 health variables -- multiple-testing caution applies, same as SSDSE full scan.","yes","yes"
"","US","DENTAL_CrudePrev vs MAMMOUSE_CrudePrev","county(n=3143)","corr=0.364","place/city(n=29918)","corr=0.534","magnitude_change","CDC PLACES 2025 release (model-based small-area estimates from BRFSS). CrudePrev = crude prevalence percent. County and place/city releases are independently modeled, not row-matched. Exhaustive pairwise scan across ~38 health variables -- multiple-testing caution applies, same as SSDSE full scan.","yes","yes"
"","US","DENTAL_CrudePrev vs MHLTH_CrudePrev","county(n=2956)","corr=-0.467","place/city(n=27529)","corr=-0.62","magnitude_change","CDC PLACES 2025 release (model-based small-area estimates from BRFSS). CrudePrev = crude prevalence percent. County and place/city releases are independently modeled, not row-matched. Exhaustive pairwise scan across ~38 health variables -- multiple-testing caution applies, same as SSDSE full scan.","yes","yes"
"","US","DENTAL_CrudePrev vs OBESITY_CrudePrev","county(n=2956)","corr=-0.47","place/city(n=27529)","corr=-0.599","similar","CDC PLACES 2025 release (model-based small-area estimates from BRFSS). CrudePrev = crude prevalence percent. County and place/city releases are independently modeled, not row-matched. Exhaustive pairwise scan across ~38 health variables -- multiple-testing caution applies, same as SSDSE full scan.","yes","yes"
"","US","DENTAL_CrudePrev vs PHLTH_CrudePrev","county(n=2956)","corr=-0.541","place/city(n=27529)","corr=-0.682","similar","CDC PLACES 2025 release (model-based small-area estimates from BRFSS). CrudePrev = crude prevalence percent. County and place/city releases are independently modeled, not row-matched. Exhaustive pairwise scan across ~38 health variables -- multiple-testing caution applies, same as SSDSE full scan.","yes","yes"
"","US","DENTAL_CrudePrev vs SLEEP_CrudePrev","county(n=3143)","corr=-0.552","place/city(n=29923)","corr=-0.629","similar","CDC PLACES 2025 release (model-based small-area estimates from BRFSS). CrudePrev = crude prevalence percent. County and place/city releases are independently modeled, not row-matched. Exhaustive pairwise scan across ~38 health variables -- multiple-testing caution applies, same as SSDSE full scan.","yes","yes"
"","US","DENTAL_CrudePrev vs STROKE_CrudePrev","county(n=2956)","corr=-0.523","place/city(n=27529)","corr=-0.551","similar","CDC PLACES 2025 release (model-based small-area estimates from BRFSS). CrudePrev = crude prevalence percent. County and place/city releases are independently modeled, not row-matched. Exhaustive pairwise scan across ~38 health variables -- multiple-testing caution applies, same as SSDSE full scan.","yes","yes"
"","US","DENTAL_CrudePrev vs TEETHLOST_CrudePrev","county(n=3143)","corr=-0.612","place/city(n=29910)","corr=-0.74","similar","CDC PLACES 2025 release (model-based small-area estimates from BRFSS). CrudePrev = crude prevalence percent. County and place/city releases are independently modeled, not row-matched. Exhaustive pairwise scan across ~38 health variables -- multiple-testing caution applies, same as SSDSE full scan.","yes","yes"
"","US","DENTAL_CrudePrev vs HEARING_CrudePrev","county(n=2956)","corr=-0.227","place/city(n=27529)","corr=-0.33","magnitude_change","CDC PLACES 2025 release (model-based small-area estimates from BRFSS). CrudePrev = crude prevalence percent. County and place/city releases are independently modeled, not row-matched. Exhaustive pairwise scan across ~38 health variables -- multiple-testing caution applies, same as SSDSE full scan.","yes","yes"
"","US","DENTAL_CrudePrev vs VISION_CrudePrev","county(n=2956)","corr=-0.69","place/city(n=27529)","corr=-0.768","similar","CDC PLACES 2025 release (model-based small-area estimates from BRFSS). CrudePrev = crude prevalence percent. County and place/city releases are independently modeled, not row-matched. Exhaustive pairwise scan across ~38 health variables -- multiple-testing caution applies, same as SSDSE full scan.","yes","yes"
"","US","DENTAL_CrudePrev vs COGNITION_CrudePrev","county(n=2956)","corr=-0.647","place/city(n=27529)","corr=-0.773","similar","CDC PLACES 2025 release (model-based small-area estimates from BRFSS). CrudePrev = crude prevalence percent. County and place/city releases are independently modeled, not row-matched. Exhaustive pairwise scan across ~38 health variables -- multiple-testing caution applies, same as SSDSE full scan.","yes","yes"
"","US","DENTAL_CrudePrev vs MOBILITY_CrudePrev","county(n=2956)","corr=-0.619","place/city(n=27529)","corr=-0.678","similar","CDC PLACES 2025 release (model-based small-area estimates from BRFSS). CrudePrev = crude prevalence percent. County and place/city releases are independently modeled, not row-matched. Exhaustive pairwise scan across ~38 health variables -- multiple-testing caution applies, same as SSDSE full scan.","yes","yes"
"","US","DENTAL_CrudePrev vs SELFCARE_CrudePrev","county(n=2956)","corr=-0.68","place/city(n=27529)","corr=-0.753","similar","CDC PLACES 2025 release (model-based small-area estimates from BRFSS). CrudePrev = crude prevalence percent. County and place/city releases are independently modeled, not row-matched. Exhaustive pairwise scan across ~38 health variables -- multiple-testing caution applies, same as SSDSE full scan.","yes","yes"
"","US","DENTAL_CrudePrev vs INDEPLIVE_CrudePrev","county(n=2956)","corr=-0.659","place/city(n=27529)","corr=-0.773","similar","CDC PLACES 2025 release (model-based small-area estimates from BRFSS). CrudePrev = crude prevalence percent. County and place/city releases are independently modeled, not row-matched. Exhaustive pairwise scan across ~38 health variables -- multiple-testing caution applies, same as SSDSE full scan.","yes","yes"
"","US","DENTAL_CrudePrev vs DISABILITY_CrudePrev","county(n=2956)","corr=-0.631","place/city(n=27529)","corr=-0.736","similar","CDC PLACES 2025 release (model-based small-area estimates from BRFSS). CrudePrev = crude prevalence percent. County and place/city releases are independently modeled, not row-matched. Exhaustive pairwise scan across ~38 health variables -- multiple-testing caution applies, same as SSDSE full scan.","yes","yes"
"","US","DENTAL_CrudePrev vs LONELINESS_CrudePrev","county(n=2299)","corr=-0.522","place/city(n=22116)","corr=-0.579","similar","CDC PLACES 2025 release (model-based small-area estimates from BRFSS). CrudePrev = crude prevalence percent. County and place/city releases are independently modeled, not row-matched. Exhaustive pairwise scan across ~38 health variables -- multiple-testing caution applies, same as SSDSE full scan.","yes","yes"
"","US","DENTAL_CrudePrev vs FOODSTAMP_CrudePrev","county(n=2299)","corr=-0.506","place/city(n=22116)","corr=-0.672","magnitude_change","CDC PLACES 2025 release (model-based small-area estimates from BRFSS). CrudePrev = crude prevalence percent. County and place/city releases are independently modeled, not row-matched. Exhaustive pairwise scan across ~38 health variables -- multiple-testing caution applies, same as SSDSE full scan.","yes","yes"
"","US","DENTAL_CrudePrev vs FOODINSECU_CrudePrev","county(n=2299)","corr=-0.686","place/city(n=22116)","corr=-0.762","similar","CDC PLACES 2025 release (model-based small-area estimates from BRFSS). CrudePrev = crude prevalence percent. County and place/city releases are independently modeled, not row-matched. Exhaustive pairwise scan across ~38 health variables -- multiple-testing caution applies, same as SSDSE full scan.","yes","yes"
"","US","DENTAL_CrudePrev vs HOUSINSECU_CrudePrev","county(n=2299)","corr=-0.661","place/city(n=22116)","corr=-0.731","similar","CDC PLACES 2025 release (model-based small-area estimates from BRFSS). CrudePrev = crude prevalence percent. County and place/city releases are independently modeled, not row-matched. Exhaustive pairwise scan across ~38 health variables -- multiple-testing caution applies, same as SSDSE full scan.","yes","yes"
"","US","DENTAL_CrudePrev vs SHUTUTILITY_CrudePrev","county(n=2299)","corr=-0.658","place/city(n=22116)","corr=-0.741","similar","CDC PLACES 2025 release (model-based small-area estimates from BRFSS). CrudePrev = crude prevalence percent. County and place/city releases are independently modeled, not row-matched. Exhaustive pairwise scan across ~38 health variables -- multiple-testing caution applies, same as SSDSE full scan.","yes","yes"
"","US","DENTAL_CrudePrev vs LACKTRPT_CrudePrev","county(n=2299)","corr=-0.696","place/city(n=22116)","corr=-0.754","similar","CDC PLACES 2025 release (model-based small-area estimates from BRFSS). CrudePrev = crude prevalence percent. County and place/city releases are independently modeled, not row-matched. Exhaustive pairwise scan across ~38 health variables -- multiple-testing caution applies, same as SSDSE full scan.","yes","yes"
"","US","DENTAL_CrudePrev vs EMOTIONSPT_CrudePrev","county(n=2299)","corr=-0.649","place/city(n=22116)","corr=-0.675","similar","CDC PLACES 2025 release (model-based small-area estimates from BRFSS). CrudePrev = crude prevalence percent. County and place/city releases are independently modeled, not row-matched. Exhaustive pairwise scan across ~38 health variables -- multiple-testing caution applies, same as SSDSE full scan.","yes","yes"
"","US","DEPRESSION_CrudePrev vs DIABETES_CrudePrev","county(n=2956)","corr=0.071","place/city(n=27529)","corr=0.052","similar","CDC PLACES 2025 release (model-based small-area estimates from BRFSS). CrudePrev = crude prevalence percent. County and place/city releases are independently modeled, not row-matched. Exhaustive pairwise scan across ~38 health variables -- multiple-testing caution applies, same as SSDSE full scan.","yes","yes"
"","US","DEPRESSION_CrudePrev vs GHLTH_CrudePrev","county(n=2956)","corr=0.192","place/city(n=27529)","corr=0.219","similar","CDC PLACES 2025 release (model-based small-area estimates from BRFSS). CrudePrev = crude prevalence percent. County and place/city releases are independently modeled, not row-matched. Exhaustive pairwise scan across ~38 health variables -- multiple-testing caution applies, same as SSDSE full scan.","yes","yes"
"","US","DEPRESSION_CrudePrev vs HIGHCHOL_CrudePrev","county(n=2956)","corr=0.151","place/city(n=27529)","corr=-0.08","reversed","CDC PLACES 2025 release (model-based small-area estimates from BRFSS). CrudePrev = crude prevalence percent. County and place/city releases are independently modeled, not row-matched. Exhaustive pairwise scan across ~38 health variables -- multiple-testing caution applies, same as SSDSE full scan.","yes","yes"
"","US","DEPRESSION_CrudePrev vs LPA_CrudePrev","county(n=2956)","corr=0.078","place/city(n=27529)","corr=0.161","magnitude_change","CDC PLACES 2025 release (model-based small-area estimates from BRFSS). CrudePrev = crude prevalence percent. County and place/city releases are independently modeled, not row-matched. Exhaustive pairwise scan across ~38 health variables -- multiple-testing caution applies, same as SSDSE full scan.","yes","yes"
"","US","DEPRESSION_CrudePrev vs MAMMOUSE_CrudePrev","county(n=2956)","corr=-0.047","place/city(n=27525)","corr=-0.194","magnitude_change","CDC PLACES 2025 release (model-based small-area estimates from BRFSS). CrudePrev = crude prevalence percent. County and place/city releases are independently modeled, not row-matched. Exhaustive pairwise scan across ~38 health variables -- multiple-testing caution applies, same as SSDSE full scan.","yes","yes"
"","US","DEPRESSION_CrudePrev vs MHLTH_CrudePrev","county(n=2956)","corr=0.632","place/city(n=27529)","corr=0.641","similar","CDC PLACES 2025 release (model-based small-area estimates from BRFSS). CrudePrev = crude prevalence percent. County and place/city releases are independently modeled, not row-matched. Exhaustive pairwise scan across ~38 health variables -- multiple-testing caution applies, same as SSDSE full scan.","yes","yes"
"","US","DEPRESSION_CrudePrev vs OBESITY_CrudePrev","county(n=2956)","corr=0.171","place/city(n=27529)","corr=0.315","magnitude_change","CDC PLACES 2025 release (model-based small-area estimates from BRFSS). CrudePrev = crude prevalence percent. County and place/city releases are independently modeled, not row-matched. Exhaustive pairwise scan across ~38 health variables -- multiple-testing caution applies, same as SSDSE full scan.","yes","yes"
"","US","DEPRESSION_CrudePrev vs PHLTH_CrudePrev","county(n=2956)","corr=0.336","place/city(n=27529)","corr=0.338","similar","CDC PLACES 2025 release (model-based small-area estimates from BRFSS). CrudePrev = crude prevalence percent. County and place/city releases are independently modeled, not row-matched. Exhaustive pairwise scan across ~38 health variables -- multiple-testing caution applies, same as SSDSE full scan.","yes","yes"
"","US","DEPRESSION_CrudePrev vs SLEEP_CrudePrev","county(n=2956)","corr=0.178","place/city(n=27529)","corr=0.139","similar","CDC PLACES 2025 release (model-based small-area estimates from BRFSS). CrudePrev = crude prevalence percent. County and place/city releases are independently modeled, not row-matched. Exhaustive pairwise scan across ~38 health variables -- multiple-testing caution applies, same as SSDSE full scan.","yes","yes"
"","US","DEPRESSION_CrudePrev vs STROKE_CrudePrev","county(n=2956)","corr=0.067","place/city(n=27529)","corr=0.091","magnitude_change","CDC PLACES 2025 release (model-based small-area estimates from BRFSS). CrudePrev = crude prevalence percent. County and place/city releases are independently modeled, not row-matched. Exhaustive pairwise scan across ~38 health variables -- multiple-testing caution applies, same as SSDSE full scan.","yes","yes"
"","US","DEPRESSION_CrudePrev vs TEETHLOST_CrudePrev","county(n=2956)","corr=0.216","place/city(n=27520)","corr=0.3","magnitude_change","CDC PLACES 2025 release (model-based small-area estimates from BRFSS). CrudePrev = crude prevalence percent. County and place/city releases are independently modeled, not row-matched. Exhaustive pairwise scan across ~38 health variables -- multiple-testing caution applies, same as SSDSE full scan.","yes","yes"
"","US","DEPRESSION_CrudePrev vs HEARING_CrudePrev","county(n=2956)","corr=0.159","place/city(n=27529)","corr=0.184","similar","CDC PLACES 2025 release (model-based small-area estimates from BRFSS). CrudePrev = crude prevalence percent. County and place/city releases are independently modeled, not row-matched. Exhaustive pairwise scan across ~38 health variables -- multiple-testing caution applies, same as SSDSE full scan.","yes","yes"
"","US","DEPRESSION_CrudePrev vs VISION_CrudePrev","county(n=2956)","corr=0.01","place/city(n=27529)","corr=0.078","magnitude_change","CDC PLACES 2025 release (model-based small-area estimates from BRFSS). CrudePrev = crude prevalence percent. County and place/city releases are independently modeled, not row-matched. Exhaustive pairwise scan across ~38 health variables -- multiple-testing caution applies, same as SSDSE full scan.","no","yes"
"","US","DEPRESSION_CrudePrev vs COGNITION_CrudePrev","county(n=2956)","corr=0.45","place/city(n=27529)","corr=0.494","similar","CDC PLACES 2025 release (model-based small-area estimates from BRFSS). CrudePrev = crude prevalence percent. County and place/city releases are independently modeled, not row-matched. Exhaustive pairwise scan across ~38 health variables -- multiple-testing caution applies, same as SSDSE full scan.","yes","yes"
"","US","DEPRESSION_CrudePrev vs MOBILITY_CrudePrev","county(n=2956)","corr=0.184","place/city(n=27529)","corr=0.192","similar","CDC PLACES 2025 release (model-based small-area estimates from BRFSS). CrudePrev = crude prevalence percent. County and place/city releases are independently modeled, not row-matched. Exhaustive pairwise scan across ~38 health variables -- multiple-testing caution applies, same as SSDSE full scan.","yes","yes"
"","US","DEPRESSION_CrudePrev vs SELFCARE_CrudePrev","county(n=2956)","corr=0.07","place/city(n=27529)","corr=0.136","magnitude_change","CDC PLACES 2025 release (model-based small-area estimates from BRFSS). CrudePrev = crude prevalence percent. County and place/city releases are independently modeled, not row-matched. Exhaustive pairwise scan across ~38 health variables -- multiple-testing caution applies, same as SSDSE full scan.","yes","yes"
"","US","DEPRESSION_CrudePrev vs INDEPLIVE_CrudePrev","county(n=2956)","corr=0.282","place/city(n=27529)","corr=0.345","similar","CDC PLACES 2025 release (model-based small-area estimates from BRFSS). CrudePrev = crude prevalence percent. County and place/city releases are independently modeled, not row-matched. Exhaustive pairwise scan across ~38 health variables -- multiple-testing caution applies, same as SSDSE full scan.","yes","yes"
"","US","DEPRESSION_CrudePrev vs DISABILITY_CrudePrev","county(n=2956)","corr=0.338","place/city(n=27529)","corr=0.362","similar","CDC PLACES 2025 release (model-based small-area estimates from BRFSS). CrudePrev = crude prevalence percent. County and place/city releases are independently modeled, not row-matched. Exhaustive pairwise scan across ~38 health variables -- multiple-testing caution applies, same as SSDSE full scan.","yes","yes"
"","US","DEPRESSION_CrudePrev vs LONELINESS_CrudePrev","county(n=2299)","corr=0.11","place/city(n=22116)","corr=0.245","magnitude_change","CDC PLACES 2025 release (model-based small-area estimates from BRFSS). CrudePrev = crude prevalence percent. County and place/city releases are independently modeled, not row-matched. Exhaustive pairwise scan across ~38 health variables -- multiple-testing caution applies, same as SSDSE full scan.","yes","yes"
"","US","DEPRESSION_CrudePrev vs FOODSTAMP_CrudePrev","county(n=2299)","corr=0.167","place/city(n=22116)","corr=0.233","magnitude_change","CDC PLACES 2025 release (model-based small-area estimates from BRFSS). CrudePrev = crude prevalence percent. County and place/city releases are independently modeled, not row-matched. Exhaustive pairwise scan across ~38 health variables -- multiple-testing caution applies, same as SSDSE full scan.","yes","yes"
"","US","DEPRESSION_CrudePrev vs FOODINSECU_CrudePrev","county(n=2299)","corr=0.024","place/city(n=22116)","corr=0.145","magnitude_change","CDC PLACES 2025 release (model-based small-area estimates from BRFSS). CrudePrev = crude prevalence percent. County and place/city releases are independently modeled, not row-matched. Exhaustive pairwise scan across ~38 health variables -- multiple-testing caution applies, same as SSDSE full scan.","no","yes"
"","US","DEPRESSION_CrudePrev vs HOUSINSECU_CrudePrev","county(n=2299)","corr=-0.023","place/city(n=22116)","corr=0.096","magnitude_change","CDC PLACES 2025 release (model-based small-area estimates from BRFSS). CrudePrev = crude prevalence percent. County and place/city releases are independently modeled, not row-matched. Exhaustive pairwise scan across ~38 health variables -- multiple-testing caution applies, same as SSDSE full scan.","no","yes"
"","US","DEPRESSION_CrudePrev vs SHUTUTILITY_CrudePrev","county(n=2299)","corr=0.121","place/city(n=22116)","corr=0.218","magnitude_change","CDC PLACES 2025 release (model-based small-area estimates from BRFSS). CrudePrev = crude prevalence percent. County and place/city releases are independently modeled, not row-matched. Exhaustive pairwise scan across ~38 health variables -- multiple-testing caution applies, same as SSDSE full scan.","yes","yes"
"","US","DEPRESSION_CrudePrev vs LACKTRPT_CrudePrev","county(n=2299)","corr=0.052","place/city(n=22116)","corr=0.185","magnitude_change","CDC PLACES 2025 release (model-based small-area estimates from BRFSS). CrudePrev = crude prevalence percent. County and place/city releases are independently modeled, not row-matched. Exhaustive pairwise scan across ~38 health variables -- multiple-testing caution applies, same as SSDSE full scan.","yes","yes"
"","US","DEPRESSION_CrudePrev vs EMOTIONSPT_CrudePrev","county(n=2299)","corr=-0.096","place/city(n=22116)","corr=-0.012","magnitude_change","CDC PLACES 2025 release (model-based small-area estimates from BRFSS). CrudePrev = crude prevalence percent. County and place/city releases are independently modeled, not row-matched. Exhaustive pairwise scan across ~38 health variables -- multiple-testing caution applies, same as SSDSE full scan.","yes","no"
"","US","DIABETES_CrudePrev vs GHLTH_CrudePrev","county(n=2956)","corr=0.894","place/city(n=27529)","corr=0.869","similar","CDC PLACES 2025 release (model-based small-area estimates from BRFSS). CrudePrev = crude prevalence percent. County and place/city releases are independently modeled, not row-matched. Exhaustive pairwise scan across ~38 health variables -- multiple-testing caution applies, same as SSDSE full scan.","yes","yes"
"","US","DIABETES_CrudePrev vs HIGHCHOL_CrudePrev","county(n=2956)","corr=0.677","place/city(n=27529)","corr=0.568","similar","CDC PLACES 2025 release (model-based small-area estimates from BRFSS). CrudePrev = crude prevalence percent. County and place/city releases are independently modeled, not row-matched. Exhaustive pairwise scan across ~38 health variables -- multiple-testing caution applies, same as SSDSE full scan.","yes","yes"
"","US","DIABETES_CrudePrev vs LPA_CrudePrev","county(n=2956)","corr=0.853","place/city(n=27529)","corr=0.84","similar","CDC PLACES 2025 release (model-based small-area estimates from BRFSS). CrudePrev = crude prevalence percent. County and place/city releases are independently modeled, not row-matched. Exhaustive pairwise scan across ~38 health variables -- multiple-testing caution applies, same as SSDSE full scan.","yes","yes"
"","US","DIABETES_CrudePrev vs MAMMOUSE_CrudePrev","county(n=2956)","corr=-0.206","place/city(n=27525)","corr=-0.341","magnitude_change","CDC PLACES 2025 release (model-based small-area estimates from BRFSS). CrudePrev = crude prevalence percent. County and place/city releases are independently modeled, not row-matched. Exhaustive pairwise scan across ~38 health variables -- multiple-testing caution applies, same as SSDSE full scan.","yes","yes"
"","US","DIABETES_CrudePrev vs MHLTH_CrudePrev","county(n=2956)","corr=0.476","place/city(n=27529)","corr=0.361","similar","CDC PLACES 2025 release (model-based small-area estimates from BRFSS). CrudePrev = crude prevalence percent. County and place/city releases are independently modeled, not row-matched. Exhaustive pairwise scan across ~38 health variables -- multiple-testing caution applies, same as SSDSE full scan.","yes","yes"
"","US","DIABETES_CrudePrev vs OBESITY_CrudePrev","county(n=2956)","corr=0.67","place/city(n=27529)","corr=0.664","similar","CDC PLACES 2025 release (model-based small-area estimates from BRFSS). CrudePrev = crude prevalence percent. County and place/city releases are independently modeled, not row-matched. Exhaustive pairwise scan across ~38 health variables -- multiple-testing caution applies, same as SSDSE full scan.","yes","yes"
"","US","DIABETES_CrudePrev vs PHLTH_CrudePrev","county(n=2956)","corr=0.848","place/city(n=27529)","corr=0.85","similar","CDC PLACES 2025 release (model-based small-area estimates from BRFSS). CrudePrev = crude prevalence percent. County and place/city releases are independently modeled, not row-matched. Exhaustive pairwise scan across ~38 health variables -- multiple-testing caution applies, same as SSDSE full scan.","yes","yes"
"","US","DIABETES_CrudePrev vs SLEEP_CrudePrev","county(n=2956)","corr=0.591","place/city(n=27529)","corr=0.518","similar","CDC PLACES 2025 release (model-based small-area estimates from BRFSS). CrudePrev = crude prevalence percent. County and place/city releases are independently modeled, not row-matched. Exhaustive pairwise scan across ~38 health variables -- multiple-testing caution applies, same as SSDSE full scan.","yes","yes"
"","US","DIABETES_CrudePrev vs STROKE_CrudePrev","county(n=2956)","corr=0.915","place/city(n=27529)","corr=0.917","similar","CDC PLACES 2025 release (model-based small-area estimates from BRFSS). CrudePrev = crude prevalence percent. County and place/city releases are independently modeled, not row-matched. Exhaustive pairwise scan across ~38 health variables -- multiple-testing caution applies, same as SSDSE full scan.","yes","yes"
"","US","DIABETES_CrudePrev vs TEETHLOST_CrudePrev","county(n=2956)","corr=0.716","place/city(n=27520)","corr=0.698","similar","CDC PLACES 2025 release (model-based small-area estimates from BRFSS). CrudePrev = crude prevalence percent. County and place/city releases are independently modeled, not row-matched. Exhaustive pairwise scan across ~38 health variables -- multiple-testing caution applies, same as SSDSE full scan.","yes","yes"
"","US","DIABETES_CrudePrev vs HEARING_CrudePrev","county(n=2956)","corr=0.538","place/city(n=27529)","corr=0.638","similar","CDC PLACES 2025 release (model-based small-area estimates from BRFSS). CrudePrev = crude prevalence percent. County and place/city releases are independently modeled, not row-matched. Exhaustive pairwise scan across ~38 health variables -- multiple-testing caution applies, same as SSDSE full scan.","yes","yes"
"","US","DIABETES_CrudePrev vs VISION_CrudePrev","county(n=2956)","corr=0.862","place/city(n=27529)","corr=0.836","similar","CDC PLACES 2025 release (model-based small-area estimates from BRFSS). CrudePrev = crude prevalence percent. County and place/city releases are independently modeled, not row-matched. Exhaustive pairwise scan across ~38 health variables -- multiple-testing caution applies, same as SSDSE full scan.","yes","yes"
"","US","DIABETES_CrudePrev vs COGNITION_CrudePrev","county(n=2956)","corr=0.659","place/city(n=27529)","corr=0.596","similar","CDC PLACES 2025 release (model-based small-area estimates from BRFSS). CrudePrev = crude prevalence percent. County and place/city releases are independently modeled, not row-matched. Exhaustive pairwise scan across ~38 health variables -- multiple-testing caution applies, same as SSDSE full scan.","yes","yes"
"","US","DIABETES_CrudePrev vs MOBILITY_CrudePrev","county(n=2956)","corr=0.937","place/city(n=27529)","corr=0.941","similar","CDC PLACES 2025 release (model-based small-area estimates from BRFSS). CrudePrev = crude prevalence percent. County and place/city releases are independently modeled, not row-matched. Exhaustive pairwise scan across ~38 health variables -- multiple-testing caution applies, same as SSDSE full scan.","yes","yes"
"","US","DIABETES_CrudePrev vs SELFCARE_CrudePrev","county(n=2956)","corr=0.929","place/city(n=27529)","corr=0.91","similar","CDC PLACES 2025 release (model-based small-area estimates from BRFSS). CrudePrev = crude prevalence percent. County and place/city releases are independently modeled, not row-matched. Exhaustive pairwise scan across ~38 health variables -- multiple-testing caution applies, same as SSDSE full scan.","yes","yes"
"","US","DIABETES_CrudePrev vs INDEPLIVE_CrudePrev","county(n=2956)","corr=0.864","place/city(n=27529)","corr=0.802","similar","CDC PLACES 2025 release (model-based small-area estimates from BRFSS). CrudePrev = crude prevalence percent. County and place/city releases are independently modeled, not row-matched. Exhaustive pairwise scan across ~38 health variables -- multiple-testing caution applies, same as SSDSE full scan.","yes","yes"
"","US","DIABETES_CrudePrev vs DISABILITY_CrudePrev","county(n=2956)","corr=0.827","place/city(n=27529)","corr=0.83","similar","CDC PLACES 2025 release (model-based small-area estimates from BRFSS). CrudePrev = crude prevalence percent. County and place/city releases are independently modeled, not row-matched. Exhaustive pairwise scan across ~38 health variables -- multiple-testing caution applies, same as SSDSE full scan.","yes","yes"
"","US","DIABETES_CrudePrev vs LONELINESS_CrudePrev","county(n=2299)","corr=0.463","place/city(n=22116)","corr=0.331","similar","CDC PLACES 2025 release (model-based small-area estimates from BRFSS). CrudePrev = crude prevalence percent. County and place/city releases are independently modeled, not row-matched. Exhaustive pairwise scan across ~38 health variables -- multiple-testing caution applies, same as SSDSE full scan.","yes","yes"
"","US","DIABETES_CrudePrev vs FOODSTAMP_CrudePrev","county(n=2299)","corr=0.763","place/city(n=22116)","corr=0.708","similar","CDC PLACES 2025 release (model-based small-area estimates from BRFSS). CrudePrev = crude prevalence percent. County and place/city releases are independently modeled, not row-matched. Exhaustive pairwise scan across ~38 health variables -- multiple-testing caution applies, same as SSDSE full scan.","yes","yes"
"","US","DIABETES_CrudePrev vs FOODINSECU_CrudePrev","county(n=2299)","corr=0.772","place/city(n=22116)","corr=0.707","similar","CDC PLACES 2025 release (model-based small-area estimates from BRFSS). CrudePrev = crude prevalence percent. County and place/city releases are independently modeled, not row-matched. Exhaustive pairwise scan across ~38 health variables -- multiple-testing caution applies, same as SSDSE full scan.","yes","yes"
"","US","DIABETES_CrudePrev vs HOUSINSECU_CrudePrev","county(n=2299)","corr=0.697","place/city(n=22116)","corr=0.63","similar","CDC PLACES 2025 release (model-based small-area estimates from BRFSS). CrudePrev = crude prevalence percent. County and place/city releases are independently modeled, not row-matched. Exhaustive pairwise scan across ~38 health variables -- multiple-testing caution applies, same as SSDSE full scan.","yes","yes"
"","US","DIABETES_CrudePrev vs SHUTUTILITY_CrudePrev","county(n=2299)","corr=0.768","place/city(n=22116)","corr=0.712","similar","CDC PLACES 2025 release (model-based small-area estimates from BRFSS). CrudePrev = crude prevalence percent. County and place/city releases are independently modeled, not row-matched. Exhaustive pairwise scan across ~38 health variables -- multiple-testing caution applies, same as SSDSE full scan.","yes","yes"
"","US","DIABETES_CrudePrev vs LACKTRPT_CrudePrev","county(n=2299)","corr=0.716","place/city(n=22116)","corr=0.643","similar","CDC PLACES 2025 release (model-based small-area estimates from BRFSS). CrudePrev = crude prevalence percent. County and place/city releases are independently modeled, not row-matched. Exhaustive pairwise scan across ~38 health variables -- multiple-testing caution applies, same as SSDSE full scan.","yes","yes"
"","US","DIABETES_CrudePrev vs EMOTIONSPT_CrudePrev","county(n=2299)","corr=0.551","place/city(n=22116)","corr=0.504","similar","CDC PLACES 2025 release (model-based small-area estimates from BRFSS). CrudePrev = crude prevalence percent. County and place/city releases are independently modeled, not row-matched. Exhaustive pairwise scan across ~38 health variables -- multiple-testing caution applies, same as SSDSE full scan.","yes","yes"
"","US","GHLTH_CrudePrev vs HIGHCHOL_CrudePrev","county(n=2956)","corr=0.497","place/city(n=27529)","corr=0.272","magnitude_change","CDC PLACES 2025 release (model-based small-area estimates from BRFSS). CrudePrev = crude prevalence percent. County and place/city releases are independently modeled, not row-matched. Exhaustive pairwise scan across ~38 health variables -- multiple-testing caution applies, same as SSDSE full scan.","yes","yes"
"","US","GHLTH_CrudePrev vs LPA_CrudePrev","county(n=2956)","corr=0.887","place/city(n=27529)","corr=0.906","similar","CDC PLACES 2025 release (model-based small-area estimates from BRFSS). CrudePrev = crude prevalence percent. County and place/city releases are independently modeled, not row-matched. Exhaustive pairwise scan across ~38 health variables -- multiple-testing caution applies, same as SSDSE full scan.","yes","yes"
"","US","GHLTH_CrudePrev vs MAMMOUSE_CrudePrev","county(n=2956)","corr=-0.406","place/city(n=27525)","corr=-0.55","magnitude_change","CDC PLACES 2025 release (model-based small-area estimates from BRFSS). CrudePrev = crude prevalence percent. County and place/city releases are independently modeled, not row-matched. Exhaustive pairwise scan across ~38 health variables -- multiple-testing caution applies, same as SSDSE full scan.","yes","yes"
"","US","GHLTH_CrudePrev vs MHLTH_CrudePrev","county(n=2956)","corr=0.687","place/city(n=27529)","corr=0.666","similar","CDC PLACES 2025 release (model-based small-area estimates from BRFSS). CrudePrev = crude prevalence percent. County and place/city releases are independently modeled, not row-matched. Exhaustive pairwise scan across ~38 health variables -- multiple-testing caution applies, same as SSDSE full scan.","yes","yes"
"","US","GHLTH_CrudePrev vs OBESITY_CrudePrev","county(n=2956)","corr=0.636","place/city(n=27529)","corr=0.687","similar","CDC PLACES 2025 release (model-based small-area estimates from BRFSS). CrudePrev = crude prevalence percent. County and place/city releases are independently modeled, not row-matched. Exhaustive pairwise scan across ~38 health variables -- multiple-testing caution applies, same as SSDSE full scan.","yes","yes"
"","US","GHLTH_CrudePrev vs PHLTH_CrudePrev","county(n=2956)","corr=0.914","place/city(n=27529)","corr=0.927","similar","CDC PLACES 2025 release (model-based small-area estimates from BRFSS). CrudePrev = crude prevalence percent. County and place/city releases are independently modeled, not row-matched. Exhaustive pairwise scan across ~38 health variables -- multiple-testing caution applies, same as SSDSE full scan.","yes","yes"
"","US","GHLTH_CrudePrev vs SLEEP_CrudePrev","county(n=2956)","corr=0.676","place/city(n=27529)","corr=0.635","similar","CDC PLACES 2025 release (model-based small-area estimates from BRFSS). CrudePrev = crude prevalence percent. County and place/city releases are independently modeled, not row-matched. Exhaustive pairwise scan across ~38 health variables -- multiple-testing caution applies, same as SSDSE full scan.","yes","yes"
"","US","GHLTH_CrudePrev vs STROKE_CrudePrev","county(n=2956)","corr=0.8","place/city(n=27529)","corr=0.774","similar","CDC PLACES 2025 release (model-based small-area estimates from BRFSS). CrudePrev = crude prevalence percent. County and place/city releases are independently modeled, not row-matched. Exhaustive pairwise scan across ~38 health variables -- multiple-testing caution applies, same as SSDSE full scan.","yes","yes"
"","US","GHLTH_CrudePrev vs TEETHLOST_CrudePrev","county(n=2956)","corr=0.802","place/city(n=27520)","corr=0.82","similar","CDC PLACES 2025 release (model-based small-area estimates from BRFSS). CrudePrev = crude prevalence percent. County and place/city releases are independently modeled, not row-matched. Exhaustive pairwise scan across ~38 health variables -- multiple-testing caution applies, same as SSDSE full scan.","yes","yes"
"","US","GHLTH_CrudePrev vs HEARING_CrudePrev","county(n=2956)","corr=0.495","place/city(n=27529)","corr=0.541","similar","CDC PLACES 2025 release (model-based small-area estimates from BRFSS). CrudePrev = crude prevalence percent. County and place/city releases are independently modeled, not row-matched. Exhaustive pairwise scan across ~38 health variables -- multiple-testing caution applies, same as SSDSE full scan.","yes","yes"
"","US","GHLTH_CrudePrev vs VISION_CrudePrev","county(n=2956)","corr=0.948","place/city(n=27529)","corr=0.957","similar","CDC PLACES 2025 release (model-based small-area estimates from BRFSS). CrudePrev = crude prevalence percent. County and place/city releases are independently modeled, not row-matched. Exhaustive pairwise scan across ~38 health variables -- multiple-testing caution applies, same as SSDSE full scan.","yes","yes"
"","US","GHLTH_CrudePrev vs COGNITION_CrudePrev","county(n=2956)","corr=0.869","place/city(n=27529)","corr=0.869","similar","CDC PLACES 2025 release (model-based small-area estimates from BRFSS). CrudePrev = crude prevalence percent. County and place/city releases are independently modeled, not row-matched. Exhaustive pairwise scan across ~38 health variables -- multiple-testing caution applies, same as SSDSE full scan.","yes","yes"
"","US","GHLTH_CrudePrev vs MOBILITY_CrudePrev","county(n=2956)","corr=0.916","place/city(n=27529)","corr=0.903","similar","CDC PLACES 2025 release (model-based small-area estimates from BRFSS). CrudePrev = crude prevalence percent. County and place/city releases are independently modeled, not row-matched. Exhaustive pairwise scan across ~38 health variables -- multiple-testing caution applies, same as SSDSE full scan.","yes","yes"
"","US","GHLTH_CrudePrev vs SELFCARE_CrudePrev","county(n=2956)","corr=0.949","place/city(n=27529)","corr=0.958","similar","CDC PLACES 2025 release (model-based small-area estimates from BRFSS). CrudePrev = crude prevalence percent. County and place/city releases are independently modeled, not row-matched. Exhaustive pairwise scan across ~38 health variables -- multiple-testing caution applies, same as SSDSE full scan.","yes","yes"
"","US","GHLTH_CrudePrev vs INDEPLIVE_CrudePrev","county(n=2956)","corr=0.946","place/city(n=27529)","corr=0.944","similar","CDC PLACES 2025 release (model-based small-area estimates from BRFSS). CrudePrev = crude prevalence percent. County and place/city releases are independently modeled, not row-matched. Exhaustive pairwise scan across ~38 health variables -- multiple-testing caution applies, same as SSDSE full scan.","yes","yes"
"","US","GHLTH_CrudePrev vs DISABILITY_CrudePrev","county(n=2956)","corr=0.908","place/city(n=27529)","corr=0.916","similar","CDC PLACES 2025 release (model-based small-area estimates from BRFSS). CrudePrev = crude prevalence percent. County and place/city releases are independently modeled, not row-matched. Exhaustive pairwise scan across ~38 health variables -- multiple-testing caution applies, same as SSDSE full scan.","yes","yes"
"","US","GHLTH_CrudePrev vs LONELINESS_CrudePrev","county(n=2299)","corr=0.584","place/city(n=22116)","corr=0.576","similar","CDC PLACES 2025 release (model-based small-area estimates from BRFSS). CrudePrev = crude prevalence percent. County and place/city releases are independently modeled, not row-matched. Exhaustive pairwise scan across ~38 health variables -- multiple-testing caution applies, same as SSDSE full scan.","yes","yes"
"","US","GHLTH_CrudePrev vs FOODSTAMP_CrudePrev","county(n=2299)","corr=0.85","place/city(n=22116)","corr=0.887","similar","CDC PLACES 2025 release (model-based small-area estimates from BRFSS). CrudePrev = crude prevalence percent. County and place/city releases are independently modeled, not row-matched. Exhaustive pairwise scan across ~38 health variables -- multiple-testing caution applies, same as SSDSE full scan.","yes","yes"
"","US","GHLTH_CrudePrev vs FOODINSECU_CrudePrev","county(n=2299)","corr=0.883","place/city(n=22116)","corr=0.898","similar","CDC PLACES 2025 release (model-based small-area estimates from BRFSS). CrudePrev = crude prevalence percent. County and place/city releases are independently modeled, not row-matched. Exhaustive pairwise scan across ~38 health variables -- multiple-testing caution applies, same as SSDSE full scan.","yes","yes"
"","US","GHLTH_CrudePrev vs HOUSINSECU_CrudePrev","county(n=2299)","corr=0.825","place/city(n=22116)","corr=0.843","similar","CDC PLACES 2025 release (model-based small-area estimates from BRFSS). CrudePrev = crude prevalence percent. County and place/city releases are independently modeled, not row-matched. Exhaustive pairwise scan across ~38 health variables -- multiple-testing caution applies, same as SSDSE full scan.","yes","yes"
"","US","GHLTH_CrudePrev vs SHUTUTILITY_CrudePrev","county(n=2299)","corr=0.875","place/city(n=22116)","corr=0.869","similar","CDC PLACES 2025 release (model-based small-area estimates from BRFSS). CrudePrev = crude prevalence percent. County and place/city releases are independently modeled, not row-matched. Exhaustive pairwise scan across ~38 health variables -- multiple-testing caution applies, same as SSDSE full scan.","yes","yes"
"","US","GHLTH_CrudePrev vs LACKTRPT_CrudePrev","county(n=2299)","corr=0.858","place/city(n=22116)","corr=0.865","similar","CDC PLACES 2025 release (model-based small-area estimates from BRFSS). CrudePrev = crude prevalence percent. County and place/city releases are independently modeled, not row-matched. Exhaustive pairwise scan across ~38 health variables -- multiple-testing caution applies, same as SSDSE full scan.","yes","yes"
"","US","GHLTH_CrudePrev vs EMOTIONSPT_CrudePrev","county(n=2299)","corr=0.682","place/city(n=22116)","corr=0.705","similar","CDC PLACES 2025 release (model-based small-area estimates from BRFSS). CrudePrev = crude prevalence percent. County and place/city releases are independently modeled, not row-matched. Exhaustive pairwise scan across ~38 health variables -- multiple-testing caution applies, same as SSDSE full scan.","yes","yes"
"","US","HIGHCHOL_CrudePrev vs LPA_CrudePrev","county(n=2956)","corr=0.524","place/city(n=27529)","corr=0.321","magnitude_change","CDC PLACES 2025 release (model-based small-area estimates from BRFSS). CrudePrev = crude prevalence percent. County and place/city releases are independently modeled, not row-matched. Exhaustive pairwise scan across ~38 health variables -- multiple-testing caution applies, same as SSDSE full scan.","yes","yes"
"","US","HIGHCHOL_CrudePrev vs MAMMOUSE_CrudePrev","county(n=2956)","corr=-0.059","place/city(n=27525)","corr=-0.008","magnitude_change","CDC PLACES 2025 release (model-based small-area estimates from BRFSS). CrudePrev = crude prevalence percent. County and place/city releases are independently modeled, not row-matched. Exhaustive pairwise scan across ~38 health variables -- multiple-testing caution applies, same as SSDSE full scan.","yes","no"
"","US","HIGHCHOL_CrudePrev vs MHLTH_CrudePrev","county(n=2956)","corr=0.199","place/city(n=27529)","corr=-0.202","reversed","CDC PLACES 2025 release (model-based small-area estimates from BRFSS). CrudePrev = crude prevalence percent. County and place/city releases are independently modeled, not row-matched. Exhaustive pairwise scan across ~38 health variables -- multiple-testing caution applies, same as SSDSE full scan.","yes","yes"
"","US","HIGHCHOL_CrudePrev vs OBESITY_CrudePrev","county(n=2956)","corr=0.377","place/city(n=27529)","corr=0.158","magnitude_change","CDC PLACES 2025 release (model-based small-area estimates from BRFSS). CrudePrev = crude prevalence percent. County and place/city releases are independently modeled, not row-matched. Exhaustive pairwise scan across ~38 health variables -- multiple-testing caution applies, same as SSDSE full scan.","yes","yes"
"","US","HIGHCHOL_CrudePrev vs PHLTH_CrudePrev","county(n=2956)","corr=0.619","place/city(n=27529)","corr=0.42","magnitude_change","CDC PLACES 2025 release (model-based small-area estimates from BRFSS). CrudePrev = crude prevalence percent. County and place/city releases are independently modeled, not row-matched. Exhaustive pairwise scan across ~38 health variables -- multiple-testing caution applies, same as SSDSE full scan.","yes","yes"
"","US","HIGHCHOL_CrudePrev vs SLEEP_CrudePrev","county(n=2956)","corr=0.342","place/city(n=27529)","corr=0.048","magnitude_change","CDC PLACES 2025 release (model-based small-area estimates from BRFSS). CrudePrev = crude prevalence percent. County and place/city releases are independently modeled, not row-matched. Exhaustive pairwise scan across ~38 health variables -- multiple-testing caution applies, same as SSDSE full scan.","yes","yes"
"","US","HIGHCHOL_CrudePrev vs STROKE_CrudePrev","county(n=2956)","corr=0.673","place/city(n=27529)","corr=0.608","similar","CDC PLACES 2025 release (model-based small-area estimates from BRFSS). CrudePrev = crude prevalence percent. County and place/city releases are independently modeled, not row-matched. Exhaustive pairwise scan across ~38 health variables -- multiple-testing caution applies, same as SSDSE full scan.","yes","yes"
"","US","HIGHCHOL_CrudePrev vs TEETHLOST_CrudePrev","county(n=2956)","corr=0.36","place/city(n=27520)","corr=0.157","magnitude_change","CDC PLACES 2025 release (model-based small-area estimates from BRFSS). CrudePrev = crude prevalence percent. County and place/city releases are independently modeled, not row-matched. Exhaustive pairwise scan across ~38 health variables -- multiple-testing caution applies, same as SSDSE full scan.","yes","yes"
"","US","HIGHCHOL_CrudePrev vs HEARING_CrudePrev","county(n=2956)","corr=0.557","place/city(n=27529)","corr=0.59","similar","CDC PLACES 2025 release (model-based small-area estimates from BRFSS). CrudePrev = crude prevalence percent. County and place/city releases are independently modeled, not row-matched. Exhaustive pairwise scan across ~38 health variables -- multiple-testing caution applies, same as SSDSE full scan.","yes","yes"
"","US","HIGHCHOL_CrudePrev vs VISION_CrudePrev","county(n=2956)","corr=0.357","place/city(n=27529)","corr=0.178","magnitude_change","CDC PLACES 2025 release (model-based small-area estimates from BRFSS). CrudePrev = crude prevalence percent. County and place/city releases are independently modeled, not row-matched. Exhaustive pairwise scan across ~38 health variables -- multiple-testing caution applies, same as SSDSE full scan.","yes","yes"
"","US","HIGHCHOL_CrudePrev vs COGNITION_CrudePrev","county(n=2956)","corr=0.296","place/city(n=27529)","corr=-0.028","magnitude_change","CDC PLACES 2025 release (model-based small-area estimates from BRFSS). CrudePrev = crude prevalence percent. County and place/city releases are independently modeled, not row-matched. Exhaustive pairwise scan across ~38 health variables -- multiple-testing caution applies, same as SSDSE full scan.","yes","yes"
"","US","HIGHCHOL_CrudePrev vs MOBILITY_CrudePrev","county(n=2956)","corr=0.686","place/city(n=27529)","corr=0.55","similar","CDC PLACES 2025 release (model-based small-area estimates from BRFSS). CrudePrev = crude prevalence percent. County and place/city releases are independently modeled, not row-matched. Exhaustive pairwise scan across ~38 health variables -- multiple-testing caution applies, same as SSDSE full scan.","yes","yes"
"","US","HIGHCHOL_CrudePrev vs SELFCARE_CrudePrev","county(n=2956)","corr=0.493","place/city(n=27529)","corr=0.326","magnitude_change","CDC PLACES 2025 release (model-based small-area estimates from BRFSS). CrudePrev = crude prevalence percent. County and place/city releases are independently modeled, not row-matched. Exhaustive pairwise scan across ~38 health variables -- multiple-testing caution applies, same as SSDSE full scan.","yes","yes"
"","US","HIGHCHOL_CrudePrev vs INDEPLIVE_CrudePrev","county(n=2956)","corr=0.469","place/city(n=27529)","corr=0.201","magnitude_change","CDC PLACES 2025 release (model-based small-area estimates from BRFSS). CrudePrev = crude prevalence percent. County and place/city releases are independently modeled, not row-matched. Exhaustive pairwise scan across ~38 health variables -- multiple-testing caution applies, same as SSDSE full scan.","yes","yes"
"","US","HIGHCHOL_CrudePrev vs DISABILITY_CrudePrev","county(n=2956)","corr=0.565","place/city(n=27529)","corr=0.368","magnitude_change","CDC PLACES 2025 release (model-based small-area estimates from BRFSS). CrudePrev = crude prevalence percent. County and place/city releases are independently modeled, not row-matched. Exhaustive pairwise scan across ~38 health variables -- multiple-testing caution applies, same as SSDSE full scan.","yes","yes"
"","US","HIGHCHOL_CrudePrev vs LONELINESS_CrudePrev","county(n=2299)","corr=0.105","place/city(n=22116)","corr=-0.252","reversed","CDC PLACES 2025 release (model-based small-area estimates from BRFSS). CrudePrev = crude prevalence percent. County and place/city releases are independently modeled, not row-matched. Exhaustive pairwise scan across ~38 health variables -- multiple-testing caution applies, same as SSDSE full scan.","yes","yes"
"","US","HIGHCHOL_CrudePrev vs FOODSTAMP_CrudePrev","county(n=2299)","corr=0.294","place/city(n=22116)","corr=0.02","magnitude_change","CDC PLACES 2025 release (model-based small-area estimates from BRFSS). CrudePrev = crude prevalence percent. County and place/city releases are independently modeled, not row-matched. Exhaustive pairwise scan across ~38 health variables -- multiple-testing caution applies, same as SSDSE full scan.","yes","yes"
"","US","HIGHCHOL_CrudePrev vs FOODINSECU_CrudePrev","county(n=2299)","corr=0.243","place/city(n=22116)","corr=-0.023","magnitude_change","CDC PLACES 2025 release (model-based small-area estimates from BRFSS). CrudePrev = crude prevalence percent. County and place/city releases are independently modeled, not row-matched. Exhaustive pairwise scan across ~38 health variables -- multiple-testing caution applies, same as SSDSE full scan.","yes","yes"
"","US","HIGHCHOL_CrudePrev vs HOUSINSECU_CrudePrev","county(n=2299)","corr=0.169","place/city(n=22116)","corr=-0.102","reversed","CDC PLACES 2025 release (model-based small-area estimates from BRFSS). CrudePrev = crude prevalence percent. County and place/city releases are independently modeled, not row-matched. Exhaustive pairwise scan across ~38 health variables -- multiple-testing caution applies, same as SSDSE full scan.","yes","yes"
"","US","HIGHCHOL_CrudePrev vs SHUTUTILITY_CrudePrev","county(n=2299)","corr=0.266","place/city(n=22116)","corr=-0.006","magnitude_change","CDC PLACES 2025 release (model-based small-area estimates from BRFSS). CrudePrev = crude prevalence percent. County and place/city releases are independently modeled, not row-matched. Exhaustive pairwise scan across ~38 health variables -- multiple-testing caution applies, same as SSDSE full scan.","yes","no"
"","US","HIGHCHOL_CrudePrev vs LACKTRPT_CrudePrev","county(n=2299)","corr=0.168","place/city(n=22116)","corr=-0.099","reversed","CDC PLACES 2025 release (model-based small-area estimates from BRFSS). CrudePrev = crude prevalence percent. County and place/city releases are independently modeled, not row-matched. Exhaustive pairwise scan across ~38 health variables -- multiple-testing caution applies, same as SSDSE full scan.","yes","yes"
"","US","HIGHCHOL_CrudePrev vs EMOTIONSPT_CrudePrev","county(n=2299)","corr=0.142","place/city(n=22116)","corr=-0.109","reversed","CDC PLACES 2025 release (model-based small-area estimates from BRFSS). CrudePrev = crude prevalence percent. County and place/city releases are independently modeled, not row-matched. Exhaustive pairwise scan across ~38 health variables -- multiple-testing caution applies, same as SSDSE full scan.","yes","yes"
"","US","LPA_CrudePrev vs MAMMOUSE_CrudePrev","county(n=2956)","corr=-0.318","place/city(n=27525)","corr=-0.435","magnitude_change","CDC PLACES 2025 release (model-based small-area estimates from BRFSS). CrudePrev = crude prevalence percent. County and place/city releases are independently modeled, not row-matched. Exhaustive pairwise scan across ~38 health variables -- multiple-testing caution applies, same as SSDSE full scan.","yes","yes"
"","US","LPA_CrudePrev vs MHLTH_CrudePrev","county(n=2956)","corr=0.558","place/city(n=27529)","corr=0.588","similar","CDC PLACES 2025 release (model-based small-area estimates from BRFSS). CrudePrev = crude prevalence percent. County and place/city releases are independently modeled, not row-matched. Exhaustive pairwise scan across ~38 health variables -- multiple-testing caution applies, same as SSDSE full scan.","yes","yes"
"","US","LPA_CrudePrev vs OBESITY_CrudePrev","county(n=2956)","corr=0.747","place/city(n=27529)","corr=0.773","similar","CDC PLACES 2025 release (model-based small-area estimates from BRFSS). CrudePrev = crude prevalence percent. County and place/city releases are independently modeled, not row-matched. Exhaustive pairwise scan across ~38 health variables -- multiple-testing caution applies, same as SSDSE full scan.","yes","yes"
"","US","LPA_CrudePrev vs PHLTH_CrudePrev","county(n=2956)","corr=0.806","place/city(n=27529)","corr=0.839","similar","CDC PLACES 2025 release (model-based small-area estimates from BRFSS). CrudePrev = crude prevalence percent. County and place/city releases are independently modeled, not row-matched. Exhaustive pairwise scan across ~38 health variables -- multiple-testing caution applies, same as SSDSE full scan.","yes","yes"
"","US","LPA_CrudePrev vs SLEEP_CrudePrev","county(n=2956)","corr=0.643","place/city(n=27529)","corr=0.64","similar","CDC PLACES 2025 release (model-based small-area estimates from BRFSS). CrudePrev = crude prevalence percent. County and place/city releases are independently modeled, not row-matched. Exhaustive pairwise scan across ~38 health variables -- multiple-testing caution applies, same as SSDSE full scan.","yes","yes"
"","US","LPA_CrudePrev vs STROKE_CrudePrev","county(n=2956)","corr=0.751","place/city(n=27529)","corr=0.738","similar","CDC PLACES 2025 release (model-based small-area estimates from BRFSS). CrudePrev = crude prevalence percent. County and place/city releases are independently modeled, not row-matched. Exhaustive pairwise scan across ~38 health variables -- multiple-testing caution applies, same as SSDSE full scan.","yes","yes"
"","US","LPA_CrudePrev vs TEETHLOST_CrudePrev","county(n=2956)","corr=0.753","place/city(n=27520)","corr=0.778","similar","CDC PLACES 2025 release (model-based small-area estimates from BRFSS). CrudePrev = crude prevalence percent. County and place/city releases are independently modeled, not row-matched. Exhaustive pairwise scan across ~38 health variables -- multiple-testing caution applies, same as SSDSE full scan.","yes","yes"
"","US","LPA_CrudePrev vs HEARING_CrudePrev","county(n=2956)","corr=0.494","place/city(n=27529)","corr=0.521","similar","CDC PLACES 2025 release (model-based small-area estimates from BRFSS). CrudePrev = crude prevalence percent. County and place/city releases are independently modeled, not row-matched. Exhaustive pairwise scan across ~38 health variables -- multiple-testing caution applies, same as SSDSE full scan.","yes","yes"
"","US","LPA_CrudePrev vs VISION_CrudePrev","county(n=2956)","corr=0.833","place/city(n=27529)","corr=0.848","similar","CDC PLACES 2025 release (model-based small-area estimates from BRFSS). CrudePrev = crude prevalence percent. County and place/city releases are independently modeled, not row-matched. Exhaustive pairwise scan across ~38 health variables -- multiple-testing caution applies, same as SSDSE full scan.","yes","yes"
"","US","LPA_CrudePrev vs COGNITION_CrudePrev","county(n=2956)","corr=0.767","place/city(n=27529)","corr=0.791","similar","CDC PLACES 2025 release (model-based small-area estimates from BRFSS). CrudePrev = crude prevalence percent. County and place/city releases are independently modeled, not row-matched. Exhaustive pairwise scan across ~38 health variables -- multiple-testing caution applies, same as SSDSE full scan.","yes","yes"
"","US","LPA_CrudePrev vs MOBILITY_CrudePrev","county(n=2956)","corr=0.871","place/city(n=27529)","corr=0.868","similar","CDC PLACES 2025 release (model-based small-area estimates from BRFSS). CrudePrev = crude prevalence percent. County and place/city releases are independently modeled, not row-matched. Exhaustive pairwise scan across ~38 health variables -- multiple-testing caution applies, same as SSDSE full scan.","yes","yes"
"","US","LPA_CrudePrev vs SELFCARE_CrudePrev","county(n=2956)","corr=0.862","place/city(n=27529)","corr=0.877","similar","CDC PLACES 2025 release (model-based small-area estimates from BRFSS). CrudePrev = crude prevalence percent. County and place/city releases are independently modeled, not row-matched. Exhaustive pairwise scan across ~38 health variables -- multiple-testing caution applies, same as SSDSE full scan.","yes","yes"
"","US","LPA_CrudePrev vs INDEPLIVE_CrudePrev","county(n=2956)","corr=0.86","place/city(n=27529)","corr=0.871","similar","CDC PLACES 2025 release (model-based small-area estimates from BRFSS). CrudePrev = crude prevalence percent. County and place/city releases are independently modeled, not row-matched. Exhaustive pairwise scan across ~38 health variables -- multiple-testing caution applies, same as SSDSE full scan.","yes","yes"
"","US","LPA_CrudePrev vs DISABILITY_CrudePrev","county(n=2956)","corr=0.85","place/city(n=27529)","corr=0.873","similar","CDC PLACES 2025 release (model-based small-area estimates from BRFSS). CrudePrev = crude prevalence percent. County and place/city releases are independently modeled, not row-matched. Exhaustive pairwise scan across ~38 health variables -- multiple-testing caution applies, same as SSDSE full scan.","yes","yes"
"","US","LPA_CrudePrev vs LONELINESS_CrudePrev","county(n=2299)","corr=0.45","place/city(n=22116)","corr=0.485","similar","CDC PLACES 2025 release (model-based small-area estimates from BRFSS). CrudePrev = crude prevalence percent. County and place/city releases are independently modeled, not row-matched. Exhaustive pairwise scan across ~38 health variables -- multiple-testing caution applies, same as SSDSE full scan.","yes","yes"
"","US","LPA_CrudePrev vs FOODSTAMP_CrudePrev","county(n=2299)","corr=0.711","place/city(n=22116)","corr=0.76","similar","CDC PLACES 2025 release (model-based small-area estimates from BRFSS). CrudePrev = crude prevalence percent. County and place/city releases are independently modeled, not row-matched. Exhaustive pairwise scan across ~38 health variables -- multiple-testing caution applies, same as SSDSE full scan.","yes","yes"
"","US","LPA_CrudePrev vs FOODINSECU_CrudePrev","county(n=2299)","corr=0.756","place/city(n=22116)","corr=0.775","similar","CDC PLACES 2025 release (model-based small-area estimates from BRFSS). CrudePrev = crude prevalence percent. County and place/city releases are independently modeled, not row-matched. Exhaustive pairwise scan across ~38 health variables -- multiple-testing caution applies, same as SSDSE full scan.","yes","yes"
"","US","LPA_CrudePrev vs HOUSINSECU_CrudePrev","county(n=2299)","corr=0.696","place/city(n=22116)","corr=0.722","similar","CDC PLACES 2025 release (model-based small-area estimates from BRFSS). CrudePrev = crude prevalence percent. County and place/city releases are independently modeled, not row-matched. Exhaustive pairwise scan across ~38 health variables -- multiple-testing caution applies, same as SSDSE full scan.","yes","yes"
"","US","LPA_CrudePrev vs SHUTUTILITY_CrudePrev","county(n=2299)","corr=0.763","place/city(n=22116)","corr=0.768","similar","CDC PLACES 2025 release (model-based small-area estimates from BRFSS). CrudePrev = crude prevalence percent. County and place/city releases are independently modeled, not row-matched. Exhaustive pairwise scan across ~38 health variables -- multiple-testing caution applies, same as SSDSE full scan.","yes","yes"
"","US","LPA_CrudePrev vs LACKTRPT_CrudePrev","county(n=2299)","corr=0.716","place/city(n=22116)","corr=0.725","similar","CDC PLACES 2025 release (model-based small-area estimates from BRFSS). CrudePrev = crude prevalence percent. County and place/city releases are independently modeled, not row-matched. Exhaustive pairwise scan across ~38 health variables -- multiple-testing caution applies, same as SSDSE full scan.","yes","yes"
"","US","LPA_CrudePrev vs EMOTIONSPT_CrudePrev","county(n=2299)","corr=0.544","place/city(n=22116)","corr=0.57","similar","CDC PLACES 2025 release (model-based small-area estimates from BRFSS). CrudePrev = crude prevalence percent. County and place/city releases are independently modeled, not row-matched. Exhaustive pairwise scan across ~38 health variables -- multiple-testing caution applies, same as SSDSE full scan.","yes","yes"
"","US","MAMMOUSE_CrudePrev vs MHLTH_CrudePrev","county(n=2956)","corr=-0.292","place/city(n=27525)","corr=-0.485","magnitude_change","CDC PLACES 2025 release (model-based small-area estimates from BRFSS). CrudePrev = crude prevalence percent. County and place/city releases are independently modeled, not row-matched. Exhaustive pairwise scan across ~38 health variables -- multiple-testing caution applies, same as SSDSE full scan.","yes","yes"
"","US","MAMMOUSE_CrudePrev vs OBESITY_CrudePrev","county(n=2956)","corr=-0.134","place/city(n=27525)","corr=-0.327","magnitude_change","CDC PLACES 2025 release (model-based small-area estimates from BRFSS). CrudePrev = crude prevalence percent. County and place/city releases are independently modeled, not row-matched. Exhaustive pairwise scan across ~38 health variables -- multiple-testing caution applies, same as SSDSE full scan.","yes","yes"
"","US","MAMMOUSE_CrudePrev vs PHLTH_CrudePrev","county(n=2956)","corr=-0.435","place/city(n=27525)","corr=-0.586","magnitude_change","CDC PLACES 2025 release (model-based small-area estimates from BRFSS). CrudePrev = crude prevalence percent. County and place/city releases are independently modeled, not row-matched. Exhaustive pairwise scan across ~38 health variables -- multiple-testing caution applies, same as SSDSE full scan.","yes","yes"
"","US","MAMMOUSE_CrudePrev vs SLEEP_CrudePrev","county(n=3143)","corr=-0.22","place/city(n=29918)","corr=-0.312","magnitude_change","CDC PLACES 2025 release (model-based small-area estimates from BRFSS). CrudePrev = crude prevalence percent. County and place/city releases are independently modeled, not row-matched. Exhaustive pairwise scan across ~38 health variables -- multiple-testing caution applies, same as SSDSE full scan.","yes","yes"
"","US","MAMMOUSE_CrudePrev vs STROKE_CrudePrev","county(n=2956)","corr=-0.228","place/city(n=27525)","corr=-0.351","magnitude_change","CDC PLACES 2025 release (model-based small-area estimates from BRFSS). CrudePrev = crude prevalence percent. County and place/city releases are independently modeled, not row-matched. Exhaustive pairwise scan across ~38 health variables -- multiple-testing caution applies, same as SSDSE full scan.","yes","yes"
"","US","MAMMOUSE_CrudePrev vs TEETHLOST_CrudePrev","county(n=3143)","corr=-0.379","place/city(n=29908)","corr=-0.549","magnitude_change","CDC PLACES 2025 release (model-based small-area estimates from BRFSS). CrudePrev = crude prevalence percent. County and place/city releases are independently modeled, not row-matched. Exhaustive pairwise scan across ~38 health variables -- multiple-testing caution applies, same as SSDSE full scan.","yes","yes"
"","US","MAMMOUSE_CrudePrev vs HEARING_CrudePrev","county(n=2956)","corr=-0.412","place/city(n=27525)","corr=-0.46","similar","CDC PLACES 2025 release (model-based small-area estimates from BRFSS). CrudePrev = crude prevalence percent. County and place/city releases are independently modeled, not row-matched. Exhaustive pairwise scan across ~38 health variables -- multiple-testing caution applies, same as SSDSE full scan.","yes","yes"
"","US","MAMMOUSE_CrudePrev vs VISION_CrudePrev","county(n=2956)","corr=-0.405","place/city(n=27525)","corr=-0.546","magnitude_change","CDC PLACES 2025 release (model-based small-area estimates from BRFSS). CrudePrev = crude prevalence percent. County and place/city releases are independently modeled, not row-matched. Exhaustive pairwise scan across ~38 health variables -- multiple-testing caution applies, same as SSDSE full scan.","yes","yes"
"","US","MAMMOUSE_CrudePrev vs COGNITION_CrudePrev","county(n=2956)","corr=-0.437","place/city(n=27525)","corr=-0.591","magnitude_change","CDC PLACES 2025 release (model-based small-area estimates from BRFSS). CrudePrev = crude prevalence percent. County and place/city releases are independently modeled, not row-matched. Exhaustive pairwise scan across ~38 health variables -- multiple-testing caution applies, same as SSDSE full scan.","yes","yes"
"","US","MAMMOUSE_CrudePrev vs MOBILITY_CrudePrev","county(n=2956)","corr=-0.346","place/city(n=27525)","corr=-0.459","magnitude_change","CDC PLACES 2025 release (model-based small-area estimates from BRFSS). CrudePrev = crude prevalence percent. County and place/city releases are independently modeled, not row-matched. Exhaustive pairwise scan across ~38 health variables -- multiple-testing caution applies, same as SSDSE full scan.","yes","yes"
"","US","MAMMOUSE_CrudePrev vs SELFCARE_CrudePrev","county(n=2956)","corr=-0.332","place/city(n=27525)","corr=-0.484","magnitude_change","CDC PLACES 2025 release (model-based small-area estimates from BRFSS). CrudePrev = crude prevalence percent. County and place/city releases are independently modeled, not row-matched. Exhaustive pairwise scan across ~38 health variables -- multiple-testing caution applies, same as SSDSE full scan.","yes","yes"
"","US","MAMMOUSE_CrudePrev vs INDEPLIVE_CrudePrev","county(n=2956)","corr=-0.38","place/city(n=27525)","corr=-0.555","magnitude_change","CDC PLACES 2025 release (model-based small-area estimates from BRFSS). CrudePrev = crude prevalence percent. County and place/city releases are independently modeled, not row-matched. Exhaustive pairwise scan across ~38 health variables -- multiple-testing caution applies, same as SSDSE full scan.","yes","yes"
"","US","MAMMOUSE_CrudePrev vs DISABILITY_CrudePrev","county(n=2956)","corr=-0.432","place/city(n=27525)","corr=-0.562","similar","CDC PLACES 2025 release (model-based small-area estimates from BRFSS). CrudePrev = crude prevalence percent. County and place/city releases are independently modeled, not row-matched. Exhaustive pairwise scan across ~38 health variables -- multiple-testing caution applies, same as SSDSE full scan.","yes","yes"
"","US","MAMMOUSE_CrudePrev vs LONELINESS_CrudePrev","county(n=2299)","corr=-0.085","place/city(n=22112)","corr=-0.273","magnitude_change","CDC PLACES 2025 release (model-based small-area estimates from BRFSS). CrudePrev = crude prevalence percent. County and place/city releases are independently modeled, not row-matched. Exhaustive pairwise scan across ~38 health variables -- multiple-testing caution applies, same as SSDSE full scan.","yes","yes"
"","US","MAMMOUSE_CrudePrev vs FOODSTAMP_CrudePrev","county(n=2299)","corr=-0.192","place/city(n=22112)","corr=-0.44","magnitude_change","CDC PLACES 2025 release (model-based small-area estimates from BRFSS). CrudePrev = crude prevalence percent. County and place/city releases are independently modeled, not row-matched. Exhaustive pairwise scan across ~38 health variables -- multiple-testing caution applies, same as SSDSE full scan.","yes","yes"
"","US","MAMMOUSE_CrudePrev vs FOODINSECU_CrudePrev","county(n=2299)","corr=-0.287","place/city(n=22112)","corr=-0.496","magnitude_change","CDC PLACES 2025 release (model-based small-area estimates from BRFSS). CrudePrev = crude prevalence percent. County and place/city releases are independently modeled, not row-matched. Exhaustive pairwise scan across ~38 health variables -- multiple-testing caution applies, same as SSDSE full scan.","yes","yes"
"","US","MAMMOUSE_CrudePrev vs HOUSINSECU_CrudePrev","county(n=2299)","corr=-0.249","place/city(n=22112)","corr=-0.441","magnitude_change","CDC PLACES 2025 release (model-based small-area estimates from BRFSS). CrudePrev = crude prevalence percent. County and place/city releases are independently modeled, not row-matched. Exhaustive pairwise scan across ~38 health variables -- multiple-testing caution applies, same as SSDSE full scan.","yes","yes"
"","US","MAMMOUSE_CrudePrev vs SHUTUTILITY_CrudePrev","county(n=2299)","corr=-0.285","place/city(n=22112)","corr=-0.477","magnitude_change","CDC PLACES 2025 release (model-based small-area estimates from BRFSS). CrudePrev = crude prevalence percent. County and place/city releases are independently modeled, not row-matched. Exhaustive pairwise scan across ~38 health variables -- multiple-testing caution applies, same as SSDSE full scan.","yes","yes"
"","US","MAMMOUSE_CrudePrev vs LACKTRPT_CrudePrev","county(n=2299)","corr=-0.305","place/city(n=22112)","corr=-0.523","magnitude_change","CDC PLACES 2025 release (model-based small-area estimates from BRFSS). CrudePrev = crude prevalence percent. County and place/city releases are independently modeled, not row-matched. Exhaustive pairwise scan across ~38 health variables -- multiple-testing caution applies, same as SSDSE full scan.","yes","yes"
"","US","MAMMOUSE_CrudePrev vs EMOTIONSPT_CrudePrev","county(n=2299)","corr=-0.186","place/city(n=22112)","corr=-0.39","magnitude_change","CDC PLACES 2025 release (model-based small-area estimates from BRFSS). CrudePrev = crude prevalence percent. County and place/city releases are independently modeled, not row-matched. Exhaustive pairwise scan across ~38 health variables -- multiple-testing caution applies, same as SSDSE full scan.","yes","yes"
"","US","MHLTH_CrudePrev vs OBESITY_CrudePrev","county(n=2956)","corr=0.492","place/city(n=27529)","corr=0.583","similar","CDC PLACES 2025 release (model-based small-area estimates from BRFSS). CrudePrev = crude prevalence percent. County and place/city releases are independently modeled, not row-matched. Exhaustive pairwise scan across ~38 health variables -- multiple-testing caution applies, same as SSDSE full scan.","yes","yes"
"","US","MHLTH_CrudePrev vs PHLTH_CrudePrev","county(n=2956)","corr=0.676","place/city(n=27529)","corr=0.638","similar","CDC PLACES 2025 release (model-based small-area estimates from BRFSS). CrudePrev = crude prevalence percent. County and place/city releases are independently modeled, not row-matched. Exhaustive pairwise scan across ~38 health variables -- multiple-testing caution applies, same as SSDSE full scan.","yes","yes"
"","US","MHLTH_CrudePrev vs SLEEP_CrudePrev","county(n=2956)","corr=0.687","place/city(n=27529)","corr=0.659","similar","CDC PLACES 2025 release (model-based small-area estimates from BRFSS). CrudePrev = crude prevalence percent. County and place/city releases are independently modeled, not row-matched. Exhaustive pairwise scan across ~38 health variables -- multiple-testing caution applies, same as SSDSE full scan.","yes","yes"
"","US","MHLTH_CrudePrev vs STROKE_CrudePrev","county(n=2956)","corr=0.378","place/city(n=27529)","corr=0.311","similar","CDC PLACES 2025 release (model-based small-area estimates from BRFSS). CrudePrev = crude prevalence percent. County and place/city releases are independently modeled, not row-matched. Exhaustive pairwise scan across ~38 health variables -- multiple-testing caution applies, same as SSDSE full scan.","yes","yes"
"","US","MHLTH_CrudePrev vs TEETHLOST_CrudePrev","county(n=2956)","corr=0.658","place/city(n=27520)","corr=0.703","similar","CDC PLACES 2025 release (model-based small-area estimates from BRFSS). CrudePrev = crude prevalence percent. County and place/city releases are independently modeled, not row-matched. Exhaustive pairwise scan across ~38 health variables -- multiple-testing caution applies, same as SSDSE full scan.","yes","yes"
"","US","MHLTH_CrudePrev vs HEARING_CrudePrev","county(n=2956)","corr=0.125","place/city(n=27529)","corr=0.144","similar","CDC PLACES 2025 release (model-based small-area estimates from BRFSS). CrudePrev = crude prevalence percent. County and place/city releases are independently modeled, not row-matched. Exhaustive pairwise scan across ~38 health variables -- multiple-testing caution applies, same as SSDSE full scan.","yes","yes"
"","US","MHLTH_CrudePrev vs VISION_CrudePrev","county(n=2956)","corr=0.566","place/city(n=27529)","corr=0.59","similar","CDC PLACES 2025 release (model-based small-area estimates from BRFSS). CrudePrev = crude prevalence percent. County and place/city releases are independently modeled, not row-matched. Exhaustive pairwise scan across ~38 health variables -- multiple-testing caution applies, same as SSDSE full scan.","yes","yes"
"","US","MHLTH_CrudePrev vs COGNITION_CrudePrev","county(n=2956)","corr=0.874","place/city(n=27529)","corr=0.899","similar","CDC PLACES 2025 release (model-based small-area estimates from BRFSS). CrudePrev = crude prevalence percent. County and place/city releases are independently modeled, not row-matched. Exhaustive pairwise scan across ~38 health variables -- multiple-testing caution applies, same as SSDSE full scan.","yes","yes"
"","US","MHLTH_CrudePrev vs MOBILITY_CrudePrev","county(n=2956)","corr=0.539","place/city(n=27529)","corr=0.471","similar","CDC PLACES 2025 release (model-based small-area estimates from BRFSS). CrudePrev = crude prevalence percent. County and place/city releases are independently modeled, not row-matched. Exhaustive pairwise scan across ~38 health variables -- multiple-testing caution applies, same as SSDSE full scan.","yes","yes"
"","US","MHLTH_CrudePrev vs SELFCARE_CrudePrev","county(n=2956)","corr=0.573","place/city(n=27529)","corr=0.57","similar","CDC PLACES 2025 release (model-based small-area estimates from BRFSS). CrudePrev = crude prevalence percent. County and place/city releases are independently modeled, not row-matched. Exhaustive pairwise scan across ~38 health variables -- multiple-testing caution applies, same as SSDSE full scan.","yes","yes"
"","US","MHLTH_CrudePrev vs INDEPLIVE_CrudePrev","county(n=2956)","corr=0.754","place/city(n=27529)","corr=0.771","similar","CDC PLACES 2025 release (model-based small-area estimates from BRFSS). CrudePrev = crude prevalence percent. County and place/city releases are independently modeled, not row-matched. Exhaustive pairwise scan across ~38 health variables -- multiple-testing caution applies, same as SSDSE full scan.","yes","yes"
"","US","MHLTH_CrudePrev vs DISABILITY_CrudePrev","county(n=2956)","corr=0.668","place/city(n=27529)","corr=0.651","similar","CDC PLACES 2025 release (model-based small-area estimates from BRFSS). CrudePrev = crude prevalence percent. County and place/city releases are independently modeled, not row-matched. Exhaustive pairwise scan across ~38 health variables -- multiple-testing caution applies, same as SSDSE full scan.","yes","yes"
"","US","MHLTH_CrudePrev vs LONELINESS_CrudePrev","county(n=2299)","corr=0.683","place/city(n=22116)","corr=0.731","similar","CDC PLACES 2025 release (model-based small-area estimates from BRFSS). CrudePrev = crude prevalence percent. County and place/city releases are independently modeled, not row-matched. Exhaustive pairwise scan across ~38 health variables -- multiple-testing caution applies, same as SSDSE full scan.","yes","yes"
"","US","MHLTH_CrudePrev vs FOODSTAMP_CrudePrev","county(n=2299)","corr=0.686","place/city(n=22116)","corr=0.722","similar","CDC PLACES 2025 release (model-based small-area estimates from BRFSS). CrudePrev = crude prevalence percent. County and place/city releases are independently modeled, not row-matched. Exhaustive pairwise scan across ~38 health variables -- multiple-testing caution applies, same as SSDSE full scan.","yes","yes"
"","US","MHLTH_CrudePrev vs FOODINSECU_CrudePrev","county(n=2299)","corr=0.643","place/city(n=22116)","corr=0.707","similar","CDC PLACES 2025 release (model-based small-area estimates from BRFSS). CrudePrev = crude prevalence percent. County and place/city releases are independently modeled, not row-matched. Exhaustive pairwise scan across ~38 health variables -- multiple-testing caution applies, same as SSDSE full scan.","yes","yes"
"","US","MHLTH_CrudePrev vs HOUSINSECU_CrudePrev","county(n=2299)","corr=0.63","place/city(n=22116)","corr=0.688","similar","CDC PLACES 2025 release (model-based small-area estimates from BRFSS). CrudePrev = crude prevalence percent. County and place/city releases are independently modeled, not row-matched. Exhaustive pairwise scan across ~38 health variables -- multiple-testing caution applies, same as SSDSE full scan.","yes","yes"
"","US","MHLTH_CrudePrev vs SHUTUTILITY_CrudePrev","county(n=2299)","corr=0.712","place/city(n=22116)","corr=0.738","similar","CDC PLACES 2025 release (model-based small-area estimates from BRFSS). CrudePrev = crude prevalence percent. County and place/city releases are independently modeled, not row-matched. Exhaustive pairwise scan across ~38 health variables -- multiple-testing caution applies, same as SSDSE full scan.","yes","yes"
"","US","MHLTH_CrudePrev vs LACKTRPT_CrudePrev","county(n=2299)","corr=0.673","place/city(n=22116)","corr=0.744","similar","CDC PLACES 2025 release (model-based small-area estimates from BRFSS). CrudePrev = crude prevalence percent. County and place/city releases are independently modeled, not row-matched. Exhaustive pairwise scan across ~38 health variables -- multiple-testing caution applies, same as SSDSE full scan.","yes","yes"
"","US","MHLTH_CrudePrev vs EMOTIONSPT_CrudePrev","county(n=2299)","corr=0.522","place/city(n=22116)","corr=0.599","similar","CDC PLACES 2025 release (model-based small-area estimates from BRFSS). CrudePrev = crude prevalence percent. County and place/city releases are independently modeled, not row-matched. Exhaustive pairwise scan across ~38 health variables -- multiple-testing caution applies, same as SSDSE full scan.","yes","yes"
"","US","OBESITY_CrudePrev vs PHLTH_CrudePrev","county(n=2956)","corr=0.576","place/city(n=27529)","corr=0.655","similar","CDC PLACES 2025 release (model-based small-area estimates from BRFSS). CrudePrev = crude prevalence percent. County and place/city releases are independently modeled, not row-matched. Exhaustive pairwise scan across ~38 health variables -- multiple-testing caution applies, same as SSDSE full scan.","yes","yes"
"","US","OBESITY_CrudePrev vs SLEEP_CrudePrev","county(n=2956)","corr=0.526","place/city(n=27529)","corr=0.56","similar","CDC PLACES 2025 release (model-based small-area estimates from BRFSS). CrudePrev = crude prevalence percent. County and place/city releases are independently modeled, not row-matched. Exhaustive pairwise scan across ~38 health variables -- multiple-testing caution applies, same as SSDSE full scan.","yes","yes"
"","US","OBESITY_CrudePrev vs STROKE_CrudePrev","county(n=2956)","corr=0.571","place/city(n=27529)","corr=0.57","similar","CDC PLACES 2025 release (model-based small-area estimates from BRFSS). CrudePrev = crude prevalence percent. County and place/city releases are independently modeled, not row-matched. Exhaustive pairwise scan across ~38 health variables -- multiple-testing caution applies, same as SSDSE full scan.","yes","yes"
"","US","OBESITY_CrudePrev vs TEETHLOST_CrudePrev","county(n=2956)","corr=0.579","place/city(n=27520)","corr=0.652","similar","CDC PLACES 2025 release (model-based small-area estimates from BRFSS). CrudePrev = crude prevalence percent. County and place/city releases are independently modeled, not row-matched. Exhaustive pairwise scan across ~38 health variables -- multiple-testing caution applies, same as SSDSE full scan.","yes","yes"
"","US","OBESITY_CrudePrev vs HEARING_CrudePrev","county(n=2956)","corr=0.343","place/city(n=27529)","corr=0.381","similar","CDC PLACES 2025 release (model-based small-area estimates from BRFSS). CrudePrev = crude prevalence percent. County and place/city releases are independently modeled, not row-matched. Exhaustive pairwise scan across ~38 health variables -- multiple-testing caution applies, same as SSDSE full scan.","yes","yes"
"","US","OBESITY_CrudePrev vs VISION_CrudePrev","county(n=2956)","corr=0.562","place/city(n=27529)","corr=0.607","similar","CDC PLACES 2025 release (model-based small-area estimates from BRFSS). CrudePrev = crude prevalence percent. County and place/city releases are independently modeled, not row-matched. Exhaustive pairwise scan across ~38 health variables -- multiple-testing caution applies, same as SSDSE full scan.","yes","yes"
"","US","OBESITY_CrudePrev vs COGNITION_CrudePrev","county(n=2956)","corr=0.574","place/city(n=27529)","corr=0.662","similar","CDC PLACES 2025 release (model-based small-area estimates from BRFSS). CrudePrev = crude prevalence percent. County and place/city releases are independently modeled, not row-matched. Exhaustive pairwise scan across ~38 health variables -- multiple-testing caution applies, same as SSDSE full scan.","yes","yes"
"","US","OBESITY_CrudePrev vs MOBILITY_CrudePrev","county(n=2956)","corr=0.639","place/city(n=27529)","corr=0.66","similar","CDC PLACES 2025 release (model-based small-area estimates from BRFSS). CrudePrev = crude prevalence percent. County and place/city releases are independently modeled, not row-matched. Exhaustive pairwise scan across ~38 health variables -- multiple-testing caution applies, same as SSDSE full scan.","yes","yes"
"","US","OBESITY_CrudePrev vs SELFCARE_CrudePrev","county(n=2956)","corr=0.627","place/city(n=27529)","corr=0.672","similar","CDC PLACES 2025 release (model-based small-area estimates from BRFSS). CrudePrev = crude prevalence percent. County and place/city releases are independently modeled, not row-matched. Exhaustive pairwise scan across ~38 health variables -- multiple-testing caution applies, same as SSDSE full scan.","yes","yes"
"","US","OBESITY_CrudePrev vs INDEPLIVE_CrudePrev","county(n=2956)","corr=0.655","place/city(n=27529)","corr=0.7","similar","CDC PLACES 2025 release (model-based small-area estimates from BRFSS). CrudePrev = crude prevalence percent. County and place/city releases are independently modeled, not row-matched. Exhaustive pairwise scan across ~38 health variables -- multiple-testing caution applies, same as SSDSE full scan.","yes","yes"
"","US","OBESITY_CrudePrev vs DISABILITY_CrudePrev","county(n=2956)","corr=0.633","place/city(n=27529)","corr=0.692","similar","CDC PLACES 2025 release (model-based small-area estimates from BRFSS). CrudePrev = crude prevalence percent. County and place/city releases are independently modeled, not row-matched. Exhaustive pairwise scan across ~38 health variables -- multiple-testing caution applies, same as SSDSE full scan.","yes","yes"
"","US","OBESITY_CrudePrev vs LONELINESS_CrudePrev","county(n=2299)","corr=0.295","place/city(n=22116)","corr=0.336","similar","CDC PLACES 2025 release (model-based small-area estimates from BRFSS). CrudePrev = crude prevalence percent. County and place/city releases are independently modeled, not row-matched. Exhaustive pairwise scan across ~38 health variables -- multiple-testing caution applies, same as SSDSE full scan.","yes","yes"
"","US","OBESITY_CrudePrev vs FOODSTAMP_CrudePrev","county(n=2299)","corr=0.517","place/city(n=22116)","corr=0.579","similar","CDC PLACES 2025 release (model-based small-area estimates from BRFSS). CrudePrev = crude prevalence percent. County and place/city releases are independently modeled, not row-matched. Exhaustive pairwise scan across ~38 health variables -- multiple-testing caution applies, same as SSDSE full scan.","yes","yes"
"","US","OBESITY_CrudePrev vs FOODINSECU_CrudePrev","county(n=2299)","corr=0.545","place/city(n=22116)","corr=0.587","similar","CDC PLACES 2025 release (model-based small-area estimates from BRFSS). CrudePrev = crude prevalence percent. County and place/city releases are independently modeled, not row-matched. Exhaustive pairwise scan across ~38 health variables -- multiple-testing caution applies, same as SSDSE full scan.","yes","yes"
"","US","OBESITY_CrudePrev vs HOUSINSECU_CrudePrev","county(n=2299)","corr=0.486","place/city(n=22116)","corr=0.549","similar","CDC PLACES 2025 release (model-based small-area estimates from BRFSS). CrudePrev = crude prevalence percent. County and place/city releases are independently modeled, not row-matched. Exhaustive pairwise scan across ~38 health variables -- multiple-testing caution applies, same as SSDSE full scan.","yes","yes"
"","US","OBESITY_CrudePrev vs SHUTUTILITY_CrudePrev","county(n=2299)","corr=0.58","place/city(n=22116)","corr=0.64","similar","CDC PLACES 2025 release (model-based small-area estimates from BRFSS). CrudePrev = crude prevalence percent. County and place/city releases are independently modeled, not row-matched. Exhaustive pairwise scan across ~38 health variables -- multiple-testing caution applies, same as SSDSE full scan.","yes","yes"
"","US","OBESITY_CrudePrev vs LACKTRPT_CrudePrev","county(n=2299)","corr=0.509","place/city(n=22116)","corr=0.557","similar","CDC PLACES 2025 release (model-based small-area estimates from BRFSS). CrudePrev = crude prevalence percent. County and place/city releases are independently modeled, not row-matched. Exhaustive pairwise scan across ~38 health variables -- multiple-testing caution applies, same as SSDSE full scan.","yes","yes"
"","US","OBESITY_CrudePrev vs EMOTIONSPT_CrudePrev","county(n=2299)","corr=0.382","place/city(n=22116)","corr=0.397","similar","CDC PLACES 2025 release (model-based small-area estimates from BRFSS). CrudePrev = crude prevalence percent. County and place/city releases are independently modeled, not row-matched. Exhaustive pairwise scan across ~38 health variables -- multiple-testing caution applies, same as SSDSE full scan.","yes","yes"
"","US","PHLTH_CrudePrev vs SLEEP_CrudePrev","county(n=2956)","corr=0.555","place/city(n=27529)","corr=0.527","similar","CDC PLACES 2025 release (model-based small-area estimates from BRFSS). CrudePrev = crude prevalence percent. County and place/city releases are independently modeled, not row-matched. Exhaustive pairwise scan across ~38 health variables -- multiple-testing caution applies, same as SSDSE full scan.","yes","yes"
"","US","PHLTH_CrudePrev vs STROKE_CrudePrev","county(n=2956)","corr=0.85","place/city(n=27529)","corr=0.848","similar","CDC PLACES 2025 release (model-based small-area estimates from BRFSS). CrudePrev = crude prevalence percent. County and place/city releases are independently modeled, not row-matched. Exhaustive pairwise scan across ~38 health variables -- multiple-testing caution applies, same as SSDSE full scan.","yes","yes"
"","US","PHLTH_CrudePrev vs TEETHLOST_CrudePrev","county(n=2956)","corr=0.756","place/city(n=27520)","corr=0.797","similar","CDC PLACES 2025 release (model-based small-area estimates from BRFSS). CrudePrev = crude prevalence percent. County and place/city releases are independently modeled, not row-matched. Exhaustive pairwise scan across ~38 health variables -- multiple-testing caution applies, same as SSDSE full scan.","yes","yes"
"","US","PHLTH_CrudePrev vs HEARING_CrudePrev","county(n=2956)","corr=0.683","place/city(n=27529)","corr=0.719","similar","CDC PLACES 2025 release (model-based small-area estimates from BRFSS). CrudePrev = crude prevalence percent. County and place/city releases are independently modeled, not row-matched. Exhaustive pairwise scan across ~38 health variables -- multiple-testing caution applies, same as SSDSE full scan.","yes","yes"
"","US","PHLTH_CrudePrev vs VISION_CrudePrev","county(n=2956)","corr=0.822","place/city(n=27529)","corr=0.856","similar","CDC PLACES 2025 release (model-based small-area estimates from BRFSS). CrudePrev = crude prevalence percent. County and place/city releases are independently modeled, not row-matched. Exhaustive pairwise scan across ~38 health variables -- multiple-testing caution applies, same as SSDSE full scan.","yes","yes"
"","US","PHLTH_CrudePrev vs COGNITION_CrudePrev","county(n=2956)","corr=0.811","place/city(n=27529)","corr=0.808","similar","CDC PLACES 2025 release (model-based small-area estimates from BRFSS). CrudePrev = crude prevalence percent. County and place/city releases are independently modeled, not row-matched. Exhaustive pairwise scan across ~38 health variables -- multiple-testing caution applies, same as SSDSE full scan.","yes","yes"
"","US","PHLTH_CrudePrev vs MOBILITY_CrudePrev","county(n=2956)","corr=0.929","place/city(n=27529)","corr=0.935","similar","CDC PLACES 2025 release (model-based small-area estimates from BRFSS). CrudePrev = crude prevalence percent. County and place/city releases are independently modeled, not row-matched. Exhaustive pairwise scan across ~38 health variables -- multiple-testing caution applies, same as SSDSE full scan.","yes","yes"
"","US","PHLTH_CrudePrev vs SELFCARE_CrudePrev","county(n=2956)","corr=0.876","place/city(n=27529)","corr=0.907","similar","CDC PLACES 2025 release (model-based small-area estimates from BRFSS). CrudePrev = crude prevalence percent. County and place/city releases are independently modeled, not row-matched. Exhaustive pairwise scan across ~38 health variables -- multiple-testing caution applies, same as SSDSE full scan.","yes","yes"
"","US","PHLTH_CrudePrev vs INDEPLIVE_CrudePrev","county(n=2956)","corr=0.916","place/city(n=27529)","corr=0.919","similar","CDC PLACES 2025 release (model-based small-area estimates from BRFSS). CrudePrev = crude prevalence percent. County and place/city releases are independently modeled, not row-matched. Exhaustive pairwise scan across ~38 health variables -- multiple-testing caution applies, same as SSDSE full scan.","yes","yes"
"","US","PHLTH_CrudePrev vs DISABILITY_CrudePrev","county(n=2956)","corr=0.914","place/city(n=27529)","corr=0.931","similar","CDC PLACES 2025 release (model-based small-area estimates from BRFSS). CrudePrev = crude prevalence percent. County and place/city releases are independently modeled, not row-matched. Exhaustive pairwise scan across ~38 health variables -- multiple-testing caution applies, same as SSDSE full scan.","yes","yes"
"","US","PHLTH_CrudePrev vs LONELINESS_CrudePrev","county(n=2299)","corr=0.395","place/city(n=22116)","corr=0.395","similar","CDC PLACES 2025 release (model-based small-area estimates from BRFSS). CrudePrev = crude prevalence percent. County and place/city releases are independently modeled, not row-matched. Exhaustive pairwise scan across ~38 health variables -- multiple-testing caution applies, same as SSDSE full scan.","yes","yes"
"","US","PHLTH_CrudePrev vs FOODSTAMP_CrudePrev","county(n=2299)","corr=0.734","place/city(n=22116)","corr=0.772","similar","CDC PLACES 2025 release (model-based small-area estimates from BRFSS). CrudePrev = crude prevalence percent. County and place/city releases are independently modeled, not row-matched. Exhaustive pairwise scan across ~38 health variables -- multiple-testing caution applies, same as SSDSE full scan.","yes","yes"
"","US","PHLTH_CrudePrev vs FOODINSECU_CrudePrev","county(n=2299)","corr=0.691","place/city(n=22116)","corr=0.744","similar","CDC PLACES 2025 release (model-based small-area estimates from BRFSS). CrudePrev = crude prevalence percent. County and place/city releases are independently modeled, not row-matched. Exhaustive pairwise scan across ~38 health variables -- multiple-testing caution applies, same as SSDSE full scan.","yes","yes"
"","US","PHLTH_CrudePrev vs HOUSINSECU_CrudePrev","county(n=2299)","corr=0.61","place/city(n=22116)","corr=0.662","similar","CDC PLACES 2025 release (model-based small-area estimates from BRFSS). CrudePrev = crude prevalence percent. County and place/city releases are independently modeled, not row-matched. Exhaustive pairwise scan across ~38 health variables -- multiple-testing caution applies, same as SSDSE full scan.","yes","yes"
"","US","PHLTH_CrudePrev vs SHUTUTILITY_CrudePrev","county(n=2299)","corr=0.703","place/city(n=22116)","corr=0.738","similar","CDC PLACES 2025 release (model-based small-area estimates from BRFSS). CrudePrev = crude prevalence percent. County and place/city releases are independently modeled, not row-matched. Exhaustive pairwise scan across ~38 health variables -- multiple-testing caution applies, same as SSDSE full scan.","yes","yes"
"","US","PHLTH_CrudePrev vs LACKTRPT_CrudePrev","county(n=2299)","corr=0.674","place/city(n=22116)","corr=0.725","similar","CDC PLACES 2025 release (model-based small-area estimates from BRFSS). CrudePrev = crude prevalence percent. County and place/city releases are independently modeled, not row-matched. Exhaustive pairwise scan across ~38 health variables -- multiple-testing caution applies, same as SSDSE full scan.","yes","yes"
"","US","PHLTH_CrudePrev vs EMOTIONSPT_CrudePrev","county(n=2299)","corr=0.453","place/city(n=22116)","corr=0.519","similar","CDC PLACES 2025 release (model-based small-area estimates from BRFSS). CrudePrev = crude prevalence percent. County and place/city releases are independently modeled, not row-matched. Exhaustive pairwise scan across ~38 health variables -- multiple-testing caution applies, same as SSDSE full scan.","yes","yes"
"","US","SLEEP_CrudePrev vs STROKE_CrudePrev","county(n=2956)","corr=0.41","place/city(n=27529)","corr=0.37","similar","CDC PLACES 2025 release (model-based small-area estimates from BRFSS). CrudePrev = crude prevalence percent. County and place/city releases are independently modeled, not row-matched. Exhaustive pairwise scan across ~38 health variables -- multiple-testing caution applies, same as SSDSE full scan.","yes","yes"
"","US","SLEEP_CrudePrev vs TEETHLOST_CrudePrev","county(n=3143)","corr=0.616","place/city(n=29910)","corr=0.616","similar","CDC PLACES 2025 release (model-based small-area estimates from BRFSS). CrudePrev = crude prevalence percent. County and place/city releases are independently modeled, not row-matched. Exhaustive pairwise scan across ~38 health variables -- multiple-testing caution applies, same as SSDSE full scan.","yes","yes"
"","US","SLEEP_CrudePrev vs HEARING_CrudePrev","county(n=2956)","corr=-0.003","place/city(n=27529)","corr=0.02","magnitude_change","CDC PLACES 2025 release (model-based small-area estimates from BRFSS). CrudePrev = crude prevalence percent. County and place/city releases are independently modeled, not row-matched. Exhaustive pairwise scan across ~38 health variables -- multiple-testing caution applies, same as SSDSE full scan.","no","yes"
"","US","SLEEP_CrudePrev vs VISION_CrudePrev","county(n=2956)","corr=0.602","place/city(n=27529)","corr=0.595","similar","CDC PLACES 2025 release (model-based small-area estimates from BRFSS). CrudePrev = crude prevalence percent. County and place/city releases are independently modeled, not row-matched. Exhaustive pairwise scan across ~38 health variables -- multiple-testing caution applies, same as SSDSE full scan.","yes","yes"
"","US","SLEEP_CrudePrev vs COGNITION_CrudePrev","county(n=2956)","corr=0.665","place/city(n=27529)","corr=0.647","similar","CDC PLACES 2025 release (model-based small-area estimates from BRFSS). CrudePrev = crude prevalence percent. County and place/city releases are independently modeled, not row-matched. Exhaustive pairwise scan across ~38 health variables -- multiple-testing caution applies, same as SSDSE full scan.","yes","yes"
"","US","SLEEP_CrudePrev vs MOBILITY_CrudePrev","county(n=2956)","corr=0.547","place/city(n=27529)","corr=0.49","similar","CDC PLACES 2025 release (model-based small-area estimates from BRFSS). CrudePrev = crude prevalence percent. County and place/city releases are independently modeled, not row-matched. Exhaustive pairwise scan across ~38 health variables -- multiple-testing caution applies, same as SSDSE full scan.","yes","yes"
"","US","SLEEP_CrudePrev vs SELFCARE_CrudePrev","county(n=2956)","corr=0.6","place/city(n=27529)","corr=0.586","similar","CDC PLACES 2025 release (model-based small-area estimates from BRFSS). CrudePrev = crude prevalence percent. County and place/city releases are independently modeled, not row-matched. Exhaustive pairwise scan across ~38 health variables -- multiple-testing caution applies, same as SSDSE full scan.","yes","yes"
"","US","SLEEP_CrudePrev vs INDEPLIVE_CrudePrev","county(n=2956)","corr=0.648","place/city(n=27529)","corr=0.63","similar","CDC PLACES 2025 release (model-based small-area estimates from BRFSS). CrudePrev = crude prevalence percent. County and place/city releases are independently modeled, not row-matched. Exhaustive pairwise scan across ~38 health variables -- multiple-testing caution applies, same as SSDSE full scan.","yes","yes"
"","US","SLEEP_CrudePrev vs DISABILITY_CrudePrev","county(n=2956)","corr=0.571","place/city(n=27529)","corr=0.533","similar","CDC PLACES 2025 release (model-based small-area estimates from BRFSS). CrudePrev = crude prevalence percent. County and place/city releases are independently modeled, not row-matched. Exhaustive pairwise scan across ~38 health variables -- multiple-testing caution applies, same as SSDSE full scan.","yes","yes"
"","US","SLEEP_CrudePrev vs LONELINESS_CrudePrev","county(n=2299)","corr=0.688","place/city(n=22116)","corr=0.659","similar","CDC PLACES 2025 release (model-based small-area estimates from BRFSS). CrudePrev = crude prevalence percent. County and place/city releases are independently modeled, not row-matched. Exhaustive pairwise scan across ~38 health variables -- multiple-testing caution applies, same as SSDSE full scan.","yes","yes"
"","US","SLEEP_CrudePrev vs FOODSTAMP_CrudePrev","county(n=2299)","corr=0.669","place/city(n=22116)","corr=0.665","similar","CDC PLACES 2025 release (model-based small-area estimates from BRFSS). CrudePrev = crude prevalence percent. County and place/city releases are independently modeled, not row-matched. Exhaustive pairwise scan across ~38 health variables -- multiple-testing caution applies, same as SSDSE full scan.","yes","yes"
"","US","SLEEP_CrudePrev vs FOODINSECU_CrudePrev","county(n=2299)","corr=0.703","place/city(n=22116)","corr=0.705","similar","CDC PLACES 2025 release (model-based small-area estimates from BRFSS). CrudePrev = crude prevalence percent. County and place/city releases are independently modeled, not row-matched. Exhaustive pairwise scan across ~38 health variables -- multiple-testing caution applies, same as SSDSE full scan.","yes","yes"
"","US","SLEEP_CrudePrev vs HOUSINSECU_CrudePrev","county(n=2299)","corr=0.726","place/city(n=22116)","corr=0.723","similar","CDC PLACES 2025 release (model-based small-area estimates from BRFSS). CrudePrev = crude prevalence percent. County and place/city releases are independently modeled, not row-matched. Exhaustive pairwise scan across ~38 health variables -- multiple-testing caution applies, same as SSDSE full scan.","yes","yes"
"","US","SLEEP_CrudePrev vs SHUTUTILITY_CrudePrev","county(n=2299)","corr=0.752","place/city(n=22116)","corr=0.736","similar","CDC PLACES 2025 release (model-based small-area estimates from BRFSS). CrudePrev = crude prevalence percent. County and place/city releases are independently modeled, not row-matched. Exhaustive pairwise scan across ~38 health variables -- multiple-testing caution applies, same as SSDSE full scan.","yes","yes"
"","US","SLEEP_CrudePrev vs LACKTRPT_CrudePrev","county(n=2299)","corr=0.684","place/city(n=22116)","corr=0.677","similar","CDC PLACES 2025 release (model-based small-area estimates from BRFSS). CrudePrev = crude prevalence percent. County and place/city releases are independently modeled, not row-matched. Exhaustive pairwise scan across ~38 health variables -- multiple-testing caution applies, same as SSDSE full scan.","yes","yes"
"","US","SLEEP_CrudePrev vs EMOTIONSPT_CrudePrev","county(n=2299)","corr=0.637","place/city(n=22116)","corr=0.684","similar","CDC PLACES 2025 release (model-based small-area estimates from BRFSS). CrudePrev = crude prevalence percent. County and place/city releases are independently modeled, not row-matched. Exhaustive pairwise scan across ~38 health variables -- multiple-testing caution applies, same as SSDSE full scan.","yes","yes"
"","US","STROKE_CrudePrev vs TEETHLOST_CrudePrev","county(n=2956)","corr=0.678","place/city(n=27520)","corr=0.679","similar","CDC PLACES 2025 release (model-based small-area estimates from BRFSS). CrudePrev = crude prevalence percent. County and place/city releases are independently modeled, not row-matched. Exhaustive pairwise scan across ~38 health variables -- multiple-testing caution applies, same as SSDSE full scan.","yes","yes"
"","US","STROKE_CrudePrev vs HEARING_CrudePrev","county(n=2956)","corr=0.718","place/city(n=27529)","corr=0.79","similar","CDC PLACES 2025 release (model-based small-area estimates from BRFSS). CrudePrev = crude prevalence percent. County and place/city releases are independently modeled, not row-matched. Exhaustive pairwise scan across ~38 health variables -- multiple-testing caution applies, same as SSDSE full scan.","yes","yes"
"","US","STROKE_CrudePrev vs VISION_CrudePrev","county(n=2956)","corr=0.783","place/city(n=27529)","corr=0.742","similar","CDC PLACES 2025 release (model-based small-area estimates from BRFSS). CrudePrev = crude prevalence percent. County and place/city releases are independently modeled, not row-matched. Exhaustive pairwise scan across ~38 health variables -- multiple-testing caution applies, same as SSDSE full scan.","yes","yes"
"","US","STROKE_CrudePrev vs COGNITION_CrudePrev","county(n=2956)","corr=0.587","place/city(n=27529)","corr=0.535","similar","CDC PLACES 2025 release (model-based small-area estimates from BRFSS). CrudePrev = crude prevalence percent. County and place/city releases are independently modeled, not row-matched. Exhaustive pairwise scan across ~38 health variables -- multiple-testing caution applies, same as SSDSE full scan.","yes","yes"
"","US","STROKE_CrudePrev vs MOBILITY_CrudePrev","county(n=2956)","corr=0.941","place/city(n=27529)","corr=0.946","similar","CDC PLACES 2025 release (model-based small-area estimates from BRFSS). CrudePrev = crude prevalence percent. County and place/city releases are independently modeled, not row-matched. Exhaustive pairwise scan across ~38 health variables -- multiple-testing caution applies, same as SSDSE full scan.","yes","yes"
"","US","STROKE_CrudePrev vs SELFCARE_CrudePrev","county(n=2956)","corr=0.899","place/city(n=27529)","corr=0.865","similar","CDC PLACES 2025 release (model-based small-area estimates from BRFSS). CrudePrev = crude prevalence percent. County and place/city releases are independently modeled, not row-matched. Exhaustive pairwise scan across ~38 health variables -- multiple-testing caution applies, same as SSDSE full scan.","yes","yes"
"","US","STROKE_CrudePrev vs INDEPLIVE_CrudePrev","county(n=2956)","corr=0.84","place/city(n=27529)","corr=0.788","similar","CDC PLACES 2025 release (model-based small-area estimates from BRFSS). CrudePrev = crude prevalence percent. County and place/city releases are independently modeled, not row-matched. Exhaustive pairwise scan across ~38 health variables -- multiple-testing caution applies, same as SSDSE full scan.","yes","yes"
"","US","STROKE_CrudePrev vs DISABILITY_CrudePrev","county(n=2956)","corr=0.823","place/city(n=27529)","corr=0.828","similar","CDC PLACES 2025 release (model-based small-area estimates from BRFSS). CrudePrev = crude prevalence percent. County and place/city releases are independently modeled, not row-matched. Exhaustive pairwise scan across ~38 health variables -- multiple-testing caution applies, same as SSDSE full scan.","yes","yes"
"","US","STROKE_CrudePrev vs LONELINESS_CrudePrev","county(n=2299)","corr=0.307","place/city(n=22116)","corr=0.205","magnitude_change","CDC PLACES 2025 release (model-based small-area estimates from BRFSS). CrudePrev = crude prevalence percent. County and place/city releases are independently modeled, not row-matched. Exhaustive pairwise scan across ~38 health variables -- multiple-testing caution applies, same as SSDSE full scan.","yes","yes"
"","US","STROKE_CrudePrev vs FOODSTAMP_CrudePrev","county(n=2299)","corr=0.705","place/city(n=22116)","corr=0.642","similar","CDC PLACES 2025 release (model-based small-area estimates from BRFSS). CrudePrev = crude prevalence percent. County and place/city releases are independently modeled, not row-matched. Exhaustive pairwise scan across ~38 health variables -- multiple-testing caution applies, same as SSDSE full scan.","yes","yes"
"","US","STROKE_CrudePrev vs FOODINSECU_CrudePrev","county(n=2299)","corr=0.698","place/city(n=22116)","corr=0.618","similar","CDC PLACES 2025 release (model-based small-area estimates from BRFSS). CrudePrev = crude prevalence percent. County and place/city releases are independently modeled, not row-matched. Exhaustive pairwise scan across ~38 health variables -- multiple-testing caution applies, same as SSDSE full scan.","yes","yes"
"","US","STROKE_CrudePrev vs HOUSINSECU_CrudePrev","county(n=2299)","corr=0.602","place/city(n=22116)","corr=0.519","similar","CDC PLACES 2025 release (model-based small-area estimates from BRFSS). CrudePrev = crude prevalence percent. County and place/city releases are independently modeled, not row-matched. Exhaustive pairwise scan across ~38 health variables -- multiple-testing caution applies, same as SSDSE full scan.","yes","yes"
"","US","STROKE_CrudePrev vs SHUTUTILITY_CrudePrev","county(n=2299)","corr=0.685","place/city(n=22116)","corr=0.628","similar","CDC PLACES 2025 release (model-based small-area estimates from BRFSS). CrudePrev = crude prevalence percent. County and place/city releases are independently modeled, not row-matched. Exhaustive pairwise scan across ~38 health variables -- multiple-testing caution applies, same as SSDSE full scan.","yes","yes"
"","US","STROKE_CrudePrev vs LACKTRPT_CrudePrev","county(n=2299)","corr=0.662","place/city(n=22116)","corr=0.578","similar","CDC PLACES 2025 release (model-based small-area estimates from BRFSS). CrudePrev = crude prevalence percent. County and place/city releases are independently modeled, not row-matched. Exhaustive pairwise scan across ~38 health variables -- multiple-testing caution applies, same as SSDSE full scan.","yes","yes"
"","US","STROKE_CrudePrev vs EMOTIONSPT_CrudePrev","county(n=2299)","corr=0.473","place/city(n=22116)","corr=0.417","similar","CDC PLACES 2025 release (model-based small-area estimates from BRFSS). CrudePrev = crude prevalence percent. County and place/city releases are independently modeled, not row-matched. Exhaustive pairwise scan across ~38 health variables -- multiple-testing caution applies, same as SSDSE full scan.","yes","yes"
"","US","TEETHLOST_CrudePrev vs HEARING_CrudePrev","county(n=2956)","corr=0.42","place/city(n=27520)","corr=0.487","similar","CDC PLACES 2025 release (model-based small-area estimates from BRFSS). CrudePrev = crude prevalence percent. County and place/city releases are independently modeled, not row-matched. Exhaustive pairwise scan across ~38 health variables -- multiple-testing caution applies, same as SSDSE full scan.","yes","yes"
"","US","TEETHLOST_CrudePrev vs VISION_CrudePrev","county(n=2956)","corr=0.77","place/city(n=27520)","corr=0.794","similar","CDC PLACES 2025 release (model-based small-area estimates from BRFSS). CrudePrev = crude prevalence percent. County and place/city releases are independently modeled, not row-matched. Exhaustive pairwise scan across ~38 health variables -- multiple-testing caution applies, same as SSDSE full scan.","yes","yes"
"","US","TEETHLOST_CrudePrev vs COGNITION_CrudePrev","county(n=2956)","corr=0.792","place/city(n=27520)","corr=0.822","similar","CDC PLACES 2025 release (model-based small-area estimates from BRFSS). CrudePrev = crude prevalence percent. County and place/city releases are independently modeled, not row-matched. Exhaustive pairwise scan across ~38 health variables -- multiple-testing caution applies, same as SSDSE full scan.","yes","yes"
"","US","TEETHLOST_CrudePrev vs MOBILITY_CrudePrev","county(n=2956)","corr=0.757","place/city(n=27520)","corr=0.76","similar","CDC PLACES 2025 release (model-based small-area estimates from BRFSS). CrudePrev = crude prevalence percent. County and place/city releases are independently modeled, not row-matched. Exhaustive pairwise scan across ~38 health variables -- multiple-testing caution applies, same as SSDSE full scan.","yes","yes"
"","US","TEETHLOST_CrudePrev vs SELFCARE_CrudePrev","county(n=2956)","corr=0.795","place/city(n=27520)","corr=0.81","similar","CDC PLACES 2025 release (model-based small-area estimates from BRFSS). CrudePrev = crude prevalence percent. County and place/city releases are independently modeled, not row-matched. Exhaustive pairwise scan across ~38 health variables -- multiple-testing caution applies, same as SSDSE full scan.","yes","yes"
"","US","TEETHLOST_CrudePrev vs INDEPLIVE_CrudePrev","county(n=2956)","corr=0.834","place/city(n=27520)","corr=0.872","similar","CDC PLACES 2025 release (model-based small-area estimates from BRFSS). CrudePrev = crude prevalence percent. County and place/city releases are independently modeled, not row-matched. Exhaustive pairwise scan across ~38 health variables -- multiple-testing caution applies, same as SSDSE full scan.","yes","yes"
"","US","TEETHLOST_CrudePrev vs DISABILITY_CrudePrev","county(n=2956)","corr=0.778","place/city(n=27520)","corr=0.811","similar","CDC PLACES 2025 release (model-based small-area estimates from BRFSS). CrudePrev = crude prevalence percent. County and place/city releases are independently modeled, not row-matched. Exhaustive pairwise scan across ~38 health variables -- multiple-testing caution applies, same as SSDSE full scan.","yes","yes"
"","US","TEETHLOST_CrudePrev vs LONELINESS_CrudePrev","county(n=2299)","corr=0.52","place/city(n=22109)","corr=0.529","similar","CDC PLACES 2025 release (model-based small-area estimates from BRFSS). CrudePrev = crude prevalence percent. County and place/city releases are independently modeled, not row-matched. Exhaustive pairwise scan across ~38 health variables -- multiple-testing caution applies, same as SSDSE full scan.","yes","yes"
"","US","TEETHLOST_CrudePrev vs FOODSTAMP_CrudePrev","county(n=2299)","corr=0.705","place/city(n=22109)","corr=0.764","similar","CDC PLACES 2025 release (model-based small-area estimates from BRFSS). CrudePrev = crude prevalence percent. County and place/city releases are independently modeled, not row-matched. Exhaustive pairwise scan across ~38 health variables -- multiple-testing caution applies, same as SSDSE full scan.","yes","yes"
"","US","TEETHLOST_CrudePrev vs FOODINSECU_CrudePrev","county(n=2299)","corr=0.752","place/city(n=22109)","corr=0.784","similar","CDC PLACES 2025 release (model-based small-area estimates from BRFSS). CrudePrev = crude prevalence percent. County and place/city releases are independently modeled, not row-matched. Exhaustive pairwise scan across ~38 health variables -- multiple-testing caution applies, same as SSDSE full scan.","yes","yes"
"","US","TEETHLOST_CrudePrev vs HOUSINSECU_CrudePrev","county(n=2299)","corr=0.706","place/city(n=22109)","corr=0.726","similar","CDC PLACES 2025 release (model-based small-area estimates from BRFSS). CrudePrev = crude prevalence percent. County and place/city releases are independently modeled, not row-matched. Exhaustive pairwise scan across ~38 health variables -- multiple-testing caution applies, same as SSDSE full scan.","yes","yes"
"","US","TEETHLOST_CrudePrev vs SHUTUTILITY_CrudePrev","county(n=2299)","corr=0.779","place/city(n=22109)","corr=0.811","similar","CDC PLACES 2025 release (model-based small-area estimates from BRFSS). CrudePrev = crude prevalence percent. County and place/city releases are independently modeled, not row-matched. Exhaustive pairwise scan across ~38 health variables -- multiple-testing caution applies, same as SSDSE full scan.","yes","yes"
"","US","TEETHLOST_CrudePrev vs LACKTRPT_CrudePrev","county(n=2299)","corr=0.75","place/city(n=22109)","corr=0.789","similar","CDC PLACES 2025 release (model-based small-area estimates from BRFSS). CrudePrev = crude prevalence percent. County and place/city releases are independently modeled, not row-matched. Exhaustive pairwise scan across ~38 health variables -- multiple-testing caution applies, same as SSDSE full scan.","yes","yes"
"","US","TEETHLOST_CrudePrev vs EMOTIONSPT_CrudePrev","county(n=2299)","corr=0.554","place/city(n=22109)","corr=0.596","similar","CDC PLACES 2025 release (model-based small-area estimates from BRFSS). CrudePrev = crude prevalence percent. County and place/city releases are independently modeled, not row-matched. Exhaustive pairwise scan across ~38 health variables -- multiple-testing caution applies, same as SSDSE full scan.","yes","yes"
"","US","HEARING_CrudePrev vs VISION_CrudePrev","county(n=2956)","corr=0.447","place/city(n=27529)","corr=0.49","similar","CDC PLACES 2025 release (model-based small-area estimates from BRFSS). CrudePrev = crude prevalence percent. County and place/city releases are independently modeled, not row-matched. Exhaustive pairwise scan across ~38 health variables -- multiple-testing caution applies, same as SSDSE full scan.","yes","yes"
"","US","HEARING_CrudePrev vs COGNITION_CrudePrev","county(n=2956)","corr=0.396","place/city(n=27529)","corr=0.394","similar","CDC PLACES 2025 release (model-based small-area estimates from BRFSS). CrudePrev = crude prevalence percent. County and place/city releases are independently modeled, not row-matched. Exhaustive pairwise scan across ~38 health variables -- multiple-testing caution applies, same as SSDSE full scan.","yes","yes"
"","US","HEARING_CrudePrev vs MOBILITY_CrudePrev","county(n=2956)","corr=0.703","place/city(n=27529)","corr=0.761","similar","CDC PLACES 2025 release (model-based small-area estimates from BRFSS). CrudePrev = crude prevalence percent. County and place/city releases are independently modeled, not row-matched. Exhaustive pairwise scan across ~38 health variables -- multiple-testing caution applies, same as SSDSE full scan.","yes","yes"
"","US","HEARING_CrudePrev vs SELFCARE_CrudePrev","county(n=2956)","corr=0.523","place/city(n=27529)","corr=0.566","similar","CDC PLACES 2025 release (model-based small-area estimates from BRFSS). CrudePrev = crude prevalence percent. County and place/city releases are independently modeled, not row-matched. Exhaustive pairwise scan across ~38 health variables -- multiple-testing caution applies, same as SSDSE full scan.","yes","yes"
"","US","HEARING_CrudePrev vs INDEPLIVE_CrudePrev","county(n=2956)","corr=0.537","place/city(n=27529)","corr=0.563","similar","CDC PLACES 2025 release (model-based small-area estimates from BRFSS). CrudePrev = crude prevalence percent. County and place/city releases are independently modeled, not row-matched. Exhaustive pairwise scan across ~38 health variables -- multiple-testing caution applies, same as SSDSE full scan.","yes","yes"
"","US","HEARING_CrudePrev vs DISABILITY_CrudePrev","county(n=2956)","corr=0.691","place/city(n=27529)","corr=0.732","similar","CDC PLACES 2025 release (model-based small-area estimates from BRFSS). CrudePrev = crude prevalence percent. County and place/city releases are independently modeled, not row-matched. Exhaustive pairwise scan across ~38 health variables -- multiple-testing caution applies, same as SSDSE full scan.","yes","yes"
"","US","HEARING_CrudePrev vs LONELINESS_CrudePrev","county(n=2299)","corr=-0.245","place/city(n=22116)","corr=-0.141","magnitude_change","CDC PLACES 2025 release (model-based small-area estimates from BRFSS). CrudePrev = crude prevalence percent. County and place/city releases are independently modeled, not row-matched. Exhaustive pairwise scan across ~38 health variables -- multiple-testing caution applies, same as SSDSE full scan.","yes","yes"
"","US","HEARING_CrudePrev vs FOODSTAMP_CrudePrev","county(n=2299)","corr=0.21","place/city(n=22116)","corr=0.288","magnitude_change","CDC PLACES 2025 release (model-based small-area estimates from BRFSS). CrudePrev = crude prevalence percent. County and place/city releases are independently modeled, not row-matched. Exhaustive pairwise scan across ~38 health variables -- multiple-testing caution applies, same as SSDSE full scan.","yes","yes"
"","US","HEARING_CrudePrev vs FOODINSECU_CrudePrev","county(n=2299)","corr=0.192","place/city(n=22116)","corr=0.269","magnitude_change","CDC PLACES 2025 release (model-based small-area estimates from BRFSS). CrudePrev = crude prevalence percent. County and place/city releases are independently modeled, not row-matched. Exhaustive pairwise scan across ~38 health variables -- multiple-testing caution applies, same as SSDSE full scan.","yes","yes"
"","US","HEARING_CrudePrev vs HOUSINSECU_CrudePrev","county(n=2299)","corr=0.061","place/city(n=22116)","corr=0.138","magnitude_change","CDC PLACES 2025 release (model-based small-area estimates from BRFSS). CrudePrev = crude prevalence percent. County and place/city releases are independently modeled, not row-matched. Exhaustive pairwise scan across ~38 health variables -- multiple-testing caution applies, same as SSDSE full scan.","yes","yes"
"","US","HEARING_CrudePrev vs SHUTUTILITY_CrudePrev","county(n=2299)","corr=0.2","place/city(n=22116)","corr=0.273","magnitude_change","CDC PLACES 2025 release (model-based small-area estimates from BRFSS). CrudePrev = crude prevalence percent. County and place/city releases are independently modeled, not row-matched. Exhaustive pairwise scan across ~38 health variables -- multiple-testing caution applies, same as SSDSE full scan.","yes","yes"
"","US","HEARING_CrudePrev vs LACKTRPT_CrudePrev","county(n=2299)","corr=0.19","place/city(n=22116)","corr=0.272","magnitude_change","CDC PLACES 2025 release (model-based small-area estimates from BRFSS). CrudePrev = crude prevalence percent. County and place/city releases are independently modeled, not row-matched. Exhaustive pairwise scan across ~38 health variables -- multiple-testing caution applies, same as SSDSE full scan.","yes","yes"
"","US","HEARING_CrudePrev vs EMOTIONSPT_CrudePrev","county(n=2299)","corr=-0.028","place/city(n=22116)","corr=0.059","magnitude_change","CDC PLACES 2025 release (model-based small-area estimates from BRFSS). CrudePrev = crude prevalence percent. County and place/city releases are independently modeled, not row-matched. Exhaustive pairwise scan across ~38 health variables -- multiple-testing caution applies, same as SSDSE full scan.","no","yes"
"","US","VISION_CrudePrev vs COGNITION_CrudePrev","county(n=2956)","corr=0.795","place/city(n=27529)","corr=0.814","similar","CDC PLACES 2025 release (model-based small-area estimates from BRFSS). CrudePrev = crude prevalence percent. County and place/city releases are independently modeled, not row-matched. Exhaustive pairwise scan across ~38 health variables -- multiple-testing caution applies, same as SSDSE full scan.","yes","yes"
"","US","VISION_CrudePrev vs MOBILITY_CrudePrev","county(n=2956)","corr=0.86","place/city(n=27529)","corr=0.847","similar","CDC PLACES 2025 release (model-based small-area estimates from BRFSS). CrudePrev = crude prevalence percent. County and place/city releases are independently modeled, not row-matched. Exhaustive pairwise scan across ~38 health variables -- multiple-testing caution applies, same as SSDSE full scan.","yes","yes"
"","US","VISION_CrudePrev vs SELFCARE_CrudePrev","county(n=2956)","corr=0.962","place/city(n=27529)","corr=0.958","similar","CDC PLACES 2025 release (model-based small-area estimates from BRFSS). CrudePrev = crude prevalence percent. County and place/city releases are independently modeled, not row-matched. Exhaustive pairwise scan across ~38 health variables -- multiple-testing caution applies, same as SSDSE full scan.","yes","yes"
"","US","VISION_CrudePrev vs INDEPLIVE_CrudePrev","county(n=2956)","corr=0.909","place/city(n=27529)","corr=0.915","similar","CDC PLACES 2025 release (model-based small-area estimates from BRFSS). CrudePrev = crude prevalence percent. County and place/city releases are independently modeled, not row-matched. Exhaustive pairwise scan across ~38 health variables -- multiple-testing caution applies, same as SSDSE full scan.","yes","yes"
"","US","VISION_CrudePrev vs DISABILITY_CrudePrev","county(n=2956)","corr=0.833","place/city(n=27529)","corr=0.845","similar","CDC PLACES 2025 release (model-based small-area estimates from BRFSS). CrudePrev = crude prevalence percent. County and place/city releases are independently modeled, not row-matched. Exhaustive pairwise scan across ~38 health variables -- multiple-testing caution applies, same as SSDSE full scan.","yes","yes"
"","US","VISION_CrudePrev vs LONELINESS_CrudePrev","county(n=2299)","corr=0.584","place/city(n=22116)","corr=0.56","similar","CDC PLACES 2025 release (model-based small-area estimates from BRFSS). CrudePrev = crude prevalence percent. County and place/city releases are independently modeled, not row-matched. Exhaustive pairwise scan across ~38 health variables -- multiple-testing caution applies, same as SSDSE full scan.","yes","yes"
"","US","VISION_CrudePrev vs FOODSTAMP_CrudePrev","county(n=2299)","corr=0.881","place/city(n=22116)","corr=0.916","similar","CDC PLACES 2025 release (model-based small-area estimates from BRFSS). CrudePrev = crude prevalence percent. County and place/city releases are independently modeled, not row-matched. Exhaustive pairwise scan across ~38 health variables -- multiple-testing caution applies, same as SSDSE full scan.","yes","yes"
"","US","VISION_CrudePrev vs FOODINSECU_CrudePrev","county(n=2299)","corr=0.945","place/city(n=22116)","corr=0.945","similar","CDC PLACES 2025 release (model-based small-area estimates from BRFSS). CrudePrev = crude prevalence percent. County and place/city releases are independently modeled, not row-matched. Exhaustive pairwise scan across ~38 health variables -- multiple-testing caution applies, same as SSDSE full scan.","yes","yes"
"","US","VISION_CrudePrev vs HOUSINSECU_CrudePrev","county(n=2299)","corr=0.893","place/city(n=22116)","corr=0.891","similar","CDC PLACES 2025 release (model-based small-area estimates from BRFSS). CrudePrev = crude prevalence percent. County and place/city releases are independently modeled, not row-matched. Exhaustive pairwise scan across ~38 health variables -- multiple-testing caution applies, same as SSDSE full scan.","yes","yes"
"","US","VISION_CrudePrev vs SHUTUTILITY_CrudePrev","county(n=2299)","corr=0.913","place/city(n=22116)","corr=0.912","similar","CDC PLACES 2025 release (model-based small-area estimates from BRFSS). CrudePrev = crude prevalence percent. County and place/city releases are independently modeled, not row-matched. Exhaustive pairwise scan across ~38 health variables -- multiple-testing caution applies, same as SSDSE full scan.","yes","yes"
"","US","VISION_CrudePrev vs LACKTRPT_CrudePrev","county(n=2299)","corr=0.927","place/city(n=22116)","corr=0.926","similar","CDC PLACES 2025 release (model-based small-area estimates from BRFSS). CrudePrev = crude prevalence percent. County and place/city releases are independently modeled, not row-matched. Exhaustive pairwise scan across ~38 health variables -- multiple-testing caution applies, same as SSDSE full scan.","yes","yes"
"","US","VISION_CrudePrev vs EMOTIONSPT_CrudePrev","county(n=2299)","corr=0.724","place/city(n=22116)","corr=0.734","similar","CDC PLACES 2025 release (model-based small-area estimates from BRFSS). CrudePrev = crude prevalence percent. County and place/city releases are independently modeled, not row-matched. Exhaustive pairwise scan across ~38 health variables -- multiple-testing caution applies, same as SSDSE full scan.","yes","yes"
"","US","COGNITION_CrudePrev vs MOBILITY_CrudePrev","county(n=2956)","corr=0.763","place/city(n=27529)","corr=0.71","similar","CDC PLACES 2025 release (model-based small-area estimates from BRFSS). CrudePrev = crude prevalence percent. County and place/city releases are independently modeled, not row-matched. Exhaustive pairwise scan across ~38 health variables -- multiple-testing caution applies, same as SSDSE full scan.","yes","yes"
"","US","COGNITION_CrudePrev vs SELFCARE_CrudePrev","county(n=2956)","corr=0.785","place/city(n=27529)","corr=0.787","similar","CDC PLACES 2025 release (model-based small-area estimates from BRFSS). CrudePrev = crude prevalence percent. County and place/city releases are independently modeled, not row-matched. Exhaustive pairwise scan across ~38 health variables -- multiple-testing caution applies, same as SSDSE full scan.","yes","yes"
"","US","COGNITION_CrudePrev vs INDEPLIVE_CrudePrev","county(n=2956)","corr=0.904","place/city(n=27529)","corr=0.917","similar","CDC PLACES 2025 release (model-based small-area estimates from BRFSS). CrudePrev = crude prevalence percent. County and place/city releases are independently modeled, not row-matched. Exhaustive pairwise scan across ~38 health variables -- multiple-testing caution applies, same as SSDSE full scan.","yes","yes"
"","US","COGNITION_CrudePrev vs DISABILITY_CrudePrev","county(n=2956)","corr=0.89","place/city(n=27529)","corr=0.866","similar","CDC PLACES 2025 release (model-based small-area estimates from BRFSS). CrudePrev = crude prevalence percent. County and place/city releases are independently modeled, not row-matched. Exhaustive pairwise scan across ~38 health variables -- multiple-testing caution applies, same as SSDSE full scan.","yes","yes"
"","US","COGNITION_CrudePrev vs LONELINESS_CrudePrev","county(n=2299)","corr=0.59","place/city(n=22116)","corr=0.668","similar","CDC PLACES 2025 release (model-based small-area estimates from BRFSS). CrudePrev = crude prevalence percent. County and place/city releases are independently modeled, not row-matched. Exhaustive pairwise scan across ~38 health variables -- multiple-testing caution applies, same as SSDSE full scan.","yes","yes"
"","US","COGNITION_CrudePrev vs FOODSTAMP_CrudePrev","county(n=2299)","corr=0.735","place/city(n=22116)","corr=0.811","similar","CDC PLACES 2025 release (model-based small-area estimates from BRFSS). CrudePrev = crude prevalence percent. County and place/city releases are independently modeled, not row-matched. Exhaustive pairwise scan across ~38 health variables -- multiple-testing caution applies, same as SSDSE full scan.","yes","yes"
"","US","COGNITION_CrudePrev vs FOODINSECU_CrudePrev","county(n=2299)","corr=0.785","place/city(n=22116)","corr=0.837","similar","CDC PLACES 2025 release (model-based small-area estimates from BRFSS). CrudePrev = crude prevalence percent. County and place/city releases are independently modeled, not row-matched. Exhaustive pairwise scan across ~38 health variables -- multiple-testing caution applies, same as SSDSE full scan.","yes","yes"
"","US","COGNITION_CrudePrev vs HOUSINSECU_CrudePrev","county(n=2299)","corr=0.746","place/city(n=22116)","corr=0.795","similar","CDC PLACES 2025 release (model-based small-area estimates from BRFSS). CrudePrev = crude prevalence percent. County and place/city releases are independently modeled, not row-matched. Exhaustive pairwise scan across ~38 health variables -- multiple-testing caution applies, same as SSDSE full scan.","yes","yes"
"","US","COGNITION_CrudePrev vs SHUTUTILITY_CrudePrev","county(n=2299)","corr=0.823","place/city(n=22116)","corr=0.839","similar","CDC PLACES 2025 release (model-based small-area estimates from BRFSS). CrudePrev = crude prevalence percent. County and place/city releases are independently modeled, not row-matched. Exhaustive pairwise scan across ~38 health variables -- multiple-testing caution applies, same as SSDSE full scan.","yes","yes"
"","US","COGNITION_CrudePrev vs LACKTRPT_CrudePrev","county(n=2299)","corr=0.805","place/city(n=22116)","corr=0.853","similar","CDC PLACES 2025 release (model-based small-area estimates from BRFSS). CrudePrev = crude prevalence percent. County and place/city releases are independently modeled, not row-matched. Exhaustive pairwise scan across ~38 health variables -- multiple-testing caution applies, same as SSDSE full scan.","yes","yes"
"","US","COGNITION_CrudePrev vs EMOTIONSPT_CrudePrev","county(n=2299)","corr=0.575","place/city(n=22116)","corr=0.653","similar","CDC PLACES 2025 release (model-based small-area estimates from BRFSS). CrudePrev = crude prevalence percent. County and place/city releases are independently modeled, not row-matched. Exhaustive pairwise scan across ~38 health variables -- multiple-testing caution applies, same as SSDSE full scan.","yes","yes"
"","US","MOBILITY_CrudePrev vs SELFCARE_CrudePrev","county(n=2956)","corr=0.936","place/city(n=27529)","corr=0.93","similar","CDC PLACES 2025 release (model-based small-area estimates from BRFSS). CrudePrev = crude prevalence percent. County and place/city releases are independently modeled, not row-matched. Exhaustive pairwise scan across ~38 health variables -- multiple-testing caution applies, same as SSDSE full scan.","yes","yes"
"","US","MOBILITY_CrudePrev vs INDEPLIVE_CrudePrev","county(n=2956)","corr=0.922","place/city(n=27529)","corr=0.887","similar","CDC PLACES 2025 release (model-based small-area estimates from BRFSS). CrudePrev = crude prevalence percent. County and place/city releases are independently modeled, not row-matched. Exhaustive pairwise scan across ~38 health variables -- multiple-testing caution applies, same as SSDSE full scan.","yes","yes"
"","US","MOBILITY_CrudePrev vs DISABILITY_CrudePrev","county(n=2956)","corr=0.944","place/city(n=27529)","corr=0.939","similar","CDC PLACES 2025 release (model-based small-area estimates from BRFSS). CrudePrev = crude prevalence percent. County and place/city releases are independently modeled, not row-matched. Exhaustive pairwise scan across ~38 health variables -- multiple-testing caution applies, same as SSDSE full scan.","yes","yes"
"","US","MOBILITY_CrudePrev vs LONELINESS_CrudePrev","county(n=2299)","corr=0.37","place/city(n=22116)","corr=0.323","similar","CDC PLACES 2025 release (model-based small-area estimates from BRFSS). CrudePrev = crude prevalence percent. County and place/city releases are independently modeled, not row-matched. Exhaustive pairwise scan across ~38 health variables -- multiple-testing caution applies, same as SSDSE full scan.","yes","yes"
"","US","MOBILITY_CrudePrev vs FOODSTAMP_CrudePrev","county(n=2299)","corr=0.739","place/city(n=22116)","corr=0.726","similar","CDC PLACES 2025 release (model-based small-area estimates from BRFSS). CrudePrev = crude prevalence percent. County and place/city releases are independently modeled, not row-matched. Exhaustive pairwise scan across ~38 health variables -- multiple-testing caution applies, same as SSDSE full scan.","yes","yes"
"","US","MOBILITY_CrudePrev vs FOODINSECU_CrudePrev","county(n=2299)","corr=0.745","place/city(n=22116)","corr=0.711","similar","CDC PLACES 2025 release (model-based small-area estimates from BRFSS). CrudePrev = crude prevalence percent. County and place/city releases are independently modeled, not row-matched. Exhaustive pairwise scan across ~38 health variables -- multiple-testing caution applies, same as SSDSE full scan.","yes","yes"
"","US","MOBILITY_CrudePrev vs HOUSINSECU_CrudePrev","county(n=2299)","corr=0.658","place/city(n=22116)","corr=0.623","similar","CDC PLACES 2025 release (model-based small-area estimates from BRFSS). CrudePrev = crude prevalence percent. County and place/city releases are independently modeled, not row-matched. Exhaustive pairwise scan across ~38 health variables -- multiple-testing caution applies, same as SSDSE full scan.","yes","yes"
"","US","MOBILITY_CrudePrev vs SHUTUTILITY_CrudePrev","county(n=2299)","corr=0.744","place/city(n=22116)","corr=0.708","similar","CDC PLACES 2025 release (model-based small-area estimates from BRFSS). CrudePrev = crude prevalence percent. County and place/city releases are independently modeled, not row-matched. Exhaustive pairwise scan across ~38 health variables -- multiple-testing caution applies, same as SSDSE full scan.","yes","yes"
"","US","MOBILITY_CrudePrev vs LACKTRPT_CrudePrev","county(n=2299)","corr=0.709","place/city(n=22116)","corr=0.667","similar","CDC PLACES 2025 release (model-based small-area estimates from BRFSS). CrudePrev = crude prevalence percent. County and place/city releases are independently modeled, not row-matched. Exhaustive pairwise scan across ~38 health variables -- multiple-testing caution applies, same as SSDSE full scan.","yes","yes"
"","US","MOBILITY_CrudePrev vs EMOTIONSPT_CrudePrev","county(n=2299)","corr=0.504","place/city(n=22116)","corr=0.494","similar","CDC PLACES 2025 release (model-based small-area estimates from BRFSS). CrudePrev = crude prevalence percent. County and place/city releases are independently modeled, not row-matched. Exhaustive pairwise scan across ~38 health variables -- multiple-testing caution applies, same as SSDSE full scan.","yes","yes"
"","US","SELFCARE_CrudePrev vs INDEPLIVE_CrudePrev","county(n=2956)","corr=0.949","place/city(n=27529)","corr=0.937","similar","CDC PLACES 2025 release (model-based small-area estimates from BRFSS). CrudePrev = crude prevalence percent. County and place/city releases are independently modeled, not row-matched. Exhaustive pairwise scan across ~38 health variables -- multiple-testing caution applies, same as SSDSE full scan.","yes","yes"
"","US","SELFCARE_CrudePrev vs DISABILITY_CrudePrev","county(n=2956)","corr=0.874","place/city(n=27529)","corr=0.883","similar","CDC PLACES 2025 release (model-based small-area estimates from BRFSS). CrudePrev = crude prevalence percent. County and place/city releases are independently modeled, not row-matched. Exhaustive pairwise scan across ~38 health variables -- multiple-testing caution applies, same as SSDSE full scan.","yes","yes"
"","US","SELFCARE_CrudePrev vs LONELINESS_CrudePrev","county(n=2299)","corr=0.538","place/city(n=22116)","corr=0.484","similar","CDC PLACES 2025 release (model-based small-area estimates from BRFSS). CrudePrev = crude prevalence percent. County and place/city releases are independently modeled, not row-matched. Exhaustive pairwise scan across ~38 health variables -- multiple-testing caution applies, same as SSDSE full scan.","yes","yes"
"","US","SELFCARE_CrudePrev vs FOODSTAMP_CrudePrev","county(n=2299)","corr=0.864","place/city(n=22116)","corr=0.88","similar","CDC PLACES 2025 release (model-based small-area estimates from BRFSS). CrudePrev = crude prevalence percent. County and place/city releases are independently modeled, not row-matched. Exhaustive pairwise scan across ~38 health variables -- multiple-testing caution applies, same as SSDSE full scan.","yes","yes"
"","US","SELFCARE_CrudePrev vs FOODINSECU_CrudePrev","county(n=2299)","corr=0.896","place/city(n=22116)","corr=0.877","similar","CDC PLACES 2025 release (model-based small-area estimates from BRFSS). CrudePrev = crude prevalence percent. County and place/city releases are independently modeled, not row-matched. Exhaustive pairwise scan across ~38 health variables -- multiple-testing caution applies, same as SSDSE full scan.","yes","yes"
"","US","SELFCARE_CrudePrev vs HOUSINSECU_CrudePrev","county(n=2299)","corr=0.832","place/city(n=22116)","corr=0.814","similar","CDC PLACES 2025 release (model-based small-area estimates from BRFSS). CrudePrev = crude prevalence percent. County and place/city releases are independently modeled, not row-matched. Exhaustive pairwise scan across ~38 health variables -- multiple-testing caution applies, same as SSDSE full scan.","yes","yes"
"","US","SELFCARE_CrudePrev vs SHUTUTILITY_CrudePrev","county(n=2299)","corr=0.876","place/city(n=22116)","corr=0.866","similar","CDC PLACES 2025 release (model-based small-area estimates from BRFSS). CrudePrev = crude prevalence percent. County and place/city releases are independently modeled, not row-matched. Exhaustive pairwise scan across ~38 health variables -- multiple-testing caution applies, same as SSDSE full scan.","yes","yes"
"","US","SELFCARE_CrudePrev vs LACKTRPT_CrudePrev","county(n=2299)","corr=0.867","place/city(n=22116)","corr=0.84","similar","CDC PLACES 2025 release (model-based small-area estimates from BRFSS). CrudePrev = crude prevalence percent. County and place/city releases are independently modeled, not row-matched. Exhaustive pairwise scan across ~38 health variables -- multiple-testing caution applies, same as SSDSE full scan.","yes","yes"
"","US","SELFCARE_CrudePrev vs EMOTIONSPT_CrudePrev","county(n=2299)","corr=0.665","place/city(n=22116)","corr=0.655","similar","CDC PLACES 2025 release (model-based small-area estimates from BRFSS). CrudePrev = crude prevalence percent. County and place/city releases are independently modeled, not row-matched. Exhaustive pairwise scan across ~38 health variables -- multiple-testing caution applies, same as SSDSE full scan.","yes","yes"
"","US","INDEPLIVE_CrudePrev vs DISABILITY_CrudePrev","county(n=2956)","corr=0.931","place/city(n=27529)","corr=0.931","similar","CDC PLACES 2025 release (model-based small-area estimates from BRFSS). CrudePrev = crude prevalence percent. County and place/city releases are independently modeled, not row-matched. Exhaustive pairwise scan across ~38 health variables -- multiple-testing caution applies, same as SSDSE full scan.","yes","yes"
"","US","INDEPLIVE_CrudePrev vs LONELINESS_CrudePrev","county(n=2299)","corr=0.573","place/city(n=22116)","corr=0.582","similar","CDC PLACES 2025 release (model-based small-area estimates from BRFSS). CrudePrev = crude prevalence percent. County and place/city releases are independently modeled, not row-matched. Exhaustive pairwise scan across ~38 health variables -- multiple-testing caution applies, same as SSDSE full scan.","yes","yes"
"","US","INDEPLIVE_CrudePrev vs FOODSTAMP_CrudePrev","county(n=2299)","corr=0.868","place/city(n=22116)","corr=0.892","similar","CDC PLACES 2025 release (model-based small-area estimates from BRFSS). CrudePrev = crude prevalence percent. County and place/city releases are independently modeled, not row-matched. Exhaustive pairwise scan across ~38 health variables -- multiple-testing caution applies, same as SSDSE full scan.","yes","yes"
"","US","INDEPLIVE_CrudePrev vs FOODINSECU_CrudePrev","county(n=2299)","corr=0.87","place/city(n=22116)","corr=0.882","similar","CDC PLACES 2025 release (model-based small-area estimates from BRFSS). CrudePrev = crude prevalence percent. County and place/city releases are independently modeled, not row-matched. Exhaustive pairwise scan across ~38 health variables -- multiple-testing caution applies, same as SSDSE full scan.","yes","yes"
"","US","INDEPLIVE_CrudePrev vs HOUSINSECU_CrudePrev","county(n=2299)","corr=0.805","place/city(n=22116)","corr=0.814","similar","CDC PLACES 2025 release (model-based small-area estimates from BRFSS). CrudePrev = crude prevalence percent. County and place/city releases are independently modeled, not row-matched. Exhaustive pairwise scan across ~38 health variables -- multiple-testing caution applies, same as SSDSE full scan.","yes","yes"
"","US","INDEPLIVE_CrudePrev vs SHUTUTILITY_CrudePrev","county(n=2299)","corr=0.877","place/city(n=22116)","corr=0.883","similar","CDC PLACES 2025 release (model-based small-area estimates from BRFSS). CrudePrev = crude prevalence percent. County and place/city releases are independently modeled, not row-matched. Exhaustive pairwise scan across ~38 health variables -- multiple-testing caution applies, same as SSDSE full scan.","yes","yes"
"","US","INDEPLIVE_CrudePrev vs LACKTRPT_CrudePrev","county(n=2299)","corr=0.866","place/city(n=22116)","corr=0.88","similar","CDC PLACES 2025 release (model-based small-area estimates from BRFSS). CrudePrev = crude prevalence percent. County and place/city releases are independently modeled, not row-matched. Exhaustive pairwise scan across ~38 health variables -- multiple-testing caution applies, same as SSDSE full scan.","yes","yes"
"","US","INDEPLIVE_CrudePrev vs EMOTIONSPT_CrudePrev","county(n=2299)","corr=0.616","place/city(n=22116)","corr=0.652","similar","CDC PLACES 2025 release (model-based small-area estimates from BRFSS). CrudePrev = crude prevalence percent. County and place/city releases are independently modeled, not row-matched. Exhaustive pairwise scan across ~38 health variables -- multiple-testing caution applies, same as SSDSE full scan.","yes","yes"
"","US","DISABILITY_CrudePrev vs LONELINESS_CrudePrev","county(n=2299)","corr=0.391","place/city(n=22116)","corr=0.43","similar","CDC PLACES 2025 release (model-based small-area estimates from BRFSS). CrudePrev = crude prevalence percent. County and place/city releases are independently modeled, not row-matched. Exhaustive pairwise scan across ~38 health variables -- multiple-testing caution applies, same as SSDSE full scan.","yes","yes"
"","US","DISABILITY_CrudePrev vs FOODSTAMP_CrudePrev","county(n=2299)","corr=0.704","place/city(n=22116)","corr=0.742","similar","CDC PLACES 2025 release (model-based small-area estimates from BRFSS). CrudePrev = crude prevalence percent. County and place/city releases are independently modeled, not row-matched. Exhaustive pairwise scan across ~38 health variables -- multiple-testing caution applies, same as SSDSE full scan.","yes","yes"
"","US","DISABILITY_CrudePrev vs FOODINSECU_CrudePrev","county(n=2299)","corr=0.73","place/city(n=22116)","corr=0.749","similar","CDC PLACES 2025 release (model-based small-area estimates from BRFSS). CrudePrev = crude prevalence percent. County and place/city releases are independently modeled, not row-matched. Exhaustive pairwise scan across ~38 health variables -- multiple-testing caution applies, same as SSDSE full scan.","yes","yes"
"","US","DISABILITY_CrudePrev vs HOUSINSECU_CrudePrev","county(n=2299)","corr=0.65","place/city(n=22116)","corr=0.667","similar","CDC PLACES 2025 release (model-based small-area estimates from BRFSS). CrudePrev = crude prevalence percent. County and place/city releases are independently modeled, not row-matched. Exhaustive pairwise scan across ~38 health variables -- multiple-testing caution applies, same as SSDSE full scan.","yes","yes"
"","US","DISABILITY_CrudePrev vs SHUTUTILITY_CrudePrev","county(n=2299)","corr=0.748","place/city(n=22116)","corr=0.747","similar","CDC PLACES 2025 release (model-based small-area estimates from BRFSS). CrudePrev = crude prevalence percent. County and place/city releases are independently modeled, not row-matched. Exhaustive pairwise scan across ~38 health variables -- multiple-testing caution applies, same as SSDSE full scan.","yes","yes"
"","US","DISABILITY_CrudePrev vs LACKTRPT_CrudePrev","county(n=2299)","corr=0.72","place/city(n=22116)","corr=0.734","similar","CDC PLACES 2025 release (model-based small-area estimates from BRFSS). CrudePrev = crude prevalence percent. County and place/city releases are independently modeled, not row-matched. Exhaustive pairwise scan across ~38 health variables -- multiple-testing caution applies, same as SSDSE full scan.","yes","yes"
"","US","DISABILITY_CrudePrev vs EMOTIONSPT_CrudePrev","county(n=2299)","corr=0.489","place/city(n=22116)","corr=0.534","similar","CDC PLACES 2025 release (model-based small-area estimates from BRFSS). CrudePrev = crude prevalence percent. County and place/city releases are independently modeled, not row-matched. Exhaustive pairwise scan across ~38 health variables -- multiple-testing caution applies, same as SSDSE full scan.","yes","yes"
"","US","LONELINESS_CrudePrev vs FOODSTAMP_CrudePrev","county(n=2299)","corr=0.694","place/city(n=22116)","corr=0.672","similar","CDC PLACES 2025 release (model-based small-area estimates from BRFSS). CrudePrev = crude prevalence percent. County and place/city releases are independently modeled, not row-matched. Exhaustive pairwise scan across ~38 health variables -- multiple-testing caution applies, same as SSDSE full scan.","yes","yes"
"","US","LONELINESS_CrudePrev vs FOODINSECU_CrudePrev","county(n=2299)","corr=0.736","place/city(n=22116)","corr=0.715","similar","CDC PLACES 2025 release (model-based small-area estimates from BRFSS). CrudePrev = crude prevalence percent. County and place/city releases are independently modeled, not row-matched. Exhaustive pairwise scan across ~38 health variables -- multiple-testing caution applies, same as SSDSE full scan.","yes","yes"
"","US","LONELINESS_CrudePrev vs HOUSINSECU_CrudePrev","county(n=2299)","corr=0.777","place/city(n=22116)","corr=0.747","similar","CDC PLACES 2025 release (model-based small-area estimates from BRFSS). CrudePrev = crude prevalence percent. County and place/city releases are independently modeled, not row-matched. Exhaustive pairwise scan across ~38 health variables -- multiple-testing caution applies, same as SSDSE full scan.","yes","yes"
"","US","LONELINESS_CrudePrev vs SHUTUTILITY_CrudePrev","county(n=2299)","corr=0.714","place/city(n=22116)","corr=0.677","similar","CDC PLACES 2025 release (model-based small-area estimates from BRFSS). CrudePrev = crude prevalence percent. County and place/city releases are independently modeled, not row-matched. Exhaustive pairwise scan across ~38 health variables -- multiple-testing caution applies, same as SSDSE full scan.","yes","yes"
"","US","LONELINESS_CrudePrev vs LACKTRPT_CrudePrev","county(n=2299)","corr=0.734","place/city(n=22116)","corr=0.713","similar","CDC PLACES 2025 release (model-based small-area estimates from BRFSS). CrudePrev = crude prevalence percent. County and place/city releases are independently modeled, not row-matched. Exhaustive pairwise scan across ~38 health variables -- multiple-testing caution applies, same as SSDSE full scan.","yes","yes"
"","US","LONELINESS_CrudePrev vs EMOTIONSPT_CrudePrev","county(n=2299)","corr=0.762","place/city(n=22116)","corr=0.775","similar","CDC PLACES 2025 release (model-based small-area estimates from BRFSS). CrudePrev = crude prevalence percent. County and place/city releases are independently modeled, not row-matched. Exhaustive pairwise scan across ~38 health variables -- multiple-testing caution applies, same as SSDSE full scan.","yes","yes"
"","US","FOODSTAMP_CrudePrev vs FOODINSECU_CrudePrev","county(n=2299)","corr=0.904","place/city(n=22116)","corr=0.946","similar","CDC PLACES 2025 release (model-based small-area estimates from BRFSS). CrudePrev = crude prevalence percent. County and place/city releases are independently modeled, not row-matched. Exhaustive pairwise scan across ~38 health variables -- multiple-testing caution applies, same as SSDSE full scan.","yes","yes"
"","US","FOODSTAMP_CrudePrev vs HOUSINSECU_CrudePrev","county(n=2299)","corr=0.884","place/city(n=22116)","corr=0.925","similar","CDC PLACES 2025 release (model-based small-area estimates from BRFSS). CrudePrev = crude prevalence percent. County and place/city releases are independently modeled, not row-matched. Exhaustive pairwise scan across ~38 health variables -- multiple-testing caution applies, same as SSDSE full scan.","yes","yes"
"","US","FOODSTAMP_CrudePrev vs SHUTUTILITY_CrudePrev","county(n=2299)","corr=0.892","place/city(n=22116)","corr=0.927","similar","CDC PLACES 2025 release (model-based small-area estimates from BRFSS). CrudePrev = crude prevalence percent. County and place/city releases are independently modeled, not row-matched. Exhaustive pairwise scan across ~38 health variables -- multiple-testing caution applies, same as SSDSE full scan.","yes","yes"
"","US","FOODSTAMP_CrudePrev vs LACKTRPT_CrudePrev","county(n=2299)","corr=0.895","place/city(n=22116)","corr=0.934","similar","CDC PLACES 2025 release (model-based small-area estimates from BRFSS). CrudePrev = crude prevalence percent. County and place/city releases are independently modeled, not row-matched. Exhaustive pairwise scan across ~38 health variables -- multiple-testing caution applies, same as SSDSE full scan.","yes","yes"
"","US","FOODSTAMP_CrudePrev vs EMOTIONSPT_CrudePrev","county(n=2299)","corr=0.729","place/city(n=22116)","corr=0.771","similar","CDC PLACES 2025 release (model-based small-area estimates from BRFSS). CrudePrev = crude prevalence percent. County and place/city releases are independently modeled, not row-matched. Exhaustive pairwise scan across ~38 health variables -- multiple-testing caution applies, same as SSDSE full scan.","yes","yes"
"","US","FOODINSECU_CrudePrev vs HOUSINSECU_CrudePrev","county(n=2299)","corr=0.98","place/city(n=22116)","corr=0.981","similar","CDC PLACES 2025 release (model-based small-area estimates from BRFSS). CrudePrev = crude prevalence percent. County and place/city releases are independently modeled, not row-matched. Exhaustive pairwise scan across ~38 health variables -- multiple-testing caution applies, same as SSDSE full scan.","yes","yes"
"","US","FOODINSECU_CrudePrev vs SHUTUTILITY_CrudePrev","county(n=2299)","corr=0.965","place/city(n=22116)","corr=0.963","similar","CDC PLACES 2025 release (model-based small-area estimates from BRFSS). CrudePrev = crude prevalence percent. County and place/city releases are independently modeled, not row-matched. Exhaustive pairwise scan across ~38 health variables -- multiple-testing caution applies, same as SSDSE full scan.","yes","yes"
"","US","FOODINSECU_CrudePrev vs LACKTRPT_CrudePrev","county(n=2299)","corr=0.981","place/city(n=22116)","corr=0.981","similar","CDC PLACES 2025 release (model-based small-area estimates from BRFSS). CrudePrev = crude prevalence percent. County and place/city releases are independently modeled, not row-matched. Exhaustive pairwise scan across ~38 health variables -- multiple-testing caution applies, same as SSDSE full scan.","yes","yes"
"","US","FOODINSECU_CrudePrev vs EMOTIONSPT_CrudePrev","county(n=2299)","corr=0.851","place/city(n=22116)","corr=0.849","similar","CDC PLACES 2025 release (model-based small-area estimates from BRFSS). CrudePrev = crude prevalence percent. County and place/city releases are independently modeled, not row-matched. Exhaustive pairwise scan across ~38 health variables -- multiple-testing caution applies, same as SSDSE full scan.","yes","yes"
"","US","HOUSINSECU_CrudePrev vs SHUTUTILITY_CrudePrev","county(n=2299)","corr=0.957","place/city(n=22116)","corr=0.952","similar","CDC PLACES 2025 release (model-based small-area estimates from BRFSS). CrudePrev = crude prevalence percent. County and place/city releases are independently modeled, not row-matched. Exhaustive pairwise scan across ~38 health variables -- multiple-testing caution applies, same as SSDSE full scan.","yes","yes"
"","US","HOUSINSECU_CrudePrev vs LACKTRPT_CrudePrev","county(n=2299)","corr=0.97","place/city(n=22116)","corr=0.964","similar","CDC PLACES 2025 release (model-based small-area estimates from BRFSS). CrudePrev = crude prevalence percent. County and place/city releases are independently modeled, not row-matched. Exhaustive pairwise scan across ~38 health variables -- multiple-testing caution applies, same as SSDSE full scan.","yes","yes"
"","US","HOUSINSECU_CrudePrev vs EMOTIONSPT_CrudePrev","county(n=2299)","corr=0.859","place/city(n=22116)","corr=0.86","similar","CDC PLACES 2025 release (model-based small-area estimates from BRFSS). CrudePrev = crude prevalence percent. County and place/city releases are independently modeled, not row-matched. Exhaustive pairwise scan across ~38 health variables -- multiple-testing caution applies, same as SSDSE full scan.","yes","yes"
"","US","SHUTUTILITY_CrudePrev vs LACKTRPT_CrudePrev","county(n=2299)","corr=0.963","place/city(n=22116)","corr=0.964","similar","CDC PLACES 2025 release (model-based small-area estimates from BRFSS). CrudePrev = crude prevalence percent. County and place/city releases are independently modeled, not row-matched. Exhaustive pairwise scan across ~38 health variables -- multiple-testing caution applies, same as SSDSE full scan.","yes","yes"
"","US","SHUTUTILITY_CrudePrev vs EMOTIONSPT_CrudePrev","county(n=2299)","corr=0.797","place/city(n=22116)","corr=0.787","similar","CDC PLACES 2025 release (model-based small-area estimates from BRFSS). CrudePrev = crude prevalence percent. County and place/city releases are independently modeled, not row-matched. Exhaustive pairwise scan across ~38 health variables -- multiple-testing caution applies, same as SSDSE full scan.","yes","yes"
"","US","LACKTRPT_CrudePrev vs EMOTIONSPT_CrudePrev","county(n=2299)","corr=0.825","place/city(n=22116)","corr=0.824","similar","CDC PLACES 2025 release (model-based small-area estimates from BRFSS). CrudePrev = crude prevalence percent. County and place/city releases are independently modeled, not row-matched. Exhaustive pairwise scan across ~38 health variables -- multiple-testing caution applies, same as SSDSE full scan.","yes","yes"
